time="2026-08-11T17:15:35+08:00" level=info msg="Loaded config at: config/config-registration-100-hpa.yml"
time="2026-08-11T17:15:35+08:00" level=info msg="PacketRusher version 1.0.1"
time="2026-08-11T17:15:35+08:00" level=info msg=---------------------------------------
time="2026-08-11T17:15:35+08:00" level=info msg="[TESTER] Starting test function: Testing registration of multiple UEs"
time="2026-08-11T17:15:35+08:00" level=info msg="[TESTER][UE] Number of UEs: 100"
time="2026-08-11T17:15:35+08:00" level=info msg="[TESTER][GNB] gNodeB control interface IP/Port: 172.18.0.1:9487~"
time="2026-08-11T17:15:35+08:00" level=info msg="[TESTER][GNB] gNodeB data interface IP/Port: 172.18.0.1:2152"
time="2026-08-11T17:15:35+08:00" level=info msg="[TESTER][AMF] AMF IP/Port: 172.18.0.2:31412"
time="2026-08-11T17:15:35+08:00" level=info msg=---------------------------------------
time="2026-08-11T17:15:35+08:00" level=info msg="[GNB] InitGnb called with N2 IP: 172.18.0.1:9487"
time="2026-08-11T17:15:35+08:00" level=info msg="[GNB] Attempting connection with N2 IP: 172.18.0.1:9487"
time="2026-08-11T17:15:35+08:00" level=info msg="[GNB][SCTP] Initializing connection: local=172.18.0.1:9487 remote=172.18.0.2:31412"
time="2026-08-11T17:15:35+08:00" level=info msg="[GNB][SCTP] Attempting SCTP dial..."
time="2026-08-11T17:15:35+08:00" level=info msg="[GNB][SCTP] SCTP connection established successfully"
time="2026-08-11T17:15:35+08:00" level=info msg="[GNB][SCTP] Starting GnbListen goroutine..."
time="2026-08-11T17:15:35+08:00" level=info msg="[GNB] SCTP/NGAP service is running"
time="2026-08-11T17:15:35+08:00" level=info msg="[GNB] Sending NG Setup Request..."
time="2026-08-11T17:15:35+08:00" level=info msg="[GNB] Initiating NG Setup Request"
time="2026-08-11T17:15:35+08:00" level=info msg="[GNB] NG Setup Request sent, waiting for response..."
time="2026-08-11T17:15:35+08:00" level=info msg="[GNB][SCTP] Receive message in 0 stream\n"
time="2026-08-11T17:15:35+08:00" level=info msg="[GNB][NGAP] Receive NG Setup Response"
time="2026-08-11T17:15:35+08:00" level=info msg="[GNB][AMF] AMF Name: AMF"
time="2026-08-11T17:15:35+08:00" level=info msg="[GNB][AMF] State of AMF: Active"
time="2026-08-11T17:15:35+08:00" level=info msg="[GNB][AMF] Capacity of AMF: 255"
time="2026-08-11T17:15:35+08:00" level=info msg="[GNB][AMF] PLMNs Identities Supported by AMF -- mcc: 208 mnc:93"
time="2026-08-11T17:15:35+08:00" level=info msg="[GNB][AMF] List of AMF slices Supported by AMF -- sst:01 sd:010203"
time="2026-08-11T17:15:35+08:00" level=info msg="[GNB][AMF] List of AMF slices Supported by AMF -- sst:01 sd:112233"
time="2026-08-11T17:15:35+08:00" level=info msg="[GNB] NG Setup successful with N2 IP: 172.18.0.1:9487"
time="2026-08-11T17:15:36+08:00" level=info msg="[TESTER] TESTING REGISTRATION USING IMSI 0000003001 UE"
time="2026-08-11T17:15:36+08:00" level=info msg="[GNB] Received incoming connection from new UE"
time="2026-08-11T17:15:36+08:00" level=info msg="[UE] Initiating Registration"
time="2026-08-11T17:15:36+08:00" level=info msg="[UE] Switched from state 0 to state 1"
time="2026-08-11T17:15:36+08:00" level=info msg="[TESTER] TESTING REGISTRATION USING IMSI 0000003002 UE"
time="2026-08-11T17:15:36+08:00" level=info msg="[GNB] Received incoming connection from new UE"
time="2026-08-11T17:15:36+08:00" level=info msg="[UE] Initiating Registration"
time="2026-08-11T17:15:36+08:00" level=info msg="[UE] Switched from state 0 to state 1"
time="2026-08-11T17:15:36+08:00" level=info msg="[GNB][SCTP] Receive message in 0 stream\n"
time="2026-08-11T17:15:36+08:00" level=info msg="[GNB][NGAP] Receive Downlink NAS Transport"
time="2026-08-11T17:15:36+08:00" level=info msg="[UE][NAS] Message without security header"
time="2026-08-11T17:15:36+08:00" level=info msg="[UE][NAS] Receive Authentication Request"
time="2026-08-11T17:15:36+08:00" level=info msg="[UE][NAS][MAC] Authenticity of the authentication request message: OK"
time="2026-08-11T17:15:36+08:00" level=info msg="[UE][NAS][SQN] SQN of the authentication request message: VALID"
time="2026-08-11T17:15:36+08:00" level=info msg="[UE][NAS] Send authentication response"
time="2026-08-11T17:15:36+08:00" level=info msg="[UE] Switched from state 1 to state 2"
time="2026-08-11T17:15:36+08:00" level=info msg="[TESTER] TESTING REGISTRATION USING IMSI 0000003003 UE"
time="2026-08-11T17:15:36+08:00" level=info msg="[GNB] Received incoming connection from new UE"
time="2026-08-11T17:15:36+08:00" level=info msg="[UE] Initiating Registration"
time="2026-08-11T17:15:36+08:00" level=info msg="[UE] Switched from state 0 to state 1"
time="2026-08-11T17:15:36+08:00" level=info msg="[GNB][SCTP] Receive message in 0 stream\n"
time="2026-08-11T17:15:36+08:00" level=info msg="[GNB][NGAP] Receive Downlink NAS Transport"
time="2026-08-11T17:15:36+08:00" level=info msg="[UE][NAS] Message without security header"
time="2026-08-11T17:15:36+08:00" level=info msg="[UE][NAS] Receive Authentication Request"
time="2026-08-11T17:15:36+08:00" level=info msg="[UE][NAS][MAC] Authenticity of the authentication request message: OK"
time="2026-08-11T17:15:36+08:00" level=info msg="[UE][NAS][SQN] SQN of the authentication request message: VALID"
time="2026-08-11T17:15:36+08:00" level=info msg="[UE][NAS] Send authentication response"
time="2026-08-11T17:15:36+08:00" level=info msg="[UE] Switched from state 1 to state 2"
time="2026-08-11T17:15:36+08:00" level=info msg="[TESTER] TESTING REGISTRATION USING IMSI 0000003004 UE"
time="2026-08-11T17:15:36+08:00" level=info msg="[GNB] Received incoming connection from new UE"
time="2026-08-11T17:15:36+08:00" level=info msg="[UE] Initiating Registration"
time="2026-08-11T17:15:36+08:00" level=info msg="[UE] Switched from state 0 to state 1"
time="2026-08-11T17:15:36+08:00" level=info msg="[TESTER] TESTING REGISTRATION USING IMSI 0000003005 UE"
time="2026-08-11T17:15:36+08:00" level=info msg="[GNB] Received incoming connection from new UE"
time="2026-08-11T17:15:36+08:00" level=info msg="[UE] Initiating Registration"
time="2026-08-11T17:15:36+08:00" level=info msg="[UE] Switched from state 0 to state 1"
time="2026-08-11T17:15:36+08:00" level=info msg="[TESTER] TESTING REGISTRATION USING IMSI 0000003006 UE"
time="2026-08-11T17:15:36+08:00" level=info msg="[GNB] Received incoming connection from new UE"
time="2026-08-11T17:15:36+08:00" level=info msg="[UE] Initiating Registration"
time="2026-08-11T17:15:36+08:00" level=info msg="[UE] Switched from state 0 to state 1"
time="2026-08-11T17:15:36+08:00" level=info msg="[GNB][SCTP] Receive message in 0 stream\n"
time="2026-08-11T17:15:36+08:00" level=info msg="[GNB][NGAP] Receive Downlink NAS Transport"
time="2026-08-11T17:15:36+08:00" level=info msg="[UE][NAS] Message with security header"
time="2026-08-11T17:15:36+08:00" level=info msg="[UE][NAS] Message with integrity and with NEW 5G NAS SECURITY CONTEXT"
time="2026-08-11T17:15:36+08:00" level=info msg="[UE][NAS] successful NAS MAC verification"
time="2026-08-11T17:15:36+08:00" level=info msg="[UE][NAS] Receive Security Mode Command"
time="2026-08-11T17:15:36+08:00" level=info msg="[UE][NAS] Type of ciphering algorithm is 5G-EA0"
time="2026-08-11T17:15:36+08:00" level=info msg="[UE][NAS] Type of integrity protection algorithm is 128-5G-IA2"
time="2026-08-11T17:15:37+08:00" level=info msg="[TESTER] TESTING REGISTRATION USING IMSI 0000003007 UE"
time="2026-08-11T17:15:37+08:00" level=info msg="[GNB] Received incoming connection from new UE"
time="2026-08-11T17:15:37+08:00" level=info msg="[UE] Initiating Registration"
time="2026-08-11T17:15:37+08:00" level=info msg="[UE] Switched from state 0 to state 1"
time="2026-08-11T17:15:37+08:00" level=info msg="[GNB][SCTP] Receive message in 0 stream\n"
time="2026-08-11T17:15:37+08:00" level=info msg="[GNB][NGAP] Receive Downlink NAS Transport"
time="2026-08-11T17:15:37+08:00" level=info msg="[UE][NAS] Message without security header"
time="2026-08-11T17:15:37+08:00" level=info msg="[UE][NAS] Receive Authentication Request"
time="2026-08-11T17:15:37+08:00" level=info msg="[UE][NAS][MAC] Authenticity of the authentication request message: OK"
time="2026-08-11T17:15:37+08:00" level=info msg="[UE][NAS][SQN] SQN of the authentication request message: VALID"
time="2026-08-11T17:15:37+08:00" level=info msg="[UE][NAS] Send authentication response"
time="2026-08-11T17:15:37+08:00" level=info msg="[UE] Switched from state 1 to state 2"
time="2026-08-11T17:15:37+08:00" level=info msg="[TESTER] TESTING REGISTRATION USING IMSI 0000003008 UE"
time="2026-08-11T17:15:37+08:00" level=info msg="[GNB] Received incoming connection from new UE"
time="2026-08-11T17:15:37+08:00" level=info msg="[UE] Initiating Registration"
time="2026-08-11T17:15:37+08:00" level=info msg="[UE] Switched from state 0 to state 1"
time="2026-08-11T17:15:37+08:00" level=info msg="[GNB][SCTP] Receive message in 0 stream\n"
time="2026-08-11T17:15:37+08:00" level=info msg="[GNB][NGAP] Receive Downlink NAS Transport"
time="2026-08-11T17:15:37+08:00" level=info msg="[UE][NAS] Message with security header"
time="2026-08-11T17:15:37+08:00" level=info msg="[UE][NAS] Message with integrity and with NEW 5G NAS SECURITY CONTEXT"
time="2026-08-11T17:15:37+08:00" level=info msg="[UE][NAS] successful NAS MAC verification"
time="2026-08-11T17:15:37+08:00" level=info msg="[UE][NAS] Receive Security Mode Command"
time="2026-08-11T17:15:37+08:00" level=info msg="[UE][NAS] Type of ciphering algorithm is 5G-EA0"
time="2026-08-11T17:15:37+08:00" level=info msg="[UE][NAS] Type of integrity protection algorithm is 128-5G-IA2"
time="2026-08-11T17:15:37+08:00" level=info msg="[GNB][SCTP] Receive message in 0 stream\n"
time="2026-08-11T17:15:37+08:00" level=info msg="[GNB][NGAP] Receive Downlink NAS Transport"
time="2026-08-11T17:15:37+08:00" level=info msg="[UE][NAS] Message without security header"
time="2026-08-11T17:15:37+08:00" level=info msg="[UE][NAS] Receive Authentication Request"
time="2026-08-11T17:15:37+08:00" level=info msg="[UE][NAS][MAC] Authenticity of the authentication request message: OK"
time="2026-08-11T17:15:37+08:00" level=info msg="[UE][NAS][SQN] SQN of the authentication request message: VALID"
time="2026-08-11T17:15:37+08:00" level=info msg="[UE][NAS] Send authentication response"
time="2026-08-11T17:15:37+08:00" level=info msg="[UE] Switched from state 1 to state 2"
time="2026-08-11T17:15:37+08:00" level=info msg="[TESTER] TESTING REGISTRATION USING IMSI 0000003009 UE"
time="2026-08-11T17:15:37+08:00" level=info msg="[GNB] Received incoming connection from new UE"
time="2026-08-11T17:15:37+08:00" level=info msg="[UE] Initiating Registration"
time="2026-08-11T17:15:37+08:00" level=info msg="[UE] Switched from state 0 to state 1"
time="2026-08-11T17:15:37+08:00" level=info msg="[GNB][SCTP] Receive message in 0 stream\n"
time="2026-08-11T17:15:37+08:00" level=info msg="[GNB][NGAP] Receive Downlink NAS Transport"
time="2026-08-11T17:15:37+08:00" level=info msg="[UE][NAS] Message without security header"
time="2026-08-11T17:15:37+08:00" level=info msg="[GNB][SCTP] Receive message in 0 stream\n"
time="2026-08-11T17:15:37+08:00" level=info msg="[UE][NAS] Receive Authentication Request"
time="2026-08-11T17:15:37+08:00" level=info msg="[UE][NAS][MAC] Authenticity of the authentication request message: OK"
time="2026-08-11T17:15:37+08:00" level=info msg="[UE][NAS][SQN] SQN of the authentication request message: VALID"
time="2026-08-11T17:15:37+08:00" level=info msg="[UE][NAS] Send authentication response"
time="2026-08-11T17:15:37+08:00" level=info msg="[GNB][NGAP] Receive Downlink NAS Transport"
time="2026-08-11T17:15:37+08:00" level=info msg="[UE][NAS] Message with security header"
time="2026-08-11T17:15:37+08:00" level=info msg="[UE][NAS] Message with integrity and with NEW 5G NAS SECURITY CONTEXT"
time="2026-08-11T17:15:37+08:00" level=info msg="[UE][NAS] successful NAS MAC verification"
time="2026-08-11T17:15:37+08:00" level=info msg="[UE][NAS] Receive Security Mode Command"
time="2026-08-11T17:15:37+08:00" level=info msg="[UE][NAS] Type of ciphering algorithm is 5G-EA0"
time="2026-08-11T17:15:37+08:00" level=info msg="[UE][NAS] Type of integrity protection algorithm is 128-5G-IA2"
time="2026-08-11T17:15:37+08:00" level=info msg="[UE] Switched from state 1 to state 2"
time="2026-08-11T17:15:37+08:00" level=info msg="[TESTER] TESTING REGISTRATION USING IMSI 0000003010 UE"
time="2026-08-11T17:15:37+08:00" level=info msg="[GNB] Received incoming connection from new UE"
time="2026-08-11T17:15:37+08:00" level=info msg="[UE] Initiating Registration"
time="2026-08-11T17:15:37+08:00" level=info msg="[UE] Switched from state 0 to state 1"
time="2026-08-11T17:15:37+08:00" level=info msg="[GNB][SCTP] Receive message in 0 stream\n"
time="2026-08-11T17:15:37+08:00" level=info msg="[GNB][NGAP] Receive Downlink NAS Transport"
time="2026-08-11T17:15:37+08:00" level=info msg="[UE][NAS] Message without security header"
time="2026-08-11T17:15:37+08:00" level=info msg="[UE][NAS] Receive Authentication Request"
time="2026-08-11T17:15:37+08:00" level=info msg="[UE][NAS][MAC] Authenticity of the authentication request message: OK"
time="2026-08-11T17:15:37+08:00" level=info msg="[UE][NAS][SQN] SQN of the authentication request message: VALID"
time="2026-08-11T17:15:37+08:00" level=info msg="[UE][NAS] Send authentication response"
time="2026-08-11T17:15:37+08:00" level=info msg="[UE] Switched from state 1 to state 2"
time="2026-08-11T17:15:37+08:00" level=info msg="[TESTER] TESTING REGISTRATION USING IMSI 0000003011 UE"
time="2026-08-11T17:15:37+08:00" level=info msg="[GNB] Received incoming connection from new UE"
time="2026-08-11T17:15:37+08:00" level=info msg="[UE] Initiating Registration"
time="2026-08-11T17:15:37+08:00" level=info msg="[UE] Switched from state 0 to state 1"
time="2026-08-11T17:15:37+08:00" level=info msg="[TESTER] TESTING REGISTRATION USING IMSI 0000003012 UE"
time="2026-08-11T17:15:37+08:00" level=info msg="[GNB] Received incoming connection from new UE"
time="2026-08-11T17:15:37+08:00" level=info msg="[UE] Initiating Registration"
time="2026-08-11T17:15:37+08:00" level=info msg="[UE] Switched from state 0 to state 1"
time="2026-08-11T17:15:37+08:00" level=info msg="[GNB][SCTP] Receive message in 0 stream\n"
time="2026-08-11T17:15:37+08:00" level=info msg="[GNB][NGAP] Receive Downlink NAS Transport"
time="2026-08-11T17:15:37+08:00" level=info msg="[UE][NAS] Message with security header"
time="2026-08-11T17:15:37+08:00" level=info msg="[UE][NAS] Message with integrity and with NEW 5G NAS SECURITY CONTEXT"
time="2026-08-11T17:15:37+08:00" level=info msg="[UE][NAS] successful NAS MAC verification"
time="2026-08-11T17:15:37+08:00" level=info msg="[UE][NAS] Receive Security Mode Command"
time="2026-08-11T17:15:37+08:00" level=info msg="[UE][NAS] Type of ciphering algorithm is 5G-EA0"
time="2026-08-11T17:15:37+08:00" level=info msg="[UE][NAS] Type of integrity protection algorithm is 128-5G-IA2"
time="2026-08-11T17:15:37+08:00" level=info msg="[TESTER] TESTING REGISTRATION USING IMSI 0000003013 UE"
time="2026-08-11T17:15:37+08:00" level=info msg="[GNB] Received incoming connection from new UE"
time="2026-08-11T17:15:37+08:00" level=info msg="[UE] Initiating Registration"
time="2026-08-11T17:15:37+08:00" level=info msg="[UE] Switched from state 0 to state 1"
time="2026-08-11T17:15:37+08:00" level=info msg="[GNB][SCTP] Receive message in 0 stream\n"
time="2026-08-11T17:15:37+08:00" level=info msg="[GNB][SCTP] Receive message in 0 stream\n"
time="2026-08-11T17:15:37+08:00" level=info msg="[GNB][NGAP] Receive Downlink NAS Transport"
time="2026-08-11T17:15:37+08:00" level=info msg="[UE][NAS] Message without security header"
time="2026-08-11T17:15:37+08:00" level=info msg="[UE][NAS] Receive Authentication Request"
time="2026-08-11T17:15:37+08:00" level=info msg="[UE][NAS][MAC] Authenticity of the authentication request message: OK"
time="2026-08-11T17:15:37+08:00" level=info msg="[UE][NAS][SQN] SQN of the authentication request message: VALID"
time="2026-08-11T17:15:37+08:00" level=info msg="[UE][NAS] Send authentication response"
time="2026-08-11T17:15:37+08:00" level=info msg="[UE] Switched from state 1 to state 2"
time="2026-08-11T17:15:37+08:00" level=info msg="[TESTER] TESTING REGISTRATION USING IMSI 0000003014 UE"
time="2026-08-11T17:15:37+08:00" level=info msg="[GNB] Received incoming connection from new UE"
time="2026-08-11T17:15:37+08:00" level=info msg="[GNB][NGAP] Receive Downlink NAS Transport"
time="2026-08-11T17:15:37+08:00" level=info msg="[UE][NAS] Message with security header"
time="2026-08-11T17:15:37+08:00" level=info msg="[UE][NAS] Message with integrity and with NEW 5G NAS SECURITY CONTEXT"
time="2026-08-11T17:15:37+08:00" level=info msg="[UE][NAS] successful NAS MAC verification"
time="2026-08-11T17:15:37+08:00" level=info msg="[UE][NAS] Receive Security Mode Command"
time="2026-08-11T17:15:37+08:00" level=info msg="[UE][NAS] Type of ciphering algorithm is 5G-EA0"
time="2026-08-11T17:15:37+08:00" level=info msg="[UE][NAS] Type of integrity protection algorithm is 128-5G-IA2"
time="2026-08-11T17:15:37+08:00" level=info msg="[UE] Initiating Registration"
time="2026-08-11T17:15:37+08:00" level=info msg="[UE] Switched from state 0 to state 1"
time="2026-08-11T17:15:37+08:00" level=info msg="[TESTER] TESTING REGISTRATION USING IMSI 0000003015 UE"
time="2026-08-11T17:15:37+08:00" level=info msg="[GNB] Received incoming connection from new UE"
time="2026-08-11T17:15:37+08:00" level=info msg="[UE] Initiating Registration"
time="2026-08-11T17:15:37+08:00" level=info msg="[UE] Switched from state 0 to state 1"
time="2026-08-11T17:15:37+08:00" level=info msg="[TESTER] TESTING REGISTRATION USING IMSI 0000003016 UE"
time="2026-08-11T17:15:37+08:00" level=info msg="[GNB] Received incoming connection from new UE"
time="2026-08-11T17:15:37+08:00" level=info msg="[UE] Initiating Registration"
time="2026-08-11T17:15:37+08:00" level=info msg="[UE] Switched from state 0 to state 1"
time="2026-08-11T17:15:37+08:00" level=info msg="[TESTER] TESTING REGISTRATION USING IMSI 0000003017 UE"
time="2026-08-11T17:15:37+08:00" level=info msg="[GNB] Received incoming connection from new UE"
time="2026-08-11T17:15:37+08:00" level=info msg="[UE] Initiating Registration"
time="2026-08-11T17:15:37+08:00" level=info msg="[UE] Switched from state 0 to state 1"
time="2026-08-11T17:15:37+08:00" level=info msg="[TESTER] TESTING REGISTRATION USING IMSI 0000003018 UE"
time="2026-08-11T17:15:37+08:00" level=info msg="[GNB] Received incoming connection from new UE"
time="2026-08-11T17:15:37+08:00" level=info msg="[UE] Initiating Registration"
time="2026-08-11T17:15:37+08:00" level=info msg="[UE] Switched from state 0 to state 1"
time="2026-08-11T17:15:37+08:00" level=info msg="[GNB][SCTP] Receive message in 0 stream\n"
time="2026-08-11T17:15:37+08:00" level=info msg="[GNB][NGAP] Receive Downlink NAS Transport"
time="2026-08-11T17:15:37+08:00" level=info msg="[UE][NAS] Message without security header"
time="2026-08-11T17:15:37+08:00" level=info msg="[UE][NAS] Receive Authentication Request"
time="2026-08-11T17:15:37+08:00" level=info msg="[UE][NAS][MAC] Authenticity of the authentication request message: OK"
time="2026-08-11T17:15:37+08:00" level=info msg="[UE][NAS][SQN] SQN of the authentication request message: VALID"
time="2026-08-11T17:15:37+08:00" level=info msg="[UE][NAS] Send authentication response"
time="2026-08-11T17:15:37+08:00" level=info msg="[UE] Switched from state 1 to state 2"
time="2026-08-11T17:15:37+08:00" level=info msg="[TESTER] TESTING REGISTRATION USING IMSI 0000003019 UE"
time="2026-08-11T17:15:37+08:00" level=info msg="[GNB] Received incoming connection from new UE"
time="2026-08-11T17:15:37+08:00" level=info msg="[UE] Initiating Registration"
time="2026-08-11T17:15:37+08:00" level=info msg="[UE] Switched from state 0 to state 1"
time="2026-08-11T17:15:37+08:00" level=info msg="[TESTER] TESTING REGISTRATION USING IMSI 0000003020 UE"
time="2026-08-11T17:15:37+08:00" level=info msg="[GNB] Received incoming connection from new UE"
time="2026-08-11T17:15:37+08:00" level=info msg="[UE] Initiating Registration"
time="2026-08-11T17:15:37+08:00" level=info msg="[UE] Switched from state 0 to state 1"
time="2026-08-11T17:15:37+08:00" level=info msg="[TESTER] TESTING REGISTRATION USING IMSI 0000003021 UE"
time="2026-08-11T17:15:37+08:00" level=info msg="[GNB] Received incoming connection from new UE"
time="2026-08-11T17:15:37+08:00" level=info msg="[UE] Initiating Registration"
time="2026-08-11T17:15:37+08:00" level=info msg="[UE] Switched from state 0 to state 1"
time="2026-08-11T17:15:37+08:00" level=info msg="[GNB][SCTP] Receive message in 0 stream\n"
time="2026-08-11T17:15:37+08:00" level=info msg="[GNB][NGAP] Receive Downlink NAS Transport"
time="2026-08-11T17:15:37+08:00" level=info msg="[UE][NAS] Message without security header"
time="2026-08-11T17:15:37+08:00" level=info msg="[UE][NAS] Receive Authentication Request"
time="2026-08-11T17:15:37+08:00" level=info msg="[UE][NAS][MAC] Authenticity of the authentication request message: OK"
time="2026-08-11T17:15:37+08:00" level=info msg="[UE][NAS][SQN] SQN of the authentication request message: VALID"
time="2026-08-11T17:15:37+08:00" level=info msg="[UE][NAS] Send authentication response"
time="2026-08-11T17:15:37+08:00" level=info msg="[TESTER] TESTING REGISTRATION USING IMSI 0000003022 UE"
time="2026-08-11T17:15:37+08:00" level=info msg="[GNB] Received incoming connection from new UE"
time="2026-08-11T17:15:37+08:00" level=info msg="[UE] Switched from state 1 to state 2"
time="2026-08-11T17:15:37+08:00" level=info msg="[UE] Initiating Registration"
time="2026-08-11T17:15:37+08:00" level=info msg="[UE] Switched from state 0 to state 1"
time="2026-08-11T17:15:37+08:00" level=info msg="[GNB][SCTP] Receive message in 0 stream\n"
time="2026-08-11T17:15:37+08:00" level=info msg="[GNB][NGAP] Receive Downlink NAS Transport"
time="2026-08-11T17:15:37+08:00" level=info msg="[UE][NAS] Message without security header"
time="2026-08-11T17:15:37+08:00" level=info msg="[UE][NAS] Receive Authentication Request"
time="2026-08-11T17:15:37+08:00" level=info msg="[UE][NAS][MAC] Authenticity of the authentication request message: OK"
time="2026-08-11T17:15:37+08:00" level=info msg="[UE][NAS][SQN] SQN of the authentication request message: VALID"
time="2026-08-11T17:15:37+08:00" level=info msg="[UE][NAS] Send authentication response"
time="2026-08-11T17:15:37+08:00" level=info msg="[GNB][SCTP] Receive message in 0 stream\n"
time="2026-08-11T17:15:37+08:00" level=info msg="[UE] Switched from state 1 to state 2"
time="2026-08-11T17:15:37+08:00" level=info msg="[GNB][NGAP] Receive Downlink NAS Transport"
time="2026-08-11T17:15:37+08:00" level=info msg="[UE][NAS] Message without security header"
time="2026-08-11T17:15:37+08:00" level=info msg="[UE][NAS] Receive Authentication Request"
time="2026-08-11T17:15:37+08:00" level=info msg="[UE][NAS][MAC] Authenticity of the authentication request message: OK"
time="2026-08-11T17:15:37+08:00" level=info msg="[UE][NAS][SQN] SQN of the authentication request message: VALID"
time="2026-08-11T17:15:37+08:00" level=info msg="[UE][NAS] Send authentication response"
time="2026-08-11T17:15:37+08:00" level=info msg="[UE] Switched from state 1 to state 2"
time="2026-08-11T17:15:37+08:00" level=info msg="[TESTER] TESTING REGISTRATION USING IMSI 0000003023 UE"
time="2026-08-11T17:15:37+08:00" level=info msg="[GNB] Received incoming connection from new UE"
time="2026-08-11T17:15:37+08:00" level=info msg="[UE] Initiating Registration"
time="2026-08-11T17:15:37+08:00" level=info msg="[UE] Switched from state 0 to state 1"
time="2026-08-11T17:15:37+08:00" level=info msg="[GNB][SCTP] Receive message in 0 stream\n"
time="2026-08-11T17:15:37+08:00" level=info msg="[GNB][NGAP] Receive Downlink NAS Transport"
time="2026-08-11T17:15:37+08:00" level=info msg="[UE][NAS] Message with security header"
time="2026-08-11T17:15:37+08:00" level=info msg="[UE][NAS] Message with integrity and with NEW 5G NAS SECURITY CONTEXT"
time="2026-08-11T17:15:37+08:00" level=info msg="[UE][NAS] successful NAS MAC verification"
time="2026-08-11T17:15:37+08:00" level=info msg="[UE][NAS] Receive Security Mode Command"
time="2026-08-11T17:15:37+08:00" level=info msg="[UE][NAS] Type of ciphering algorithm is 5G-EA0"
time="2026-08-11T17:15:37+08:00" level=info msg="[UE][NAS] Type of integrity protection algorithm is 128-5G-IA2"
time="2026-08-11T17:15:37+08:00" level=info msg="[TESTER] TESTING REGISTRATION USING IMSI 0000003024 UE"
time="2026-08-11T17:15:37+08:00" level=info msg="[GNB] Received incoming connection from new UE"
time="2026-08-11T17:15:37+08:00" level=info msg="[UE] Initiating Registration"
time="2026-08-11T17:15:37+08:00" level=info msg="[UE] Switched from state 0 to state 1"
time="2026-08-11T17:15:37+08:00" level=info msg="[TESTER] TESTING REGISTRATION USING IMSI 0000003025 UE"
time="2026-08-11T17:15:37+08:00" level=info msg="[GNB] Received incoming connection from new UE"
time="2026-08-11T17:15:37+08:00" level=info msg="[UE] Initiating Registration"
time="2026-08-11T17:15:37+08:00" level=info msg="[UE] Switched from state 0 to state 1"
time="2026-08-11T17:15:37+08:00" level=info msg="[GNB][SCTP] Receive message in 0 stream\n"
time="2026-08-11T17:15:37+08:00" level=info msg="[GNB][NGAP] Receive Initial Context Setup Request"
time="2026-08-11T17:15:37+08:00" level=info msg="[GNB][UE] UE Context was created with successful"
time="2026-08-11T17:15:37+08:00" level=info msg="[GNB][UE] UE RAN ID 1"
time="2026-08-11T17:15:37+08:00" level=info msg="[GNB][UE] UE AMF ID 1"
time="2026-08-11T17:15:37+08:00" level=info msg="[GNB][UE] UE Mobility Restrict --Plmn-- Mcc: 208 Mnc: 93"
time="2026-08-11T17:15:37+08:00" level=info msg="[GNB][UE] UE Masked Imeisv: 1110000000ffff00"
time="2026-08-11T17:15:37+08:00" level=info msg="[GNB][UE] Allowed Nssai-- Sst: [01 01] Sd: [010203 112233]"
time="2026-08-11T17:15:37+08:00" level=info msg="[GNB][NGAP][AMF] Send Initial Context Setup Response."
time="2026-08-11T17:15:37+08:00" level=info msg="[GNB] Initiating Initial Context Setup Response"
time="2026-08-11T17:15:37+08:00" level=info msg="[GNB][NGAP] No PDU Session to set up in InitialContextSetupResponse."
time="2026-08-11T17:15:37+08:00" level=info msg="[UE][NAS] Message with security header"
time="2026-08-11T17:15:37+08:00" level=info msg="[UE][NAS] Message with integrity and ciphered"
time="2026-08-11T17:15:37+08:00" level=info msg="[UE][NAS] successful NAS CIPHERING"
time="2026-08-11T17:15:37+08:00" level=info msg="[UE][NAS] successful NAS MAC verification"
time="2026-08-11T17:15:37+08:00" level=info msg="[UE][NAS] Receive Registration Accept"
time="2026-08-11T17:15:37+08:00" level=info msg="[UE][NAS] UE 5G GUTI: &{119 11 [242 2 248 57 202 254 0 0 0 0 1]}"
time="2026-08-11T17:15:37+08:00" level=info msg="[UE] Switched from state 2 to state 3"
time="2026-08-11T17:15:38+08:00" level=info msg="[TESTER] TESTING REGISTRATION USING IMSI 0000003026 UE"
time="2026-08-11T17:15:38+08:00" level=info msg="[GNB] Received incoming connection from new UE"
time="2026-08-11T17:15:38+08:00" level=info msg="[UE] Initiating Registration"
time="2026-08-11T17:15:38+08:00" level=info msg="[UE] Switched from state 0 to state 1"
time="2026-08-11T17:15:38+08:00" level=info msg="[TESTER] TESTING REGISTRATION USING IMSI 0000003027 UE"
time="2026-08-11T17:15:38+08:00" level=info msg="[GNB] Received incoming connection from new UE"
time="2026-08-11T17:15:38+08:00" level=info msg="[UE] Initiating Registration"
time="2026-08-11T17:15:38+08:00" level=info msg="[UE] Switched from state 0 to state 1"
time="2026-08-11T17:15:38+08:00" level=info msg="[GNB][SCTP] Receive message in 0 stream\n"
time="2026-08-11T17:15:38+08:00" level=info msg="[GNB][NGAP] Receive Initial Context Setup Request"
time="2026-08-11T17:15:38+08:00" level=info msg="[GNB][UE] UE Context was created with successful"
time="2026-08-11T17:15:38+08:00" level=info msg="[GNB][UE] UE RAN ID 2"
time="2026-08-11T17:15:38+08:00" level=info msg="[GNB][UE] UE AMF ID 2"
time="2026-08-11T17:15:38+08:00" level=info msg="[GNB][UE] UE Mobility Restrict --Plmn-- Mcc: 208 Mnc: 93"
time="2026-08-11T17:15:38+08:00" level=info msg="[GNB][UE] UE Masked Imeisv: 1110000000ffff00"
time="2026-08-11T17:15:38+08:00" level=info msg="[GNB][UE] Allowed Nssai-- Sst: [01 01] Sd: [010203 112233]"
time="2026-08-11T17:15:38+08:00" level=info msg="[GNB][NGAP][AMF] Send Initial Context Setup Response."
time="2026-08-11T17:15:38+08:00" level=info msg="[GNB] Initiating Initial Context Setup Response"
time="2026-08-11T17:15:38+08:00" level=info msg="[GNB][NGAP] No PDU Session to set up in InitialContextSetupResponse."
time="2026-08-11T17:15:38+08:00" level=info msg="[UE][NAS] Message with security header"
time="2026-08-11T17:15:38+08:00" level=info msg="[UE][NAS] Message with integrity and ciphered"
time="2026-08-11T17:15:38+08:00" level=info msg="[UE][NAS] successful NAS CIPHERING"
time="2026-08-11T17:15:38+08:00" level=info msg="[UE][NAS] successful NAS MAC verification"
time="2026-08-11T17:15:38+08:00" level=info msg="[UE][NAS] Receive Registration Accept"
time="2026-08-11T17:15:38+08:00" level=info msg="[UE][NAS] UE 5G GUTI: &{119 11 [242 2 248 57 202 254 0 0 0 0 2]}"
time="2026-08-11T17:15:38+08:00" level=info msg="[UE] Switched from state 2 to state 3"
time="2026-08-11T17:15:38+08:00" level=info msg="[TESTER] TESTING REGISTRATION USING IMSI 0000003028 UE"
time="2026-08-11T17:15:38+08:00" level=info msg="[GNB] Received incoming connection from new UE"
time="2026-08-11T17:15:38+08:00" level=info msg="[UE] Initiating Registration"
time="2026-08-11T17:15:38+08:00" level=info msg="[UE] Switched from state 0 to state 1"
time="2026-08-11T17:15:38+08:00" level=info msg="[TESTER] TESTING REGISTRATION USING IMSI 0000003029 UE"
time="2026-08-11T17:15:38+08:00" level=info msg="[GNB] Received incoming connection from new UE"
time="2026-08-11T17:15:38+08:00" level=info msg="[UE] Initiating Registration"
time="2026-08-11T17:15:38+08:00" level=info msg="[UE] Switched from state 0 to state 1"
time="2026-08-11T17:15:38+08:00" level=info msg="[GNB][SCTP] Receive message in 0 stream\n"
time="2026-08-11T17:15:38+08:00" level=info msg="[GNB][NGAP] Receive Downlink NAS Transport"
time="2026-08-11T17:15:38+08:00" level=info msg="[UE][NAS] Message without security header"
time="2026-08-11T17:15:38+08:00" level=info msg="[UE][NAS] Receive Authentication Request"
time="2026-08-11T17:15:38+08:00" level=info msg="[UE][NAS][MAC] Authenticity of the authentication request message: OK"
time="2026-08-11T17:15:38+08:00" level=info msg="[UE][NAS][SQN] SQN of the authentication request message: VALID"
time="2026-08-11T17:15:38+08:00" level=info msg="[UE][NAS] Send authentication response"
time="2026-08-11T17:15:38+08:00" level=info msg="[GNB][SCTP] Receive message in 0 stream\n"
time="2026-08-11T17:15:38+08:00" level=info msg="[GNB][NGAP] Receive Downlink NAS Transport"
time="2026-08-11T17:15:38+08:00" level=info msg="[UE][NAS] Message without security header"
time="2026-08-11T17:15:38+08:00" level=info msg="[UE][NAS] Receive Authentication Request"
time="2026-08-11T17:15:38+08:00" level=info msg="[UE][NAS][MAC] Authenticity of the authentication request message: OK"
time="2026-08-11T17:15:38+08:00" level=info msg="[UE][NAS][SQN] SQN of the authentication request message: VALID"
time="2026-08-11T17:15:38+08:00" level=info msg="[UE][NAS] Send authentication response"
time="2026-08-11T17:15:38+08:00" level=info msg="[UE] Switched from state 1 to state 2"
time="2026-08-11T17:15:38+08:00" level=info msg="[UE] Switched from state 1 to state 2"
time="2026-08-11T17:15:38+08:00" level=info msg="[TESTER] TESTING REGISTRATION USING IMSI 0000003030 UE"
time="2026-08-11T17:15:38+08:00" level=info msg="[GNB] Received incoming connection from new UE"
time="2026-08-11T17:15:38+08:00" level=info msg="[UE] Initiating Registration"
time="2026-08-11T17:15:38+08:00" level=info msg="[UE] Switched from state 0 to state 1"
time="2026-08-11T17:15:38+08:00" level=info msg="[GNB][SCTP] Receive message in 0 stream\n"
time="2026-08-11T17:15:38+08:00" level=info msg="[GNB][NGAP] Receive Downlink NAS Transport"
time="2026-08-11T17:15:38+08:00" level=info msg="[UE][NAS] Message without security header"
time="2026-08-11T17:15:38+08:00" level=info msg="[UE][NAS] Receive Authentication Request"
time="2026-08-11T17:15:38+08:00" level=info msg="[UE][NAS][MAC] Authenticity of the authentication request message: OK"
time="2026-08-11T17:15:38+08:00" level=info msg="[UE][NAS][SQN] SQN of the authentication request message: VALID"
time="2026-08-11T17:15:38+08:00" level=info msg="[UE][NAS] Send authentication response"
time="2026-08-11T17:15:38+08:00" level=info msg="[UE] Switched from state 1 to state 2"
time="2026-08-11T17:15:38+08:00" level=info msg="[TESTER] TESTING REGISTRATION USING IMSI 0000003031 UE"
time="2026-08-11T17:15:38+08:00" level=info msg="[GNB] Received incoming connection from new UE"
time="2026-08-11T17:15:38+08:00" level=info msg="[UE] Initiating Registration"
time="2026-08-11T17:15:38+08:00" level=info msg="[UE] Switched from state 0 to state 1"
time="2026-08-11T17:15:38+08:00" level=info msg="[TESTER] TESTING REGISTRATION USING IMSI 0000003032 UE"
time="2026-08-11T17:15:38+08:00" level=info msg="[GNB] Received incoming connection from new UE"
time="2026-08-11T17:15:38+08:00" level=info msg="[UE] Initiating Registration"
time="2026-08-11T17:15:38+08:00" level=info msg="[UE] Switched from state 0 to state 1"
time="2026-08-11T17:15:38+08:00" level=info msg="[TESTER] TESTING REGISTRATION USING IMSI 0000003033 UE"
time="2026-08-11T17:15:38+08:00" level=info msg="[GNB] Received incoming connection from new UE"
time="2026-08-11T17:15:38+08:00" level=info msg="[GNB][SCTP] Receive message in 0 stream\n"
time="2026-08-11T17:15:38+08:00" level=info msg="[UE] Initiating Registration"
time="2026-08-11T17:15:38+08:00" level=info msg="[UE] Switched from state 0 to state 1"
time="2026-08-11T17:15:38+08:00" level=info msg="[GNB][SCTP] Receive message in 0 stream\n"
time="2026-08-11T17:15:38+08:00" level=info msg="[GNB][NGAP] Receive Downlink NAS Transport"
time="2026-08-11T17:15:38+08:00" level=info msg="[UE][NAS] Message with security header"
time="2026-08-11T17:15:38+08:00" level=info msg="[UE][NAS] Message with integrity and with NEW 5G NAS SECURITY CONTEXT"
time="2026-08-11T17:15:38+08:00" level=info msg="[UE][NAS] successful NAS MAC verification"
time="2026-08-11T17:15:38+08:00" level=info msg="[UE][NAS] Receive Security Mode Command"
time="2026-08-11T17:15:38+08:00" level=info msg="[UE][NAS] Type of ciphering algorithm is 5G-EA0"
time="2026-08-11T17:15:38+08:00" level=info msg="[UE][NAS] Type of integrity protection algorithm is 128-5G-IA2"
time="2026-08-11T17:15:38+08:00" level=info msg="[GNB][NGAP] Receive Downlink NAS Transport"
time="2026-08-11T17:15:38+08:00" level=info msg="[UE][NAS] Message with security header"
time="2026-08-11T17:15:38+08:00" level=info msg="[UE][NAS] Message with integrity and with NEW 5G NAS SECURITY CONTEXT"
time="2026-08-11T17:15:38+08:00" level=info msg="[UE][NAS] successful NAS MAC verification"
time="2026-08-11T17:15:38+08:00" level=info msg="[UE][NAS] Receive Security Mode Command"
time="2026-08-11T17:15:38+08:00" level=info msg="[UE][NAS] Type of ciphering algorithm is 5G-EA0"
time="2026-08-11T17:15:38+08:00" level=info msg="[UE][NAS] Type of integrity protection algorithm is 128-5G-IA2"
time="2026-08-11T17:15:38+08:00" level=info msg="[TESTER] TESTING REGISTRATION USING IMSI 0000003034 UE"
time="2026-08-11T17:15:38+08:00" level=info msg="[GNB] Received incoming connection from new UE"
time="2026-08-11T17:15:38+08:00" level=info msg="[UE] Initiating Registration"
time="2026-08-11T17:15:38+08:00" level=info msg="[UE] Switched from state 0 to state 1"
time="2026-08-11T17:15:38+08:00" level=info msg="[TESTER] TESTING REGISTRATION USING IMSI 0000003035 UE"
time="2026-08-11T17:15:38+08:00" level=info msg="[GNB] Received incoming connection from new UE"
time="2026-08-11T17:15:38+08:00" level=info msg="[UE] Initiating Registration"
time="2026-08-11T17:15:38+08:00" level=info msg="[UE] Switched from state 0 to state 1"
time="2026-08-11T17:15:38+08:00" level=info msg="[TESTER] TESTING REGISTRATION USING IMSI 0000003036 UE"
time="2026-08-11T17:15:38+08:00" level=info msg="[GNB] Received incoming connection from new UE"
time="2026-08-11T17:15:38+08:00" level=info msg="[UE] Initiating Registration"
time="2026-08-11T17:15:38+08:00" level=info msg="[UE] Switched from state 0 to state 1"
time="2026-08-11T17:15:38+08:00" level=info msg="[TESTER] TESTING REGISTRATION USING IMSI 0000003037 UE"
time="2026-08-11T17:15:38+08:00" level=info msg="[GNB] Received incoming connection from new UE"
time="2026-08-11T17:15:38+08:00" level=info msg="[UE] Initiating Registration"
time="2026-08-11T17:15:38+08:00" level=info msg="[UE] Switched from state 0 to state 1"
time="2026-08-11T17:15:38+08:00" level=info msg="[TESTER] TESTING REGISTRATION USING IMSI 0000003038 UE"
time="2026-08-11T17:15:38+08:00" level=info msg="[GNB] Received incoming connection from new UE"
time="2026-08-11T17:15:38+08:00" level=info msg="[UE] Initiating Registration"
time="2026-08-11T17:15:38+08:00" level=info msg="[UE] Switched from state 0 to state 1"
time="2026-08-11T17:15:38+08:00" level=info msg="[GNB][SCTP] Receive message in 0 stream\n"
time="2026-08-11T17:15:38+08:00" level=info msg="[GNB][NGAP] Receive Downlink NAS Transport"
time="2026-08-11T17:15:38+08:00" level=info msg="[UE][NAS] Message without security header"
time="2026-08-11T17:15:38+08:00" level=info msg="[UE][NAS] Receive Authentication Request"
time="2026-08-11T17:15:38+08:00" level=info msg="[UE][NAS][MAC] Authenticity of the authentication request message: OK"
time="2026-08-11T17:15:38+08:00" level=info msg="[UE][NAS][SQN] SQN of the authentication request message: VALID"
time="2026-08-11T17:15:38+08:00" level=info msg="[UE][NAS] Send authentication response"
time="2026-08-11T17:15:38+08:00" level=info msg="[UE] Switched from state 1 to state 2"
time="2026-08-11T17:15:38+08:00" level=info msg="[GNB][SCTP] Receive message in 0 stream\n"
time="2026-08-11T17:15:38+08:00" level=info msg="[GNB][NGAP] Receive Downlink NAS Transport"
time="2026-08-11T17:15:38+08:00" level=info msg="[UE][NAS] Message without security header"
time="2026-08-11T17:15:38+08:00" level=info msg="[UE][NAS] Receive Authentication Request"
time="2026-08-11T17:15:38+08:00" level=info msg="[UE][NAS][MAC] Authenticity of the authentication request message: OK"
time="2026-08-11T17:15:38+08:00" level=info msg="[UE][NAS][SQN] SQN of the authentication request message: VALID"
time="2026-08-11T17:15:38+08:00" level=info msg="[UE][NAS] Send authentication response"
time="2026-08-11T17:15:38+08:00" level=info msg="[UE] Switched from state 1 to state 2"
time="2026-08-11T17:15:38+08:00" level=info msg="[TESTER] TESTING REGISTRATION USING IMSI 0000003039 UE"
time="2026-08-11T17:15:38+08:00" level=info msg="[GNB] Received incoming connection from new UE"
time="2026-08-11T17:15:38+08:00" level=info msg="[UE] Initiating Registration"
time="2026-08-11T17:15:38+08:00" level=info msg="[UE] Switched from state 0 to state 1"
time="2026-08-11T17:15:38+08:00" level=info msg="[GNB][SCTP] Receive message in 0 stream\n"
time="2026-08-11T17:15:38+08:00" level=info msg="[GNB][NGAP] Receive Initial Context Setup Request"
time="2026-08-11T17:15:38+08:00" level=info msg="[GNB][UE] UE Context was created with successful"
time="2026-08-11T17:15:38+08:00" level=info msg="[GNB][UE] UE RAN ID 3"
time="2026-08-11T17:15:38+08:00" level=info msg="[GNB][UE] UE AMF ID 3"
time="2026-08-11T17:15:38+08:00" level=info msg="[GNB][UE] UE Mobility Restrict --Plmn-- Mcc: 208 Mnc: 93"
time="2026-08-11T17:15:38+08:00" level=info msg="[GNB][UE] UE Masked Imeisv: 1110000000ffff00"
time="2026-08-11T17:15:38+08:00" level=info msg="[GNB][UE] Allowed Nssai-- Sst: [01 01] Sd: [010203 112233]"
time="2026-08-11T17:15:38+08:00" level=info msg="[GNB][NGAP][AMF] Send Initial Context Setup Response."
time="2026-08-11T17:15:38+08:00" level=info msg="[GNB] Initiating Initial Context Setup Response"
time="2026-08-11T17:15:38+08:00" level=info msg="[GNB][NGAP] No PDU Session to set up in InitialContextSetupResponse."
time="2026-08-11T17:15:38+08:00" level=info msg="[UE][NAS] Message with security header"
time="2026-08-11T17:15:38+08:00" level=info msg="[UE][NAS] Message with integrity and ciphered"
time="2026-08-11T17:15:38+08:00" level=info msg="[UE][NAS] successful NAS CIPHERING"
time="2026-08-11T17:15:38+08:00" level=info msg="[UE][NAS] successful NAS MAC verification"
time="2026-08-11T17:15:38+08:00" level=info msg="[UE][NAS] Receive Registration Accept"
time="2026-08-11T17:15:38+08:00" level=info msg="[UE][NAS] UE 5G GUTI: &{119 11 [242 2 248 57 202 254 0 0 0 0 3]}"
time="2026-08-11T17:15:38+08:00" level=info msg="[UE] Switched from state 2 to state 3"
time="2026-08-11T17:15:38+08:00" level=info msg="[GNB][SCTP] Receive message in 0 stream\n"
time="2026-08-11T17:15:38+08:00" level=info msg="[GNB][SCTP] Receive message in 0 stream\n"
time="2026-08-11T17:15:38+08:00" level=info msg="[GNB][NGAP] Receive Downlink NAS Transport"
time="2026-08-11T17:15:38+08:00" level=info msg="[UE][NAS] Message without security header"
time="2026-08-11T17:15:38+08:00" level=info msg="[UE][NAS] Receive Authentication Request"
time="2026-08-11T17:15:38+08:00" level=info msg="[UE][NAS][MAC] Authenticity of the authentication request message: OK"
time="2026-08-11T17:15:38+08:00" level=info msg="[UE][NAS][SQN] SQN of the authentication request message: VALID"
time="2026-08-11T17:15:38+08:00" level=info msg="[UE][NAS] Send authentication response"
time="2026-08-11T17:15:38+08:00" level=info msg="[GNB][NGAP] Receive Initial Context Setup Request"
time="2026-08-11T17:15:38+08:00" level=info msg="[GNB][UE] UE Context was created with successful"
time="2026-08-11T17:15:38+08:00" level=info msg="[GNB][UE] UE RAN ID 5"
time="2026-08-11T17:15:38+08:00" level=info msg="[GNB][UE] UE AMF ID 5"
time="2026-08-11T17:15:38+08:00" level=info msg="[GNB][UE] UE Mobility Restrict --Plmn-- Mcc: 208 Mnc: 93"
time="2026-08-11T17:15:38+08:00" level=info msg="[GNB][UE] UE Masked Imeisv: 1110000000ffff00"
time="2026-08-11T17:15:38+08:00" level=info msg="[GNB][UE] Allowed Nssai-- Sst: [01 01] Sd: [010203 112233]"
time="2026-08-11T17:15:38+08:00" level=info msg="[GNB][NGAP][AMF] Send Initial Context Setup Response."
time="2026-08-11T17:15:38+08:00" level=info msg="[GNB] Initiating Initial Context Setup Response"
time="2026-08-11T17:15:38+08:00" level=info msg="[GNB][NGAP] No PDU Session to set up in InitialContextSetupResponse."
time="2026-08-11T17:15:38+08:00" level=info msg="[UE] Switched from state 1 to state 2"
time="2026-08-11T17:15:38+08:00" level=info msg="[GNB][SCTP] Receive message in 0 stream\n"
time="2026-08-11T17:15:38+08:00" level=info msg="[UE][NAS] Message with security header"
time="2026-08-11T17:15:38+08:00" level=info msg="[UE][NAS] Message with integrity and ciphered"
time="2026-08-11T17:15:38+08:00" level=info msg="[UE][NAS] successful NAS CIPHERING"
time="2026-08-11T17:15:38+08:00" level=info msg="[UE][NAS] successful NAS MAC verification"
time="2026-08-11T17:15:38+08:00" level=info msg="[UE][NAS] Receive Registration Accept"
time="2026-08-11T17:15:38+08:00" level=info msg="[UE][NAS] UE 5G GUTI: &{119 11 [242 2 248 57 202 254 0 0 0 0 5]}"
time="2026-08-11T17:15:38+08:00" level=info msg="[UE] Switched from state 2 to state 3"
time="2026-08-11T17:15:38+08:00" level=info msg="[GNB][NGAP] Receive Initial Context Setup Request"
time="2026-08-11T17:15:38+08:00" level=info msg="[GNB][UE] UE Context was created with successful"
time="2026-08-11T17:15:38+08:00" level=info msg="[GNB][UE] UE RAN ID 6"
time="2026-08-11T17:15:38+08:00" level=info msg="[GNB][UE] UE AMF ID 6"
time="2026-08-11T17:15:38+08:00" level=info msg="[GNB][UE] UE Mobility Restrict --Plmn-- Mcc: 208 Mnc: 93"
time="2026-08-11T17:15:38+08:00" level=info msg="[GNB][UE] UE Masked Imeisv: 1110000000ffff00"
time="2026-08-11T17:15:38+08:00" level=info msg="[GNB][UE] Allowed Nssai-- Sst: [01 01] Sd: [010203 112233]"
time="2026-08-11T17:15:38+08:00" level=info msg="[GNB][NGAP][AMF] Send Initial Context Setup Response."
time="2026-08-11T17:15:38+08:00" level=info msg="[GNB] Initiating Initial Context Setup Response"
time="2026-08-11T17:15:38+08:00" level=info msg="[GNB][NGAP] No PDU Session to set up in InitialContextSetupResponse."
time="2026-08-11T17:15:38+08:00" level=info msg="[UE][NAS] Message with security header"
time="2026-08-11T17:15:38+08:00" level=info msg="[UE][NAS] Message with integrity and ciphered"
time="2026-08-11T17:15:38+08:00" level=info msg="[UE][NAS] successful NAS CIPHERING"
time="2026-08-11T17:15:38+08:00" level=info msg="[UE][NAS] successful NAS MAC verification"
time="2026-08-11T17:15:38+08:00" level=info msg="[UE][NAS] Receive Registration Accept"
time="2026-08-11T17:15:38+08:00" level=info msg="[UE][NAS] UE 5G GUTI: &{119 11 [242 2 248 57 202 254 0 0 0 0 6]}"
time="2026-08-11T17:15:38+08:00" level=info msg="[UE] Switched from state 2 to state 3"
time="2026-08-11T17:15:38+08:00" level=info msg="[TESTER] TESTING REGISTRATION USING IMSI 0000003040 UE"
time="2026-08-11T17:15:38+08:00" level=info msg="[GNB] Received incoming connection from new UE"
time="2026-08-11T17:15:38+08:00" level=info msg="[UE] Initiating Registration"
time="2026-08-11T17:15:38+08:00" level=info msg="[UE] Switched from state 0 to state 1"
time="2026-08-11T17:15:38+08:00" level=info msg="[GNB][SCTP] Receive message in 0 stream\n"
time="2026-08-11T17:15:38+08:00" level=info msg="[GNB][NGAP] Receive Downlink NAS Transport"
time="2026-08-11T17:15:38+08:00" level=info msg="[UE][NAS] Message with security header"
time="2026-08-11T17:15:38+08:00" level=info msg="[UE][NAS] Message with integrity and with NEW 5G NAS SECURITY CONTEXT"
time="2026-08-11T17:15:38+08:00" level=info msg="[UE][NAS] successful NAS MAC verification"
time="2026-08-11T17:15:38+08:00" level=info msg="[UE][NAS] Receive Security Mode Command"
time="2026-08-11T17:15:38+08:00" level=info msg="[UE][NAS] Type of ciphering algorithm is 5G-EA0"
time="2026-08-11T17:15:38+08:00" level=info msg="[UE][NAS] Type of integrity protection algorithm is 128-5G-IA2"
time="2026-08-11T17:15:38+08:00" level=info msg="[TESTER] TESTING REGISTRATION USING IMSI 0000003041 UE"
time="2026-08-11T17:15:38+08:00" level=info msg="[GNB] Received incoming connection from new UE"
time="2026-08-11T17:15:38+08:00" level=info msg="[UE] Initiating Registration"
time="2026-08-11T17:15:38+08:00" level=info msg="[UE] Switched from state 0 to state 1"
time="2026-08-11T17:15:38+08:00" level=info msg="[TESTER] TESTING REGISTRATION USING IMSI 0000003042 UE"
time="2026-08-11T17:15:38+08:00" level=info msg="[GNB] Received incoming connection from new UE"
time="2026-08-11T17:15:38+08:00" level=info msg="[UE] Initiating Registration"
time="2026-08-11T17:15:38+08:00" level=info msg="[UE] Switched from state 0 to state 1"
time="2026-08-11T17:15:38+08:00" level=info msg="[TESTER] TESTING REGISTRATION USING IMSI 0000003043 UE"
time="2026-08-11T17:15:38+08:00" level=info msg="[GNB] Received incoming connection from new UE"
time="2026-08-11T17:15:38+08:00" level=info msg="[UE] Initiating Registration"
time="2026-08-11T17:15:38+08:00" level=info msg="[UE] Switched from state 0 to state 1"
time="2026-08-11T17:15:38+08:00" level=info msg="[TESTER] TESTING REGISTRATION USING IMSI 0000003044 UE"
time="2026-08-11T17:15:38+08:00" level=info msg="[GNB] Received incoming connection from new UE"
time="2026-08-11T17:15:38+08:00" level=info msg="[UE] Initiating Registration"
time="2026-08-11T17:15:38+08:00" level=info msg="[UE] Switched from state 0 to state 1"
time="2026-08-11T17:15:38+08:00" level=info msg="[TESTER] TESTING REGISTRATION USING IMSI 0000003045 UE"
time="2026-08-11T17:15:38+08:00" level=info msg="[GNB] Received incoming connection from new UE"
time="2026-08-11T17:15:38+08:00" level=info msg="[UE] Initiating Registration"
time="2026-08-11T17:15:38+08:00" level=info msg="[UE] Switched from state 0 to state 1"
time="2026-08-11T17:15:39+08:00" level=info msg="[TESTER] TESTING REGISTRATION USING IMSI 0000003046 UE"
time="2026-08-11T17:15:39+08:00" level=info msg="[GNB] Received incoming connection from new UE"
time="2026-08-11T17:15:39+08:00" level=info msg="[UE] Initiating Registration"
time="2026-08-11T17:15:39+08:00" level=info msg="[UE] Switched from state 0 to state 1"
time="2026-08-11T17:15:39+08:00" level=info msg="[GNB][SCTP] Receive message in 0 stream\n"
time="2026-08-11T17:15:39+08:00" level=info msg="[GNB][SCTP] Receive message in 0 stream\n"
time="2026-08-11T17:15:39+08:00" level=info msg="[GNB][NGAP] Receive Downlink NAS Transport"
time="2026-08-11T17:15:39+08:00" level=info msg="[UE][NAS] Message without security header"
time="2026-08-11T17:15:39+08:00" level=info msg="[GNB][NGAP] Receive Downlink NAS Transport"
time="2026-08-11T17:15:39+08:00" level=info msg="[UE][NAS] Message without security header"
time="2026-08-11T17:15:39+08:00" level=info msg="[UE][NAS] Receive Authentication Request"
time="2026-08-11T17:15:39+08:00" level=info msg="[UE][NAS] Receive Authentication Request"
time="2026-08-11T17:15:39+08:00" level=info msg="[UE][NAS][MAC] Authenticity of the authentication request message: OK"
time="2026-08-11T17:15:39+08:00" level=info msg="[UE][NAS][SQN] SQN of the authentication request message: VALID"
time="2026-08-11T17:15:39+08:00" level=info msg="[UE][NAS] Send authentication response"
time="2026-08-11T17:15:39+08:00" level=info msg="[UE][NAS][MAC] Authenticity of the authentication request message: OK"
time="2026-08-11T17:15:39+08:00" level=info msg="[UE][NAS][SQN] SQN of the authentication request message: VALID"
time="2026-08-11T17:15:39+08:00" level=info msg="[UE][NAS] Send authentication response"
time="2026-08-11T17:15:39+08:00" level=info msg="[UE] Switched from state 1 to state 2"
time="2026-08-11T17:15:39+08:00" level=info msg="[UE] Switched from state 1 to state 2"
time="2026-08-11T17:15:39+08:00" level=info msg="[GNB][SCTP] Receive message in 0 stream\n"
time="2026-08-11T17:15:39+08:00" level=info msg="[GNB][NGAP] Receive Downlink NAS Transport"
time="2026-08-11T17:15:39+08:00" level=info msg="[UE][NAS] Message with security header"
time="2026-08-11T17:15:39+08:00" level=info msg="[UE][NAS] Message with integrity and ciphered"
time="2026-08-11T17:15:39+08:00" level=info msg="[UE][NAS] successful NAS CIPHERING"
time="2026-08-11T17:15:39+08:00" level=info msg="[UE][NAS] successful NAS MAC verification"
time="2026-08-11T17:15:39+08:00" level=info msg="[UE][NAS] Receive Configuration Update Command"
time="2026-08-11T17:15:39+08:00" level=info msg="[UE] Initiating Configuration Update Complete"
time="2026-08-11T17:15:39+08:00" level=info msg="[TESTER] TESTING REGISTRATION USING IMSI 0000003047 UE"
time="2026-08-11T17:15:39+08:00" level=info msg="[GNB] Received incoming connection from new UE"
time="2026-08-11T17:15:39+08:00" level=info msg="[UE] Initiating Registration"
time="2026-08-11T17:15:39+08:00" level=info msg="[UE] Switched from state 0 to state 1"
time="2026-08-11T17:15:39+08:00" level=info msg="[GNB][SCTP] Receive message in 0 stream\n"
time="2026-08-11T17:15:39+08:00" level=info msg="[GNB][NGAP] Receive Downlink NAS Transport"
time="2026-08-11T17:15:39+08:00" level=info msg="[UE][NAS] Message without security header"
time="2026-08-11T17:15:39+08:00" level=info msg="[UE][NAS] Receive Authentication Request"
time="2026-08-11T17:15:39+08:00" level=info msg="[UE][NAS][MAC] Authenticity of the authentication request message: OK"
time="2026-08-11T17:15:39+08:00" level=info msg="[UE][NAS][SQN] SQN of the authentication request message: VALID"
time="2026-08-11T17:15:39+08:00" level=info msg="[UE][NAS] Send authentication response"
time="2026-08-11T17:15:39+08:00" level=info msg="[UE] Switched from state 1 to state 2"
time="2026-08-11T17:15:39+08:00" level=info msg="[GNB][SCTP] Receive message in 0 stream\n"
time="2026-08-11T17:15:39+08:00" level=info msg="[TESTER] TESTING REGISTRATION USING IMSI 0000003048 UE"
time="2026-08-11T17:15:39+08:00" level=info msg="[GNB] Received incoming connection from new UE"
time="2026-08-11T17:15:39+08:00" level=info msg="[UE] Initiating Registration"
time="2026-08-11T17:15:39+08:00" level=info msg="[UE] Switched from state 0 to state 1"
time="2026-08-11T17:15:39+08:00" level=info msg="[GNB][NGAP] Receive Downlink NAS Transport"
time="2026-08-11T17:15:39+08:00" level=info msg="[UE][NAS] Message without security header"
time="2026-08-11T17:15:39+08:00" level=info msg="[UE][NAS] Receive Authentication Request"
time="2026-08-11T17:15:39+08:00" level=info msg="[GNB][SCTP] Receive message in 0 stream\n"
time="2026-08-11T17:15:39+08:00" level=info msg="[GNB][SCTP] Receive message in 0 stream\n"
time="2026-08-11T17:15:39+08:00" level=info msg="[UE][NAS][MAC] Authenticity of the authentication request message: OK"
time="2026-08-11T17:15:39+08:00" level=info msg="[UE][NAS][SQN] SQN of the authentication request message: VALID"
time="2026-08-11T17:15:39+08:00" level=info msg="[UE][NAS] Send authentication response"
time="2026-08-11T17:15:39+08:00" level=info msg="[UE] Switched from state 1 to state 2"
time="2026-08-11T17:15:39+08:00" level=info msg="[GNB][NGAP] Receive Downlink NAS Transport"
time="2026-08-11T17:15:39+08:00" level=info msg="[UE][NAS] Message without security header"
time="2026-08-11T17:15:39+08:00" level=info msg="[UE][NAS] Receive Authentication Request"
time="2026-08-11T17:15:39+08:00" level=info msg="[UE][NAS][MAC] Authenticity of the authentication request message: OK"
time="2026-08-11T17:15:39+08:00" level=info msg="[UE][NAS][SQN] SQN of the authentication request message: VALID"
time="2026-08-11T17:15:39+08:00" level=info msg="[UE][NAS] Send authentication response"
time="2026-08-11T17:15:39+08:00" level=info msg="[GNB][NGAP] Receive Downlink NAS Transport"
time="2026-08-11T17:15:39+08:00" level=info msg="[UE][NAS] Message with security header"
time="2026-08-11T17:15:39+08:00" level=info msg="[UE][NAS] Message with integrity and with NEW 5G NAS SECURITY CONTEXT"
time="2026-08-11T17:15:39+08:00" level=info msg="[UE][NAS] successful NAS MAC verification"
time="2026-08-11T17:15:39+08:00" level=info msg="[UE][NAS] Receive Security Mode Command"
time="2026-08-11T17:15:39+08:00" level=info msg="[UE][NAS] Type of ciphering algorithm is 5G-EA0"
time="2026-08-11T17:15:39+08:00" level=info msg="[UE][NAS] Type of integrity protection algorithm is 128-5G-IA2"
time="2026-08-11T17:15:39+08:00" level=info msg="[GNB][SCTP] Receive message in 0 stream\n"
time="2026-08-11T17:15:39+08:00" level=info msg="[UE] Switched from state 1 to state 2"
time="2026-08-11T17:15:39+08:00" level=info msg="[GNB][NGAP] Receive Downlink NAS Transport"
time="2026-08-11T17:15:39+08:00" level=info msg="[UE][NAS] Message with security header"
time="2026-08-11T17:15:39+08:00" level=info msg="[UE][NAS] Message with integrity and with NEW 5G NAS SECURITY CONTEXT"
time="2026-08-11T17:15:39+08:00" level=info msg="[UE][NAS] successful NAS MAC verification"
time="2026-08-11T17:15:39+08:00" level=info msg="[UE][NAS] Receive Security Mode Command"
time="2026-08-11T17:15:39+08:00" level=info msg="[UE][NAS] Type of ciphering algorithm is 5G-EA0"
time="2026-08-11T17:15:39+08:00" level=info msg="[UE][NAS] Type of integrity protection algorithm is 128-5G-IA2"
time="2026-08-11T17:15:39+08:00" level=info msg="[TESTER] TESTING REGISTRATION USING IMSI 0000003049 UE"
time="2026-08-11T17:15:39+08:00" level=info msg="[GNB] Received incoming connection from new UE"
time="2026-08-11T17:15:39+08:00" level=info msg="[UE] Initiating Registration"
time="2026-08-11T17:15:39+08:00" level=info msg="[UE] Switched from state 0 to state 1"
time="2026-08-11T17:15:39+08:00" level=info msg="[TESTER] TESTING REGISTRATION USING IMSI 0000003050 UE"
time="2026-08-11T17:15:39+08:00" level=info msg="[GNB] Received incoming connection from new UE"
time="2026-08-11T17:15:39+08:00" level=info msg="[UE] Initiating Registration"
time="2026-08-11T17:15:39+08:00" level=info msg="[UE] Switched from state 0 to state 1"
time="2026-08-11T17:15:39+08:00" level=info msg="[TESTER] TESTING REGISTRATION USING IMSI 0000003051 UE"
time="2026-08-11T17:15:39+08:00" level=info msg="[GNB] Received incoming connection from new UE"
time="2026-08-11T17:15:39+08:00" level=info msg="[UE] Initiating Registration"
time="2026-08-11T17:15:39+08:00" level=info msg="[UE] Switched from state 0 to state 1"
time="2026-08-11T17:15:39+08:00" level=info msg="[GNB][SCTP] Receive message in 0 stream\n"
time="2026-08-11T17:15:39+08:00" level=info msg="[GNB][NGAP] Receive Initial Context Setup Request"
time="2026-08-11T17:15:39+08:00" level=info msg="[GNB][UE] UE Context was created with successful"
time="2026-08-11T17:15:39+08:00" level=info msg="[GNB][UE] UE RAN ID 4"
time="2026-08-11T17:15:39+08:00" level=info msg="[GNB][UE] UE AMF ID 4"
time="2026-08-11T17:15:39+08:00" level=info msg="[GNB][UE] UE Mobility Restrict --Plmn-- Mcc: 208 Mnc: 93"
time="2026-08-11T17:15:39+08:00" level=info msg="[GNB][UE] UE Masked Imeisv: 1110000000ffff00"
time="2026-08-11T17:15:39+08:00" level=info msg="[GNB][UE] Allowed Nssai-- Sst: [01 01] Sd: [010203 112233]"
time="2026-08-11T17:15:39+08:00" level=info msg="[GNB][NGAP][AMF] Send Initial Context Setup Response."
time="2026-08-11T17:15:39+08:00" level=info msg="[GNB] Initiating Initial Context Setup Response"
time="2026-08-11T17:15:39+08:00" level=info msg="[GNB][NGAP] No PDU Session to set up in InitialContextSetupResponse."
time="2026-08-11T17:15:39+08:00" level=info msg="[UE][NAS] Message with security header"
time="2026-08-11T17:15:39+08:00" level=info msg="[UE][NAS] Message with integrity and ciphered"
time="2026-08-11T17:15:39+08:00" level=info msg="[UE][NAS] successful NAS CIPHERING"
time="2026-08-11T17:15:39+08:00" level=info msg="[UE][NAS] successful NAS MAC verification"
time="2026-08-11T17:15:39+08:00" level=info msg="[UE][NAS] Receive Registration Accept"
time="2026-08-11T17:15:39+08:00" level=info msg="[UE][NAS] UE 5G GUTI: &{119 11 [242 2 248 57 202 254 0 0 0 0 4]}"
time="2026-08-11T17:15:39+08:00" level=info msg="[UE] Switched from state 2 to state 3"
time="2026-08-11T17:15:39+08:00" level=info msg="[TESTER] TESTING REGISTRATION USING IMSI 0000003052 UE"
time="2026-08-11T17:15:39+08:00" level=info msg="[GNB] Received incoming connection from new UE"
time="2026-08-11T17:15:39+08:00" level=info msg="[UE] Initiating Registration"
time="2026-08-11T17:15:39+08:00" level=info msg="[UE] Switched from state 0 to state 1"
time="2026-08-11T17:15:39+08:00" level=info msg="[TESTER] TESTING REGISTRATION USING IMSI 0000003053 UE"
time="2026-08-11T17:15:39+08:00" level=info msg="[GNB] Received incoming connection from new UE"
time="2026-08-11T17:15:39+08:00" level=info msg="[UE] Initiating Registration"
time="2026-08-11T17:15:39+08:00" level=info msg="[UE] Switched from state 0 to state 1"
time="2026-08-11T17:15:39+08:00" level=info msg="[TESTER] TESTING REGISTRATION USING IMSI 0000003054 UE"
time="2026-08-11T17:15:39+08:00" level=info msg="[GNB] Received incoming connection from new UE"
time="2026-08-11T17:15:39+08:00" level=info msg="[UE] Initiating Registration"
time="2026-08-11T17:15:39+08:00" level=info msg="[UE] Switched from state 0 to state 1"
time="2026-08-11T17:15:39+08:00" level=info msg="[GNB][SCTP] Receive message in 0 stream\n"
time="2026-08-11T17:15:39+08:00" level=info msg="[GNB][NGAP] Receive Downlink NAS Transport"
time="2026-08-11T17:15:39+08:00" level=info msg="[UE][NAS] Message without security header"
time="2026-08-11T17:15:39+08:00" level=info msg="[UE][NAS] Receive Authentication Request"
time="2026-08-11T17:15:39+08:00" level=info msg="[UE][NAS][MAC] Authenticity of the authentication request message: OK"
time="2026-08-11T17:15:39+08:00" level=info msg="[UE][NAS][SQN] SQN of the authentication request message: VALID"
time="2026-08-11T17:15:39+08:00" level=info msg="[UE][NAS] Send authentication response"
time="2026-08-11T17:15:39+08:00" level=info msg="[UE] Switched from state 1 to state 2"
time="2026-08-11T17:15:39+08:00" level=info msg="[TESTER] TESTING REGISTRATION USING IMSI 0000003055 UE"
time="2026-08-11T17:15:39+08:00" level=info msg="[GNB] Received incoming connection from new UE"
time="2026-08-11T17:15:39+08:00" level=info msg="[UE] Initiating Registration"
time="2026-08-11T17:15:39+08:00" level=info msg="[UE] Switched from state 0 to state 1"
time="2026-08-11T17:15:39+08:00" level=info msg="[TESTER] TESTING REGISTRATION USING IMSI 0000003056 UE"
time="2026-08-11T17:15:39+08:00" level=info msg="[GNB] Received incoming connection from new UE"
time="2026-08-11T17:15:39+08:00" level=info msg="[UE] Initiating Registration"
time="2026-08-11T17:15:39+08:00" level=info msg="[UE] Switched from state 0 to state 1"
time="2026-08-11T17:15:39+08:00" level=info msg="[GNB][SCTP] Receive message in 0 stream\n"
time="2026-08-11T17:15:39+08:00" level=info msg="[GNB][SCTP] Receive message in 0 stream\n"
time="2026-08-11T17:15:39+08:00" level=info msg="[GNB][NGAP] Receive Downlink NAS Transport"
time="2026-08-11T17:15:39+08:00" level=info msg="[UE][NAS] Message without security header"
time="2026-08-11T17:15:39+08:00" level=info msg="[UE][NAS] Receive Authentication Request"
time="2026-08-11T17:15:39+08:00" level=info msg="[UE][NAS][MAC] Authenticity of the authentication request message: OK"
time="2026-08-11T17:15:39+08:00" level=info msg="[UE][NAS][SQN] SQN of the authentication request message: VALID"
time="2026-08-11T17:15:39+08:00" level=info msg="[UE][NAS] Send authentication response"
time="2026-08-11T17:15:39+08:00" level=info msg="[UE] Switched from state 1 to state 2"
time="2026-08-11T17:15:39+08:00" level=info msg="[GNB][NGAP] Receive Downlink NAS Transport"
time="2026-08-11T17:15:39+08:00" level=info msg="[UE][NAS] Message without security header"
time="2026-08-11T17:15:39+08:00" level=info msg="[UE][NAS] Receive Authentication Request"
time="2026-08-11T17:15:39+08:00" level=info msg="[UE][NAS][MAC] Authenticity of the authentication request message: OK"
time="2026-08-11T17:15:39+08:00" level=info msg="[UE][NAS][SQN] SQN of the authentication request message: VALID"
time="2026-08-11T17:15:39+08:00" level=info msg="[UE][NAS] Send authentication response"
time="2026-08-11T17:15:39+08:00" level=info msg="[UE] Switched from state 1 to state 2"
time="2026-08-11T17:15:39+08:00" level=info msg="[GNB][SCTP] Receive message in 0 stream\n"
time="2026-08-11T17:15:39+08:00" level=info msg="[GNB][NGAP] Receive Downlink NAS Transport"
time="2026-08-11T17:15:39+08:00" level=info msg="[UE][NAS] Message without security header"
time="2026-08-11T17:15:39+08:00" level=info msg="[UE][NAS] Receive Authentication Request"
time="2026-08-11T17:15:39+08:00" level=info msg="[GNB][SCTP] Receive message in 0 stream\n"
time="2026-08-11T17:15:39+08:00" level=info msg="[UE][NAS][MAC] Authenticity of the authentication request message: OK"
time="2026-08-11T17:15:39+08:00" level=info msg="[UE][NAS][SQN] SQN of the authentication request message: VALID"
time="2026-08-11T17:15:39+08:00" level=info msg="[UE][NAS] Send authentication response"
time="2026-08-11T17:15:39+08:00" level=info msg="[UE] Switched from state 1 to state 2"
time="2026-08-11T17:15:39+08:00" level=info msg="[GNB][NGAP] Receive Downlink NAS Transport"
time="2026-08-11T17:15:39+08:00" level=info msg="[UE][NAS] Message with security header"
time="2026-08-11T17:15:39+08:00" level=info msg="[UE][NAS] Message with integrity and ciphered"
time="2026-08-11T17:15:39+08:00" level=info msg="[UE][NAS] successful NAS CIPHERING"
time="2026-08-11T17:15:39+08:00" level=info msg="[UE][NAS] successful NAS MAC verification"
time="2026-08-11T17:15:39+08:00" level=info msg="[UE][NAS] Receive Configuration Update Command"
time="2026-08-11T17:15:39+08:00" level=info msg="[UE] Initiating Configuration Update Complete"
time="2026-08-11T17:15:39+08:00" level=info msg="[GNB][SCTP] Receive message in 0 stream\n"
time="2026-08-11T17:15:39+08:00" level=info msg="[GNB][NGAP] Receive Downlink NAS Transport"
time="2026-08-11T17:15:39+08:00" level=info msg="[UE][NAS] Message without security header"
time="2026-08-11T17:15:39+08:00" level=info msg="[UE][NAS] Receive Authentication Request"
time="2026-08-11T17:15:39+08:00" level=info msg="[UE][NAS][MAC] Authenticity of the authentication request message: OK"
time="2026-08-11T17:15:39+08:00" level=info msg="[UE][NAS][SQN] SQN of the authentication request message: VALID"
time="2026-08-11T17:15:39+08:00" level=info msg="[UE][NAS] Send authentication response"
time="2026-08-11T17:15:39+08:00" level=info msg="[UE] Switched from state 1 to state 2"
time="2026-08-11T17:15:39+08:00" level=info msg="[TESTER] TESTING REGISTRATION USING IMSI 0000003057 UE"
time="2026-08-11T17:15:39+08:00" level=info msg="[GNB] Received incoming connection from new UE"
time="2026-08-11T17:15:39+08:00" level=info msg="[UE] Initiating Registration"
time="2026-08-11T17:15:39+08:00" level=info msg="[UE] Switched from state 0 to state 1"
time="2026-08-11T17:15:39+08:00" level=info msg="[GNB][SCTP] Receive message in 0 stream\n"
time="2026-08-11T17:15:39+08:00" level=info msg="[GNB][NGAP] Receive Downlink NAS Transport"
time="2026-08-11T17:15:39+08:00" level=info msg="[UE][NAS] Message with security header"
time="2026-08-11T17:15:39+08:00" level=info msg="[UE][NAS] Message with integrity and with NEW 5G NAS SECURITY CONTEXT"
time="2026-08-11T17:15:39+08:00" level=info msg="[UE][NAS] successful NAS MAC verification"
time="2026-08-11T17:15:39+08:00" level=info msg="[UE][NAS] Receive Security Mode Command"
time="2026-08-11T17:15:39+08:00" level=info msg="[UE][NAS] Type of ciphering algorithm is 5G-EA0"
time="2026-08-11T17:15:39+08:00" level=info msg="[UE][NAS] Type of integrity protection algorithm is 128-5G-IA2"
time="2026-08-11T17:15:39+08:00" level=info msg="[TESTER] TESTING REGISTRATION USING IMSI 0000003058 UE"
time="2026-08-11T17:15:39+08:00" level=info msg="[GNB] Received incoming connection from new UE"
time="2026-08-11T17:15:39+08:00" level=info msg="[UE] Initiating Registration"
time="2026-08-11T17:15:39+08:00" level=info msg="[UE] Switched from state 0 to state 1"
time="2026-08-11T17:15:39+08:00" level=info msg="[TESTER] TESTING REGISTRATION USING IMSI 0000003059 UE"
time="2026-08-11T17:15:39+08:00" level=info msg="[GNB] Received incoming connection from new UE"
time="2026-08-11T17:15:39+08:00" level=info msg="[UE] Initiating Registration"
time="2026-08-11T17:15:39+08:00" level=info msg="[UE] Switched from state 0 to state 1"
time="2026-08-11T17:15:39+08:00" level=info msg="[GNB][SCTP] Receive message in 0 stream\n"
time="2026-08-11T17:15:39+08:00" level=info msg="[GNB][NGAP] Receive Downlink NAS Transport"
time="2026-08-11T17:15:39+08:00" level=info msg="[UE][NAS] Message with security header"
time="2026-08-11T17:15:39+08:00" level=info msg="[UE][NAS] Message with integrity and with NEW 5G NAS SECURITY CONTEXT"
time="2026-08-11T17:15:39+08:00" level=info msg="[UE][NAS] successful NAS MAC verification"
time="2026-08-11T17:15:39+08:00" level=info msg="[UE][NAS] Receive Security Mode Command"
time="2026-08-11T17:15:39+08:00" level=info msg="[UE][NAS] Type of ciphering algorithm is 5G-EA0"
time="2026-08-11T17:15:39+08:00" level=info msg="[UE][NAS] Type of integrity protection algorithm is 128-5G-IA2"
time="2026-08-11T17:15:39+08:00" level=info msg="[GNB][SCTP] Receive message in 0 stream\n"
time="2026-08-11T17:15:39+08:00" level=info msg="[GNB][NGAP] Receive Downlink NAS Transport"
time="2026-08-11T17:15:39+08:00" level=info msg="[UE][NAS] Message with security header"
time="2026-08-11T17:15:39+08:00" level=info msg="[UE][NAS] Message with integrity and with NEW 5G NAS SECURITY CONTEXT"
time="2026-08-11T17:15:39+08:00" level=info msg="[UE][NAS] successful NAS MAC verification"
time="2026-08-11T17:15:39+08:00" level=info msg="[UE][NAS] Receive Security Mode Command"
time="2026-08-11T17:15:39+08:00" level=info msg="[UE][NAS] Type of ciphering algorithm is 5G-EA0"
time="2026-08-11T17:15:39+08:00" level=info msg="[UE][NAS] Type of integrity protection algorithm is 128-5G-IA2"
time="2026-08-11T17:15:39+08:00" level=info msg="[GNB][SCTP] Receive message in 0 stream\n"
time="2026-08-11T17:15:39+08:00" level=info msg="[GNB][NGAP] Receive Downlink NAS Transport"
time="2026-08-11T17:15:39+08:00" level=info msg="[UE][NAS] Message without security header"
time="2026-08-11T17:15:39+08:00" level=info msg="[UE][NAS] Receive Authentication Request"
time="2026-08-11T17:15:39+08:00" level=info msg="[UE][NAS][MAC] Authenticity of the authentication request message: OK"
time="2026-08-11T17:15:39+08:00" level=info msg="[UE][NAS][SQN] SQN of the authentication request message: VALID"
time="2026-08-11T17:15:39+08:00" level=info msg="[UE][NAS] Send authentication response"
time="2026-08-11T17:15:39+08:00" level=info msg="[UE] Switched from state 1 to state 2"
time="2026-08-11T17:15:39+08:00" level=info msg="[GNB][SCTP] Receive message in 0 stream\n"
time="2026-08-11T17:15:39+08:00" level=info msg="[TESTER] TESTING REGISTRATION USING IMSI 0000003060 UE"
time="2026-08-11T17:15:39+08:00" level=info msg="[GNB] Received incoming connection from new UE"
time="2026-08-11T17:15:39+08:00" level=info msg="[UE] Initiating Registration"
time="2026-08-11T17:15:39+08:00" level=info msg="[UE] Switched from state 0 to state 1"
time="2026-08-11T17:15:39+08:00" level=info msg="[GNB][NGAP] Receive Downlink NAS Transport"
time="2026-08-11T17:15:39+08:00" level=info msg="[UE][NAS] Message without security header"
time="2026-08-11T17:15:39+08:00" level=info msg="[UE][NAS] Receive Authentication Request"
time="2026-08-11T17:15:39+08:00" level=info msg="[UE][NAS][MAC] Authenticity of the authentication request message: OK"
time="2026-08-11T17:15:39+08:00" level=info msg="[UE][NAS][SQN] SQN of the authentication request message: VALID"
time="2026-08-11T17:15:39+08:00" level=info msg="[UE][NAS] Send authentication response"
time="2026-08-11T17:15:39+08:00" level=info msg="[UE] Switched from state 1 to state 2"
time="2026-08-11T17:15:39+08:00" level=info msg="[GNB][SCTP] Receive message in 0 stream\n"
time="2026-08-11T17:15:39+08:00" level=info msg="[GNB][NGAP] Receive Downlink NAS Transport"
time="2026-08-11T17:15:39+08:00" level=info msg="[UE][NAS] Message without security header"
time="2026-08-11T17:15:39+08:00" level=info msg="[UE][NAS] Receive Authentication Request"
time="2026-08-11T17:15:39+08:00" level=info msg="[UE][NAS][MAC] Authenticity of the authentication request message: OK"
time="2026-08-11T17:15:39+08:00" level=info msg="[UE][NAS][SQN] SQN of the authentication request message: VALID"
time="2026-08-11T17:15:39+08:00" level=info msg="[UE][NAS] Send authentication response"
time="2026-08-11T17:15:39+08:00" level=info msg="[UE] Switched from state 1 to state 2"
time="2026-08-11T17:15:39+08:00" level=info msg="[TESTER] TESTING REGISTRATION USING IMSI 0000003061 UE"
time="2026-08-11T17:15:39+08:00" level=info msg="[GNB] Received incoming connection from new UE"
time="2026-08-11T17:15:39+08:00" level=info msg="[UE] Initiating Registration"
time="2026-08-11T17:15:39+08:00" level=info msg="[UE] Switched from state 0 to state 1"
time="2026-08-11T17:15:39+08:00" level=info msg="[TESTER] TESTING REGISTRATION USING IMSI 0000003062 UE"
time="2026-08-11T17:15:39+08:00" level=info msg="[GNB] Received incoming connection from new UE"
time="2026-08-11T17:15:39+08:00" level=info msg="[UE] Initiating Registration"
time="2026-08-11T17:15:39+08:00" level=info msg="[UE] Switched from state 0 to state 1"
time="2026-08-11T17:15:39+08:00" level=info msg="[TESTER] TESTING REGISTRATION USING IMSI 0000003063 UE"
time="2026-08-11T17:15:39+08:00" level=info msg="[GNB] Received incoming connection from new UE"
time="2026-08-11T17:15:39+08:00" level=info msg="[UE] Initiating Registration"
time="2026-08-11T17:15:39+08:00" level=info msg="[UE] Switched from state 0 to state 1"
time="2026-08-11T17:15:39+08:00" level=info msg="[GNB][SCTP] Receive message in 0 stream\n"
time="2026-08-11T17:15:39+08:00" level=info msg="[GNB][NGAP] Receive Downlink NAS Transport"
time="2026-08-11T17:15:39+08:00" level=info msg="[TESTER] TESTING REGISTRATION USING IMSI 0000003064 UE"
time="2026-08-11T17:15:39+08:00" level=info msg="[GNB] Received incoming connection from new UE"
time="2026-08-11T17:15:39+08:00" level=info msg="[UE] Initiating Registration"
time="2026-08-11T17:15:39+08:00" level=info msg="[GNB][SCTP] Receive message in 0 stream\n"
time="2026-08-11T17:15:39+08:00" level=info msg="[UE] Switched from state 0 to state 1"
time="2026-08-11T17:15:39+08:00" level=info msg="[UE][NAS] Message without security header"
time="2026-08-11T17:15:39+08:00" level=info msg="[UE][NAS] Receive Authentication Request"
time="2026-08-11T17:15:39+08:00" level=info msg="[UE][NAS][MAC] Authenticity of the authentication request message: OK"
time="2026-08-11T17:15:39+08:00" level=info msg="[UE][NAS][SQN] SQN of the authentication request message: VALID"
time="2026-08-11T17:15:39+08:00" level=info msg="[UE][NAS] Send authentication response"
time="2026-08-11T17:15:39+08:00" level=info msg="[UE] Switched from state 1 to state 2"
time="2026-08-11T17:15:39+08:00" level=info msg="[GNB][NGAP] Receive Downlink NAS Transport"
time="2026-08-11T17:15:39+08:00" level=info msg="[UE][NAS] Message without security header"
time="2026-08-11T17:15:39+08:00" level=info msg="[UE][NAS] Receive Authentication Request"
time="2026-08-11T17:15:39+08:00" level=info msg="[UE][NAS][MAC] Authenticity of the authentication request message: OK"
time="2026-08-11T17:15:39+08:00" level=info msg="[UE][NAS][SQN] SQN of the authentication request message: VALID"
time="2026-08-11T17:15:39+08:00" level=info msg="[UE][NAS] Send authentication response"
time="2026-08-11T17:15:39+08:00" level=info msg="[UE] Switched from state 1 to state 2"
time="2026-08-11T17:15:40+08:00" level=info msg="[TESTER] TESTING REGISTRATION USING IMSI 0000003065 UE"
time="2026-08-11T17:15:40+08:00" level=info msg="[GNB] Received incoming connection from new UE"
time="2026-08-11T17:15:40+08:00" level=info msg="[UE] Initiating Registration"
time="2026-08-11T17:15:40+08:00" level=info msg="[UE] Switched from state 0 to state 1"
time="2026-08-11T17:15:40+08:00" level=info msg="[GNB][SCTP] Receive message in 0 stream\n"
time="2026-08-11T17:15:40+08:00" level=info msg="[GNB][NGAP] Receive Initial Context Setup Request"
time="2026-08-11T17:15:40+08:00" level=info msg="[GNB][UE] UE Context was created with successful"
time="2026-08-11T17:15:40+08:00" level=info msg="[GNB][UE] UE RAN ID 9"
time="2026-08-11T17:15:40+08:00" level=info msg="[GNB][UE] UE AMF ID 8"
time="2026-08-11T17:15:40+08:00" level=info msg="[GNB][UE] UE Mobility Restrict --Plmn-- Mcc: 208 Mnc: 93"
time="2026-08-11T17:15:40+08:00" level=info msg="[GNB][UE] UE Masked Imeisv: 1110000000ffff00"
time="2026-08-11T17:15:40+08:00" level=info msg="[GNB][UE] Allowed Nssai-- Sst: [01 01] Sd: [010203 112233]"
time="2026-08-11T17:15:40+08:00" level=info msg="[GNB][NGAP][AMF] Send Initial Context Setup Response."
time="2026-08-11T17:15:40+08:00" level=info msg="[GNB] Initiating Initial Context Setup Response"
time="2026-08-11T17:15:40+08:00" level=info msg="[GNB][NGAP] No PDU Session to set up in InitialContextSetupResponse."
time="2026-08-11T17:15:40+08:00" level=info msg="[UE][NAS] Message with security header"
time="2026-08-11T17:15:40+08:00" level=info msg="[UE][NAS] Message with integrity and ciphered"
time="2026-08-11T17:15:40+08:00" level=info msg="[UE][NAS] successful NAS CIPHERING"
time="2026-08-11T17:15:40+08:00" level=info msg="[UE][NAS] successful NAS MAC verification"
time="2026-08-11T17:15:40+08:00" level=info msg="[UE][NAS] Receive Registration Accept"
time="2026-08-11T17:15:40+08:00" level=info msg="[UE][NAS] UE 5G GUTI: &{119 11 [242 2 248 57 202 254 0 0 0 0 8]}"
time="2026-08-11T17:15:40+08:00" level=info msg="[UE] Switched from state 2 to state 3"
time="2026-08-11T17:15:40+08:00" level=info msg="[TESTER] TESTING REGISTRATION USING IMSI 0000003066 UE"
time="2026-08-11T17:15:40+08:00" level=info msg="[GNB] Received incoming connection from new UE"
time="2026-08-11T17:15:40+08:00" level=info msg="[UE] Initiating Registration"
time="2026-08-11T17:15:40+08:00" level=info msg="[UE] Switched from state 0 to state 1"
time="2026-08-11T17:15:40+08:00" level=info msg="[GNB][SCTP] Receive message in 0 stream\n"
time="2026-08-11T17:15:40+08:00" level=info msg="[GNB][SCTP] Receive message in 0 stream\n"
time="2026-08-11T17:15:40+08:00" level=info msg="[GNB][NGAP] Receive Downlink NAS Transport"
time="2026-08-11T17:15:40+08:00" level=info msg="[UE][NAS] Message without security header"
time="2026-08-11T17:15:40+08:00" level=info msg="[UE][NAS] Receive Authentication Request"
time="2026-08-11T17:15:40+08:00" level=info msg="[GNB][NGAP] Receive Downlink NAS Transport"
time="2026-08-11T17:15:40+08:00" level=info msg="[UE][NAS] Message without security header"
time="2026-08-11T17:15:40+08:00" level=info msg="[UE][NAS] Receive Authentication Request"
time="2026-08-11T17:15:40+08:00" level=info msg="[UE][NAS][MAC] Authenticity of the authentication request message: OK"
time="2026-08-11T17:15:40+08:00" level=info msg="[UE][NAS][SQN] SQN of the authentication request message: VALID"
time="2026-08-11T17:15:40+08:00" level=info msg="[UE][NAS] Send authentication response"
time="2026-08-11T17:15:40+08:00" level=info msg="[UE] Switched from state 1 to state 2"
time="2026-08-11T17:15:40+08:00" level=info msg="[UE][NAS][MAC] Authenticity of the authentication request message: OK"
time="2026-08-11T17:15:40+08:00" level=info msg="[UE][NAS][SQN] SQN of the authentication request message: VALID"
time="2026-08-11T17:15:40+08:00" level=info msg="[UE][NAS] Send authentication response"
time="2026-08-11T17:15:40+08:00" level=info msg="[UE] Switched from state 1 to state 2"
time="2026-08-11T17:15:40+08:00" level=info msg="[GNB][SCTP] Receive message in 0 stream\n"
time="2026-08-11T17:15:40+08:00" level=info msg="[GNB][NGAP] Receive Downlink NAS Transport"
time="2026-08-11T17:15:40+08:00" level=info msg="[UE][NAS] Message with security header"
time="2026-08-11T17:15:40+08:00" level=info msg="[UE][NAS] Message with integrity and ciphered"
time="2026-08-11T17:15:40+08:00" level=info msg="[UE][NAS] successful NAS CIPHERING"
time="2026-08-11T17:15:40+08:00" level=info msg="[UE][NAS] successful NAS MAC verification"
time="2026-08-11T17:15:40+08:00" level=info msg="[UE][NAS] Receive Configuration Update Command"
time="2026-08-11T17:15:40+08:00" level=info msg="[UE] Initiating Configuration Update Complete"
time="2026-08-11T17:15:40+08:00" level=info msg="[GNB][SCTP] Receive message in 0 stream\n"
time="2026-08-11T17:15:40+08:00" level=info msg="[GNB][NGAP] Receive Downlink NAS Transport"
time="2026-08-11T17:15:40+08:00" level=info msg="[UE][NAS] Message without security header"
time="2026-08-11T17:15:40+08:00" level=info msg="[UE][NAS] Receive Authentication Request"
time="2026-08-11T17:15:40+08:00" level=info msg="[UE][NAS][MAC] Authenticity of the authentication request message: OK"
time="2026-08-11T17:15:40+08:00" level=info msg="[UE][NAS][SQN] SQN of the authentication request message: VALID"
time="2026-08-11T17:15:40+08:00" level=info msg="[UE][NAS] Send authentication response"
time="2026-08-11T17:15:40+08:00" level=info msg="[UE] Switched from state 1 to state 2"
time="2026-08-11T17:15:40+08:00" level=info msg="[GNB][SCTP] Receive message in 0 stream\n"
time="2026-08-11T17:15:40+08:00" level=info msg="[GNB][NGAP] Receive Downlink NAS Transport"
time="2026-08-11T17:15:40+08:00" level=info msg="[UE][NAS] Message without security header"
time="2026-08-11T17:15:40+08:00" level=info msg="[UE][NAS] Receive Authentication Request"
time="2026-08-11T17:15:40+08:00" level=info msg="[UE][NAS][MAC] Authenticity of the authentication request message: OK"
time="2026-08-11T17:15:40+08:00" level=info msg="[UE][NAS][SQN] SQN of the authentication request message: VALID"
time="2026-08-11T17:15:40+08:00" level=info msg="[UE][NAS] Send authentication response"
time="2026-08-11T17:15:40+08:00" level=info msg="[UE] Switched from state 1 to state 2"
time="2026-08-11T17:15:40+08:00" level=info msg="[GNB][SCTP] Receive message in 0 stream\n"
time="2026-08-11T17:15:40+08:00" level=info msg="[GNB][NGAP] Receive Downlink NAS Transport"
time="2026-08-11T17:15:40+08:00" level=info msg="[UE][NAS] Message with security header"
time="2026-08-11T17:15:40+08:00" level=info msg="[UE][NAS] Message with integrity and ciphered"
time="2026-08-11T17:15:40+08:00" level=info msg="[UE][NAS] successful NAS CIPHERING"
time="2026-08-11T17:15:40+08:00" level=info msg="[UE][NAS] successful NAS MAC verification"
time="2026-08-11T17:15:40+08:00" level=info msg="[UE][NAS] Receive Configuration Update Command"
time="2026-08-11T17:15:40+08:00" level=info msg="[UE] Initiating Configuration Update Complete"
time="2026-08-11T17:15:40+08:00" level=info msg="[TESTER] TESTING REGISTRATION USING IMSI 0000003067 UE"
time="2026-08-11T17:15:40+08:00" level=info msg="[GNB] Received incoming connection from new UE"
time="2026-08-11T17:15:40+08:00" level=info msg="[UE] Initiating Registration"
time="2026-08-11T17:15:40+08:00" level=info msg="[UE] Switched from state 0 to state 1"
time="2026-08-11T17:15:40+08:00" level=info msg="[GNB][SCTP] Receive message in 0 stream\n"
time="2026-08-11T17:15:40+08:00" level=info msg="[GNB][NGAP] Receive Downlink NAS Transport"
time="2026-08-11T17:15:40+08:00" level=info msg="[UE][NAS] Message with security header"
time="2026-08-11T17:15:40+08:00" level=info msg="[UE][NAS] Message with integrity and with NEW 5G NAS SECURITY CONTEXT"
time="2026-08-11T17:15:40+08:00" level=info msg="[UE][NAS] successful NAS MAC verification"
time="2026-08-11T17:15:40+08:00" level=info msg="[UE][NAS] Receive Security Mode Command"
time="2026-08-11T17:15:40+08:00" level=info msg="[UE][NAS] Type of ciphering algorithm is 5G-EA0"
time="2026-08-11T17:15:40+08:00" level=info msg="[UE][NAS] Type of integrity protection algorithm is 128-5G-IA2"
time="2026-08-11T17:15:40+08:00" level=info msg="[TESTER] TESTING REGISTRATION USING IMSI 0000003068 UE"
time="2026-08-11T17:15:40+08:00" level=info msg="[GNB] Received incoming connection from new UE"
time="2026-08-11T17:15:40+08:00" level=info msg="[UE] Initiating Registration"
time="2026-08-11T17:15:40+08:00" level=info msg="[UE] Switched from state 0 to state 1"
time="2026-08-11T17:15:40+08:00" level=info msg="[GNB][SCTP] Receive message in 0 stream\n"
time="2026-08-11T17:15:40+08:00" level=info msg="[GNB][NGAP] Receive Downlink NAS Transport"
time="2026-08-11T17:15:40+08:00" level=info msg="[UE][NAS] Message with security header"
time="2026-08-11T17:15:40+08:00" level=info msg="[UE][NAS] Message with integrity and with NEW 5G NAS SECURITY CONTEXT"
time="2026-08-11T17:15:40+08:00" level=info msg="[UE][NAS] successful NAS MAC verification"
time="2026-08-11T17:15:40+08:00" level=info msg="[UE][NAS] Receive Security Mode Command"
time="2026-08-11T17:15:40+08:00" level=info msg="[UE][NAS] Type of ciphering algorithm is 5G-EA0"
time="2026-08-11T17:15:40+08:00" level=info msg="[UE][NAS] Type of integrity protection algorithm is 128-5G-IA2"
time="2026-08-11T17:15:40+08:00" level=info msg="[GNB][SCTP] Receive message in 0 stream\n"
time="2026-08-11T17:15:40+08:00" level=info msg="[GNB][NGAP] Receive Initial Context Setup Request"
time="2026-08-11T17:15:40+08:00" level=info msg="[GNB][UE] UE Context was created with successful"
time="2026-08-11T17:15:40+08:00" level=info msg="[GNB][UE] UE RAN ID 12"
time="2026-08-11T17:15:40+08:00" level=info msg="[GNB][UE] UE AMF ID 10"
time="2026-08-11T17:15:40+08:00" level=info msg="[GNB][UE] UE Mobility Restrict --Plmn-- Mcc: 208 Mnc: 93"
time="2026-08-11T17:15:40+08:00" level=info msg="[GNB][UE] UE Masked Imeisv: 1110000000ffff00"
time="2026-08-11T17:15:40+08:00" level=info msg="[GNB][UE] Allowed Nssai-- Sst: [01 01] Sd: [010203 112233]"
time="2026-08-11T17:15:40+08:00" level=info msg="[GNB][NGAP][AMF] Send Initial Context Setup Response."
time="2026-08-11T17:15:40+08:00" level=info msg="[GNB] Initiating Initial Context Setup Response"
time="2026-08-11T17:15:40+08:00" level=info msg="[GNB][NGAP] No PDU Session to set up in InitialContextSetupResponse."
time="2026-08-11T17:15:40+08:00" level=info msg="[UE][NAS] Message with security header"
time="2026-08-11T17:15:40+08:00" level=info msg="[UE][NAS] Message with integrity and ciphered"
time="2026-08-11T17:15:40+08:00" level=info msg="[UE][NAS] successful NAS CIPHERING"
time="2026-08-11T17:15:40+08:00" level=info msg="[UE][NAS] successful NAS MAC verification"
time="2026-08-11T17:15:40+08:00" level=info msg="[UE][NAS] Receive Registration Accept"
time="2026-08-11T17:15:40+08:00" level=info msg="[UE][NAS] UE 5G GUTI: &{119 11 [242 2 248 57 202 254 0 0 0 0 10]}"
time="2026-08-11T17:15:40+08:00" level=info msg="[UE] Switched from state 2 to state 3"
time="2026-08-11T17:15:40+08:00" level=info msg="[TESTER] TESTING REGISTRATION USING IMSI 0000003069 UE"
time="2026-08-11T17:15:40+08:00" level=info msg="[GNB] Received incoming connection from new UE"
time="2026-08-11T17:15:40+08:00" level=info msg="[UE] Initiating Registration"
time="2026-08-11T17:15:40+08:00" level=info msg="[UE] Switched from state 0 to state 1"
time="2026-08-11T17:15:40+08:00" level=info msg="[TESTER] TESTING REGISTRATION USING IMSI 0000003070 UE"
time="2026-08-11T17:15:40+08:00" level=info msg="[GNB] Received incoming connection from new UE"
time="2026-08-11T17:15:40+08:00" level=info msg="[UE] Initiating Registration"
time="2026-08-11T17:15:40+08:00" level=info msg="[UE] Switched from state 0 to state 1"
time="2026-08-11T17:15:40+08:00" level=info msg="[TESTER] TESTING REGISTRATION USING IMSI 0000003071 UE"
time="2026-08-11T17:15:40+08:00" level=info msg="[GNB] Received incoming connection from new UE"
time="2026-08-11T17:15:40+08:00" level=info msg="[UE] Initiating Registration"
time="2026-08-11T17:15:40+08:00" level=info msg="[UE] Switched from state 0 to state 1"
time="2026-08-11T17:15:40+08:00" level=info msg="[GNB][SCTP] Receive message in 0 stream\n"
time="2026-08-11T17:15:40+08:00" level=info msg="[GNB][NGAP] Receive Downlink NAS Transport"
time="2026-08-11T17:15:40+08:00" level=info msg="[UE][NAS] Message without security header"
time="2026-08-11T17:15:40+08:00" level=info msg="[UE][NAS] Receive Authentication Request"
time="2026-08-11T17:15:40+08:00" level=info msg="[UE][NAS][MAC] Authenticity of the authentication request message: OK"
time="2026-08-11T17:15:40+08:00" level=info msg="[UE][NAS][SQN] SQN of the authentication request message: VALID"
time="2026-08-11T17:15:40+08:00" level=info msg="[UE][NAS] Send authentication response"
time="2026-08-11T17:15:40+08:00" level=info msg="[UE] Switched from state 1 to state 2"
time="2026-08-11T17:15:40+08:00" level=info msg="[TESTER] TESTING REGISTRATION USING IMSI 0000003072 UE"
time="2026-08-11T17:15:40+08:00" level=info msg="[GNB] Received incoming connection from new UE"
time="2026-08-11T17:15:40+08:00" level=info msg="[UE] Initiating Registration"
time="2026-08-11T17:15:40+08:00" level=info msg="[UE] Switched from state 0 to state 1"
time="2026-08-11T17:15:40+08:00" level=info msg="[TESTER] TESTING REGISTRATION USING IMSI 0000003073 UE"
time="2026-08-11T17:15:40+08:00" level=info msg="[GNB] Received incoming connection from new UE"
time="2026-08-11T17:15:40+08:00" level=info msg="[UE] Initiating Registration"
time="2026-08-11T17:15:40+08:00" level=info msg="[UE] Switched from state 0 to state 1"
time="2026-08-11T17:15:40+08:00" level=info msg="[GNB][SCTP] Receive message in 0 stream\n"
time="2026-08-11T17:15:40+08:00" level=info msg="[GNB][SCTP] Receive message in 0 stream\n"
time="2026-08-11T17:15:40+08:00" level=info msg="[GNB][NGAP] Receive Downlink NAS Transport"
time="2026-08-11T17:15:40+08:00" level=info msg="[UE][NAS] Message without security header"
time="2026-08-11T17:15:40+08:00" level=error msg="[UE][NAS] Receive Registration Reject"
time="2026-08-11T17:15:40+08:00" level=error msg="[UE][NAS] UE received a 5GMM Failure, cause: Congestion"
time="2026-08-11T17:15:40+08:00" level=info msg="[GNB][NGAP] Receive Downlink NAS Transport"
time="2026-08-11T17:15:40+08:00" level=info msg="[UE][NAS] Message without security header"
time="2026-08-11T17:15:40+08:00" level=info msg="[UE][NAS] Receive Authentication Request"
time="2026-08-11T17:15:40+08:00" level=info msg="[UE][NAS][MAC] Authenticity of the authentication request message: OK"
time="2026-08-11T17:15:40+08:00" level=info msg="[UE][NAS][SQN] SQN of the authentication request message: VALID"
time="2026-08-11T17:15:40+08:00" level=info msg="[UE][NAS] Send authentication response"
time="2026-08-11T17:15:40+08:00" level=info msg="[UE] Switched from state 1 to state 2"
time="2026-08-11T17:15:40+08:00" level=info msg="[GNB][SCTP] Receive message in 0 stream\n"
time="2026-08-11T17:15:40+08:00" level=info msg="[GNB][SCTP] Receive message in 0 stream\n"
time="2026-08-11T17:15:40+08:00" level=info msg="[GNB][NGAP] Receive Downlink NAS Transport"
time="2026-08-11T17:15:40+08:00" level=info msg="[UE][NAS] Message without security header"
time="2026-08-11T17:15:40+08:00" level=error msg="[UE][NAS] Receive Registration Reject"
time="2026-08-11T17:15:40+08:00" level=error msg="[UE][NAS] UE received a 5GMM Failure, cause: Tracking area not allowed"
time="2026-08-11T17:15:40+08:00" level=info msg="[GNB][NGAP] Receive Downlink NAS Transport"
time="2026-08-11T17:15:40+08:00" level=info msg="[UE][NAS] Message without security header"
time="2026-08-11T17:15:40+08:00" level=info msg="[UE][NAS] Receive Authentication Request"
time="2026-08-11T17:15:40+08:00" level=info msg="[UE][NAS][MAC] Authenticity of the authentication request message: OK"
time="2026-08-11T17:15:40+08:00" level=info msg="[UE][NAS][SQN] SQN of the authentication request message: VALID"
time="2026-08-11T17:15:40+08:00" level=info msg="[UE][NAS] Send authentication response"
time="2026-08-11T17:15:40+08:00" level=info msg="[UE] Switched from state 1 to state 2"
time="2026-08-11T17:15:40+08:00" level=info msg="[TESTER] TESTING REGISTRATION USING IMSI 0000003074 UE"
time="2026-08-11T17:15:40+08:00" level=info msg="[GNB] Received incoming connection from new UE"
time="2026-08-11T17:15:40+08:00" level=info msg="[UE] Initiating Registration"
time="2026-08-11T17:15:40+08:00" level=info msg="[UE] Switched from state 0 to state 1"
time="2026-08-11T17:15:40+08:00" level=info msg="[TESTER] TESTING REGISTRATION USING IMSI 0000003075 UE"
time="2026-08-11T17:15:40+08:00" level=info msg="[GNB] Received incoming connection from new UE"
time="2026-08-11T17:15:40+08:00" level=info msg="[UE] Initiating Registration"
time="2026-08-11T17:15:40+08:00" level=info msg="[UE] Switched from state 0 to state 1"
time="2026-08-11T17:15:40+08:00" level=info msg="[GNB][SCTP] Receive message in 0 stream\n"
time="2026-08-11T17:15:40+08:00" level=info msg="[GNB][NGAP] Receive Downlink NAS Transport"
time="2026-08-11T17:15:40+08:00" level=info msg="[UE][NAS] Message with security header"
time="2026-08-11T17:15:40+08:00" level=info msg="[UE][NAS] Message with integrity and with NEW 5G NAS SECURITY CONTEXT"
time="2026-08-11T17:15:40+08:00" level=info msg="[UE][NAS] successful NAS MAC verification"
time="2026-08-11T17:15:40+08:00" level=info msg="[UE][NAS] Receive Security Mode Command"
time="2026-08-11T17:15:40+08:00" level=info msg="[UE][NAS] Type of ciphering algorithm is 5G-EA0"
time="2026-08-11T17:15:40+08:00" level=info msg="[UE][NAS] Type of integrity protection algorithm is 128-5G-IA2"
time="2026-08-11T17:15:40+08:00" level=info msg="[GNB][SCTP] Receive message in 0 stream\n"
time="2026-08-11T17:15:40+08:00" level=info msg="[GNB][NGAP] Receive Downlink NAS Transport"
time="2026-08-11T17:15:40+08:00" level=info msg="[UE][NAS] Message with security header"
time="2026-08-11T17:15:40+08:00" level=info msg="[UE][NAS] Message with integrity and with NEW 5G NAS SECURITY CONTEXT"
time="2026-08-11T17:15:40+08:00" level=info msg="[UE][NAS] successful NAS MAC verification"
time="2026-08-11T17:15:40+08:00" level=info msg="[UE][NAS] Receive Security Mode Command"
time="2026-08-11T17:15:40+08:00" level=info msg="[UE][NAS] Type of ciphering algorithm is 5G-EA0"
time="2026-08-11T17:15:40+08:00" level=info msg="[UE][NAS] Type of integrity protection algorithm is 128-5G-IA2"
time="2026-08-11T17:15:40+08:00" level=info msg="[GNB][SCTP] Receive message in 0 stream\n"
time="2026-08-11T17:15:40+08:00" level=info msg="[GNB][NGAP] Receive Downlink NAS Transport"
time="2026-08-11T17:15:40+08:00" level=info msg="[UE][NAS] Message without security header"
time="2026-08-11T17:15:40+08:00" level=info msg="[UE][NAS] Receive Authentication Request"
time="2026-08-11T17:15:40+08:00" level=info msg="[UE][NAS][MAC] Authenticity of the authentication request message: OK"
time="2026-08-11T17:15:40+08:00" level=info msg="[UE][NAS][SQN] SQN of the authentication request message: VALID"
time="2026-08-11T17:15:40+08:00" level=info msg="[UE][NAS] Send authentication response"
time="2026-08-11T17:15:40+08:00" level=info msg="[UE] Switched from state 1 to state 2"
time="2026-08-11T17:15:40+08:00" level=info msg="[GNB][SCTP] Receive message in 0 stream\n"
time="2026-08-11T17:15:40+08:00" level=info msg="[GNB][NGAP] Receive Downlink NAS Transport"
time="2026-08-11T17:15:40+08:00" level=info msg="[UE][NAS] Message without security header"
time="2026-08-11T17:15:40+08:00" level=info msg="[UE][NAS] Receive Authentication Request"
time="2026-08-11T17:15:40+08:00" level=info msg="[UE][NAS][MAC] Authenticity of the authentication request message: OK"
time="2026-08-11T17:15:40+08:00" level=info msg="[UE][NAS][SQN] SQN of the authentication request message: VALID"
time="2026-08-11T17:15:40+08:00" level=info msg="[UE][NAS] Send authentication response"
time="2026-08-11T17:15:40+08:00" level=info msg="[UE] Switched from state 1 to state 2"
time="2026-08-11T17:15:40+08:00" level=info msg="[GNB][SCTP] Receive message in 0 stream\n"
time="2026-08-11T17:15:40+08:00" level=info msg="[GNB][NGAP] Receive Downlink NAS Transport"
time="2026-08-11T17:15:40+08:00" level=info msg="[UE][NAS] Message with security header"
time="2026-08-11T17:15:40+08:00" level=info msg="[UE][NAS] Message with integrity and ciphered"
time="2026-08-11T17:15:40+08:00" level=info msg="[UE][NAS] successful NAS CIPHERING"
time="2026-08-11T17:15:40+08:00" level=info msg="[UE][NAS] successful NAS MAC verification"
time="2026-08-11T17:15:40+08:00" level=info msg="[UE][NAS] Receive Configuration Update Command"
time="2026-08-11T17:15:40+08:00" level=info msg="[UE] Initiating Configuration Update Complete"
time="2026-08-11T17:15:40+08:00" level=info msg="[TESTER] TESTING REGISTRATION USING IMSI 0000003076 UE"
time="2026-08-11T17:15:40+08:00" level=info msg="[GNB] Received incoming connection from new UE"
time="2026-08-11T17:15:40+08:00" level=info msg="[UE] Initiating Registration"
time="2026-08-11T17:15:40+08:00" level=info msg="[UE] Switched from state 0 to state 1"
time="2026-08-11T17:15:40+08:00" level=info msg="[GNB][SCTP] Receive message in 0 stream\n"
time="2026-08-11T17:15:40+08:00" level=info msg="[GNB][NGAP] Receive Downlink NAS Transport"
time="2026-08-11T17:15:40+08:00" level=info msg="[UE][NAS] Message with security header"
time="2026-08-11T17:15:40+08:00" level=info msg="[UE][NAS] Message with integrity and with NEW 5G NAS SECURITY CONTEXT"
time="2026-08-11T17:15:40+08:00" level=info msg="[UE][NAS] successful NAS MAC verification"
time="2026-08-11T17:15:40+08:00" level=info msg="[UE][NAS] Receive Security Mode Command"
time="2026-08-11T17:15:40+08:00" level=info msg="[UE][NAS] Type of ciphering algorithm is 5G-EA0"
time="2026-08-11T17:15:40+08:00" level=info msg="[UE][NAS] Type of integrity protection algorithm is 128-5G-IA2"
time="2026-08-11T17:15:40+08:00" level=info msg="[TESTER] TESTING REGISTRATION USING IMSI 0000003077 UE"
time="2026-08-11T17:15:40+08:00" level=info msg="[GNB] Received incoming connection from new UE"
time="2026-08-11T17:15:40+08:00" level=info msg="[UE] Initiating Registration"
time="2026-08-11T17:15:40+08:00" level=info msg="[UE] Switched from state 0 to state 1"
time="2026-08-11T17:15:40+08:00" level=info msg="[GNB][SCTP] Receive message in 0 stream\n"
time="2026-08-11T17:15:40+08:00" level=info msg="[GNB][NGAP] Receive Downlink NAS Transport"
time="2026-08-11T17:15:40+08:00" level=info msg="[UE][NAS] Message without security header"
time="2026-08-11T17:15:40+08:00" level=info msg="[UE][NAS] Receive Authentication Request"
time="2026-08-11T17:15:40+08:00" level=info msg="[UE][NAS][MAC] Authenticity of the authentication request message: OK"
time="2026-08-11T17:15:40+08:00" level=info msg="[UE][NAS][SQN] SQN of the authentication request message: VALID"
time="2026-08-11T17:15:40+08:00" level=info msg="[UE][NAS] Send authentication response"
time="2026-08-11T17:15:40+08:00" level=info msg="[UE] Switched from state 1 to state 2"
time="2026-08-11T17:15:40+08:00" level=info msg="[GNB][SCTP] Receive message in 0 stream\n"
time="2026-08-11T17:15:40+08:00" level=info msg="[GNB][NGAP] Receive Downlink NAS Transport"
time="2026-08-11T17:15:40+08:00" level=info msg="[UE][NAS] Message without security header"
time="2026-08-11T17:15:40+08:00" level=info msg="[UE][NAS] Receive Authentication Request"
time="2026-08-11T17:15:40+08:00" level=info msg="[UE][NAS][MAC] Authenticity of the authentication request message: OK"
time="2026-08-11T17:15:40+08:00" level=info msg="[UE][NAS][SQN] SQN of the authentication request message: VALID"
time="2026-08-11T17:15:40+08:00" level=info msg="[UE][NAS] Send authentication response"
time="2026-08-11T17:15:40+08:00" level=info msg="[UE] Switched from state 1 to state 2"
time="2026-08-11T17:15:40+08:00" level=info msg="[GNB][SCTP] Receive message in 0 stream\n"
time="2026-08-11T17:15:40+08:00" level=info msg="[GNB][NGAP] Receive Downlink NAS Transport"
time="2026-08-11T17:15:40+08:00" level=info msg="[UE][NAS] Message with security header"
time="2026-08-11T17:15:40+08:00" level=info msg="[UE][NAS] Message with integrity and with NEW 5G NAS SECURITY CONTEXT"
time="2026-08-11T17:15:40+08:00" level=info msg="[UE][NAS] successful NAS MAC verification"
time="2026-08-11T17:15:40+08:00" level=info msg="[UE][NAS] Receive Security Mode Command"
time="2026-08-11T17:15:40+08:00" level=info msg="[UE][NAS] Type of ciphering algorithm is 5G-EA0"
time="2026-08-11T17:15:40+08:00" level=info msg="[UE][NAS] Type of integrity protection algorithm is 128-5G-IA2"
time="2026-08-11T17:15:40+08:00" level=info msg="[TESTER] TESTING REGISTRATION USING IMSI 0000003078 UE"
time="2026-08-11T17:15:40+08:00" level=info msg="[GNB] Received incoming connection from new UE"
time="2026-08-11T17:15:40+08:00" level=info msg="[UE] Initiating Registration"
time="2026-08-11T17:15:40+08:00" level=info msg="[UE] Switched from state 0 to state 1"
time="2026-08-11T17:15:40+08:00" level=info msg="[TESTER] TESTING REGISTRATION USING IMSI 0000003079 UE"
time="2026-08-11T17:15:40+08:00" level=info msg="[GNB] Received incoming connection from new UE"
time="2026-08-11T17:15:40+08:00" level=info msg="[UE] Initiating Registration"
time="2026-08-11T17:15:40+08:00" level=info msg="[UE] Switched from state 0 to state 1"
time="2026-08-11T17:15:40+08:00" level=info msg="[GNB][SCTP] Receive message in 0 stream\n"
time="2026-08-11T17:15:40+08:00" level=info msg="[GNB][NGAP] Receive Downlink NAS Transport"
time="2026-08-11T17:15:40+08:00" level=info msg="[UE][NAS] Message without security header"
time="2026-08-11T17:15:40+08:00" level=info msg="[UE][NAS] Receive Authentication Request"
time="2026-08-11T17:15:40+08:00" level=info msg="[UE][NAS][MAC] Authenticity of the authentication request message: OK"
time="2026-08-11T17:15:40+08:00" level=info msg="[UE][NAS][SQN] SQN of the authentication request message: VALID"
time="2026-08-11T17:15:40+08:00" level=info msg="[UE][NAS] Send authentication response"
time="2026-08-11T17:15:40+08:00" level=info msg="[UE] Switched from state 1 to state 2"
time="2026-08-11T17:15:40+08:00" level=info msg="[GNB][SCTP] Receive message in 0 stream\n"
time="2026-08-11T17:15:40+08:00" level=info msg="[GNB][NGAP] Receive Initial Context Setup Request"
time="2026-08-11T17:15:40+08:00" level=info msg="[GNB][UE] UE Context was created with successful"
time="2026-08-11T17:15:40+08:00" level=info msg="[GNB][UE] UE RAN ID 8"
time="2026-08-11T17:15:40+08:00" level=info msg="[GNB][UE] UE AMF ID 7"
time="2026-08-11T17:15:40+08:00" level=info msg="[GNB][UE] UE Mobility Restrict --Plmn-- Mcc: 208 Mnc: 93"
time="2026-08-11T17:15:40+08:00" level=info msg="[GNB][UE] UE Masked Imeisv: 1110000000ffff00"
time="2026-08-11T17:15:40+08:00" level=info msg="[GNB][UE] Allowed Nssai-- Sst: [01 01] Sd: [010203 112233]"
time="2026-08-11T17:15:40+08:00" level=info msg="[GNB][NGAP][AMF] Send Initial Context Setup Response."
time="2026-08-11T17:15:40+08:00" level=info msg="[GNB] Initiating Initial Context Setup Response"
time="2026-08-11T17:15:40+08:00" level=info msg="[GNB][NGAP] No PDU Session to set up in InitialContextSetupResponse."
time="2026-08-11T17:15:40+08:00" level=info msg="[UE][NAS] Message with security header"
time="2026-08-11T17:15:40+08:00" level=info msg="[UE][NAS] Message with integrity and ciphered"
time="2026-08-11T17:15:40+08:00" level=info msg="[UE][NAS] successful NAS CIPHERING"
time="2026-08-11T17:15:40+08:00" level=info msg="[UE][NAS] successful NAS MAC verification"
time="2026-08-11T17:15:40+08:00" level=info msg="[UE][NAS] Receive Registration Accept"
time="2026-08-11T17:15:40+08:00" level=info msg="[UE][NAS] UE 5G GUTI: &{119 11 [242 2 248 57 202 254 0 0 0 0 7]}"
time="2026-08-11T17:15:40+08:00" level=info msg="[UE] Switched from state 2 to state 3"
time="2026-08-11T17:15:40+08:00" level=info msg="[TESTER] TESTING REGISTRATION USING IMSI 0000003080 UE"
time="2026-08-11T17:15:40+08:00" level=info msg="[GNB] Received incoming connection from new UE"
time="2026-08-11T17:15:40+08:00" level=info msg="[UE] Initiating Registration"
time="2026-08-11T17:15:40+08:00" level=info msg="[UE] Switched from state 0 to state 1"
time="2026-08-11T17:15:40+08:00" level=info msg="[TESTER] TESTING REGISTRATION USING IMSI 0000003081 UE"
time="2026-08-11T17:15:40+08:00" level=info msg="[GNB] Received incoming connection from new UE"
time="2026-08-11T17:15:40+08:00" level=info msg="[UE] Initiating Registration"
time="2026-08-11T17:15:40+08:00" level=info msg="[UE] Switched from state 0 to state 1"
time="2026-08-11T17:15:40+08:00" level=info msg="[GNB][SCTP] Receive message in 0 stream\n"
time="2026-08-11T17:15:40+08:00" level=info msg="[GNB][NGAP] Receive Downlink NAS Transport"
time="2026-08-11T17:15:40+08:00" level=info msg="[UE][NAS] Message without security header"
time="2026-08-11T17:15:40+08:00" level=info msg="[UE][NAS] Receive Authentication Request"
time="2026-08-11T17:15:40+08:00" level=info msg="[UE][NAS][MAC] Authenticity of the authentication request message: OK"
time="2026-08-11T17:15:40+08:00" level=info msg="[UE][NAS][SQN] SQN of the authentication request message: VALID"
time="2026-08-11T17:15:40+08:00" level=info msg="[UE][NAS] Send authentication response"
time="2026-08-11T17:15:40+08:00" level=info msg="[UE] Switched from state 1 to state 2"
time="2026-08-11T17:15:40+08:00" level=info msg="[GNB][SCTP] Receive message in 0 stream\n"
time="2026-08-11T17:15:40+08:00" level=info msg="[GNB][NGAP] Receive Downlink NAS Transport"
time="2026-08-11T17:15:40+08:00" level=info msg="[UE][NAS] Message without security header"
time="2026-08-11T17:15:40+08:00" level=info msg="[UE][NAS] Receive Authentication Request"
time="2026-08-11T17:15:40+08:00" level=info msg="[UE][NAS][MAC] Authenticity of the authentication request message: OK"
time="2026-08-11T17:15:40+08:00" level=info msg="[UE][NAS][SQN] SQN of the authentication request message: VALID"
time="2026-08-11T17:15:40+08:00" level=info msg="[UE][NAS] Send authentication response"
time="2026-08-11T17:15:40+08:00" level=info msg="[UE] Switched from state 1 to state 2"
time="2026-08-11T17:15:40+08:00" level=info msg="[GNB][SCTP] Receive message in 0 stream\n"
time="2026-08-11T17:15:40+08:00" level=info msg="[GNB][NGAP] Receive Downlink NAS Transport"
time="2026-08-11T17:15:40+08:00" level=info msg="[UE][NAS] Message with security header"
time="2026-08-11T17:15:40+08:00" level=info msg="[UE][NAS] Message with integrity and with NEW 5G NAS SECURITY CONTEXT"
time="2026-08-11T17:15:40+08:00" level=info msg="[UE][NAS] successful NAS MAC verification"
time="2026-08-11T17:15:40+08:00" level=info msg="[UE][NAS] Receive Security Mode Command"
time="2026-08-11T17:15:40+08:00" level=info msg="[UE][NAS] Type of ciphering algorithm is 5G-EA0"
time="2026-08-11T17:15:40+08:00" level=info msg="[UE][NAS] Type of integrity protection algorithm is 128-5G-IA2"
time="2026-08-11T17:15:40+08:00" level=info msg="[TESTER] TESTING REGISTRATION USING IMSI 0000003082 UE"
time="2026-08-11T17:15:40+08:00" level=info msg="[GNB] Received incoming connection from new UE"
time="2026-08-11T17:15:40+08:00" level=info msg="[UE] Initiating Registration"
time="2026-08-11T17:15:40+08:00" level=info msg="[UE] Switched from state 0 to state 1"
time="2026-08-11T17:15:40+08:00" level=info msg="[TESTER] TESTING REGISTRATION USING IMSI 0000003083 UE"
time="2026-08-11T17:15:40+08:00" level=info msg="[GNB] Received incoming connection from new UE"
time="2026-08-11T17:15:40+08:00" level=info msg="[UE] Initiating Registration"
time="2026-08-11T17:15:40+08:00" level=info msg="[UE] Switched from state 0 to state 1"
time="2026-08-11T17:15:40+08:00" level=info msg="[GNB][SCTP] Receive message in 0 stream\n"
time="2026-08-11T17:15:40+08:00" level=info msg="[GNB][NGAP] Receive Downlink NAS Transport"
time="2026-08-11T17:15:40+08:00" level=info msg="[UE][NAS] Message without security header"
time="2026-08-11T17:15:40+08:00" level=info msg="[UE][NAS] Receive Authentication Request"
time="2026-08-11T17:15:40+08:00" level=info msg="[UE][NAS][MAC] Authenticity of the authentication request message: OK"
time="2026-08-11T17:15:40+08:00" level=info msg="[UE][NAS][SQN] SQN of the authentication request message: VALID"
time="2026-08-11T17:15:40+08:00" level=info msg="[UE][NAS] Send authentication response"
time="2026-08-11T17:15:40+08:00" level=info msg="[UE] Switched from state 1 to state 2"
time="2026-08-11T17:15:40+08:00" level=info msg="[TESTER] TESTING REGISTRATION USING IMSI 0000003084 UE"
time="2026-08-11T17:15:40+08:00" level=info msg="[GNB] Received incoming connection from new UE"
time="2026-08-11T17:15:40+08:00" level=info msg="[UE] Initiating Registration"
time="2026-08-11T17:15:40+08:00" level=info msg="[UE] Switched from state 0 to state 1"
time="2026-08-11T17:15:41+08:00" level=info msg="[TESTER] TESTING REGISTRATION USING IMSI 0000003085 UE"
time="2026-08-11T17:15:41+08:00" level=info msg="[GNB] Received incoming connection from new UE"
time="2026-08-11T17:15:41+08:00" level=info msg="[UE] Initiating Registration"
time="2026-08-11T17:15:41+08:00" level=info msg="[UE] Switched from state 0 to state 1"
time="2026-08-11T17:15:41+08:00" level=info msg="[TESTER] TESTING REGISTRATION USING IMSI 0000003086 UE"
time="2026-08-11T17:15:41+08:00" level=info msg="[GNB] Received incoming connection from new UE"
time="2026-08-11T17:15:41+08:00" level=info msg="[UE] Initiating Registration"
time="2026-08-11T17:15:41+08:00" level=info msg="[UE] Switched from state 0 to state 1"
time="2026-08-11T17:15:41+08:00" level=info msg="[GNB][SCTP] Receive message in 0 stream\n"
time="2026-08-11T17:15:41+08:00" level=info msg="[GNB][NGAP] Receive Downlink NAS Transport"
time="2026-08-11T17:15:41+08:00" level=info msg="[UE][NAS] Message without security header"
time="2026-08-11T17:15:41+08:00" level=info msg="[UE][NAS] Receive Authentication Request"
time="2026-08-11T17:15:41+08:00" level=info msg="[UE][NAS][MAC] Authenticity of the authentication request message: OK"
time="2026-08-11T17:15:41+08:00" level=info msg="[UE][NAS][SQN] SQN of the authentication request message: VALID"
time="2026-08-11T17:15:41+08:00" level=info msg="[UE][NAS] Send authentication response"
time="2026-08-11T17:15:41+08:00" level=info msg="[UE] Switched from state 1 to state 2"
time="2026-08-11T17:15:41+08:00" level=info msg="[GNB][SCTP] Receive message in 0 stream\n"
time="2026-08-11T17:15:41+08:00" level=info msg="[GNB][NGAP] Receive Downlink NAS Transport"
time="2026-08-11T17:15:41+08:00" level=info msg="[UE][NAS] Message with security header"
time="2026-08-11T17:15:41+08:00" level=info msg="[UE][NAS] Message with integrity and with NEW 5G NAS SECURITY CONTEXT"
time="2026-08-11T17:15:41+08:00" level=info msg="[UE][NAS] successful NAS MAC verification"
time="2026-08-11T17:15:41+08:00" level=info msg="[UE][NAS] Receive Security Mode Command"
time="2026-08-11T17:15:41+08:00" level=info msg="[UE][NAS] Type of ciphering algorithm is 5G-EA0"
time="2026-08-11T17:15:41+08:00" level=info msg="[UE][NAS] Type of integrity protection algorithm is 128-5G-IA2"
time="2026-08-11T17:15:41+08:00" level=info msg="[TESTER] TESTING REGISTRATION USING IMSI 0000003087 UE"
time="2026-08-11T17:15:41+08:00" level=info msg="[GNB] Received incoming connection from new UE"
time="2026-08-11T17:15:41+08:00" level=info msg="[UE] Initiating Registration"
time="2026-08-11T17:15:41+08:00" level=info msg="[UE] Switched from state 0 to state 1"
time="2026-08-11T17:15:41+08:00" level=info msg="[TESTER] TESTING REGISTRATION USING IMSI 0000003088 UE"
time="2026-08-11T17:15:41+08:00" level=info msg="[GNB] Received incoming connection from new UE"
time="2026-08-11T17:15:41+08:00" level=info msg="[UE] Initiating Registration"
time="2026-08-11T17:15:41+08:00" level=info msg="[UE] Switched from state 0 to state 1"
time="2026-08-11T17:15:41+08:00" level=info msg="[GNB][SCTP] Receive message in 0 stream\n"
time="2026-08-11T17:15:41+08:00" level=info msg="[GNB][NGAP] Receive Downlink NAS Transport"
time="2026-08-11T17:15:41+08:00" level=info msg="[UE][NAS] Message without security header"
time="2026-08-11T17:15:41+08:00" level=info msg="[UE][NAS] Receive Authentication Request"
time="2026-08-11T17:15:41+08:00" level=info msg="[UE][NAS][MAC] Authenticity of the authentication request message: OK"
time="2026-08-11T17:15:41+08:00" level=info msg="[UE][NAS][SQN] SQN of the authentication request message: VALID"
time="2026-08-11T17:15:41+08:00" level=info msg="[UE][NAS] Send authentication response"
time="2026-08-11T17:15:41+08:00" level=info msg="[UE] Switched from state 1 to state 2"
time="2026-08-11T17:15:41+08:00" level=info msg="[GNB][SCTP] Receive message in 0 stream\n"
time="2026-08-11T17:15:41+08:00" level=info msg="[GNB][NGAP] Receive Downlink NAS Transport"
time="2026-08-11T17:15:41+08:00" level=info msg="[UE][NAS] Message without security header"
time="2026-08-11T17:15:41+08:00" level=info msg="[UE][NAS] Receive Authentication Request"
time="2026-08-11T17:15:41+08:00" level=info msg="[UE][NAS][MAC] Authenticity of the authentication request message: OK"
time="2026-08-11T17:15:41+08:00" level=info msg="[UE][NAS][SQN] SQN of the authentication request message: VALID"
time="2026-08-11T17:15:41+08:00" level=info msg="[UE][NAS] Send authentication response"
time="2026-08-11T17:15:41+08:00" level=info msg="[UE] Switched from state 1 to state 2"
time="2026-08-11T17:15:41+08:00" level=info msg="[GNB][SCTP] Receive message in 0 stream\n"
time="2026-08-11T17:15:41+08:00" level=info msg="[GNB][NGAP] Receive Downlink NAS Transport"
time="2026-08-11T17:15:41+08:00" level=info msg="[UE][NAS] Message with security header"
time="2026-08-11T17:15:41+08:00" level=info msg="[UE][NAS] Message with integrity and with NEW 5G NAS SECURITY CONTEXT"
time="2026-08-11T17:15:41+08:00" level=info msg="[UE][NAS] successful NAS MAC verification"
time="2026-08-11T17:15:41+08:00" level=info msg="[UE][NAS] Receive Security Mode Command"
time="2026-08-11T17:15:41+08:00" level=info msg="[UE][NAS] Type of ciphering algorithm is 5G-EA0"
time="2026-08-11T17:15:41+08:00" level=info msg="[UE][NAS] Type of integrity protection algorithm is 128-5G-IA2"
time="2026-08-11T17:15:41+08:00" level=info msg="[TESTER] TESTING REGISTRATION USING IMSI 0000003089 UE"
time="2026-08-11T17:15:41+08:00" level=info msg="[GNB] Received incoming connection from new UE"
time="2026-08-11T17:15:41+08:00" level=info msg="[UE] Initiating Registration"
time="2026-08-11T17:15:41+08:00" level=info msg="[UE] Switched from state 0 to state 1"
time="2026-08-11T17:15:41+08:00" level=info msg="[TESTER] TESTING REGISTRATION USING IMSI 0000003090 UE"
time="2026-08-11T17:15:41+08:00" level=info msg="[GNB] Received incoming connection from new UE"
time="2026-08-11T17:15:41+08:00" level=info msg="[UE] Initiating Registration"
time="2026-08-11T17:15:41+08:00" level=info msg="[UE] Switched from state 0 to state 1"
time="2026-08-11T17:15:41+08:00" level=info msg="[GNB][SCTP] Receive message in 0 stream\n"
time="2026-08-11T17:15:41+08:00" level=info msg="[TESTER] TESTING REGISTRATION USING IMSI 0000003091 UE"
time="2026-08-11T17:15:41+08:00" level=info msg="[GNB] Received incoming connection from new UE"
time="2026-08-11T17:15:41+08:00" level=info msg="[UE] Initiating Registration"
time="2026-08-11T17:15:41+08:00" level=info msg="[UE] Switched from state 0 to state 1"
time="2026-08-11T17:15:41+08:00" level=info msg="[GNB][NGAP] Receive Downlink NAS Transport"
time="2026-08-11T17:15:41+08:00" level=info msg="[UE][NAS] Message with security header"
time="2026-08-11T17:15:41+08:00" level=info msg="[UE][NAS] Message with integrity and with NEW 5G NAS SECURITY CONTEXT"
time="2026-08-11T17:15:41+08:00" level=info msg="[UE][NAS] successful NAS MAC verification"
time="2026-08-11T17:15:41+08:00" level=info msg="[UE][NAS] Receive Security Mode Command"
time="2026-08-11T17:15:41+08:00" level=info msg="[UE][NAS] Type of ciphering algorithm is 5G-EA0"
time="2026-08-11T17:15:41+08:00" level=info msg="[UE][NAS] Type of integrity protection algorithm is 128-5G-IA2"
time="2026-08-11T17:15:41+08:00" level=info msg="[GNB][SCTP] Receive message in 0 stream\n"
time="2026-08-11T17:15:41+08:00" level=info msg="[GNB][NGAP] Receive Downlink NAS Transport"
time="2026-08-11T17:15:41+08:00" level=info msg="[UE][NAS] Message with security header"
time="2026-08-11T17:15:41+08:00" level=info msg="[UE][NAS] Message with integrity and ciphered"
time="2026-08-11T17:15:41+08:00" level=info msg="[UE][NAS] successful NAS CIPHERING"
time="2026-08-11T17:15:41+08:00" level=info msg="[UE][NAS] successful NAS MAC verification"
time="2026-08-11T17:15:41+08:00" level=info msg="[UE][NAS] Receive Configuration Update Command"
time="2026-08-11T17:15:41+08:00" level=info msg="[UE] Initiating Configuration Update Complete"
time="2026-08-11T17:15:41+08:00" level=info msg="[TESTER] TESTING REGISTRATION USING IMSI 0000003092 UE"
time="2026-08-11T17:15:41+08:00" level=info msg="[GNB] Received incoming connection from new UE"
time="2026-08-11T17:15:41+08:00" level=info msg="[UE] Initiating Registration"
time="2026-08-11T17:15:41+08:00" level=info msg="[UE] Switched from state 0 to state 1"
time="2026-08-11T17:15:41+08:00" level=info msg="[TESTER] TESTING REGISTRATION USING IMSI 0000003093 UE"
time="2026-08-11T17:15:41+08:00" level=info msg="[GNB] Received incoming connection from new UE"
time="2026-08-11T17:15:41+08:00" level=info msg="[UE] Initiating Registration"
time="2026-08-11T17:15:41+08:00" level=info msg="[UE] Switched from state 0 to state 1"
time="2026-08-11T17:15:41+08:00" level=info msg="[GNB][SCTP] Receive message in 0 stream\n"
time="2026-08-11T17:15:41+08:00" level=info msg="[GNB][NGAP] Receive Downlink NAS Transport"
time="2026-08-11T17:15:41+08:00" level=info msg="[UE][NAS] Message without security header"
time="2026-08-11T17:15:41+08:00" level=info msg="[UE][NAS] Receive Authentication Request"
time="2026-08-11T17:15:41+08:00" level=info msg="[UE][NAS][MAC] Authenticity of the authentication request message: OK"
time="2026-08-11T17:15:41+08:00" level=info msg="[UE][NAS][SQN] SQN of the authentication request message: VALID"
time="2026-08-11T17:15:41+08:00" level=info msg="[UE][NAS] Send authentication response"
time="2026-08-11T17:15:41+08:00" level=info msg="[UE] Switched from state 1 to state 2"
time="2026-08-11T17:15:41+08:00" level=info msg="[TESTER] TESTING REGISTRATION USING IMSI 0000003094 UE"
time="2026-08-11T17:15:41+08:00" level=info msg="[GNB] Received incoming connection from new UE"
time="2026-08-11T17:15:41+08:00" level=info msg="[UE] Initiating Registration"
time="2026-08-11T17:15:41+08:00" level=info msg="[UE] Switched from state 0 to state 1"
time="2026-08-11T17:15:41+08:00" level=info msg="[TESTER] TESTING REGISTRATION USING IMSI 0000003095 UE"
time="2026-08-11T17:15:41+08:00" level=info msg="[GNB] Received incoming connection from new UE"
time="2026-08-11T17:15:41+08:00" level=info msg="[UE] Initiating Registration"
time="2026-08-11T17:15:41+08:00" level=info msg="[UE] Switched from state 0 to state 1"
time="2026-08-11T17:15:41+08:00" level=info msg="[TESTER] TESTING REGISTRATION USING IMSI 0000003096 UE"
time="2026-08-11T17:15:41+08:00" level=info msg="[GNB] Received incoming connection from new UE"
time="2026-08-11T17:15:41+08:00" level=info msg="[UE] Initiating Registration"
time="2026-08-11T17:15:41+08:00" level=info msg="[UE] Switched from state 0 to state 1"
time="2026-08-11T17:15:41+08:00" level=info msg="[GNB][SCTP] Receive message in 0 stream\n"
time="2026-08-11T17:15:41+08:00" level=info msg="[GNB][NGAP] Receive Downlink NAS Transport"
time="2026-08-11T17:15:41+08:00" level=info msg="[UE][NAS] Message without security header"
time="2026-08-11T17:15:41+08:00" level=info msg="[UE][NAS] Receive Authentication Request"
time="2026-08-11T17:15:41+08:00" level=info msg="[UE][NAS][MAC] Authenticity of the authentication request message: OK"
time="2026-08-11T17:15:41+08:00" level=info msg="[UE][NAS][SQN] SQN of the authentication request message: VALID"
time="2026-08-11T17:15:41+08:00" level=info msg="[UE][NAS] Send authentication response"
time="2026-08-11T17:15:41+08:00" level=info msg="[UE] Switched from state 1 to state 2"
time="2026-08-11T17:15:41+08:00" level=info msg="[TESTER] TESTING REGISTRATION USING IMSI 0000003097 UE"
time="2026-08-11T17:15:41+08:00" level=info msg="[GNB] Received incoming connection from new UE"
time="2026-08-11T17:15:41+08:00" level=info msg="[UE] Initiating Registration"
time="2026-08-11T17:15:41+08:00" level=info msg="[UE] Switched from state 0 to state 1"
time="2026-08-11T17:15:41+08:00" level=info msg="[GNB][SCTP] Receive message in 0 stream\n"
time="2026-08-11T17:15:41+08:00" level=info msg="[GNB][NGAP] Receive Initial Context Setup Request"
time="2026-08-11T17:15:41+08:00" level=info msg="[GNB][UE] UE Context was created with successful"
time="2026-08-11T17:15:41+08:00" level=info msg="[GNB][UE] UE RAN ID 16"
time="2026-08-11T17:15:41+08:00" level=info msg="[GNB][UE] UE AMF ID 12"
time="2026-08-11T17:15:41+08:00" level=info msg="[GNB][UE] UE Mobility Restrict --Plmn-- Mcc: 208 Mnc: 93"
time="2026-08-11T17:15:41+08:00" level=info msg="[GNB][UE] UE Masked Imeisv: 1110000000ffff00"
time="2026-08-11T17:15:41+08:00" level=info msg="[GNB][UE] Allowed Nssai-- Sst: [01 01] Sd: [010203 112233]"
time="2026-08-11T17:15:41+08:00" level=info msg="[GNB][NGAP][AMF] Send Initial Context Setup Response."
time="2026-08-11T17:15:41+08:00" level=info msg="[GNB] Initiating Initial Context Setup Response"
time="2026-08-11T17:15:41+08:00" level=info msg="[GNB][NGAP] No PDU Session to set up in InitialContextSetupResponse."
time="2026-08-11T17:15:41+08:00" level=info msg="[UE][NAS] Message with security header"
time="2026-08-11T17:15:41+08:00" level=info msg="[UE][NAS] Message with integrity and ciphered"
time="2026-08-11T17:15:41+08:00" level=info msg="[UE][NAS] successful NAS CIPHERING"
time="2026-08-11T17:15:41+08:00" level=info msg="[UE][NAS] successful NAS MAC verification"
time="2026-08-11T17:15:41+08:00" level=info msg="[UE][NAS] Receive Registration Accept"
time="2026-08-11T17:15:41+08:00" level=info msg="[UE][NAS] UE 5G GUTI: &{119 11 [242 2 248 57 202 254 0 0 0 0 12]}"
time="2026-08-11T17:15:41+08:00" level=info msg="[UE] Switched from state 2 to state 3"
time="2026-08-11T17:15:41+08:00" level=info msg="[TESTER] TESTING REGISTRATION USING IMSI 0000003098 UE"
time="2026-08-11T17:15:41+08:00" level=info msg="[GNB] Received incoming connection from new UE"
time="2026-08-11T17:15:41+08:00" level=info msg="[UE] Initiating Registration"
time="2026-08-11T17:15:41+08:00" level=info msg="[UE] Switched from state 0 to state 1"
time="2026-08-11T17:15:41+08:00" level=info msg="[GNB][SCTP] Receive message in 0 stream\n"
time="2026-08-11T17:15:41+08:00" level=info msg="[GNB][NGAP] Receive Downlink NAS Transport"
time="2026-08-11T17:15:41+08:00" level=info msg="[UE][NAS] Message without security header"
time="2026-08-11T17:15:41+08:00" level=info msg="[UE][NAS] Receive Authentication Request"
time="2026-08-11T17:15:41+08:00" level=info msg="[UE][NAS][MAC] Authenticity of the authentication request message: OK"
time="2026-08-11T17:15:41+08:00" level=info msg="[UE][NAS][SQN] SQN of the authentication request message: VALID"
time="2026-08-11T17:15:41+08:00" level=info msg="[UE][NAS] Send authentication response"
time="2026-08-11T17:15:41+08:00" level=info msg="[GNB][SCTP] Receive message in 0 stream\n"
time="2026-08-11T17:15:41+08:00" level=info msg="[UE] Switched from state 1 to state 2"
time="2026-08-11T17:15:41+08:00" level=info msg="[GNB][NGAP] Receive Downlink NAS Transport"
time="2026-08-11T17:15:41+08:00" level=info msg="[UE][NAS] Message without security header"
time="2026-08-11T17:15:41+08:00" level=info msg="[UE][NAS] Receive Authentication Request"
time="2026-08-11T17:15:41+08:00" level=info msg="[UE][NAS][MAC] Authenticity of the authentication request message: OK"
time="2026-08-11T17:15:41+08:00" level=info msg="[UE][NAS][SQN] SQN of the authentication request message: VALID"
time="2026-08-11T17:15:41+08:00" level=info msg="[UE][NAS] Send authentication response"
time="2026-08-11T17:15:41+08:00" level=info msg="[UE] Switched from state 1 to state 2"
time="2026-08-11T17:15:41+08:00" level=info msg="[TESTER] TESTING REGISTRATION USING IMSI 0000003099 UE"
time="2026-08-11T17:15:41+08:00" level=info msg="[GNB] Received incoming connection from new UE"
time="2026-08-11T17:15:41+08:00" level=info msg="[UE] Initiating Registration"
time="2026-08-11T17:15:41+08:00" level=info msg="[UE] Switched from state 0 to state 1"
time="2026-08-11T17:15:41+08:00" level=info msg="[GNB][SCTP] Receive message in 0 stream\n"
time="2026-08-11T17:15:41+08:00" level=info msg="[GNB][SCTP] Receive message in 0 stream\n"
time="2026-08-11T17:15:41+08:00" level=info msg="[GNB][NGAP] Receive Downlink NAS Transport"
time="2026-08-11T17:15:41+08:00" level=info msg="[UE][NAS] Message with security header"
time="2026-08-11T17:15:41+08:00" level=info msg="[UE][NAS] Message with integrity and with NEW 5G NAS SECURITY CONTEXT"
time="2026-08-11T17:15:41+08:00" level=info msg="[UE][NAS] successful NAS MAC verification"
time="2026-08-11T17:15:41+08:00" level=info msg="[UE][NAS] Receive Security Mode Command"
time="2026-08-11T17:15:41+08:00" level=info msg="[UE][NAS] Type of ciphering algorithm is 5G-EA0"
time="2026-08-11T17:15:41+08:00" level=info msg="[UE][NAS] Type of integrity protection algorithm is 128-5G-IA2"
time="2026-08-11T17:15:41+08:00" level=info msg="[GNB][NGAP] Receive Downlink NAS Transport"
time="2026-08-11T17:15:41+08:00" level=info msg="[UE][NAS] Message with security header"
time="2026-08-11T17:15:41+08:00" level=info msg="[UE][NAS] Message with integrity and with NEW 5G NAS SECURITY CONTEXT"
time="2026-08-11T17:15:41+08:00" level=info msg="[UE][NAS] successful NAS MAC verification"
time="2026-08-11T17:15:41+08:00" level=info msg="[UE][NAS] Receive Security Mode Command"
time="2026-08-11T17:15:41+08:00" level=info msg="[UE][NAS] Type of ciphering algorithm is 5G-EA0"
time="2026-08-11T17:15:41+08:00" level=info msg="[UE][NAS] Type of integrity protection algorithm is 128-5G-IA2"
time="2026-08-11T17:15:41+08:00" level=info msg="[TESTER] TESTING REGISTRATION USING IMSI 0000003100 UE"
time="2026-08-11T17:15:41+08:00" level=info msg="[GNB] Received incoming connection from new UE"
time="2026-08-11T17:15:41+08:00" level=info msg="[UE] Initiating Registration"
time="2026-08-11T17:15:41+08:00" level=info msg="[UE] Switched from state 0 to state 1"
time="2026-08-11T17:15:41+08:00" level=info msg="[GNB][SCTP] Receive message in 0 stream\n"
time="2026-08-11T17:15:41+08:00" level=info msg="[GNB][NGAP] Receive Downlink NAS Transport"
time="2026-08-11T17:15:41+08:00" level=info msg="[UE][NAS] Message without security header"
time="2026-08-11T17:15:41+08:00" level=info msg="[UE][NAS] Receive Authentication Request"
time="2026-08-11T17:15:41+08:00" level=info msg="[UE][NAS][MAC] Authenticity of the authentication request message: OK"
time="2026-08-11T17:15:41+08:00" level=info msg="[UE][NAS][SQN] SQN of the authentication request message: VALID"
time="2026-08-11T17:15:41+08:00" level=info msg="[UE][NAS] Send authentication response"
time="2026-08-11T17:15:41+08:00" level=info msg="[UE] Switched from state 1 to state 2"
time="2026-08-11T17:15:41+08:00" level=info msg="[GNB][SCTP] Receive message in 0 stream\n"
time="2026-08-11T17:15:41+08:00" level=info msg="[GNB][NGAP] Receive Downlink NAS Transport"
time="2026-08-11T17:15:41+08:00" level=info msg="[UE][NAS] Message without security header"
time="2026-08-11T17:15:41+08:00" level=info msg="[UE][NAS] Receive Authentication Request"
time="2026-08-11T17:15:41+08:00" level=info msg="[UE][NAS][MAC] Authenticity of the authentication request message: OK"
time="2026-08-11T17:15:41+08:00" level=info msg="[UE][NAS][SQN] SQN of the authentication request message: VALID"
time="2026-08-11T17:15:41+08:00" level=info msg="[UE][NAS] Send authentication response"
time="2026-08-11T17:15:41+08:00" level=info msg="[UE] Switched from state 1 to state 2"
time="2026-08-11T17:15:42+08:00" level=info msg="[GNB][SCTP] Receive message in 0 stream\n"
time="2026-08-11T17:15:42+08:00" level=info msg="[GNB][NGAP] Receive Initial Context Setup Request"
time="2026-08-11T17:15:42+08:00" level=info msg="[GNB][UE] UE Context was created with successful"
time="2026-08-11T17:15:42+08:00" level=info msg="[GNB][UE] UE RAN ID 14"
time="2026-08-11T17:15:42+08:00" level=info msg="[GNB][UE] UE AMF ID 14"
time="2026-08-11T17:15:42+08:00" level=info msg="[GNB][UE] UE Mobility Restrict --Plmn-- Mcc: 208 Mnc: 93"
time="2026-08-11T17:15:42+08:00" level=info msg="[GNB][UE] UE Masked Imeisv: 1110000000ffff00"
time="2026-08-11T17:15:42+08:00" level=info msg="[GNB][UE] Allowed Nssai-- Sst: [01 01] Sd: [010203 112233]"
time="2026-08-11T17:15:42+08:00" level=info msg="[UE][NAS] Message with security header"
time="2026-08-11T17:15:42+08:00" level=info msg="[UE][NAS] Message with integrity and ciphered"
time="2026-08-11T17:15:42+08:00" level=info msg="[UE][NAS] successful NAS CIPHERING"
time="2026-08-11T17:15:42+08:00" level=info msg="[UE][NAS] successful NAS MAC verification"
time="2026-08-11T17:15:42+08:00" level=info msg="[UE][NAS] Receive Registration Accept"
time="2026-08-11T17:15:42+08:00" level=info msg="[UE][NAS] UE 5G GUTI: &{119 11 [242 2 248 57 202 254 0 0 0 0 14]}"
time="2026-08-11T17:15:42+08:00" level=info msg="[GNB][NGAP][AMF] Send Initial Context Setup Response."
time="2026-08-11T17:15:42+08:00" level=info msg="[GNB] Initiating Initial Context Setup Response"
time="2026-08-11T17:15:42+08:00" level=info msg="[GNB][NGAP] No PDU Session to set up in InitialContextSetupResponse."
time="2026-08-11T17:15:42+08:00" level=info msg="[UE] Switched from state 2 to state 3"
time="2026-08-11T17:15:42+08:00" level=info msg="[GNB][SCTP] Receive message in 0 stream\n"
time="2026-08-11T17:15:42+08:00" level=info msg="[GNB][NGAP] Receive Initial Context Setup Request"
time="2026-08-11T17:15:42+08:00" level=info msg="[GNB][UE] UE Context was created with successful"
time="2026-08-11T17:15:42+08:00" level=info msg="[GNB][UE] UE RAN ID 11"
time="2026-08-11T17:15:42+08:00" level=info msg="[GNB][UE] UE AMF ID 11"
time="2026-08-11T17:15:42+08:00" level=info msg="[GNB][UE] UE Mobility Restrict --Plmn-- Mcc: 208 Mnc: 93"
time="2026-08-11T17:15:42+08:00" level=info msg="[GNB][UE] UE Masked Imeisv: 1110000000ffff00"
time="2026-08-11T17:15:42+08:00" level=info msg="[GNB][UE] Allowed Nssai-- Sst: [01 01] Sd: [010203 112233]"
time="2026-08-11T17:15:42+08:00" level=info msg="[GNB][NGAP][AMF] Send Initial Context Setup Response."
time="2026-08-11T17:15:42+08:00" level=info msg="[GNB] Initiating Initial Context Setup Response"
time="2026-08-11T17:15:42+08:00" level=info msg="[GNB][NGAP] No PDU Session to set up in InitialContextSetupResponse."
time="2026-08-11T17:15:42+08:00" level=info msg="[UE][NAS] Message with security header"
time="2026-08-11T17:15:42+08:00" level=info msg="[UE][NAS] Message with integrity and ciphered"
time="2026-08-11T17:15:42+08:00" level=info msg="[UE][NAS] successful NAS CIPHERING"
time="2026-08-11T17:15:42+08:00" level=info msg="[UE][NAS] successful NAS MAC verification"
time="2026-08-11T17:15:42+08:00" level=info msg="[UE][NAS] Receive Registration Accept"
time="2026-08-11T17:15:42+08:00" level=info msg="[UE][NAS] UE 5G GUTI: &{119 11 [242 2 248 57 202 254 0 0 0 0 11]}"
time="2026-08-11T17:15:42+08:00" level=info msg="[UE] Switched from state 2 to state 3"
time="2026-08-11T17:15:42+08:00" level=info msg="[GNB][SCTP] Receive message in 0 stream\n"
time="2026-08-11T17:15:42+08:00" level=info msg="[GNB][NGAP] Receive Downlink NAS Transport"
time="2026-08-11T17:15:42+08:00" level=info msg="[UE][NAS] Message with security header"
time="2026-08-11T17:15:42+08:00" level=info msg="[UE][NAS] Message with integrity and with NEW 5G NAS SECURITY CONTEXT"
time="2026-08-11T17:15:42+08:00" level=info msg="[UE][NAS] successful NAS MAC verification"
time="2026-08-11T17:15:42+08:00" level=info msg="[UE][NAS] Receive Security Mode Command"
time="2026-08-11T17:15:42+08:00" level=info msg="[UE][NAS] Type of ciphering algorithm is 5G-EA0"
time="2026-08-11T17:15:42+08:00" level=info msg="[UE][NAS] Type of integrity protection algorithm is 128-5G-IA2"
time="2026-08-11T17:15:42+08:00" level=info msg="[GNB][SCTP] Receive message in 0 stream\n"
time="2026-08-11T17:15:42+08:00" level=info msg="[GNB][SCTP] Receive message in 0 stream\n"
time="2026-08-11T17:15:42+08:00" level=info msg="[GNB][NGAP] Receive Downlink NAS Transport"
time="2026-08-11T17:15:42+08:00" level=info msg="[UE][NAS] Message with security header"
time="2026-08-11T17:15:42+08:00" level=info msg="[UE][NAS] Message with integrity and with NEW 5G NAS SECURITY CONTEXT"
time="2026-08-11T17:15:42+08:00" level=info msg="[UE][NAS] successful NAS MAC verification"
time="2026-08-11T17:15:42+08:00" level=info msg="[UE][NAS] Receive Security Mode Command"
time="2026-08-11T17:15:42+08:00" level=info msg="[UE][NAS] Type of ciphering algorithm is 5G-EA0"
time="2026-08-11T17:15:42+08:00" level=info msg="[UE][NAS] Type of integrity protection algorithm is 128-5G-IA2"
time="2026-08-11T17:15:42+08:00" level=info msg="[GNB][NGAP] Receive Downlink NAS Transport"
time="2026-08-11T17:15:42+08:00" level=info msg="[UE][NAS] Message with security header"
time="2026-08-11T17:15:42+08:00" level=info msg="[UE][NAS] Message with integrity and ciphered"
time="2026-08-11T17:15:42+08:00" level=info msg="[UE][NAS] successful NAS CIPHERING"
time="2026-08-11T17:15:42+08:00" level=info msg="[UE][NAS] successful NAS MAC verification"
time="2026-08-11T17:15:42+08:00" level=info msg="[UE][NAS] Receive Configuration Update Command"
time="2026-08-11T17:15:42+08:00" level=info msg="[UE] Initiating Configuration Update Complete"
time="2026-08-11T17:15:42+08:00" level=info msg="[GNB][SCTP] Receive message in 0 stream\n"
time="2026-08-11T17:15:42+08:00" level=info msg="[GNB][SCTP] Receive message in 0 stream\n"
time="2026-08-11T17:15:42+08:00" level=info msg="[GNB][NGAP] Receive Downlink NAS Transport"
time="2026-08-11T17:15:42+08:00" level=info msg="[UE][NAS] Message without security header"
time="2026-08-11T17:15:42+08:00" level=info msg="[UE][NAS] Receive Authentication Request"
time="2026-08-11T17:15:42+08:00" level=info msg="[UE][NAS][MAC] Authenticity of the authentication request message: OK"
time="2026-08-11T17:15:42+08:00" level=info msg="[UE][NAS][SQN] SQN of the authentication request message: VALID"
time="2026-08-11T17:15:42+08:00" level=info msg="[UE][NAS] Send authentication response"
time="2026-08-11T17:15:42+08:00" level=info msg="[GNB][SCTP] Receive message in 0 stream\n"
time="2026-08-11T17:15:42+08:00" level=info msg="[GNB][SCTP] Receive message in 0 stream\n"
time="2026-08-11T17:15:42+08:00" level=info msg="[UE] Switched from state 1 to state 2"
time="2026-08-11T17:15:42+08:00" level=info msg="[GNB][NGAP] Receive Downlink NAS Transport"
time="2026-08-11T17:15:42+08:00" level=info msg="[UE][NAS] Message without security header"
time="2026-08-11T17:15:42+08:00" level=info msg="[UE][NAS] Receive Authentication Request"
time="2026-08-11T17:15:42+08:00" level=info msg="[UE][NAS][MAC] Authenticity of the authentication request message: OK"
time="2026-08-11T17:15:42+08:00" level=info msg="[UE][NAS][SQN] SQN of the authentication request message: VALID"
time="2026-08-11T17:15:42+08:00" level=info msg="[UE][NAS] Send authentication response"
time="2026-08-11T17:15:42+08:00" level=info msg="[GNB][NGAP] Receive Downlink NAS Transport"
time="2026-08-11T17:15:42+08:00" level=info msg="[UE][NAS] Message without security header"
time="2026-08-11T17:15:42+08:00" level=info msg="[UE][NAS] Receive Authentication Request"
time="2026-08-11T17:15:42+08:00" level=info msg="[UE][NAS][MAC] Authenticity of the authentication request message: OK"
time="2026-08-11T17:15:42+08:00" level=info msg="[UE][NAS][SQN] SQN of the authentication request message: VALID"
time="2026-08-11T17:15:42+08:00" level=info msg="[UE][NAS] Send authentication response"
time="2026-08-11T17:15:42+08:00" level=info msg="[GNB][NGAP] Receive Downlink NAS Transport"
time="2026-08-11T17:15:42+08:00" level=info msg="[UE][NAS] Message without security header"
time="2026-08-11T17:15:42+08:00" level=info msg="[UE][NAS] Receive Authentication Request"
time="2026-08-11T17:15:42+08:00" level=info msg="[UE][NAS][MAC] Authenticity of the authentication request message: OK"
time="2026-08-11T17:15:42+08:00" level=info msg="[UE][NAS][SQN] SQN of the authentication request message: VALID"
time="2026-08-11T17:15:42+08:00" level=info msg="[UE][NAS] Send authentication response"
time="2026-08-11T17:15:42+08:00" level=info msg="[UE] Switched from state 1 to state 2"
time="2026-08-11T17:15:42+08:00" level=info msg="[UE] Switched from state 1 to state 2"
time="2026-08-11T17:15:42+08:00" level=info msg="[UE] Switched from state 1 to state 2"
time="2026-08-11T17:15:42+08:00" level=info msg="[GNB][SCTP] Receive message in 0 stream\n"
time="2026-08-11T17:15:42+08:00" level=info msg="[GNB][NGAP] Receive Downlink NAS Transport"
time="2026-08-11T17:15:42+08:00" level=info msg="[UE][NAS] Message with security header"
time="2026-08-11T17:15:42+08:00" level=info msg="[UE][NAS] Message with integrity and with NEW 5G NAS SECURITY CONTEXT"
time="2026-08-11T17:15:42+08:00" level=info msg="[UE][NAS] successful NAS MAC verification"
time="2026-08-11T17:15:42+08:00" level=info msg="[UE][NAS] Receive Security Mode Command"
time="2026-08-11T17:15:42+08:00" level=info msg="[UE][NAS] Type of ciphering algorithm is 5G-EA0"
time="2026-08-11T17:15:42+08:00" level=info msg="[UE][NAS] Type of integrity protection algorithm is 128-5G-IA2"
time="2026-08-11T17:15:42+08:00" level=info msg="[GNB][SCTP] Receive message in 0 stream\n"
time="2026-08-11T17:15:42+08:00" level=info msg="[GNB][NGAP] Receive Downlink NAS Transport"
time="2026-08-11T17:15:42+08:00" level=info msg="[UE][NAS] Message with security header"
time="2026-08-11T17:15:42+08:00" level=info msg="[UE][NAS] Message with integrity and with NEW 5G NAS SECURITY CONTEXT"
time="2026-08-11T17:15:42+08:00" level=info msg="[UE][NAS] successful NAS MAC verification"
time="2026-08-11T17:15:42+08:00" level=info msg="[UE][NAS] Receive Security Mode Command"
time="2026-08-11T17:15:42+08:00" level=info msg="[UE][NAS] Type of ciphering algorithm is 5G-EA0"
time="2026-08-11T17:15:42+08:00" level=info msg="[UE][NAS] Type of integrity protection algorithm is 128-5G-IA2"
time="2026-08-11T17:15:42+08:00" level=info msg="[GNB][SCTP] Receive message in 0 stream\n"
time="2026-08-11T17:15:42+08:00" level=info msg="[GNB][NGAP] Receive Downlink NAS Transport"
time="2026-08-11T17:15:42+08:00" level=info msg="[UE][NAS] Message without security header"
time="2026-08-11T17:15:42+08:00" level=info msg="[UE][NAS] Receive Authentication Request"
time="2026-08-11T17:15:42+08:00" level=info msg="[UE][NAS][MAC] Authenticity of the authentication request message: OK"
time="2026-08-11T17:15:42+08:00" level=info msg="[UE][NAS][SQN] SQN of the authentication request message: VALID"
time="2026-08-11T17:15:42+08:00" level=info msg="[UE][NAS] Send authentication response"
time="2026-08-11T17:15:42+08:00" level=info msg="[UE] Switched from state 1 to state 2"
time="2026-08-11T17:15:42+08:00" level=info msg="[GNB][SCTP] Receive message in 0 stream\n"
time="2026-08-11T17:15:42+08:00" level=info msg="[GNB][SCTP] Receive message in 0 stream\n"
time="2026-08-11T17:15:42+08:00" level=info msg="[GNB][NGAP] Receive Downlink NAS Transport"
time="2026-08-11T17:15:42+08:00" level=info msg="[UE][NAS] Message without security header"
time="2026-08-11T17:15:42+08:00" level=info msg="[UE][NAS] Receive Authentication Request"
time="2026-08-11T17:15:42+08:00" level=info msg="[UE][NAS][MAC] Authenticity of the authentication request message: OK"
time="2026-08-11T17:15:42+08:00" level=info msg="[UE][NAS][SQN] SQN of the authentication request message: VALID"
time="2026-08-11T17:15:42+08:00" level=info msg="[UE][NAS] Send authentication response"
time="2026-08-11T17:15:42+08:00" level=info msg="[GNB][NGAP] Receive Downlink NAS Transport"
time="2026-08-11T17:15:42+08:00" level=info msg="[UE][NAS] Message without security header"
time="2026-08-11T17:15:42+08:00" level=info msg="[UE][NAS] Receive Authentication Request"
time="2026-08-11T17:15:42+08:00" level=info msg="[UE][NAS][MAC] Authenticity of the authentication request message: OK"
time="2026-08-11T17:15:42+08:00" level=info msg="[UE][NAS][SQN] SQN of the authentication request message: VALID"
time="2026-08-11T17:15:42+08:00" level=info msg="[UE][NAS] Send authentication response"
time="2026-08-11T17:15:42+08:00" level=info msg="[UE] Switched from state 1 to state 2"
time="2026-08-11T17:15:42+08:00" level=info msg="[UE] Switched from state 1 to state 2"
time="2026-08-11T17:15:42+08:00" level=info msg="[GNB][SCTP] Receive message in 0 stream\n"
time="2026-08-11T17:15:42+08:00" level=info msg="[GNB][NGAP] Receive Downlink NAS Transport"
time="2026-08-11T17:15:42+08:00" level=info msg="[UE][NAS] Message with security header"
time="2026-08-11T17:15:42+08:00" level=info msg="[UE][NAS] Message with integrity and with NEW 5G NAS SECURITY CONTEXT"
time="2026-08-11T17:15:42+08:00" level=info msg="[UE][NAS] successful NAS MAC verification"
time="2026-08-11T17:15:42+08:00" level=info msg="[UE][NAS] Receive Security Mode Command"
time="2026-08-11T17:15:42+08:00" level=info msg="[UE][NAS] Type of ciphering algorithm is 5G-EA0"
time="2026-08-11T17:15:42+08:00" level=info msg="[UE][NAS] Type of integrity protection algorithm is 128-5G-IA2"
time="2026-08-11T17:15:42+08:00" level=info msg="[GNB][SCTP] Receive message in 0 stream\n"
time="2026-08-11T17:15:42+08:00" level=info msg="[GNB][NGAP] Receive Downlink NAS Transport"
time="2026-08-11T17:15:42+08:00" level=info msg="[UE][NAS] Message with security header"
time="2026-08-11T17:15:42+08:00" level=info msg="[UE][NAS] Message with integrity and with NEW 5G NAS SECURITY CONTEXT"
time="2026-08-11T17:15:42+08:00" level=info msg="[UE][NAS] successful NAS MAC verification"
time="2026-08-11T17:15:42+08:00" level=info msg="[UE][NAS] Receive Security Mode Command"
time="2026-08-11T17:15:42+08:00" level=info msg="[UE][NAS] Type of ciphering algorithm is 5G-EA0"
time="2026-08-11T17:15:42+08:00" level=info msg="[UE][NAS] Type of integrity protection algorithm is 128-5G-IA2"
time="2026-08-11T17:15:42+08:00" level=info msg="[GNB][SCTP] Receive message in 0 stream\n"
time="2026-08-11T17:15:42+08:00" level=info msg="[GNB][NGAP] Receive Initial Context Setup Request"
time="2026-08-11T17:15:42+08:00" level=info msg="[GNB][UE] UE Context was created with successful"
time="2026-08-11T17:15:42+08:00" level=info msg="[GNB][UE] UE RAN ID 26"
time="2026-08-11T17:15:42+08:00" level=info msg="[GNB][UE] UE AMF ID 18"
time="2026-08-11T17:15:42+08:00" level=info msg="[GNB][UE] UE Mobility Restrict --Plmn-- Mcc: 208 Mnc: 93"
time="2026-08-11T17:15:42+08:00" level=info msg="[GNB][UE] UE Masked Imeisv: 1110000000ffff00"
time="2026-08-11T17:15:42+08:00" level=info msg="[GNB][UE] Allowed Nssai-- Sst: [01 01] Sd: [010203 112233]"
time="2026-08-11T17:15:42+08:00" level=info msg="[GNB][NGAP][AMF] Send Initial Context Setup Response."
time="2026-08-11T17:15:42+08:00" level=info msg="[GNB] Initiating Initial Context Setup Response"
time="2026-08-11T17:15:42+08:00" level=info msg="[GNB][NGAP] No PDU Session to set up in InitialContextSetupResponse."
time="2026-08-11T17:15:42+08:00" level=info msg="[UE][NAS] Message with security header"
time="2026-08-11T17:15:42+08:00" level=info msg="[UE][NAS] Message with integrity and ciphered"
time="2026-08-11T17:15:42+08:00" level=info msg="[UE][NAS] successful NAS CIPHERING"
time="2026-08-11T17:15:42+08:00" level=info msg="[UE][NAS] successful NAS MAC verification"
time="2026-08-11T17:15:42+08:00" level=info msg="[UE][NAS] Receive Registration Accept"
time="2026-08-11T17:15:42+08:00" level=info msg="[UE][NAS] UE 5G GUTI: &{119 11 [242 2 248 57 202 254 0 0 0 0 18]}"
time="2026-08-11T17:15:42+08:00" level=info msg="[UE] Switched from state 2 to state 3"
time="2026-08-11T17:15:42+08:00" level=info msg="[GNB][SCTP] Receive message in 0 stream\n"
time="2026-08-11T17:15:42+08:00" level=info msg="[GNB][NGAP] Receive Downlink NAS Transport"
time="2026-08-11T17:15:42+08:00" level=info msg="[UE][NAS] Message without security header"
time="2026-08-11T17:15:42+08:00" level=info msg="[UE][NAS] Receive Authentication Request"
time="2026-08-11T17:15:42+08:00" level=info msg="[UE][NAS][MAC] Authenticity of the authentication request message: OK"
time="2026-08-11T17:15:42+08:00" level=info msg="[UE][NAS][SQN] SQN of the authentication request message: VALID"
time="2026-08-11T17:15:42+08:00" level=info msg="[UE][NAS] Send authentication response"
time="2026-08-11T17:15:42+08:00" level=info msg="[GNB][SCTP] Receive message in 0 stream\n"
time="2026-08-11T17:15:42+08:00" level=info msg="[UE] Switched from state 1 to state 2"
time="2026-08-11T17:15:42+08:00" level=info msg="[GNB][NGAP] Receive Downlink NAS Transport"
time="2026-08-11T17:15:42+08:00" level=info msg="[UE][NAS] Message without security header"
time="2026-08-11T17:15:42+08:00" level=info msg="[UE][NAS] Receive Authentication Request"
time="2026-08-11T17:15:42+08:00" level=info msg="[UE][NAS][MAC] Authenticity of the authentication request message: OK"
time="2026-08-11T17:15:42+08:00" level=info msg="[UE][NAS][SQN] SQN of the authentication request message: VALID"
time="2026-08-11T17:15:42+08:00" level=info msg="[UE][NAS] Send authentication response"
time="2026-08-11T17:15:42+08:00" level=info msg="[UE] Switched from state 1 to state 2"
time="2026-08-11T17:15:42+08:00" level=info msg="[GNB][SCTP] Receive message in 0 stream\n"
time="2026-08-11T17:15:42+08:00" level=info msg="[GNB][NGAP] Receive Downlink NAS Transport"
time="2026-08-11T17:15:42+08:00" level=info msg="[UE][NAS] Message without security header"
time="2026-08-11T17:15:42+08:00" level=info msg="[UE][NAS] Receive Authentication Request"
time="2026-08-11T17:15:42+08:00" level=info msg="[UE][NAS][MAC] Authenticity of the authentication request message: OK"
time="2026-08-11T17:15:42+08:00" level=info msg="[UE][NAS][SQN] SQN of the authentication request message: VALID"
time="2026-08-11T17:15:42+08:00" level=info msg="[UE][NAS] Send authentication response"
time="2026-08-11T17:15:42+08:00" level=info msg="[UE] Switched from state 1 to state 2"
time="2026-08-11T17:15:42+08:00" level=info msg="[GNB][SCTP] Receive message in 0 stream\n"
time="2026-08-11T17:15:42+08:00" level=info msg="[GNB][NGAP] Receive Downlink NAS Transport"
time="2026-08-11T17:15:42+08:00" level=info msg="[UE][NAS] Message without security header"
time="2026-08-11T17:15:42+08:00" level=info msg="[UE][NAS] Receive Authentication Request"
time="2026-08-11T17:15:42+08:00" level=info msg="[UE][NAS][MAC] Authenticity of the authentication request message: OK"
time="2026-08-11T17:15:42+08:00" level=info msg="[UE][NAS][SQN] SQN of the authentication request message: VALID"
time="2026-08-11T17:15:42+08:00" level=info msg="[UE][NAS] Send authentication response"
time="2026-08-11T17:15:42+08:00" level=info msg="[UE] Switched from state 1 to state 2"
time="2026-08-11T17:15:42+08:00" level=info msg="[GNB][SCTP] Receive message in 0 stream\n"
time="2026-08-11T17:15:42+08:00" level=info msg="[GNB][NGAP] Receive Initial Context Setup Request"
time="2026-08-11T17:15:42+08:00" level=info msg="[GNB][UE] UE Context was created with successful"
time="2026-08-11T17:15:42+08:00" level=info msg="[GNB][UE] UE RAN ID 22"
time="2026-08-11T17:15:42+08:00" level=info msg="[GNB][UE] UE AMF ID 16"
time="2026-08-11T17:15:42+08:00" level=info msg="[GNB][UE] UE Mobility Restrict --Plmn-- Mcc: 208 Mnc: 93"
time="2026-08-11T17:15:42+08:00" level=info msg="[GNB][UE] UE Masked Imeisv: 1110000000ffff00"
time="2026-08-11T17:15:42+08:00" level=info msg="[GNB][UE] Allowed Nssai-- Sst: [01 01] Sd: [010203 112233]"
time="2026-08-11T17:15:42+08:00" level=info msg="[GNB][NGAP][AMF] Send Initial Context Setup Response."
time="2026-08-11T17:15:42+08:00" level=info msg="[GNB] Initiating Initial Context Setup Response"
time="2026-08-11T17:15:42+08:00" level=info msg="[GNB][NGAP] No PDU Session to set up in InitialContextSetupResponse."
time="2026-08-11T17:15:42+08:00" level=info msg="[UE][NAS] Message with security header"
time="2026-08-11T17:15:42+08:00" level=info msg="[UE][NAS] Message with integrity and ciphered"
time="2026-08-11T17:15:42+08:00" level=info msg="[UE][NAS] successful NAS CIPHERING"
time="2026-08-11T17:15:42+08:00" level=info msg="[UE][NAS] successful NAS MAC verification"
time="2026-08-11T17:15:42+08:00" level=info msg="[UE][NAS] Receive Registration Accept"
time="2026-08-11T17:15:42+08:00" level=info msg="[UE][NAS] UE 5G GUTI: &{119 11 [242 2 248 57 202 254 0 0 0 0 16]}"
time="2026-08-11T17:15:42+08:00" level=info msg="[UE] Switched from state 2 to state 3"
time="2026-08-11T17:15:42+08:00" level=info msg="[GNB][SCTP] Receive message in 0 stream\n"
time="2026-08-11T17:15:42+08:00" level=info msg="[GNB][NGAP] Receive Downlink NAS Transport"
time="2026-08-11T17:15:42+08:00" level=info msg="[UE][NAS] Message with security header"
time="2026-08-11T17:15:42+08:00" level=info msg="[UE][NAS] Message with integrity and with NEW 5G NAS SECURITY CONTEXT"
time="2026-08-11T17:15:42+08:00" level=info msg="[UE][NAS] successful NAS MAC verification"
time="2026-08-11T17:15:42+08:00" level=info msg="[UE][NAS] Receive Security Mode Command"
time="2026-08-11T17:15:42+08:00" level=info msg="[UE][NAS] Type of ciphering algorithm is 5G-EA0"
time="2026-08-11T17:15:42+08:00" level=info msg="[UE][NAS] Type of integrity protection algorithm is 128-5G-IA2"
time="2026-08-11T17:15:42+08:00" level=info msg="[GNB][SCTP] Receive message in 0 stream\n"
time="2026-08-11T17:15:42+08:00" level=info msg="[GNB][SCTP] Receive message in 0 stream\n"
time="2026-08-11T17:15:42+08:00" level=info msg="[GNB][NGAP] Receive Downlink NAS Transport"
time="2026-08-11T17:15:42+08:00" level=info msg="[UE][NAS] Message with security header"
time="2026-08-11T17:15:42+08:00" level=info msg="[UE][NAS] Message with integrity and with NEW 5G NAS SECURITY CONTEXT"
time="2026-08-11T17:15:42+08:00" level=info msg="[UE][NAS] successful NAS MAC verification"
time="2026-08-11T17:15:42+08:00" level=info msg="[UE][NAS] Receive Security Mode Command"
time="2026-08-11T17:15:42+08:00" level=info msg="[UE][NAS] Type of ciphering algorithm is 5G-EA0"
time="2026-08-11T17:15:42+08:00" level=info msg="[UE][NAS] Type of integrity protection algorithm is 128-5G-IA2"
time="2026-08-11T17:15:42+08:00" level=info msg="[GNB][NGAP] Receive Downlink NAS Transport"
time="2026-08-11T17:15:42+08:00" level=info msg="[UE][NAS] Message with security header"
time="2026-08-11T17:15:42+08:00" level=info msg="[UE][NAS] Message with integrity and with NEW 5G NAS SECURITY CONTEXT"
time="2026-08-11T17:15:42+08:00" level=info msg="[UE][NAS] successful NAS MAC verification"
time="2026-08-11T17:15:42+08:00" level=info msg="[UE][NAS] Receive Security Mode Command"
time="2026-08-11T17:15:42+08:00" level=info msg="[UE][NAS] Type of ciphering algorithm is 5G-EA0"
time="2026-08-11T17:15:42+08:00" level=info msg="[UE][NAS] Type of integrity protection algorithm is 128-5G-IA2"
time="2026-08-11T17:15:42+08:00" level=info msg="[GNB][SCTP] Receive message in 0 stream\n"
time="2026-08-11T17:15:42+08:00" level=info msg="[GNB][NGAP] Receive Downlink NAS Transport"
time="2026-08-11T17:15:42+08:00" level=info msg="[UE][NAS] Message with security header"
time="2026-08-11T17:15:42+08:00" level=info msg="[UE][NAS] Message with integrity and with NEW 5G NAS SECURITY CONTEXT"
time="2026-08-11T17:15:42+08:00" level=info msg="[UE][NAS] successful NAS MAC verification"
time="2026-08-11T17:15:42+08:00" level=info msg="[UE][NAS] Receive Security Mode Command"
time="2026-08-11T17:15:42+08:00" level=info msg="[UE][NAS] Type of ciphering algorithm is 5G-EA0"
time="2026-08-11T17:15:42+08:00" level=info msg="[UE][NAS] Type of integrity protection algorithm is 128-5G-IA2"
time="2026-08-11T17:15:42+08:00" level=info msg="[GNB][SCTP] Receive message in 0 stream\n"
time="2026-08-11T17:15:42+08:00" level=info msg="[GNB][NGAP] Receive Downlink NAS Transport"
time="2026-08-11T17:15:42+08:00" level=info msg="[UE][NAS] Message with security header"
time="2026-08-11T17:15:42+08:00" level=info msg="[UE][NAS] Message with integrity and ciphered"
time="2026-08-11T17:15:42+08:00" level=info msg="[UE][NAS] successful NAS CIPHERING"
time="2026-08-11T17:15:42+08:00" level=info msg="[UE][NAS] successful NAS MAC verification"
time="2026-08-11T17:15:42+08:00" level=info msg="[UE][NAS] Receive Configuration Update Command"
time="2026-08-11T17:15:42+08:00" level=info msg="[UE] Initiating Configuration Update Complete"
time="2026-08-11T17:15:42+08:00" level=info msg="[GNB][SCTP] Receive message in 0 stream\n"
time="2026-08-11T17:15:42+08:00" level=info msg="[GNB][NGAP] Receive Downlink NAS Transport"
time="2026-08-11T17:15:42+08:00" level=info msg="[UE][NAS] Message without security header"
time="2026-08-11T17:15:42+08:00" level=info msg="[UE][NAS] Receive Authentication Request"
time="2026-08-11T17:15:42+08:00" level=info msg="[UE][NAS][MAC] Authenticity of the authentication request message: OK"
time="2026-08-11T17:15:42+08:00" level=info msg="[UE][NAS][SQN] SQN of the authentication request message: VALID"
time="2026-08-11T17:15:42+08:00" level=info msg="[UE][NAS] Send authentication response"
time="2026-08-11T17:15:42+08:00" level=info msg="[UE] Switched from state 1 to state 2"
time="2026-08-11T17:15:42+08:00" level=info msg="[GNB][SCTP] Receive message in 0 stream\n"
time="2026-08-11T17:15:42+08:00" level=info msg="[GNB][NGAP] Receive Downlink NAS Transport"
time="2026-08-11T17:15:42+08:00" level=info msg="[UE][NAS] Message with security header"
time="2026-08-11T17:15:42+08:00" level=info msg="[UE][NAS] Message with integrity and with NEW 5G NAS SECURITY CONTEXT"
time="2026-08-11T17:15:42+08:00" level=info msg="[UE][NAS] successful NAS MAC verification"
time="2026-08-11T17:15:42+08:00" level=info msg="[UE][NAS] Receive Security Mode Command"
time="2026-08-11T17:15:42+08:00" level=info msg="[UE][NAS] Type of ciphering algorithm is 5G-EA0"
time="2026-08-11T17:15:42+08:00" level=info msg="[UE][NAS] Type of integrity protection algorithm is 128-5G-IA2"
time="2026-08-11T17:15:42+08:00" level=info msg="[GNB][SCTP] Receive message in 0 stream\n"
time="2026-08-11T17:15:42+08:00" level=info msg="[GNB][NGAP] Receive Downlink NAS Transport"
time="2026-08-11T17:15:42+08:00" level=info msg="[UE][NAS] Message without security header"
time="2026-08-11T17:15:42+08:00" level=info msg="[UE][NAS] Receive Authentication Request"
time="2026-08-11T17:15:42+08:00" level=info msg="[UE][NAS][MAC] Authenticity of the authentication request message: OK"
time="2026-08-11T17:15:42+08:00" level=info msg="[UE][NAS][SQN] SQN of the authentication request message: VALID"
time="2026-08-11T17:15:42+08:00" level=info msg="[UE][NAS] Send authentication response"
time="2026-08-11T17:15:42+08:00" level=info msg="[UE] Switched from state 1 to state 2"
time="2026-08-11T17:15:43+08:00" level=info msg="[GNB][SCTP] Receive message in 0 stream\n"
time="2026-08-11T17:15:43+08:00" level=info msg="[GNB][NGAP] Receive Downlink NAS Transport"
time="2026-08-11T17:15:43+08:00" level=info msg="[UE][NAS] Message without security header"
time="2026-08-11T17:15:43+08:00" level=info msg="[UE][NAS] Receive Authentication Request"
time="2026-08-11T17:15:43+08:00" level=info msg="[UE][NAS][MAC] Authenticity of the authentication request message: OK"
time="2026-08-11T17:15:43+08:00" level=info msg="[UE][NAS][SQN] SQN of the authentication request message: VALID"
time="2026-08-11T17:15:43+08:00" level=info msg="[UE][NAS] Send authentication response"
time="2026-08-11T17:15:43+08:00" level=info msg="[UE] Switched from state 1 to state 2"
time="2026-08-11T17:15:43+08:00" level=info msg="[GNB][SCTP] Receive message in 0 stream\n"
time="2026-08-11T17:15:43+08:00" level=info msg="[GNB][NGAP] Receive Initial Context Setup Request"
time="2026-08-11T17:15:43+08:00" level=info msg="[GNB][UE] UE Context was created with successful"
time="2026-08-11T17:15:43+08:00" level=info msg="[GNB][UE] UE RAN ID 20"
time="2026-08-11T17:15:43+08:00" level=info msg="[GNB][UE] UE AMF ID 17"
time="2026-08-11T17:15:43+08:00" level=info msg="[GNB][UE] UE Mobility Restrict --Plmn-- Mcc: 208 Mnc: 93"
time="2026-08-11T17:15:43+08:00" level=info msg="[GNB][UE] UE Masked Imeisv: 1110000000ffff00"
time="2026-08-11T17:15:43+08:00" level=info msg="[GNB][UE] Allowed Nssai-- Sst: [01 01] Sd: [010203 112233]"
time="2026-08-11T17:15:43+08:00" level=info msg="[GNB][NGAP][AMF] Send Initial Context Setup Response."
time="2026-08-11T17:15:43+08:00" level=info msg="[GNB] Initiating Initial Context Setup Response"
time="2026-08-11T17:15:43+08:00" level=info msg="[GNB][NGAP] No PDU Session to set up in InitialContextSetupResponse."
time="2026-08-11T17:15:43+08:00" level=info msg="[UE][NAS] Message with security header"
time="2026-08-11T17:15:43+08:00" level=info msg="[UE][NAS] Message with integrity and ciphered"
time="2026-08-11T17:15:43+08:00" level=info msg="[UE][NAS] successful NAS CIPHERING"
time="2026-08-11T17:15:43+08:00" level=info msg="[UE][NAS] successful NAS MAC verification"
time="2026-08-11T17:15:43+08:00" level=info msg="[UE][NAS] Receive Registration Accept"
time="2026-08-11T17:15:43+08:00" level=info msg="[UE][NAS] UE 5G GUTI: &{119 11 [242 2 248 57 202 254 0 0 0 0 17]}"
time="2026-08-11T17:15:43+08:00" level=info msg="[GNB][SCTP] Receive message in 0 stream\n"
time="2026-08-11T17:15:43+08:00" level=info msg="[UE] Switched from state 2 to state 3"
time="2026-08-11T17:15:43+08:00" level=info msg="[GNB][SCTP] Receive message in 0 stream\n"
time="2026-08-11T17:15:43+08:00" level=info msg="[GNB][NGAP] Receive Initial Context Setup Request"
time="2026-08-11T17:15:43+08:00" level=info msg="[GNB][UE] UE Context was created with successful"
time="2026-08-11T17:15:43+08:00" level=info msg="[GNB][UE] UE RAN ID 7"
time="2026-08-11T17:15:43+08:00" level=info msg="[GNB][UE] UE AMF ID 13"
time="2026-08-11T17:15:43+08:00" level=info msg="[GNB][UE] UE Mobility Restrict --Plmn-- Mcc: 208 Mnc: 93"
time="2026-08-11T17:15:43+08:00" level=info msg="[GNB][UE] UE Masked Imeisv: 1110000000ffff00"
time="2026-08-11T17:15:43+08:00" level=info msg="[GNB][UE] Allowed Nssai-- Sst: [01 01] Sd: [010203 112233]"
time="2026-08-11T17:15:43+08:00" level=info msg="[GNB][NGAP][AMF] Send Initial Context Setup Response."
time="2026-08-11T17:15:43+08:00" level=info msg="[GNB] Initiating Initial Context Setup Response"
time="2026-08-11T17:15:43+08:00" level=info msg="[GNB][NGAP] No PDU Session to set up in InitialContextSetupResponse."
time="2026-08-11T17:15:43+08:00" level=info msg="[UE][NAS] Message with security header"
time="2026-08-11T17:15:43+08:00" level=info msg="[UE][NAS] Message with integrity and ciphered"
time="2026-08-11T17:15:43+08:00" level=info msg="[UE][NAS] successful NAS CIPHERING"
time="2026-08-11T17:15:43+08:00" level=info msg="[UE][NAS] successful NAS MAC verification"
time="2026-08-11T17:15:43+08:00" level=info msg="[UE][NAS] Receive Registration Accept"
time="2026-08-11T17:15:43+08:00" level=info msg="[UE][NAS] UE 5G GUTI: &{119 11 [242 2 248 57 202 254 0 0 0 0 13]}"
time="2026-08-11T17:15:43+08:00" level=info msg="[UE] Switched from state 2 to state 3"
time="2026-08-11T17:15:43+08:00" level=info msg="[GNB][NGAP] Receive Initial Context Setup Request"
time="2026-08-11T17:15:43+08:00" level=info msg="[GNB][UE] UE Context was created with successful"
time="2026-08-11T17:15:43+08:00" level=info msg="[GNB][UE] UE RAN ID 24"
time="2026-08-11T17:15:43+08:00" level=info msg="[GNB][UE] UE AMF ID 24"
time="2026-08-11T17:15:43+08:00" level=info msg="[GNB][UE] UE Mobility Restrict --Plmn-- Mcc: 208 Mnc: 93"
time="2026-08-11T17:15:43+08:00" level=info msg="[GNB][UE] UE Masked Imeisv: 1110000000ffff00"
time="2026-08-11T17:15:43+08:00" level=info msg="[GNB][UE] Allowed Nssai-- Sst: [01 01] Sd: [010203 112233]"
time="2026-08-11T17:15:43+08:00" level=info msg="[GNB][NGAP][AMF] Send Initial Context Setup Response."
time="2026-08-11T17:15:43+08:00" level=info msg="[GNB] Initiating Initial Context Setup Response"
time="2026-08-11T17:15:43+08:00" level=info msg="[GNB][NGAP] No PDU Session to set up in InitialContextSetupResponse."
time="2026-08-11T17:15:43+08:00" level=info msg="[UE][NAS] Message with security header"
time="2026-08-11T17:15:43+08:00" level=info msg="[UE][NAS] Message with integrity and ciphered"
time="2026-08-11T17:15:43+08:00" level=info msg="[UE][NAS] successful NAS CIPHERING"
time="2026-08-11T17:15:43+08:00" level=info msg="[UE][NAS] successful NAS MAC verification"
time="2026-08-11T17:15:43+08:00" level=info msg="[UE][NAS] Receive Registration Accept"
time="2026-08-11T17:15:43+08:00" level=info msg="[UE][NAS] UE 5G GUTI: &{119 11 [242 2 248 57 202 254 0 0 0 0 24]}"
time="2026-08-11T17:15:43+08:00" level=info msg="[UE] Switched from state 2 to state 3"
time="2026-08-11T17:15:43+08:00" level=info msg="[GNB][SCTP] Receive message in 0 stream\n"
time="2026-08-11T17:15:43+08:00" level=info msg="[GNB][NGAP] Receive Downlink NAS Transport"
time="2026-08-11T17:15:43+08:00" level=info msg="[UE][NAS] Message without security header"
time="2026-08-11T17:15:43+08:00" level=info msg="[UE][NAS] Receive Authentication Request"
time="2026-08-11T17:15:43+08:00" level=info msg="[UE][NAS][MAC] Authenticity of the authentication request message: OK"
time="2026-08-11T17:15:43+08:00" level=info msg="[UE][NAS][SQN] SQN of the authentication request message: VALID"
time="2026-08-11T17:15:43+08:00" level=info msg="[UE][NAS] Send authentication response"
time="2026-08-11T17:15:43+08:00" level=info msg="[UE] Switched from state 1 to state 2"
time="2026-08-11T17:15:43+08:00" level=info msg="[GNB][SCTP] Receive message in 0 stream\n"
time="2026-08-11T17:15:43+08:00" level=info msg="[GNB][NGAP] Receive Downlink NAS Transport"
time="2026-08-11T17:15:43+08:00" level=info msg="[UE][NAS] Message without security header"
time="2026-08-11T17:15:43+08:00" level=info msg="[UE][NAS] Receive Authentication Request"
time="2026-08-11T17:15:43+08:00" level=info msg="[UE][NAS][MAC] Authenticity of the authentication request message: OK"
time="2026-08-11T17:15:43+08:00" level=info msg="[UE][NAS][SQN] SQN of the authentication request message: VALID"
time="2026-08-11T17:15:43+08:00" level=info msg="[UE][NAS] Send authentication response"
time="2026-08-11T17:15:43+08:00" level=info msg="[UE] Switched from state 1 to state 2"
time="2026-08-11T17:15:43+08:00" level=info msg="[GNB][SCTP] Receive message in 0 stream\n"
time="2026-08-11T17:15:43+08:00" level=info msg="[GNB][NGAP] Receive Downlink NAS Transport"
time="2026-08-11T17:15:43+08:00" level=info msg="[UE][NAS] Message with security header"
time="2026-08-11T17:15:43+08:00" level=info msg="[UE][NAS] Message with integrity and with NEW 5G NAS SECURITY CONTEXT"
time="2026-08-11T17:15:43+08:00" level=info msg="[UE][NAS] successful NAS MAC verification"
time="2026-08-11T17:15:43+08:00" level=info msg="[UE][NAS] Receive Security Mode Command"
time="2026-08-11T17:15:43+08:00" level=info msg="[UE][NAS] Type of ciphering algorithm is 5G-EA0"
time="2026-08-11T17:15:43+08:00" level=info msg="[UE][NAS] Type of integrity protection algorithm is 128-5G-IA2"
time="2026-08-11T17:15:43+08:00" level=info msg="[GNB][SCTP] Receive message in 0 stream\n"
time="2026-08-11T17:15:43+08:00" level=info msg="[GNB][NGAP] Receive Downlink NAS Transport"
time="2026-08-11T17:15:43+08:00" level=info msg="[UE][NAS] Message without security header"
time="2026-08-11T17:15:43+08:00" level=info msg="[UE][NAS] Receive Authentication Request"
time="2026-08-11T17:15:43+08:00" level=info msg="[UE][NAS][MAC] Authenticity of the authentication request message: OK"
time="2026-08-11T17:15:43+08:00" level=info msg="[UE][NAS][SQN] SQN of the authentication request message: VALID"
time="2026-08-11T17:15:43+08:00" level=info msg="[UE][NAS] Send authentication response"
time="2026-08-11T17:15:43+08:00" level=info msg="[UE] Switched from state 1 to state 2"
time="2026-08-11T17:15:43+08:00" level=info msg="[GNB][SCTP] Receive message in 0 stream\n"
time="2026-08-11T17:15:43+08:00" level=info msg="[GNB][NGAP] Receive Downlink NAS Transport"
time="2026-08-11T17:15:43+08:00" level=info msg="[UE][NAS] Message without security header"
time="2026-08-11T17:15:43+08:00" level=info msg="[UE][NAS] Receive Authentication Request"
time="2026-08-11T17:15:43+08:00" level=info msg="[UE][NAS][MAC] Authenticity of the authentication request message: OK"
time="2026-08-11T17:15:43+08:00" level=info msg="[UE][NAS][SQN] SQN of the authentication request message: VALID"
time="2026-08-11T17:15:43+08:00" level=info msg="[UE][NAS] Send authentication response"
time="2026-08-11T17:15:43+08:00" level=info msg="[UE] Switched from state 1 to state 2"
time="2026-08-11T17:15:43+08:00" level=info msg="[GNB][SCTP] Receive message in 0 stream\n"
time="2026-08-11T17:15:43+08:00" level=info msg="[GNB][SCTP] Receive message in 0 stream\n"
time="2026-08-11T17:15:43+08:00" level=info msg="[GNB][NGAP] Receive Downlink NAS Transport"
time="2026-08-11T17:15:43+08:00" level=info msg="[GNB][NGAP] Receive Downlink NAS Transport"
time="2026-08-11T17:15:43+08:00" level=info msg="[UE][NAS] Message with security header"
time="2026-08-11T17:15:43+08:00" level=info msg="[UE][NAS] Message with integrity and ciphered"
time="2026-08-11T17:15:43+08:00" level=info msg="[UE][NAS] successful NAS CIPHERING"
time="2026-08-11T17:15:43+08:00" level=info msg="[UE][NAS] successful NAS MAC verification"
time="2026-08-11T17:15:43+08:00" level=info msg="[UE][NAS] Receive Configuration Update Command"
time="2026-08-11T17:15:43+08:00" level=info msg="[UE] Initiating Configuration Update Complete"
time="2026-08-11T17:15:43+08:00" level=info msg="[UE][NAS] Message without security header"
time="2026-08-11T17:15:43+08:00" level=info msg="[UE][NAS] Receive Authentication Request"
time="2026-08-11T17:15:43+08:00" level=info msg="[UE][NAS][MAC] Authenticity of the authentication request message: OK"
time="2026-08-11T17:15:43+08:00" level=info msg="[UE][NAS][SQN] SQN of the authentication request message: VALID"
time="2026-08-11T17:15:43+08:00" level=info msg="[UE][NAS] Send authentication response"
time="2026-08-11T17:15:43+08:00" level=info msg="[UE] Switched from state 1 to state 2"
time="2026-08-11T17:15:43+08:00" level=info msg="[GNB][SCTP] Receive message in 0 stream\n"
time="2026-08-11T17:15:43+08:00" level=info msg="[GNB][NGAP] Receive Downlink NAS Transport"
time="2026-08-11T17:15:43+08:00" level=info msg="[UE][NAS] Message with security header"
time="2026-08-11T17:15:43+08:00" level=info msg="[UE][NAS] Message with integrity and with NEW 5G NAS SECURITY CONTEXT"
time="2026-08-11T17:15:43+08:00" level=info msg="[UE][NAS] successful NAS MAC verification"
time="2026-08-11T17:15:43+08:00" level=info msg="[UE][NAS] Receive Security Mode Command"
time="2026-08-11T17:15:43+08:00" level=info msg="[UE][NAS] Type of ciphering algorithm is 5G-EA0"
time="2026-08-11T17:15:43+08:00" level=info msg="[UE][NAS] Type of integrity protection algorithm is 128-5G-IA2"
time="2026-08-11T17:15:43+08:00" level=info msg="[GNB][SCTP] Receive message in 0 stream\n"
time="2026-08-11T17:15:43+08:00" level=info msg="[GNB][NGAP] Receive Downlink NAS Transport"
time="2026-08-11T17:15:43+08:00" level=info msg="[UE][NAS] Message without security header"
time="2026-08-11T17:15:43+08:00" level=info msg="[UE][NAS] Receive Authentication Request"
time="2026-08-11T17:15:43+08:00" level=info msg="[UE][NAS][MAC] Authenticity of the authentication request message: OK"
time="2026-08-11T17:15:43+08:00" level=info msg="[UE][NAS][SQN] SQN of the authentication request message: VALID"
time="2026-08-11T17:15:43+08:00" level=info msg="[UE][NAS] Send authentication response"
time="2026-08-11T17:15:43+08:00" level=info msg="[UE] Switched from state 1 to state 2"
time="2026-08-11T17:15:43+08:00" level=info msg="[GNB][SCTP] Receive message in 0 stream\n"
time="2026-08-11T17:15:43+08:00" level=info msg="[GNB][NGAP] Receive Downlink NAS Transport"
time="2026-08-11T17:15:43+08:00" level=info msg="[UE][NAS] Message with security header"
time="2026-08-11T17:15:43+08:00" level=info msg="[UE][NAS] Message with integrity and with NEW 5G NAS SECURITY CONTEXT"
time="2026-08-11T17:15:43+08:00" level=info msg="[UE][NAS] successful NAS MAC verification"
time="2026-08-11T17:15:43+08:00" level=info msg="[UE][NAS] Receive Security Mode Command"
time="2026-08-11T17:15:43+08:00" level=info msg="[UE][NAS] Type of ciphering algorithm is 5G-EA0"
time="2026-08-11T17:15:43+08:00" level=info msg="[UE][NAS] Type of integrity protection algorithm is 128-5G-IA2"
time="2026-08-11T17:15:43+08:00" level=info msg="[GNB][SCTP] Receive message in 0 stream\n"
time="2026-08-11T17:15:43+08:00" level=info msg="[GNB][NGAP] Receive Downlink NAS Transport"
time="2026-08-11T17:15:43+08:00" level=info msg="[UE][NAS] Message without security header"
time="2026-08-11T17:15:43+08:00" level=info msg="[UE][NAS] Receive Authentication Request"
time="2026-08-11T17:15:43+08:00" level=info msg="[UE][NAS][MAC] Authenticity of the authentication request message: OK"
time="2026-08-11T17:15:43+08:00" level=info msg="[UE][NAS][SQN] SQN of the authentication request message: VALID"
time="2026-08-11T17:15:43+08:00" level=info msg="[UE][NAS] Send authentication response"
time="2026-08-11T17:15:43+08:00" level=info msg="[UE] Switched from state 1 to state 2"
time="2026-08-11T17:15:43+08:00" level=info msg="[GNB][SCTP] Receive message in 0 stream\n"
time="2026-08-11T17:15:43+08:00" level=info msg="[GNB][SCTP] Receive message in 0 stream\n"
time="2026-08-11T17:15:43+08:00" level=info msg="[GNB][NGAP] Receive Initial Context Setup Request"
time="2026-08-11T17:15:43+08:00" level=info msg="[GNB][UE] UE Context was created with successful"
time="2026-08-11T17:15:43+08:00" level=info msg="[GNB][UE] UE RAN ID 27"
time="2026-08-11T17:15:43+08:00" level=info msg="[GNB][UE] UE AMF ID 30"
time="2026-08-11T17:15:43+08:00" level=info msg="[GNB][UE] UE Mobility Restrict --Plmn-- Mcc: 208 Mnc: 93"
time="2026-08-11T17:15:43+08:00" level=info msg="[GNB][UE] UE Masked Imeisv: 1110000000ffff00"
time="2026-08-11T17:15:43+08:00" level=info msg="[GNB][UE] Allowed Nssai-- Sst: [01 01] Sd: [010203 112233]"
time="2026-08-11T17:15:43+08:00" level=info msg="[GNB][NGAP][AMF] Send Initial Context Setup Response."
time="2026-08-11T17:15:43+08:00" level=info msg="[GNB] Initiating Initial Context Setup Response"
time="2026-08-11T17:15:43+08:00" level=info msg="[GNB][NGAP] No PDU Session to set up in InitialContextSetupResponse."
time="2026-08-11T17:15:43+08:00" level=info msg="[GNB][NGAP] Receive Downlink NAS Transport"
time="2026-08-11T17:15:43+08:00" level=info msg="[UE][NAS] Message without security header"
time="2026-08-11T17:15:43+08:00" level=info msg="[UE][NAS] Receive Authentication Request"
time="2026-08-11T17:15:43+08:00" level=info msg="[UE][NAS][MAC] Authenticity of the authentication request message: OK"
time="2026-08-11T17:15:43+08:00" level=info msg="[UE][NAS][SQN] SQN of the authentication request message: VALID"
time="2026-08-11T17:15:43+08:00" level=info msg="[UE][NAS] Send authentication response"
time="2026-08-11T17:15:43+08:00" level=info msg="[UE][NAS] Message with security header"
time="2026-08-11T17:15:43+08:00" level=info msg="[UE][NAS] Message with integrity and ciphered"
time="2026-08-11T17:15:43+08:00" level=info msg="[UE][NAS] successful NAS CIPHERING"
time="2026-08-11T17:15:43+08:00" level=info msg="[UE][NAS] successful NAS MAC verification"
time="2026-08-11T17:15:43+08:00" level=info msg="[UE][NAS] Receive Registration Accept"
time="2026-08-11T17:15:43+08:00" level=info msg="[UE][NAS] UE 5G GUTI: &{119 11 [242 2 248 57 202 254 0 0 0 0 30]}"
time="2026-08-11T17:15:43+08:00" level=info msg="[UE] Switched from state 1 to state 2"
time="2026-08-11T17:15:43+08:00" level=info msg="[UE] Switched from state 2 to state 3"
time="2026-08-11T17:15:43+08:00" level=info msg="[GNB][SCTP] Receive message in 0 stream\n"
time="2026-08-11T17:15:43+08:00" level=info msg="[GNB][NGAP] Receive Downlink NAS Transport"
time="2026-08-11T17:15:43+08:00" level=info msg="[UE][NAS] Message with security header"
time="2026-08-11T17:15:43+08:00" level=info msg="[UE][NAS] Message with integrity and with NEW 5G NAS SECURITY CONTEXT"
time="2026-08-11T17:15:43+08:00" level=info msg="[UE][NAS] successful NAS MAC verification"
time="2026-08-11T17:15:43+08:00" level=info msg="[UE][NAS] Receive Security Mode Command"
time="2026-08-11T17:15:43+08:00" level=info msg="[UE][NAS] Type of ciphering algorithm is 5G-EA0"
time="2026-08-11T17:15:43+08:00" level=info msg="[UE][NAS] Type of integrity protection algorithm is 128-5G-IA2"
time="2026-08-11T17:15:44+08:00" level=info msg="[GNB][SCTP] Receive message in 0 stream\n"
time="2026-08-11T17:15:44+08:00" level=info msg="[GNB][NGAP] Receive Downlink NAS Transport"
time="2026-08-11T17:15:44+08:00" level=info msg="[UE][NAS] Message without security header"
time="2026-08-11T17:15:44+08:00" level=info msg="[UE][NAS] Receive Authentication Request"
time="2026-08-11T17:15:44+08:00" level=info msg="[UE][NAS][MAC] Authenticity of the authentication request message: OK"
time="2026-08-11T17:15:44+08:00" level=info msg="[UE][NAS][SQN] SQN of the authentication request message: VALID"
time="2026-08-11T17:15:44+08:00" level=info msg="[UE][NAS] Send authentication response"
time="2026-08-11T17:15:44+08:00" level=info msg="[UE] Switched from state 1 to state 2"
time="2026-08-11T17:15:44+08:00" level=info msg="[GNB][SCTP] Receive message in 0 stream\n"
time="2026-08-11T17:15:44+08:00" level=info msg="[GNB][NGAP] Receive Downlink NAS Transport"
time="2026-08-11T17:15:44+08:00" level=info msg="[UE][NAS] Message without security header"
time="2026-08-11T17:15:44+08:00" level=info msg="[UE][NAS] Receive Authentication Request"
time="2026-08-11T17:15:44+08:00" level=info msg="[UE][NAS][MAC] Authenticity of the authentication request message: OK"
time="2026-08-11T17:15:44+08:00" level=info msg="[UE][NAS][SQN] SQN of the authentication request message: VALID"
time="2026-08-11T17:15:44+08:00" level=info msg="[UE][NAS] Send authentication response"
time="2026-08-11T17:15:44+08:00" level=info msg="[UE] Switched from state 1 to state 2"
time="2026-08-11T17:15:44+08:00" level=info msg="[GNB][SCTP] Receive message in 0 stream\n"
time="2026-08-11T17:15:44+08:00" level=info msg="[GNB][NGAP] Receive Downlink NAS Transport"
time="2026-08-11T17:15:44+08:00" level=info msg="[UE][NAS] Message without security header"
time="2026-08-11T17:15:44+08:00" level=info msg="[UE][NAS] Receive Authentication Request"
time="2026-08-11T17:15:44+08:00" level=info msg="[UE][NAS][MAC] Authenticity of the authentication request message: OK"
time="2026-08-11T17:15:44+08:00" level=info msg="[UE][NAS][SQN] SQN of the authentication request message: VALID"
time="2026-08-11T17:15:44+08:00" level=info msg="[UE][NAS] Send authentication response"
time="2026-08-11T17:15:44+08:00" level=info msg="[UE] Switched from state 1 to state 2"
time="2026-08-11T17:15:44+08:00" level=info msg="[GNB][SCTP] Receive message in 0 stream\n"
time="2026-08-11T17:15:44+08:00" level=info msg="[GNB][NGAP] Receive Initial Context Setup Request"
time="2026-08-11T17:15:44+08:00" level=info msg="[GNB][UE] UE Context was created with successful"
time="2026-08-11T17:15:44+08:00" level=info msg="[GNB][UE] UE RAN ID 15"
time="2026-08-11T17:15:44+08:00" level=info msg="[GNB][UE] UE AMF ID 20"
time="2026-08-11T17:15:44+08:00" level=info msg="[GNB][UE] UE Mobility Restrict --Plmn-- Mcc: 208 Mnc: 93"
time="2026-08-11T17:15:44+08:00" level=info msg="[GNB][UE] UE Masked Imeisv: 1110000000ffff00"
time="2026-08-11T17:15:44+08:00" level=info msg="[GNB][UE] Allowed Nssai-- Sst: [01 01] Sd: [010203 112233]"
time="2026-08-11T17:15:44+08:00" level=info msg="[GNB][NGAP][AMF] Send Initial Context Setup Response."
time="2026-08-11T17:15:44+08:00" level=info msg="[GNB] Initiating Initial Context Setup Response"
time="2026-08-11T17:15:44+08:00" level=info msg="[GNB][NGAP] No PDU Session to set up in InitialContextSetupResponse."
time="2026-08-11T17:15:44+08:00" level=info msg="[UE][NAS] Message with security header"
time="2026-08-11T17:15:44+08:00" level=info msg="[UE][NAS] Message with integrity and ciphered"
time="2026-08-11T17:15:44+08:00" level=info msg="[UE][NAS] successful NAS CIPHERING"
time="2026-08-11T17:15:44+08:00" level=info msg="[UE][NAS] successful NAS MAC verification"
time="2026-08-11T17:15:44+08:00" level=info msg="[UE][NAS] Receive Registration Accept"
time="2026-08-11T17:15:44+08:00" level=info msg="[UE][NAS] UE 5G GUTI: &{119 11 [242 2 248 57 202 254 0 0 0 0 20]}"
time="2026-08-11T17:15:44+08:00" level=info msg="[UE] Switched from state 2 to state 3"
time="2026-08-11T17:15:44+08:00" level=info msg="[GNB][SCTP] Receive message in 0 stream\n"
time="2026-08-11T17:15:44+08:00" level=info msg="[GNB][NGAP] Receive Downlink NAS Transport"
time="2026-08-11T17:15:44+08:00" level=info msg="[UE][NAS] Message with security header"
time="2026-08-11T17:15:44+08:00" level=info msg="[UE][NAS] Message with integrity and with NEW 5G NAS SECURITY CONTEXT"
time="2026-08-11T17:15:44+08:00" level=info msg="[UE][NAS] successful NAS MAC verification"
time="2026-08-11T17:15:44+08:00" level=info msg="[UE][NAS] Receive Security Mode Command"
time="2026-08-11T17:15:44+08:00" level=info msg="[UE][NAS] Type of ciphering algorithm is 5G-EA0"
time="2026-08-11T17:15:44+08:00" level=info msg="[UE][NAS] Type of integrity protection algorithm is 128-5G-IA2"
time="2026-08-11T17:15:44+08:00" level=info msg="[GNB][SCTP] Receive message in 0 stream\n"
time="2026-08-11T17:15:44+08:00" level=info msg="[GNB][SCTP] Receive message in 0 stream\n"
time="2026-08-11T17:15:44+08:00" level=info msg="[GNB][NGAP] Receive Downlink NAS Transport"
time="2026-08-11T17:15:44+08:00" level=info msg="[UE][NAS] Message with security header"
time="2026-08-11T17:15:44+08:00" level=info msg="[UE][NAS] Message with integrity and ciphered"
time="2026-08-11T17:15:44+08:00" level=info msg="[UE][NAS] successful NAS CIPHERING"
time="2026-08-11T17:15:44+08:00" level=info msg="[UE][NAS] successful NAS MAC verification"
time="2026-08-11T17:15:44+08:00" level=info msg="[UE][NAS] Receive Configuration Update Command"
time="2026-08-11T17:15:44+08:00" level=info msg="[UE] Initiating Configuration Update Complete"
time="2026-08-11T17:15:44+08:00" level=info msg="[GNB][NGAP] Receive Downlink NAS Transport"
time="2026-08-11T17:15:44+08:00" level=info msg="[UE][NAS] Message with security header"
time="2026-08-11T17:15:44+08:00" level=info msg="[UE][NAS] Message with integrity and with NEW 5G NAS SECURITY CONTEXT"
time="2026-08-11T17:15:44+08:00" level=info msg="[UE][NAS] successful NAS MAC verification"
time="2026-08-11T17:15:44+08:00" level=info msg="[UE][NAS] Receive Security Mode Command"
time="2026-08-11T17:15:44+08:00" level=info msg="[UE][NAS] Type of ciphering algorithm is 5G-EA0"
time="2026-08-11T17:15:44+08:00" level=info msg="[UE][NAS] Type of integrity protection algorithm is 128-5G-IA2"
time="2026-08-11T17:15:44+08:00" level=info msg="[GNB][SCTP] Receive message in 0 stream\n"
time="2026-08-11T17:15:44+08:00" level=info msg="[GNB][NGAP] Receive Downlink NAS Transport"
time="2026-08-11T17:15:44+08:00" level=info msg="[UE][NAS] Message with security header"
time="2026-08-11T17:15:44+08:00" level=info msg="[UE][NAS] Message with integrity and with NEW 5G NAS SECURITY CONTEXT"
time="2026-08-11T17:15:44+08:00" level=info msg="[UE][NAS] successful NAS MAC verification"
time="2026-08-11T17:15:44+08:00" level=info msg="[UE][NAS] Receive Security Mode Command"
time="2026-08-11T17:15:44+08:00" level=info msg="[UE][NAS] Type of ciphering algorithm is 5G-EA0"
time="2026-08-11T17:15:44+08:00" level=info msg="[UE][NAS] Type of integrity protection algorithm is 128-5G-IA2"
time="2026-08-11T17:15:44+08:00" level=info msg="[GNB][SCTP] Receive message in 0 stream\n"
time="2026-08-11T17:15:44+08:00" level=info msg="[GNB][NGAP] Receive Initial Context Setup Request"
time="2026-08-11T17:15:44+08:00" level=info msg="[GNB][UE] UE Context was created with successful"
time="2026-08-11T17:15:44+08:00" level=info msg="[GNB][UE] UE RAN ID 19"
time="2026-08-11T17:15:44+08:00" level=info msg="[GNB][UE] UE AMF ID 22"
time="2026-08-11T17:15:44+08:00" level=info msg="[GNB][UE] UE Mobility Restrict --Plmn-- Mcc: 208 Mnc: 93"
time="2026-08-11T17:15:44+08:00" level=info msg="[GNB][UE] UE Masked Imeisv: 1110000000ffff00"
time="2026-08-11T17:15:44+08:00" level=info msg="[GNB][UE] Allowed Nssai-- Sst: [01 01] Sd: [010203 112233]"
time="2026-08-11T17:15:44+08:00" level=info msg="[GNB][NGAP][AMF] Send Initial Context Setup Response."
time="2026-08-11T17:15:44+08:00" level=info msg="[GNB] Initiating Initial Context Setup Response"
time="2026-08-11T17:15:44+08:00" level=info msg="[GNB][NGAP] No PDU Session to set up in InitialContextSetupResponse."
time="2026-08-11T17:15:44+08:00" level=info msg="[UE][NAS] Message with security header"
time="2026-08-11T17:15:44+08:00" level=info msg="[UE][NAS] Message with integrity and ciphered"
time="2026-08-11T17:15:44+08:00" level=info msg="[UE][NAS] successful NAS CIPHERING"
time="2026-08-11T17:15:44+08:00" level=info msg="[UE][NAS] successful NAS MAC verification"
time="2026-08-11T17:15:44+08:00" level=info msg="[UE][NAS] Receive Registration Accept"
time="2026-08-11T17:15:44+08:00" level=info msg="[UE][NAS] UE 5G GUTI: &{119 11 [242 2 248 57 202 254 0 0 0 0 22]}"
time="2026-08-11T17:15:44+08:00" level=info msg="[UE] Switched from state 2 to state 3"
time="2026-08-11T17:15:44+08:00" level=info msg="[GNB][SCTP] Receive message in 0 stream\n"
time="2026-08-11T17:15:44+08:00" level=info msg="[GNB][NGAP] Receive Downlink NAS Transport"
time="2026-08-11T17:15:44+08:00" level=info msg="[UE][NAS] Message with security header"
time="2026-08-11T17:15:44+08:00" level=info msg="[UE][NAS] Message with integrity and with NEW 5G NAS SECURITY CONTEXT"
time="2026-08-11T17:15:44+08:00" level=info msg="[UE][NAS] successful NAS MAC verification"
time="2026-08-11T17:15:44+08:00" level=info msg="[UE][NAS] Receive Security Mode Command"
time="2026-08-11T17:15:44+08:00" level=info msg="[UE][NAS] Type of ciphering algorithm is 5G-EA0"
time="2026-08-11T17:15:44+08:00" level=info msg="[UE][NAS] Type of integrity protection algorithm is 128-5G-IA2"
time="2026-08-11T17:15:44+08:00" level=info msg="[GNB][SCTP] Receive message in 0 stream\n"
time="2026-08-11T17:15:44+08:00" level=info msg="[GNB][NGAP] Receive Downlink NAS Transport"
time="2026-08-11T17:15:44+08:00" level=info msg="[UE][NAS] Message without security header"
time="2026-08-11T17:15:44+08:00" level=info msg="[UE][NAS] Receive Authentication Request"
time="2026-08-11T17:15:44+08:00" level=info msg="[UE][NAS][MAC] Authenticity of the authentication request message: OK"
time="2026-08-11T17:15:44+08:00" level=info msg="[UE][NAS][SQN] SQN of the authentication request message: VALID"
time="2026-08-11T17:15:44+08:00" level=info msg="[UE][NAS] Send authentication response"
time="2026-08-11T17:15:44+08:00" level=info msg="[UE] Switched from state 1 to state 2"
time="2026-08-11T17:15:44+08:00" level=info msg="[GNB][SCTP] Receive message in 0 stream\n"
time="2026-08-11T17:15:44+08:00" level=info msg="[GNB][NGAP] Receive Downlink NAS Transport"
time="2026-08-11T17:15:44+08:00" level=info msg="[UE][NAS] Message without security header"
time="2026-08-11T17:15:44+08:00" level=info msg="[UE][NAS] Receive Authentication Request"
time="2026-08-11T17:15:44+08:00" level=info msg="[UE][NAS][MAC] Authenticity of the authentication request message: OK"
time="2026-08-11T17:15:44+08:00" level=info msg="[UE][NAS][SQN] SQN of the authentication request message: VALID"
time="2026-08-11T17:15:44+08:00" level=info msg="[UE][NAS] Send authentication response"
time="2026-08-11T17:15:44+08:00" level=info msg="[GNB][SCTP] Receive message in 0 stream\n"
time="2026-08-11T17:15:44+08:00" level=info msg="[UE] Switched from state 1 to state 2"
time="2026-08-11T17:15:44+08:00" level=info msg="[GNB][NGAP] Receive Downlink NAS Transport"
time="2026-08-11T17:15:44+08:00" level=info msg="[UE][NAS] Message without security header"
time="2026-08-11T17:15:44+08:00" level=info msg="[UE][NAS] Receive Authentication Request"
time="2026-08-11T17:15:44+08:00" level=info msg="[UE][NAS][MAC] Authenticity of the authentication request message: OK"
time="2026-08-11T17:15:44+08:00" level=info msg="[UE][NAS][SQN] SQN of the authentication request message: VALID"
time="2026-08-11T17:15:44+08:00" level=info msg="[UE][NAS] Send authentication response"
time="2026-08-11T17:15:44+08:00" level=info msg="[UE] Switched from state 1 to state 2"
time="2026-08-11T17:15:44+08:00" level=info msg="[GNB][SCTP] Receive message in 0 stream\n"
time="2026-08-11T17:15:44+08:00" level=info msg="[GNB][NGAP] Receive Downlink NAS Transport"
time="2026-08-11T17:15:44+08:00" level=info msg="[UE][NAS] Message with security header"
time="2026-08-11T17:15:44+08:00" level=info msg="[UE][NAS] Message with integrity and with NEW 5G NAS SECURITY CONTEXT"
time="2026-08-11T17:15:44+08:00" level=info msg="[UE][NAS] successful NAS MAC verification"
time="2026-08-11T17:15:44+08:00" level=info msg="[UE][NAS] Receive Security Mode Command"
time="2026-08-11T17:15:44+08:00" level=info msg="[UE][NAS] Type of ciphering algorithm is 5G-EA0"
time="2026-08-11T17:15:44+08:00" level=info msg="[UE][NAS] Type of integrity protection algorithm is 128-5G-IA2"
time="2026-08-11T17:15:44+08:00" level=info msg="[GNB][SCTP] Receive message in 0 stream\n"
time="2026-08-11T17:15:44+08:00" level=info msg="[GNB][NGAP] Receive Initial Context Setup Request"
time="2026-08-11T17:15:44+08:00" level=info msg="[GNB][UE] UE Context was created with successful"
time="2026-08-11T17:15:44+08:00" level=info msg="[GNB][UE] UE RAN ID 21"
time="2026-08-11T17:15:44+08:00" level=info msg="[GNB][UE] UE AMF ID 23"
time="2026-08-11T17:15:44+08:00" level=info msg="[GNB][UE] UE Mobility Restrict --Plmn-- Mcc: 208 Mnc: 93"
time="2026-08-11T17:15:44+08:00" level=info msg="[GNB][UE] UE Masked Imeisv: 1110000000ffff00"
time="2026-08-11T17:15:44+08:00" level=info msg="[GNB][UE] Allowed Nssai-- Sst: [01 01] Sd: [010203 112233]"
time="2026-08-11T17:15:44+08:00" level=info msg="[GNB][NGAP][AMF] Send Initial Context Setup Response."
time="2026-08-11T17:15:44+08:00" level=info msg="[GNB] Initiating Initial Context Setup Response"
time="2026-08-11T17:15:44+08:00" level=info msg="[GNB][NGAP] No PDU Session to set up in InitialContextSetupResponse."
time="2026-08-11T17:15:44+08:00" level=info msg="[UE][NAS] Message with security header"
time="2026-08-11T17:15:44+08:00" level=info msg="[UE][NAS] Message with integrity and ciphered"
time="2026-08-11T17:15:44+08:00" level=info msg="[UE][NAS] successful NAS CIPHERING"
time="2026-08-11T17:15:44+08:00" level=info msg="[UE][NAS] successful NAS MAC verification"
time="2026-08-11T17:15:44+08:00" level=info msg="[UE][NAS] Receive Registration Accept"
time="2026-08-11T17:15:44+08:00" level=info msg="[UE][NAS] UE 5G GUTI: &{119 11 [242 2 248 57 202 254 0 0 0 0 23]}"
time="2026-08-11T17:15:44+08:00" level=info msg="[UE] Switched from state 2 to state 3"
time="2026-08-11T17:15:44+08:00" level=info msg="[GNB][SCTP] Receive message in 0 stream\n"
time="2026-08-11T17:15:44+08:00" level=info msg="[GNB][NGAP] Receive Downlink NAS Transport"
time="2026-08-11T17:15:44+08:00" level=info msg="[UE][NAS] Message with security header"
time="2026-08-11T17:15:44+08:00" level=info msg="[UE][NAS] Message with integrity and with NEW 5G NAS SECURITY CONTEXT"
time="2026-08-11T17:15:44+08:00" level=info msg="[UE][NAS] successful NAS MAC verification"
time="2026-08-11T17:15:44+08:00" level=info msg="[UE][NAS] Receive Security Mode Command"
time="2026-08-11T17:15:44+08:00" level=info msg="[UE][NAS] Type of ciphering algorithm is 5G-EA0"
time="2026-08-11T17:15:44+08:00" level=info msg="[UE][NAS] Type of integrity protection algorithm is 128-5G-IA2"
time="2026-08-11T17:15:44+08:00" level=info msg="[GNB][SCTP] Receive message in 0 stream\n"
time="2026-08-11T17:15:44+08:00" level=info msg="[GNB][NGAP] Receive Downlink NAS Transport"
time="2026-08-11T17:15:44+08:00" level=info msg="[UE][NAS] Message without security header"
time="2026-08-11T17:15:44+08:00" level=info msg="[UE][NAS] Receive Authentication Request"
time="2026-08-11T17:15:44+08:00" level=info msg="[UE][NAS][MAC] Authenticity of the authentication request message: OK"
time="2026-08-11T17:15:44+08:00" level=info msg="[UE][NAS][SQN] SQN of the authentication request message: VALID"
time="2026-08-11T17:15:44+08:00" level=info msg="[UE][NAS] Send authentication response"
time="2026-08-11T17:15:44+08:00" level=info msg="[UE] Switched from state 1 to state 2"
time="2026-08-11T17:15:44+08:00" level=info msg="[GNB][SCTP] Receive message in 0 stream\n"
time="2026-08-11T17:15:44+08:00" level=info msg="[GNB][NGAP] Receive Downlink NAS Transport"
time="2026-08-11T17:15:44+08:00" level=info msg="[UE][NAS] Message without security header"
time="2026-08-11T17:15:44+08:00" level=info msg="[UE][NAS] Receive Authentication Request"
time="2026-08-11T17:15:44+08:00" level=info msg="[UE][NAS][MAC] Authenticity of the authentication request message: OK"
time="2026-08-11T17:15:44+08:00" level=info msg="[UE][NAS][SQN] SQN of the authentication request message: VALID"
time="2026-08-11T17:15:44+08:00" level=info msg="[UE][NAS] Send authentication response"
time="2026-08-11T17:15:44+08:00" level=info msg="[UE] Switched from state 1 to state 2"
time="2026-08-11T17:15:44+08:00" level=info msg="[GNB][SCTP] Receive message in 0 stream\n"
time="2026-08-11T17:15:44+08:00" level=info msg="[GNB][SCTP] Receive message in 0 stream\n"
time="2026-08-11T17:15:44+08:00" level=info msg="[GNB][NGAP] Receive Downlink NAS Transport"
time="2026-08-11T17:15:44+08:00" level=info msg="[UE][NAS] Message with security header"
time="2026-08-11T17:15:44+08:00" level=info msg="[UE][NAS] Message with integrity and with NEW 5G NAS SECURITY CONTEXT"
time="2026-08-11T17:15:44+08:00" level=info msg="[UE][NAS] successful NAS MAC verification"
time="2026-08-11T17:15:44+08:00" level=info msg="[UE][NAS] Receive Security Mode Command"
time="2026-08-11T17:15:44+08:00" level=info msg="[UE][NAS] Type of ciphering algorithm is 5G-EA0"
time="2026-08-11T17:15:44+08:00" level=info msg="[UE][NAS] Type of integrity protection algorithm is 128-5G-IA2"
time="2026-08-11T17:15:44+08:00" level=info msg="[GNB][NGAP] Receive Downlink NAS Transport"
time="2026-08-11T17:15:44+08:00" level=info msg="[UE][NAS] Message with security header"
time="2026-08-11T17:15:44+08:00" level=info msg="[UE][NAS] Message with integrity and ciphered"
time="2026-08-11T17:15:44+08:00" level=info msg="[UE][NAS] successful NAS CIPHERING"
time="2026-08-11T17:15:44+08:00" level=info msg="[UE][NAS] successful NAS MAC verification"
time="2026-08-11T17:15:44+08:00" level=info msg="[UE][NAS] Receive Configuration Update Command"
time="2026-08-11T17:15:44+08:00" level=info msg="[UE] Initiating Configuration Update Complete"
time="2026-08-11T17:15:44+08:00" level=info msg="[GNB][SCTP] Receive message in 0 stream\n"
time="2026-08-11T17:15:44+08:00" level=info msg="[GNB][NGAP] Receive Initial Context Setup Request"
time="2026-08-11T17:15:44+08:00" level=info msg="[GNB][UE] UE Context was created with successful"
time="2026-08-11T17:15:44+08:00" level=info msg="[GNB][UE] UE RAN ID 28"
time="2026-08-11T17:15:44+08:00" level=info msg="[GNB][UE] UE AMF ID 28"
time="2026-08-11T17:15:44+08:00" level=info msg="[GNB][UE] UE Mobility Restrict --Plmn-- Mcc: 208 Mnc: 93"
time="2026-08-11T17:15:44+08:00" level=info msg="[GNB][UE] UE Masked Imeisv: 1110000000ffff00"
time="2026-08-11T17:15:44+08:00" level=info msg="[GNB][UE] Allowed Nssai-- Sst: [01 01] Sd: [010203 112233]"
time="2026-08-11T17:15:44+08:00" level=info msg="[GNB][NGAP][AMF] Send Initial Context Setup Response."
time="2026-08-11T17:15:44+08:00" level=info msg="[GNB] Initiating Initial Context Setup Response"
time="2026-08-11T17:15:44+08:00" level=info msg="[GNB][NGAP] No PDU Session to set up in InitialContextSetupResponse."
time="2026-08-11T17:15:44+08:00" level=info msg="[UE][NAS] Message with security header"
time="2026-08-11T17:15:44+08:00" level=info msg="[UE][NAS] Message with integrity and ciphered"
time="2026-08-11T17:15:44+08:00" level=info msg="[UE][NAS] successful NAS CIPHERING"
time="2026-08-11T17:15:44+08:00" level=info msg="[UE][NAS] successful NAS MAC verification"
time="2026-08-11T17:15:44+08:00" level=info msg="[UE][NAS] Receive Registration Accept"
time="2026-08-11T17:15:44+08:00" level=info msg="[UE][NAS] UE 5G GUTI: &{119 11 [242 2 248 57 202 254 0 0 0 0 28]}"
time="2026-08-11T17:15:44+08:00" level=info msg="[UE] Switched from state 2 to state 3"
time="2026-08-11T17:15:44+08:00" level=info msg="[GNB][SCTP] Receive message in 0 stream\n"
time="2026-08-11T17:15:44+08:00" level=info msg="[GNB][NGAP] Receive Initial Context Setup Request"
time="2026-08-11T17:15:44+08:00" level=info msg="[GNB][UE] UE Context was created with successful"
time="2026-08-11T17:15:44+08:00" level=info msg="[GNB][UE] UE RAN ID 29"
time="2026-08-11T17:15:44+08:00" level=info msg="[GNB][UE] UE AMF ID 29"
time="2026-08-11T17:15:44+08:00" level=info msg="[GNB][UE] UE Mobility Restrict --Plmn-- Mcc: 208 Mnc: 93"
time="2026-08-11T17:15:44+08:00" level=info msg="[GNB][UE] UE Masked Imeisv: 1110000000ffff00"
time="2026-08-11T17:15:44+08:00" level=info msg="[GNB][UE] Allowed Nssai-- Sst: [01 01] Sd: [010203 112233]"
time="2026-08-11T17:15:44+08:00" level=info msg="[GNB][NGAP][AMF] Send Initial Context Setup Response."
time="2026-08-11T17:15:44+08:00" level=info msg="[GNB] Initiating Initial Context Setup Response"
time="2026-08-11T17:15:44+08:00" level=info msg="[GNB][NGAP] No PDU Session to set up in InitialContextSetupResponse."
time="2026-08-11T17:15:44+08:00" level=info msg="[UE][NAS] Message with security header"
time="2026-08-11T17:15:44+08:00" level=info msg="[UE][NAS] Message with integrity and ciphered"
time="2026-08-11T17:15:44+08:00" level=info msg="[UE][NAS] successful NAS CIPHERING"
time="2026-08-11T17:15:44+08:00" level=info msg="[UE][NAS] successful NAS MAC verification"
time="2026-08-11T17:15:44+08:00" level=info msg="[UE][NAS] Receive Registration Accept"
time="2026-08-11T17:15:44+08:00" level=info msg="[UE][NAS] UE 5G GUTI: &{119 11 [242 2 248 57 202 254 0 0 0 0 29]}"
time="2026-08-11T17:15:44+08:00" level=info msg="[UE] Switched from state 2 to state 3"
time="2026-08-11T17:15:45+08:00" level=info msg="[GNB][SCTP] Receive message in 0 stream\n"
time="2026-08-11T17:15:45+08:00" level=info msg="[GNB][NGAP] Receive Downlink NAS Transport"
time="2026-08-11T17:15:45+08:00" level=info msg="[UE][NAS] Message without security header"
time="2026-08-11T17:15:45+08:00" level=info msg="[UE][NAS] Receive Authentication Request"
time="2026-08-11T17:15:45+08:00" level=info msg="[UE][NAS][MAC] Authenticity of the authentication request message: OK"
time="2026-08-11T17:15:45+08:00" level=info msg="[UE][NAS][SQN] SQN of the authentication request message: VALID"
time="2026-08-11T17:15:45+08:00" level=info msg="[UE][NAS] Send authentication response"
time="2026-08-11T17:15:45+08:00" level=info msg="[UE] Switched from state 1 to state 2"
time="2026-08-11T17:15:45+08:00" level=info msg="[GNB][SCTP] Receive message in 0 stream\n"
time="2026-08-11T17:15:45+08:00" level=info msg="[GNB][NGAP] Receive Downlink NAS Transport"
time="2026-08-11T17:15:45+08:00" level=info msg="[UE][NAS] Message with security header"
time="2026-08-11T17:15:45+08:00" level=info msg="[UE][NAS] Message with integrity and with NEW 5G NAS SECURITY CONTEXT"
time="2026-08-11T17:15:45+08:00" level=info msg="[UE][NAS] successful NAS MAC verification"
time="2026-08-11T17:15:45+08:00" level=info msg="[UE][NAS] Receive Security Mode Command"
time="2026-08-11T17:15:45+08:00" level=info msg="[UE][NAS] Type of ciphering algorithm is 5G-EA0"
time="2026-08-11T17:15:45+08:00" level=info msg="[UE][NAS] Type of integrity protection algorithm is 128-5G-IA2"
time="2026-08-11T17:15:45+08:00" level=info msg="[GNB][SCTP] Receive message in 0 stream\n"
time="2026-08-11T17:15:45+08:00" level=info msg="[GNB][SCTP] Receive message in 0 stream\n"
time="2026-08-11T17:15:45+08:00" level=info msg="[GNB][NGAP] Receive Initial Context Setup Request"
time="2026-08-11T17:15:45+08:00" level=info msg="[GNB][UE] UE Context was created with successful"
time="2026-08-11T17:15:45+08:00" level=info msg="[GNB][UE] UE RAN ID 37"
time="2026-08-11T17:15:45+08:00" level=info msg="[GNB][UE] UE AMF ID 36"
time="2026-08-11T17:15:45+08:00" level=info msg="[GNB][UE] UE Mobility Restrict --Plmn-- Mcc: 208 Mnc: 93"
time="2026-08-11T17:15:45+08:00" level=info msg="[GNB][UE] UE Masked Imeisv: 1110000000ffff00"
time="2026-08-11T17:15:45+08:00" level=info msg="[GNB][UE] Allowed Nssai-- Sst: [01 01] Sd: [010203 112233]"
time="2026-08-11T17:15:45+08:00" level=info msg="[GNB][NGAP][AMF] Send Initial Context Setup Response."
time="2026-08-11T17:15:45+08:00" level=info msg="[GNB] Initiating Initial Context Setup Response"
time="2026-08-11T17:15:45+08:00" level=info msg="[GNB][NGAP] No PDU Session to set up in InitialContextSetupResponse."
time="2026-08-11T17:15:45+08:00" level=info msg="[UE][NAS] Message with security header"
time="2026-08-11T17:15:45+08:00" level=info msg="[UE][NAS] Message with integrity and ciphered"
time="2026-08-11T17:15:45+08:00" level=info msg="[UE][NAS] successful NAS CIPHERING"
time="2026-08-11T17:15:45+08:00" level=info msg="[UE][NAS] successful NAS MAC verification"
time="2026-08-11T17:15:45+08:00" level=info msg="[UE][NAS] Receive Registration Accept"
time="2026-08-11T17:15:45+08:00" level=info msg="[UE][NAS] UE 5G GUTI: &{119 11 [242 2 248 57 202 254 0 0 0 0 36]}"
time="2026-08-11T17:15:45+08:00" level=info msg="[UE] Switched from state 2 to state 3"
time="2026-08-11T17:15:45+08:00" level=info msg="[GNB][SCTP] Receive message in 0 stream\n"
time="2026-08-11T17:15:45+08:00" level=info msg="[GNB][NGAP] Receive Downlink NAS Transport"
time="2026-08-11T17:15:45+08:00" level=info msg="[UE][NAS] Message with security header"
time="2026-08-11T17:15:45+08:00" level=info msg="[UE][NAS] Message with integrity and ciphered"
time="2026-08-11T17:15:45+08:00" level=info msg="[UE][NAS] successful NAS CIPHERING"
time="2026-08-11T17:15:45+08:00" level=info msg="[UE][NAS] successful NAS MAC verification"
time="2026-08-11T17:15:45+08:00" level=info msg="[UE][NAS] Receive Configuration Update Command"
time="2026-08-11T17:15:45+08:00" level=info msg="[UE] Initiating Configuration Update Complete"
time="2026-08-11T17:15:45+08:00" level=info msg="[GNB][NGAP] Receive Initial Context Setup Request"
time="2026-08-11T17:15:45+08:00" level=info msg="[GNB][UE] UE Context was created with successful"
time="2026-08-11T17:15:45+08:00" level=info msg="[GNB][UE] UE RAN ID 36"
time="2026-08-11T17:15:45+08:00" level=info msg="[GNB][UE] UE AMF ID 35"
time="2026-08-11T17:15:45+08:00" level=info msg="[GNB][UE] UE Mobility Restrict --Plmn-- Mcc: 208 Mnc: 93"
time="2026-08-11T17:15:45+08:00" level=info msg="[GNB][UE] UE Masked Imeisv: 1110000000ffff00"
time="2026-08-11T17:15:45+08:00" level=info msg="[GNB][UE] Allowed Nssai-- Sst: [01 01] Sd: [010203 112233]"
time="2026-08-11T17:15:45+08:00" level=info msg="[GNB][NGAP][AMF] Send Initial Context Setup Response."
time="2026-08-11T17:15:45+08:00" level=info msg="[GNB] Initiating Initial Context Setup Response"
time="2026-08-11T17:15:45+08:00" level=info msg="[GNB][NGAP] No PDU Session to set up in InitialContextSetupResponse."
time="2026-08-11T17:15:45+08:00" level=info msg="[UE][NAS] Message with security header"
time="2026-08-11T17:15:45+08:00" level=info msg="[UE][NAS] Message with integrity and ciphered"
time="2026-08-11T17:15:45+08:00" level=info msg="[UE][NAS] successful NAS CIPHERING"
time="2026-08-11T17:15:45+08:00" level=info msg="[UE][NAS] successful NAS MAC verification"
time="2026-08-11T17:15:45+08:00" level=info msg="[UE][NAS] Receive Registration Accept"
time="2026-08-11T17:15:45+08:00" level=info msg="[UE][NAS] UE 5G GUTI: &{119 11 [242 2 248 57 202 254 0 0 0 0 35]}"
time="2026-08-11T17:15:45+08:00" level=info msg="[UE] Switched from state 2 to state 3"
time="2026-08-11T17:15:45+08:00" level=info msg="[GNB][SCTP] Receive message in 0 stream\n"
time="2026-08-11T17:15:45+08:00" level=info msg="[GNB][NGAP] Receive Downlink NAS Transport"
time="2026-08-11T17:15:45+08:00" level=info msg="[UE][NAS] Message with security header"
time="2026-08-11T17:15:45+08:00" level=info msg="[UE][NAS] Message with integrity and with NEW 5G NAS SECURITY CONTEXT"
time="2026-08-11T17:15:45+08:00" level=info msg="[UE][NAS] successful NAS MAC verification"
time="2026-08-11T17:15:45+08:00" level=info msg="[UE][NAS] Receive Security Mode Command"
time="2026-08-11T17:15:45+08:00" level=info msg="[UE][NAS] Type of ciphering algorithm is 5G-EA0"
time="2026-08-11T17:15:45+08:00" level=info msg="[UE][NAS] Type of integrity protection algorithm is 128-5G-IA2"
time="2026-08-11T17:15:45+08:00" level=info msg="[GNB][SCTP] Receive message in 0 stream\n"
time="2026-08-11T17:15:45+08:00" level=info msg="[GNB][NGAP] Receive Downlink NAS Transport"
time="2026-08-11T17:15:45+08:00" level=info msg="[UE][NAS] Message with security header"
time="2026-08-11T17:15:45+08:00" level=info msg="[UE][NAS] Message with integrity and with NEW 5G NAS SECURITY CONTEXT"
time="2026-08-11T17:15:45+08:00" level=info msg="[UE][NAS] successful NAS MAC verification"
time="2026-08-11T17:15:45+08:00" level=info msg="[UE][NAS] Receive Security Mode Command"
time="2026-08-11T17:15:45+08:00" level=info msg="[UE][NAS] Type of ciphering algorithm is 5G-EA0"
time="2026-08-11T17:15:45+08:00" level=info msg="[UE][NAS] Type of integrity protection algorithm is 128-5G-IA2"
time="2026-08-11T17:15:45+08:00" level=info msg="[GNB][SCTP] Receive message in 0 stream\n"
time="2026-08-11T17:15:45+08:00" level=info msg="[GNB][NGAP] Receive Downlink NAS Transport"
time="2026-08-11T17:15:45+08:00" level=info msg="[UE][NAS] Message with security header"
time="2026-08-11T17:15:45+08:00" level=info msg="[UE][NAS] Message with integrity and ciphered"
time="2026-08-11T17:15:45+08:00" level=info msg="[UE][NAS] successful NAS CIPHERING"
time="2026-08-11T17:15:45+08:00" level=info msg="[UE][NAS] successful NAS MAC verification"
time="2026-08-11T17:15:45+08:00" level=info msg="[UE][NAS] Receive Configuration Update Command"
time="2026-08-11T17:15:45+08:00" level=info msg="[UE] Initiating Configuration Update Complete"
time="2026-08-11T17:15:45+08:00" level=info msg="[GNB][SCTP] Receive message in 0 stream\n"
time="2026-08-11T17:15:45+08:00" level=info msg="[GNB][NGAP] Receive Downlink NAS Transport"
time="2026-08-11T17:15:45+08:00" level=info msg="[UE][NAS] Message with security header"
time="2026-08-11T17:15:45+08:00" level=info msg="[UE][NAS] Message with integrity and with NEW 5G NAS SECURITY CONTEXT"
time="2026-08-11T17:15:45+08:00" level=info msg="[UE][NAS] successful NAS MAC verification"
time="2026-08-11T17:15:45+08:00" level=info msg="[UE][NAS] Receive Security Mode Command"
time="2026-08-11T17:15:45+08:00" level=info msg="[UE][NAS] Type of ciphering algorithm is 5G-EA0"
time="2026-08-11T17:15:45+08:00" level=info msg="[UE][NAS] Type of integrity protection algorithm is 128-5G-IA2"
time="2026-08-11T17:15:45+08:00" level=info msg="[GNB][SCTP] Receive message in 0 stream\n"
time="2026-08-11T17:15:45+08:00" level=info msg="[GNB][NGAP] Receive Downlink NAS Transport"
time="2026-08-11T17:15:45+08:00" level=info msg="[UE][NAS] Message with security header"
time="2026-08-11T17:15:45+08:00" level=info msg="[UE][NAS] Message with integrity and with NEW 5G NAS SECURITY CONTEXT"
time="2026-08-11T17:15:45+08:00" level=info msg="[UE][NAS] successful NAS MAC verification"
time="2026-08-11T17:15:45+08:00" level=info msg="[UE][NAS] Receive Security Mode Command"
time="2026-08-11T17:15:45+08:00" level=info msg="[UE][NAS] Type of ciphering algorithm is 5G-EA0"
time="2026-08-11T17:15:45+08:00" level=info msg="[UE][NAS] Type of integrity protection algorithm is 128-5G-IA2"
time="2026-08-11T17:15:45+08:00" level=info msg="[GNB][SCTP] Receive message in 0 stream\n"
time="2026-08-11T17:15:45+08:00" level=info msg="[GNB][NGAP] Receive Initial Context Setup Request"
time="2026-08-11T17:15:45+08:00" level=info msg="[GNB][UE] UE Context was created with successful"
time="2026-08-11T17:15:45+08:00" level=info msg="[GNB][UE] UE RAN ID 35"
time="2026-08-11T17:15:45+08:00" level=info msg="[GNB][UE] UE AMF ID 34"
time="2026-08-11T17:15:45+08:00" level=info msg="[GNB][UE] UE Mobility Restrict --Plmn-- Mcc: 208 Mnc: 93"
time="2026-08-11T17:15:45+08:00" level=info msg="[GNB][UE] UE Masked Imeisv: 1110000000ffff00"
time="2026-08-11T17:15:45+08:00" level=info msg="[GNB][UE] Allowed Nssai-- Sst: [01 01] Sd: [010203 112233]"
time="2026-08-11T17:15:45+08:00" level=info msg="[GNB][NGAP][AMF] Send Initial Context Setup Response."
time="2026-08-11T17:15:45+08:00" level=info msg="[GNB] Initiating Initial Context Setup Response"
time="2026-08-11T17:15:45+08:00" level=info msg="[GNB][NGAP] No PDU Session to set up in InitialContextSetupResponse."
time="2026-08-11T17:15:45+08:00" level=info msg="[UE][NAS] Message with security header"
time="2026-08-11T17:15:45+08:00" level=info msg="[UE][NAS] Message with integrity and ciphered"
time="2026-08-11T17:15:45+08:00" level=info msg="[UE][NAS] successful NAS CIPHERING"
time="2026-08-11T17:15:45+08:00" level=info msg="[UE][NAS] successful NAS MAC verification"
time="2026-08-11T17:15:45+08:00" level=info msg="[UE][NAS] Receive Registration Accept"
time="2026-08-11T17:15:45+08:00" level=info msg="[UE][NAS] UE 5G GUTI: &{119 11 [242 2 248 57 202 254 0 0 0 0 34]}"
time="2026-08-11T17:15:45+08:00" level=info msg="[UE] Switched from state 2 to state 3"
time="2026-08-11T17:15:45+08:00" level=info msg="[GNB][SCTP] Receive message in 0 stream\n"
time="2026-08-11T17:15:45+08:00" level=info msg="[GNB][NGAP] Receive Initial Context Setup Request"
time="2026-08-11T17:15:45+08:00" level=info msg="[GNB][UE] UE Context was created with successful"
time="2026-08-11T17:15:45+08:00" level=info msg="[GNB][UE] UE RAN ID 34"
time="2026-08-11T17:15:45+08:00" level=info msg="[GNB][UE] UE AMF ID 41"
time="2026-08-11T17:15:45+08:00" level=info msg="[GNB][UE] UE Mobility Restrict --Plmn-- Mcc: 208 Mnc: 93"
time="2026-08-11T17:15:45+08:00" level=info msg="[GNB][UE] UE Masked Imeisv: 1110000000ffff00"
time="2026-08-11T17:15:45+08:00" level=info msg="[GNB][UE] Allowed Nssai-- Sst: [01 01] Sd: [010203 112233]"
time="2026-08-11T17:15:45+08:00" level=info msg="[GNB][NGAP][AMF] Send Initial Context Setup Response."
time="2026-08-11T17:15:45+08:00" level=info msg="[GNB] Initiating Initial Context Setup Response"
time="2026-08-11T17:15:45+08:00" level=info msg="[GNB][NGAP] No PDU Session to set up in InitialContextSetupResponse."
time="2026-08-11T17:15:45+08:00" level=info msg="[UE][NAS] Message with security header"
time="2026-08-11T17:15:45+08:00" level=info msg="[UE][NAS] Message with integrity and ciphered"
time="2026-08-11T17:15:45+08:00" level=info msg="[UE][NAS] successful NAS CIPHERING"
time="2026-08-11T17:15:45+08:00" level=info msg="[UE][NAS] successful NAS MAC verification"
time="2026-08-11T17:15:45+08:00" level=info msg="[UE][NAS] Receive Registration Accept"
time="2026-08-11T17:15:45+08:00" level=info msg="[UE][NAS] UE 5G GUTI: &{119 11 [242 2 248 57 202 254 0 0 0 0 41]}"
time="2026-08-11T17:15:45+08:00" level=info msg="[UE] Switched from state 2 to state 3"
time="2026-08-11T17:15:46+08:00" level=info msg="[GNB][SCTP] Receive message in 0 stream\n"
time="2026-08-11T17:15:46+08:00" level=info msg="[GNB][NGAP] Receive Downlink NAS Transport"
time="2026-08-11T17:15:46+08:00" level=info msg="[UE][NAS] Message without security header"
time="2026-08-11T17:15:46+08:00" level=info msg="[UE][NAS] Receive Authentication Request"
time="2026-08-11T17:15:46+08:00" level=info msg="[UE][NAS][MAC] Authenticity of the authentication request message: OK"
time="2026-08-11T17:15:46+08:00" level=info msg="[UE][NAS][SQN] SQN of the authentication request message: VALID"
time="2026-08-11T17:15:46+08:00" level=info msg="[UE][NAS] Send authentication response"
time="2026-08-11T17:15:46+08:00" level=info msg="[UE] Switched from state 2 to state 2"
time="2026-08-11T17:15:46+08:00" level=info msg="[GNB][SCTP] Receive message in 0 stream\n"
time="2026-08-11T17:15:46+08:00" level=info msg="[GNB][NGAP] Receive Downlink NAS Transport"
time="2026-08-11T17:15:46+08:00" level=info msg="[UE][NAS] Message with security header"
time="2026-08-11T17:15:46+08:00" level=info msg="[UE][NAS] Message with integrity and with NEW 5G NAS SECURITY CONTEXT"
time="2026-08-11T17:15:46+08:00" level=info msg="[UE][NAS] successful NAS MAC verification"
time="2026-08-11T17:15:46+08:00" level=info msg="[UE][NAS] Receive Security Mode Command"
time="2026-08-11T17:15:46+08:00" level=info msg="[UE][NAS] Type of ciphering algorithm is 5G-EA0"
time="2026-08-11T17:15:46+08:00" level=info msg="[UE][NAS] Type of integrity protection algorithm is 128-5G-IA2"
time="2026-08-11T17:15:46+08:00" level=info msg="[GNB][SCTP] Receive message in 0 stream\n"
time="2026-08-11T17:15:46+08:00" level=info msg="[GNB][NGAP] Receive Initial Context Setup Request"
time="2026-08-11T17:15:46+08:00" level=info msg="[GNB][UE] UE Context was created with successful"
time="2026-08-11T17:15:46+08:00" level=info msg="[GNB][UE] UE RAN ID 39"
time="2026-08-11T17:15:46+08:00" level=info msg="[GNB][UE] UE AMF ID 40"
time="2026-08-11T17:15:46+08:00" level=info msg="[GNB][UE] UE Mobility Restrict --Plmn-- Mcc: 208 Mnc: 93"
time="2026-08-11T17:15:46+08:00" level=info msg="[GNB][UE] UE Masked Imeisv: 1110000000ffff00"
time="2026-08-11T17:15:46+08:00" level=info msg="[GNB][UE] Allowed Nssai-- Sst: [01 01] Sd: [010203 112233]"
time="2026-08-11T17:15:46+08:00" level=info msg="[GNB][NGAP][AMF] Send Initial Context Setup Response."
time="2026-08-11T17:15:46+08:00" level=info msg="[GNB] Initiating Initial Context Setup Response"
time="2026-08-11T17:15:46+08:00" level=info msg="[GNB][NGAP] No PDU Session to set up in InitialContextSetupResponse."
time="2026-08-11T17:15:46+08:00" level=info msg="[UE][NAS] Message with security header"
time="2026-08-11T17:15:46+08:00" level=info msg="[UE][NAS] Message with integrity and ciphered"
time="2026-08-11T17:15:46+08:00" level=info msg="[UE][NAS] successful NAS CIPHERING"
time="2026-08-11T17:15:46+08:00" level=info msg="[UE][NAS] successful NAS MAC verification"
time="2026-08-11T17:15:46+08:00" level=info msg="[UE][NAS] Receive Registration Accept"
time="2026-08-11T17:15:46+08:00" level=info msg="[UE][NAS] UE 5G GUTI: &{119 11 [242 2 248 57 202 254 0 0 0 0 40]}"
time="2026-08-11T17:15:46+08:00" level=info msg="[UE] Switched from state 2 to state 3"
time="2026-08-11T17:15:46+08:00" level=info msg="[GNB][SCTP] Receive message in 0 stream\n"
time="2026-08-11T17:15:46+08:00" level=info msg="[GNB][NGAP] Receive Downlink NAS Transport"
time="2026-08-11T17:15:46+08:00" level=info msg="[GNB][SCTP] Receive message in 0 stream\n"
time="2026-08-11T17:15:46+08:00" level=info msg="[UE][NAS] Message with security header"
time="2026-08-11T17:15:46+08:00" level=info msg="[UE][NAS] Message with integrity and with NEW 5G NAS SECURITY CONTEXT"
time="2026-08-11T17:15:46+08:00" level=info msg="[UE][NAS] successful NAS MAC verification"
time="2026-08-11T17:15:46+08:00" level=info msg="[UE][NAS] Receive Security Mode Command"
time="2026-08-11T17:15:46+08:00" level=info msg="[UE][NAS] Type of ciphering algorithm is 5G-EA0"
time="2026-08-11T17:15:46+08:00" level=info msg="[UE][NAS] Type of integrity protection algorithm is 128-5G-IA2"
time="2026-08-11T17:15:46+08:00" level=info msg="[GNB][NGAP] Receive Downlink NAS Transport"
time="2026-08-11T17:15:46+08:00" level=info msg="[UE][NAS] Message with security header"
time="2026-08-11T17:15:46+08:00" level=info msg="[UE][NAS] Message with integrity and ciphered"
time="2026-08-11T17:15:46+08:00" level=info msg="[UE][NAS] successful NAS CIPHERING"
time="2026-08-11T17:15:46+08:00" level=info msg="[UE][NAS] successful NAS MAC verification"
time="2026-08-11T17:15:46+08:00" level=info msg="[UE][NAS] Receive Configuration Update Command"
time="2026-08-11T17:15:46+08:00" level=info msg="[UE] Initiating Configuration Update Complete"
time="2026-08-11T17:15:46+08:00" level=info msg="[GNB][SCTP] Receive message in 0 stream\n"
time="2026-08-11T17:15:46+08:00" level=info msg="[GNB][NGAP] Receive Downlink NAS Transport"
time="2026-08-11T17:15:46+08:00" level=info msg="[UE][NAS] Message without security header"
time="2026-08-11T17:15:46+08:00" level=info msg="[UE][NAS] Receive Authentication Request"
time="2026-08-11T17:15:46+08:00" level=info msg="[UE][NAS][MAC] Authenticity of the authentication request message: OK"
time="2026-08-11T17:15:46+08:00" level=info msg="[UE][NAS][SQN] SQN of the authentication request message: VALID"
time="2026-08-11T17:15:46+08:00" level=info msg="[UE][NAS] Send authentication response"
time="2026-08-11T17:15:46+08:00" level=info msg="[UE] Switched from state 2 to state 2"
time="2026-08-11T17:15:46+08:00" level=info msg="[GNB][SCTP] Receive message in 0 stream\n"
time="2026-08-11T17:15:46+08:00" level=info msg="[GNB][NGAP] Receive Initial Context Setup Request"
time="2026-08-11T17:15:46+08:00" level=info msg="[GNB][UE] UE Context was created with successful"
time="2026-08-11T17:15:46+08:00" level=info msg="[GNB][UE] UE RAN ID 40"
time="2026-08-11T17:15:46+08:00" level=info msg="[GNB][UE] UE AMF ID 46"
time="2026-08-11T17:15:46+08:00" level=info msg="[GNB][UE] UE Mobility Restrict --Plmn-- Mcc: 208 Mnc: 93"
time="2026-08-11T17:15:46+08:00" level=info msg="[GNB][UE] UE Masked Imeisv: 1110000000ffff00"
time="2026-08-11T17:15:46+08:00" level=info msg="[GNB][UE] Allowed Nssai-- Sst: [01 01] Sd: [010203 112233]"
time="2026-08-11T17:15:46+08:00" level=info msg="[GNB][NGAP][AMF] Send Initial Context Setup Response."
time="2026-08-11T17:15:46+08:00" level=info msg="[GNB] Initiating Initial Context Setup Response"
time="2026-08-11T17:15:46+08:00" level=info msg="[GNB][NGAP] No PDU Session to set up in InitialContextSetupResponse."
time="2026-08-11T17:15:46+08:00" level=info msg="[UE][NAS] Message with security header"
time="2026-08-11T17:15:46+08:00" level=info msg="[UE][NAS] Message with integrity and ciphered"
time="2026-08-11T17:15:46+08:00" level=info msg="[UE][NAS] successful NAS CIPHERING"
time="2026-08-11T17:15:46+08:00" level=info msg="[UE][NAS] successful NAS MAC verification"
time="2026-08-11T17:15:46+08:00" level=info msg="[UE][NAS] Receive Registration Accept"
time="2026-08-11T17:15:46+08:00" level=info msg="[UE][NAS] UE 5G GUTI: &{119 11 [242 2 248 57 202 254 0 0 0 0 46]}"
time="2026-08-11T17:15:46+08:00" level=info msg="[UE] Switched from state 2 to state 3"
time="2026-08-11T17:15:46+08:00" level=info msg="[GNB][SCTP] Receive message in 0 stream\n"
time="2026-08-11T17:15:46+08:00" level=info msg="[GNB][NGAP] Receive Downlink NAS Transport"
time="2026-08-11T17:15:46+08:00" level=info msg="[UE][NAS] Message with security header"
time="2026-08-11T17:15:46+08:00" level=info msg="[UE][NAS] Message with integrity and with NEW 5G NAS SECURITY CONTEXT"
time="2026-08-11T17:15:46+08:00" level=info msg="[UE][NAS] successful NAS MAC verification"
time="2026-08-11T17:15:46+08:00" level=info msg="[UE][NAS] Receive Security Mode Command"
time="2026-08-11T17:15:46+08:00" level=info msg="[UE][NAS] Type of ciphering algorithm is 5G-EA0"
time="2026-08-11T17:15:46+08:00" level=info msg="[UE][NAS] Type of integrity protection algorithm is 128-5G-IA2"
time="2026-08-11T17:15:46+08:00" level=info msg="[GNB][SCTP] Receive message in 0 stream\n"
time="2026-08-11T17:15:46+08:00" level=info msg="[GNB][NGAP] Receive Downlink NAS Transport"
time="2026-08-11T17:15:46+08:00" level=info msg="[UE][NAS] Message with security header"
time="2026-08-11T17:15:46+08:00" level=info msg="[UE][NAS] Message with integrity and with NEW 5G NAS SECURITY CONTEXT"
time="2026-08-11T17:15:46+08:00" level=info msg="[UE][NAS] successful NAS MAC verification"
time="2026-08-11T17:15:46+08:00" level=info msg="[UE][NAS] Receive Security Mode Command"
time="2026-08-11T17:15:46+08:00" level=info msg="[UE][NAS] Type of ciphering algorithm is 5G-EA0"
time="2026-08-11T17:15:46+08:00" level=info msg="[UE][NAS] Type of integrity protection algorithm is 128-5G-IA2"
time="2026-08-11T17:15:46+08:00" level=info msg="[GNB][SCTP] Receive message in 0 stream\n"
time="2026-08-11T17:15:46+08:00" level=info msg="[GNB][NGAP] Receive Downlink NAS Transport"
time="2026-08-11T17:15:46+08:00" level=info msg="[UE][NAS] Message with security header"
time="2026-08-11T17:15:46+08:00" level=info msg="[UE][NAS] Message with integrity and with NEW 5G NAS SECURITY CONTEXT"
time="2026-08-11T17:15:46+08:00" level=info msg="[UE][NAS] successful NAS MAC verification"
time="2026-08-11T17:15:46+08:00" level=info msg="[UE][NAS] Receive Security Mode Command"
time="2026-08-11T17:15:46+08:00" level=info msg="[UE][NAS] Type of ciphering algorithm is 5G-EA0"
time="2026-08-11T17:15:46+08:00" level=info msg="[UE][NAS] Type of integrity protection algorithm is 128-5G-IA2"
time="2026-08-11T17:15:46+08:00" level=info msg="[GNB][SCTP] Receive message in 0 stream\n"
time="2026-08-11T17:15:46+08:00" level=info msg="[GNB][NGAP] Receive Downlink NAS Transport"
time="2026-08-11T17:15:46+08:00" level=info msg="[UE][NAS] Message with security header"
time="2026-08-11T17:15:46+08:00" level=info msg="[UE][NAS] Message with integrity and ciphered"
time="2026-08-11T17:15:46+08:00" level=info msg="[UE][NAS] successful NAS CIPHERING"
time="2026-08-11T17:15:46+08:00" level=info msg="[UE][NAS] successful NAS MAC verification"
time="2026-08-11T17:15:46+08:00" level=info msg="[UE][NAS] Receive Configuration Update Command"
time="2026-08-11T17:15:46+08:00" level=info msg="[UE] Initiating Configuration Update Complete"
time="2026-08-11T17:15:46+08:00" level=info msg="[GNB][SCTP] Receive message in 0 stream\n"
time="2026-08-11T17:15:46+08:00" level=info msg="[GNB][NGAP] Receive Downlink NAS Transport"
time="2026-08-11T17:15:46+08:00" level=info msg="[UE][NAS] Message without security header"
time="2026-08-11T17:15:46+08:00" level=info msg="[UE][NAS] Receive Authentication Request"
time="2026-08-11T17:15:46+08:00" level=info msg="[UE][NAS][MAC] Authenticity of the authentication request message: OK"
time="2026-08-11T17:15:46+08:00" level=info msg="[UE][NAS][SQN] SQN of the authentication request message: VALID"
time="2026-08-11T17:15:46+08:00" level=info msg="[UE][NAS] Send authentication response"
time="2026-08-11T17:15:46+08:00" level=info msg="[UE] Switched from state 2 to state 2"
time="2026-08-11T17:15:46+08:00" level=info msg="[GNB][SCTP] Receive message in 0 stream\n"
time="2026-08-11T17:15:46+08:00" level=info msg="[GNB][NGAP] Receive Downlink NAS Transport"
time="2026-08-11T17:15:46+08:00" level=info msg="[UE][NAS] Message without security header"
time="2026-08-11T17:15:46+08:00" level=info msg="[UE][NAS] Receive Authentication Request"
time="2026-08-11T17:15:46+08:00" level=info msg="[UE][NAS][MAC] Authenticity of the authentication request message: OK"
time="2026-08-11T17:15:46+08:00" level=info msg="[UE][NAS][SQN] SQN of the authentication request message: VALID"
time="2026-08-11T17:15:46+08:00" level=info msg="[UE][NAS] Send authentication response"
time="2026-08-11T17:15:46+08:00" level=info msg="[UE] Switched from state 2 to state 2"
time="2026-08-11T17:15:46+08:00" level=info msg="[GNB][SCTP] Receive message in 0 stream\n"
time="2026-08-11T17:15:46+08:00" level=info msg="[GNB][NGAP] Receive Downlink NAS Transport"
time="2026-08-11T17:15:46+08:00" level=info msg="[UE][NAS] Message with security header"
time="2026-08-11T17:15:46+08:00" level=info msg="[UE][NAS] Message with integrity and with NEW 5G NAS SECURITY CONTEXT"
time="2026-08-11T17:15:46+08:00" level=info msg="[UE][NAS] successful NAS MAC verification"
time="2026-08-11T17:15:46+08:00" level=info msg="[UE][NAS] Receive Security Mode Command"
time="2026-08-11T17:15:46+08:00" level=info msg="[UE][NAS] Type of ciphering algorithm is 5G-EA0"
time="2026-08-11T17:15:46+08:00" level=info msg="[UE][NAS] Type of integrity protection algorithm is 128-5G-IA2"
time="2026-08-11T17:15:46+08:00" level=info msg="[GNB][SCTP] Receive message in 0 stream\n"
time="2026-08-11T17:15:46+08:00" level=info msg="[GNB][NGAP] Receive Downlink NAS Transport"
time="2026-08-11T17:15:46+08:00" level=info msg="[UE][NAS] Message with security header"
time="2026-08-11T17:15:46+08:00" level=info msg="[UE][NAS] Message with integrity and with NEW 5G NAS SECURITY CONTEXT"
time="2026-08-11T17:15:46+08:00" level=info msg="[UE][NAS] successful NAS MAC verification"
time="2026-08-11T17:15:46+08:00" level=info msg="[UE][NAS] Receive Security Mode Command"
time="2026-08-11T17:15:46+08:00" level=info msg="[UE][NAS] Type of ciphering algorithm is 5G-EA0"
time="2026-08-11T17:15:46+08:00" level=info msg="[UE][NAS] Type of integrity protection algorithm is 128-5G-IA2"
time="2026-08-11T17:15:46+08:00" level=info msg="[GNB][SCTP] Receive message in 0 stream\n"
time="2026-08-11T17:15:46+08:00" level=info msg="[GNB][SCTP] Receive message in 0 stream\n"
time="2026-08-11T17:15:46+08:00" level=info msg="[GNB][NGAP] Receive Downlink NAS Transport"
time="2026-08-11T17:15:46+08:00" level=info msg="[UE][NAS] Message with security header"
time="2026-08-11T17:15:46+08:00" level=info msg="[UE][NAS] Message with integrity and ciphered"
time="2026-08-11T17:15:46+08:00" level=info msg="[UE][NAS] successful NAS CIPHERING"
time="2026-08-11T17:15:46+08:00" level=info msg="[UE][NAS] successful NAS MAC verification"
time="2026-08-11T17:15:46+08:00" level=info msg="[UE][NAS] Receive Configuration Update Command"
time="2026-08-11T17:15:46+08:00" level=info msg="[UE] Initiating Configuration Update Complete"
time="2026-08-11T17:15:46+08:00" level=info msg="[GNB][NGAP] Receive Initial Context Setup Request"
time="2026-08-11T17:15:46+08:00" level=info msg="[GNB][UE] UE Context was created with successful"
time="2026-08-11T17:15:46+08:00" level=info msg="[GNB][UE] UE RAN ID 49"
time="2026-08-11T17:15:46+08:00" level=info msg="[GNB][UE] UE AMF ID 52"
time="2026-08-11T17:15:46+08:00" level=info msg="[GNB][UE] UE Mobility Restrict --Plmn-- Mcc: 208 Mnc: 93"
time="2026-08-11T17:15:46+08:00" level=info msg="[GNB][UE] UE Masked Imeisv: 1110000000ffff00"
time="2026-08-11T17:15:46+08:00" level=info msg="[GNB][UE] Allowed Nssai-- Sst: [01 01] Sd: [010203 112233]"
time="2026-08-11T17:15:46+08:00" level=info msg="[GNB][NGAP][AMF] Send Initial Context Setup Response."
time="2026-08-11T17:15:46+08:00" level=info msg="[GNB] Initiating Initial Context Setup Response"
time="2026-08-11T17:15:46+08:00" level=info msg="[GNB][NGAP] No PDU Session to set up in InitialContextSetupResponse."
time="2026-08-11T17:15:46+08:00" level=info msg="[UE][NAS] Message with security header"
time="2026-08-11T17:15:46+08:00" level=info msg="[UE][NAS] Message with integrity and ciphered"
time="2026-08-11T17:15:46+08:00" level=info msg="[UE][NAS] successful NAS CIPHERING"
time="2026-08-11T17:15:46+08:00" level=info msg="[UE][NAS] successful NAS MAC verification"
time="2026-08-11T17:15:46+08:00" level=info msg="[UE][NAS] Receive Registration Accept"
time="2026-08-11T17:15:46+08:00" level=info msg="[UE][NAS] UE 5G GUTI: &{119 11 [242 2 248 57 202 254 0 0 0 0 52]}"
time="2026-08-11T17:15:46+08:00" level=info msg="[UE] Switched from state 2 to state 3"
time="2026-08-11T17:15:46+08:00" level=info msg="[GNB][SCTP] Receive message in 0 stream\n"
time="2026-08-11T17:15:46+08:00" level=info msg="[GNB][NGAP] Receive Downlink NAS Transport"
time="2026-08-11T17:15:46+08:00" level=info msg="[UE][NAS] Message with security header"
time="2026-08-11T17:15:46+08:00" level=info msg="[UE][NAS] Message with integrity and with NEW 5G NAS SECURITY CONTEXT"
time="2026-08-11T17:15:46+08:00" level=info msg="[UE][NAS] successful NAS MAC verification"
time="2026-08-11T17:15:46+08:00" level=info msg="[UE][NAS] Receive Security Mode Command"
time="2026-08-11T17:15:46+08:00" level=info msg="[UE][NAS] Type of ciphering algorithm is 5G-EA0"
time="2026-08-11T17:15:46+08:00" level=info msg="[UE][NAS] Type of integrity protection algorithm is 128-5G-IA2"
time="2026-08-11T17:15:46+08:00" level=info msg="[GNB][SCTP] Receive message in 0 stream\n"
time="2026-08-11T17:15:46+08:00" level=info msg="[GNB][NGAP] Receive Initial Context Setup Request"
time="2026-08-11T17:15:46+08:00" level=info msg="[GNB][UE] UE Context was created with successful"
time="2026-08-11T17:15:46+08:00" level=info msg="[GNB][UE] UE RAN ID 8"
time="2026-08-11T17:15:46+08:00" level=info msg="[GNB][UE] UE AMF ID 7"
time="2026-08-11T17:15:46+08:00" level=info msg="[GNB][UE] UE Mobility Restrict --Plmn-- Mcc: 208 Mnc: 93"
time="2026-08-11T17:15:46+08:00" level=info msg="[GNB][UE] UE Masked Imeisv: 1110000000ffff00"
time="2026-08-11T17:15:46+08:00" level=info msg="[GNB][UE] Allowed Nssai-- Sst: [01 01] Sd: [010203 112233]"
time="2026-08-11T17:15:46+08:00" level=info msg="[GNB][NGAP][AMF] Send Initial Context Setup Response."
time="2026-08-11T17:15:46+08:00" level=info msg="[GNB] Initiating Initial Context Setup Response"
time="2026-08-11T17:15:46+08:00" level=info msg="[GNB][NGAP] No PDU Session to set up in InitialContextSetupResponse."
time="2026-08-11T17:15:46+08:00" level=info msg="[GNB][SCTP] Receive message in 0 stream\n"
time="2026-08-11T17:15:46+08:00" level=info msg="[UE][NAS] Message with security header"
time="2026-08-11T17:15:46+08:00" level=info msg="[UE][NAS] Message with integrity and ciphered"
time="2026-08-11T17:15:46+08:00" level=info msg="[UE][NAS] successful NAS CIPHERING"
time="2026-08-11T17:15:46+08:00" level=info msg="[UE][NAS] successful NAS MAC verification"
time="2026-08-11T17:15:46+08:00" level=info msg="[UE][NAS] Receive Registration Accept"
time="2026-08-11T17:15:46+08:00" level=info msg="[UE][NAS] UE 5G GUTI: &{119 11 [242 2 248 57 202 254 0 0 0 0 7]}"
time="2026-08-11T17:15:46+08:00" level=info msg="[UE] Switched from state 3 to state 3"
time="2026-08-11T17:15:46+08:00" level=info msg="[GNB][NGAP] Receive Downlink NAS Transport"
time="2026-08-11T17:15:46+08:00" level=info msg="[UE][NAS] Message without security header"
time="2026-08-11T17:15:46+08:00" level=info msg="[UE][NAS] Receive Authentication Request"
time="2026-08-11T17:15:46+08:00" level=info msg="[UE][NAS][MAC] Authenticity of the authentication request message: OK"
time="2026-08-11T17:15:46+08:00" level=info msg="[UE][NAS][SQN] SQN of the authentication request message: VALID"
time="2026-08-11T17:15:46+08:00" level=info msg="[UE][NAS] Send authentication response"
time="2026-08-11T17:15:46+08:00" level=info msg="[UE] Switched from state 1 to state 2"
time="2026-08-11T17:15:46+08:00" level=info msg="[GNB][SCTP] Receive message in 0 stream\n"
time="2026-08-11T17:15:46+08:00" level=info msg="[GNB][NGAP] Receive Downlink NAS Transport"
time="2026-08-11T17:15:46+08:00" level=info msg="[UE][NAS] Message with security header"
time="2026-08-11T17:15:46+08:00" level=info msg="[UE][NAS] Message with integrity and with NEW 5G NAS SECURITY CONTEXT"
time="2026-08-11T17:15:46+08:00" level=info msg="[UE][NAS] successful NAS MAC verification"
time="2026-08-11T17:15:46+08:00" level=info msg="[UE][NAS] Receive Security Mode Command"
time="2026-08-11T17:15:46+08:00" level=info msg="[UE][NAS] Type of ciphering algorithm is 5G-EA0"
time="2026-08-11T17:15:46+08:00" level=info msg="[UE][NAS] Type of integrity protection algorithm is 128-5G-IA2"
time="2026-08-11T17:15:46+08:00" level=info msg="[GNB][SCTP] Receive message in 0 stream\n"
time="2026-08-11T17:15:46+08:00" level=info msg="[GNB][NGAP] Receive Downlink NAS Transport"
time="2026-08-11T17:15:46+08:00" level=info msg="[UE][NAS] Message with security header"
time="2026-08-11T17:15:46+08:00" level=info msg="[UE][NAS] Message with integrity and with NEW 5G NAS SECURITY CONTEXT"
time="2026-08-11T17:15:46+08:00" level=info msg="[UE][NAS] successful NAS MAC verification"
time="2026-08-11T17:15:46+08:00" level=info msg="[UE][NAS] Receive Security Mode Command"
time="2026-08-11T17:15:46+08:00" level=info msg="[UE][NAS] Type of ciphering algorithm is 5G-EA0"
time="2026-08-11T17:15:46+08:00" level=info msg="[UE][NAS] Type of integrity protection algorithm is 128-5G-IA2"
time="2026-08-11T17:15:46+08:00" level=info msg="[GNB][SCTP] Receive message in 0 stream\n"
time="2026-08-11T17:15:46+08:00" level=info msg="[GNB][NGAP] Receive Downlink NAS Transport"
time="2026-08-11T17:15:46+08:00" level=info msg="[UE][NAS] Message without security header"
time="2026-08-11T17:15:46+08:00" level=info msg="[UE][NAS] Receive Authentication Request"
time="2026-08-11T17:15:46+08:00" level=info msg="[UE][NAS][MAC] Authenticity of the authentication request message: OK"
time="2026-08-11T17:15:46+08:00" level=info msg="[UE][NAS][SQN] SQN of the authentication request message: VALID"
time="2026-08-11T17:15:46+08:00" level=info msg="[UE][NAS] Send authentication response"
time="2026-08-11T17:15:46+08:00" level=info msg="[UE] Switched from state 1 to state 2"
time="2026-08-11T17:15:46+08:00" level=info msg="[GNB][SCTP] Receive message in 0 stream\n"
time="2026-08-11T17:15:46+08:00" level=info msg="[GNB][NGAP] Receive Downlink NAS Transport"
time="2026-08-11T17:15:46+08:00" level=info msg="[UE][NAS] Message with security header"
time="2026-08-11T17:15:46+08:00" level=info msg="[UE][NAS] Message with integrity and ciphered"
time="2026-08-11T17:15:46+08:00" level=info msg="[UE][NAS] successful NAS CIPHERING"
time="2026-08-11T17:15:46+08:00" level=info msg="[UE][NAS] successful NAS MAC verification"
time="2026-08-11T17:15:46+08:00" level=info msg="[UE][NAS] Receive Configuration Update Command"
time="2026-08-11T17:15:46+08:00" level=info msg="[UE] Initiating Configuration Update Complete"
time="2026-08-11T17:15:46+08:00" level=info msg="[GNB][SCTP] Receive message in 0 stream\n"
time="2026-08-11T17:15:46+08:00" level=info msg="[GNB][NGAP] Receive Downlink NAS Transport"
time="2026-08-11T17:15:46+08:00" level=info msg="[UE][NAS] Message with security header"
time="2026-08-11T17:15:46+08:00" level=info msg="[UE][NAS] Message with integrity and with NEW 5G NAS SECURITY CONTEXT"
time="2026-08-11T17:15:46+08:00" level=info msg="[UE][NAS] successful NAS MAC verification"
time="2026-08-11T17:15:46+08:00" level=info msg="[UE][NAS] Receive Security Mode Command"
time="2026-08-11T17:15:46+08:00" level=info msg="[UE][NAS] Type of ciphering algorithm is 5G-EA0"
time="2026-08-11T17:15:46+08:00" level=info msg="[UE][NAS] Type of integrity protection algorithm is 128-5G-IA2"
time="2026-08-11T17:15:47+08:00" level=info msg="[GNB][SCTP] Receive message in 0 stream\n"
time="2026-08-11T17:15:47+08:00" level=info msg="[GNB][NGAP] Receive Downlink NAS Transport"
time="2026-08-11T17:15:47+08:00" level=info msg="[UE][NAS] Message without security header"
time="2026-08-11T17:15:47+08:00" level=info msg="[UE][NAS] Receive Authentication Request"
time="2026-08-11T17:15:47+08:00" level=info msg="[UE][NAS][MAC] Authenticity of the authentication request message: OK"
time="2026-08-11T17:15:47+08:00" level=info msg="[UE][NAS][SQN] SQN of the authentication request message: VALID"
time="2026-08-11T17:15:47+08:00" level=info msg="[UE][NAS] Send authentication response"
time="2026-08-11T17:15:47+08:00" level=info msg="[UE] Switched from state 1 to state 2"
time="2026-08-11T17:15:47+08:00" level=info msg="[GNB][SCTP] Receive message in 0 stream\n"
time="2026-08-11T17:15:47+08:00" level=info msg="[GNB][SCTP] Receive message in 0 stream\n"
time="2026-08-11T17:15:47+08:00" level=info msg="[GNB][NGAP] Receive Initial Context Setup Request"
time="2026-08-11T17:15:47+08:00" level=info msg="[GNB][UE] UE Context was created with successful"
time="2026-08-11T17:15:47+08:00" level=info msg="[GNB][UE] UE RAN ID 54"
time="2026-08-11T17:15:47+08:00" level=info msg="[GNB][UE] UE AMF ID 48"
time="2026-08-11T17:15:47+08:00" level=info msg="[GNB][UE] UE Mobility Restrict --Plmn-- Mcc: 208 Mnc: 93"
time="2026-08-11T17:15:47+08:00" level=info msg="[GNB][UE] UE Masked Imeisv: 1110000000ffff00"
time="2026-08-11T17:15:47+08:00" level=info msg="[GNB][UE] Allowed Nssai-- Sst: [01 01] Sd: [010203 112233]"
time="2026-08-11T17:15:47+08:00" level=info msg="[GNB][NGAP][AMF] Send Initial Context Setup Response."
time="2026-08-11T17:15:47+08:00" level=info msg="[GNB] Initiating Initial Context Setup Response"
time="2026-08-11T17:15:47+08:00" level=info msg="[GNB][NGAP] No PDU Session to set up in InitialContextSetupResponse."
time="2026-08-11T17:15:47+08:00" level=info msg="[UE][NAS] Message with security header"
time="2026-08-11T17:15:47+08:00" level=info msg="[UE][NAS] Message with integrity and ciphered"
time="2026-08-11T17:15:47+08:00" level=info msg="[UE][NAS] successful NAS CIPHERING"
time="2026-08-11T17:15:47+08:00" level=info msg="[UE][NAS] successful NAS MAC verification"
time="2026-08-11T17:15:47+08:00" level=info msg="[UE][NAS] Receive Registration Accept"
time="2026-08-11T17:15:47+08:00" level=info msg="[UE][NAS] UE 5G GUTI: &{119 11 [242 2 248 57 202 254 0 0 0 0 48]}"
time="2026-08-11T17:15:47+08:00" level=info msg="[GNB][SCTP] Receive message in 0 stream\n"
time="2026-08-11T17:15:47+08:00" level=info msg="[GNB][SCTP] Receive message in 0 stream\n"
time="2026-08-11T17:15:47+08:00" level=info msg="[GNB][NGAP] Receive Initial Context Setup Request"
time="2026-08-11T17:15:47+08:00" level=info msg="[GNB][UE] UE Context was created with successful"
time="2026-08-11T17:15:47+08:00" level=info msg="[GNB][UE] UE RAN ID 66"
time="2026-08-11T17:15:47+08:00" level=info msg="[GNB][UE] UE AMF ID 58"
time="2026-08-11T17:15:47+08:00" level=info msg="[GNB][UE] UE Mobility Restrict --Plmn-- Mcc: 208 Mnc: 93"
time="2026-08-11T17:15:47+08:00" level=info msg="[GNB][UE] UE Masked Imeisv: 1110000000ffff00"
time="2026-08-11T17:15:47+08:00" level=info msg="[GNB][UE] Allowed Nssai-- Sst: [01 01] Sd: [010203 112233]"
time="2026-08-11T17:15:47+08:00" level=info msg="[GNB][NGAP][AMF] Send Initial Context Setup Response."
time="2026-08-11T17:15:47+08:00" level=info msg="[GNB] Initiating Initial Context Setup Response"
time="2026-08-11T17:15:47+08:00" level=info msg="[GNB][NGAP] No PDU Session to set up in InitialContextSetupResponse."
time="2026-08-11T17:15:47+08:00" level=info msg="[UE] Switched from state 2 to state 3"
time="2026-08-11T17:15:47+08:00" level=info msg="[GNB][NGAP] Receive Downlink NAS Transport"
time="2026-08-11T17:15:47+08:00" level=info msg="[UE][NAS] Message with security header"
time="2026-08-11T17:15:47+08:00" level=info msg="[UE][NAS] Message with integrity and ciphered"
time="2026-08-11T17:15:47+08:00" level=info msg="[UE][NAS] successful NAS CIPHERING"
time="2026-08-11T17:15:47+08:00" level=info msg="[UE][NAS] successful NAS MAC verification"
time="2026-08-11T17:15:47+08:00" level=info msg="[UE][NAS] Receive Configuration Update Command"
time="2026-08-11T17:15:47+08:00" level=info msg="[UE] Initiating Configuration Update Complete"
time="2026-08-11T17:15:47+08:00" level=info msg="[UE][NAS] Message with security header"
time="2026-08-11T17:15:47+08:00" level=info msg="[UE][NAS] Message with integrity and ciphered"
time="2026-08-11T17:15:47+08:00" level=info msg="[UE][NAS] successful NAS CIPHERING"
time="2026-08-11T17:15:47+08:00" level=info msg="[UE][NAS] successful NAS MAC verification"
time="2026-08-11T17:15:47+08:00" level=info msg="[UE][NAS] Receive Registration Accept"
time="2026-08-11T17:15:47+08:00" level=info msg="[UE][NAS] UE 5G GUTI: &{119 11 [242 2 248 57 202 254 0 0 0 0 58]}"
time="2026-08-11T17:15:47+08:00" level=info msg="[GNB][NGAP] Receive Downlink NAS Transport"
time="2026-08-11T17:15:47+08:00" level=info msg="[UE][NAS] Message with security header"
time="2026-08-11T17:15:47+08:00" level=info msg="[UE][NAS] Message with integrity and ciphered"
time="2026-08-11T17:15:47+08:00" level=info msg="[UE][NAS] successful NAS CIPHERING"
time="2026-08-11T17:15:47+08:00" level=info msg="[UE][NAS] successful NAS MAC verification"
time="2026-08-11T17:15:47+08:00" level=info msg="[UE][NAS] Receive Configuration Update Command"
time="2026-08-11T17:15:47+08:00" level=info msg="[UE] Initiating Configuration Update Complete"
time="2026-08-11T17:15:47+08:00" level=info msg="[UE] Switched from state 2 to state 3"
time="2026-08-11T17:15:47+08:00" level=info msg="[GNB][SCTP] Receive message in 0 stream\n"
time="2026-08-11T17:15:47+08:00" level=info msg="[GNB][NGAP] Receive Downlink NAS Transport"
time="2026-08-11T17:15:47+08:00" level=info msg="[UE][NAS] Message with security header"
time="2026-08-11T17:15:47+08:00" level=info msg="[UE][NAS] Message with integrity and with NEW 5G NAS SECURITY CONTEXT"
time="2026-08-11T17:15:47+08:00" level=info msg="[UE][NAS] successful NAS MAC verification"
time="2026-08-11T17:15:47+08:00" level=info msg="[UE][NAS] Receive Security Mode Command"
time="2026-08-11T17:15:47+08:00" level=info msg="[UE][NAS] Type of ciphering algorithm is 5G-EA0"
time="2026-08-11T17:15:47+08:00" level=info msg="[UE][NAS] Type of integrity protection algorithm is 128-5G-IA2"
time="2026-08-11T17:15:47+08:00" level=info msg="[GNB][SCTP] Receive message in 0 stream\n"
time="2026-08-11T17:15:47+08:00" level=info msg="[GNB][NGAP] Receive Downlink NAS Transport"
time="2026-08-11T17:15:47+08:00" level=info msg="[UE][NAS] Message with security header"
time="2026-08-11T17:15:47+08:00" level=info msg="[UE][NAS] Message with integrity and ciphered"
time="2026-08-11T17:15:47+08:00" level=info msg="[UE][NAS] successful NAS CIPHERING"
time="2026-08-11T17:15:47+08:00" level=info msg="[UE][NAS] successful NAS MAC verification"
time="2026-08-11T17:15:47+08:00" level=info msg="[UE][NAS] Receive Configuration Update Command"
time="2026-08-11T17:15:47+08:00" level=info msg="[UE] Initiating Configuration Update Complete"
time="2026-08-11T17:15:47+08:00" level=info msg="[GNB][SCTP] Receive message in 0 stream\n"
time="2026-08-11T17:15:47+08:00" level=info msg="[GNB][NGAP] Receive Downlink NAS Transport"
time="2026-08-11T17:15:47+08:00" level=info msg="[UE][NAS] Message without security header"
time="2026-08-11T17:15:47+08:00" level=info msg="[UE][NAS] Receive Authentication Request"
time="2026-08-11T17:15:47+08:00" level=info msg="[UE][NAS][MAC] Authenticity of the authentication request message: OK"
time="2026-08-11T17:15:47+08:00" level=info msg="[UE][NAS][SQN] SQN of the authentication request message: VALID"
time="2026-08-11T17:15:47+08:00" level=info msg="[UE][NAS] Send authentication response"
time="2026-08-11T17:15:47+08:00" level=info msg="[UE] Switched from state 2 to state 2"
time="2026-08-11T17:15:47+08:00" level=info msg="[GNB][SCTP] Receive message in 0 stream\n"
time="2026-08-11T17:15:47+08:00" level=info msg="[GNB][NGAP] Receive Initial Context Setup Request"
time="2026-08-11T17:15:47+08:00" level=info msg="[GNB][UE] UE Context was created with successful"
time="2026-08-11T17:15:47+08:00" level=info msg="[GNB][UE] UE RAN ID 51"
time="2026-08-11T17:15:47+08:00" level=info msg="[GNB][UE] UE AMF ID 47"
time="2026-08-11T17:15:47+08:00" level=info msg="[GNB][UE] UE Mobility Restrict --Plmn-- Mcc: 208 Mnc: 93"
time="2026-08-11T17:15:47+08:00" level=info msg="[GNB][UE] UE Masked Imeisv: 1110000000ffff00"
time="2026-08-11T17:15:47+08:00" level=info msg="[GNB][UE] Allowed Nssai-- Sst: [01 01] Sd: [010203 112233]"
time="2026-08-11T17:15:47+08:00" level=info msg="[GNB][NGAP][AMF] Send Initial Context Setup Response."
time="2026-08-11T17:15:47+08:00" level=info msg="[GNB] Initiating Initial Context Setup Response"
time="2026-08-11T17:15:47+08:00" level=info msg="[GNB][NGAP] No PDU Session to set up in InitialContextSetupResponse."
time="2026-08-11T17:15:47+08:00" level=info msg="[GNB][SCTP] Receive message in 0 stream\n"
time="2026-08-11T17:15:47+08:00" level=info msg="[UE][NAS] Message with security header"
time="2026-08-11T17:15:47+08:00" level=info msg="[UE][NAS] Message with integrity and ciphered"
time="2026-08-11T17:15:47+08:00" level=info msg="[UE][NAS] successful NAS CIPHERING"
time="2026-08-11T17:15:47+08:00" level=info msg="[UE][NAS] successful NAS MAC verification"
time="2026-08-11T17:15:47+08:00" level=info msg="[UE][NAS] Receive Registration Accept"
time="2026-08-11T17:15:47+08:00" level=info msg="[UE][NAS] UE 5G GUTI: &{119 11 [242 2 248 57 202 254 0 0 0 0 47]}"
time="2026-08-11T17:15:47+08:00" level=info msg="[UE] Switched from state 2 to state 3"
time="2026-08-11T17:15:47+08:00" level=info msg="[GNB][SCTP] Receive message in 0 stream\n"
time="2026-08-11T17:15:47+08:00" level=info msg="[GNB][NGAP] Receive Downlink NAS Transport"
time="2026-08-11T17:15:47+08:00" level=info msg="[UE][NAS] Message with security header"
time="2026-08-11T17:15:47+08:00" level=info msg="[UE][NAS] Message with integrity and ciphered"
time="2026-08-11T17:15:47+08:00" level=info msg="[UE][NAS] successful NAS CIPHERING"
time="2026-08-11T17:15:47+08:00" level=info msg="[UE][NAS] successful NAS MAC verification"
time="2026-08-11T17:15:47+08:00" level=info msg="[UE][NAS] Receive Configuration Update Command"
time="2026-08-11T17:15:47+08:00" level=info msg="[UE] Initiating Configuration Update Complete"
time="2026-08-11T17:15:47+08:00" level=info msg="[GNB][NGAP] Receive Downlink NAS Transport"
time="2026-08-11T17:15:47+08:00" level=info msg="[UE][NAS] Message with security header"
time="2026-08-11T17:15:47+08:00" level=info msg="[UE][NAS] Message with integrity and with NEW 5G NAS SECURITY CONTEXT"
time="2026-08-11T17:15:47+08:00" level=info msg="[UE][NAS] successful NAS MAC verification"
time="2026-08-11T17:15:47+08:00" level=info msg="[UE][NAS] Receive Security Mode Command"
time="2026-08-11T17:15:47+08:00" level=info msg="[UE][NAS] Type of ciphering algorithm is 5G-EA0"
time="2026-08-11T17:15:47+08:00" level=info msg="[UE][NAS] Type of integrity protection algorithm is 128-5G-IA2"
time="2026-08-11T17:15:47+08:00" level=info msg="[GNB][SCTP] Receive message in 0 stream\n"
time="2026-08-11T17:15:47+08:00" level=info msg="[GNB][NGAP] Receive Downlink NAS Transport"
time="2026-08-11T17:15:47+08:00" level=info msg="[UE][NAS] Message with security header"
time="2026-08-11T17:15:47+08:00" level=info msg="[UE][NAS] Message with integrity and with NEW 5G NAS SECURITY CONTEXT"
time="2026-08-11T17:15:47+08:00" level=info msg="[UE][NAS] successful NAS MAC verification"
time="2026-08-11T17:15:47+08:00" level=info msg="[UE][NAS] Receive Security Mode Command"
time="2026-08-11T17:15:47+08:00" level=info msg="[UE][NAS] Type of ciphering algorithm is 5G-EA0"
time="2026-08-11T17:15:47+08:00" level=info msg="[UE][NAS] Type of integrity protection algorithm is 128-5G-IA2"
time="2026-08-11T17:15:47+08:00" level=info msg="[GNB][SCTP] Receive message in 0 stream\n"
time="2026-08-11T17:15:47+08:00" level=info msg="[GNB][NGAP] Receive Downlink NAS Transport"
time="2026-08-11T17:15:47+08:00" level=info msg="[UE][NAS] Message with security header"
time="2026-08-11T17:15:47+08:00" level=info msg="[UE][NAS] Message with integrity and ciphered"
time="2026-08-11T17:15:47+08:00" level=info msg="[UE][NAS] successful NAS CIPHERING"
time="2026-08-11T17:15:47+08:00" level=info msg="[UE][NAS] successful NAS MAC verification"
time="2026-08-11T17:15:47+08:00" level=info msg="[UE][NAS] Receive Configuration Update Command"
time="2026-08-11T17:15:47+08:00" level=info msg="[UE] Initiating Configuration Update Complete"
time="2026-08-11T17:15:47+08:00" level=info msg="[GNB][SCTP] Receive message in 0 stream\n"
time="2026-08-11T17:15:47+08:00" level=info msg="[GNB][NGAP] Receive Downlink NAS Transport"
time="2026-08-11T17:15:47+08:00" level=info msg="[UE][NAS] Message with security header"
time="2026-08-11T17:15:47+08:00" level=info msg="[UE][NAS] Message with integrity and with NEW 5G NAS SECURITY CONTEXT"
time="2026-08-11T17:15:47+08:00" level=info msg="[UE][NAS] successful NAS MAC verification"
time="2026-08-11T17:15:47+08:00" level=info msg="[UE][NAS] Receive Security Mode Command"
time="2026-08-11T17:15:47+08:00" level=info msg="[UE][NAS] Type of ciphering algorithm is 5G-EA0"
time="2026-08-11T17:15:47+08:00" level=info msg="[UE][NAS] Type of integrity protection algorithm is 128-5G-IA2"
time="2026-08-11T17:15:47+08:00" level=info msg="[GNB][SCTP] Receive message in 0 stream\n"
time="2026-08-11T17:15:47+08:00" level=info msg="[GNB][SCTP] Receive message in 0 stream\n"
time="2026-08-11T17:15:47+08:00" level=info msg="[GNB][NGAP] Receive Initial Context Setup Request"
time="2026-08-11T17:15:47+08:00" level=info msg="[GNB][UE] UE Context was created with successful"
time="2026-08-11T17:15:47+08:00" level=info msg="[GNB][UE] UE RAN ID 17"
time="2026-08-11T17:15:47+08:00" level=info msg="[GNB][UE] UE AMF ID 19"
time="2026-08-11T17:15:47+08:00" level=info msg="[GNB][UE] UE Mobility Restrict --Plmn-- Mcc: 208 Mnc: 93"
time="2026-08-11T17:15:47+08:00" level=info msg="[GNB][UE] UE Masked Imeisv: 1110000000ffff00"
time="2026-08-11T17:15:47+08:00" level=info msg="[GNB][UE] Allowed Nssai-- Sst: [01 01] Sd: [010203 112233]"
time="2026-08-11T17:15:47+08:00" level=info msg="[GNB][NGAP][AMF] Send Initial Context Setup Response."
time="2026-08-11T17:15:47+08:00" level=info msg="[GNB] Initiating Initial Context Setup Response"
time="2026-08-11T17:15:47+08:00" level=info msg="[GNB][NGAP] No PDU Session to set up in InitialContextSetupResponse."
time="2026-08-11T17:15:47+08:00" level=info msg="[UE][NAS] Message with security header"
time="2026-08-11T17:15:47+08:00" level=info msg="[UE][NAS] Message with integrity and ciphered"
time="2026-08-11T17:15:47+08:00" level=info msg="[UE][NAS] successful NAS CIPHERING"
time="2026-08-11T17:15:47+08:00" level=info msg="[UE][NAS] successful NAS MAC verification"
time="2026-08-11T17:15:47+08:00" level=info msg="[UE][NAS] Receive Registration Accept"
time="2026-08-11T17:15:47+08:00" level=info msg="[UE][NAS] UE 5G GUTI: &{119 11 [242 2 248 57 202 254 0 0 0 0 19]}"
time="2026-08-11T17:15:47+08:00" level=info msg="[GNB][SCTP] Receive message in 0 stream\n"
time="2026-08-11T17:15:47+08:00" level=info msg="[GNB][NGAP] Receive Initial Context Setup Request"
time="2026-08-11T17:15:47+08:00" level=info msg="[GNB][UE] UE Context was created with successful"
time="2026-08-11T17:15:47+08:00" level=info msg="[GNB][UE] UE RAN ID 76"
time="2026-08-11T17:15:47+08:00" level=info msg="[GNB][UE] UE AMF ID 64"
time="2026-08-11T17:15:47+08:00" level=info msg="[GNB][UE] UE Mobility Restrict --Plmn-- Mcc: 208 Mnc: 93"
time="2026-08-11T17:15:47+08:00" level=info msg="[GNB][UE] UE Masked Imeisv: 1110000000ffff00"
time="2026-08-11T17:15:47+08:00" level=info msg="[GNB][UE] Allowed Nssai-- Sst: [01 01] Sd: [010203 112233]"
time="2026-08-11T17:15:47+08:00" level=info msg="[GNB][NGAP][AMF] Send Initial Context Setup Response."
time="2026-08-11T17:15:47+08:00" level=info msg="[GNB] Initiating Initial Context Setup Response"
time="2026-08-11T17:15:47+08:00" level=info msg="[GNB][NGAP] No PDU Session to set up in InitialContextSetupResponse."
time="2026-08-11T17:15:47+08:00" level=info msg="[UE] Switched from state 2 to state 3"
time="2026-08-11T17:15:47+08:00" level=info msg="[UE][NAS] Message with security header"
time="2026-08-11T17:15:47+08:00" level=info msg="[UE][NAS] Message with integrity and ciphered"
time="2026-08-11T17:15:47+08:00" level=info msg="[UE][NAS] successful NAS CIPHERING"
time="2026-08-11T17:15:47+08:00" level=info msg="[UE][NAS] successful NAS MAC verification"
time="2026-08-11T17:15:47+08:00" level=info msg="[UE][NAS] Receive Registration Accept"
time="2026-08-11T17:15:47+08:00" level=info msg="[UE][NAS] UE 5G GUTI: &{119 11 [242 2 248 57 202 254 0 0 0 0 64]}"
time="2026-08-11T17:15:47+08:00" level=info msg="[UE] Switched from state 2 to state 3"
time="2026-08-11T17:15:47+08:00" level=info msg="[GNB][NGAP] Receive Downlink NAS Transport"
time="2026-08-11T17:15:47+08:00" level=info msg="[UE][NAS] Message with security header"
time="2026-08-11T17:15:47+08:00" level=info msg="[UE][NAS] Message with integrity and ciphered"
time="2026-08-11T17:15:47+08:00" level=info msg="[UE][NAS] successful NAS CIPHERING"
time="2026-08-11T17:15:47+08:00" level=info msg="[UE][NAS] successful NAS MAC verification"
time="2026-08-11T17:15:47+08:00" level=info msg="[UE][NAS] Receive Configuration Update Command"
time="2026-08-11T17:15:47+08:00" level=info msg="[UE] Initiating Configuration Update Complete"
time="2026-08-11T17:15:47+08:00" level=info msg="[GNB][SCTP] Receive message in 0 stream\n"
time="2026-08-11T17:15:47+08:00" level=info msg="[GNB][NGAP] Receive Initial Context Setup Request"
time="2026-08-11T17:15:47+08:00" level=info msg="[GNB][UE] UE Context was created with successful"
time="2026-08-11T17:15:47+08:00" level=info msg="[GNB][UE] UE RAN ID 50"
time="2026-08-11T17:15:47+08:00" level=info msg="[GNB][UE] UE AMF ID 60"
time="2026-08-11T17:15:47+08:00" level=info msg="[GNB][UE] UE Mobility Restrict --Plmn-- Mcc: 208 Mnc: 93"
time="2026-08-11T17:15:47+08:00" level=info msg="[GNB][UE] UE Masked Imeisv: 1110000000ffff00"
time="2026-08-11T17:15:47+08:00" level=info msg="[GNB][UE] Allowed Nssai-- Sst: [01 01] Sd: [010203 112233]"
time="2026-08-11T17:15:47+08:00" level=info msg="[GNB][NGAP][AMF] Send Initial Context Setup Response."
time="2026-08-11T17:15:47+08:00" level=info msg="[GNB] Initiating Initial Context Setup Response"
time="2026-08-11T17:15:47+08:00" level=info msg="[GNB][NGAP] No PDU Session to set up in InitialContextSetupResponse."
time="2026-08-11T17:15:47+08:00" level=info msg="[UE][NAS] Message with security header"
time="2026-08-11T17:15:47+08:00" level=info msg="[UE][NAS] Message with integrity and ciphered"
time="2026-08-11T17:15:47+08:00" level=info msg="[UE][NAS] successful NAS CIPHERING"
time="2026-08-11T17:15:47+08:00" level=info msg="[UE][NAS] successful NAS MAC verification"
time="2026-08-11T17:15:47+08:00" level=info msg="[UE][NAS] Receive Registration Accept"
time="2026-08-11T17:15:47+08:00" level=info msg="[UE][NAS] UE 5G GUTI: &{119 11 [242 2 248 57 202 254 0 0 0 0 60]}"
time="2026-08-11T17:15:47+08:00" level=info msg="[UE] Switched from state 2 to state 3"
time="2026-08-11T17:15:47+08:00" level=info msg="[GNB][SCTP] Receive message in 0 stream\n"
time="2026-08-11T17:15:47+08:00" level=info msg="[GNB][NGAP] Receive Downlink NAS Transport"
time="2026-08-11T17:15:47+08:00" level=info msg="[UE][NAS] Message without security header"
time="2026-08-11T17:15:47+08:00" level=info msg="[UE][NAS] Receive Authentication Request"
time="2026-08-11T17:15:47+08:00" level=info msg="[UE][NAS][MAC] Authenticity of the authentication request message: OK"
time="2026-08-11T17:15:47+08:00" level=info msg="[UE][NAS][SQN] SQN of the authentication request message: VALID"
time="2026-08-11T17:15:47+08:00" level=info msg="[UE][NAS] Send authentication response"
time="2026-08-11T17:15:47+08:00" level=info msg="[UE] Switched from state 2 to state 2"
time="2026-08-11T17:15:47+08:00" level=info msg="[GNB][SCTP] Receive message in 0 stream\n"
time="2026-08-11T17:15:47+08:00" level=info msg="[GNB][NGAP] Receive Downlink NAS Transport"
time="2026-08-11T17:15:47+08:00" level=info msg="[UE][NAS] Message without security header"
time="2026-08-11T17:15:47+08:00" level=info msg="[UE][NAS] Receive Authentication Request"
time="2026-08-11T17:15:47+08:00" level=info msg="[UE][NAS][MAC] Authenticity of the authentication request message: OK"
time="2026-08-11T17:15:47+08:00" level=info msg="[UE][NAS][SQN] SQN of the authentication request message: VALID"
time="2026-08-11T17:15:47+08:00" level=info msg="[UE][NAS] Send authentication response"
time="2026-08-11T17:15:47+08:00" level=info msg="[UE] Switched from state 1 to state 2"
time="2026-08-11T17:15:47+08:00" level=info msg="[GNB][SCTP] Receive message in 0 stream\n"
time="2026-08-11T17:15:47+08:00" level=info msg="[GNB][NGAP] Receive Downlink NAS Transport"
time="2026-08-11T17:15:47+08:00" level=info msg="[UE][NAS] Message without security header"
time="2026-08-11T17:15:47+08:00" level=info msg="[UE][NAS] Receive Authentication Request"
time="2026-08-11T17:15:47+08:00" level=info msg="[UE][NAS][MAC] Authenticity of the authentication request message: OK"
time="2026-08-11T17:15:47+08:00" level=info msg="[UE][NAS][SQN] SQN of the authentication request message: VALID"
time="2026-08-11T17:15:47+08:00" level=info msg="[UE][NAS] Send authentication response"
time="2026-08-11T17:15:47+08:00" level=info msg="[UE] Switched from state 2 to state 2"
time="2026-08-11T17:15:47+08:00" level=info msg="[GNB][SCTP] Receive message in 0 stream\n"
time="2026-08-11T17:15:47+08:00" level=info msg="[GNB][NGAP] Receive Initial Context Setup Request"
time="2026-08-11T17:15:47+08:00" level=info msg="[GNB][UE] UE Context was created with successful"
time="2026-08-11T17:15:47+08:00" level=info msg="[GNB][UE] UE RAN ID 52"
time="2026-08-11T17:15:47+08:00" level=info msg="[GNB][UE] UE AMF ID 53"
time="2026-08-11T17:15:47+08:00" level=info msg="[GNB][UE] UE Mobility Restrict --Plmn-- Mcc: 208 Mnc: 93"
time="2026-08-11T17:15:47+08:00" level=info msg="[GNB][UE] UE Masked Imeisv: 1110000000ffff00"
time="2026-08-11T17:15:47+08:00" level=info msg="[GNB][UE] Allowed Nssai-- Sst: [01 01] Sd: [010203 112233]"
time="2026-08-11T17:15:47+08:00" level=info msg="[GNB][NGAP][AMF] Send Initial Context Setup Response."
time="2026-08-11T17:15:47+08:00" level=info msg="[GNB] Initiating Initial Context Setup Response"
time="2026-08-11T17:15:47+08:00" level=info msg="[GNB][NGAP] No PDU Session to set up in InitialContextSetupResponse."
time="2026-08-11T17:15:47+08:00" level=info msg="[UE][NAS] Message with security header"
time="2026-08-11T17:15:47+08:00" level=info msg="[UE][NAS] Message with integrity and ciphered"
time="2026-08-11T17:15:47+08:00" level=info msg="[UE][NAS] successful NAS CIPHERING"
time="2026-08-11T17:15:47+08:00" level=info msg="[UE][NAS] successful NAS MAC verification"
time="2026-08-11T17:15:47+08:00" level=info msg="[UE][NAS] Receive Registration Accept"
time="2026-08-11T17:15:47+08:00" level=info msg="[UE][NAS] UE 5G GUTI: &{119 11 [242 2 248 57 202 254 0 0 0 0 53]}"
time="2026-08-11T17:15:47+08:00" level=info msg="[UE] Switched from state 2 to state 3"
time="2026-08-11T17:15:47+08:00" level=info msg="[GNB][SCTP] Receive message in 0 stream\n"
time="2026-08-11T17:15:47+08:00" level=info msg="[GNB][NGAP] Receive Downlink NAS Transport"
time="2026-08-11T17:15:47+08:00" level=info msg="[UE][NAS] Message with security header"
time="2026-08-11T17:15:47+08:00" level=info msg="[UE][NAS] Message with integrity and with NEW 5G NAS SECURITY CONTEXT"
time="2026-08-11T17:15:47+08:00" level=info msg="[UE][NAS] successful NAS MAC verification"
time="2026-08-11T17:15:47+08:00" level=info msg="[UE][NAS] Receive Security Mode Command"
time="2026-08-11T17:15:47+08:00" level=info msg="[UE][NAS] Type of ciphering algorithm is 5G-EA0"
time="2026-08-11T17:15:47+08:00" level=info msg="[UE][NAS] Type of integrity protection algorithm is 128-5G-IA2"
time="2026-08-11T17:15:48+08:00" level=info msg="[GNB][SCTP] Receive message in 0 stream\n"
time="2026-08-11T17:15:48+08:00" level=info msg="[GNB][NGAP] Receive Initial Context Setup Request"
time="2026-08-11T17:15:48+08:00" level=info msg="[GNB][UE] UE Context was created with successful"
time="2026-08-11T17:15:48+08:00" level=info msg="[GNB][UE] UE RAN ID 82"
time="2026-08-11T17:15:48+08:00" level=info msg="[GNB][UE] UE AMF ID 70"
time="2026-08-11T17:15:48+08:00" level=info msg="[GNB][UE] UE Mobility Restrict --Plmn-- Mcc: 208 Mnc: 93"
time="2026-08-11T17:15:48+08:00" level=info msg="[GNB][UE] UE Masked Imeisv: 1110000000ffff00"
time="2026-08-11T17:15:48+08:00" level=info msg="[GNB][UE] Allowed Nssai-- Sst: [01 01] Sd: [010203 112233]"
time="2026-08-11T17:15:48+08:00" level=info msg="[GNB][NGAP][AMF] Send Initial Context Setup Response."
time="2026-08-11T17:15:48+08:00" level=info msg="[GNB] Initiating Initial Context Setup Response"
time="2026-08-11T17:15:48+08:00" level=info msg="[GNB][NGAP] No PDU Session to set up in InitialContextSetupResponse."
time="2026-08-11T17:15:48+08:00" level=info msg="[UE][NAS] Message with security header"
time="2026-08-11T17:15:48+08:00" level=info msg="[UE][NAS] Message with integrity and ciphered"
time="2026-08-11T17:15:48+08:00" level=info msg="[UE][NAS] successful NAS CIPHERING"
time="2026-08-11T17:15:48+08:00" level=info msg="[UE][NAS] successful NAS MAC verification"
time="2026-08-11T17:15:48+08:00" level=info msg="[UE][NAS] Receive Registration Accept"
time="2026-08-11T17:15:48+08:00" level=info msg="[UE][NAS] UE 5G GUTI: &{119 11 [242 2 248 57 202 254 0 0 0 0 70]}"
time="2026-08-11T17:15:48+08:00" level=info msg="[UE] Switched from state 2 to state 3"
time="2026-08-11T17:15:48+08:00" level=info msg="[GNB][SCTP] Receive message in 0 stream\n"
time="2026-08-11T17:15:48+08:00" level=info msg="[GNB][NGAP] Receive Downlink NAS Transport"
time="2026-08-11T17:15:48+08:00" level=info msg="[UE][NAS] Message without security header"
time="2026-08-11T17:15:48+08:00" level=info msg="[UE][NAS] Receive Authentication Request"
time="2026-08-11T17:15:48+08:00" level=info msg="[UE][NAS][MAC] Authenticity of the authentication request message: OK"
time="2026-08-11T17:15:48+08:00" level=info msg="[UE][NAS][SQN] SQN of the authentication request message: VALID"
time="2026-08-11T17:15:48+08:00" level=info msg="[UE][NAS] Send authentication response"
time="2026-08-11T17:15:48+08:00" level=info msg="[UE] Switched from state 1 to state 2"
time="2026-08-11T17:15:48+08:00" level=info msg="[GNB][SCTP] Receive message in 0 stream\n"
time="2026-08-11T17:15:48+08:00" level=info msg="[GNB][NGAP] Receive Initial Context Setup Request"
time="2026-08-11T17:15:48+08:00" level=info msg="[GNB][UE] UE Context was created with successful"
time="2026-08-11T17:15:48+08:00" level=info msg="[GNB][UE] UE RAN ID 62"
time="2026-08-11T17:15:48+08:00" level=info msg="[GNB][UE] UE AMF ID 66"
time="2026-08-11T17:15:48+08:00" level=info msg="[GNB][UE] UE Mobility Restrict --Plmn-- Mcc: 208 Mnc: 93"
time="2026-08-11T17:15:48+08:00" level=info msg="[GNB][UE] UE Masked Imeisv: 1110000000ffff00"
time="2026-08-11T17:15:48+08:00" level=info msg="[GNB][UE] Allowed Nssai-- Sst: [01 01] Sd: [010203 112233]"
time="2026-08-11T17:15:48+08:00" level=info msg="[GNB][NGAP][AMF] Send Initial Context Setup Response."
time="2026-08-11T17:15:48+08:00" level=info msg="[GNB] Initiating Initial Context Setup Response"
time="2026-08-11T17:15:48+08:00" level=info msg="[GNB][NGAP] No PDU Session to set up in InitialContextSetupResponse."
time="2026-08-11T17:15:48+08:00" level=info msg="[UE][NAS] Message with security header"
time="2026-08-11T17:15:48+08:00" level=info msg="[UE][NAS] Message with integrity and ciphered"
time="2026-08-11T17:15:48+08:00" level=info msg="[UE][NAS] successful NAS CIPHERING"
time="2026-08-11T17:15:48+08:00" level=info msg="[UE][NAS] successful NAS MAC verification"
time="2026-08-11T17:15:48+08:00" level=info msg="[UE][NAS] Receive Registration Accept"
time="2026-08-11T17:15:48+08:00" level=info msg="[UE][NAS] UE 5G GUTI: &{119 11 [242 2 248 57 202 254 0 0 0 0 66]}"
time="2026-08-11T17:15:48+08:00" level=info msg="[UE] Switched from state 2 to state 3"
time="2026-08-11T17:15:48+08:00" level=info msg="[GNB][SCTP] Receive message in 0 stream\n"
time="2026-08-11T17:15:48+08:00" level=info msg="[GNB][NGAP] Receive Downlink NAS Transport"
time="2026-08-11T17:15:48+08:00" level=info msg="[UE][NAS] Message without security header"
time="2026-08-11T17:15:48+08:00" level=info msg="[UE][NAS] Receive Authentication Request"
time="2026-08-11T17:15:48+08:00" level=info msg="[UE][NAS][MAC] Authenticity of the authentication request message: OK"
time="2026-08-11T17:15:48+08:00" level=info msg="[UE][NAS][SQN] SQN of the authentication request message: VALID"
time="2026-08-11T17:15:48+08:00" level=info msg="[UE][NAS] Send authentication response"
time="2026-08-11T17:15:48+08:00" level=info msg="[UE] Switched from state 2 to state 2"
time="2026-08-11T17:15:48+08:00" level=info msg="[GNB][SCTP] Receive message in 0 stream\n"
time="2026-08-11T17:15:48+08:00" level=info msg="[GNB][NGAP] Receive Downlink NAS Transport"
time="2026-08-11T17:15:48+08:00" level=info msg="[UE][NAS] Message with security header"
time="2026-08-11T17:15:48+08:00" level=info msg="[UE][NAS] Message with integrity and with NEW 5G NAS SECURITY CONTEXT"
time="2026-08-11T17:15:48+08:00" level=info msg="[UE][NAS] successful NAS MAC verification"
time="2026-08-11T17:15:48+08:00" level=info msg="[UE][NAS] Receive Security Mode Command"
time="2026-08-11T17:15:48+08:00" level=info msg="[UE][NAS] Type of ciphering algorithm is 5G-EA0"
time="2026-08-11T17:15:48+08:00" level=info msg="[UE][NAS] Type of integrity protection algorithm is 128-5G-IA2"
time="2026-08-11T17:15:48+08:00" level=info msg="[GNB][SCTP] Receive message in 0 stream\n"
time="2026-08-11T17:15:48+08:00" level=info msg="[GNB][NGAP] Receive Downlink NAS Transport"
time="2026-08-11T17:15:48+08:00" level=info msg="[UE][NAS] Message with security header"
time="2026-08-11T17:15:48+08:00" level=info msg="[UE][NAS] Message with integrity and with NEW 5G NAS SECURITY CONTEXT"
time="2026-08-11T17:15:48+08:00" level=info msg="[UE][NAS] successful NAS MAC verification"
time="2026-08-11T17:15:48+08:00" level=info msg="[UE][NAS] Receive Security Mode Command"
time="2026-08-11T17:15:48+08:00" level=info msg="[UE][NAS] Type of ciphering algorithm is 5G-EA0"
time="2026-08-11T17:15:48+08:00" level=info msg="[UE][NAS] Type of integrity protection algorithm is 128-5G-IA2"
time="2026-08-11T17:15:48+08:00" level=info msg="[GNB][SCTP] Receive message in 0 stream\n"
time="2026-08-11T17:15:48+08:00" level=info msg="[GNB][NGAP] Receive Initial Context Setup Request"
time="2026-08-11T17:15:48+08:00" level=info msg="[GNB][UE] UE Context was created with successful"
time="2026-08-11T17:15:48+08:00" level=info msg="[GNB][UE] UE RAN ID 53"
time="2026-08-11T17:15:48+08:00" level=info msg="[GNB][UE] UE AMF ID 59"
time="2026-08-11T17:15:48+08:00" level=info msg="[GNB][UE] UE Mobility Restrict --Plmn-- Mcc: 208 Mnc: 93"
time="2026-08-11T17:15:48+08:00" level=info msg="[GNB][UE] UE Masked Imeisv: 1110000000ffff00"
time="2026-08-11T17:15:48+08:00" level=info msg="[GNB][UE] Allowed Nssai-- Sst: [01 01] Sd: [010203 112233]"
time="2026-08-11T17:15:48+08:00" level=info msg="[GNB][NGAP][AMF] Send Initial Context Setup Response."
time="2026-08-11T17:15:48+08:00" level=info msg="[GNB] Initiating Initial Context Setup Response"
time="2026-08-11T17:15:48+08:00" level=info msg="[GNB][NGAP] No PDU Session to set up in InitialContextSetupResponse."
time="2026-08-11T17:15:48+08:00" level=info msg="[UE][NAS] Message with security header"
time="2026-08-11T17:15:48+08:00" level=info msg="[UE][NAS] Message with integrity and ciphered"
time="2026-08-11T17:15:48+08:00" level=info msg="[UE][NAS] successful NAS CIPHERING"
time="2026-08-11T17:15:48+08:00" level=info msg="[UE][NAS] successful NAS MAC verification"
time="2026-08-11T17:15:48+08:00" level=info msg="[UE][NAS] Receive Registration Accept"
time="2026-08-11T17:15:48+08:00" level=info msg="[UE][NAS] UE 5G GUTI: &{119 11 [242 2 248 57 202 254 0 0 0 0 59]}"
time="2026-08-11T17:15:48+08:00" level=info msg="[UE] Switched from state 2 to state 3"
time="2026-08-11T17:15:48+08:00" level=info msg="[GNB][SCTP] Receive message in 0 stream\n"
time="2026-08-11T17:15:48+08:00" level=info msg="[GNB][NGAP] Receive Downlink NAS Transport"
time="2026-08-11T17:15:48+08:00" level=info msg="[UE][NAS] Message without security header"
time="2026-08-11T17:15:48+08:00" level=info msg="[UE][NAS] Receive Authentication Request"
time="2026-08-11T17:15:48+08:00" level=info msg="[UE][NAS][MAC] Authenticity of the authentication request message: OK"
time="2026-08-11T17:15:48+08:00" level=info msg="[UE][NAS][SQN] SQN of the authentication request message: VALID"
time="2026-08-11T17:15:48+08:00" level=info msg="[UE][NAS] Send authentication response"
time="2026-08-11T17:15:48+08:00" level=info msg="[UE] Switched from state 2 to state 2"
time="2026-08-11T17:15:48+08:00" level=info msg="[GNB][SCTP] Receive message in 0 stream\n"
time="2026-08-11T17:15:48+08:00" level=info msg="[GNB][NGAP] Receive Downlink NAS Transport"
time="2026-08-11T17:15:48+08:00" level=info msg="[UE][NAS] Message with security header"
time="2026-08-11T17:15:48+08:00" level=info msg="[UE][NAS] Message with integrity and with NEW 5G NAS SECURITY CONTEXT"
time="2026-08-11T17:15:48+08:00" level=info msg="[UE][NAS] successful NAS MAC verification"
time="2026-08-11T17:15:48+08:00" level=info msg="[UE][NAS] Receive Security Mode Command"
time="2026-08-11T17:15:48+08:00" level=info msg="[UE][NAS] Type of ciphering algorithm is 5G-EA0"
time="2026-08-11T17:15:48+08:00" level=info msg="[UE][NAS] Type of integrity protection algorithm is 128-5G-IA2"
time="2026-08-11T17:15:48+08:00" level=info msg="[GNB][SCTP] Receive message in 0 stream\n"
time="2026-08-11T17:15:48+08:00" level=info msg="[GNB][NGAP] Receive Downlink NAS Transport"
time="2026-08-11T17:15:48+08:00" level=info msg="[UE][NAS] Message with security header"
time="2026-08-11T17:15:48+08:00" level=info msg="[UE][NAS] Message with integrity and with NEW 5G NAS SECURITY CONTEXT"
time="2026-08-11T17:15:48+08:00" level=info msg="[UE][NAS] successful NAS MAC verification"
time="2026-08-11T17:15:48+08:00" level=info msg="[UE][NAS] Receive Security Mode Command"
time="2026-08-11T17:15:48+08:00" level=info msg="[UE][NAS] Type of ciphering algorithm is 5G-EA0"
time="2026-08-11T17:15:48+08:00" level=info msg="[UE][NAS] Type of integrity protection algorithm is 128-5G-IA2"
time="2026-08-11T17:15:48+08:00" level=info msg="[GNB][SCTP] Receive message in 0 stream\n"
time="2026-08-11T17:15:48+08:00" level=info msg="[GNB][NGAP] Receive Downlink NAS Transport"
time="2026-08-11T17:15:48+08:00" level=info msg="[UE][NAS] Message with security header"
time="2026-08-11T17:15:48+08:00" level=info msg="[UE][NAS] Message with integrity and ciphered"
time="2026-08-11T17:15:48+08:00" level=info msg="[UE][NAS] successful NAS CIPHERING"
time="2026-08-11T17:15:48+08:00" level=info msg="[UE][NAS] successful NAS MAC verification"
time="2026-08-11T17:15:48+08:00" level=info msg="[UE][NAS] Receive Configuration Update Command"
time="2026-08-11T17:15:48+08:00" level=info msg="[UE] Initiating Configuration Update Complete"
time="2026-08-11T17:15:48+08:00" level=info msg="[GNB][SCTP] Receive message in 0 stream\n"
time="2026-08-11T17:15:48+08:00" level=info msg="[GNB][NGAP] Receive Downlink NAS Transport"
time="2026-08-11T17:15:48+08:00" level=info msg="[UE][NAS] Message without security header"
time="2026-08-11T17:15:48+08:00" level=info msg="[UE][NAS] Receive Authentication Request"
time="2026-08-11T17:15:48+08:00" level=info msg="[UE][NAS][MAC] Authenticity of the authentication request message: OK"
time="2026-08-11T17:15:48+08:00" level=info msg="[UE][NAS][SQN] SQN of the authentication request message: VALID"
time="2026-08-11T17:15:48+08:00" level=info msg="[UE][NAS] Send authentication response"
time="2026-08-11T17:15:48+08:00" level=info msg="[UE] Switched from state 2 to state 2"
time="2026-08-11T17:15:48+08:00" level=info msg="[GNB][SCTP] Receive message in 0 stream\n"
time="2026-08-11T17:15:48+08:00" level=info msg="[GNB][NGAP] Receive Downlink NAS Transport"
time="2026-08-11T17:15:48+08:00" level=info msg="[UE][NAS] Message with security header"
time="2026-08-11T17:15:48+08:00" level=info msg="[UE][NAS] Message with integrity and with NEW 5G NAS SECURITY CONTEXT"
time="2026-08-11T17:15:48+08:00" level=info msg="[UE][NAS] successful NAS MAC verification"
time="2026-08-11T17:15:48+08:00" level=info msg="[UE][NAS] Receive Security Mode Command"
time="2026-08-11T17:15:48+08:00" level=info msg="[UE][NAS] Type of ciphering algorithm is 5G-EA0"
time="2026-08-11T17:15:48+08:00" level=info msg="[UE][NAS] Type of integrity protection algorithm is 128-5G-IA2"
time="2026-08-11T17:15:48+08:00" level=info msg="[GNB][SCTP] Receive message in 0 stream\n"
time="2026-08-11T17:15:48+08:00" level=info msg="[GNB][NGAP] Receive Downlink NAS Transport"
time="2026-08-11T17:15:48+08:00" level=info msg="[UE][NAS] Message without security header"
time="2026-08-11T17:15:48+08:00" level=info msg="[UE][NAS] Receive Authentication Request"
time="2026-08-11T17:15:48+08:00" level=info msg="[UE][NAS][MAC] Authenticity of the authentication request message: OK"
time="2026-08-11T17:15:48+08:00" level=info msg="[UE][NAS][SQN] SQN of the authentication request message: VALID"
time="2026-08-11T17:15:48+08:00" level=info msg="[UE][NAS] Send authentication response"
time="2026-08-11T17:15:48+08:00" level=info msg="[UE] Switched from state 2 to state 2"
time="2026-08-11T17:15:48+08:00" level=info msg="[GNB][SCTP] Receive message in 0 stream\n"
time="2026-08-11T17:15:48+08:00" level=info msg="[GNB][NGAP] Receive Initial Context Setup Request"
time="2026-08-11T17:15:48+08:00" level=info msg="[GNB][UE] UE Context was created with successful"
time="2026-08-11T17:15:48+08:00" level=info msg="[GNB][UE] UE RAN ID 55"
time="2026-08-11T17:15:48+08:00" level=info msg="[GNB][UE] UE AMF ID 54"
time="2026-08-11T17:15:48+08:00" level=info msg="[GNB][UE] UE Mobility Restrict --Plmn-- Mcc: 208 Mnc: 93"
time="2026-08-11T17:15:48+08:00" level=info msg="[GNB][UE] UE Masked Imeisv: 1110000000ffff00"
time="2026-08-11T17:15:48+08:00" level=info msg="[GNB][UE] Allowed Nssai-- Sst: [01 01] Sd: [010203 112233]"
time="2026-08-11T17:15:48+08:00" level=info msg="[GNB][NGAP][AMF] Send Initial Context Setup Response."
time="2026-08-11T17:15:48+08:00" level=info msg="[GNB] Initiating Initial Context Setup Response"
time="2026-08-11T17:15:48+08:00" level=info msg="[GNB][NGAP] No PDU Session to set up in InitialContextSetupResponse."
time="2026-08-11T17:15:48+08:00" level=info msg="[UE][NAS] Message with security header"
time="2026-08-11T17:15:48+08:00" level=info msg="[UE][NAS] Message with integrity and ciphered"
time="2026-08-11T17:15:48+08:00" level=info msg="[UE][NAS] successful NAS CIPHERING"
time="2026-08-11T17:15:48+08:00" level=info msg="[UE][NAS] successful NAS MAC verification"
time="2026-08-11T17:15:48+08:00" level=info msg="[UE][NAS] Receive Registration Accept"
time="2026-08-11T17:15:48+08:00" level=info msg="[UE][NAS] UE 5G GUTI: &{119 11 [242 2 248 57 202 254 0 0 0 0 54]}"
time="2026-08-11T17:15:48+08:00" level=info msg="[UE] Switched from state 2 to state 3"
time="2026-08-11T17:15:48+08:00" level=info msg="[GNB][SCTP] Receive message in 0 stream\n"
time="2026-08-11T17:15:48+08:00" level=info msg="[GNB][SCTP] Receive message in 0 stream\n"
time="2026-08-11T17:15:48+08:00" level=info msg="[GNB][NGAP] Receive Initial Context Setup Request"
time="2026-08-11T17:15:48+08:00" level=info msg="[GNB][UE] UE Context was created with successful"
time="2026-08-11T17:15:48+08:00" level=info msg="[GNB][UE] UE RAN ID 96"
time="2026-08-11T17:15:48+08:00" level=info msg="[GNB][UE] UE AMF ID 76"
time="2026-08-11T17:15:48+08:00" level=info msg="[GNB][UE] UE Mobility Restrict --Plmn-- Mcc: 208 Mnc: 93"
time="2026-08-11T17:15:48+08:00" level=info msg="[GNB][UE] UE Masked Imeisv: 1110000000ffff00"
time="2026-08-11T17:15:48+08:00" level=info msg="[GNB][UE] Allowed Nssai-- Sst: [01 01] Sd: [010203 112233]"
time="2026-08-11T17:15:48+08:00" level=info msg="[GNB][NGAP][AMF] Send Initial Context Setup Response."
time="2026-08-11T17:15:48+08:00" level=info msg="[GNB] Initiating Initial Context Setup Response"
time="2026-08-11T17:15:48+08:00" level=info msg="[GNB][NGAP] No PDU Session to set up in InitialContextSetupResponse."
time="2026-08-11T17:15:48+08:00" level=info msg="[GNB][NGAP] Receive Initial Context Setup Request"
time="2026-08-11T17:15:48+08:00" level=info msg="[GNB][UE] UE Context was created with successful"
time="2026-08-11T17:15:48+08:00" level=info msg="[GNB][UE] UE RAN ID 10"
time="2026-08-11T17:15:48+08:00" level=info msg="[GNB][UE] UE AMF ID 9"
time="2026-08-11T17:15:48+08:00" level=info msg="[GNB][UE] UE Mobility Restrict --Plmn-- Mcc: 208 Mnc: 93"
time="2026-08-11T17:15:48+08:00" level=info msg="[GNB][UE] UE Masked Imeisv: 1110000000ffff00"
time="2026-08-11T17:15:48+08:00" level=info msg="[GNB][UE] Allowed Nssai-- Sst: [01 01] Sd: [010203 112233]"
time="2026-08-11T17:15:48+08:00" level=info msg="[GNB][NGAP][AMF] Send Initial Context Setup Response."
time="2026-08-11T17:15:48+08:00" level=info msg="[GNB] Initiating Initial Context Setup Response"
time="2026-08-11T17:15:48+08:00" level=info msg="[GNB][NGAP] No PDU Session to set up in InitialContextSetupResponse."
time="2026-08-11T17:15:48+08:00" level=info msg="[UE][NAS] Message with security header"
time="2026-08-11T17:15:48+08:00" level=info msg="[UE][NAS] Message with integrity and ciphered"
time="2026-08-11T17:15:48+08:00" level=info msg="[UE][NAS] successful NAS CIPHERING"
time="2026-08-11T17:15:48+08:00" level=info msg="[UE][NAS] successful NAS MAC verification"
time="2026-08-11T17:15:48+08:00" level=info msg="[UE][NAS] Receive Registration Accept"
time="2026-08-11T17:15:48+08:00" level=info msg="[UE][NAS] UE 5G GUTI: &{119 11 [242 2 248 57 202 254 0 0 0 0 76]}"
time="2026-08-11T17:15:48+08:00" level=info msg="[UE][NAS] Message with security header"
time="2026-08-11T17:15:48+08:00" level=info msg="[UE][NAS] Message with integrity and ciphered"
time="2026-08-11T17:15:48+08:00" level=info msg="[UE][NAS] successful NAS CIPHERING"
time="2026-08-11T17:15:48+08:00" level=info msg="[UE][NAS] successful NAS MAC verification"
time="2026-08-11T17:15:48+08:00" level=info msg="[UE][NAS] Receive Registration Accept"
time="2026-08-11T17:15:48+08:00" level=info msg="[UE][NAS] UE 5G GUTI: &{119 11 [242 2 248 57 202 254 0 0 0 0 9]}"
time="2026-08-11T17:15:48+08:00" level=info msg="[UE] Switched from state 2 to state 3"
time="2026-08-11T17:15:48+08:00" level=info msg="[UE] Switched from state 2 to state 3"
time="2026-08-11T17:15:48+08:00" level=info msg="[GNB][SCTP] Receive message in 0 stream\n"
time="2026-08-11T17:15:48+08:00" level=info msg="[GNB][NGAP] Receive Downlink NAS Transport"
time="2026-08-11T17:15:48+08:00" level=info msg="[UE][NAS] Message with security header"
time="2026-08-11T17:15:48+08:00" level=info msg="[UE][NAS] Message with integrity and with NEW 5G NAS SECURITY CONTEXT"
time="2026-08-11T17:15:48+08:00" level=info msg="[UE][NAS] successful NAS MAC verification"
time="2026-08-11T17:15:48+08:00" level=info msg="[UE][NAS] Receive Security Mode Command"
time="2026-08-11T17:15:48+08:00" level=info msg="[UE][NAS] Type of ciphering algorithm is 5G-EA0"
time="2026-08-11T17:15:48+08:00" level=info msg="[UE][NAS] Type of integrity protection algorithm is 128-5G-IA2"
time="2026-08-11T17:15:48+08:00" level=info msg="[GNB][SCTP] Receive message in 0 stream\n"
time="2026-08-11T17:15:48+08:00" level=info msg="[GNB][NGAP] Receive Downlink NAS Transport"
time="2026-08-11T17:15:48+08:00" level=info msg="[UE][NAS] Message with security header"
time="2026-08-11T17:15:48+08:00" level=info msg="[UE][NAS] Message with integrity and ciphered"
time="2026-08-11T17:15:48+08:00" level=info msg="[UE][NAS] successful NAS CIPHERING"
time="2026-08-11T17:15:48+08:00" level=info msg="[UE][NAS] successful NAS MAC verification"
time="2026-08-11T17:15:48+08:00" level=info msg="[UE][NAS] Receive Configuration Update Command"
time="2026-08-11T17:15:48+08:00" level=info msg="[UE] Initiating Configuration Update Complete"
time="2026-08-11T17:15:49+08:00" level=info msg="[GNB][SCTP] Receive message in 0 stream\n"
time="2026-08-11T17:15:49+08:00" level=info msg="[GNB][NGAP] Receive Downlink NAS Transport"
time="2026-08-11T17:15:49+08:00" level=info msg="[UE][NAS] Message without security header"
time="2026-08-11T17:15:49+08:00" level=info msg="[UE][NAS] Receive Authentication Request"
time="2026-08-11T17:15:49+08:00" level=info msg="[UE][NAS][MAC] Authenticity of the authentication request message: OK"
time="2026-08-11T17:15:49+08:00" level=info msg="[UE][NAS][SQN] SQN of the authentication request message: VALID"
time="2026-08-11T17:15:49+08:00" level=info msg="[UE][NAS] Send authentication response"
time="2026-08-11T17:15:49+08:00" level=info msg="[UE] Switched from state 1 to state 2"
time="2026-08-11T17:15:49+08:00" level=info msg="[GNB][SCTP] Receive message in 0 stream\n"
time="2026-08-11T17:15:49+08:00" level=info msg="[GNB][SCTP] Receive message in 0 stream\n"
time="2026-08-11T17:15:49+08:00" level=info msg="[GNB][NGAP] Receive Initial Context Setup Request"
time="2026-08-11T17:15:49+08:00" level=info msg="[GNB][UE] UE Context was created with successful"
time="2026-08-11T17:15:49+08:00" level=info msg="[GNB][UE] UE RAN ID 25"
time="2026-08-11T17:15:49+08:00" level=info msg="[GNB][UE] UE AMF ID 25"
time="2026-08-11T17:15:49+08:00" level=info msg="[GNB][UE] UE Mobility Restrict --Plmn-- Mcc: 208 Mnc: 93"
time="2026-08-11T17:15:49+08:00" level=info msg="[GNB][UE] UE Masked Imeisv: 1110000000ffff00"
time="2026-08-11T17:15:49+08:00" level=info msg="[GNB][UE] Allowed Nssai-- Sst: [01 01] Sd: [010203 112233]"
time="2026-08-11T17:15:49+08:00" level=info msg="[GNB][NGAP] Receive Downlink NAS Transport"
time="2026-08-11T17:15:49+08:00" level=info msg="[UE][NAS] Message with security header"
time="2026-08-11T17:15:49+08:00" level=info msg="[UE][NAS] Message with integrity and ciphered"
time="2026-08-11T17:15:49+08:00" level=info msg="[UE][NAS] successful NAS CIPHERING"
time="2026-08-11T17:15:49+08:00" level=info msg="[UE][NAS] successful NAS MAC verification"
time="2026-08-11T17:15:49+08:00" level=info msg="[UE][NAS] Receive Configuration Update Command"
time="2026-08-11T17:15:49+08:00" level=info msg="[UE] Initiating Configuration Update Complete"
time="2026-08-11T17:15:49+08:00" level=info msg="[GNB][NGAP][AMF] Send Initial Context Setup Response."
time="2026-08-11T17:15:49+08:00" level=info msg="[GNB] Initiating Initial Context Setup Response"
time="2026-08-11T17:15:49+08:00" level=info msg="[GNB][NGAP] No PDU Session to set up in InitialContextSetupResponse."
time="2026-08-11T17:15:49+08:00" level=info msg="[UE][NAS] Message with security header"
time="2026-08-11T17:15:49+08:00" level=info msg="[UE][NAS] Message with integrity and ciphered"
time="2026-08-11T17:15:49+08:00" level=info msg="[UE][NAS] successful NAS CIPHERING"
time="2026-08-11T17:15:49+08:00" level=info msg="[UE][NAS] successful NAS MAC verification"
time="2026-08-11T17:15:49+08:00" level=info msg="[UE][NAS] Receive Registration Accept"
time="2026-08-11T17:15:49+08:00" level=info msg="[UE][NAS] UE 5G GUTI: &{119 11 [242 2 248 57 202 254 0 0 0 0 25]}"
time="2026-08-11T17:15:49+08:00" level=info msg="[UE] Switched from state 2 to state 3"
time="2026-08-11T17:15:49+08:00" level=info msg="[GNB][SCTP] Receive message in 0 stream\n"
time="2026-08-11T17:15:49+08:00" level=info msg="[GNB][SCTP] Receive message in 0 stream\n"
time="2026-08-11T17:15:49+08:00" level=info msg="[GNB][SCTP] Receive message in 0 stream\n"
time="2026-08-11T17:15:49+08:00" level=info msg="[GNB][NGAP] Receive Downlink NAS Transport"
time="2026-08-11T17:15:49+08:00" level=info msg="[UE][NAS] Message with security header"
time="2026-08-11T17:15:49+08:00" level=info msg="[UE][NAS] Message with integrity and ciphered"
time="2026-08-11T17:15:49+08:00" level=info msg="[UE][NAS] successful NAS CIPHERING"
time="2026-08-11T17:15:49+08:00" level=info msg="[UE][NAS] successful NAS MAC verification"
time="2026-08-11T17:15:49+08:00" level=info msg="[UE][NAS] Receive Configuration Update Command"
time="2026-08-11T17:15:49+08:00" level=info msg="[UE] Initiating Configuration Update Complete"
time="2026-08-11T17:15:49+08:00" level=info msg="[GNB][NGAP] Receive Downlink NAS Transport"
time="2026-08-11T17:15:49+08:00" level=info msg="[UE][NAS] Message with security header"
time="2026-08-11T17:15:49+08:00" level=info msg="[UE][NAS] Message with integrity and ciphered"
time="2026-08-11T17:15:49+08:00" level=info msg="[UE][NAS] successful NAS CIPHERING"
time="2026-08-11T17:15:49+08:00" level=info msg="[UE][NAS] successful NAS MAC verification"
time="2026-08-11T17:15:49+08:00" level=info msg="[UE][NAS] Receive Configuration Update Command"
time="2026-08-11T17:15:49+08:00" level=info msg="[UE] Initiating Configuration Update Complete"
time="2026-08-11T17:15:49+08:00" level=info msg="[GNB][NGAP] Receive Initial Context Setup Request"
time="2026-08-11T17:15:49+08:00" level=info msg="[GNB][UE] UE Context was created with successful"
time="2026-08-11T17:15:49+08:00" level=info msg="[GNB][UE] UE RAN ID 59"
time="2026-08-11T17:15:49+08:00" level=info msg="[GNB][UE] UE AMF ID 65"
time="2026-08-11T17:15:49+08:00" level=info msg="[GNB][UE] UE Mobility Restrict --Plmn-- Mcc: 208 Mnc: 93"
time="2026-08-11T17:15:49+08:00" level=info msg="[GNB][UE] UE Masked Imeisv: 1110000000ffff00"
time="2026-08-11T17:15:49+08:00" level=info msg="[GNB][UE] Allowed Nssai-- Sst: [01 01] Sd: [010203 112233]"
time="2026-08-11T17:15:49+08:00" level=info msg="[GNB][NGAP][AMF] Send Initial Context Setup Response."
time="2026-08-11T17:15:49+08:00" level=info msg="[GNB] Initiating Initial Context Setup Response"
time="2026-08-11T17:15:49+08:00" level=info msg="[GNB][NGAP] No PDU Session to set up in InitialContextSetupResponse."
time="2026-08-11T17:15:49+08:00" level=info msg="[UE][NAS] Message with security header"
time="2026-08-11T17:15:49+08:00" level=info msg="[UE][NAS] Message with integrity and ciphered"
time="2026-08-11T17:15:49+08:00" level=info msg="[UE][NAS] successful NAS CIPHERING"
time="2026-08-11T17:15:49+08:00" level=info msg="[UE][NAS] successful NAS MAC verification"
time="2026-08-11T17:15:49+08:00" level=info msg="[UE][NAS] Receive Registration Accept"
time="2026-08-11T17:15:49+08:00" level=info msg="[UE][NAS] UE 5G GUTI: &{119 11 [242 2 248 57 202 254 0 0 0 0 65]}"
time="2026-08-11T17:15:49+08:00" level=info msg="[UE] Switched from state 2 to state 3"
time="2026-08-11T17:15:49+08:00" level=info msg="[GNB][SCTP] Receive message in 0 stream\n"
time="2026-08-11T17:15:49+08:00" level=info msg="[GNB][NGAP] Receive Downlink NAS Transport"
time="2026-08-11T17:15:49+08:00" level=info msg="[UE][NAS] Message with security header"
time="2026-08-11T17:15:49+08:00" level=info msg="[UE][NAS] Message with integrity and with NEW 5G NAS SECURITY CONTEXT"
time="2026-08-11T17:15:49+08:00" level=info msg="[UE][NAS] successful NAS MAC verification"
time="2026-08-11T17:15:49+08:00" level=info msg="[UE][NAS] Receive Security Mode Command"
time="2026-08-11T17:15:49+08:00" level=info msg="[UE][NAS] Type of ciphering algorithm is 5G-EA0"
time="2026-08-11T17:15:49+08:00" level=info msg="[UE][NAS] Type of integrity protection algorithm is 128-5G-IA2"
time="2026-08-11T17:15:49+08:00" level=info msg="[GNB][SCTP] Receive message in 0 stream\n"
time="2026-08-11T17:15:49+08:00" level=info msg="[GNB][NGAP] Receive Initial Context Setup Request"
time="2026-08-11T17:15:49+08:00" level=info msg="[GNB][UE] UE Context was created with successful"
time="2026-08-11T17:15:49+08:00" level=info msg="[GNB][UE] UE RAN ID 88"
time="2026-08-11T17:15:49+08:00" level=info msg="[GNB][UE] UE AMF ID 72"
time="2026-08-11T17:15:49+08:00" level=info msg="[GNB][UE] UE Mobility Restrict --Plmn-- Mcc: 208 Mnc: 93"
time="2026-08-11T17:15:49+08:00" level=info msg="[GNB][UE] UE Masked Imeisv: 1110000000ffff00"
time="2026-08-11T17:15:49+08:00" level=info msg="[GNB][UE] Allowed Nssai-- Sst: [01 01] Sd: [010203 112233]"
time="2026-08-11T17:15:49+08:00" level=info msg="[GNB][NGAP][AMF] Send Initial Context Setup Response."
time="2026-08-11T17:15:49+08:00" level=info msg="[GNB] Initiating Initial Context Setup Response"
time="2026-08-11T17:15:49+08:00" level=info msg="[GNB][NGAP] No PDU Session to set up in InitialContextSetupResponse."
time="2026-08-11T17:15:49+08:00" level=info msg="[UE][NAS] Message with security header"
time="2026-08-11T17:15:49+08:00" level=info msg="[UE][NAS] Message with integrity and ciphered"
time="2026-08-11T17:15:49+08:00" level=info msg="[UE][NAS] successful NAS CIPHERING"
time="2026-08-11T17:15:49+08:00" level=info msg="[UE][NAS] successful NAS MAC verification"
time="2026-08-11T17:15:49+08:00" level=info msg="[UE][NAS] Receive Registration Accept"
time="2026-08-11T17:15:49+08:00" level=info msg="[UE][NAS] UE 5G GUTI: &{119 11 [242 2 248 57 202 254 0 0 0 0 72]}"
time="2026-08-11T17:15:49+08:00" level=info msg="[UE] Switched from state 2 to state 3"
time="2026-08-11T17:15:49+08:00" level=info msg="[GNB][SCTP] Receive message in 0 stream\n"
time="2026-08-11T17:15:49+08:00" level=info msg="[GNB][SCTP] Receive message in 0 stream\n"
time="2026-08-11T17:15:49+08:00" level=info msg="[GNB][NGAP] Receive Initial Context Setup Request"
time="2026-08-11T17:15:49+08:00" level=info msg="[GNB][UE] UE Context was created with successful"
time="2026-08-11T17:15:49+08:00" level=info msg="[GNB][UE] UE RAN ID 67"
time="2026-08-11T17:15:49+08:00" level=info msg="[GNB][UE] UE AMF ID 77"
time="2026-08-11T17:15:49+08:00" level=info msg="[GNB][UE] UE Mobility Restrict --Plmn-- Mcc: 208 Mnc: 93"
time="2026-08-11T17:15:49+08:00" level=info msg="[GNB][UE] UE Masked Imeisv: 1110000000ffff00"
time="2026-08-11T17:15:49+08:00" level=info msg="[GNB][UE] Allowed Nssai-- Sst: [01 01] Sd: [010203 112233]"
time="2026-08-11T17:15:49+08:00" level=info msg="[GNB][NGAP][AMF] Send Initial Context Setup Response."
time="2026-08-11T17:15:49+08:00" level=info msg="[GNB] Initiating Initial Context Setup Response"
time="2026-08-11T17:15:49+08:00" level=info msg="[GNB][NGAP] No PDU Session to set up in InitialContextSetupResponse."
time="2026-08-11T17:15:49+08:00" level=info msg="[UE][NAS] Message with security header"
time="2026-08-11T17:15:49+08:00" level=info msg="[UE][NAS] Message with integrity and ciphered"
time="2026-08-11T17:15:49+08:00" level=info msg="[UE][NAS] successful NAS CIPHERING"
time="2026-08-11T17:15:49+08:00" level=info msg="[GNB][NGAP] Receive Downlink NAS Transport"
time="2026-08-11T17:15:49+08:00" level=info msg="[UE][NAS] successful NAS MAC verification"
time="2026-08-11T17:15:49+08:00" level=info msg="[UE][NAS] Receive Registration Accept"
time="2026-08-11T17:15:49+08:00" level=info msg="[UE][NAS] Message with security header"
time="2026-08-11T17:15:49+08:00" level=info msg="[UE] Switched from state 2 to state 3"
time="2026-08-11T17:15:49+08:00" level=info msg="[UE][NAS] Message with integrity and ciphered"
time="2026-08-11T17:15:49+08:00" level=info msg="[UE][NAS] successful NAS CIPHERING"
time="2026-08-11T17:15:49+08:00" level=info msg="[UE][NAS] successful NAS MAC verification"
time="2026-08-11T17:15:49+08:00" level=info msg="[UE][NAS] Receive Configuration Update Command"
time="2026-08-11T17:15:49+08:00" level=info msg="[UE] Initiating Configuration Update Complete"
time="2026-08-11T17:15:49+08:00" level=info msg="[UE][NAS] UE 5G GUTI: &{119 11 [242 2 248 57 202 254 0 0 0 0 77]}"
time="2026-08-11T17:15:49+08:00" level=info msg="[GNB][SCTP] Receive message in 0 stream\n"
time="2026-08-11T17:15:49+08:00" level=info msg="[GNB][NGAP] Receive Downlink NAS Transport"
time="2026-08-11T17:15:49+08:00" level=info msg="[UE][NAS] Message with security header"
time="2026-08-11T17:15:49+08:00" level=info msg="[UE][NAS] Message with integrity and with NEW 5G NAS SECURITY CONTEXT"
time="2026-08-11T17:15:49+08:00" level=info msg="[UE][NAS] successful NAS MAC verification"
time="2026-08-11T17:15:49+08:00" level=info msg="[UE][NAS] Receive Security Mode Command"
time="2026-08-11T17:15:49+08:00" level=info msg="[UE][NAS] Type of ciphering algorithm is 5G-EA0"
time="2026-08-11T17:15:49+08:00" level=info msg="[UE][NAS] Type of integrity protection algorithm is 128-5G-IA2"
time="2026-08-11T17:15:49+08:00" level=info msg="[GNB][SCTP] Receive message in 0 stream\n"
time="2026-08-11T17:15:49+08:00" level=info msg="[GNB][NGAP] Receive Downlink NAS Transport"
time="2026-08-11T17:15:49+08:00" level=info msg="[UE][NAS] Message with security header"
time="2026-08-11T17:15:49+08:00" level=info msg="[UE][NAS] Message with integrity and ciphered"
time="2026-08-11T17:15:49+08:00" level=info msg="[UE][NAS] successful NAS CIPHERING"
time="2026-08-11T17:15:49+08:00" level=info msg="[UE][NAS] successful NAS MAC verification"
time="2026-08-11T17:15:49+08:00" level=info msg="[UE][NAS] Receive Configuration Update Command"
time="2026-08-11T17:15:49+08:00" level=info msg="[UE] Initiating Configuration Update Complete"
time="2026-08-11T17:15:49+08:00" level=info msg="[GNB][SCTP] Receive message in 0 stream\n"
time="2026-08-11T17:15:49+08:00" level=info msg="[GNB][NGAP] Receive Initial Context Setup Request"
time="2026-08-11T17:15:49+08:00" level=info msg="[GNB][UE] UE Context was created with successful"
time="2026-08-11T17:15:49+08:00" level=info msg="[GNB][UE] UE RAN ID 31"
time="2026-08-11T17:15:49+08:00" level=info msg="[GNB][UE] UE AMF ID 31"
time="2026-08-11T17:15:49+08:00" level=info msg="[GNB][UE] UE Mobility Restrict --Plmn-- Mcc: 208 Mnc: 93"
time="2026-08-11T17:15:49+08:00" level=info msg="[GNB][UE] UE Masked Imeisv: 1110000000ffff00"
time="2026-08-11T17:15:49+08:00" level=info msg="[GNB][UE] Allowed Nssai-- Sst: [01 01] Sd: [010203 112233]"
time="2026-08-11T17:15:49+08:00" level=info msg="[GNB][NGAP][AMF] Send Initial Context Setup Response."
time="2026-08-11T17:15:49+08:00" level=info msg="[GNB] Initiating Initial Context Setup Response"
time="2026-08-11T17:15:49+08:00" level=info msg="[GNB][NGAP] No PDU Session to set up in InitialContextSetupResponse."
time="2026-08-11T17:15:49+08:00" level=info msg="[UE][NAS] Message with security header"
time="2026-08-11T17:15:49+08:00" level=info msg="[UE][NAS] Message with integrity and ciphered"
time="2026-08-11T17:15:49+08:00" level=info msg="[UE][NAS] successful NAS CIPHERING"
time="2026-08-11T17:15:49+08:00" level=info msg="[UE][NAS] successful NAS MAC verification"
time="2026-08-11T17:15:49+08:00" level=info msg="[UE][NAS] Receive Registration Accept"
time="2026-08-11T17:15:49+08:00" level=info msg="[UE][NAS] UE 5G GUTI: &{119 11 [242 2 248 57 202 254 0 0 0 0 31]}"
time="2026-08-11T17:15:49+08:00" level=info msg="[UE] Switched from state 2 to state 3"
time="2026-08-11T17:15:49+08:00" level=info msg="[GNB][SCTP] Receive message in 0 stream\n"
time="2026-08-11T17:15:49+08:00" level=info msg="[GNB][NGAP] Receive Downlink NAS Transport"
time="2026-08-11T17:15:49+08:00" level=info msg="[UE][NAS] Message with security header"
time="2026-08-11T17:15:49+08:00" level=info msg="[UE][NAS] Message with integrity and with NEW 5G NAS SECURITY CONTEXT"
time="2026-08-11T17:15:49+08:00" level=info msg="[UE][NAS] successful NAS MAC verification"
time="2026-08-11T17:15:49+08:00" level=info msg="[UE][NAS] Receive Security Mode Command"
time="2026-08-11T17:15:49+08:00" level=info msg="[UE][NAS] Type of ciphering algorithm is 5G-EA0"
time="2026-08-11T17:15:49+08:00" level=info msg="[UE][NAS] Type of integrity protection algorithm is 128-5G-IA2"
time="2026-08-11T17:15:49+08:00" level=info msg="[GNB][SCTP] Receive message in 0 stream\n"
time="2026-08-11T17:15:49+08:00" level=info msg="[GNB][NGAP] Receive Downlink NAS Transport"
time="2026-08-11T17:15:49+08:00" level=info msg="[UE][NAS] Message without security header"
time="2026-08-11T17:15:49+08:00" level=info msg="[UE][NAS] Receive Authentication Request"
time="2026-08-11T17:15:49+08:00" level=info msg="[UE][NAS][MAC] Authenticity of the authentication request message: OK"
time="2026-08-11T17:15:49+08:00" level=info msg="[UE][NAS][SQN] SQN of the authentication request message: VALID"
time="2026-08-11T17:15:49+08:00" level=info msg="[UE][NAS] Send authentication response"
time="2026-08-11T17:15:49+08:00" level=info msg="[UE] Switched from state 2 to state 2"
time="2026-08-11T17:15:49+08:00" level=info msg="[GNB][SCTP] Receive message in 0 stream\n"
time="2026-08-11T17:15:49+08:00" level=info msg="[GNB][NGAP] Receive Downlink NAS Transport"
time="2026-08-11T17:15:49+08:00" level=info msg="[UE][NAS] Message without security header"
time="2026-08-11T17:15:49+08:00" level=info msg="[UE][NAS] Receive Authentication Request"
time="2026-08-11T17:15:49+08:00" level=info msg="[UE][NAS][MAC] Authenticity of the authentication request message: OK"
time="2026-08-11T17:15:49+08:00" level=info msg="[UE][NAS][SQN] SQN of the authentication request message: VALID"
time="2026-08-11T17:15:49+08:00" level=info msg="[UE][NAS] Send authentication response"
time="2026-08-11T17:15:49+08:00" level=info msg="[UE] Switched from state 2 to state 2"
time="2026-08-11T17:15:49+08:00" level=info msg="[GNB][SCTP] Receive message in 0 stream\n"
time="2026-08-11T17:15:49+08:00" level=info msg="[GNB][NGAP] Receive Downlink NAS Transport"
time="2026-08-11T17:15:49+08:00" level=info msg="[UE][NAS] Message with security header"
time="2026-08-11T17:15:49+08:00" level=info msg="[UE][NAS] Message with integrity and with NEW 5G NAS SECURITY CONTEXT"
time="2026-08-11T17:15:49+08:00" level=info msg="[UE][NAS] successful NAS MAC verification"
time="2026-08-11T17:15:49+08:00" level=info msg="[UE][NAS] Receive Security Mode Command"
time="2026-08-11T17:15:49+08:00" level=info msg="[UE][NAS] Type of ciphering algorithm is 5G-EA0"
time="2026-08-11T17:15:49+08:00" level=info msg="[UE][NAS] Type of integrity protection algorithm is 128-5G-IA2"
time="2026-08-11T17:15:49+08:00" level=info msg="[GNB][SCTP] Receive message in 0 stream\n"
time="2026-08-11T17:15:49+08:00" level=info msg="[GNB][NGAP] Receive Initial Context Setup Request"
time="2026-08-11T17:15:49+08:00" level=info msg="[GNB][UE] UE Context was created with successful"
time="2026-08-11T17:15:49+08:00" level=info msg="[GNB][UE] UE RAN ID 23"
time="2026-08-11T17:15:49+08:00" level=info msg="[GNB][UE] UE AMF ID 26"
time="2026-08-11T17:15:49+08:00" level=info msg="[GNB][UE] UE Mobility Restrict --Plmn-- Mcc: 208 Mnc: 93"
time="2026-08-11T17:15:49+08:00" level=info msg="[GNB][UE] UE Masked Imeisv: 1110000000ffff00"
time="2026-08-11T17:15:49+08:00" level=info msg="[GNB][UE] Allowed Nssai-- Sst: [01 01] Sd: [010203 112233]"
time="2026-08-11T17:15:49+08:00" level=info msg="[GNB][NGAP][AMF] Send Initial Context Setup Response."
time="2026-08-11T17:15:49+08:00" level=info msg="[GNB] Initiating Initial Context Setup Response"
time="2026-08-11T17:15:49+08:00" level=info msg="[GNB][NGAP] No PDU Session to set up in InitialContextSetupResponse."
time="2026-08-11T17:15:49+08:00" level=info msg="[UE][NAS] Message with security header"
time="2026-08-11T17:15:49+08:00" level=info msg="[UE][NAS] Message with integrity and ciphered"
time="2026-08-11T17:15:49+08:00" level=info msg="[UE][NAS] successful NAS CIPHERING"
time="2026-08-11T17:15:49+08:00" level=info msg="[UE][NAS] successful NAS MAC verification"
time="2026-08-11T17:15:49+08:00" level=info msg="[UE][NAS] Receive Registration Accept"
time="2026-08-11T17:15:49+08:00" level=info msg="[UE][NAS] UE 5G GUTI: &{119 11 [242 2 248 57 202 254 0 0 0 0 26]}"
time="2026-08-11T17:15:49+08:00" level=info msg="[UE] Switched from state 2 to state 3"
time="2026-08-11T17:15:49+08:00" level=info msg="[GNB][SCTP] Receive message in 0 stream\n"
time="2026-08-11T17:15:49+08:00" level=info msg="[GNB][SCTP] Receive message in 0 stream\n"
time="2026-08-11T17:15:49+08:00" level=info msg="[GNB][NGAP] Receive Initial Context Setup Request"
time="2026-08-11T17:15:49+08:00" level=info msg="[GNB][UE] UE Context was created with successful"
time="2026-08-11T17:15:49+08:00" level=info msg="[GNB][UE] UE RAN ID 77"
time="2026-08-11T17:15:49+08:00" level=info msg="[GNB][UE] UE AMF ID 78"
time="2026-08-11T17:15:49+08:00" level=info msg="[GNB][UE] UE Mobility Restrict --Plmn-- Mcc: 208 Mnc: 93"
time="2026-08-11T17:15:49+08:00" level=info msg="[GNB][UE] UE Masked Imeisv: 1110000000ffff00"
time="2026-08-11T17:15:49+08:00" level=info msg="[GNB][UE] Allowed Nssai-- Sst: [01 01] Sd: [010203 112233]"
time="2026-08-11T17:15:49+08:00" level=info msg="[GNB][NGAP][AMF] Send Initial Context Setup Response."
time="2026-08-11T17:15:49+08:00" level=info msg="[GNB] Initiating Initial Context Setup Response"
time="2026-08-11T17:15:49+08:00" level=info msg="[GNB][NGAP] No PDU Session to set up in InitialContextSetupResponse."
time="2026-08-11T17:15:49+08:00" level=info msg="[GNB][NGAP] Receive Initial Context Setup Request"
time="2026-08-11T17:15:49+08:00" level=info msg="[GNB][UE] UE Context was created with successful"
time="2026-08-11T17:15:49+08:00" level=info msg="[UE][NAS] Message with security header"
time="2026-08-11T17:15:49+08:00" level=info msg="[UE][NAS] Message with integrity and ciphered"
time="2026-08-11T17:15:49+08:00" level=info msg="[UE][NAS] successful NAS CIPHERING"
time="2026-08-11T17:15:49+08:00" level=info msg="[UE][NAS] successful NAS MAC verification"
time="2026-08-11T17:15:49+08:00" level=info msg="[UE][NAS] Receive Registration Accept"
time="2026-08-11T17:15:49+08:00" level=info msg="[UE][NAS] UE 5G GUTI: &{119 11 [242 2 248 57 202 254 0 0 0 0 78]}"
time="2026-08-11T17:15:49+08:00" level=info msg="[GNB][UE] UE RAN ID 68"
time="2026-08-11T17:15:49+08:00" level=info msg="[GNB][UE] UE AMF ID 71"
time="2026-08-11T17:15:49+08:00" level=info msg="[GNB][UE] UE Mobility Restrict --Plmn-- Mcc: 208 Mnc: 93"
time="2026-08-11T17:15:49+08:00" level=info msg="[GNB][UE] UE Masked Imeisv: 1110000000ffff00"
time="2026-08-11T17:15:49+08:00" level=info msg="[GNB][UE] Allowed Nssai-- Sst: [01 01] Sd: [010203 112233]"
time="2026-08-11T17:15:49+08:00" level=info msg="[GNB][NGAP][AMF] Send Initial Context Setup Response."
time="2026-08-11T17:15:49+08:00" level=info msg="[GNB] Initiating Initial Context Setup Response"
time="2026-08-11T17:15:49+08:00" level=info msg="[GNB][NGAP] No PDU Session to set up in InitialContextSetupResponse."
time="2026-08-11T17:15:49+08:00" level=info msg="[GNB][SCTP] Receive message in 0 stream\n"
time="2026-08-11T17:15:49+08:00" level=info msg="[UE] Switched from state 2 to state 3"
time="2026-08-11T17:15:49+08:00" level=info msg="[UE][NAS] Message with security header"
time="2026-08-11T17:15:49+08:00" level=info msg="[UE][NAS] Message with integrity and ciphered"
time="2026-08-11T17:15:49+08:00" level=info msg="[UE][NAS] successful NAS CIPHERING"
time="2026-08-11T17:15:49+08:00" level=info msg="[UE][NAS] successful NAS MAC verification"
time="2026-08-11T17:15:49+08:00" level=info msg="[UE][NAS] Receive Registration Accept"
time="2026-08-11T17:15:49+08:00" level=info msg="[GNB][NGAP] Receive Downlink NAS Transport"
time="2026-08-11T17:15:49+08:00" level=info msg="[UE][NAS] UE 5G GUTI: &{119 11 [242 2 248 57 202 254 0 0 0 0 71]}"
time="2026-08-11T17:15:49+08:00" level=info msg="[UE][NAS] Message with security header"
time="2026-08-11T17:15:49+08:00" level=info msg="[UE][NAS] Message with integrity and ciphered"
time="2026-08-11T17:15:49+08:00" level=info msg="[UE][NAS] successful NAS CIPHERING"
time="2026-08-11T17:15:49+08:00" level=info msg="[UE][NAS] successful NAS MAC verification"
time="2026-08-11T17:15:49+08:00" level=info msg="[UE][NAS] Receive Configuration Update Command"
time="2026-08-11T17:15:49+08:00" level=info msg="[UE] Initiating Configuration Update Complete"
time="2026-08-11T17:15:49+08:00" level=info msg="[GNB][SCTP] Receive message in 0 stream\n"
time="2026-08-11T17:15:49+08:00" level=info msg="[UE] Switched from state 2 to state 3"
time="2026-08-11T17:15:49+08:00" level=info msg="[GNB][NGAP] Receive Downlink NAS Transport"
time="2026-08-11T17:15:49+08:00" level=info msg="[UE][NAS] Message with security header"
time="2026-08-11T17:15:49+08:00" level=info msg="[UE][NAS] Message with integrity and ciphered"
time="2026-08-11T17:15:49+08:00" level=info msg="[UE][NAS] successful NAS CIPHERING"
time="2026-08-11T17:15:49+08:00" level=info msg="[UE][NAS] successful NAS MAC verification"
time="2026-08-11T17:15:49+08:00" level=info msg="[UE][NAS] Receive Configuration Update Command"
time="2026-08-11T17:15:49+08:00" level=info msg="[UE] Initiating Configuration Update Complete"
time="2026-08-11T17:15:49+08:00" level=info msg="[GNB][SCTP] Receive message in 0 stream\n"
time="2026-08-11T17:15:49+08:00" level=info msg="[GNB][NGAP] Receive Downlink NAS Transport"
time="2026-08-11T17:15:49+08:00" level=info msg="[UE][NAS] Message with security header"
time="2026-08-11T17:15:49+08:00" level=info msg="[UE][NAS] Message with integrity and with NEW 5G NAS SECURITY CONTEXT"
time="2026-08-11T17:15:49+08:00" level=info msg="[UE][NAS] successful NAS MAC verification"
time="2026-08-11T17:15:49+08:00" level=info msg="[UE][NAS] Receive Security Mode Command"
time="2026-08-11T17:15:49+08:00" level=info msg="[UE][NAS] Type of ciphering algorithm is 5G-EA0"
time="2026-08-11T17:15:49+08:00" level=info msg="[UE][NAS] Type of integrity protection algorithm is 128-5G-IA2"
time="2026-08-11T17:15:49+08:00" level=info msg="[GNB][SCTP] Receive message in 0 stream\n"
time="2026-08-11T17:15:49+08:00" level=info msg="[GNB][NGAP] Receive Initial Context Setup Request"
time="2026-08-11T17:15:49+08:00" level=info msg="[GNB][UE] UE Context was created with successful"
time="2026-08-11T17:15:49+08:00" level=info msg="[GNB][UE] UE RAN ID 38"
time="2026-08-11T17:15:49+08:00" level=info msg="[GNB][UE] UE AMF ID 37"
time="2026-08-11T17:15:49+08:00" level=info msg="[GNB][UE] UE Mobility Restrict --Plmn-- Mcc: 208 Mnc: 93"
time="2026-08-11T17:15:49+08:00" level=info msg="[GNB][UE] UE Masked Imeisv: 1110000000ffff00"
time="2026-08-11T17:15:49+08:00" level=info msg="[GNB][UE] Allowed Nssai-- Sst: [01 01] Sd: [010203 112233]"
time="2026-08-11T17:15:49+08:00" level=info msg="[GNB][NGAP][AMF] Send Initial Context Setup Response."
time="2026-08-11T17:15:49+08:00" level=info msg="[GNB] Initiating Initial Context Setup Response"
time="2026-08-11T17:15:49+08:00" level=info msg="[GNB][NGAP] No PDU Session to set up in InitialContextSetupResponse."
time="2026-08-11T17:15:49+08:00" level=info msg="[UE][NAS] Message with security header"
time="2026-08-11T17:15:49+08:00" level=info msg="[UE][NAS] Message with integrity and ciphered"
time="2026-08-11T17:15:49+08:00" level=info msg="[UE][NAS] successful NAS CIPHERING"
time="2026-08-11T17:15:49+08:00" level=info msg="[UE][NAS] successful NAS MAC verification"
time="2026-08-11T17:15:49+08:00" level=info msg="[UE][NAS] Receive Registration Accept"
time="2026-08-11T17:15:49+08:00" level=info msg="[UE][NAS] UE 5G GUTI: &{119 11 [242 2 248 57 202 254 0 0 0 0 37]}"
time="2026-08-11T17:15:49+08:00" level=info msg="[UE] Switched from state 2 to state 3"
time="2026-08-11T17:15:49+08:00" level=info msg="[GNB][SCTP] Receive message in 0 stream\n"
time="2026-08-11T17:15:49+08:00" level=info msg="[GNB][NGAP] Receive Downlink NAS Transport"
time="2026-08-11T17:15:49+08:00" level=info msg="[UE][NAS] Message with security header"
time="2026-08-11T17:15:49+08:00" level=info msg="[UE][NAS] Message with integrity and with NEW 5G NAS SECURITY CONTEXT"
time="2026-08-11T17:15:49+08:00" level=info msg="[UE][NAS] successful NAS MAC verification"
time="2026-08-11T17:15:49+08:00" level=info msg="[UE][NAS] Receive Security Mode Command"
time="2026-08-11T17:15:49+08:00" level=info msg="[UE][NAS] Type of ciphering algorithm is 5G-EA0"
time="2026-08-11T17:15:49+08:00" level=info msg="[UE][NAS] Type of integrity protection algorithm is 128-5G-IA2"
time="2026-08-11T17:15:50+08:00" level=info msg="[GNB][SCTP] Receive message in 0 stream\n"
time="2026-08-11T17:15:50+08:00" level=info msg="[GNB][NGAP] Receive Downlink NAS Transport"
time="2026-08-11T17:15:50+08:00" level=info msg="[UE][NAS] Message without security header"
time="2026-08-11T17:15:50+08:00" level=info msg="[UE][NAS] Receive Authentication Request"
time="2026-08-11T17:15:50+08:00" level=info msg="[UE][NAS][MAC] Authenticity of the authentication request message: OK"
time="2026-08-11T17:15:50+08:00" level=info msg="[UE][NAS][SQN] SQN of the authentication request message: VALID"
time="2026-08-11T17:15:50+08:00" level=info msg="[UE][NAS] Send authentication response"
time="2026-08-11T17:15:50+08:00" level=info msg="[UE] Switched from state 2 to state 2"
time="2026-08-11T17:15:50+08:00" level=info msg="[GNB][SCTP] Receive message in 0 stream\n"
time="2026-08-11T17:15:50+08:00" level=info msg="[GNB][SCTP] Receive message in 0 stream\n"
time="2026-08-11T17:15:50+08:00" level=info msg="[GNB][NGAP] Receive Initial Context Setup Request"
time="2026-08-11T17:15:50+08:00" level=info msg="[GNB][UE] UE Context was created with successful"
time="2026-08-11T17:15:50+08:00" level=info msg="[GNB][UE] UE RAN ID 30"
time="2026-08-11T17:15:50+08:00" level=info msg="[GNB][UE] UE AMF ID 32"
time="2026-08-11T17:15:50+08:00" level=info msg="[GNB][UE] UE Mobility Restrict --Plmn-- Mcc: 208 Mnc: 93"
time="2026-08-11T17:15:50+08:00" level=info msg="[GNB][UE] UE Masked Imeisv: 1110000000ffff00"
time="2026-08-11T17:15:50+08:00" level=info msg="[GNB][UE] Allowed Nssai-- Sst: [01 01] Sd: [010203 112233]"
time="2026-08-11T17:15:50+08:00" level=info msg="[GNB][NGAP][AMF] Send Initial Context Setup Response."
time="2026-08-11T17:15:50+08:00" level=info msg="[GNB] Initiating Initial Context Setup Response"
time="2026-08-11T17:15:50+08:00" level=info msg="[GNB][NGAP] No PDU Session to set up in InitialContextSetupResponse."
time="2026-08-11T17:15:50+08:00" level=info msg="[UE][NAS] Message with security header"
time="2026-08-11T17:15:50+08:00" level=info msg="[UE][NAS] Message with integrity and ciphered"
time="2026-08-11T17:15:50+08:00" level=info msg="[UE][NAS] successful NAS CIPHERING"
time="2026-08-11T17:15:50+08:00" level=info msg="[UE][NAS] successful NAS MAC verification"
time="2026-08-11T17:15:50+08:00" level=info msg="[UE][NAS] Receive Registration Accept"
time="2026-08-11T17:15:50+08:00" level=info msg="[UE][NAS] UE 5G GUTI: &{119 11 [242 2 248 57 202 254 0 0 0 0 32]}"
time="2026-08-11T17:15:50+08:00" level=info msg="[GNB][NGAP] Receive Initial Context Setup Request"
time="2026-08-11T17:15:50+08:00" level=info msg="[GNB][UE] UE Context was created with successful"
time="2026-08-11T17:15:50+08:00" level=info msg="[GNB][UE] UE RAN ID 94"
time="2026-08-11T17:15:50+08:00" level=info msg="[GNB][UE] UE AMF ID 84"
time="2026-08-11T17:15:50+08:00" level=info msg="[GNB][UE] UE Mobility Restrict --Plmn-- Mcc: 208 Mnc: 93"
time="2026-08-11T17:15:50+08:00" level=info msg="[GNB][UE] UE Masked Imeisv: 1110000000ffff00"
time="2026-08-11T17:15:50+08:00" level=info msg="[GNB][UE] Allowed Nssai-- Sst: [01 01] Sd: [010203 112233]"
time="2026-08-11T17:15:50+08:00" level=info msg="[GNB][NGAP][AMF] Send Initial Context Setup Response."
time="2026-08-11T17:15:50+08:00" level=info msg="[GNB] Initiating Initial Context Setup Response"
time="2026-08-11T17:15:50+08:00" level=info msg="[GNB][NGAP] No PDU Session to set up in InitialContextSetupResponse."
time="2026-08-11T17:15:50+08:00" level=info msg="[UE][NAS] Message with security header"
time="2026-08-11T17:15:50+08:00" level=info msg="[UE][NAS] Message with integrity and ciphered"
time="2026-08-11T17:15:50+08:00" level=info msg="[UE][NAS] successful NAS CIPHERING"
time="2026-08-11T17:15:50+08:00" level=info msg="[UE][NAS] successful NAS MAC verification"
time="2026-08-11T17:15:50+08:00" level=info msg="[UE][NAS] Receive Registration Accept"
time="2026-08-11T17:15:50+08:00" level=info msg="[UE][NAS] UE 5G GUTI: &{119 11 [242 2 248 57 202 254 0 0 0 0 84]}"
time="2026-08-11T17:15:50+08:00" level=info msg="[UE] Switched from state 2 to state 3"
time="2026-08-11T17:15:50+08:00" level=info msg="[UE] Switched from state 2 to state 3"
time="2026-08-11T17:15:50+08:00" level=info msg="[GNB][SCTP] Receive message in 0 stream\n"
time="2026-08-11T17:15:50+08:00" level=info msg="[GNB][SCTP] Receive message in 0 stream\n"
time="2026-08-11T17:15:50+08:00" level=info msg="[GNB][SCTP] Receive message in 0 stream\n"
time="2026-08-11T17:15:50+08:00" level=info msg="[GNB][SCTP] Receive message in 0 stream\n"
time="2026-08-11T17:15:50+08:00" level=info msg="[GNB][SCTP] Receive message in 0 stream\n"
time="2026-08-11T17:15:50+08:00" level=info msg="[GNB][NGAP] Receive Downlink NAS Transport"
time="2026-08-11T17:15:50+08:00" level=info msg="[UE][NAS] Message without security header"
time="2026-08-11T17:15:50+08:00" level=info msg="[UE][NAS] Receive Authentication Request"
time="2026-08-11T17:15:50+08:00" level=info msg="[UE][NAS][MAC] Authenticity of the authentication request message: OK"
time="2026-08-11T17:15:50+08:00" level=info msg="[UE][NAS][SQN] SQN of the authentication request message: VALID"
time="2026-08-11T17:15:50+08:00" level=info msg="[UE][NAS] Send authentication response"
time="2026-08-11T17:15:50+08:00" level=info msg="[GNB][NGAP] Receive Downlink NAS Transport"
time="2026-08-11T17:15:50+08:00" level=info msg="[UE][NAS] Message with security header"
time="2026-08-11T17:15:50+08:00" level=info msg="[UE][NAS] Message with integrity and ciphered"
time="2026-08-11T17:15:50+08:00" level=info msg="[UE][NAS] successful NAS CIPHERING"
time="2026-08-11T17:15:50+08:00" level=info msg="[UE][NAS] successful NAS MAC verification"
time="2026-08-11T17:15:50+08:00" level=info msg="[UE][NAS] Receive Configuration Update Command"
time="2026-08-11T17:15:50+08:00" level=info msg="[UE] Initiating Configuration Update Complete"
time="2026-08-11T17:15:50+08:00" level=info msg="[GNB][NGAP] Receive Downlink NAS Transport"
time="2026-08-11T17:15:50+08:00" level=info msg="[UE][NAS] Message with security header"
time="2026-08-11T17:15:50+08:00" level=info msg="[UE][NAS] Message with integrity and ciphered"
time="2026-08-11T17:15:50+08:00" level=info msg="[UE][NAS] successful NAS CIPHERING"
time="2026-08-11T17:15:50+08:00" level=info msg="[UE][NAS] successful NAS MAC verification"
time="2026-08-11T17:15:50+08:00" level=info msg="[UE][NAS] Receive Configuration Update Command"
time="2026-08-11T17:15:50+08:00" level=info msg="[UE] Initiating Configuration Update Complete"
time="2026-08-11T17:15:50+08:00" level=info msg="[UE] Switched from state 2 to state 2"
time="2026-08-11T17:15:50+08:00" level=info msg="[GNB][SCTP] Receive message in 0 stream\n"
time="2026-08-11T17:15:50+08:00" level=info msg="[GNB][SCTP] Receive message in 0 stream\n"
time="2026-08-11T17:15:50+08:00" level=info msg="[GNB][NGAP] Receive Downlink NAS Transport"
time="2026-08-11T17:15:50+08:00" level=info msg="[UE][NAS] Message with security header"
time="2026-08-11T17:15:50+08:00" level=info msg="[UE][NAS] Message with integrity and ciphered"
time="2026-08-11T17:15:50+08:00" level=info msg="[UE][NAS] successful NAS CIPHERING"
time="2026-08-11T17:15:50+08:00" level=info msg="[UE][NAS] successful NAS MAC verification"
time="2026-08-11T17:15:50+08:00" level=info msg="[UE][NAS] Receive Configuration Update Command"
time="2026-08-11T17:15:50+08:00" level=info msg="[UE] Initiating Configuration Update Complete"
time="2026-08-11T17:15:50+08:00" level=info msg="[GNB][NGAP] Receive Downlink NAS Transport"
time="2026-08-11T17:15:50+08:00" level=info msg="[UE][NAS] Message with security header"
time="2026-08-11T17:15:50+08:00" level=info msg="[UE][NAS] Message with integrity and ciphered"
time="2026-08-11T17:15:50+08:00" level=info msg="[UE][NAS] successful NAS CIPHERING"
time="2026-08-11T17:15:50+08:00" level=info msg="[UE][NAS] successful NAS MAC verification"
time="2026-08-11T17:15:50+08:00" level=info msg="[UE][NAS] Receive Configuration Update Command"
time="2026-08-11T17:15:50+08:00" level=info msg="[UE] Initiating Configuration Update Complete"
time="2026-08-11T17:15:50+08:00" level=info msg="[GNB][NGAP] Receive Downlink NAS Transport"
time="2026-08-11T17:15:50+08:00" level=info msg="[UE][NAS] Message with security header"
time="2026-08-11T17:15:50+08:00" level=info msg="[UE][NAS] Message with integrity and ciphered"
time="2026-08-11T17:15:50+08:00" level=info msg="[UE][NAS] successful NAS CIPHERING"
time="2026-08-11T17:15:50+08:00" level=info msg="[UE][NAS] successful NAS MAC verification"
time="2026-08-11T17:15:50+08:00" level=info msg="[UE][NAS] Receive Configuration Update Command"
time="2026-08-11T17:15:50+08:00" level=info msg="[UE] Initiating Configuration Update Complete"
time="2026-08-11T17:15:50+08:00" level=info msg="[GNB][NGAP] Receive Initial Context Setup Request"
time="2026-08-11T17:15:50+08:00" level=info msg="[GNB][UE] UE Context was created with successful"
time="2026-08-11T17:15:50+08:00" level=info msg="[GNB][UE] UE RAN ID 80"
time="2026-08-11T17:15:50+08:00" level=info msg="[GNB][UE] UE AMF ID 83"
time="2026-08-11T17:15:50+08:00" level=info msg="[GNB][UE] UE Mobility Restrict --Plmn-- Mcc: 208 Mnc: 93"
time="2026-08-11T17:15:50+08:00" level=info msg="[GNB][UE] UE Masked Imeisv: 1110000000ffff00"
time="2026-08-11T17:15:50+08:00" level=info msg="[GNB][UE] Allowed Nssai-- Sst: [01 01] Sd: [010203 112233]"
time="2026-08-11T17:15:50+08:00" level=info msg="[GNB][NGAP][AMF] Send Initial Context Setup Response."
time="2026-08-11T17:15:50+08:00" level=info msg="[GNB] Initiating Initial Context Setup Response"
time="2026-08-11T17:15:50+08:00" level=info msg="[GNB][NGAP] No PDU Session to set up in InitialContextSetupResponse."
time="2026-08-11T17:15:50+08:00" level=info msg="[UE][NAS] Message with security header"
time="2026-08-11T17:15:50+08:00" level=info msg="[UE][NAS] Message with integrity and ciphered"
time="2026-08-11T17:15:50+08:00" level=info msg="[UE][NAS] successful NAS CIPHERING"
time="2026-08-11T17:15:50+08:00" level=info msg="[UE][NAS] successful NAS MAC verification"
time="2026-08-11T17:15:50+08:00" level=info msg="[UE][NAS] Receive Registration Accept"
time="2026-08-11T17:15:50+08:00" level=info msg="[UE][NAS] UE 5G GUTI: &{119 11 [242 2 248 57 202 254 0 0 0 0 83]}"
time="2026-08-11T17:15:50+08:00" level=info msg="[UE] Switched from state 2 to state 3"
time="2026-08-11T17:15:50+08:00" level=info msg="[GNB][SCTP] Receive message in 0 stream\n"
time="2026-08-11T17:15:50+08:00" level=info msg="[GNB][NGAP] Receive Downlink NAS Transport"
time="2026-08-11T17:15:50+08:00" level=info msg="[UE][NAS] Message with security header"
time="2026-08-11T17:15:50+08:00" level=info msg="[UE][NAS] Message with integrity and with NEW 5G NAS SECURITY CONTEXT"
time="2026-08-11T17:15:50+08:00" level=info msg="[UE][NAS] successful NAS MAC verification"
time="2026-08-11T17:15:50+08:00" level=info msg="[UE][NAS] Receive Security Mode Command"
time="2026-08-11T17:15:50+08:00" level=info msg="[UE][NAS] Type of ciphering algorithm is 5G-EA0"
time="2026-08-11T17:15:50+08:00" level=info msg="[UE][NAS] Type of integrity protection algorithm is 128-5G-IA2"
time="2026-08-11T17:15:50+08:00" level=info msg="[GNB][SCTP] Receive message in 0 stream\n"
time="2026-08-11T17:15:50+08:00" level=info msg="[GNB][NGAP] Receive Initial Context Setup Request"
time="2026-08-11T17:15:50+08:00" level=info msg="[GNB][UE] UE Context was created with successful"
time="2026-08-11T17:15:50+08:00" level=info msg="[GNB][UE] UE RAN ID 47"
time="2026-08-11T17:15:50+08:00" level=info msg="[GNB][UE] UE AMF ID 43"
time="2026-08-11T17:15:50+08:00" level=info msg="[GNB][UE] UE Mobility Restrict --Plmn-- Mcc: 208 Mnc: 93"
time="2026-08-11T17:15:50+08:00" level=info msg="[GNB][UE] UE Masked Imeisv: 1110000000ffff00"
time="2026-08-11T17:15:50+08:00" level=info msg="[GNB][UE] Allowed Nssai-- Sst: [01 01] Sd: [010203 112233]"
time="2026-08-11T17:15:50+08:00" level=info msg="[GNB][NGAP][AMF] Send Initial Context Setup Response."
time="2026-08-11T17:15:50+08:00" level=info msg="[GNB] Initiating Initial Context Setup Response"
time="2026-08-11T17:15:50+08:00" level=info msg="[GNB][NGAP] No PDU Session to set up in InitialContextSetupResponse."
time="2026-08-11T17:15:50+08:00" level=info msg="[UE][NAS] Message with security header"
time="2026-08-11T17:15:50+08:00" level=info msg="[UE][NAS] Message with integrity and ciphered"
time="2026-08-11T17:15:50+08:00" level=info msg="[UE][NAS] successful NAS CIPHERING"
time="2026-08-11T17:15:50+08:00" level=info msg="[UE][NAS] successful NAS MAC verification"
time="2026-08-11T17:15:50+08:00" level=info msg="[UE][NAS] Receive Registration Accept"
time="2026-08-11T17:15:50+08:00" level=info msg="[UE][NAS] UE 5G GUTI: &{119 11 [242 2 248 57 202 254 0 0 0 0 43]}"
time="2026-08-11T17:15:50+08:00" level=info msg="[UE] Switched from state 2 to state 3"
time="2026-08-11T17:15:50+08:00" level=info msg="[GNB][SCTP] Receive message in 0 stream\n"
time="2026-08-11T17:15:50+08:00" level=info msg="[GNB][NGAP] Receive Initial Context Setup Request"
time="2026-08-11T17:15:50+08:00" level=info msg="[GNB][UE] UE Context was created with successful"
time="2026-08-11T17:15:50+08:00" level=info msg="[GNB][UE] UE RAN ID 15"
time="2026-08-11T17:15:50+08:00" level=info msg="[GNB][UE] UE AMF ID 20"
time="2026-08-11T17:15:50+08:00" level=info msg="[GNB][UE] UE Mobility Restrict --Plmn-- Mcc: 208 Mnc: 93"
time="2026-08-11T17:15:50+08:00" level=info msg="[GNB][UE] UE Masked Imeisv: 1110000000ffff00"
time="2026-08-11T17:15:50+08:00" level=info msg="[GNB][UE] Allowed Nssai-- Sst: [01 01] Sd: [010203 112233]"
time="2026-08-11T17:15:50+08:00" level=info msg="[GNB][NGAP][AMF] Send Initial Context Setup Response."
time="2026-08-11T17:15:50+08:00" level=info msg="[GNB] Initiating Initial Context Setup Response"
time="2026-08-11T17:15:50+08:00" level=info msg="[GNB][NGAP] No PDU Session to set up in InitialContextSetupResponse."
time="2026-08-11T17:15:50+08:00" level=info msg="[UE][NAS] Message with security header"
time="2026-08-11T17:15:50+08:00" level=info msg="[UE][NAS] Message with integrity and ciphered"
time="2026-08-11T17:15:50+08:00" level=info msg="[UE][NAS] successful NAS CIPHERING"
time="2026-08-11T17:15:50+08:00" level=info msg="[UE][NAS] successful NAS MAC verification"
time="2026-08-11T17:15:50+08:00" level=info msg="[UE][NAS] Receive Registration Accept"
time="2026-08-11T17:15:50+08:00" level=info msg="[UE][NAS] UE 5G GUTI: &{119 11 [242 2 248 57 202 254 0 0 0 0 20]}"
time="2026-08-11T17:15:50+08:00" level=info msg="[UE] Switched from state 3 to state 3"
time="2026-08-11T17:15:50+08:00" level=info msg="[GNB][SCTP] Receive message in 0 stream\n"
time="2026-08-11T17:15:50+08:00" level=info msg="[GNB][NGAP] Receive Downlink NAS Transport"
time="2026-08-11T17:15:50+08:00" level=info msg="[UE][NAS] Message with security header"
time="2026-08-11T17:15:50+08:00" level=info msg="[UE][NAS] Message with integrity and with NEW 5G NAS SECURITY CONTEXT"
time="2026-08-11T17:15:50+08:00" level=info msg="[UE][NAS] successful NAS MAC verification"
time="2026-08-11T17:15:50+08:00" level=info msg="[UE][NAS] Receive Security Mode Command"
time="2026-08-11T17:15:50+08:00" level=info msg="[UE][NAS] Type of ciphering algorithm is 5G-EA0"
time="2026-08-11T17:15:50+08:00" level=info msg="[UE][NAS] Type of integrity protection algorithm is 128-5G-IA2"
time="2026-08-11T17:15:50+08:00" level=info msg="[GNB][SCTP] Receive message in 0 stream\n"
time="2026-08-11T17:15:50+08:00" level=info msg="[GNB][NGAP] Receive Initial Context Setup Request"
time="2026-08-11T17:15:50+08:00" level=info msg="[GNB][UE] UE Context was created with successful"
time="2026-08-11T17:15:50+08:00" level=info msg="[GNB][UE] UE RAN ID 79"
time="2026-08-11T17:15:50+08:00" level=info msg="[GNB][UE] UE AMF ID 90"
time="2026-08-11T17:15:50+08:00" level=info msg="[GNB][UE] UE Mobility Restrict --Plmn-- Mcc: 208 Mnc: 93"
time="2026-08-11T17:15:50+08:00" level=info msg="[GNB][UE] UE Masked Imeisv: 1110000000ffff00"
time="2026-08-11T17:15:50+08:00" level=info msg="[GNB][UE] Allowed Nssai-- Sst: [01 01] Sd: [010203 112233]"
time="2026-08-11T17:15:50+08:00" level=info msg="[GNB][NGAP][AMF] Send Initial Context Setup Response."
time="2026-08-11T17:15:50+08:00" level=info msg="[GNB] Initiating Initial Context Setup Response"
time="2026-08-11T17:15:50+08:00" level=info msg="[GNB][NGAP] No PDU Session to set up in InitialContextSetupResponse."
time="2026-08-11T17:15:50+08:00" level=info msg="[UE][NAS] Message with security header"
time="2026-08-11T17:15:50+08:00" level=info msg="[UE][NAS] Message with integrity and ciphered"
time="2026-08-11T17:15:50+08:00" level=info msg="[UE][NAS] successful NAS CIPHERING"
time="2026-08-11T17:15:50+08:00" level=info msg="[UE][NAS] successful NAS MAC verification"
time="2026-08-11T17:15:50+08:00" level=info msg="[UE][NAS] Receive Registration Accept"
time="2026-08-11T17:15:50+08:00" level=info msg="[UE][NAS] UE 5G GUTI: &{119 11 [242 2 248 57 202 254 0 0 0 0 90]}"
time="2026-08-11T17:15:50+08:00" level=info msg="[UE] Switched from state 2 to state 3"
time="2026-08-11T17:15:50+08:00" level=info msg="[GNB][SCTP] Receive message in 0 stream\n"
time="2026-08-11T17:15:50+08:00" level=info msg="[GNB][SCTP] Receive message in 0 stream\n"
time="2026-08-11T17:15:50+08:00" level=info msg="[GNB][NGAP] Receive Downlink NAS Transport"
time="2026-08-11T17:15:50+08:00" level=info msg="[UE][NAS] Message with security header"
time="2026-08-11T17:15:50+08:00" level=info msg="[UE][NAS] Message with integrity and ciphered"
time="2026-08-11T17:15:50+08:00" level=info msg="[UE][NAS] successful NAS CIPHERING"
time="2026-08-11T17:15:50+08:00" level=info msg="[UE][NAS] successful NAS MAC verification"
time="2026-08-11T17:15:50+08:00" level=info msg="[UE][NAS] Receive Configuration Update Command"
time="2026-08-11T17:15:50+08:00" level=info msg="[UE] Initiating Configuration Update Complete"
time="2026-08-11T17:15:50+08:00" level=info msg="[GNB][NGAP] Receive Downlink NAS Transport"
time="2026-08-11T17:15:50+08:00" level=info msg="[UE][NAS] Message with security header"
time="2026-08-11T17:15:50+08:00" level=info msg="[UE][NAS] Message with integrity and ciphered"
time="2026-08-11T17:15:50+08:00" level=info msg="[UE][NAS] successful NAS CIPHERING"
time="2026-08-11T17:15:50+08:00" level=info msg="[UE][NAS] successful NAS MAC verification"
time="2026-08-11T17:15:50+08:00" level=info msg="[UE][NAS] Receive Configuration Update Command"
time="2026-08-11T17:15:50+08:00" level=info msg="[UE] Initiating Configuration Update Complete"
time="2026-08-11T17:15:50+08:00" level=info msg="[GNB][SCTP] Receive message in 0 stream\n"
time="2026-08-11T17:15:50+08:00" level=info msg="[GNB][SCTP] Receive message in 0 stream\n"
time="2026-08-11T17:15:50+08:00" level=info msg="[GNB][NGAP] Receive Downlink NAS Transport"
time="2026-08-11T17:15:50+08:00" level=info msg="[UE][NAS] Message with security header"
time="2026-08-11T17:15:50+08:00" level=info msg="[UE][NAS] Message with integrity and ciphered"
time="2026-08-11T17:15:50+08:00" level=info msg="[UE][NAS] successful NAS CIPHERING"
time="2026-08-11T17:15:50+08:00" level=info msg="[UE][NAS] successful NAS MAC verification"
time="2026-08-11T17:15:50+08:00" level=info msg="[UE][NAS] Receive Configuration Update Command"
time="2026-08-11T17:15:50+08:00" level=info msg="[UE] Initiating Configuration Update Complete"
time="2026-08-11T17:15:50+08:00" level=info msg="[GNB][NGAP] Receive Downlink NAS Transport"
time="2026-08-11T17:15:50+08:00" level=info msg="[UE][NAS] Message with security header"
time="2026-08-11T17:15:50+08:00" level=info msg="[UE][NAS] Message with integrity and ciphered"
time="2026-08-11T17:15:50+08:00" level=info msg="[UE][NAS] successful NAS CIPHERING"
time="2026-08-11T17:15:50+08:00" level=info msg="[UE][NAS] successful NAS MAC verification"
time="2026-08-11T17:15:50+08:00" level=info msg="[UE][NAS] Receive Configuration Update Command"
time="2026-08-11T17:15:50+08:00" level=info msg="[UE] Initiating Configuration Update Complete"
time="2026-08-11T17:15:50+08:00" level=info msg="[GNB][SCTP] Receive message in 0 stream\n"
time="2026-08-11T17:15:50+08:00" level=info msg="[GNB][NGAP] Receive Initial Context Setup Request"
time="2026-08-11T17:15:50+08:00" level=info msg="[GNB][UE] UE Context was created with successful"
time="2026-08-11T17:15:50+08:00" level=info msg="[GNB][UE] UE RAN ID 73"
time="2026-08-11T17:15:50+08:00" level=info msg="[GNB][UE] UE AMF ID 89"
time="2026-08-11T17:15:50+08:00" level=info msg="[GNB][UE] UE Mobility Restrict --Plmn-- Mcc: 208 Mnc: 93"
time="2026-08-11T17:15:50+08:00" level=info msg="[GNB][UE] UE Masked Imeisv: 1110000000ffff00"
time="2026-08-11T17:15:50+08:00" level=info msg="[GNB][UE] Allowed Nssai-- Sst: [01 01] Sd: [010203 112233]"
time="2026-08-11T17:15:50+08:00" level=info msg="[GNB][NGAP][AMF] Send Initial Context Setup Response."
time="2026-08-11T17:15:50+08:00" level=info msg="[GNB] Initiating Initial Context Setup Response"
time="2026-08-11T17:15:50+08:00" level=info msg="[GNB][NGAP] No PDU Session to set up in InitialContextSetupResponse."
time="2026-08-11T17:15:50+08:00" level=info msg="[UE][NAS] Message with security header"
time="2026-08-11T17:15:50+08:00" level=info msg="[UE][NAS] Message with integrity and ciphered"
time="2026-08-11T17:15:50+08:00" level=info msg="[UE][NAS] successful NAS CIPHERING"
time="2026-08-11T17:15:50+08:00" level=info msg="[UE][NAS] successful NAS MAC verification"
time="2026-08-11T17:15:50+08:00" level=info msg="[UE][NAS] Receive Registration Accept"
time="2026-08-11T17:15:50+08:00" level=info msg="[UE][NAS] UE 5G GUTI: &{119 11 [242 2 248 57 202 254 0 0 0 0 89]}"
time="2026-08-11T17:15:50+08:00" level=info msg="[GNB][SCTP] Receive message in 0 stream\n"
time="2026-08-11T17:15:50+08:00" level=info msg="[UE] Switched from state 2 to state 3"
time="2026-08-11T17:15:50+08:00" level=info msg="[GNB][NGAP] Receive Downlink NAS Transport"
time="2026-08-11T17:15:50+08:00" level=info msg="[UE][NAS] Message with security header"
time="2026-08-11T17:15:50+08:00" level=info msg="[UE][NAS] Message with integrity and ciphered"
time="2026-08-11T17:15:50+08:00" level=info msg="[UE][NAS] successful NAS CIPHERING"
time="2026-08-11T17:15:50+08:00" level=info msg="[UE][NAS] successful NAS MAC verification"
time="2026-08-11T17:15:50+08:00" level=info msg="[UE][NAS] Receive Configuration Update Command"
time="2026-08-11T17:15:50+08:00" level=info msg="[UE] Initiating Configuration Update Complete"
time="2026-08-11T17:15:50+08:00" level=info msg="[GNB][SCTP] Receive message in 0 stream\n"
time="2026-08-11T17:15:50+08:00" level=info msg="[GNB][SCTP] Receive message in 0 stream\n"
time="2026-08-11T17:15:50+08:00" level=info msg="[GNB][NGAP] Receive Downlink NAS Transport"
time="2026-08-11T17:15:50+08:00" level=info msg="[UE][NAS] Message with security header"
time="2026-08-11T17:15:50+08:00" level=info msg="[UE][NAS] Message with integrity and ciphered"
time="2026-08-11T17:15:50+08:00" level=info msg="[UE][NAS] successful NAS CIPHERING"
time="2026-08-11T17:15:50+08:00" level=info msg="[UE][NAS] successful NAS MAC verification"
time="2026-08-11T17:15:50+08:00" level=info msg="[UE][NAS] Receive Configuration Update Command"
time="2026-08-11T17:15:50+08:00" level=info msg="[UE] Initiating Configuration Update Complete"
time="2026-08-11T17:15:50+08:00" level=info msg="[GNB][NGAP] Receive Downlink NAS Transport"
time="2026-08-11T17:15:50+08:00" level=info msg="[UE][NAS] Message with security header"
time="2026-08-11T17:15:50+08:00" level=info msg="[UE][NAS] Message with integrity and ciphered"
time="2026-08-11T17:15:50+08:00" level=info msg="[UE][NAS] successful NAS CIPHERING"
time="2026-08-11T17:15:50+08:00" level=info msg="[UE][NAS] successful NAS MAC verification"
time="2026-08-11T17:15:50+08:00" level=info msg="[UE][NAS] Receive Configuration Update Command"
time="2026-08-11T17:15:50+08:00" level=info msg="[UE] Initiating Configuration Update Complete"
time="2026-08-11T17:15:50+08:00" level=info msg="[GNB][SCTP] Receive message in 0 stream\n"
time="2026-08-11T17:15:50+08:00" level=info msg="[GNB][SCTP] Receive message in 0 stream\n"
time="2026-08-11T17:15:50+08:00" level=info msg="[GNB][NGAP] Receive Initial Context Setup Request"
time="2026-08-11T17:15:50+08:00" level=info msg="[GNB][UE] UE Context was created with successful"
time="2026-08-11T17:15:50+08:00" level=info msg="[GNB][UE] UE RAN ID 42"
time="2026-08-11T17:15:50+08:00" level=info msg="[GNB][UE] UE AMF ID 38"
time="2026-08-11T17:15:50+08:00" level=info msg="[GNB][UE] UE Mobility Restrict --Plmn-- Mcc: 208 Mnc: 93"
time="2026-08-11T17:15:50+08:00" level=info msg="[GNB][UE] UE Masked Imeisv: 1110000000ffff00"
time="2026-08-11T17:15:50+08:00" level=info msg="[GNB][UE] Allowed Nssai-- Sst: [01 01] Sd: [010203 112233]"
time="2026-08-11T17:15:50+08:00" level=info msg="[GNB][NGAP][AMF] Send Initial Context Setup Response."
time="2026-08-11T17:15:50+08:00" level=info msg="[GNB] Initiating Initial Context Setup Response"
time="2026-08-11T17:15:50+08:00" level=info msg="[GNB][NGAP] No PDU Session to set up in InitialContextSetupResponse."
time="2026-08-11T17:15:50+08:00" level=info msg="[UE][NAS] Message with security header"
time="2026-08-11T17:15:50+08:00" level=info msg="[UE][NAS] Message with integrity and ciphered"
time="2026-08-11T17:15:50+08:00" level=info msg="[UE][NAS] successful NAS CIPHERING"
time="2026-08-11T17:15:50+08:00" level=info msg="[UE][NAS] successful NAS MAC verification"
time="2026-08-11T17:15:50+08:00" level=info msg="[UE][NAS] Receive Registration Accept"
time="2026-08-11T17:15:50+08:00" level=info msg="[UE][NAS] UE 5G GUTI: &{119 11 [242 2 248 57 202 254 0 0 0 0 38]}"
time="2026-08-11T17:15:50+08:00" level=info msg="[GNB][NGAP] Receive Initial Context Setup Request"
time="2026-08-11T17:15:50+08:00" level=info msg="[GNB][UE] UE Context was created with successful"
time="2026-08-11T17:15:50+08:00" level=info msg="[GNB][UE] UE RAN ID 43"
time="2026-08-11T17:15:50+08:00" level=info msg="[GNB][UE] UE AMF ID 49"
time="2026-08-11T17:15:50+08:00" level=info msg="[GNB][UE] UE Mobility Restrict --Plmn-- Mcc: 208 Mnc: 93"
time="2026-08-11T17:15:50+08:00" level=info msg="[GNB][UE] UE Masked Imeisv: 1110000000ffff00"
time="2026-08-11T17:15:50+08:00" level=info msg="[GNB][UE] Allowed Nssai-- Sst: [01 01] Sd: [010203 112233]"
time="2026-08-11T17:15:50+08:00" level=info msg="[GNB][NGAP][AMF] Send Initial Context Setup Response."
time="2026-08-11T17:15:50+08:00" level=info msg="[GNB] Initiating Initial Context Setup Response"
time="2026-08-11T17:15:50+08:00" level=info msg="[GNB][NGAP] No PDU Session to set up in InitialContextSetupResponse."
time="2026-08-11T17:15:50+08:00" level=info msg="[UE] Switched from state 2 to state 3"
time="2026-08-11T17:15:50+08:00" level=info msg="[UE][NAS] Message with security header"
time="2026-08-11T17:15:50+08:00" level=info msg="[UE][NAS] Message with integrity and ciphered"
time="2026-08-11T17:15:50+08:00" level=info msg="[UE][NAS] successful NAS CIPHERING"
time="2026-08-11T17:15:50+08:00" level=info msg="[UE][NAS] successful NAS MAC verification"
time="2026-08-11T17:15:50+08:00" level=info msg="[UE][NAS] Receive Registration Accept"
time="2026-08-11T17:15:50+08:00" level=info msg="[UE][NAS] UE 5G GUTI: &{119 11 [242 2 248 57 202 254 0 0 0 0 49]}"
time="2026-08-11T17:15:50+08:00" level=info msg="[UE] Switched from state 2 to state 3"
time="2026-08-11T17:15:50+08:00" level=info msg="[GNB][SCTP] Receive message in 0 stream\n"
time="2026-08-11T17:15:50+08:00" level=info msg="[GNB][NGAP] Receive Downlink NAS Transport"
time="2026-08-11T17:15:50+08:00" level=info msg="[GNB][SCTP] Receive message in 0 stream\n"
time="2026-08-11T17:15:50+08:00" level=info msg="[UE][NAS] Message with security header"
time="2026-08-11T17:15:50+08:00" level=info msg="[UE][NAS] Message with integrity and with NEW 5G NAS SECURITY CONTEXT"
time="2026-08-11T17:15:50+08:00" level=info msg="[UE][NAS] successful NAS MAC verification"
time="2026-08-11T17:15:50+08:00" level=info msg="[UE][NAS] Receive Security Mode Command"
time="2026-08-11T17:15:50+08:00" level=info msg="[GNB][NGAP] Receive Downlink NAS Transport"
time="2026-08-11T17:15:50+08:00" level=info msg="[UE][NAS] Message with security header"
time="2026-08-11T17:15:50+08:00" level=info msg="[UE][NAS] Message with integrity and ciphered"
time="2026-08-11T17:15:50+08:00" level=info msg="[UE][NAS] successful NAS CIPHERING"
time="2026-08-11T17:15:50+08:00" level=info msg="[UE][NAS] successful NAS MAC verification"
time="2026-08-11T17:15:50+08:00" level=info msg="[UE][NAS] Receive Configuration Update Command"
time="2026-08-11T17:15:50+08:00" level=info msg="[UE] Initiating Configuration Update Complete"
time="2026-08-11T17:15:50+08:00" level=info msg="[UE][NAS] Type of ciphering algorithm is 5G-EA0"
time="2026-08-11T17:15:50+08:00" level=info msg="[UE][NAS] Type of integrity protection algorithm is 128-5G-IA2"
time="2026-08-11T17:15:50+08:00" level=info msg="[GNB][SCTP] Receive message in 0 stream\n"
time="2026-08-11T17:15:50+08:00" level=info msg="[GNB][SCTP] Receive message in 0 stream\n"
time="2026-08-11T17:15:50+08:00" level=info msg="[GNB][NGAP] Receive Downlink NAS Transport"
time="2026-08-11T17:15:50+08:00" level=info msg="[UE][NAS] Message with security header"
time="2026-08-11T17:15:50+08:00" level=info msg="[UE][NAS] Message with integrity and with NEW 5G NAS SECURITY CONTEXT"
time="2026-08-11T17:15:50+08:00" level=info msg="[GNB][NGAP] Receive Downlink NAS Transport"
time="2026-08-11T17:15:50+08:00" level=info msg="[UE][NAS] Message with security header"
time="2026-08-11T17:15:50+08:00" level=info msg="[UE][NAS] Message with integrity and ciphered"
time="2026-08-11T17:15:50+08:00" level=info msg="[UE][NAS] successful NAS CIPHERING"
time="2026-08-11T17:15:50+08:00" level=info msg="[UE][NAS] successful NAS MAC verification"
time="2026-08-11T17:15:50+08:00" level=info msg="[UE][NAS] Receive Configuration Update Command"
time="2026-08-11T17:15:50+08:00" level=info msg="[UE] Initiating Configuration Update Complete"
time="2026-08-11T17:15:50+08:00" level=info msg="[UE][NAS] successful NAS MAC verification"
time="2026-08-11T17:15:50+08:00" level=info msg="[UE][NAS] Receive Security Mode Command"
time="2026-08-11T17:15:50+08:00" level=info msg="[UE][NAS] Type of ciphering algorithm is 5G-EA0"
time="2026-08-11T17:15:50+08:00" level=info msg="[UE][NAS] Type of integrity protection algorithm is 128-5G-IA2"
time="2026-08-11T17:15:50+08:00" level=info msg="[GNB][SCTP] Receive message in 0 stream\n"
time="2026-08-11T17:15:50+08:00" level=info msg="[GNB][NGAP] Receive Downlink NAS Transport"
time="2026-08-11T17:15:50+08:00" level=info msg="[UE][NAS] Message with security header"
time="2026-08-11T17:15:50+08:00" level=info msg="[UE][NAS] Message with integrity and with NEW 5G NAS SECURITY CONTEXT"
time="2026-08-11T17:15:50+08:00" level=info msg="[UE][NAS] successful NAS MAC verification"
time="2026-08-11T17:15:50+08:00" level=info msg="[UE][NAS] Receive Security Mode Command"
time="2026-08-11T17:15:50+08:00" level=info msg="[UE][NAS] Type of ciphering algorithm is 5G-EA0"
time="2026-08-11T17:15:50+08:00" level=info msg="[UE][NAS] Type of integrity protection algorithm is 128-5G-IA2"
time="2026-08-11T17:15:50+08:00" level=info msg="[GNB][SCTP] Receive message in 0 stream\n"
time="2026-08-11T17:15:50+08:00" level=info msg="[GNB][NGAP] Receive Downlink NAS Transport"
time="2026-08-11T17:15:50+08:00" level=info msg="[UE][NAS] Message without security header"
time="2026-08-11T17:15:50+08:00" level=info msg="[UE][NAS] Receive Authentication Request"
time="2026-08-11T17:15:50+08:00" level=info msg="[UE][NAS][MAC] Authenticity of the authentication request message: OK"
time="2026-08-11T17:15:50+08:00" level=info msg="[UE][NAS][SQN] SQN of the authentication request message: VALID"
time="2026-08-11T17:15:50+08:00" level=info msg="[UE][NAS] Send authentication response"
time="2026-08-11T17:15:50+08:00" level=info msg="[UE] Switched from state 2 to state 2"
time="2026-08-11T17:15:50+08:00" level=info msg="[GNB][SCTP] Receive message in 0 stream\n"
time="2026-08-11T17:15:50+08:00" level=info msg="[GNB][NGAP] Receive Downlink NAS Transport"
time="2026-08-11T17:15:50+08:00" level=info msg="[UE][NAS] Message without security header"
time="2026-08-11T17:15:50+08:00" level=info msg="[UE][NAS] Receive Authentication Request"
time="2026-08-11T17:15:50+08:00" level=info msg="[UE][NAS][MAC] Authenticity of the authentication request message: OK"
time="2026-08-11T17:15:50+08:00" level=info msg="[UE][NAS][SQN] SQN of the authentication request message: VALID"
time="2026-08-11T17:15:50+08:00" level=info msg="[UE][NAS] Send authentication response"
time="2026-08-11T17:15:50+08:00" level=info msg="[UE] Switched from state 2 to state 2"
time="2026-08-11T17:15:50+08:00" level=info msg="[GNB][SCTP] Receive message in 0 stream\n"
time="2026-08-11T17:15:50+08:00" level=info msg="[GNB][NGAP] Receive Initial Context Setup Request"
time="2026-08-11T17:15:50+08:00" level=info msg="[GNB][UE] UE Context was created with successful"
time="2026-08-11T17:15:50+08:00" level=info msg="[GNB][UE] UE RAN ID 58"
time="2026-08-11T17:15:50+08:00" level=info msg="[GNB][UE] UE AMF ID 55"
time="2026-08-11T17:15:50+08:00" level=info msg="[GNB][UE] UE Mobility Restrict --Plmn-- Mcc: 208 Mnc: 93"
time="2026-08-11T17:15:50+08:00" level=info msg="[GNB][UE] UE Masked Imeisv: 1110000000ffff00"
time="2026-08-11T17:15:50+08:00" level=info msg="[GNB][UE] Allowed Nssai-- Sst: [01 01] Sd: [010203 112233]"
time="2026-08-11T17:15:50+08:00" level=info msg="[GNB][NGAP][AMF] Send Initial Context Setup Response."
time="2026-08-11T17:15:50+08:00" level=info msg="[GNB] Initiating Initial Context Setup Response"
time="2026-08-11T17:15:50+08:00" level=info msg="[GNB][NGAP] No PDU Session to set up in InitialContextSetupResponse."
time="2026-08-11T17:15:50+08:00" level=info msg="[UE][NAS] Message with security header"
time="2026-08-11T17:15:50+08:00" level=info msg="[UE][NAS] Message with integrity and ciphered"
time="2026-08-11T17:15:50+08:00" level=info msg="[UE][NAS] successful NAS CIPHERING"
time="2026-08-11T17:15:50+08:00" level=info msg="[UE][NAS] successful NAS MAC verification"
time="2026-08-11T17:15:50+08:00" level=info msg="[UE][NAS] Receive Registration Accept"
time="2026-08-11T17:15:50+08:00" level=info msg="[UE][NAS] UE 5G GUTI: &{119 11 [242 2 248 57 202 254 0 0 0 0 55]}"
time="2026-08-11T17:15:50+08:00" level=info msg="[UE] Switched from state 2 to state 3"
time="2026-08-11T17:15:50+08:00" level=info msg="[GNB][SCTP] Receive message in 0 stream\n"
time="2026-08-11T17:15:50+08:00" level=info msg="[GNB][SCTP] Receive message in 0 stream\n"
time="2026-08-11T17:15:50+08:00" level=info msg="[GNB][NGAP] Receive Downlink NAS Transport"
time="2026-08-11T17:15:50+08:00" level=info msg="[UE][NAS] Message with security header"
time="2026-08-11T17:15:50+08:00" level=info msg="[UE][NAS] Message with integrity and with NEW 5G NAS SECURITY CONTEXT"
time="2026-08-11T17:15:50+08:00" level=info msg="[UE][NAS] successful NAS MAC verification"
time="2026-08-11T17:15:50+08:00" level=info msg="[UE][NAS] Receive Security Mode Command"
time="2026-08-11T17:15:50+08:00" level=info msg="[UE][NAS] Type of ciphering algorithm is 5G-EA0"
time="2026-08-11T17:15:50+08:00" level=info msg="[UE][NAS] Type of integrity protection algorithm is 128-5G-IA2"
time="2026-08-11T17:15:50+08:00" level=info msg="[GNB][NGAP] Receive Initial Context Setup Request"
time="2026-08-11T17:15:50+08:00" level=info msg="[GNB][UE] UE Context was created with successful"
time="2026-08-11T17:15:50+08:00" level=info msg="[GNB][UE] UE RAN ID 48"
time="2026-08-11T17:15:50+08:00" level=info msg="[GNB][UE] UE AMF ID 44"
time="2026-08-11T17:15:50+08:00" level=info msg="[GNB][UE] UE Mobility Restrict --Plmn-- Mcc: 208 Mnc: 93"
time="2026-08-11T17:15:50+08:00" level=info msg="[GNB][UE] UE Masked Imeisv: 1110000000ffff00"
time="2026-08-11T17:15:50+08:00" level=info msg="[GNB][UE] Allowed Nssai-- Sst: [01 01] Sd: [010203 112233]"
time="2026-08-11T17:15:50+08:00" level=info msg="[GNB][NGAP][AMF] Send Initial Context Setup Response."
time="2026-08-11T17:15:50+08:00" level=info msg="[GNB] Initiating Initial Context Setup Response"
time="2026-08-11T17:15:50+08:00" level=info msg="[GNB][NGAP] No PDU Session to set up in InitialContextSetupResponse."
time="2026-08-11T17:15:50+08:00" level=info msg="[UE][NAS] Message with security header"
time="2026-08-11T17:15:50+08:00" level=info msg="[UE][NAS] Message with integrity and ciphered"
time="2026-08-11T17:15:50+08:00" level=info msg="[UE][NAS] successful NAS CIPHERING"
time="2026-08-11T17:15:50+08:00" level=info msg="[UE][NAS] successful NAS MAC verification"
time="2026-08-11T17:15:50+08:00" level=info msg="[UE][NAS] Receive Registration Accept"
time="2026-08-11T17:15:50+08:00" level=info msg="[UE][NAS] UE 5G GUTI: &{119 11 [242 2 248 57 202 254 0 0 0 0 44]}"
time="2026-08-11T17:15:50+08:00" level=info msg="[UE] Switched from state 2 to state 3"
time="2026-08-11T17:15:51+08:00" level=info msg="[GNB][SCTP] Receive message in 0 stream\n"
time="2026-08-11T17:15:51+08:00" level=info msg="[GNB][NGAP] Receive Initial Context Setup Request"
time="2026-08-11T17:15:51+08:00" level=info msg="[GNB][UE] UE Context was created with successful"
time="2026-08-11T17:15:51+08:00" level=info msg="[GNB][UE] UE RAN ID 46"
time="2026-08-11T17:15:51+08:00" level=info msg="[GNB][UE] UE AMF ID 50"
time="2026-08-11T17:15:51+08:00" level=info msg="[GNB][UE] UE Mobility Restrict --Plmn-- Mcc: 208 Mnc: 93"
time="2026-08-11T17:15:51+08:00" level=info msg="[GNB][UE] UE Masked Imeisv: 1110000000ffff00"
time="2026-08-11T17:15:51+08:00" level=info msg="[GNB][UE] Allowed Nssai-- Sst: [01 01] Sd: [010203 112233]"
time="2026-08-11T17:15:51+08:00" level=info msg="[GNB][NGAP][AMF] Send Initial Context Setup Response."
time="2026-08-11T17:15:51+08:00" level=info msg="[GNB] Initiating Initial Context Setup Response"
time="2026-08-11T17:15:51+08:00" level=info msg="[GNB][NGAP] No PDU Session to set up in InitialContextSetupResponse."
time="2026-08-11T17:15:51+08:00" level=info msg="[UE][NAS] Message with security header"
time="2026-08-11T17:15:51+08:00" level=info msg="[UE][NAS] Message with integrity and ciphered"
time="2026-08-11T17:15:51+08:00" level=info msg="[UE][NAS] successful NAS CIPHERING"
time="2026-08-11T17:15:51+08:00" level=info msg="[UE][NAS] successful NAS MAC verification"
time="2026-08-11T17:15:51+08:00" level=info msg="[UE][NAS] Receive Registration Accept"
time="2026-08-11T17:15:51+08:00" level=info msg="[UE][NAS] UE 5G GUTI: &{119 11 [242 2 248 57 202 254 0 0 0 0 50]}"
time="2026-08-11T17:15:51+08:00" level=info msg="[UE] Switched from state 2 to state 3"
time="2026-08-11T17:15:51+08:00" level=info msg="[GNB][SCTP] Receive message in 0 stream\n"
time="2026-08-11T17:15:51+08:00" level=info msg="[GNB][SCTP] Receive message in 0 stream\n"
time="2026-08-11T17:15:51+08:00" level=info msg="[GNB][NGAP] Receive Downlink NAS Transport"
time="2026-08-11T17:15:51+08:00" level=info msg="[UE][NAS] Message with security header"
time="2026-08-11T17:15:51+08:00" level=info msg="[UE][NAS] Message with integrity and with NEW 5G NAS SECURITY CONTEXT"
time="2026-08-11T17:15:51+08:00" level=info msg="[UE][NAS] successful NAS MAC verification"
time="2026-08-11T17:15:51+08:00" level=info msg="[UE][NAS] Receive Security Mode Command"
time="2026-08-11T17:15:51+08:00" level=info msg="[UE][NAS] Type of ciphering algorithm is 5G-EA0"
time="2026-08-11T17:15:51+08:00" level=info msg="[UE][NAS] Type of integrity protection algorithm is 128-5G-IA2"
time="2026-08-11T17:15:51+08:00" level=info msg="[GNB][NGAP] Receive Initial Context Setup Request"
time="2026-08-11T17:15:51+08:00" level=info msg="[GNB][UE] UE Context was created with successful"
time="2026-08-11T17:15:51+08:00" level=info msg="[GNB][UE] UE RAN ID 70"
time="2026-08-11T17:15:51+08:00" level=info msg="[GNB][UE] UE AMF ID 61"
time="2026-08-11T17:15:51+08:00" level=info msg="[GNB][UE] UE Mobility Restrict --Plmn-- Mcc: 208 Mnc: 93"
time="2026-08-11T17:15:51+08:00" level=info msg="[GNB][UE] UE Masked Imeisv: 1110000000ffff00"
time="2026-08-11T17:15:51+08:00" level=info msg="[GNB][UE] Allowed Nssai-- Sst: [01 01] Sd: [010203 112233]"
time="2026-08-11T17:15:51+08:00" level=info msg="[GNB][NGAP][AMF] Send Initial Context Setup Response."
time="2026-08-11T17:15:51+08:00" level=info msg="[GNB] Initiating Initial Context Setup Response"
time="2026-08-11T17:15:51+08:00" level=info msg="[GNB][NGAP] No PDU Session to set up in InitialContextSetupResponse."
time="2026-08-11T17:15:51+08:00" level=info msg="[UE][NAS] Message with security header"
time="2026-08-11T17:15:51+08:00" level=info msg="[UE][NAS] Message with integrity and ciphered"
time="2026-08-11T17:15:51+08:00" level=info msg="[UE][NAS] successful NAS CIPHERING"
time="2026-08-11T17:15:51+08:00" level=info msg="[UE][NAS] successful NAS MAC verification"
time="2026-08-11T17:15:51+08:00" level=info msg="[UE][NAS] Receive Registration Accept"
time="2026-08-11T17:15:51+08:00" level=info msg="[UE][NAS] UE 5G GUTI: &{119 11 [242 2 248 57 202 254 0 0 0 0 61]}"
time="2026-08-11T17:15:51+08:00" level=info msg="[UE] Switched from state 2 to state 3"
time="2026-08-11T17:15:51+08:00" level=info msg="[GNB][SCTP] Receive message in 0 stream\n"
time="2026-08-11T17:15:51+08:00" level=info msg="[GNB][NGAP] Receive Initial Context Setup Request"
time="2026-08-11T17:15:51+08:00" level=info msg="[GNB][UE] UE Context was created with successful"
time="2026-08-11T17:15:51+08:00" level=info msg="[GNB][UE] UE RAN ID 65"
time="2026-08-11T17:15:51+08:00" level=info msg="[GNB][UE] UE AMF ID 67"
time="2026-08-11T17:15:51+08:00" level=info msg="[GNB][UE] UE Mobility Restrict --Plmn-- Mcc: 208 Mnc: 93"
time="2026-08-11T17:15:51+08:00" level=info msg="[GNB][UE] UE Masked Imeisv: 1110000000ffff00"
time="2026-08-11T17:15:51+08:00" level=info msg="[GNB][UE] Allowed Nssai-- Sst: [01 01] Sd: [010203 112233]"
time="2026-08-11T17:15:51+08:00" level=info msg="[GNB][NGAP][AMF] Send Initial Context Setup Response."
time="2026-08-11T17:15:51+08:00" level=info msg="[GNB] Initiating Initial Context Setup Response"
time="2026-08-11T17:15:51+08:00" level=info msg="[GNB][NGAP] No PDU Session to set up in InitialContextSetupResponse."
time="2026-08-11T17:15:51+08:00" level=info msg="[UE][NAS] Message with security header"
time="2026-08-11T17:15:51+08:00" level=info msg="[UE][NAS] Message with integrity and ciphered"
time="2026-08-11T17:15:51+08:00" level=info msg="[UE][NAS] successful NAS CIPHERING"
time="2026-08-11T17:15:51+08:00" level=info msg="[UE][NAS] successful NAS MAC verification"
time="2026-08-11T17:15:51+08:00" level=info msg="[UE][NAS] Receive Registration Accept"
time="2026-08-11T17:15:51+08:00" level=info msg="[GNB][SCTP] Receive message in 0 stream\n"
time="2026-08-11T17:15:51+08:00" level=info msg="[UE][NAS] UE 5G GUTI: &{119 11 [242 2 248 57 202 254 0 0 0 0 67]}"
time="2026-08-11T17:15:51+08:00" level=info msg="[UE] Switched from state 2 to state 3"
time="2026-08-11T17:15:51+08:00" level=info msg="[GNB][NGAP] Receive Downlink NAS Transport"
time="2026-08-11T17:15:51+08:00" level=info msg="[UE][NAS] Message with security header"
time="2026-08-11T17:15:51+08:00" level=info msg="[UE][NAS] Message with integrity and ciphered"
time="2026-08-11T17:15:51+08:00" level=info msg="[UE][NAS] successful NAS CIPHERING"
time="2026-08-11T17:15:51+08:00" level=info msg="[UE][NAS] successful NAS MAC verification"
time="2026-08-11T17:15:51+08:00" level=info msg="[UE][NAS] Receive Configuration Update Command"
time="2026-08-11T17:15:51+08:00" level=info msg="[UE] Initiating Configuration Update Complete"
time="2026-08-11T17:15:51+08:00" level=info msg="[GNB][SCTP] Receive message in 0 stream\n"
time="2026-08-11T17:15:51+08:00" level=info msg="[GNB][NGAP] Receive Initial Context Setup Request"
time="2026-08-11T17:15:51+08:00" level=info msg="[GNB][UE] UE Context was created with successful"
time="2026-08-11T17:15:51+08:00" level=info msg="[GNB][UE] UE RAN ID 60"
time="2026-08-11T17:15:51+08:00" level=info msg="[GNB][UE] UE AMF ID 56"
time="2026-08-11T17:15:51+08:00" level=info msg="[GNB][UE] UE Mobility Restrict --Plmn-- Mcc: 208 Mnc: 93"
time="2026-08-11T17:15:51+08:00" level=info msg="[GNB][UE] UE Masked Imeisv: 1110000000ffff00"
time="2026-08-11T17:15:51+08:00" level=info msg="[GNB][UE] Allowed Nssai-- Sst: [01 01] Sd: [010203 112233]"
time="2026-08-11T17:15:51+08:00" level=info msg="[GNB][NGAP][AMF] Send Initial Context Setup Response."
time="2026-08-11T17:15:51+08:00" level=info msg="[GNB] Initiating Initial Context Setup Response"
time="2026-08-11T17:15:51+08:00" level=info msg="[GNB][NGAP] No PDU Session to set up in InitialContextSetupResponse."
time="2026-08-11T17:15:51+08:00" level=info msg="[UE][NAS] Message with security header"
time="2026-08-11T17:15:51+08:00" level=info msg="[UE][NAS] Message with integrity and ciphered"
time="2026-08-11T17:15:51+08:00" level=info msg="[UE][NAS] successful NAS CIPHERING"
time="2026-08-11T17:15:51+08:00" level=info msg="[UE][NAS] successful NAS MAC verification"
time="2026-08-11T17:15:51+08:00" level=info msg="[UE][NAS] Receive Registration Accept"
time="2026-08-11T17:15:51+08:00" level=info msg="[UE][NAS] UE 5G GUTI: &{119 11 [242 2 248 57 202 254 0 0 0 0 56]}"
time="2026-08-11T17:15:51+08:00" level=info msg="[UE] Switched from state 2 to state 3"
time="2026-08-11T17:15:51+08:00" level=info msg="[GNB][SCTP] Receive message in 0 stream\n"
time="2026-08-11T17:15:51+08:00" level=info msg="[GNB][NGAP] Receive Downlink NAS Transport"
time="2026-08-11T17:15:51+08:00" level=info msg="[UE][NAS] Message with security header"
time="2026-08-11T17:15:51+08:00" level=info msg="[UE][NAS] Message with integrity and with NEW 5G NAS SECURITY CONTEXT"
time="2026-08-11T17:15:51+08:00" level=info msg="[UE][NAS] successful NAS MAC verification"
time="2026-08-11T17:15:51+08:00" level=info msg="[UE][NAS] Receive Security Mode Command"
time="2026-08-11T17:15:51+08:00" level=info msg="[UE][NAS] Type of ciphering algorithm is 5G-EA0"
time="2026-08-11T17:15:51+08:00" level=info msg="[UE][NAS] Type of integrity protection algorithm is 128-5G-IA2"
time="2026-08-11T17:15:51+08:00" level=info msg="[GNB][SCTP] Receive message in 0 stream\n"
time="2026-08-11T17:15:51+08:00" level=info msg="[GNB][SCTP] Receive message in 0 stream\n"
time="2026-08-11T17:15:51+08:00" level=info msg="[GNB][NGAP] Receive Initial Context Setup Request"
time="2026-08-11T17:15:51+08:00" level=info msg="[GNB][UE] UE Context was created with successful"
time="2026-08-11T17:15:51+08:00" level=info msg="[GNB][UE] UE RAN ID 61"
time="2026-08-11T17:15:51+08:00" level=info msg="[GNB][UE] UE AMF ID 73"
time="2026-08-11T17:15:51+08:00" level=info msg="[GNB][UE] UE Mobility Restrict --Plmn-- Mcc: 208 Mnc: 93"
time="2026-08-11T17:15:51+08:00" level=info msg="[GNB][UE] UE Masked Imeisv: 1110000000ffff00"
time="2026-08-11T17:15:51+08:00" level=info msg="[GNB][UE] Allowed Nssai-- Sst: [01 01] Sd: [010203 112233]"
time="2026-08-11T17:15:51+08:00" level=info msg="[GNB][NGAP][AMF] Send Initial Context Setup Response."
time="2026-08-11T17:15:51+08:00" level=info msg="[GNB] Initiating Initial Context Setup Response"
time="2026-08-11T17:15:51+08:00" level=info msg="[GNB][NGAP] No PDU Session to set up in InitialContextSetupResponse."
time="2026-08-11T17:15:51+08:00" level=info msg="[GNB][NGAP] Receive Downlink NAS Transport"
time="2026-08-11T17:15:51+08:00" level=info msg="[UE][NAS] Message with security header"
time="2026-08-11T17:15:51+08:00" level=info msg="[UE][NAS] Message with integrity and ciphered"
time="2026-08-11T17:15:51+08:00" level=info msg="[UE][NAS] successful NAS CIPHERING"
time="2026-08-11T17:15:51+08:00" level=info msg="[UE][NAS] successful NAS MAC verification"
time="2026-08-11T17:15:51+08:00" level=info msg="[UE][NAS] Receive Configuration Update Command"
time="2026-08-11T17:15:51+08:00" level=info msg="[UE] Initiating Configuration Update Complete"
time="2026-08-11T17:15:51+08:00" level=info msg="[UE][NAS] Message with security header"
time="2026-08-11T17:15:51+08:00" level=info msg="[UE][NAS] Message with integrity and ciphered"
time="2026-08-11T17:15:51+08:00" level=info msg="[UE][NAS] successful NAS CIPHERING"
time="2026-08-11T17:15:51+08:00" level=info msg="[UE][NAS] successful NAS MAC verification"
time="2026-08-11T17:15:51+08:00" level=info msg="[UE][NAS] Receive Registration Accept"
time="2026-08-11T17:15:51+08:00" level=info msg="[UE][NAS] UE 5G GUTI: &{119 11 [242 2 248 57 202 254 0 0 0 0 73]}"
time="2026-08-11T17:15:51+08:00" level=info msg="[UE] Switched from state 2 to state 3"
time="2026-08-11T17:15:51+08:00" level=info msg="[GNB][SCTP] Receive message in 0 stream\n"
time="2026-08-11T17:15:51+08:00" level=info msg="[GNB][SCTP] Receive message in 0 stream\n"
time="2026-08-11T17:15:51+08:00" level=info msg="[GNB][NGAP] Receive Initial Context Setup Request"
time="2026-08-11T17:15:51+08:00" level=info msg="[GNB][UE] UE Context was created with successful"
time="2026-08-11T17:15:51+08:00" level=info msg="[GNB][UE] UE RAN ID 72"
time="2026-08-11T17:15:51+08:00" level=info msg="[GNB][UE] UE AMF ID 62"
time="2026-08-11T17:15:51+08:00" level=info msg="[GNB][UE] UE Mobility Restrict --Plmn-- Mcc: 208 Mnc: 93"
time="2026-08-11T17:15:51+08:00" level=info msg="[GNB][UE] UE Masked Imeisv: 1110000000ffff00"
time="2026-08-11T17:15:51+08:00" level=info msg="[GNB][UE] Allowed Nssai-- Sst: [01 01] Sd: [010203 112233]"
time="2026-08-11T17:15:51+08:00" level=info msg="[GNB][NGAP][AMF] Send Initial Context Setup Response."
time="2026-08-11T17:15:51+08:00" level=info msg="[GNB] Initiating Initial Context Setup Response"
time="2026-08-11T17:15:51+08:00" level=info msg="[GNB][NGAP] No PDU Session to set up in InitialContextSetupResponse."
time="2026-08-11T17:15:51+08:00" level=info msg="[GNB][NGAP] Receive Downlink NAS Transport"
time="2026-08-11T17:15:51+08:00" level=info msg="[UE][NAS] Message with security header"
time="2026-08-11T17:15:51+08:00" level=info msg="[UE][NAS] Message with integrity and ciphered"
time="2026-08-11T17:15:51+08:00" level=info msg="[UE][NAS] successful NAS CIPHERING"
time="2026-08-11T17:15:51+08:00" level=info msg="[UE][NAS] successful NAS MAC verification"
time="2026-08-11T17:15:51+08:00" level=info msg="[UE][NAS] Receive Configuration Update Command"
time="2026-08-11T17:15:51+08:00" level=info msg="[UE] Initiating Configuration Update Complete"
time="2026-08-11T17:15:51+08:00" level=info msg="[UE][NAS] Message with security header"
time="2026-08-11T17:15:51+08:00" level=info msg="[UE][NAS] Message with integrity and ciphered"
time="2026-08-11T17:15:51+08:00" level=info msg="[UE][NAS] successful NAS CIPHERING"
time="2026-08-11T17:15:51+08:00" level=info msg="[UE][NAS] successful NAS MAC verification"
time="2026-08-11T17:15:51+08:00" level=info msg="[UE][NAS] Receive Registration Accept"
time="2026-08-11T17:15:51+08:00" level=info msg="[UE][NAS] UE 5G GUTI: &{119 11 [242 2 248 57 202 254 0 0 0 0 62]}"
time="2026-08-11T17:15:51+08:00" level=info msg="[UE] Switched from state 2 to state 3"
time="2026-08-11T17:15:51+08:00" level=info msg="[GNB][SCTP] Receive message in 0 stream\n"
time="2026-08-11T17:15:51+08:00" level=info msg="[GNB][NGAP] Receive Initial Context Setup Request"
time="2026-08-11T17:15:51+08:00" level=info msg="[GNB][UE] UE Context was created with successful"
time="2026-08-11T17:15:51+08:00" level=info msg="[GNB][UE] UE RAN ID 83"
time="2026-08-11T17:15:51+08:00" level=info msg="[GNB][UE] UE AMF ID 79"
time="2026-08-11T17:15:51+08:00" level=info msg="[GNB][UE] UE Mobility Restrict --Plmn-- Mcc: 208 Mnc: 93"
time="2026-08-11T17:15:51+08:00" level=info msg="[GNB][UE] UE Masked Imeisv: 1110000000ffff00"
time="2026-08-11T17:15:51+08:00" level=info msg="[GNB][UE] Allowed Nssai-- Sst: [01 01] Sd: [010203 112233]"
time="2026-08-11T17:15:51+08:00" level=info msg="[GNB][NGAP][AMF] Send Initial Context Setup Response."
time="2026-08-11T17:15:51+08:00" level=info msg="[GNB] Initiating Initial Context Setup Response"
time="2026-08-11T17:15:51+08:00" level=info msg="[GNB][NGAP] No PDU Session to set up in InitialContextSetupResponse."
time="2026-08-11T17:15:51+08:00" level=info msg="[UE][NAS] Message with security header"
time="2026-08-11T17:15:51+08:00" level=info msg="[UE][NAS] Message with integrity and ciphered"
time="2026-08-11T17:15:51+08:00" level=info msg="[UE][NAS] successful NAS CIPHERING"
time="2026-08-11T17:15:51+08:00" level=info msg="[UE][NAS] successful NAS MAC verification"
time="2026-08-11T17:15:51+08:00" level=info msg="[UE][NAS] Receive Registration Accept"
time="2026-08-11T17:15:51+08:00" level=info msg="[UE][NAS] UE 5G GUTI: &{119 11 [242 2 248 57 202 254 0 0 0 0 79]}"
time="2026-08-11T17:15:51+08:00" level=info msg="[UE] Switched from state 2 to state 3"
time="2026-08-11T17:15:51+08:00" level=info msg="[GNB][SCTP] Receive message in 0 stream\n"
time="2026-08-11T17:15:51+08:00" level=info msg="[GNB][SCTP] Receive message in 0 stream\n"
time="2026-08-11T17:15:51+08:00" level=info msg="[GNB][NGAP] Receive Downlink NAS Transport"
time="2026-08-11T17:15:51+08:00" level=info msg="[UE][NAS] Message with security header"
time="2026-08-11T17:15:51+08:00" level=info msg="[UE][NAS] Message with integrity and ciphered"
time="2026-08-11T17:15:51+08:00" level=info msg="[UE][NAS] successful NAS CIPHERING"
time="2026-08-11T17:15:51+08:00" level=info msg="[UE][NAS] successful NAS MAC verification"
time="2026-08-11T17:15:51+08:00" level=info msg="[UE][NAS] Receive Configuration Update Command"
time="2026-08-11T17:15:51+08:00" level=info msg="[UE] Initiating Configuration Update Complete"
time="2026-08-11T17:15:51+08:00" level=info msg="[GNB][NGAP] Receive Initial Context Setup Request"
time="2026-08-11T17:15:51+08:00" level=info msg="[GNB][UE] UE Context was created with successful"
time="2026-08-11T17:15:51+08:00" level=info msg="[GNB][UE] UE RAN ID 78"
time="2026-08-11T17:15:51+08:00" level=info msg="[GNB][UE] UE AMF ID 68"
time="2026-08-11T17:15:51+08:00" level=info msg="[GNB][UE] UE Mobility Restrict --Plmn-- Mcc: 208 Mnc: 93"
time="2026-08-11T17:15:51+08:00" level=info msg="[GNB][UE] UE Masked Imeisv: 1110000000ffff00"
time="2026-08-11T17:15:51+08:00" level=info msg="[GNB][UE] Allowed Nssai-- Sst: [01 01] Sd: [010203 112233]"
time="2026-08-11T17:15:51+08:00" level=info msg="[GNB][NGAP][AMF] Send Initial Context Setup Response."
time="2026-08-11T17:15:51+08:00" level=info msg="[GNB] Initiating Initial Context Setup Response"
time="2026-08-11T17:15:51+08:00" level=info msg="[GNB][NGAP] No PDU Session to set up in InitialContextSetupResponse."
time="2026-08-11T17:15:51+08:00" level=info msg="[UE][NAS] Message with security header"
time="2026-08-11T17:15:51+08:00" level=info msg="[UE][NAS] Message with integrity and ciphered"
time="2026-08-11T17:15:51+08:00" level=info msg="[UE][NAS] successful NAS CIPHERING"
time="2026-08-11T17:15:51+08:00" level=info msg="[UE][NAS] successful NAS MAC verification"
time="2026-08-11T17:15:51+08:00" level=info msg="[UE][NAS] Receive Registration Accept"
time="2026-08-11T17:15:51+08:00" level=info msg="[UE][NAS] UE 5G GUTI: &{119 11 [242 2 248 57 202 254 0 0 0 0 68]}"
time="2026-08-11T17:15:51+08:00" level=info msg="[UE] Switched from state 2 to state 3"
time="2026-08-11T17:15:52+08:00" level=info msg="[GNB][SCTP] Receive message in 0 stream\n"
time="2026-08-11T17:15:52+08:00" level=info msg="[GNB][SCTP] Receive message in 0 stream\n"
time="2026-08-11T17:15:52+08:00" level=info msg="[GNB][NGAP] Receive Downlink NAS Transport"
time="2026-08-11T17:15:52+08:00" level=info msg="[UE][NAS] Message with security header"
time="2026-08-11T17:15:52+08:00" level=info msg="[UE][NAS] Message with integrity and ciphered"
time="2026-08-11T17:15:52+08:00" level=info msg="[UE][NAS] successful NAS CIPHERING"
time="2026-08-11T17:15:52+08:00" level=info msg="[UE][NAS] successful NAS MAC verification"
time="2026-08-11T17:15:52+08:00" level=info msg="[UE][NAS] Receive Configuration Update Command"
time="2026-08-11T17:15:52+08:00" level=info msg="[UE] Initiating Configuration Update Complete"
time="2026-08-11T17:15:52+08:00" level=info msg="[GNB][NGAP] Receive Initial Context Setup Request"
time="2026-08-11T17:15:52+08:00" level=info msg="[GNB][UE] UE Context was created with successful"
time="2026-08-11T17:15:52+08:00" level=info msg="[GNB][UE] UE RAN ID 86"
time="2026-08-11T17:15:52+08:00" level=info msg="[GNB][UE] UE AMF ID 85"
time="2026-08-11T17:15:52+08:00" level=info msg="[GNB][UE] UE Mobility Restrict --Plmn-- Mcc: 208 Mnc: 93"
time="2026-08-11T17:15:52+08:00" level=info msg="[GNB][UE] UE Masked Imeisv: 1110000000ffff00"
time="2026-08-11T17:15:52+08:00" level=info msg="[GNB][UE] Allowed Nssai-- Sst: [01 01] Sd: [010203 112233]"
time="2026-08-11T17:15:52+08:00" level=info msg="[GNB][NGAP][AMF] Send Initial Context Setup Response."
time="2026-08-11T17:15:52+08:00" level=info msg="[GNB] Initiating Initial Context Setup Response"
time="2026-08-11T17:15:52+08:00" level=info msg="[GNB][NGAP] No PDU Session to set up in InitialContextSetupResponse."
time="2026-08-11T17:15:52+08:00" level=info msg="[UE][NAS] Message with security header"
time="2026-08-11T17:15:52+08:00" level=info msg="[UE][NAS] Message with integrity and ciphered"
time="2026-08-11T17:15:52+08:00" level=info msg="[UE][NAS] successful NAS CIPHERING"
time="2026-08-11T17:15:52+08:00" level=info msg="[UE][NAS] successful NAS MAC verification"
time="2026-08-11T17:15:52+08:00" level=info msg="[UE][NAS] Receive Registration Accept"
time="2026-08-11T17:15:52+08:00" level=info msg="[UE][NAS] UE 5G GUTI: &{119 11 [242 2 248 57 202 254 0 0 0 0 85]}"
time="2026-08-11T17:15:52+08:00" level=info msg="[GNB][SCTP] Receive message in 0 stream\n"
time="2026-08-11T17:15:52+08:00" level=info msg="[GNB][SCTP] Receive message in 0 stream\n"
time="2026-08-11T17:15:52+08:00" level=info msg="[UE] Switched from state 2 to state 3"
time="2026-08-11T17:15:52+08:00" level=info msg="[GNB][NGAP] Receive Downlink NAS Transport"
time="2026-08-11T17:15:52+08:00" level=info msg="[UE][NAS] Message with security header"
time="2026-08-11T17:15:52+08:00" level=info msg="[UE][NAS] Message with integrity and ciphered"
time="2026-08-11T17:15:52+08:00" level=info msg="[UE][NAS] successful NAS CIPHERING"
time="2026-08-11T17:15:52+08:00" level=info msg="[UE][NAS] successful NAS MAC verification"
time="2026-08-11T17:15:52+08:00" level=info msg="[UE][NAS] Receive Configuration Update Command"
time="2026-08-11T17:15:52+08:00" level=info msg="[UE] Initiating Configuration Update Complete"
time="2026-08-11T17:15:52+08:00" level=info msg="[GNB][NGAP] Receive Downlink NAS Transport"
time="2026-08-11T17:15:52+08:00" level=info msg="[UE][NAS] Message with security header"
time="2026-08-11T17:15:52+08:00" level=info msg="[UE][NAS] Message with integrity and ciphered"
time="2026-08-11T17:15:52+08:00" level=info msg="[UE][NAS] successful NAS CIPHERING"
time="2026-08-11T17:15:52+08:00" level=info msg="[UE][NAS] successful NAS MAC verification"
time="2026-08-11T17:15:52+08:00" level=info msg="[UE][NAS] Receive Configuration Update Command"
time="2026-08-11T17:15:52+08:00" level=info msg="[UE] Initiating Configuration Update Complete"
time="2026-08-11T17:15:52+08:00" level=info msg="[GNB][SCTP] Receive message in 0 stream\n"
time="2026-08-11T17:15:52+08:00" level=info msg="[GNB][NGAP] Receive Downlink NAS Transport"
time="2026-08-11T17:15:52+08:00" level=info msg="[UE][NAS] Message with security header"
time="2026-08-11T17:15:52+08:00" level=info msg="[UE][NAS] Message with integrity and with NEW 5G NAS SECURITY CONTEXT"
time="2026-08-11T17:15:52+08:00" level=info msg="[UE][NAS] successful NAS MAC verification"
time="2026-08-11T17:15:52+08:00" level=info msg="[UE][NAS] Receive Security Mode Command"
time="2026-08-11T17:15:52+08:00" level=info msg="[UE][NAS] Type of ciphering algorithm is 5G-EA0"
time="2026-08-11T17:15:52+08:00" level=info msg="[UE][NAS] Type of integrity protection algorithm is 128-5G-IA2"
time="2026-08-11T17:15:52+08:00" level=info msg="[GNB][SCTP] Receive message in 0 stream\n"
time="2026-08-11T17:15:52+08:00" level=info msg="[GNB][SCTP] Receive message in 0 stream\n"
time="2026-08-11T17:15:52+08:00" level=info msg="[GNB][NGAP] Receive Downlink NAS Transport"
time="2026-08-11T17:15:52+08:00" level=info msg="[UE][NAS] Message with security header"
time="2026-08-11T17:15:52+08:00" level=info msg="[UE][NAS] Message with integrity and ciphered"
time="2026-08-11T17:15:52+08:00" level=info msg="[UE][NAS] successful NAS CIPHERING"
time="2026-08-11T17:15:52+08:00" level=info msg="[UE][NAS] successful NAS MAC verification"
time="2026-08-11T17:15:52+08:00" level=info msg="[UE][NAS] Receive Configuration Update Command"
time="2026-08-11T17:15:52+08:00" level=info msg="[UE] Initiating Configuration Update Complete"
time="2026-08-11T17:15:52+08:00" level=info msg="[GNB][NGAP] Receive Initial Context Setup Request"
time="2026-08-11T17:15:52+08:00" level=info msg="[GNB][UE] UE Context was created with successful"
time="2026-08-11T17:15:52+08:00" level=info msg="[GNB][UE] UE RAN ID 71"
time="2026-08-11T17:15:52+08:00" level=info msg="[GNB][UE] UE AMF ID 74"
time="2026-08-11T17:15:52+08:00" level=info msg="[GNB][UE] UE Mobility Restrict --Plmn-- Mcc: 208 Mnc: 93"
time="2026-08-11T17:15:52+08:00" level=info msg="[GNB][UE] UE Masked Imeisv: 1110000000ffff00"
time="2026-08-11T17:15:52+08:00" level=info msg="[GNB][UE] Allowed Nssai-- Sst: [01 01] Sd: [010203 112233]"
time="2026-08-11T17:15:52+08:00" level=info msg="[GNB][NGAP][AMF] Send Initial Context Setup Response."
time="2026-08-11T17:15:52+08:00" level=info msg="[GNB] Initiating Initial Context Setup Response"
time="2026-08-11T17:15:52+08:00" level=info msg="[GNB][NGAP] No PDU Session to set up in InitialContextSetupResponse."
time="2026-08-11T17:15:52+08:00" level=info msg="[UE][NAS] Message with security header"
time="2026-08-11T17:15:52+08:00" level=info msg="[UE][NAS] Message with integrity and ciphered"
time="2026-08-11T17:15:52+08:00" level=info msg="[UE][NAS] successful NAS CIPHERING"
time="2026-08-11T17:15:52+08:00" level=info msg="[UE][NAS] successful NAS MAC verification"
time="2026-08-11T17:15:52+08:00" level=info msg="[UE][NAS] Receive Registration Accept"
time="2026-08-11T17:15:52+08:00" level=info msg="[UE][NAS] UE 5G GUTI: &{119 11 [242 2 248 57 202 254 0 0 0 0 74]}"
time="2026-08-11T17:15:52+08:00" level=info msg="[UE] Switched from state 2 to state 3"
time="2026-08-11T17:15:52+08:00" level=info msg="[GNB][SCTP] Receive message in 0 stream\n"
time="2026-08-11T17:15:52+08:00" level=info msg="[GNB][SCTP] Receive message in 0 stream\n"
time="2026-08-11T17:15:52+08:00" level=info msg="[GNB][NGAP] Receive Initial Context Setup Request"
time="2026-08-11T17:15:52+08:00" level=info msg="[GNB][UE] UE Context was created with successful"
time="2026-08-11T17:15:52+08:00" level=info msg="[GNB][UE] UE RAN ID 95"
time="2026-08-11T17:15:52+08:00" level=info msg="[GNB][UE] UE AMF ID 82"
time="2026-08-11T17:15:52+08:00" level=info msg="[GNB][UE] UE Mobility Restrict --Plmn-- Mcc: 208 Mnc: 93"
time="2026-08-11T17:15:52+08:00" level=info msg="[GNB][UE] UE Masked Imeisv: 1110000000ffff00"
time="2026-08-11T17:15:52+08:00" level=info msg="[GNB][UE] Allowed Nssai-- Sst: [01 01] Sd: [010203 112233]"
time="2026-08-11T17:15:52+08:00" level=info msg="[GNB][NGAP][AMF] Send Initial Context Setup Response."
time="2026-08-11T17:15:52+08:00" level=info msg="[GNB] Initiating Initial Context Setup Response"
time="2026-08-11T17:15:52+08:00" level=info msg="[GNB][NGAP] No PDU Session to set up in InitialContextSetupResponse."
time="2026-08-11T17:15:52+08:00" level=info msg="[GNB][SCTP] Receive message in 0 stream\n"
time="2026-08-11T17:15:52+08:00" level=info msg="[GNB][SCTP] Receive message in 0 stream\n"
time="2026-08-11T17:15:52+08:00" level=info msg="[GNB][SCTP] Receive message in 0 stream\n"
time="2026-08-11T17:15:52+08:00" level=info msg="[GNB][SCTP] Receive message in 0 stream\n"
time="2026-08-11T17:15:52+08:00" level=info msg="[GNB][NGAP] Receive Initial Context Setup Request"
time="2026-08-11T17:15:52+08:00" level=info msg="[GNB][UE] UE Context was created with successful"
time="2026-08-11T17:15:52+08:00" level=info msg="[GNB][UE] UE RAN ID 85"
time="2026-08-11T17:15:52+08:00" level=info msg="[GNB][UE] UE AMF ID 91"
time="2026-08-11T17:15:52+08:00" level=info msg="[GNB][UE] UE Mobility Restrict --Plmn-- Mcc: 208 Mnc: 93"
time="2026-08-11T17:15:52+08:00" level=info msg="[GNB][UE] UE Masked Imeisv: 1110000000ffff00"
time="2026-08-11T17:15:52+08:00" level=info msg="[GNB][UE] Allowed Nssai-- Sst: [01 01] Sd: [010203 112233]"
time="2026-08-11T17:15:52+08:00" level=info msg="[GNB][NGAP][AMF] Send Initial Context Setup Response."
time="2026-08-11T17:15:52+08:00" level=info msg="[GNB] Initiating Initial Context Setup Response"
time="2026-08-11T17:15:52+08:00" level=info msg="[GNB][NGAP] No PDU Session to set up in InitialContextSetupResponse."
time="2026-08-11T17:15:52+08:00" level=info msg="[GNB][NGAP] Receive Downlink NAS Transport"
time="2026-08-11T17:15:52+08:00" level=info msg="[UE][NAS] Message with security header"
time="2026-08-11T17:15:52+08:00" level=info msg="[UE][NAS] Message with integrity and ciphered"
time="2026-08-11T17:15:52+08:00" level=info msg="[UE][NAS] successful NAS CIPHERING"
time="2026-08-11T17:15:52+08:00" level=info msg="[UE][NAS] successful NAS MAC verification"
time="2026-08-11T17:15:52+08:00" level=info msg="[UE][NAS] Receive Configuration Update Command"
time="2026-08-11T17:15:52+08:00" level=info msg="[UE] Initiating Configuration Update Complete"
time="2026-08-11T17:15:52+08:00" level=info msg="[GNB][NGAP] Receive Downlink NAS Transport"
time="2026-08-11T17:15:52+08:00" level=info msg="[UE][NAS] Message with security header"
time="2026-08-11T17:15:52+08:00" level=info msg="[UE][NAS] Message with integrity and ciphered"
time="2026-08-11T17:15:52+08:00" level=info msg="[UE][NAS] successful NAS CIPHERING"
time="2026-08-11T17:15:52+08:00" level=info msg="[UE][NAS] successful NAS MAC verification"
time="2026-08-11T17:15:52+08:00" level=info msg="[UE][NAS] Message with security header"
time="2026-08-11T17:15:52+08:00" level=info msg="[UE][NAS] Message with integrity and ciphered"
time="2026-08-11T17:15:52+08:00" level=info msg="[UE][NAS] successful NAS CIPHERING"
time="2026-08-11T17:15:52+08:00" level=info msg="[UE][NAS] successful NAS MAC verification"
time="2026-08-11T17:15:52+08:00" level=info msg="[UE][NAS] Receive Registration Accept"
time="2026-08-11T17:15:52+08:00" level=info msg="[UE][NAS] UE 5G GUTI: &{119 11 [242 2 248 57 202 254 0 0 0 0 91]}"
time="2026-08-11T17:15:52+08:00" level=info msg="[GNB][NGAP] Receive Downlink NAS Transport"
time="2026-08-11T17:15:52+08:00" level=info msg="[UE] Switched from state 2 to state 3"
time="2026-08-11T17:15:52+08:00" level=info msg="[UE][NAS] Message with security header"
time="2026-08-11T17:15:52+08:00" level=info msg="[UE][NAS] Receive Configuration Update Command"
time="2026-08-11T17:15:52+08:00" level=info msg="[UE] Initiating Configuration Update Complete"
time="2026-08-11T17:15:52+08:00" level=info msg="[UE][NAS] Message with security header"
time="2026-08-11T17:15:52+08:00" level=info msg="[UE][NAS] Message with integrity and ciphered"
time="2026-08-11T17:15:52+08:00" level=info msg="[UE][NAS] successful NAS CIPHERING"
time="2026-08-11T17:15:52+08:00" level=info msg="[UE][NAS] successful NAS MAC verification"
time="2026-08-11T17:15:52+08:00" level=info msg="[UE][NAS] Receive Registration Accept"
time="2026-08-11T17:15:52+08:00" level=info msg="[UE][NAS] UE 5G GUTI: &{119 11 [242 2 248 57 202 254 0 0 0 0 82]}"
time="2026-08-11T17:15:52+08:00" level=info msg="[GNB][SCTP] Receive message in 0 stream\n"
time="2026-08-11T17:15:52+08:00" level=info msg="[GNB][SCTP] Receive message in 0 stream\n"
time="2026-08-11T17:15:52+08:00" level=info msg="[GNB][SCTP] Receive message in 0 stream\n"
time="2026-08-11T17:15:52+08:00" level=info msg="[UE][NAS] Message with integrity and ciphered"
time="2026-08-11T17:15:52+08:00" level=info msg="[UE][NAS] successful NAS CIPHERING"
time="2026-08-11T17:15:52+08:00" level=info msg="[UE][NAS] successful NAS MAC verification"
time="2026-08-11T17:15:52+08:00" level=info msg="[UE][NAS] Receive Configuration Update Command"
time="2026-08-11T17:15:52+08:00" level=info msg="[UE] Initiating Configuration Update Complete"
time="2026-08-11T17:15:52+08:00" level=info msg="[UE] Switched from state 2 to state 3"
time="2026-08-11T17:15:52+08:00" level=info msg="[GNB][NGAP] Receive Downlink NAS Transport"
time="2026-08-11T17:15:52+08:00" level=info msg="[GNB][NGAP] Receive Downlink NAS Transport"
time="2026-08-11T17:15:52+08:00" level=info msg="[UE][NAS] Message with security header"
time="2026-08-11T17:15:52+08:00" level=info msg="[UE][NAS] Message with integrity and ciphered"
time="2026-08-11T17:15:52+08:00" level=info msg="[UE][NAS] successful NAS CIPHERING"
time="2026-08-11T17:15:52+08:00" level=info msg="[UE][NAS] successful NAS MAC verification"
time="2026-08-11T17:15:52+08:00" level=info msg="[UE][NAS] Receive Configuration Update Command"
time="2026-08-11T17:15:52+08:00" level=info msg="[UE] Initiating Configuration Update Complete"
time="2026-08-11T17:15:52+08:00" level=info msg="[GNB][NGAP] Receive Downlink NAS Transport"
time="2026-08-11T17:15:52+08:00" level=info msg="[UE][NAS] Message with security header"
time="2026-08-11T17:15:52+08:00" level=info msg="[UE][NAS] Message with integrity and ciphered"
time="2026-08-11T17:15:52+08:00" level=info msg="[UE][NAS] successful NAS CIPHERING"
time="2026-08-11T17:15:52+08:00" level=info msg="[UE][NAS] successful NAS MAC verification"
time="2026-08-11T17:15:52+08:00" level=info msg="[UE][NAS] Receive Configuration Update Command"
time="2026-08-11T17:15:52+08:00" level=info msg="[UE] Initiating Configuration Update Complete"
time="2026-08-11T17:15:52+08:00" level=info msg="[GNB][NGAP] Receive Downlink NAS Transport"
time="2026-08-11T17:15:52+08:00" level=info msg="[UE][NAS] Message with security header"
time="2026-08-11T17:15:52+08:00" level=info msg="[UE][NAS] Message with integrity and ciphered"
time="2026-08-11T17:15:52+08:00" level=info msg="[UE][NAS] successful NAS CIPHERING"
time="2026-08-11T17:15:52+08:00" level=info msg="[UE][NAS] successful NAS MAC verification"
time="2026-08-11T17:15:52+08:00" level=info msg="[UE][NAS] Receive Configuration Update Command"
time="2026-08-11T17:15:52+08:00" level=info msg="[UE] Initiating Configuration Update Complete"
time="2026-08-11T17:15:52+08:00" level=info msg="[UE][NAS] Message with security header"
time="2026-08-11T17:15:52+08:00" level=info msg="[UE][NAS] Message with integrity and ciphered"
time="2026-08-11T17:15:52+08:00" level=info msg="[UE][NAS] successful NAS CIPHERING"
time="2026-08-11T17:15:52+08:00" level=info msg="[UE][NAS] successful NAS MAC verification"
time="2026-08-11T17:15:52+08:00" level=info msg="[UE][NAS] Receive Configuration Update Command"
time="2026-08-11T17:15:52+08:00" level=info msg="[UE] Initiating Configuration Update Complete"
time="2026-08-11T17:15:52+08:00" level=info msg="[GNB][SCTP] Receive message in 0 stream\n"
time="2026-08-11T17:15:52+08:00" level=info msg="[GNB][NGAP] Receive Initial Context Setup Request"
time="2026-08-11T17:15:52+08:00" level=info msg="[GNB][UE] UE Context was created with successful"
time="2026-08-11T17:15:52+08:00" level=info msg="[GNB][UE] UE RAN ID 13"
time="2026-08-11T17:15:52+08:00" level=info msg="[GNB][UE] UE AMF ID 15"
time="2026-08-11T17:15:52+08:00" level=info msg="[GNB][UE] UE Mobility Restrict --Plmn-- Mcc: 208 Mnc: 93"
time="2026-08-11T17:15:52+08:00" level=info msg="[GNB][UE] UE Masked Imeisv: 1110000000ffff00"
time="2026-08-11T17:15:52+08:00" level=info msg="[GNB][UE] Allowed Nssai-- Sst: [01 01] Sd: [010203 112233]"
time="2026-08-11T17:15:52+08:00" level=info msg="[GNB][NGAP][AMF] Send Initial Context Setup Response."
time="2026-08-11T17:15:52+08:00" level=info msg="[GNB] Initiating Initial Context Setup Response"
time="2026-08-11T17:15:52+08:00" level=info msg="[GNB][NGAP] No PDU Session to set up in InitialContextSetupResponse."
time="2026-08-11T17:15:52+08:00" level=info msg="[UE][NAS] Message with security header"
time="2026-08-11T17:15:52+08:00" level=info msg="[UE][NAS] Message with integrity and ciphered"
time="2026-08-11T17:15:52+08:00" level=info msg="[UE][NAS] successful NAS CIPHERING"
time="2026-08-11T17:15:52+08:00" level=info msg="[UE][NAS] successful NAS MAC verification"
time="2026-08-11T17:15:52+08:00" level=info msg="[UE][NAS] Receive Registration Accept"
time="2026-08-11T17:15:52+08:00" level=info msg="[UE][NAS] UE 5G GUTI: &{119 11 [242 2 248 57 202 254 0 0 0 0 15]}"
time="2026-08-11T17:15:52+08:00" level=info msg="[UE] Switched from state 2 to state 3"
time="2026-08-11T17:15:52+08:00" level=info msg="[GNB][SCTP] Receive message in 0 stream\n"
time="2026-08-11T17:15:52+08:00" level=info msg="[GNB][NGAP] Receive Downlink NAS Transport"
time="2026-08-11T17:15:52+08:00" level=info msg="[UE][NAS] Message with security header"
time="2026-08-11T17:15:52+08:00" level=info msg="[UE][NAS] Message with integrity and ciphered"
time="2026-08-11T17:15:52+08:00" level=info msg="[UE][NAS] successful NAS CIPHERING"
time="2026-08-11T17:15:52+08:00" level=info msg="[UE][NAS] successful NAS MAC verification"
time="2026-08-11T17:15:52+08:00" level=info msg="[UE][NAS] Receive Configuration Update Command"
time="2026-08-11T17:15:52+08:00" level=info msg="[UE] Initiating Configuration Update Complete"
time="2026-08-11T17:15:52+08:00" level=info msg="[GNB][SCTP] Receive message in 0 stream\n"
time="2026-08-11T17:15:52+08:00" level=info msg="[GNB][NGAP] Receive Downlink NAS Transport"
time="2026-08-11T17:15:52+08:00" level=info msg="[UE][NAS] Message without security header"
time="2026-08-11T17:15:52+08:00" level=info msg="[UE][NAS] Receive Authentication Request"
time="2026-08-11T17:15:52+08:00" level=info msg="[UE][NAS][MAC] Authenticity of the authentication request message: OK"
time="2026-08-11T17:15:52+08:00" level=info msg="[UE][NAS][SQN] SQN of the authentication request message: VALID"
time="2026-08-11T17:15:52+08:00" level=info msg="[UE][NAS] Send authentication response"
time="2026-08-11T17:15:52+08:00" level=info msg="[UE] Switched from state 2 to state 2"
time="2026-08-11T17:15:52+08:00" level=info msg="[GNB][SCTP] Receive message in 0 stream\n"
time="2026-08-11T17:15:52+08:00" level=info msg="[GNB][NGAP] Receive Downlink NAS Transport"
time="2026-08-11T17:15:52+08:00" level=info msg="[UE][NAS] Message without security header"
time="2026-08-11T17:15:52+08:00" level=info msg="[UE][NAS] Receive Authentication Request"
time="2026-08-11T17:15:52+08:00" level=info msg="[UE][NAS][MAC] Authenticity of the authentication request message: OK"
time="2026-08-11T17:15:52+08:00" level=info msg="[UE][NAS][SQN] SQN of the authentication request message: VALID"
time="2026-08-11T17:15:52+08:00" level=info msg="[UE][NAS] Send authentication response"
time="2026-08-11T17:15:52+08:00" level=info msg="[UE] Switched from state 1 to state 2"
time="2026-08-11T17:15:52+08:00" level=info msg="[GNB][SCTP] Receive message in 0 stream\n"
time="2026-08-11T17:15:52+08:00" level=info msg="[GNB][SCTP] Receive message in 0 stream\n"
time="2026-08-11T17:15:52+08:00" level=info msg="[GNB][NGAP] Receive Downlink NAS Transport"
time="2026-08-11T17:15:52+08:00" level=info msg="[UE][NAS] Message with security header"
time="2026-08-11T17:15:52+08:00" level=info msg="[UE][NAS] Message with integrity and ciphered"
time="2026-08-11T17:15:52+08:00" level=info msg="[UE][NAS] successful NAS CIPHERING"
time="2026-08-11T17:15:52+08:00" level=info msg="[UE][NAS] successful NAS MAC verification"
time="2026-08-11T17:15:52+08:00" level=info msg="[UE][NAS] Receive Configuration Update Command"
time="2026-08-11T17:15:52+08:00" level=info msg="[UE] Initiating Configuration Update Complete"
time="2026-08-11T17:15:52+08:00" level=info msg="[GNB][NGAP] Receive Initial Context Setup Request"
time="2026-08-11T17:15:52+08:00" level=info msg="[GNB][UE] UE Context was created with successful"
time="2026-08-11T17:15:52+08:00" level=info msg="[GNB][UE] UE RAN ID 89"
time="2026-08-11T17:15:52+08:00" level=info msg="[GNB][UE] UE AMF ID 80"
time="2026-08-11T17:15:52+08:00" level=info msg="[GNB][UE] UE Mobility Restrict --Plmn-- Mcc: 208 Mnc: 93"
time="2026-08-11T17:15:52+08:00" level=info msg="[GNB][UE] UE Masked Imeisv: 1110000000ffff00"
time="2026-08-11T17:15:52+08:00" level=info msg="[GNB][UE] Allowed Nssai-- Sst: [01 01] Sd: [010203 112233]"
time="2026-08-11T17:15:52+08:00" level=info msg="[GNB][NGAP][AMF] Send Initial Context Setup Response."
time="2026-08-11T17:15:52+08:00" level=info msg="[GNB] Initiating Initial Context Setup Response"
time="2026-08-11T17:15:52+08:00" level=info msg="[GNB][NGAP] No PDU Session to set up in InitialContextSetupResponse."
time="2026-08-11T17:15:52+08:00" level=info msg="[GNB][SCTP] Receive message in 0 stream\n"
time="2026-08-11T17:15:52+08:00" level=info msg="[UE][NAS] Message with security header"
time="2026-08-11T17:15:52+08:00" level=info msg="[UE][NAS] Message with integrity and ciphered"
time="2026-08-11T17:15:52+08:00" level=info msg="[UE][NAS] successful NAS CIPHERING"
time="2026-08-11T17:15:52+08:00" level=info msg="[UE][NAS] successful NAS MAC verification"
time="2026-08-11T17:15:52+08:00" level=info msg="[UE][NAS] Receive Registration Accept"
time="2026-08-11T17:15:52+08:00" level=info msg="[UE][NAS] UE 5G GUTI: &{119 11 [242 2 248 57 202 254 0 0 0 0 80]}"
time="2026-08-11T17:15:52+08:00" level=info msg="[UE] Switched from state 2 to state 3"
time="2026-08-11T17:15:52+08:00" level=info msg="[GNB][NGAP] Receive Downlink NAS Transport"
time="2026-08-11T17:15:52+08:00" level=info msg="[UE][NAS] Message with security header"
time="2026-08-11T17:15:52+08:00" level=info msg="[UE][NAS] Message with integrity and ciphered"
time="2026-08-11T17:15:52+08:00" level=info msg="[UE][NAS] successful NAS CIPHERING"
time="2026-08-11T17:15:52+08:00" level=info msg="[UE][NAS] successful NAS MAC verification"
time="2026-08-11T17:15:52+08:00" level=info msg="[UE][NAS] Receive Configuration Update Command"
time="2026-08-11T17:15:52+08:00" level=info msg="[UE] Initiating Configuration Update Complete"
time="2026-08-11T17:15:52+08:00" level=info msg="[GNB][SCTP] Receive message in 0 stream\n"
time="2026-08-11T17:15:52+08:00" level=info msg="[GNB][SCTP] Receive message in 0 stream\n"
time="2026-08-11T17:15:52+08:00" level=info msg="[GNB][NGAP] Receive Downlink NAS Transport"
time="2026-08-11T17:15:52+08:00" level=info msg="[UE][NAS] Message with security header"
time="2026-08-11T17:15:52+08:00" level=info msg="[UE][NAS] Message with integrity and with NEW 5G NAS SECURITY CONTEXT"
time="2026-08-11T17:15:52+08:00" level=info msg="[UE][NAS] successful NAS MAC verification"
time="2026-08-11T17:15:52+08:00" level=info msg="[UE][NAS] Receive Security Mode Command"
time="2026-08-11T17:15:52+08:00" level=info msg="[UE][NAS] Type of ciphering algorithm is 5G-EA0"
time="2026-08-11T17:15:52+08:00" level=info msg="[UE][NAS] Type of integrity protection algorithm is 128-5G-IA2"
time="2026-08-11T17:15:52+08:00" level=info msg="[GNB][NGAP] Receive Downlink NAS Transport"
time="2026-08-11T17:15:52+08:00" level=info msg="[UE][NAS] Message with security header"
time="2026-08-11T17:15:52+08:00" level=info msg="[UE][NAS] Message with integrity and with NEW 5G NAS SECURITY CONTEXT"
time="2026-08-11T17:15:52+08:00" level=info msg="[UE][NAS] successful NAS MAC verification"
time="2026-08-11T17:15:52+08:00" level=info msg="[UE][NAS] Receive Security Mode Command"
time="2026-08-11T17:15:52+08:00" level=info msg="[UE][NAS] Type of ciphering algorithm is 5G-EA0"
time="2026-08-11T17:15:52+08:00" level=info msg="[UE][NAS] Type of integrity protection algorithm is 128-5G-IA2"
time="2026-08-11T17:15:52+08:00" level=info msg="[GNB][SCTP] Receive message in 0 stream\n"
time="2026-08-11T17:15:52+08:00" level=info msg="[GNB][NGAP] Receive Downlink NAS Transport"
time="2026-08-11T17:15:52+08:00" level=info msg="[UE][NAS] Message without security header"
time="2026-08-11T17:15:52+08:00" level=info msg="[UE][NAS] Receive Authentication Request"
time="2026-08-11T17:15:52+08:00" level=info msg="[UE][NAS][MAC] Authenticity of the authentication request message: OK"
time="2026-08-11T17:15:52+08:00" level=info msg="[UE][NAS][SQN] SQN of the authentication request message: VALID"
time="2026-08-11T17:15:52+08:00" level=info msg="[UE][NAS] Send authentication response"
time="2026-08-11T17:15:52+08:00" level=info msg="[UE] Switched from state 2 to state 2"
time="2026-08-11T17:15:52+08:00" level=info msg="[GNB][SCTP] Receive message in 0 stream\n"
time="2026-08-11T17:15:52+08:00" level=info msg="[GNB][NGAP] Receive Downlink NAS Transport"
time="2026-08-11T17:15:52+08:00" level=info msg="[UE][NAS] Message with security header"
time="2026-08-11T17:15:52+08:00" level=info msg="[UE][NAS] Message with integrity and with NEW 5G NAS SECURITY CONTEXT"
time="2026-08-11T17:15:52+08:00" level=info msg="[UE][NAS] successful NAS MAC verification"
time="2026-08-11T17:15:52+08:00" level=info msg="[UE][NAS] Receive Security Mode Command"
time="2026-08-11T17:15:52+08:00" level=info msg="[UE][NAS] Type of ciphering algorithm is 5G-EA0"
time="2026-08-11T17:15:52+08:00" level=info msg="[UE][NAS] Type of integrity protection algorithm is 128-5G-IA2"
time="2026-08-11T17:15:52+08:00" level=info msg="[GNB][SCTP] Receive message in 0 stream\n"
time="2026-08-11T17:15:52+08:00" level=info msg="[GNB][NGAP] Receive Downlink NAS Transport"
time="2026-08-11T17:15:52+08:00" level=info msg="[UE][NAS] Message without security header"
time="2026-08-11T17:15:52+08:00" level=info msg="[UE][NAS] Receive Authentication Request"
time="2026-08-11T17:15:52+08:00" level=info msg="[UE][NAS][MAC] Authenticity of the authentication request message: OK"
time="2026-08-11T17:15:52+08:00" level=info msg="[UE][NAS][SQN] SQN of the authentication request message: VALID"
time="2026-08-11T17:15:52+08:00" level=info msg="[UE][NAS] Send authentication response"
time="2026-08-11T17:15:52+08:00" level=info msg="[UE] Switched from state 1 to state 2"
time="2026-08-11T17:15:52+08:00" level=info msg="[GNB][SCTP] Receive message in 0 stream\n"
time="2026-08-11T17:15:52+08:00" level=info msg="[GNB][NGAP] Receive Downlink NAS Transport"
time="2026-08-11T17:15:52+08:00" level=info msg="[UE][NAS] Message with security header"
time="2026-08-11T17:15:52+08:00" level=info msg="[UE][NAS] Message with integrity and with NEW 5G NAS SECURITY CONTEXT"
time="2026-08-11T17:15:52+08:00" level=info msg="[UE][NAS] successful NAS MAC verification"
time="2026-08-11T17:15:52+08:00" level=info msg="[UE][NAS] Receive Security Mode Command"
time="2026-08-11T17:15:52+08:00" level=info msg="[UE][NAS] Type of ciphering algorithm is 5G-EA0"
time="2026-08-11T17:15:52+08:00" level=info msg="[UE][NAS] Type of integrity protection algorithm is 128-5G-IA2"
time="2026-08-11T17:15:52+08:00" level=info msg="[GNB][SCTP] Receive message in 0 stream\n"
time="2026-08-11T17:15:52+08:00" level=info msg="[GNB][NGAP] Receive Initial Context Setup Request"
time="2026-08-11T17:15:52+08:00" level=info msg="[GNB][UE] UE Context was created with successful"
time="2026-08-11T17:15:52+08:00" level=info msg="[GNB][UE] UE RAN ID 92"
time="2026-08-11T17:15:52+08:00" level=info msg="[GNB][UE] UE AMF ID 86"
time="2026-08-11T17:15:52+08:00" level=info msg="[GNB][UE] UE Mobility Restrict --Plmn-- Mcc: 208 Mnc: 93"
time="2026-08-11T17:15:52+08:00" level=info msg="[GNB][UE] UE Masked Imeisv: 1110000000ffff00"
time="2026-08-11T17:15:52+08:00" level=info msg="[GNB][UE] Allowed Nssai-- Sst: [01 01] Sd: [010203 112233]"
time="2026-08-11T17:15:52+08:00" level=info msg="[GNB][NGAP][AMF] Send Initial Context Setup Response."
time="2026-08-11T17:15:52+08:00" level=info msg="[GNB] Initiating Initial Context Setup Response"
time="2026-08-11T17:15:52+08:00" level=info msg="[GNB][NGAP] No PDU Session to set up in InitialContextSetupResponse."
time="2026-08-11T17:15:52+08:00" level=info msg="[GNB][SCTP] Receive message in 0 stream\n"
time="2026-08-11T17:15:52+08:00" level=info msg="[UE][NAS] Message with security header"
time="2026-08-11T17:15:52+08:00" level=info msg="[UE][NAS] Message with integrity and ciphered"
time="2026-08-11T17:15:52+08:00" level=info msg="[UE][NAS] successful NAS CIPHERING"
time="2026-08-11T17:15:52+08:00" level=info msg="[UE][NAS] successful NAS MAC verification"
time="2026-08-11T17:15:52+08:00" level=info msg="[UE][NAS] Receive Registration Accept"
time="2026-08-11T17:15:52+08:00" level=info msg="[UE][NAS] UE 5G GUTI: &{119 11 [242 2 248 57 202 254 0 0 0 0 86]}"
time="2026-08-11T17:15:52+08:00" level=info msg="[UE] Switched from state 2 to state 3"
time="2026-08-11T17:15:52+08:00" level=info msg="[GNB][NGAP] Receive Downlink NAS Transport"
time="2026-08-11T17:15:52+08:00" level=info msg="[UE][NAS] Message with security header"
time="2026-08-11T17:15:52+08:00" level=info msg="[UE][NAS] Message with integrity and ciphered"
time="2026-08-11T17:15:52+08:00" level=info msg="[UE][NAS] successful NAS CIPHERING"
time="2026-08-11T17:15:52+08:00" level=info msg="[UE][NAS] successful NAS MAC verification"
time="2026-08-11T17:15:52+08:00" level=info msg="[UE][NAS] Receive Configuration Update Command"
time="2026-08-11T17:15:52+08:00" level=info msg="[UE] Initiating Configuration Update Complete"
time="2026-08-11T17:15:52+08:00" level=info msg="[GNB][SCTP] Receive message in 0 stream\n"
time="2026-08-11T17:15:52+08:00" level=info msg="[GNB][NGAP] Receive Downlink NAS Transport"
time="2026-08-11T17:15:52+08:00" level=info msg="[UE][NAS] Message with security header"
time="2026-08-11T17:15:52+08:00" level=info msg="[UE][NAS] Message with integrity and with NEW 5G NAS SECURITY CONTEXT"
time="2026-08-11T17:15:52+08:00" level=info msg="[UE][NAS] successful NAS MAC verification"
time="2026-08-11T17:15:52+08:00" level=info msg="[UE][NAS] Receive Security Mode Command"
time="2026-08-11T17:15:52+08:00" level=info msg="[UE][NAS] Type of ciphering algorithm is 5G-EA0"
time="2026-08-11T17:15:52+08:00" level=info msg="[UE][NAS] Type of integrity protection algorithm is 128-5G-IA2"
time="2026-08-11T17:15:52+08:00" level=info msg="[GNB][SCTP] Receive message in 0 stream\n"
time="2026-08-11T17:15:52+08:00" level=info msg="[GNB][NGAP] Receive Downlink NAS Transport"
time="2026-08-11T17:15:52+08:00" level=info msg="[UE][NAS] Message with security header"
time="2026-08-11T17:15:52+08:00" level=info msg="[UE][NAS] Message with integrity and with NEW 5G NAS SECURITY CONTEXT"
time="2026-08-11T17:15:52+08:00" level=info msg="[UE][NAS] successful NAS MAC verification"
time="2026-08-11T17:15:52+08:00" level=info msg="[UE][NAS] Receive Security Mode Command"
time="2026-08-11T17:15:52+08:00" level=info msg="[UE][NAS] Type of ciphering algorithm is 5G-EA0"
time="2026-08-11T17:15:52+08:00" level=info msg="[UE][NAS] Type of integrity protection algorithm is 128-5G-IA2"
time="2026-08-11T17:15:52+08:00" level=info msg="[GNB][SCTP] Receive message in 0 stream\n"
time="2026-08-11T17:15:52+08:00" level=info msg="[GNB][NGAP] Receive Initial Context Setup Request"
time="2026-08-11T17:15:52+08:00" level=info msg="[GNB][UE] UE Context was created with successful"
time="2026-08-11T17:15:52+08:00" level=info msg="[GNB][UE] UE RAN ID 69"
time="2026-08-11T17:15:52+08:00" level=info msg="[GNB][UE] UE AMF ID 95"
time="2026-08-11T17:15:52+08:00" level=info msg="[GNB][UE] UE Mobility Restrict --Plmn-- Mcc: 208 Mnc: 93"
time="2026-08-11T17:15:52+08:00" level=info msg="[GNB][UE] UE Masked Imeisv: 1110000000ffff00"
time="2026-08-11T17:15:52+08:00" level=info msg="[GNB][UE] Allowed Nssai-- Sst: [01 01] Sd: [010203 112233]"
time="2026-08-11T17:15:52+08:00" level=info msg="[GNB][NGAP][AMF] Send Initial Context Setup Response."
time="2026-08-11T17:15:52+08:00" level=info msg="[GNB] Initiating Initial Context Setup Response"
time="2026-08-11T17:15:52+08:00" level=info msg="[GNB][NGAP] No PDU Session to set up in InitialContextSetupResponse."
time="2026-08-11T17:15:52+08:00" level=info msg="[UE][NAS] Message with security header"
time="2026-08-11T17:15:52+08:00" level=info msg="[UE][NAS] Message with integrity and ciphered"
time="2026-08-11T17:15:52+08:00" level=info msg="[UE][NAS] successful NAS CIPHERING"
time="2026-08-11T17:15:52+08:00" level=info msg="[UE][NAS] successful NAS MAC verification"
time="2026-08-11T17:15:52+08:00" level=info msg="[UE][NAS] Receive Registration Accept"
time="2026-08-11T17:15:52+08:00" level=info msg="[UE][NAS] UE 5G GUTI: &{119 11 [242 2 248 57 202 254 0 0 0 0 95]}"
time="2026-08-11T17:15:52+08:00" level=info msg="[UE] Switched from state 2 to state 3"
time="2026-08-11T17:15:53+08:00" level=info msg="[GNB][SCTP] Receive message in 0 stream\n"
time="2026-08-11T17:15:53+08:00" level=info msg="[GNB][NGAP] Receive Initial Context Setup Request"
time="2026-08-11T17:15:53+08:00" level=info msg="[GNB][UE] UE Context was created with successful"
time="2026-08-11T17:15:53+08:00" level=info msg="[GNB][UE] UE RAN ID 66"
time="2026-08-11T17:15:53+08:00" level=info msg="[GNB][UE] UE AMF ID 58"
time="2026-08-11T17:15:53+08:00" level=info msg="[GNB][UE] UE Mobility Restrict --Plmn-- Mcc: 208 Mnc: 93"
time="2026-08-11T17:15:53+08:00" level=info msg="[GNB][UE] UE Masked Imeisv: 1110000000ffff00"
time="2026-08-11T17:15:53+08:00" level=info msg="[GNB][UE] Allowed Nssai-- Sst: [01 01] Sd: [010203 112233]"
time="2026-08-11T17:15:53+08:00" level=info msg="[GNB][NGAP][AMF] Send Initial Context Setup Response."
time="2026-08-11T17:15:53+08:00" level=info msg="[GNB] Initiating Initial Context Setup Response"
time="2026-08-11T17:15:53+08:00" level=info msg="[GNB][NGAP] No PDU Session to set up in InitialContextSetupResponse."
time="2026-08-11T17:15:53+08:00" level=info msg="[UE][NAS] Message with security header"
time="2026-08-11T17:15:53+08:00" level=info msg="[UE][NAS] Message with integrity and ciphered"
time="2026-08-11T17:15:53+08:00" level=info msg="[UE][NAS] successful NAS CIPHERING"
time="2026-08-11T17:15:53+08:00" level=info msg="[UE][NAS] successful NAS MAC verification"
time="2026-08-11T17:15:53+08:00" level=info msg="[UE][NAS] Receive Registration Accept"
time="2026-08-11T17:15:53+08:00" level=info msg="[UE][NAS] UE 5G GUTI: &{119 11 [242 2 248 57 202 254 0 0 0 0 58]}"
time="2026-08-11T17:15:53+08:00" level=info msg="[UE] Switched from state 3 to state 3"
time="2026-08-11T17:15:53+08:00" level=info msg="[GNB][SCTP] Receive message in 0 stream\n"
time="2026-08-11T17:15:53+08:00" level=info msg="[GNB][NGAP] Receive Downlink NAS Transport"
time="2026-08-11T17:15:53+08:00" level=info msg="[UE][NAS] Message with security header"
time="2026-08-11T17:15:53+08:00" level=info msg="[UE][NAS] Message with integrity and ciphered"
time="2026-08-11T17:15:53+08:00" level=info msg="[UE][NAS] successful NAS CIPHERING"
time="2026-08-11T17:15:53+08:00" level=info msg="[UE][NAS] successful NAS MAC verification"
time="2026-08-11T17:15:53+08:00" level=info msg="[UE][NAS] Receive Configuration Update Command"
time="2026-08-11T17:15:53+08:00" level=info msg="[UE] Initiating Configuration Update Complete"
time="2026-08-11T17:15:53+08:00" level=info msg="[GNB][SCTP] Receive message in 0 stream\n"
time="2026-08-11T17:15:53+08:00" level=info msg="[GNB][NGAP] Receive Initial Context Setup Request"
time="2026-08-11T17:15:53+08:00" level=info msg="[GNB][UE] UE Context was created with successful"
time="2026-08-11T17:15:53+08:00" level=info msg="[GNB][UE] UE RAN ID 18"
time="2026-08-11T17:15:53+08:00" level=info msg="[GNB][UE] UE AMF ID 21"
time="2026-08-11T17:15:53+08:00" level=info msg="[GNB][UE] UE Mobility Restrict --Plmn-- Mcc: 208 Mnc: 93"
time="2026-08-11T17:15:53+08:00" level=info msg="[GNB][UE] UE Masked Imeisv: 1110000000ffff00"
time="2026-08-11T17:15:53+08:00" level=info msg="[GNB][UE] Allowed Nssai-- Sst: [01 01] Sd: [010203 112233]"
time="2026-08-11T17:15:53+08:00" level=info msg="[GNB][NGAP][AMF] Send Initial Context Setup Response."
time="2026-08-11T17:15:53+08:00" level=info msg="[GNB] Initiating Initial Context Setup Response"
time="2026-08-11T17:15:53+08:00" level=info msg="[GNB][NGAP] No PDU Session to set up in InitialContextSetupResponse."
time="2026-08-11T17:15:53+08:00" level=info msg="[UE][NAS] Message with security header"
time="2026-08-11T17:15:53+08:00" level=info msg="[UE][NAS] Message with integrity and ciphered"
time="2026-08-11T17:15:53+08:00" level=info msg="[UE][NAS] successful NAS CIPHERING"
time="2026-08-11T17:15:53+08:00" level=info msg="[UE][NAS] successful NAS MAC verification"
time="2026-08-11T17:15:53+08:00" level=info msg="[UE][NAS] Receive Registration Accept"
time="2026-08-11T17:15:53+08:00" level=info msg="[UE][NAS] UE 5G GUTI: &{119 11 [242 2 248 57 202 254 0 0 0 0 21]}"
time="2026-08-11T17:15:53+08:00" level=info msg="[UE] Switched from state 2 to state 3"
time="2026-08-11T17:15:53+08:00" level=info msg="[GNB][SCTP] Receive message in 0 stream\n"
time="2026-08-11T17:15:53+08:00" level=info msg="[GNB][SCTP] Receive message in 0 stream\n"
time="2026-08-11T17:15:53+08:00" level=info msg="[GNB][NGAP] Receive Downlink NAS Transport"
time="2026-08-11T17:15:53+08:00" level=info msg="[UE][NAS] Message with security header"
time="2026-08-11T17:15:53+08:00" level=info msg="[UE][NAS] Message with integrity and ciphered"
time="2026-08-11T17:15:53+08:00" level=info msg="[UE][NAS] successful NAS CIPHERING"
time="2026-08-11T17:15:53+08:00" level=info msg="[UE][NAS] successful NAS MAC verification"
time="2026-08-11T17:15:53+08:00" level=info msg="[UE][NAS] Receive Configuration Update Command"
time="2026-08-11T17:15:53+08:00" level=info msg="[UE] Initiating Configuration Update Complete"
time="2026-08-11T17:15:53+08:00" level=info msg="[GNB][SCTP] Receive message in 0 stream\n"
time="2026-08-11T17:15:53+08:00" level=info msg="[GNB][NGAP] Receive Downlink NAS Transport"
time="2026-08-11T17:15:53+08:00" level=info msg="[UE][NAS] Message with security header"
time="2026-08-11T17:15:53+08:00" level=info msg="[UE][NAS] Message with integrity and ciphered"
time="2026-08-11T17:15:53+08:00" level=info msg="[UE][NAS] successful NAS CIPHERING"
time="2026-08-11T17:15:53+08:00" level=info msg="[UE][NAS] successful NAS MAC verification"
time="2026-08-11T17:15:53+08:00" level=info msg="[UE][NAS] Receive Configuration Update Command"
time="2026-08-11T17:15:53+08:00" level=info msg="[UE] Initiating Configuration Update Complete"
time="2026-08-11T17:15:53+08:00" level=info msg="[GNB][NGAP] Receive Initial Context Setup Request"
time="2026-08-11T17:15:53+08:00" level=info msg="[GNB][UE] UE Context was created with successful"
time="2026-08-11T17:15:53+08:00" level=info msg="[GNB][UE] UE RAN ID 91"
time="2026-08-11T17:15:53+08:00" level=info msg="[GNB][UE] UE AMF ID 92"
time="2026-08-11T17:15:53+08:00" level=info msg="[GNB][UE] UE Mobility Restrict --Plmn-- Mcc: 208 Mnc: 93"
time="2026-08-11T17:15:53+08:00" level=info msg="[GNB][UE] UE Masked Imeisv: 1110000000ffff00"
time="2026-08-11T17:15:53+08:00" level=info msg="[GNB][UE] Allowed Nssai-- Sst: [01 01] Sd: [010203 112233]"
time="2026-08-11T17:15:53+08:00" level=info msg="[GNB][NGAP][AMF] Send Initial Context Setup Response."
time="2026-08-11T17:15:53+08:00" level=info msg="[GNB] Initiating Initial Context Setup Response"
time="2026-08-11T17:15:53+08:00" level=info msg="[GNB][NGAP] No PDU Session to set up in InitialContextSetupResponse."
time="2026-08-11T17:15:53+08:00" level=info msg="[UE][NAS] Message with security header"
time="2026-08-11T17:15:53+08:00" level=info msg="[UE][NAS] Message with integrity and ciphered"
time="2026-08-11T17:15:53+08:00" level=info msg="[UE][NAS] successful NAS CIPHERING"
time="2026-08-11T17:15:53+08:00" level=info msg="[UE][NAS] successful NAS MAC verification"
time="2026-08-11T17:15:53+08:00" level=info msg="[UE][NAS] Receive Registration Accept"
time="2026-08-11T17:15:53+08:00" level=info msg="[UE][NAS] UE 5G GUTI: &{119 11 [242 2 248 57 202 254 0 0 0 0 92]}"
time="2026-08-11T17:15:53+08:00" level=info msg="[GNB][SCTP] Receive message in 0 stream\n"
time="2026-08-11T17:15:53+08:00" level=info msg="[GNB][SCTP] Receive message in 0 stream\n"
time="2026-08-11T17:15:53+08:00" level=info msg="[GNB][SCTP] Receive message in 0 stream\n"
time="2026-08-11T17:15:53+08:00" level=info msg="[UE] Switched from state 2 to state 3"
time="2026-08-11T17:15:53+08:00" level=info msg="[GNB][NGAP] Receive Downlink NAS Transport"
time="2026-08-11T17:15:53+08:00" level=info msg="[UE][NAS] Message with security header"
time="2026-08-11T17:15:53+08:00" level=info msg="[UE][NAS] Message with integrity and ciphered"
time="2026-08-11T17:15:53+08:00" level=info msg="[UE][NAS] successful NAS CIPHERING"
time="2026-08-11T17:15:53+08:00" level=info msg="[UE][NAS] successful NAS MAC verification"
time="2026-08-11T17:15:53+08:00" level=info msg="[UE][NAS] Receive Configuration Update Command"
time="2026-08-11T17:15:53+08:00" level=info msg="[UE] Initiating Configuration Update Complete"
time="2026-08-11T17:15:53+08:00" level=info msg="[GNB][NGAP] Receive Downlink NAS Transport"
time="2026-08-11T17:15:53+08:00" level=info msg="[GNB][NGAP] Receive Downlink NAS Transport"
time="2026-08-11T17:15:53+08:00" level=info msg="[UE][NAS] Message with security header"
time="2026-08-11T17:15:53+08:00" level=info msg="[UE][NAS] Message with integrity and ciphered"
time="2026-08-11T17:15:53+08:00" level=info msg="[UE][NAS] successful NAS CIPHERING"
time="2026-08-11T17:15:53+08:00" level=info msg="[UE][NAS] successful NAS MAC verification"
time="2026-08-11T17:15:53+08:00" level=info msg="[UE][NAS] Receive Configuration Update Command"
time="2026-08-11T17:15:53+08:00" level=info msg="[UE] Initiating Configuration Update Complete"
time="2026-08-11T17:15:53+08:00" level=info msg="[UE][NAS] Message with security header"
time="2026-08-11T17:15:53+08:00" level=info msg="[UE][NAS] Message with integrity and ciphered"
time="2026-08-11T17:15:53+08:00" level=info msg="[UE][NAS] successful NAS CIPHERING"
time="2026-08-11T17:15:53+08:00" level=info msg="[UE][NAS] successful NAS MAC verification"
time="2026-08-11T17:15:53+08:00" level=info msg="[UE][NAS] Receive Configuration Update Command"
time="2026-08-11T17:15:53+08:00" level=info msg="[UE] Initiating Configuration Update Complete"
time="2026-08-11T17:15:53+08:00" level=info msg="[GNB][SCTP] Receive message in 0 stream\n"
time="2026-08-11T17:15:53+08:00" level=info msg="[GNB][NGAP] Receive Downlink NAS Transport"
time="2026-08-11T17:15:53+08:00" level=info msg="[UE][NAS] Message without security header"
time="2026-08-11T17:15:53+08:00" level=info msg="[UE][NAS] Receive Authentication Request"
time="2026-08-11T17:15:53+08:00" level=info msg="[UE][NAS][MAC] Authenticity of the authentication request message: OK"
time="2026-08-11T17:15:53+08:00" level=info msg="[UE][NAS][SQN] SQN of the authentication request message: VALID"
time="2026-08-11T17:15:53+08:00" level=info msg="[UE][NAS] Send authentication response"
time="2026-08-11T17:15:53+08:00" level=info msg="[UE] Switched from state 2 to state 2"
time="2026-08-11T17:15:53+08:00" level=info msg="[GNB][SCTP] Receive message in 0 stream\n"
time="2026-08-11T17:15:53+08:00" level=info msg="[GNB][NGAP] Receive Downlink NAS Transport"
time="2026-08-11T17:15:53+08:00" level=info msg="[UE][NAS] Message with security header"
time="2026-08-11T17:15:53+08:00" level=info msg="[UE][NAS] Message with integrity and ciphered"
time="2026-08-11T17:15:53+08:00" level=info msg="[UE][NAS] successful NAS CIPHERING"
time="2026-08-11T17:15:53+08:00" level=info msg="[UE][NAS] successful NAS MAC verification"
time="2026-08-11T17:15:53+08:00" level=info msg="[UE][NAS] Receive Configuration Update Command"
time="2026-08-11T17:15:53+08:00" level=info msg="[UE] Initiating Configuration Update Complete"
time="2026-08-11T17:15:53+08:00" level=info msg="[GNB][SCTP] Receive message in 0 stream\n"
time="2026-08-11T17:15:53+08:00" level=info msg="[GNB][NGAP] Receive Downlink NAS Transport"
time="2026-08-11T17:15:53+08:00" level=info msg="[UE][NAS] Message without security header"
time="2026-08-11T17:15:53+08:00" level=info msg="[UE][NAS] Receive Authentication Request"
time="2026-08-11T17:15:53+08:00" level=info msg="[UE][NAS][MAC] Authenticity of the authentication request message: OK"
time="2026-08-11T17:15:53+08:00" level=info msg="[UE][NAS][SQN] SQN of the authentication request message: VALID"
time="2026-08-11T17:15:53+08:00" level=info msg="[UE][NAS] Send authentication response"
time="2026-08-11T17:15:53+08:00" level=info msg="[UE] Switched from state 1 to state 2"
time="2026-08-11T17:15:53+08:00" level=info msg="[GNB][SCTP] Receive message in 0 stream\n"
time="2026-08-11T17:15:53+08:00" level=info msg="[GNB][NGAP] Receive Initial Context Setup Request"
time="2026-08-11T17:15:53+08:00" level=info msg="[GNB][UE] UE Context was created with successful"
time="2026-08-11T17:15:53+08:00" level=info msg="[GNB][UE] UE RAN ID 32"
time="2026-08-11T17:15:53+08:00" level=info msg="[GNB][UE] UE AMF ID 27"
time="2026-08-11T17:15:53+08:00" level=info msg="[GNB][UE] UE Mobility Restrict --Plmn-- Mcc: 208 Mnc: 93"
time="2026-08-11T17:15:53+08:00" level=info msg="[GNB][UE] UE Masked Imeisv: 1110000000ffff00"
time="2026-08-11T17:15:53+08:00" level=info msg="[GNB][UE] Allowed Nssai-- Sst: [01 01] Sd: [010203 112233]"
time="2026-08-11T17:15:53+08:00" level=info msg="[GNB][NGAP][AMF] Send Initial Context Setup Response."
time="2026-08-11T17:15:53+08:00" level=info msg="[GNB] Initiating Initial Context Setup Response"
time="2026-08-11T17:15:53+08:00" level=info msg="[GNB][NGAP] No PDU Session to set up in InitialContextSetupResponse."
time="2026-08-11T17:15:53+08:00" level=info msg="[UE][NAS] Message with security header"
time="2026-08-11T17:15:53+08:00" level=info msg="[UE][NAS] Message with integrity and ciphered"
time="2026-08-11T17:15:53+08:00" level=info msg="[UE][NAS] successful NAS CIPHERING"
time="2026-08-11T17:15:53+08:00" level=info msg="[UE][NAS] successful NAS MAC verification"
time="2026-08-11T17:15:53+08:00" level=info msg="[UE][NAS] Receive Registration Accept"
time="2026-08-11T17:15:53+08:00" level=info msg="[UE][NAS] UE 5G GUTI: &{119 11 [242 2 248 57 202 254 0 0 0 0 27]}"
time="2026-08-11T17:15:53+08:00" level=info msg="[UE] Switched from state 2 to state 3"
time="2026-08-11T17:15:53+08:00" level=info msg="[GNB][SCTP] Receive message in 0 stream\n"
time="2026-08-11T17:15:53+08:00" level=info msg="[GNB][NGAP] Receive Initial Context Setup Request"
time="2026-08-11T17:15:53+08:00" level=info msg="[GNB][UE] UE Context was created with successful"
time="2026-08-11T17:15:53+08:00" level=info msg="[GNB][UE] UE RAN ID 76"
time="2026-08-11T17:15:53+08:00" level=info msg="[GNB][UE] UE AMF ID 64"
time="2026-08-11T17:15:53+08:00" level=info msg="[GNB][UE] UE Mobility Restrict --Plmn-- Mcc: 208 Mnc: 93"
time="2026-08-11T17:15:53+08:00" level=info msg="[GNB][UE] UE Masked Imeisv: 1110000000ffff00"
time="2026-08-11T17:15:53+08:00" level=info msg="[GNB][UE] Allowed Nssai-- Sst: [01 01] Sd: [010203 112233]"
time="2026-08-11T17:15:53+08:00" level=info msg="[GNB][NGAP][AMF] Send Initial Context Setup Response."
time="2026-08-11T17:15:53+08:00" level=info msg="[GNB] Initiating Initial Context Setup Response"
time="2026-08-11T17:15:53+08:00" level=info msg="[GNB][NGAP] No PDU Session to set up in InitialContextSetupResponse."
time="2026-08-11T17:15:53+08:00" level=info msg="[UE][NAS] Message with security header"
time="2026-08-11T17:15:53+08:00" level=info msg="[UE][NAS] Message with integrity and ciphered"
time="2026-08-11T17:15:53+08:00" level=info msg="[UE][NAS] successful NAS CIPHERING"
time="2026-08-11T17:15:53+08:00" level=info msg="[UE][NAS] successful NAS MAC verification"
time="2026-08-11T17:15:53+08:00" level=info msg="[UE][NAS] Receive Registration Accept"
time="2026-08-11T17:15:53+08:00" level=info msg="[UE][NAS] UE 5G GUTI: &{119 11 [242 2 248 57 202 254 0 0 0 0 64]}"
time="2026-08-11T17:15:53+08:00" level=info msg="[UE] Switched from state 3 to state 3"
time="2026-08-11T17:15:53+08:00" level=info msg="[GNB][SCTP] Receive message in 0 stream\n"
time="2026-08-11T17:15:53+08:00" level=info msg="[GNB][NGAP] Receive Downlink NAS Transport"
time="2026-08-11T17:15:53+08:00" level=info msg="[UE][NAS] Message with security header"
time="2026-08-11T17:15:53+08:00" level=info msg="[UE][NAS] Message with integrity and with NEW 5G NAS SECURITY CONTEXT"
time="2026-08-11T17:15:53+08:00" level=info msg="[UE][NAS] successful NAS MAC verification"
time="2026-08-11T17:15:53+08:00" level=info msg="[UE][NAS] Receive Security Mode Command"
time="2026-08-11T17:15:53+08:00" level=info msg="[UE][NAS] Type of ciphering algorithm is 5G-EA0"
time="2026-08-11T17:15:53+08:00" level=info msg="[UE][NAS] Type of integrity protection algorithm is 128-5G-IA2"
time="2026-08-11T17:15:53+08:00" level=info msg="[GNB][SCTP] Receive message in 0 stream\n"
time="2026-08-11T17:15:53+08:00" level=info msg="[GNB][NGAP] Receive Downlink NAS Transport"
time="2026-08-11T17:15:53+08:00" level=info msg="[UE][NAS] Message without security header"
time="2026-08-11T17:15:53+08:00" level=info msg="[UE][NAS] Receive Authentication Request"
time="2026-08-11T17:15:53+08:00" level=info msg="[UE][NAS][MAC] Authenticity of the authentication request message: OK"
time="2026-08-11T17:15:53+08:00" level=info msg="[UE][NAS][SQN] SQN of the authentication request message: VALID"
time="2026-08-11T17:15:53+08:00" level=info msg="[UE][NAS] Send authentication response"
time="2026-08-11T17:15:53+08:00" level=info msg="[UE] Switched from state 1 to state 2"
time="2026-08-11T17:15:53+08:00" level=info msg="[GNB][SCTP] Receive message in 0 stream\n"
time="2026-08-11T17:15:53+08:00" level=info msg="[GNB][NGAP] Receive Initial Context Setup Request"
time="2026-08-11T17:15:53+08:00" level=info msg="[GNB][UE] UE Context was created with successful"
time="2026-08-11T17:15:53+08:00" level=info msg="[GNB][UE] UE RAN ID 100"
time="2026-08-11T17:15:53+08:00" level=info msg="[GNB][UE] UE AMF ID 88"
time="2026-08-11T17:15:53+08:00" level=info msg="[GNB][UE] UE Mobility Restrict --Plmn-- Mcc: 208 Mnc: 93"
time="2026-08-11T17:15:53+08:00" level=info msg="[GNB][UE] UE Masked Imeisv: 1110000000ffff00"
time="2026-08-11T17:15:53+08:00" level=info msg="[GNB][UE] Allowed Nssai-- Sst: [01 01] Sd: [010203 112233]"
time="2026-08-11T17:15:53+08:00" level=info msg="[GNB][NGAP][AMF] Send Initial Context Setup Response."
time="2026-08-11T17:15:53+08:00" level=info msg="[GNB] Initiating Initial Context Setup Response"
time="2026-08-11T17:15:53+08:00" level=info msg="[GNB][NGAP] No PDU Session to set up in InitialContextSetupResponse."
time="2026-08-11T17:15:53+08:00" level=info msg="[UE][NAS] Message with security header"
time="2026-08-11T17:15:53+08:00" level=info msg="[UE][NAS] Message with integrity and ciphered"
time="2026-08-11T17:15:53+08:00" level=info msg="[UE][NAS] successful NAS CIPHERING"
time="2026-08-11T17:15:53+08:00" level=info msg="[GNB][SCTP] Receive message in 0 stream\n"
time="2026-08-11T17:15:53+08:00" level=info msg="[UE][NAS] successful NAS MAC verification"
time="2026-08-11T17:15:53+08:00" level=info msg="[UE][NAS] Receive Registration Accept"
time="2026-08-11T17:15:53+08:00" level=info msg="[UE][NAS] UE 5G GUTI: &{119 11 [242 2 248 57 202 254 0 0 0 0 88]}"
time="2026-08-11T17:15:53+08:00" level=info msg="[GNB][SCTP] Receive message in 0 stream\n"
time="2026-08-11T17:15:53+08:00" level=info msg="[GNB][NGAP] Receive Downlink NAS Transport"
time="2026-08-11T17:15:53+08:00" level=info msg="[UE][NAS] Message with security header"
time="2026-08-11T17:15:53+08:00" level=info msg="[UE][NAS] Message with integrity and ciphered"
time="2026-08-11T17:15:53+08:00" level=info msg="[UE][NAS] successful NAS CIPHERING"
time="2026-08-11T17:15:53+08:00" level=info msg="[UE][NAS] successful NAS MAC verification"
time="2026-08-11T17:15:53+08:00" level=info msg="[UE][NAS] Receive Configuration Update Command"
time="2026-08-11T17:15:53+08:00" level=info msg="[UE] Initiating Configuration Update Complete"
time="2026-08-11T17:15:53+08:00" level=info msg="[GNB][NGAP] Receive Downlink NAS Transport"
time="2026-08-11T17:15:53+08:00" level=info msg="[UE][NAS] Message with security header"
time="2026-08-11T17:15:53+08:00" level=info msg="[UE][NAS] Message with integrity and ciphered"
time="2026-08-11T17:15:53+08:00" level=info msg="[UE][NAS] successful NAS CIPHERING"
time="2026-08-11T17:15:53+08:00" level=info msg="[UE][NAS] successful NAS MAC verification"
time="2026-08-11T17:15:53+08:00" level=info msg="[UE][NAS] Receive Configuration Update Command"
time="2026-08-11T17:15:53+08:00" level=info msg="[UE] Initiating Configuration Update Complete"
time="2026-08-11T17:15:53+08:00" level=info msg="[UE] Switched from state 2 to state 3"
time="2026-08-11T17:15:53+08:00" level=info msg="[GNB][SCTP] Receive message in 0 stream\n"
time="2026-08-11T17:15:53+08:00" level=info msg="[GNB][SCTP] Receive message in 0 stream\n"
time="2026-08-11T17:15:53+08:00" level=info msg="[GNB][NGAP] Receive Downlink NAS Transport"
time="2026-08-11T17:15:53+08:00" level=info msg="[UE][NAS] Message with security header"
time="2026-08-11T17:15:53+08:00" level=info msg="[UE][NAS] Message with integrity and ciphered"
time="2026-08-11T17:15:53+08:00" level=info msg="[UE][NAS] successful NAS CIPHERING"
time="2026-08-11T17:15:53+08:00" level=info msg="[UE][NAS] successful NAS MAC verification"
time="2026-08-11T17:15:53+08:00" level=info msg="[UE][NAS] Receive Configuration Update Command"
time="2026-08-11T17:15:53+08:00" level=info msg="[UE] Initiating Configuration Update Complete"
time="2026-08-11T17:15:53+08:00" level=info msg="[GNB][NGAP] Receive Downlink NAS Transport"
time="2026-08-11T17:15:53+08:00" level=info msg="[UE][NAS] Message without security header"
time="2026-08-11T17:15:53+08:00" level=info msg="[UE][NAS] Receive Authentication Request"
time="2026-08-11T17:15:53+08:00" level=info msg="[UE][NAS][MAC] Authenticity of the authentication request message: OK"
time="2026-08-11T17:15:53+08:00" level=info msg="[UE][NAS][SQN] SQN of the authentication request message: VALID"
time="2026-08-11T17:15:53+08:00" level=info msg="[UE][NAS] Send authentication response"
time="2026-08-11T17:15:53+08:00" level=info msg="[UE] Switched from state 2 to state 2"
time="2026-08-11T17:15:53+08:00" level=info msg="[GNB][SCTP] Receive message in 0 stream\n"
time="2026-08-11T17:15:53+08:00" level=info msg="[GNB][NGAP] Receive Downlink NAS Transport"
time="2026-08-11T17:15:53+08:00" level=info msg="[UE][NAS] Message with security header"
time="2026-08-11T17:15:53+08:00" level=info msg="[UE][NAS] Message with integrity and ciphered"
time="2026-08-11T17:15:53+08:00" level=info msg="[UE][NAS] successful NAS CIPHERING"
time="2026-08-11T17:15:53+08:00" level=info msg="[UE][NAS] successful NAS MAC verification"
time="2026-08-11T17:15:53+08:00" level=info msg="[UE][NAS] Receive Configuration Update Command"
time="2026-08-11T17:15:53+08:00" level=info msg="[UE] Initiating Configuration Update Complete"
time="2026-08-11T17:15:53+08:00" level=info msg="[GNB][SCTP] Receive message in 0 stream\n"
time="2026-08-11T17:15:53+08:00" level=info msg="[GNB][NGAP] Receive Downlink NAS Transport"
time="2026-08-11T17:15:53+08:00" level=info msg="[UE][NAS] Message with security header"
time="2026-08-11T17:15:53+08:00" level=info msg="[UE][NAS] Message with integrity and with NEW 5G NAS SECURITY CONTEXT"
time="2026-08-11T17:15:53+08:00" level=info msg="[UE][NAS] successful NAS MAC verification"
time="2026-08-11T17:15:53+08:00" level=info msg="[UE][NAS] Receive Security Mode Command"
time="2026-08-11T17:15:53+08:00" level=info msg="[UE][NAS] Type of ciphering algorithm is 5G-EA0"
time="2026-08-11T17:15:53+08:00" level=info msg="[UE][NAS] Type of integrity protection algorithm is 128-5G-IA2"
time="2026-08-11T17:15:53+08:00" level=info msg="[GNB][SCTP] Receive message in 0 stream\n"
time="2026-08-11T17:15:53+08:00" level=info msg="[GNB][NGAP] Receive Initial Context Setup Request"
time="2026-08-11T17:15:53+08:00" level=info msg="[GNB][UE] UE Context was created with successful"
time="2026-08-11T17:15:53+08:00" level=info msg="[GNB][UE] UE RAN ID 81"
time="2026-08-11T17:15:53+08:00" level=info msg="[GNB][UE] UE AMF ID 97"
time="2026-08-11T17:15:53+08:00" level=info msg="[GNB][UE] UE Mobility Restrict --Plmn-- Mcc: 208 Mnc: 93"
time="2026-08-11T17:15:53+08:00" level=info msg="[GNB][UE] UE Masked Imeisv: 1110000000ffff00"
time="2026-08-11T17:15:53+08:00" level=info msg="[GNB][UE] Allowed Nssai-- Sst: [01 01] Sd: [010203 112233]"
time="2026-08-11T17:15:53+08:00" level=info msg="[GNB][NGAP][AMF] Send Initial Context Setup Response."
time="2026-08-11T17:15:53+08:00" level=info msg="[GNB] Initiating Initial Context Setup Response"
time="2026-08-11T17:15:53+08:00" level=info msg="[GNB][NGAP] No PDU Session to set up in InitialContextSetupResponse."
time="2026-08-11T17:15:53+08:00" level=info msg="[UE][NAS] Message with security header"
time="2026-08-11T17:15:53+08:00" level=info msg="[UE][NAS] Message with integrity and ciphered"
time="2026-08-11T17:15:53+08:00" level=info msg="[UE][NAS] successful NAS CIPHERING"
time="2026-08-11T17:15:53+08:00" level=info msg="[UE][NAS] successful NAS MAC verification"
time="2026-08-11T17:15:53+08:00" level=info msg="[UE][NAS] Receive Registration Accept"
time="2026-08-11T17:15:53+08:00" level=info msg="[UE][NAS] UE 5G GUTI: &{119 11 [242 2 248 57 202 254 0 0 0 0 97]}"
time="2026-08-11T17:15:53+08:00" level=info msg="[UE] Switched from state 2 to state 3"
time="2026-08-11T17:15:54+08:00" level=info msg="[GNB][SCTP] Receive message in 0 stream\n"
time="2026-08-11T17:15:54+08:00" level=info msg="[GNB][NGAP] Receive Downlink NAS Transport"
time="2026-08-11T17:15:54+08:00" level=info msg="[UE][NAS] Message with security header"
time="2026-08-11T17:15:54+08:00" level=info msg="[UE][NAS] Message with integrity and with NEW 5G NAS SECURITY CONTEXT"
time="2026-08-11T17:15:54+08:00" level=info msg="[UE][NAS] successful NAS MAC verification"
time="2026-08-11T17:15:54+08:00" level=info msg="[UE][NAS] Receive Security Mode Command"
time="2026-08-11T17:15:54+08:00" level=info msg="[UE][NAS] Type of ciphering algorithm is 5G-EA0"
time="2026-08-11T17:15:54+08:00" level=info msg="[UE][NAS] Type of integrity protection algorithm is 128-5G-IA2"
time="2026-08-11T17:15:54+08:00" level=info msg="[GNB][SCTP] Receive message in 0 stream\n"
time="2026-08-11T17:15:54+08:00" level=info msg="[GNB][NGAP] Receive Downlink NAS Transport"
time="2026-08-11T17:15:54+08:00" level=info msg="[UE][NAS] Message with security header"
time="2026-08-11T17:15:54+08:00" level=info msg="[UE][NAS] Message with integrity and ciphered"
time="2026-08-11T17:15:54+08:00" level=info msg="[UE][NAS] successful NAS CIPHERING"
time="2026-08-11T17:15:54+08:00" level=info msg="[UE][NAS] successful NAS MAC verification"
time="2026-08-11T17:15:54+08:00" level=info msg="[UE][NAS] Receive Configuration Update Command"
time="2026-08-11T17:15:54+08:00" level=info msg="[UE] Initiating Configuration Update Complete"
time="2026-08-11T17:15:54+08:00" level=info msg="[GNB][SCTP] Receive message in 0 stream\n"
time="2026-08-11T17:15:54+08:00" level=info msg="[GNB][NGAP] Receive Downlink NAS Transport"
time="2026-08-11T17:15:54+08:00" level=info msg="[UE][NAS] Message with security header"
time="2026-08-11T17:15:54+08:00" level=info msg="[UE][NAS] Message with integrity and ciphered"
time="2026-08-11T17:15:54+08:00" level=info msg="[UE][NAS] successful NAS CIPHERING"
time="2026-08-11T17:15:54+08:00" level=info msg="[UE][NAS] successful NAS MAC verification"
time="2026-08-11T17:15:54+08:00" level=info msg="[UE][NAS] Receive Configuration Update Command"
time="2026-08-11T17:15:54+08:00" level=info msg="[UE] Initiating Configuration Update Complete"
time="2026-08-11T17:15:54+08:00" level=info msg="[GNB][SCTP] Receive message in 0 stream\n"
time="2026-08-11T17:15:54+08:00" level=info msg="[GNB][NGAP] Receive Downlink NAS Transport"
time="2026-08-11T17:15:54+08:00" level=info msg="[UE][NAS] Message with security header"
time="2026-08-11T17:15:54+08:00" level=info msg="[UE][NAS] Message with integrity and ciphered"
time="2026-08-11T17:15:54+08:00" level=info msg="[UE][NAS] successful NAS CIPHERING"
time="2026-08-11T17:15:54+08:00" level=info msg="[UE][NAS] successful NAS MAC verification"
time="2026-08-11T17:15:54+08:00" level=info msg="[UE][NAS] Receive Configuration Update Command"
time="2026-08-11T17:15:54+08:00" level=info msg="[UE] Initiating Configuration Update Complete"
time="2026-08-11T17:15:54+08:00" level=info msg="[GNB][SCTP] Receive message in 0 stream\n"
time="2026-08-11T17:15:54+08:00" level=info msg="[GNB][NGAP] Receive Downlink NAS Transport"
time="2026-08-11T17:15:54+08:00" level=info msg="[UE][NAS] Message without security header"
time="2026-08-11T17:15:54+08:00" level=info msg="[UE][NAS] Receive Authentication Request"
time="2026-08-11T17:15:54+08:00" level=info msg="[UE][NAS][MAC] Authenticity of the authentication request message: OK"
time="2026-08-11T17:15:54+08:00" level=info msg="[UE][NAS][SQN] SQN of the authentication request message: VALID"
time="2026-08-11T17:15:54+08:00" level=info msg="[UE][NAS] Send authentication response"
time="2026-08-11T17:15:54+08:00" level=info msg="[UE] Switched from state 2 to state 2"
time="2026-08-11T17:15:54+08:00" level=info msg="[GNB][SCTP] Receive message in 0 stream\n"
time="2026-08-11T17:15:54+08:00" level=info msg="[GNB][NGAP] Receive Initial Context Setup Request"
time="2026-08-11T17:15:54+08:00" level=info msg="[GNB][UE] UE Context was created with successful"
time="2026-08-11T17:15:54+08:00" level=info msg="[GNB][UE] UE RAN ID 87"
time="2026-08-11T17:15:54+08:00" level=info msg="[GNB][UE] UE AMF ID 98"
time="2026-08-11T17:15:54+08:00" level=info msg="[GNB][UE] UE Mobility Restrict --Plmn-- Mcc: 208 Mnc: 93"
time="2026-08-11T17:15:54+08:00" level=info msg="[GNB][UE] UE Masked Imeisv: 1110000000ffff00"
time="2026-08-11T17:15:54+08:00" level=info msg="[GNB][UE] Allowed Nssai-- Sst: [01 01] Sd: [010203 112233]"
time="2026-08-11T17:15:54+08:00" level=info msg="[GNB][NGAP][AMF] Send Initial Context Setup Response."
time="2026-08-11T17:15:54+08:00" level=info msg="[GNB] Initiating Initial Context Setup Response"
time="2026-08-11T17:15:54+08:00" level=info msg="[GNB][NGAP] No PDU Session to set up in InitialContextSetupResponse."
time="2026-08-11T17:15:54+08:00" level=info msg="[UE][NAS] Message with security header"
time="2026-08-11T17:15:54+08:00" level=info msg="[UE][NAS] Message with integrity and ciphered"
time="2026-08-11T17:15:54+08:00" level=info msg="[UE][NAS] successful NAS CIPHERING"
time="2026-08-11T17:15:54+08:00" level=info msg="[UE][NAS] successful NAS MAC verification"
time="2026-08-11T17:15:54+08:00" level=info msg="[UE][NAS] Receive Registration Accept"
time="2026-08-11T17:15:54+08:00" level=info msg="[UE][NAS] UE 5G GUTI: &{119 11 [242 2 248 57 202 254 0 0 0 0 98]}"
time="2026-08-11T17:15:54+08:00" level=info msg="[UE] Switched from state 2 to state 3"
time="2026-08-11T17:15:54+08:00" level=info msg="[GNB][SCTP] Receive message in 0 stream\n"
time="2026-08-11T17:15:54+08:00" level=info msg="[GNB][SCTP] Receive message in 0 stream\n"
time="2026-08-11T17:15:54+08:00" level=info msg="[GNB][NGAP] Receive Initial Context Setup Request"
time="2026-08-11T17:15:54+08:00" level=info msg="[GNB][UE] UE Context was created with successful"
time="2026-08-11T17:15:54+08:00" level=info msg="[GNB][UE] UE RAN ID 75"
time="2026-08-11T17:15:54+08:00" level=info msg="[GNB][UE] UE AMF ID 96"
time="2026-08-11T17:15:54+08:00" level=info msg="[GNB][UE] UE Mobility Restrict --Plmn-- Mcc: 208 Mnc: 93"
time="2026-08-11T17:15:54+08:00" level=info msg="[GNB][UE] UE Masked Imeisv: 1110000000ffff00"
time="2026-08-11T17:15:54+08:00" level=info msg="[GNB][UE] Allowed Nssai-- Sst: [01 01] Sd: [010203 112233]"
time="2026-08-11T17:15:54+08:00" level=info msg="[GNB][NGAP][AMF] Send Initial Context Setup Response."
time="2026-08-11T17:15:54+08:00" level=info msg="[GNB] Initiating Initial Context Setup Response"
time="2026-08-11T17:15:54+08:00" level=info msg="[GNB][NGAP] No PDU Session to set up in InitialContextSetupResponse."
time="2026-08-11T17:15:54+08:00" level=info msg="[UE][NAS] Message with security header"
time="2026-08-11T17:15:54+08:00" level=info msg="[UE][NAS] Message with integrity and ciphered"
time="2026-08-11T17:15:54+08:00" level=info msg="[UE][NAS] successful NAS CIPHERING"
time="2026-08-11T17:15:54+08:00" level=info msg="[UE][NAS] successful NAS MAC verification"
time="2026-08-11T17:15:54+08:00" level=info msg="[UE][NAS] Receive Registration Accept"
time="2026-08-11T17:15:54+08:00" level=info msg="[UE][NAS] UE 5G GUTI: &{119 11 [242 2 248 57 202 254 0 0 0 0 96]}"
time="2026-08-11T17:15:54+08:00" level=info msg="[GNB][NGAP] Receive Initial Context Setup Request"
time="2026-08-11T17:15:54+08:00" level=info msg="[GNB][UE] UE Context was created with successful"
time="2026-08-11T17:15:54+08:00" level=info msg="[GNB][UE] UE RAN ID 63"
time="2026-08-11T17:15:54+08:00" level=info msg="[GNB][UE] UE AMF ID 94"
time="2026-08-11T17:15:54+08:00" level=info msg="[GNB][UE] UE Mobility Restrict --Plmn-- Mcc: 208 Mnc: 93"
time="2026-08-11T17:15:54+08:00" level=info msg="[GNB][UE] UE Masked Imeisv: 1110000000ffff00"
time="2026-08-11T17:15:54+08:00" level=info msg="[GNB][UE] Allowed Nssai-- Sst: [01 01] Sd: [010203 112233]"
time="2026-08-11T17:15:54+08:00" level=info msg="[GNB][NGAP][AMF] Send Initial Context Setup Response."
time="2026-08-11T17:15:54+08:00" level=info msg="[GNB] Initiating Initial Context Setup Response"
time="2026-08-11T17:15:54+08:00" level=info msg="[GNB][NGAP] No PDU Session to set up in InitialContextSetupResponse."
time="2026-08-11T17:15:54+08:00" level=info msg="[UE] Switched from state 2 to state 3"
time="2026-08-11T17:15:54+08:00" level=info msg="[UE][NAS] Message with security header"
time="2026-08-11T17:15:54+08:00" level=info msg="[UE][NAS] Message with integrity and ciphered"
time="2026-08-11T17:15:54+08:00" level=info msg="[UE][NAS] successful NAS CIPHERING"
time="2026-08-11T17:15:54+08:00" level=info msg="[UE][NAS] successful NAS MAC verification"
time="2026-08-11T17:15:54+08:00" level=info msg="[UE][NAS] Receive Registration Accept"
time="2026-08-11T17:15:54+08:00" level=info msg="[UE][NAS] UE 5G GUTI: &{119 11 [242 2 248 57 202 254 0 0 0 0 94]}"
time="2026-08-11T17:15:54+08:00" level=info msg="[UE] Switched from state 2 to state 3"
time="2026-08-11T17:15:54+08:00" level=info msg="[GNB][SCTP] Receive message in 0 stream\n"
time="2026-08-11T17:15:54+08:00" level=info msg="[GNB][NGAP] Receive Downlink NAS Transport"
time="2026-08-11T17:15:54+08:00" level=info msg="[UE][NAS] Message with security header"
time="2026-08-11T17:15:54+08:00" level=info msg="[UE][NAS] Message with integrity and ciphered"
time="2026-08-11T17:15:54+08:00" level=info msg="[UE][NAS] successful NAS CIPHERING"
time="2026-08-11T17:15:54+08:00" level=info msg="[UE][NAS] successful NAS MAC verification"
time="2026-08-11T17:15:54+08:00" level=info msg="[UE][NAS] Receive Configuration Update Command"
time="2026-08-11T17:15:54+08:00" level=info msg="[UE] Initiating Configuration Update Complete"
time="2026-08-11T17:15:54+08:00" level=info msg="[GNB][SCTP] Receive message in 0 stream\n"
time="2026-08-11T17:15:54+08:00" level=info msg="[GNB][SCTP] Receive message in 0 stream\n"
time="2026-08-11T17:15:54+08:00" level=info msg="[GNB][NGAP] Receive Downlink NAS Transport"
time="2026-08-11T17:15:54+08:00" level=info msg="[UE][NAS] Message with security header"
time="2026-08-11T17:15:54+08:00" level=info msg="[UE][NAS] Message with integrity and ciphered"
time="2026-08-11T17:15:54+08:00" level=info msg="[UE][NAS] successful NAS CIPHERING"
time="2026-08-11T17:15:54+08:00" level=info msg="[UE][NAS] successful NAS MAC verification"
time="2026-08-11T17:15:54+08:00" level=info msg="[UE][NAS] Receive Configuration Update Command"
time="2026-08-11T17:15:54+08:00" level=info msg="[UE] Initiating Configuration Update Complete"
time="2026-08-11T17:15:54+08:00" level=info msg="[GNB][NGAP] Receive Downlink NAS Transport"
time="2026-08-11T17:15:54+08:00" level=info msg="[UE][NAS] Message with security header"
time="2026-08-11T17:15:54+08:00" level=info msg="[UE][NAS] Message with integrity and ciphered"
time="2026-08-11T17:15:54+08:00" level=info msg="[UE][NAS] successful NAS CIPHERING"
time="2026-08-11T17:15:54+08:00" level=info msg="[UE][NAS] successful NAS MAC verification"
time="2026-08-11T17:15:54+08:00" level=info msg="[UE][NAS] Receive Configuration Update Command"
time="2026-08-11T17:15:54+08:00" level=info msg="[UE] Initiating Configuration Update Complete"
time="2026-08-11T17:15:54+08:00" level=info msg="[GNB][SCTP] Receive message in 0 stream\n"
time="2026-08-11T17:15:54+08:00" level=info msg="[GNB][NGAP] Receive Downlink NAS Transport"
time="2026-08-11T17:15:54+08:00" level=info msg="[UE][NAS] Message without security header"
time="2026-08-11T17:15:54+08:00" level=info msg="[UE][NAS] Receive Authentication Request"
time="2026-08-11T17:15:54+08:00" level=info msg="[UE][NAS][MAC] Authenticity of the authentication request message: OK"
time="2026-08-11T17:15:54+08:00" level=info msg="[UE][NAS][SQN] SQN of the authentication request message: VALID"
time="2026-08-11T17:15:54+08:00" level=info msg="[UE][NAS] Send authentication response"
time="2026-08-11T17:15:54+08:00" level=info msg="[UE] Switched from state 2 to state 2"
time="2026-08-11T17:15:54+08:00" level=info msg="[GNB][SCTP] Receive message in 0 stream\n"
time="2026-08-11T17:15:54+08:00" level=info msg="[GNB][NGAP] Receive Downlink NAS Transport"
time="2026-08-11T17:15:54+08:00" level=info msg="[UE][NAS] Message with security header"
time="2026-08-11T17:15:54+08:00" level=info msg="[UE][NAS] Message with integrity and with NEW 5G NAS SECURITY CONTEXT"
time="2026-08-11T17:15:54+08:00" level=info msg="[UE][NAS] successful NAS MAC verification"
time="2026-08-11T17:15:54+08:00" level=info msg="[UE][NAS] Receive Security Mode Command"
time="2026-08-11T17:15:54+08:00" level=info msg="[UE][NAS] Type of ciphering algorithm is 5G-EA0"
time="2026-08-11T17:15:54+08:00" level=info msg="[UE][NAS] Type of integrity protection algorithm is 128-5G-IA2"
time="2026-08-11T17:15:54+08:00" level=info msg="[GNB][SCTP] Receive message in 0 stream\n"
time="2026-08-11T17:15:54+08:00" level=info msg="[GNB][NGAP] Receive Downlink NAS Transport"
time="2026-08-11T17:15:54+08:00" level=info msg="[UE][NAS] Message without security header"
time="2026-08-11T17:15:54+08:00" level=info msg="[UE][NAS] Receive Authentication Request"
time="2026-08-11T17:15:54+08:00" level=info msg="[UE][NAS][MAC] Authenticity of the authentication request message: OK"
time="2026-08-11T17:15:54+08:00" level=info msg="[UE][NAS][SQN] SQN of the authentication request message: VALID"
time="2026-08-11T17:15:54+08:00" level=info msg="[UE][NAS] Send authentication response"
time="2026-08-11T17:15:54+08:00" level=info msg="[UE] Switched from state 2 to state 2"
time="2026-08-11T17:15:54+08:00" level=info msg="[GNB][SCTP] Receive message in 0 stream\n"
time="2026-08-11T17:15:54+08:00" level=info msg="[GNB][NGAP] Receive Downlink NAS Transport"
time="2026-08-11T17:15:54+08:00" level=info msg="[UE][NAS] Message without security header"
time="2026-08-11T17:15:54+08:00" level=info msg="[UE][NAS] Receive Authentication Request"
time="2026-08-11T17:15:54+08:00" level=info msg="[UE][NAS][MAC] Authenticity of the authentication request message: OK"
time="2026-08-11T17:15:54+08:00" level=info msg="[UE][NAS][SQN] SQN of the authentication request message: VALID"
time="2026-08-11T17:15:54+08:00" level=info msg="[UE][NAS] Send authentication response"
time="2026-08-11T17:15:54+08:00" level=info msg="[UE] Switched from state 1 to state 2"
time="2026-08-11T17:15:54+08:00" level=info msg="[GNB][SCTP] Receive message in 0 stream\n"
time="2026-08-11T17:15:54+08:00" level=info msg="[GNB][NGAP] Receive Downlink NAS Transport"
time="2026-08-11T17:15:54+08:00" level=info msg="[UE][NAS] Message without security header"
time="2026-08-11T17:15:54+08:00" level=info msg="[UE][NAS] Receive Authentication Request"
time="2026-08-11T17:15:54+08:00" level=info msg="[UE][NAS][MAC] Authenticity of the authentication request message: OK"
time="2026-08-11T17:15:54+08:00" level=info msg="[UE][NAS][SQN] SQN of the authentication request message: VALID"
time="2026-08-11T17:15:54+08:00" level=info msg="[UE][NAS] Send authentication response"
time="2026-08-11T17:15:54+08:00" level=info msg="[UE] Switched from state 1 to state 2"
time="2026-08-11T17:15:54+08:00" level=info msg="[GNB][SCTP] Receive message in 0 stream\n"
time="2026-08-11T17:15:54+08:00" level=info msg="[GNB][NGAP] Receive Downlink NAS Transport"
time="2026-08-11T17:15:54+08:00" level=info msg="[UE][NAS] Message with security header"
time="2026-08-11T17:15:54+08:00" level=info msg="[UE][NAS] Message with integrity and with NEW 5G NAS SECURITY CONTEXT"
time="2026-08-11T17:15:54+08:00" level=info msg="[UE][NAS] successful NAS MAC verification"
time="2026-08-11T17:15:54+08:00" level=info msg="[UE][NAS] Receive Security Mode Command"
time="2026-08-11T17:15:54+08:00" level=info msg="[UE][NAS] Type of ciphering algorithm is 5G-EA0"
time="2026-08-11T17:15:54+08:00" level=info msg="[UE][NAS] Type of integrity protection algorithm is 128-5G-IA2"
time="2026-08-11T17:15:54+08:00" level=info msg="[GNB][SCTP] Receive message in 0 stream\n"
time="2026-08-11T17:15:54+08:00" level=info msg="[GNB][NGAP] Receive Initial Context Setup Request"
time="2026-08-11T17:15:54+08:00" level=info msg="[GNB][UE] UE Context was created with successful"
time="2026-08-11T17:15:54+08:00" level=info msg="[GNB][UE] UE RAN ID 10"
time="2026-08-11T17:15:54+08:00" level=info msg="[GNB][UE] UE AMF ID 9"
time="2026-08-11T17:15:54+08:00" level=info msg="[GNB][UE] UE Mobility Restrict --Plmn-- Mcc: 208 Mnc: 93"
time="2026-08-11T17:15:54+08:00" level=info msg="[GNB][UE] UE Masked Imeisv: 1110000000ffff00"
time="2026-08-11T17:15:54+08:00" level=info msg="[GNB][UE] Allowed Nssai-- Sst: [01 01] Sd: [010203 112233]"
time="2026-08-11T17:15:54+08:00" level=info msg="[GNB][NGAP][AMF] Send Initial Context Setup Response."
time="2026-08-11T17:15:54+08:00" level=info msg="[GNB] Initiating Initial Context Setup Response"
time="2026-08-11T17:15:54+08:00" level=info msg="[GNB][NGAP] No PDU Session to set up in InitialContextSetupResponse."
time="2026-08-11T17:15:54+08:00" level=info msg="[UE][NAS] Message with security header"
time="2026-08-11T17:15:54+08:00" level=info msg="[UE][NAS] Message with integrity and ciphered"
time="2026-08-11T17:15:54+08:00" level=info msg="[UE][NAS] successful NAS CIPHERING"
time="2026-08-11T17:15:54+08:00" level=info msg="[UE][NAS] successful NAS MAC verification"
time="2026-08-11T17:15:54+08:00" level=info msg="[UE][NAS] Receive Registration Accept"
time="2026-08-11T17:15:54+08:00" level=info msg="[UE][NAS] UE 5G GUTI: &{119 11 [242 2 248 57 202 254 0 0 0 0 9]}"
time="2026-08-11T17:15:54+08:00" level=info msg="[UE] Switched from state 3 to state 3"
time="2026-08-11T17:15:54+08:00" level=info msg="[GNB][SCTP] Receive message in 0 stream\n"
time="2026-08-11T17:15:54+08:00" level=info msg="[GNB][NGAP] Receive Downlink NAS Transport"
time="2026-08-11T17:15:54+08:00" level=info msg="[UE][NAS] Message with security header"
time="2026-08-11T17:15:54+08:00" level=info msg="[UE][NAS] Message with integrity and with NEW 5G NAS SECURITY CONTEXT"
time="2026-08-11T17:15:54+08:00" level=info msg="[UE][NAS] successful NAS MAC verification"
time="2026-08-11T17:15:54+08:00" level=info msg="[UE][NAS] Receive Security Mode Command"
time="2026-08-11T17:15:54+08:00" level=info msg="[UE][NAS] Type of ciphering algorithm is 5G-EA0"
time="2026-08-11T17:15:54+08:00" level=info msg="[UE][NAS] Type of integrity protection algorithm is 128-5G-IA2"
time="2026-08-11T17:15:54+08:00" level=info msg="[GNB][SCTP] Receive message in 0 stream\n"
time="2026-08-11T17:15:54+08:00" level=info msg="[GNB][NGAP] Receive Downlink NAS Transport"
time="2026-08-11T17:15:54+08:00" level=info msg="[UE][NAS] Message with security header"
time="2026-08-11T17:15:54+08:00" level=info msg="[UE][NAS] Message with integrity and with NEW 5G NAS SECURITY CONTEXT"
time="2026-08-11T17:15:54+08:00" level=info msg="[UE][NAS] successful NAS MAC verification"
time="2026-08-11T17:15:54+08:00" level=info msg="[UE][NAS] Receive Security Mode Command"
time="2026-08-11T17:15:54+08:00" level=info msg="[UE][NAS] Type of ciphering algorithm is 5G-EA0"
time="2026-08-11T17:15:54+08:00" level=info msg="[UE][NAS] Type of integrity protection algorithm is 128-5G-IA2"
time="2026-08-11T17:15:54+08:00" level=info msg="[GNB][SCTP] Receive message in 0 stream\n"
time="2026-08-11T17:15:54+08:00" level=info msg="[GNB][NGAP] Receive Downlink NAS Transport"
time="2026-08-11T17:15:54+08:00" level=info msg="[UE][NAS] Message with security header"
time="2026-08-11T17:15:54+08:00" level=info msg="[UE][NAS] Message with integrity and with NEW 5G NAS SECURITY CONTEXT"
time="2026-08-11T17:15:54+08:00" level=info msg="[UE][NAS] successful NAS MAC verification"
time="2026-08-11T17:15:54+08:00" level=info msg="[UE][NAS] Receive Security Mode Command"
time="2026-08-11T17:15:54+08:00" level=info msg="[UE][NAS] Type of ciphering algorithm is 5G-EA0"
time="2026-08-11T17:15:54+08:00" level=info msg="[UE][NAS] Type of integrity protection algorithm is 128-5G-IA2"
time="2026-08-11T17:15:55+08:00" level=info msg="[GNB][SCTP] Receive message in 0 stream\n"
time="2026-08-11T17:15:55+08:00" level=info msg="[GNB][NGAP] Receive Downlink NAS Transport"
time="2026-08-11T17:15:55+08:00" level=info msg="[UE][NAS] Message with security header"
time="2026-08-11T17:15:55+08:00" level=info msg="[UE][NAS] Message with integrity and with NEW 5G NAS SECURITY CONTEXT"
time="2026-08-11T17:15:55+08:00" level=info msg="[UE][NAS] successful NAS MAC verification"
time="2026-08-11T17:15:55+08:00" level=info msg="[UE][NAS] Receive Security Mode Command"
time="2026-08-11T17:15:55+08:00" level=info msg="[UE][NAS] Type of ciphering algorithm is 5G-EA0"
time="2026-08-11T17:15:55+08:00" level=info msg="[UE][NAS] Type of integrity protection algorithm is 128-5G-IA2"
time="2026-08-11T17:15:55+08:00" level=info msg="[GNB][SCTP] Receive message in 0 stream\n"
time="2026-08-11T17:15:55+08:00" level=info msg="[GNB][NGAP] Receive Downlink NAS Transport"
time="2026-08-11T17:15:55+08:00" level=info msg="[UE][NAS] Message with security header"
time="2026-08-11T17:15:55+08:00" level=info msg="[UE][NAS] Message with integrity and with NEW 5G NAS SECURITY CONTEXT"
time="2026-08-11T17:15:55+08:00" level=info msg="[UE][NAS] successful NAS MAC verification"
time="2026-08-11T17:15:55+08:00" level=info msg="[UE][NAS] Receive Security Mode Command"
time="2026-08-11T17:15:55+08:00" level=info msg="[UE][NAS] Type of ciphering algorithm is 5G-EA0"
time="2026-08-11T17:15:55+08:00" level=info msg="[UE][NAS] Type of integrity protection algorithm is 128-5G-IA2"
time="2026-08-11T17:15:55+08:00" level=info msg="[GNB][SCTP] Receive message in 0 stream\n"
time="2026-08-11T17:15:55+08:00" level=info msg="[GNB][NGAP] Receive Downlink NAS Transport"
time="2026-08-11T17:15:55+08:00" level=info msg="[UE][NAS] Message with security header"
time="2026-08-11T17:15:55+08:00" level=info msg="[UE][NAS] Message with integrity and with NEW 5G NAS SECURITY CONTEXT"
time="2026-08-11T17:15:55+08:00" level=info msg="[UE][NAS] successful NAS MAC verification"
time="2026-08-11T17:15:55+08:00" level=info msg="[UE][NAS] Receive Security Mode Command"
time="2026-08-11T17:15:55+08:00" level=info msg="[UE][NAS] Type of ciphering algorithm is 5G-EA0"
time="2026-08-11T17:15:55+08:00" level=info msg="[UE][NAS] Type of integrity protection algorithm is 128-5G-IA2"
time="2026-08-11T17:15:55+08:00" level=info msg="[GNB][SCTP] Receive message in 0 stream\n"
time="2026-08-11T17:15:55+08:00" level=info msg="[GNB][NGAP] Receive Downlink NAS Transport"
time="2026-08-11T17:15:55+08:00" level=info msg="[UE][NAS] Message with security header"
time="2026-08-11T17:15:55+08:00" level=info msg="[UE][NAS] Message with integrity and with NEW 5G NAS SECURITY CONTEXT"
time="2026-08-11T17:15:55+08:00" level=info msg="[UE][NAS] successful NAS MAC verification"
time="2026-08-11T17:15:55+08:00" level=info msg="[UE][NAS] Receive Security Mode Command"
time="2026-08-11T17:15:55+08:00" level=info msg="[UE][NAS] Type of ciphering algorithm is 5G-EA0"
time="2026-08-11T17:15:55+08:00" level=info msg="[UE][NAS] Type of integrity protection algorithm is 128-5G-IA2"
time="2026-08-11T17:15:55+08:00" level=info msg="[GNB][SCTP] Receive message in 0 stream\n"
time="2026-08-11T17:15:55+08:00" level=info msg="[GNB][NGAP] Receive Downlink NAS Transport"
time="2026-08-11T17:15:55+08:00" level=info msg="[UE][NAS] Message with security header"
time="2026-08-11T17:15:55+08:00" level=info msg="[UE][NAS] Message with integrity and ciphered"
time="2026-08-11T17:15:55+08:00" level=info msg="[UE][NAS] successful NAS CIPHERING"
time="2026-08-11T17:15:55+08:00" level=info msg="[UE][NAS] successful NAS MAC verification"
time="2026-08-11T17:15:55+08:00" level=info msg="[UE][NAS] Receive Configuration Update Command"
time="2026-08-11T17:15:55+08:00" level=info msg="[UE] Initiating Configuration Update Complete"
time="2026-08-11T17:15:55+08:00" level=info msg="[GNB][SCTP] Receive message in 0 stream\n"
time="2026-08-11T17:15:55+08:00" level=info msg="[GNB][NGAP] Receive Initial Context Setup Request"
time="2026-08-11T17:15:55+08:00" level=info msg="[GNB][UE] UE Context was created with successful"
time="2026-08-11T17:15:55+08:00" level=info msg="[GNB][UE] UE RAN ID 99"
time="2026-08-11T17:15:55+08:00" level=info msg="[GNB][UE] UE AMF ID 100"
time="2026-08-11T17:15:55+08:00" level=info msg="[GNB][UE] UE Mobility Restrict --Plmn-- Mcc: 208 Mnc: 93"
time="2026-08-11T17:15:55+08:00" level=info msg="[GNB][UE] UE Masked Imeisv: 1110000000ffff00"
time="2026-08-11T17:15:55+08:00" level=info msg="[GNB][UE] Allowed Nssai-- Sst: [01 01] Sd: [010203 112233]"
time="2026-08-11T17:15:55+08:00" level=info msg="[GNB][NGAP][AMF] Send Initial Context Setup Response."
time="2026-08-11T17:15:55+08:00" level=info msg="[GNB] Initiating Initial Context Setup Response"
time="2026-08-11T17:15:55+08:00" level=info msg="[GNB][NGAP] No PDU Session to set up in InitialContextSetupResponse."
time="2026-08-11T17:15:55+08:00" level=info msg="[UE][NAS] Message with security header"
time="2026-08-11T17:15:55+08:00" level=info msg="[UE][NAS] Message with integrity and ciphered"
time="2026-08-11T17:15:55+08:00" level=info msg="[UE][NAS] successful NAS CIPHERING"
time="2026-08-11T17:15:55+08:00" level=info msg="[UE][NAS] successful NAS MAC verification"
time="2026-08-11T17:15:55+08:00" level=info msg="[UE][NAS] Receive Registration Accept"
time="2026-08-11T17:15:55+08:00" level=info msg="[UE][NAS] UE 5G GUTI: &{119 11 [242 2 248 57 202 254 0 0 0 0 100]}"
time="2026-08-11T17:15:55+08:00" level=info msg="[UE] Switched from state 2 to state 3"
time="2026-08-11T17:15:55+08:00" level=info msg="[GNB][SCTP] Receive message in 0 stream\n"
time="2026-08-11T17:15:55+08:00" level=info msg="[GNB][NGAP] Receive Downlink NAS Transport"
time="2026-08-11T17:15:55+08:00" level=info msg="[UE][NAS] Message with security header"
time="2026-08-11T17:15:55+08:00" level=info msg="[UE][NAS] Message with integrity and ciphered"
time="2026-08-11T17:15:55+08:00" level=info msg="[UE][NAS] successful NAS CIPHERING"
time="2026-08-11T17:15:55+08:00" level=info msg="[UE][NAS] successful NAS MAC verification"
time="2026-08-11T17:15:55+08:00" level=info msg="[UE][NAS] Receive Configuration Update Command"
time="2026-08-11T17:15:55+08:00" level=info msg="[UE] Initiating Configuration Update Complete"
time="2026-08-11T17:15:55+08:00" level=info msg="[GNB][SCTP] Receive message in 0 stream\n"
time="2026-08-11T17:15:55+08:00" level=info msg="[GNB][NGAP] Receive Initial Context Setup Request"
time="2026-08-11T17:15:55+08:00" level=info msg="[GNB][UE] UE Context was created with successful"
time="2026-08-11T17:15:55+08:00" level=info msg="[GNB][UE] UE RAN ID 33"
time="2026-08-11T17:15:55+08:00" level=info msg="[GNB][UE] UE AMF ID 33"
time="2026-08-11T17:15:55+08:00" level=info msg="[GNB][UE] UE Mobility Restrict --Plmn-- Mcc: 208 Mnc: 93"
time="2026-08-11T17:15:55+08:00" level=info msg="[GNB][UE] UE Masked Imeisv: 1110000000ffff00"
time="2026-08-11T17:15:55+08:00" level=info msg="[GNB][UE] Allowed Nssai-- Sst: [01 01] Sd: [010203 112233]"
time="2026-08-11T17:15:55+08:00" level=info msg="[GNB][NGAP][AMF] Send Initial Context Setup Response."
time="2026-08-11T17:15:55+08:00" level=info msg="[GNB] Initiating Initial Context Setup Response"
time="2026-08-11T17:15:55+08:00" level=info msg="[GNB][NGAP] No PDU Session to set up in InitialContextSetupResponse."
time="2026-08-11T17:15:55+08:00" level=info msg="[UE][NAS] Message with security header"
time="2026-08-11T17:15:55+08:00" level=info msg="[UE][NAS] Message with integrity and ciphered"
time="2026-08-11T17:15:55+08:00" level=info msg="[UE][NAS] successful NAS CIPHERING"
time="2026-08-11T17:15:55+08:00" level=info msg="[UE][NAS] successful NAS MAC verification"
time="2026-08-11T17:15:55+08:00" level=info msg="[UE][NAS] Receive Registration Accept"
time="2026-08-11T17:15:55+08:00" level=info msg="[UE][NAS] UE 5G GUTI: &{119 11 [242 2 248 57 202 254 0 0 0 0 33]}"
time="2026-08-11T17:15:55+08:00" level=info msg="[UE] Switched from state 2 to state 3"
time="2026-08-11T17:15:55+08:00" level=info msg="[GNB][SCTP] Receive message in 0 stream\n"
time="2026-08-11T17:15:55+08:00" level=info msg="[GNB][NGAP] Receive Downlink NAS Transport"
time="2026-08-11T17:15:55+08:00" level=info msg="[UE][NAS] Message with security header"
time="2026-08-11T17:15:55+08:00" level=info msg="[UE][NAS] Message with integrity and ciphered"
time="2026-08-11T17:15:55+08:00" level=info msg="[UE][NAS] successful NAS CIPHERING"
time="2026-08-11T17:15:55+08:00" level=info msg="[UE][NAS] successful NAS MAC verification"
time="2026-08-11T17:15:55+08:00" level=info msg="[UE][NAS] Receive Configuration Update Command"
time="2026-08-11T17:15:55+08:00" level=info msg="[UE] Initiating Configuration Update Complete"
time="2026-08-11T17:15:55+08:00" level=info msg="[GNB][SCTP] Receive message in 0 stream\n"
time="2026-08-11T17:15:55+08:00" level=info msg="[GNB][NGAP] Receive Initial Context Setup Request"
time="2026-08-11T17:15:55+08:00" level=info msg="[GNB][UE] UE Context was created with successful"
time="2026-08-11T17:15:55+08:00" level=info msg="[GNB][UE] UE RAN ID 41"
time="2026-08-11T17:15:55+08:00" level=info msg="[GNB][UE] UE AMF ID 39"
time="2026-08-11T17:15:55+08:00" level=info msg="[GNB][UE] UE Mobility Restrict --Plmn-- Mcc: 208 Mnc: 93"
time="2026-08-11T17:15:55+08:00" level=info msg="[GNB][UE] UE Masked Imeisv: 1110000000ffff00"
time="2026-08-11T17:15:55+08:00" level=info msg="[GNB][UE] Allowed Nssai-- Sst: [01 01] Sd: [010203 112233]"
time="2026-08-11T17:15:55+08:00" level=info msg="[GNB][NGAP][AMF] Send Initial Context Setup Response."
time="2026-08-11T17:15:55+08:00" level=info msg="[GNB] Initiating Initial Context Setup Response"
time="2026-08-11T17:15:55+08:00" level=info msg="[GNB][NGAP] No PDU Session to set up in InitialContextSetupResponse."
time="2026-08-11T17:15:55+08:00" level=info msg="[UE][NAS] Message with security header"
time="2026-08-11T17:15:55+08:00" level=info msg="[UE][NAS] Message with integrity and ciphered"
time="2026-08-11T17:15:55+08:00" level=info msg="[UE][NAS] successful NAS CIPHERING"
time="2026-08-11T17:15:55+08:00" level=info msg="[UE][NAS] successful NAS MAC verification"
time="2026-08-11T17:15:55+08:00" level=info msg="[UE][NAS] Receive Registration Accept"
time="2026-08-11T17:15:55+08:00" level=info msg="[UE][NAS] UE 5G GUTI: &{119 11 [242 2 248 57 202 254 0 0 0 0 39]}"
time="2026-08-11T17:15:55+08:00" level=info msg="[UE] Switched from state 2 to state 3"
time="2026-08-11T17:15:55+08:00" level=info msg="[GNB][SCTP] Receive message in 0 stream\n"
time="2026-08-11T17:15:55+08:00" level=info msg="[GNB][NGAP] Receive Initial Context Setup Request"
time="2026-08-11T17:15:55+08:00" level=info msg="[GNB][UE] UE Context was created with successful"
time="2026-08-11T17:15:55+08:00" level=info msg="[GNB][UE] UE RAN ID 45"
time="2026-08-11T17:15:55+08:00" level=info msg="[GNB][UE] UE AMF ID 45"
time="2026-08-11T17:15:55+08:00" level=info msg="[GNB][UE] UE Mobility Restrict --Plmn-- Mcc: 208 Mnc: 93"
time="2026-08-11T17:15:55+08:00" level=info msg="[GNB][UE] UE Masked Imeisv: 1110000000ffff00"
time="2026-08-11T17:15:55+08:00" level=info msg="[GNB][UE] Allowed Nssai-- Sst: [01 01] Sd: [010203 112233]"
time="2026-08-11T17:15:55+08:00" level=info msg="[GNB][NGAP][AMF] Send Initial Context Setup Response."
time="2026-08-11T17:15:55+08:00" level=info msg="[GNB] Initiating Initial Context Setup Response"
time="2026-08-11T17:15:55+08:00" level=info msg="[GNB][NGAP] No PDU Session to set up in InitialContextSetupResponse."
time="2026-08-11T17:15:55+08:00" level=info msg="[UE][NAS] Message with security header"
time="2026-08-11T17:15:55+08:00" level=info msg="[UE][NAS] Message with integrity and ciphered"
time="2026-08-11T17:15:55+08:00" level=info msg="[UE][NAS] successful NAS CIPHERING"
time="2026-08-11T17:15:55+08:00" level=info msg="[UE][NAS] successful NAS MAC verification"
time="2026-08-11T17:15:55+08:00" level=info msg="[UE][NAS] Receive Registration Accept"
time="2026-08-11T17:15:55+08:00" level=info msg="[UE][NAS] UE 5G GUTI: &{119 11 [242 2 248 57 202 254 0 0 0 0 45]}"
time="2026-08-11T17:15:55+08:00" level=info msg="[UE] Switched from state 2 to state 3"
time="2026-08-11T17:15:55+08:00" level=info msg="[GNB][SCTP] Receive message in 0 stream\n"
time="2026-08-11T17:15:55+08:00" level=info msg="[GNB][SCTP] Receive message in 0 stream\n"
time="2026-08-11T17:15:55+08:00" level=info msg="[GNB][NGAP] Receive Downlink NAS Transport"
time="2026-08-11T17:15:55+08:00" level=info msg="[UE][NAS] Message with security header"
time="2026-08-11T17:15:55+08:00" level=info msg="[UE][NAS] Message with integrity and ciphered"
time="2026-08-11T17:15:55+08:00" level=info msg="[UE][NAS] successful NAS CIPHERING"
time="2026-08-11T17:15:55+08:00" level=info msg="[UE][NAS] successful NAS MAC verification"
time="2026-08-11T17:15:55+08:00" level=info msg="[UE][NAS] Receive Configuration Update Command"
time="2026-08-11T17:15:55+08:00" level=info msg="[UE] Initiating Configuration Update Complete"
time="2026-08-11T17:15:55+08:00" level=info msg="[GNB][NGAP] Receive Downlink NAS Transport"
time="2026-08-11T17:15:55+08:00" level=info msg="[UE][NAS] Message with security header"
time="2026-08-11T17:15:55+08:00" level=info msg="[UE][NAS] Message with integrity and ciphered"
time="2026-08-11T17:15:55+08:00" level=info msg="[UE][NAS] successful NAS CIPHERING"
time="2026-08-11T17:15:55+08:00" level=info msg="[UE][NAS] successful NAS MAC verification"
time="2026-08-11T17:15:55+08:00" level=info msg="[UE][NAS] Receive Configuration Update Command"
time="2026-08-11T17:15:55+08:00" level=info msg="[UE] Initiating Configuration Update Complete"
time="2026-08-11T17:15:55+08:00" level=info msg="[GNB][SCTP] Receive message in 0 stream\n"
time="2026-08-11T17:15:55+08:00" level=info msg="[GNB][NGAP] Receive Initial Context Setup Request"
time="2026-08-11T17:15:55+08:00" level=info msg="[GNB][UE] UE Context was created with successful"
time="2026-08-11T17:15:55+08:00" level=info msg="[GNB][UE] UE RAN ID 57"
time="2026-08-11T17:15:55+08:00" level=info msg="[GNB][UE] UE AMF ID 51"
time="2026-08-11T17:15:55+08:00" level=info msg="[GNB][UE] UE Mobility Restrict --Plmn-- Mcc: 208 Mnc: 93"
time="2026-08-11T17:15:55+08:00" level=info msg="[GNB][UE] UE Masked Imeisv: 1110000000ffff00"
time="2026-08-11T17:15:55+08:00" level=info msg="[GNB][UE] Allowed Nssai-- Sst: [01 01] Sd: [010203 112233]"
time="2026-08-11T17:15:55+08:00" level=info msg="[GNB][NGAP][AMF] Send Initial Context Setup Response."
time="2026-08-11T17:15:55+08:00" level=info msg="[GNB] Initiating Initial Context Setup Response"
time="2026-08-11T17:15:55+08:00" level=info msg="[GNB][NGAP] No PDU Session to set up in InitialContextSetupResponse."
time="2026-08-11T17:15:55+08:00" level=info msg="[UE][NAS] Message with security header"
time="2026-08-11T17:15:55+08:00" level=info msg="[UE][NAS] Message with integrity and ciphered"
time="2026-08-11T17:15:55+08:00" level=info msg="[UE][NAS] successful NAS CIPHERING"
time="2026-08-11T17:15:55+08:00" level=info msg="[UE][NAS] successful NAS MAC verification"
time="2026-08-11T17:15:55+08:00" level=info msg="[UE][NAS] Receive Registration Accept"
time="2026-08-11T17:15:55+08:00" level=info msg="[UE][NAS] UE 5G GUTI: &{119 11 [242 2 248 57 202 254 0 0 0 0 51]}"
time="2026-08-11T17:15:55+08:00" level=info msg="[UE] Switched from state 2 to state 3"
time="2026-08-11T17:15:56+08:00" level=info msg="[GNB][SCTP] Receive message in 0 stream\n"
time="2026-08-11T17:15:56+08:00" level=info msg="[GNB][NGAP] Receive Downlink NAS Transport"
time="2026-08-11T17:15:56+08:00" level=info msg="[UE][NAS] Message with security header"
time="2026-08-11T17:15:56+08:00" level=info msg="[UE][NAS] Message with integrity and with NEW 5G NAS SECURITY CONTEXT"
time="2026-08-11T17:15:56+08:00" level=info msg="[UE][NAS] successful NAS MAC verification"
time="2026-08-11T17:15:56+08:00" level=info msg="[UE][NAS] Receive Security Mode Command"
time="2026-08-11T17:15:56+08:00" level=info msg="[UE][NAS] Type of ciphering algorithm is 5G-EA0"
time="2026-08-11T17:15:56+08:00" level=info msg="[UE][NAS] Type of integrity protection algorithm is 128-5G-IA2"
time="2026-08-11T17:15:56+08:00" level=info msg="[GNB][SCTP] Receive message in 0 stream\n"
time="2026-08-11T17:15:56+08:00" level=info msg="[GNB][NGAP] Receive Initial Context Setup Request"
time="2026-08-11T17:15:56+08:00" level=info msg="[GNB][UE] UE Context was created with successful"
time="2026-08-11T17:15:56+08:00" level=info msg="[GNB][UE] UE RAN ID 64"
time="2026-08-11T17:15:56+08:00" level=info msg="[GNB][UE] UE AMF ID 57"
time="2026-08-11T17:15:56+08:00" level=info msg="[GNB][UE] UE Mobility Restrict --Plmn-- Mcc: 208 Mnc: 93"
time="2026-08-11T17:15:56+08:00" level=info msg="[GNB][UE] UE Masked Imeisv: 1110000000ffff00"
time="2026-08-11T17:15:56+08:00" level=info msg="[GNB][UE] Allowed Nssai-- Sst: [01 01] Sd: [010203 112233]"
time="2026-08-11T17:15:56+08:00" level=info msg="[GNB][NGAP][AMF] Send Initial Context Setup Response."
time="2026-08-11T17:15:56+08:00" level=info msg="[GNB] Initiating Initial Context Setup Response"
time="2026-08-11T17:15:56+08:00" level=info msg="[GNB][NGAP] No PDU Session to set up in InitialContextSetupResponse."
time="2026-08-11T17:15:56+08:00" level=info msg="[UE][NAS] Message with security header"
time="2026-08-11T17:15:56+08:00" level=info msg="[UE][NAS] Message with integrity and ciphered"
time="2026-08-11T17:15:56+08:00" level=info msg="[UE][NAS] successful NAS CIPHERING"
time="2026-08-11T17:15:56+08:00" level=info msg="[UE][NAS] successful NAS MAC verification"
time="2026-08-11T17:15:56+08:00" level=info msg="[UE][NAS] Receive Registration Accept"
time="2026-08-11T17:15:56+08:00" level=info msg="[UE][NAS] UE 5G GUTI: &{119 11 [242 2 248 57 202 254 0 0 0 0 57]}"
time="2026-08-11T17:15:56+08:00" level=info msg="[UE] Switched from state 2 to state 3"
time="2026-08-11T17:15:56+08:00" level=info msg="[GNB][SCTP] Receive message in 0 stream\n"
time="2026-08-11T17:15:56+08:00" level=info msg="[GNB][NGAP] Receive Initial Context Setup Request"
time="2026-08-11T17:15:56+08:00" level=info msg="[GNB][UE] UE Context was created with successful"
time="2026-08-11T17:15:56+08:00" level=info msg="[GNB][UE] UE RAN ID 56"
time="2026-08-11T17:15:56+08:00" level=info msg="[GNB][UE] UE AMF ID 63"
time="2026-08-11T17:15:56+08:00" level=info msg="[GNB][UE] UE Mobility Restrict --Plmn-- Mcc: 208 Mnc: 93"
time="2026-08-11T17:15:56+08:00" level=info msg="[GNB][UE] UE Masked Imeisv: 1110000000ffff00"
time="2026-08-11T17:15:56+08:00" level=info msg="[GNB][UE] Allowed Nssai-- Sst: [01 01] Sd: [010203 112233]"
time="2026-08-11T17:15:56+08:00" level=info msg="[GNB][NGAP][AMF] Send Initial Context Setup Response."
time="2026-08-11T17:15:56+08:00" level=info msg="[GNB] Initiating Initial Context Setup Response"
time="2026-08-11T17:15:56+08:00" level=info msg="[GNB][NGAP] No PDU Session to set up in InitialContextSetupResponse."
time="2026-08-11T17:15:56+08:00" level=info msg="[UE][NAS] Message with security header"
time="2026-08-11T17:15:56+08:00" level=info msg="[UE][NAS] Message with integrity and ciphered"
time="2026-08-11T17:15:56+08:00" level=info msg="[UE][NAS] successful NAS CIPHERING"
time="2026-08-11T17:15:56+08:00" level=info msg="[UE][NAS] successful NAS MAC verification"
time="2026-08-11T17:15:56+08:00" level=info msg="[UE][NAS] Receive Registration Accept"
time="2026-08-11T17:15:56+08:00" level=info msg="[UE][NAS] UE 5G GUTI: &{119 11 [242 2 248 57 202 254 0 0 0 0 63]}"
time="2026-08-11T17:15:56+08:00" level=info msg="[UE] Switched from state 2 to state 3"
time="2026-08-11T17:15:56+08:00" level=info msg="[GNB][SCTP] Receive message in 0 stream\n"
time="2026-08-11T17:15:56+08:00" level=info msg="[GNB][NGAP] Receive Initial Context Setup Request"
time="2026-08-11T17:15:56+08:00" level=info msg="[GNB][UE] UE Context was created with successful"
time="2026-08-11T17:15:56+08:00" level=info msg="[GNB][UE] UE RAN ID 84"
time="2026-08-11T17:15:56+08:00" level=info msg="[GNB][UE] UE AMF ID 69"
time="2026-08-11T17:15:56+08:00" level=info msg="[GNB][UE] UE Mobility Restrict --Plmn-- Mcc: 208 Mnc: 93"
time="2026-08-11T17:15:56+08:00" level=info msg="[GNB][UE] UE Masked Imeisv: 1110000000ffff00"
time="2026-08-11T17:15:56+08:00" level=info msg="[GNB][UE] Allowed Nssai-- Sst: [01 01] Sd: [010203 112233]"
time="2026-08-11T17:15:56+08:00" level=info msg="[GNB][NGAP][AMF] Send Initial Context Setup Response."
time="2026-08-11T17:15:56+08:00" level=info msg="[GNB] Initiating Initial Context Setup Response"
time="2026-08-11T17:15:56+08:00" level=info msg="[GNB][NGAP] No PDU Session to set up in InitialContextSetupResponse."
time="2026-08-11T17:15:56+08:00" level=info msg="[UE][NAS] Message with security header"
time="2026-08-11T17:15:56+08:00" level=info msg="[UE][NAS] Message with integrity and ciphered"
time="2026-08-11T17:15:56+08:00" level=info msg="[UE][NAS] successful NAS CIPHERING"
time="2026-08-11T17:15:56+08:00" level=info msg="[UE][NAS] successful NAS MAC verification"
time="2026-08-11T17:15:56+08:00" level=info msg="[UE][NAS] Receive Registration Accept"
time="2026-08-11T17:15:56+08:00" level=info msg="[UE][NAS] UE 5G GUTI: &{119 11 [242 2 248 57 202 254 0 0 0 0 69]}"
time="2026-08-11T17:15:56+08:00" level=info msg="[UE] Switched from state 2 to state 3"
time="2026-08-11T17:15:57+08:00" level=info msg="[GNB][SCTP] Receive message in 0 stream\n"
time="2026-08-11T17:15:57+08:00" level=info msg="[GNB][NGAP] Receive Initial Context Setup Request"
time="2026-08-11T17:15:57+08:00" level=info msg="[GNB][UE] UE Context was created with successful"
time="2026-08-11T17:15:57+08:00" level=info msg="[GNB][UE] UE RAN ID 90"
time="2026-08-11T17:15:57+08:00" level=info msg="[GNB][UE] UE AMF ID 75"
time="2026-08-11T17:15:57+08:00" level=info msg="[GNB][UE] UE Mobility Restrict --Plmn-- Mcc: 208 Mnc: 93"
time="2026-08-11T17:15:57+08:00" level=info msg="[GNB][UE] UE Masked Imeisv: 1110000000ffff00"
time="2026-08-11T17:15:57+08:00" level=info msg="[GNB][UE] Allowed Nssai-- Sst: [01 01] Sd: [010203 112233]"
time="2026-08-11T17:15:57+08:00" level=info msg="[GNB][NGAP][AMF] Send Initial Context Setup Response."
time="2026-08-11T17:15:57+08:00" level=info msg="[GNB] Initiating Initial Context Setup Response"
time="2026-08-11T17:15:57+08:00" level=info msg="[GNB][NGAP] No PDU Session to set up in InitialContextSetupResponse."
time="2026-08-11T17:15:57+08:00" level=info msg="[UE][NAS] Message with security header"
time="2026-08-11T17:15:57+08:00" level=info msg="[UE][NAS] Message with integrity and ciphered"
time="2026-08-11T17:15:57+08:00" level=info msg="[UE][NAS] successful NAS CIPHERING"
time="2026-08-11T17:15:57+08:00" level=info msg="[UE][NAS] successful NAS MAC verification"
time="2026-08-11T17:15:57+08:00" level=info msg="[UE][NAS] Receive Registration Accept"
time="2026-08-11T17:15:57+08:00" level=info msg="[UE][NAS] UE 5G GUTI: &{119 11 [242 2 248 57 202 254 0 0 0 0 75]}"
time="2026-08-11T17:15:57+08:00" level=info msg="[UE] Switched from state 2 to state 3"
time="2026-08-11T17:15:57+08:00" level=info msg="[GNB][SCTP] Receive message in 0 stream\n"
time="2026-08-11T17:15:57+08:00" level=info msg="[GNB][NGAP] Receive Initial Context Setup Request"
time="2026-08-11T17:15:57+08:00" level=info msg="[GNB][UE] UE Context was created with successful"
time="2026-08-11T17:15:57+08:00" level=info msg="[GNB][UE] UE RAN ID 74"
time="2026-08-11T17:15:57+08:00" level=info msg="[GNB][UE] UE AMF ID 81"
time="2026-08-11T17:15:57+08:00" level=info msg="[GNB][UE] UE Mobility Restrict --Plmn-- Mcc: 208 Mnc: 93"
time="2026-08-11T17:15:57+08:00" level=info msg="[GNB][UE] UE Masked Imeisv: 1110000000ffff00"
time="2026-08-11T17:15:57+08:00" level=info msg="[GNB][UE] Allowed Nssai-- Sst: [01 01] Sd: [010203 112233]"
time="2026-08-11T17:15:57+08:00" level=info msg="[GNB][NGAP][AMF] Send Initial Context Setup Response."
time="2026-08-11T17:15:57+08:00" level=info msg="[GNB] Initiating Initial Context Setup Response"
time="2026-08-11T17:15:57+08:00" level=info msg="[GNB][NGAP] No PDU Session to set up in InitialContextSetupResponse."
time="2026-08-11T17:15:57+08:00" level=info msg="[UE][NAS] Message with security header"
time="2026-08-11T17:15:57+08:00" level=info msg="[UE][NAS] Message with integrity and ciphered"
time="2026-08-11T17:15:57+08:00" level=info msg="[UE][NAS] successful NAS CIPHERING"
time="2026-08-11T17:15:57+08:00" level=info msg="[UE][NAS] successful NAS MAC verification"
time="2026-08-11T17:15:57+08:00" level=info msg="[UE][NAS] Receive Registration Accept"
time="2026-08-11T17:15:57+08:00" level=info msg="[UE][NAS] UE 5G GUTI: &{119 11 [242 2 248 57 202 254 0 0 0 0 81]}"
time="2026-08-11T17:15:57+08:00" level=info msg="[UE] Switched from state 2 to state 3"
time="2026-08-11T17:15:57+08:00" level=info msg="[GNB][SCTP] Receive message in 0 stream\n"
time="2026-08-11T17:15:57+08:00" level=info msg="[GNB][NGAP] Receive Initial Context Setup Request"
time="2026-08-11T17:15:57+08:00" level=info msg="[GNB][UE] UE Context was created with successful"
time="2026-08-11T17:15:57+08:00" level=info msg="[GNB][UE] UE RAN ID 98"
time="2026-08-11T17:15:57+08:00" level=info msg="[GNB][UE] UE AMF ID 87"
time="2026-08-11T17:15:57+08:00" level=info msg="[GNB][UE] UE Mobility Restrict --Plmn-- Mcc: 208 Mnc: 93"
time="2026-08-11T17:15:57+08:00" level=info msg="[GNB][UE] UE Masked Imeisv: 1110000000ffff00"
time="2026-08-11T17:15:57+08:00" level=info msg="[GNB][UE] Allowed Nssai-- Sst: [01 01] Sd: [010203 112233]"
time="2026-08-11T17:15:57+08:00" level=info msg="[GNB][NGAP][AMF] Send Initial Context Setup Response."
time="2026-08-11T17:15:57+08:00" level=info msg="[GNB] Initiating Initial Context Setup Response"
time="2026-08-11T17:15:57+08:00" level=info msg="[GNB][NGAP] No PDU Session to set up in InitialContextSetupResponse."
time="2026-08-11T17:15:57+08:00" level=info msg="[UE][NAS] Message with security header"
time="2026-08-11T17:15:57+08:00" level=info msg="[UE][NAS] Message with integrity and ciphered"
time="2026-08-11T17:15:57+08:00" level=info msg="[UE][NAS] successful NAS CIPHERING"
time="2026-08-11T17:15:57+08:00" level=info msg="[UE][NAS] successful NAS MAC verification"
time="2026-08-11T17:15:57+08:00" level=info msg="[UE][NAS] Receive Registration Accept"
time="2026-08-11T17:15:57+08:00" level=info msg="[UE][NAS] UE 5G GUTI: &{119 11 [242 2 248 57 202 254 0 0 0 0 87]}"
time="2026-08-11T17:15:57+08:00" level=info msg="[UE] Switched from state 2 to state 3"
time="2026-08-11T17:15:57+08:00" level=info msg="[GNB][SCTP] Receive message in 0 stream\n"
time="2026-08-11T17:15:57+08:00" level=info msg="[GNB][SCTP] Receive message in 0 stream\n"
time="2026-08-11T17:15:57+08:00" level=info msg="[GNB][NGAP] Receive Initial Context Setup Request"
time="2026-08-11T17:15:57+08:00" level=info msg="[GNB][UE] UE Context was created with successful"
time="2026-08-11T17:15:57+08:00" level=info msg="[GNB][UE] UE RAN ID 97"
time="2026-08-11T17:15:57+08:00" level=info msg="[GNB][UE] UE AMF ID 93"
time="2026-08-11T17:15:57+08:00" level=info msg="[GNB][UE] UE Mobility Restrict --Plmn-- Mcc: 208 Mnc: 93"
time="2026-08-11T17:15:57+08:00" level=info msg="[GNB][UE] UE Masked Imeisv: 1110000000ffff00"
time="2026-08-11T17:15:57+08:00" level=info msg="[GNB][UE] Allowed Nssai-- Sst: [01 01] Sd: [010203 112233]"
time="2026-08-11T17:15:57+08:00" level=info msg="[GNB][NGAP][AMF] Send Initial Context Setup Response."
time="2026-08-11T17:15:57+08:00" level=info msg="[UE][NAS] Message with security header"
time="2026-08-11T17:15:57+08:00" level=info msg="[UE][NAS] Message with integrity and ciphered"
time="2026-08-11T17:15:57+08:00" level=info msg="[UE][NAS] successful NAS CIPHERING"
time="2026-08-11T17:15:57+08:00" level=info msg="[UE][NAS] successful NAS MAC verification"
time="2026-08-11T17:15:57+08:00" level=info msg="[UE][NAS] Receive Registration Accept"
time="2026-08-11T17:15:57+08:00" level=info msg="[UE][NAS] UE 5G GUTI: &{119 11 [242 2 248 57 202 254 0 0 0 0 93]}"
time="2026-08-11T17:15:57+08:00" level=info msg="[GNB] Initiating Initial Context Setup Response"
time="2026-08-11T17:15:57+08:00" level=info msg="[GNB][NGAP] No PDU Session to set up in InitialContextSetupResponse."
time="2026-08-11T17:15:57+08:00" level=info msg="[GNB][NGAP] Receive Downlink NAS Transport"
time="2026-08-11T17:15:57+08:00" level=info msg="[UE][NAS] Message with security header"
time="2026-08-11T17:15:57+08:00" level=info msg="[UE][NAS] Message with integrity and ciphered"
time="2026-08-11T17:15:57+08:00" level=info msg="[UE][NAS] successful NAS CIPHERING"
time="2026-08-11T17:15:57+08:00" level=info msg="[UE][NAS] successful NAS MAC verification"
time="2026-08-11T17:15:57+08:00" level=info msg="[UE][NAS] Receive Configuration Update Command"
time="2026-08-11T17:15:57+08:00" level=info msg="[UE] Initiating Configuration Update Complete"
time="2026-08-11T17:15:57+08:00" level=info msg="[GNB][SCTP] Receive message in 0 stream\n"
time="2026-08-11T17:15:57+08:00" level=info msg="[GNB][SCTP] Receive message in 0 stream\n"
time="2026-08-11T17:15:57+08:00" level=info msg="[GNB][SCTP] Receive message in 0 stream\n"
time="2026-08-11T17:15:57+08:00" level=info msg="[GNB][NGAP] Receive Downlink NAS Transport"
time="2026-08-11T17:15:57+08:00" level=info msg="[UE][NAS] Message with security header"
time="2026-08-11T17:15:57+08:00" level=info msg="[UE][NAS] Message with integrity and ciphered"
time="2026-08-11T17:15:57+08:00" level=info msg="[UE][NAS] successful NAS CIPHERING"
time="2026-08-11T17:15:57+08:00" level=info msg="[UE][NAS] successful NAS MAC verification"
time="2026-08-11T17:15:57+08:00" level=info msg="[UE][NAS] Receive Configuration Update Command"
time="2026-08-11T17:15:57+08:00" level=info msg="[UE] Initiating Configuration Update Complete"
time="2026-08-11T17:15:57+08:00" level=info msg="[UE] Switched from state 2 to state 3"
time="2026-08-11T17:15:57+08:00" level=info msg="[GNB][NGAP] Receive Downlink NAS Transport"
time="2026-08-11T17:15:57+08:00" level=info msg="[UE][NAS] Message with security header"
time="2026-08-11T17:15:57+08:00" level=info msg="[UE][NAS] Message with integrity and ciphered"
time="2026-08-11T17:15:57+08:00" level=info msg="[UE][NAS] successful NAS CIPHERING"
time="2026-08-11T17:15:57+08:00" level=info msg="[UE][NAS] successful NAS MAC verification"
time="2026-08-11T17:15:57+08:00" level=info msg="[UE][NAS] Receive Configuration Update Command"
time="2026-08-11T17:15:57+08:00" level=info msg="[UE] Initiating Configuration Update Complete"
time="2026-08-11T17:15:57+08:00" level=info msg="[GNB][NGAP] Receive Downlink NAS Transport"
time="2026-08-11T17:15:57+08:00" level=info msg="[UE][NAS] Message with security header"
time="2026-08-11T17:15:57+08:00" level=info msg="[UE][NAS] Message with integrity and ciphered"
time="2026-08-11T17:15:57+08:00" level=info msg="[UE][NAS] successful NAS CIPHERING"
time="2026-08-11T17:15:57+08:00" level=info msg="[UE][NAS] successful NAS MAC verification"
time="2026-08-11T17:15:57+08:00" level=info msg="[UE][NAS] Receive Configuration Update Command"
time="2026-08-11T17:15:57+08:00" level=info msg="[UE] Initiating Configuration Update Complete"
time="2026-08-11T17:15:57+08:00" level=info msg="[GNB][SCTP] Receive message in 0 stream\n"
time="2026-08-11T17:15:57+08:00" level=info msg="[GNB][SCTP] Receive message in 0 stream\n"
time="2026-08-11T17:15:57+08:00" level=info msg="[GNB][NGAP] Receive Downlink NAS Transport"
time="2026-08-11T17:15:57+08:00" level=info msg="[UE][NAS] Message with security header"
time="2026-08-11T17:15:57+08:00" level=info msg="[UE][NAS] Message with integrity and ciphered"
time="2026-08-11T17:15:57+08:00" level=info msg="[UE][NAS] successful NAS CIPHERING"
time="2026-08-11T17:15:57+08:00" level=info msg="[UE][NAS] successful NAS MAC verification"
time="2026-08-11T17:15:57+08:00" level=info msg="[UE][NAS] Receive Configuration Update Command"
time="2026-08-11T17:15:57+08:00" level=info msg="[UE] Initiating Configuration Update Complete"
time="2026-08-11T17:15:57+08:00" level=info msg="[GNB][NGAP] Receive Initial Context Setup Request"
time="2026-08-11T17:15:57+08:00" level=info msg="[GNB][UE] UE Context was created with successful"
time="2026-08-11T17:15:57+08:00" level=info msg="[GNB][UE] UE RAN ID 93"
time="2026-08-11T17:15:57+08:00" level=info msg="[GNB][UE] UE AMF ID 99"
time="2026-08-11T17:15:57+08:00" level=info msg="[GNB][UE] UE Mobility Restrict --Plmn-- Mcc: 208 Mnc: 93"
time="2026-08-11T17:15:57+08:00" level=info msg="[GNB][UE] UE Masked Imeisv: 1110000000ffff00"
time="2026-08-11T17:15:57+08:00" level=info msg="[GNB][UE] Allowed Nssai-- Sst: [01 01] Sd: [010203 112233]"
time="2026-08-11T17:15:57+08:00" level=info msg="[GNB][NGAP][AMF] Send Initial Context Setup Response."
time="2026-08-11T17:15:57+08:00" level=info msg="[GNB] Initiating Initial Context Setup Response"
time="2026-08-11T17:15:57+08:00" level=info msg="[GNB][NGAP] No PDU Session to set up in InitialContextSetupResponse."
time="2026-08-11T17:15:57+08:00" level=info msg="[UE][NAS] Message with security header"
time="2026-08-11T17:15:57+08:00" level=info msg="[UE][NAS] Message with integrity and ciphered"
time="2026-08-11T17:15:57+08:00" level=info msg="[UE][NAS] successful NAS CIPHERING"
time="2026-08-11T17:15:57+08:00" level=info msg="[UE][NAS] successful NAS MAC verification"
time="2026-08-11T17:15:57+08:00" level=info msg="[UE][NAS] Receive Registration Accept"
time="2026-08-11T17:15:57+08:00" level=info msg="[UE][NAS] UE 5G GUTI: &{119 11 [242 2 248 57 202 254 0 0 0 0 99]}"
time="2026-08-11T17:15:57+08:00" level=info msg="[UE] Switched from state 2 to state 3"
time="2026-08-11T17:15:57+08:00" level=info msg="[GNB][SCTP] Receive message in 0 stream\n"
time="2026-08-11T17:15:57+08:00" level=info msg="[GNB][SCTP] Receive message in 0 stream\n"
time="2026-08-11T17:15:57+08:00" level=info msg="[GNB][SCTP] Receive message in 0 stream\n"
time="2026-08-11T17:15:57+08:00" level=info msg="[GNB][SCTP] Receive message in 0 stream\n"
time="2026-08-11T17:15:57+08:00" level=info msg="[GNB][SCTP] Receive message in 0 stream\n"
time="2026-08-11T17:15:57+08:00" level=info msg="[GNB][SCTP] Receive message in 0 stream\n"
time="2026-08-11T17:15:57+08:00" level=info msg="[GNB][SCTP] Receive message in 0 stream\n"
time="2026-08-11T17:15:57+08:00" level=info msg="[GNB][NGAP] Receive Downlink NAS Transport"
time="2026-08-11T17:15:57+08:00" level=info msg="[UE][NAS] Message with security header"
time="2026-08-11T17:15:57+08:00" level=info msg="[UE][NAS] Message with integrity and ciphered"
time="2026-08-11T17:15:57+08:00" level=info msg="[UE][NAS] successful NAS CIPHERING"
time="2026-08-11T17:15:57+08:00" level=info msg="[UE][NAS] successful NAS MAC verification"
time="2026-08-11T17:15:57+08:00" level=info msg="[UE][NAS] Receive Configuration Update Command"
time="2026-08-11T17:15:57+08:00" level=info msg="[UE] Initiating Configuration Update Complete"
time="2026-08-11T17:15:57+08:00" level=info msg="[GNB][NGAP] Receive Downlink NAS Transport"
time="2026-08-11T17:15:57+08:00" level=info msg="[GNB][NGAP] Receive Downlink NAS Transport"
time="2026-08-11T17:15:57+08:00" level=info msg="[UE][NAS] Message with security header"
time="2026-08-11T17:15:57+08:00" level=info msg="[UE][NAS] Message with integrity and ciphered"
time="2026-08-11T17:15:57+08:00" level=info msg="[UE][NAS] successful NAS CIPHERING"
time="2026-08-11T17:15:57+08:00" level=info msg="[UE][NAS] successful NAS MAC verification"
time="2026-08-11T17:15:57+08:00" level=info msg="[UE][NAS] Receive Configuration Update Command"
time="2026-08-11T17:15:57+08:00" level=info msg="[UE] Initiating Configuration Update Complete"
time="2026-08-11T17:15:57+08:00" level=info msg="[GNB][NGAP] Receive Downlink NAS Transport"
time="2026-08-11T17:15:57+08:00" level=info msg="[UE][NAS] Message with security header"
time="2026-08-11T17:15:57+08:00" level=info msg="[UE][NAS] Message with integrity and ciphered"
time="2026-08-11T17:15:57+08:00" level=info msg="[UE][NAS] successful NAS CIPHERING"
time="2026-08-11T17:15:57+08:00" level=info msg="[UE][NAS] successful NAS MAC verification"
time="2026-08-11T17:15:57+08:00" level=info msg="[UE][NAS] Receive Configuration Update Command"
time="2026-08-11T17:15:57+08:00" level=info msg="[UE] Initiating Configuration Update Complete"
time="2026-08-11T17:15:57+08:00" level=info msg="[GNB][NGAP] Receive Downlink NAS Transport"
time="2026-08-11T17:15:57+08:00" level=info msg="[UE][NAS] Message with security header"
time="2026-08-11T17:15:57+08:00" level=info msg="[UE][NAS] Message with integrity and ciphered"
time="2026-08-11T17:15:57+08:00" level=info msg="[UE][NAS] successful NAS CIPHERING"
time="2026-08-11T17:15:57+08:00" level=info msg="[UE][NAS] successful NAS MAC verification"
time="2026-08-11T17:15:57+08:00" level=info msg="[UE][NAS] Receive Configuration Update Command"
time="2026-08-11T17:15:57+08:00" level=info msg="[UE] Initiating Configuration Update Complete"
time="2026-08-11T17:15:57+08:00" level=info msg="[UE][NAS] Message with security header"
time="2026-08-11T17:15:57+08:00" level=info msg="[UE][NAS] Message with integrity and ciphered"
time="2026-08-11T17:15:57+08:00" level=info msg="[UE][NAS] successful NAS CIPHERING"
time="2026-08-11T17:15:57+08:00" level=info msg="[UE][NAS] successful NAS MAC verification"
time="2026-08-11T17:15:57+08:00" level=info msg="[UE][NAS] Receive Configuration Update Command"
time="2026-08-11T17:15:57+08:00" level=info msg="[UE] Initiating Configuration Update Complete"
time="2026-08-11T17:15:57+08:00" level=info msg="[GNB][NGAP] Receive Downlink NAS Transport"
time="2026-08-11T17:15:57+08:00" level=info msg="[UE][NAS] Message with security header"
time="2026-08-11T17:15:57+08:00" level=info msg="[UE][NAS] Message with integrity and ciphered"
time="2026-08-11T17:15:57+08:00" level=info msg="[UE][NAS] successful NAS CIPHERING"
time="2026-08-11T17:15:57+08:00" level=info msg="[UE][NAS] successful NAS MAC verification"
time="2026-08-11T17:15:57+08:00" level=info msg="[UE][NAS] Receive Configuration Update Command"
time="2026-08-11T17:15:57+08:00" level=info msg="[UE] Initiating Configuration Update Complete"
time="2026-08-11T17:15:57+08:00" level=info msg="[GNB][NGAP] Receive Downlink NAS Transport"
time="2026-08-11T17:15:57+08:00" level=info msg="[UE][NAS] Message with security header"
time="2026-08-11T17:15:57+08:00" level=info msg="[UE][NAS] Message with integrity and ciphered"
time="2026-08-11T17:15:57+08:00" level=info msg="[UE][NAS] successful NAS CIPHERING"
time="2026-08-11T17:15:57+08:00" level=info msg="[UE][NAS] successful NAS MAC verification"
time="2026-08-11T17:15:57+08:00" level=info msg="[UE][NAS] Receive Configuration Update Command"
time="2026-08-11T17:15:57+08:00" level=info msg="[UE] Initiating Configuration Update Complete"
