timestamp,pod,cpu,memory
2026-08-11T16:44:05+08:00,dbpython-free5gc-dbpython-dbpython-7fb488c7fc-8vt7q,30m,0Mi
2026-08-11T16:44:05+08:00,free5gc-free5gc-amf-amf-58c4d7b8b8-b75xd,41m,13Mi
2026-08-11T16:44:05+08:00,free5gc-free5gc-ausf-ausf-789bbfb4df-zxmhg,42m,16Mi
2026-08-11T16:44:05+08:00,free5gc-free5gc-chf-chf-6f777c7ff8-8mxhq,38m,12Mi
2026-08-11T16:44:05+08:00,free5gc-free5gc-nef-nef-759f694c89-jh7pd,42m,7Mi
2026-08-11T16:44:05+08:00,free5gc-free5gc-nrf-nrf-5766464855-bm2nv,2m,10Mi
2026-08-11T16:44:05+08:00,free5gc-free5gc-nssf-nssf-7f7767dd45-tvbcj,43m,7Mi
2026-08-11T16:44:05+08:00,free5gc-free5gc-pcf-pcf-769b57775d-crzp7,44m,9Mi
2026-08-11T16:44:05+08:00,free5gc-free5gc-smf-smf-7d94c978bf-bzj5s,41m,10Mi
2026-08-11T16:44:05+08:00,free5gc-free5gc-udm-udm-7fbb989b5c-96rtv,46m,11Mi
2026-08-11T16:44:05+08:00,free5gc-free5gc-udr-udr-788647bbb4-jbz5f,42m,10Mi
2026-08-11T16:44:05+08:00,free5gc-free5gc-webui-webui-6785478d49-lwtrb,2m,12Mi
2026-08-11T16:44:05+08:00,mongodb-0,410m,248Mi
2026-08-11T16:44:07+08:00,dbpython-free5gc-dbpython-dbpython-7fb488c7fc-8vt7q,30m,0Mi
2026-08-11T16:44:07+08:00,free5gc-free5gc-amf-amf-58c4d7b8b8-b75xd,41m,13Mi
2026-08-11T16:44:07+08:00,free5gc-free5gc-ausf-ausf-789bbfb4df-zxmhg,42m,16Mi
2026-08-11T16:44:07+08:00,free5gc-free5gc-chf-chf-6f777c7ff8-8mxhq,38m,12Mi
2026-08-11T16:44:07+08:00,free5gc-free5gc-nef-nef-759f694c89-jh7pd,42m,7Mi
2026-08-11T16:44:07+08:00,free5gc-free5gc-nrf-nrf-5766464855-bm2nv,2m,10Mi
2026-08-11T16:44:07+08:00,free5gc-free5gc-nssf-nssf-7f7767dd45-tvbcj,43m,7Mi
2026-08-11T16:44:07+08:00,free5gc-free5gc-pcf-pcf-769b57775d-crzp7,44m,9Mi
2026-08-11T16:44:07+08:00,free5gc-free5gc-smf-smf-7d94c978bf-bzj5s,41m,10Mi
2026-08-11T16:44:07+08:00,free5gc-free5gc-udm-udm-7fbb989b5c-96rtv,46m,11Mi
2026-08-11T16:44:07+08:00,free5gc-free5gc-udr-udr-788647bbb4-jbz5f,42m,10Mi
2026-08-11T16:44:07+08:00,free5gc-free5gc-webui-webui-6785478d49-lwtrb,2m,12Mi
2026-08-11T16:44:07+08:00,mongodb-0,410m,248Mi
2026-08-11T16:44:10+08:00,dbpython-free5gc-dbpython-dbpython-7fb488c7fc-8vt7q,30m,0Mi
2026-08-11T16:44:10+08:00,free5gc-free5gc-amf-amf-58c4d7b8b8-b75xd,41m,13Mi
2026-08-11T16:44:10+08:00,free5gc-free5gc-ausf-ausf-789bbfb4df-zxmhg,42m,16Mi
2026-08-11T16:44:10+08:00,free5gc-free5gc-chf-chf-6f777c7ff8-8mxhq,38m,12Mi
2026-08-11T16:44:10+08:00,free5gc-free5gc-nef-nef-759f694c89-jh7pd,42m,7Mi
2026-08-11T16:44:10+08:00,free5gc-free5gc-nrf-nrf-5766464855-bm2nv,2m,10Mi
2026-08-11T16:44:10+08:00,free5gc-free5gc-nssf-nssf-7f7767dd45-tvbcj,43m,7Mi
2026-08-11T16:44:10+08:00,free5gc-free5gc-pcf-pcf-769b57775d-crzp7,44m,9Mi
2026-08-11T16:44:10+08:00,free5gc-free5gc-smf-smf-7d94c978bf-bzj5s,41m,10Mi
2026-08-11T16:44:10+08:00,free5gc-free5gc-udm-udm-7fbb989b5c-96rtv,46m,11Mi
2026-08-11T16:44:10+08:00,free5gc-free5gc-udr-udr-788647bbb4-jbz5f,42m,10Mi
2026-08-11T16:44:10+08:00,free5gc-free5gc-webui-webui-6785478d49-lwtrb,2m,12Mi
2026-08-11T16:44:10+08:00,mongodb-0,410m,248Mi
2026-08-11T16:44:12+08:00,dbpython-free5gc-dbpython-dbpython-7fb488c7fc-8vt7q,30m,0Mi
2026-08-11T16:44:12+08:00,free5gc-free5gc-amf-amf-58c4d7b8b8-b75xd,41m,13Mi
2026-08-11T16:44:12+08:00,free5gc-free5gc-ausf-ausf-789bbfb4df-zxmhg,42m,16Mi
2026-08-11T16:44:12+08:00,free5gc-free5gc-chf-chf-6f777c7ff8-8mxhq,38m,12Mi
2026-08-11T16:44:12+08:00,free5gc-free5gc-nef-nef-759f694c89-jh7pd,42m,7Mi
2026-08-11T16:44:12+08:00,free5gc-free5gc-nrf-nrf-5766464855-bm2nv,2m,10Mi
2026-08-11T16:44:12+08:00,free5gc-free5gc-nssf-nssf-7f7767dd45-tvbcj,43m,7Mi
2026-08-11T16:44:12+08:00,free5gc-free5gc-pcf-pcf-769b57775d-crzp7,44m,9Mi
2026-08-11T16:44:12+08:00,free5gc-free5gc-smf-smf-7d94c978bf-bzj5s,41m,10Mi
2026-08-11T16:44:12+08:00,free5gc-free5gc-udm-udm-7fbb989b5c-96rtv,46m,11Mi
2026-08-11T16:44:12+08:00,free5gc-free5gc-udr-udr-788647bbb4-jbz5f,42m,10Mi
2026-08-11T16:44:12+08:00,free5gc-free5gc-webui-webui-6785478d49-lwtrb,2m,12Mi
2026-08-11T16:44:12+08:00,mongodb-0,410m,248Mi
2026-08-11T16:44:14+08:00,dbpython-free5gc-dbpython-dbpython-7fb488c7fc-8vt7q,30m,0Mi
2026-08-11T16:44:14+08:00,free5gc-free5gc-amf-amf-58c4d7b8b8-b75xd,41m,13Mi
2026-08-11T16:44:14+08:00,free5gc-free5gc-ausf-ausf-789bbfb4df-zxmhg,42m,16Mi
2026-08-11T16:44:14+08:00,free5gc-free5gc-chf-chf-6f777c7ff8-8mxhq,38m,12Mi
2026-08-11T16:44:14+08:00,free5gc-free5gc-nef-nef-759f694c89-jh7pd,42m,7Mi
2026-08-11T16:44:14+08:00,free5gc-free5gc-nrf-nrf-5766464855-bm2nv,2m,10Mi
2026-08-11T16:44:14+08:00,free5gc-free5gc-nssf-nssf-7f7767dd45-tvbcj,43m,7Mi
2026-08-11T16:44:14+08:00,free5gc-free5gc-pcf-pcf-769b57775d-crzp7,44m,9Mi
2026-08-11T16:44:14+08:00,free5gc-free5gc-smf-smf-7d94c978bf-bzj5s,41m,10Mi
2026-08-11T16:44:14+08:00,free5gc-free5gc-udm-udm-7fbb989b5c-96rtv,46m,11Mi
2026-08-11T16:44:14+08:00,free5gc-free5gc-udr-udr-788647bbb4-jbz5f,42m,10Mi
2026-08-11T16:44:14+08:00,free5gc-free5gc-webui-webui-6785478d49-lwtrb,2m,12Mi
2026-08-11T16:44:14+08:00,mongodb-0,410m,248Mi
2026-08-11T16:44:16+08:00,dbpython-free5gc-dbpython-dbpython-7fb488c7fc-8vt7q,30m,0Mi
2026-08-11T16:44:16+08:00,free5gc-free5gc-amf-amf-58c4d7b8b8-b75xd,41m,13Mi
2026-08-11T16:44:16+08:00,free5gc-free5gc-ausf-ausf-789bbfb4df-zxmhg,42m,16Mi
2026-08-11T16:44:16+08:00,free5gc-free5gc-chf-chf-6f777c7ff8-8mxhq,38m,12Mi
2026-08-11T16:44:16+08:00,free5gc-free5gc-nef-nef-759f694c89-jh7pd,42m,7Mi
2026-08-11T16:44:16+08:00,free5gc-free5gc-nrf-nrf-5766464855-bm2nv,2m,10Mi
2026-08-11T16:44:16+08:00,free5gc-free5gc-nssf-nssf-7f7767dd45-tvbcj,43m,7Mi
2026-08-11T16:44:16+08:00,free5gc-free5gc-pcf-pcf-769b57775d-crzp7,44m,9Mi
2026-08-11T16:44:16+08:00,free5gc-free5gc-smf-smf-7d94c978bf-bzj5s,41m,10Mi
2026-08-11T16:44:16+08:00,free5gc-free5gc-udm-udm-7fbb989b5c-96rtv,46m,11Mi
2026-08-11T16:44:16+08:00,free5gc-free5gc-udr-udr-788647bbb4-jbz5f,42m,10Mi
2026-08-11T16:44:16+08:00,free5gc-free5gc-webui-webui-6785478d49-lwtrb,2m,12Mi
2026-08-11T16:44:16+08:00,mongodb-0,410m,248Mi
2026-08-11T16:44:18+08:00,dbpython-free5gc-dbpython-dbpython-7fb488c7fc-8vt7q,30m,3Mi
2026-08-11T16:44:18+08:00,free5gc-free5gc-amf-amf-58c4d7b8b8-b75xd,119m,34Mi
2026-08-11T16:44:18+08:00,free5gc-free5gc-ausf-ausf-789bbfb4df-zxmhg,75m,22Mi
2026-08-11T16:44:18+08:00,free5gc-free5gc-chf-chf-6f777c7ff8-8mxhq,44m,13Mi
2026-08-11T16:44:18+08:00,free5gc-free5gc-nef-nef-759f694c89-jh7pd,42m,7Mi
2026-08-11T16:44:18+08:00,free5gc-free5gc-nrf-nrf-5766464855-bm2nv,16m,12Mi
2026-08-11T16:44:18+08:00,free5gc-free5gc-nssf-nssf-7f7767dd45-tvbcj,43m,7Mi
2026-08-11T16:44:18+08:00,free5gc-free5gc-pcf-pcf-769b57775d-crzp7,42m,9Mi
2026-08-11T16:44:18+08:00,free5gc-free5gc-smf-smf-7d94c978bf-bzj5s,47m,10Mi
2026-08-11T16:44:18+08:00,free5gc-free5gc-udm-udm-7fbb989b5c-96rtv,96m,14Mi
2026-08-11T16:44:18+08:00,free5gc-free5gc-udr-udr-788647bbb4-jbz5f,75m,12Mi
2026-08-11T16:44:18+08:00,free5gc-free5gc-webui-webui-6785478d49-lwtrb,2m,12Mi
2026-08-11T16:44:18+08:00,mongodb-0,193m,85Mi
2026-08-11T16:44:21+08:00,dbpython-free5gc-dbpython-dbpython-7fb488c7fc-8vt7q,30m,3Mi
2026-08-11T16:44:21+08:00,free5gc-free5gc-amf-amf-58c4d7b8b8-b75xd,119m,34Mi
2026-08-11T16:44:21+08:00,free5gc-free5gc-ausf-ausf-789bbfb4df-zxmhg,75m,22Mi
2026-08-11T16:44:21+08:00,free5gc-free5gc-chf-chf-6f777c7ff8-8mxhq,44m,13Mi
2026-08-11T16:44:21+08:00,free5gc-free5gc-nef-nef-759f694c89-jh7pd,42m,7Mi
2026-08-11T16:44:21+08:00,free5gc-free5gc-nrf-nrf-5766464855-bm2nv,16m,12Mi
2026-08-11T16:44:21+08:00,free5gc-free5gc-nssf-nssf-7f7767dd45-tvbcj,43m,7Mi
2026-08-11T16:44:21+08:00,free5gc-free5gc-pcf-pcf-769b57775d-crzp7,42m,9Mi
2026-08-11T16:44:21+08:00,free5gc-free5gc-smf-smf-7d94c978bf-bzj5s,47m,10Mi
2026-08-11T16:44:21+08:00,free5gc-free5gc-udm-udm-7fbb989b5c-96rtv,96m,14Mi
2026-08-11T16:44:21+08:00,free5gc-free5gc-udr-udr-788647bbb4-jbz5f,75m,12Mi
2026-08-11T16:44:21+08:00,free5gc-free5gc-webui-webui-6785478d49-lwtrb,2m,12Mi
2026-08-11T16:44:21+08:00,mongodb-0,193m,85Mi
2026-08-11T16:44:23+08:00,dbpython-free5gc-dbpython-dbpython-7fb488c7fc-8vt7q,30m,3Mi
2026-08-11T16:44:23+08:00,free5gc-free5gc-amf-amf-58c4d7b8b8-b75xd,119m,34Mi
2026-08-11T16:44:23+08:00,free5gc-free5gc-ausf-ausf-789bbfb4df-zxmhg,75m,22Mi
2026-08-11T16:44:23+08:00,free5gc-free5gc-chf-chf-6f777c7ff8-8mxhq,44m,13Mi
2026-08-11T16:44:23+08:00,free5gc-free5gc-nef-nef-759f694c89-jh7pd,42m,7Mi
2026-08-11T16:44:23+08:00,free5gc-free5gc-nrf-nrf-5766464855-bm2nv,16m,12Mi
2026-08-11T16:44:23+08:00,free5gc-free5gc-nssf-nssf-7f7767dd45-tvbcj,43m,7Mi
2026-08-11T16:44:23+08:00,free5gc-free5gc-pcf-pcf-769b57775d-crzp7,42m,9Mi
2026-08-11T16:44:23+08:00,free5gc-free5gc-smf-smf-7d94c978bf-bzj5s,47m,10Mi
2026-08-11T16:44:23+08:00,free5gc-free5gc-udm-udm-7fbb989b5c-96rtv,96m,14Mi
2026-08-11T16:44:23+08:00,free5gc-free5gc-udr-udr-788647bbb4-jbz5f,75m,12Mi
2026-08-11T16:44:23+08:00,free5gc-free5gc-webui-webui-6785478d49-lwtrb,2m,12Mi
2026-08-11T16:44:23+08:00,mongodb-0,193m,85Mi
2026-08-11T16:44:25+08:00,dbpython-free5gc-dbpython-dbpython-7fb488c7fc-8vt7q,30m,3Mi
2026-08-11T16:44:25+08:00,free5gc-free5gc-amf-amf-58c4d7b8b8-b75xd,119m,34Mi
2026-08-11T16:44:25+08:00,free5gc-free5gc-ausf-ausf-789bbfb4df-zxmhg,75m,22Mi
2026-08-11T16:44:25+08:00,free5gc-free5gc-chf-chf-6f777c7ff8-8mxhq,44m,13Mi
2026-08-11T16:44:25+08:00,free5gc-free5gc-nef-nef-759f694c89-jh7pd,42m,7Mi
2026-08-11T16:44:25+08:00,free5gc-free5gc-nrf-nrf-5766464855-bm2nv,16m,12Mi
2026-08-11T16:44:25+08:00,free5gc-free5gc-nssf-nssf-7f7767dd45-tvbcj,43m,7Mi
2026-08-11T16:44:25+08:00,free5gc-free5gc-pcf-pcf-769b57775d-crzp7,42m,9Mi
2026-08-11T16:44:25+08:00,free5gc-free5gc-smf-smf-7d94c978bf-bzj5s,47m,10Mi
2026-08-11T16:44:25+08:00,free5gc-free5gc-udm-udm-7fbb989b5c-96rtv,96m,14Mi
2026-08-11T16:44:25+08:00,free5gc-free5gc-udr-udr-788647bbb4-jbz5f,75m,12Mi
2026-08-11T16:44:25+08:00,free5gc-free5gc-webui-webui-6785478d49-lwtrb,2m,12Mi
2026-08-11T16:44:25+08:00,mongodb-0,193m,85Mi
2026-08-11T16:44:27+08:00,dbpython-free5gc-dbpython-dbpython-7fb488c7fc-8vt7q,30m,3Mi
2026-08-11T16:44:27+08:00,free5gc-free5gc-amf-amf-58c4d7b8b8-b75xd,119m,34Mi
2026-08-11T16:44:27+08:00,free5gc-free5gc-ausf-ausf-789bbfb4df-zxmhg,75m,22Mi
2026-08-11T16:44:27+08:00,free5gc-free5gc-chf-chf-6f777c7ff8-8mxhq,44m,13Mi
2026-08-11T16:44:27+08:00,free5gc-free5gc-nef-nef-759f694c89-jh7pd,42m,7Mi
2026-08-11T16:44:27+08:00,free5gc-free5gc-nrf-nrf-5766464855-bm2nv,16m,12Mi
2026-08-11T16:44:27+08:00,free5gc-free5gc-nssf-nssf-7f7767dd45-tvbcj,43m,7Mi
2026-08-11T16:44:27+08:00,free5gc-free5gc-pcf-pcf-769b57775d-crzp7,42m,9Mi
2026-08-11T16:44:27+08:00,free5gc-free5gc-smf-smf-7d94c978bf-bzj5s,47m,10Mi
2026-08-11T16:44:27+08:00,free5gc-free5gc-udm-udm-7fbb989b5c-96rtv,96m,14Mi
2026-08-11T16:44:27+08:00,free5gc-free5gc-udr-udr-788647bbb4-jbz5f,75m,12Mi
2026-08-11T16:44:27+08:00,free5gc-free5gc-webui-webui-6785478d49-lwtrb,2m,12Mi
2026-08-11T16:44:27+08:00,mongodb-0,193m,85Mi
2026-08-11T16:44:29+08:00,dbpython-free5gc-dbpython-dbpython-7fb488c7fc-8vt7q,30m,3Mi
2026-08-11T16:44:29+08:00,free5gc-free5gc-amf-amf-58c4d7b8b8-b75xd,119m,34Mi
2026-08-11T16:44:29+08:00,free5gc-free5gc-ausf-ausf-789bbfb4df-zxmhg,75m,22Mi
2026-08-11T16:44:29+08:00,free5gc-free5gc-chf-chf-6f777c7ff8-8mxhq,44m,13Mi
2026-08-11T16:44:29+08:00,free5gc-free5gc-nef-nef-759f694c89-jh7pd,42m,7Mi
2026-08-11T16:44:29+08:00,free5gc-free5gc-nrf-nrf-5766464855-bm2nv,16m,12Mi
2026-08-11T16:44:29+08:00,free5gc-free5gc-nssf-nssf-7f7767dd45-tvbcj,43m,7Mi
2026-08-11T16:44:29+08:00,free5gc-free5gc-pcf-pcf-769b57775d-crzp7,42m,9Mi
2026-08-11T16:44:29+08:00,free5gc-free5gc-smf-smf-7d94c978bf-bzj5s,47m,10Mi
2026-08-11T16:44:29+08:00,free5gc-free5gc-udm-udm-7fbb989b5c-96rtv,96m,14Mi
2026-08-11T16:44:29+08:00,free5gc-free5gc-udr-udr-788647bbb4-jbz5f,75m,12Mi
2026-08-11T16:44:29+08:00,free5gc-free5gc-webui-webui-6785478d49-lwtrb,2m,12Mi
2026-08-11T16:44:29+08:00,mongodb-0,193m,85Mi
2026-08-11T16:44:31+08:00,dbpython-free5gc-dbpython-dbpython-7fb488c7fc-8vt7q,30m,3Mi
2026-08-11T16:44:31+08:00,free5gc-free5gc-amf-amf-58c4d7b8b8-b75xd,119m,34Mi
2026-08-11T16:44:31+08:00,free5gc-free5gc-ausf-ausf-789bbfb4df-zxmhg,75m,22Mi
2026-08-11T16:44:31+08:00,free5gc-free5gc-chf-chf-6f777c7ff8-8mxhq,44m,13Mi
2026-08-11T16:44:31+08:00,free5gc-free5gc-nef-nef-759f694c89-jh7pd,42m,7Mi
2026-08-11T16:44:31+08:00,free5gc-free5gc-nrf-nrf-5766464855-bm2nv,16m,12Mi
2026-08-11T16:44:31+08:00,free5gc-free5gc-nssf-nssf-7f7767dd45-tvbcj,43m,7Mi
2026-08-11T16:44:31+08:00,free5gc-free5gc-pcf-pcf-769b57775d-crzp7,42m,9Mi
2026-08-11T16:44:31+08:00,free5gc-free5gc-smf-smf-7d94c978bf-bzj5s,47m,10Mi
2026-08-11T16:44:31+08:00,free5gc-free5gc-udm-udm-7fbb989b5c-96rtv,96m,14Mi
2026-08-11T16:44:31+08:00,free5gc-free5gc-udr-udr-788647bbb4-jbz5f,75m,12Mi
2026-08-11T16:44:31+08:00,free5gc-free5gc-webui-webui-6785478d49-lwtrb,2m,12Mi
2026-08-11T16:44:31+08:00,mongodb-0,193m,85Mi
2026-08-11T16:44:33+08:00,dbpython-free5gc-dbpython-dbpython-7fb488c7fc-8vt7q,29m,0Mi
2026-08-11T16:44:33+08:00,free5gc-free5gc-amf-amf-58c4d7b8b8-b75xd,145m,59Mi
2026-08-11T16:44:33+08:00,free5gc-free5gc-ausf-ausf-789bbfb4df-zxmhg,75m,22Mi
2026-08-11T16:44:33+08:00,free5gc-free5gc-chf-chf-6f777c7ff8-8mxhq,43m,12Mi
2026-08-11T16:44:33+08:00,free5gc-free5gc-nef-nef-759f694c89-jh7pd,40m,7Mi
2026-08-11T16:44:33+08:00,free5gc-free5gc-nrf-nrf-5766464855-bm2nv,135m,13Mi
2026-08-11T16:44:33+08:00,free5gc-free5gc-nssf-nssf-7f7767dd45-tvbcj,40m,7Mi
2026-08-11T16:44:33+08:00,free5gc-free5gc-pcf-pcf-769b57775d-crzp7,89m,13Mi
2026-08-11T16:44:33+08:00,free5gc-free5gc-smf-smf-7d94c978bf-bzj5s,42m,10Mi
2026-08-11T16:44:33+08:00,free5gc-free5gc-udm-udm-7fbb989b5c-96rtv,128m,14Mi
2026-08-11T16:44:33+08:00,free5gc-free5gc-udr-udr-788647bbb4-jbz5f,148m,13Mi
2026-08-11T16:44:33+08:00,free5gc-free5gc-webui-webui-6785478d49-lwtrb,3m,12Mi
2026-08-11T16:44:33+08:00,mongodb-0,212m,85Mi
2026-08-11T16:44:35+08:00,dbpython-free5gc-dbpython-dbpython-7fb488c7fc-8vt7q,29m,0Mi
2026-08-11T16:44:35+08:00,free5gc-free5gc-amf-amf-58c4d7b8b8-b75xd,145m,59Mi
2026-08-11T16:44:35+08:00,free5gc-free5gc-ausf-ausf-789bbfb4df-zxmhg,75m,22Mi
2026-08-11T16:44:35+08:00,free5gc-free5gc-chf-chf-6f777c7ff8-8mxhq,43m,12Mi
2026-08-11T16:44:35+08:00,free5gc-free5gc-nef-nef-759f694c89-jh7pd,40m,7Mi
2026-08-11T16:44:35+08:00,free5gc-free5gc-nrf-nrf-5766464855-bm2nv,135m,13Mi
2026-08-11T16:44:35+08:00,free5gc-free5gc-nssf-nssf-7f7767dd45-tvbcj,40m,7Mi
2026-08-11T16:44:35+08:00,free5gc-free5gc-pcf-pcf-769b57775d-crzp7,89m,13Mi
2026-08-11T16:44:35+08:00,free5gc-free5gc-smf-smf-7d94c978bf-bzj5s,42m,10Mi
2026-08-11T16:44:35+08:00,free5gc-free5gc-udm-udm-7fbb989b5c-96rtv,128m,14Mi
2026-08-11T16:44:35+08:00,free5gc-free5gc-udr-udr-788647bbb4-jbz5f,148m,13Mi
2026-08-11T16:44:35+08:00,free5gc-free5gc-webui-webui-6785478d49-lwtrb,3m,12Mi
2026-08-11T16:44:35+08:00,mongodb-0,212m,85Mi
2026-08-11T16:44:38+08:00,dbpython-free5gc-dbpython-dbpython-7fb488c7fc-8vt7q,29m,0Mi
2026-08-11T16:44:38+08:00,free5gc-free5gc-amf-amf-58c4d7b8b8-b75xd,145m,59Mi
2026-08-11T16:44:38+08:00,free5gc-free5gc-ausf-ausf-789bbfb4df-zxmhg,75m,22Mi
2026-08-11T16:44:38+08:00,free5gc-free5gc-chf-chf-6f777c7ff8-8mxhq,43m,12Mi
2026-08-11T16:44:38+08:00,free5gc-free5gc-nef-nef-759f694c89-jh7pd,40m,7Mi
2026-08-11T16:44:38+08:00,free5gc-free5gc-nrf-nrf-5766464855-bm2nv,135m,13Mi
2026-08-11T16:44:38+08:00,free5gc-free5gc-nssf-nssf-7f7767dd45-tvbcj,40m,7Mi
2026-08-11T16:44:38+08:00,free5gc-free5gc-pcf-pcf-769b57775d-crzp7,89m,13Mi
2026-08-11T16:44:38+08:00,free5gc-free5gc-smf-smf-7d94c978bf-bzj5s,42m,10Mi
2026-08-11T16:44:38+08:00,free5gc-free5gc-udm-udm-7fbb989b5c-96rtv,128m,14Mi
2026-08-11T16:44:38+08:00,free5gc-free5gc-udr-udr-788647bbb4-jbz5f,148m,13Mi
2026-08-11T16:44:38+08:00,free5gc-free5gc-webui-webui-6785478d49-lwtrb,3m,12Mi
2026-08-11T16:44:38+08:00,mongodb-0,212m,85Mi
2026-08-11T16:44:40+08:00,dbpython-free5gc-dbpython-dbpython-7fb488c7fc-8vt7q,29m,0Mi
2026-08-11T16:44:40+08:00,free5gc-free5gc-amf-amf-58c4d7b8b8-b75xd,145m,59Mi
2026-08-11T16:44:40+08:00,free5gc-free5gc-ausf-ausf-789bbfb4df-zxmhg,75m,22Mi
2026-08-11T16:44:40+08:00,free5gc-free5gc-chf-chf-6f777c7ff8-8mxhq,43m,12Mi
2026-08-11T16:44:40+08:00,free5gc-free5gc-nef-nef-759f694c89-jh7pd,40m,7Mi
2026-08-11T16:44:40+08:00,free5gc-free5gc-nrf-nrf-5766464855-bm2nv,135m,13Mi
2026-08-11T16:44:40+08:00,free5gc-free5gc-nssf-nssf-7f7767dd45-tvbcj,40m,7Mi
2026-08-11T16:44:40+08:00,free5gc-free5gc-pcf-pcf-769b57775d-crzp7,89m,13Mi
2026-08-11T16:44:40+08:00,free5gc-free5gc-smf-smf-7d94c978bf-bzj5s,42m,10Mi
2026-08-11T16:44:40+08:00,free5gc-free5gc-udm-udm-7fbb989b5c-96rtv,128m,14Mi
2026-08-11T16:44:40+08:00,free5gc-free5gc-udr-udr-788647bbb4-jbz5f,148m,13Mi
2026-08-11T16:44:40+08:00,free5gc-free5gc-webui-webui-6785478d49-lwtrb,3m,12Mi
2026-08-11T16:44:40+08:00,mongodb-0,212m,85Mi
2026-08-11T16:44:42+08:00,dbpython-free5gc-dbpython-dbpython-7fb488c7fc-8vt7q,29m,0Mi
2026-08-11T16:44:42+08:00,free5gc-free5gc-amf-amf-58c4d7b8b8-b75xd,145m,59Mi
2026-08-11T16:44:42+08:00,free5gc-free5gc-ausf-ausf-789bbfb4df-zxmhg,75m,22Mi
2026-08-11T16:44:42+08:00,free5gc-free5gc-chf-chf-6f777c7ff8-8mxhq,43m,12Mi
2026-08-11T16:44:42+08:00,free5gc-free5gc-nef-nef-759f694c89-jh7pd,40m,7Mi
2026-08-11T16:44:42+08:00,free5gc-free5gc-nrf-nrf-5766464855-bm2nv,135m,13Mi
2026-08-11T16:44:42+08:00,free5gc-free5gc-nssf-nssf-7f7767dd45-tvbcj,40m,7Mi
2026-08-11T16:44:42+08:00,free5gc-free5gc-pcf-pcf-769b57775d-crzp7,89m,13Mi
2026-08-11T16:44:42+08:00,free5gc-free5gc-smf-smf-7d94c978bf-bzj5s,42m,10Mi
2026-08-11T16:44:42+08:00,free5gc-free5gc-udm-udm-7fbb989b5c-96rtv,128m,14Mi
2026-08-11T16:44:42+08:00,free5gc-free5gc-udr-udr-788647bbb4-jbz5f,148m,13Mi
2026-08-11T16:44:42+08:00,free5gc-free5gc-webui-webui-6785478d49-lwtrb,3m,12Mi
2026-08-11T16:44:42+08:00,mongodb-0,212m,85Mi
2026-08-11T16:44:44+08:00,dbpython-free5gc-dbpython-dbpython-7fb488c7fc-8vt7q,29m,0Mi
2026-08-11T16:44:44+08:00,free5gc-free5gc-amf-amf-58c4d7b8b8-b75xd,145m,59Mi
2026-08-11T16:44:44+08:00,free5gc-free5gc-ausf-ausf-789bbfb4df-zxmhg,75m,22Mi
2026-08-11T16:44:44+08:00,free5gc-free5gc-chf-chf-6f777c7ff8-8mxhq,43m,12Mi
2026-08-11T16:44:44+08:00,free5gc-free5gc-nef-nef-759f694c89-jh7pd,40m,7Mi
2026-08-11T16:44:44+08:00,free5gc-free5gc-nrf-nrf-5766464855-bm2nv,135m,13Mi
2026-08-11T16:44:44+08:00,free5gc-free5gc-nssf-nssf-7f7767dd45-tvbcj,40m,7Mi
2026-08-11T16:44:44+08:00,free5gc-free5gc-pcf-pcf-769b57775d-crzp7,89m,13Mi
2026-08-11T16:44:44+08:00,free5gc-free5gc-smf-smf-7d94c978bf-bzj5s,42m,10Mi
2026-08-11T16:44:44+08:00,free5gc-free5gc-udm-udm-7fbb989b5c-96rtv,128m,14Mi
2026-08-11T16:44:44+08:00,free5gc-free5gc-udr-udr-788647bbb4-jbz5f,148m,13Mi
2026-08-11T16:44:44+08:00,free5gc-free5gc-webui-webui-6785478d49-lwtrb,3m,12Mi
2026-08-11T16:44:44+08:00,mongodb-0,212m,85Mi
2026-08-11T16:44:46+08:00,dbpython-free5gc-dbpython-dbpython-7fb488c7fc-8vt7q,27m,1Mi
2026-08-11T16:44:46+08:00,free5gc-free5gc-amf-amf-58c4d7b8b8-b75xd,145m,59Mi
2026-08-11T16:44:46+08:00,free5gc-free5gc-ausf-ausf-789bbfb4df-zxmhg,55m,22Mi
2026-08-11T16:44:46+08:00,free5gc-free5gc-chf-chf-6f777c7ff8-8mxhq,39m,12Mi
2026-08-11T16:44:46+08:00,free5gc-free5gc-nef-nef-759f694c89-jh7pd,38m,7Mi
2026-08-11T16:44:46+08:00,free5gc-free5gc-nrf-nrf-5766464855-bm2nv,2m,13Mi
2026-08-11T16:44:46+08:00,free5gc-free5gc-nssf-nssf-7f7767dd45-tvbcj,39m,7Mi
2026-08-11T16:44:46+08:00,free5gc-free5gc-pcf-pcf-769b57775d-crzp7,50m,12Mi
2026-08-11T16:44:46+08:00,free5gc-free5gc-smf-smf-7d94c978bf-bzj5s,43m,10Mi
2026-08-11T16:44:46+08:00,free5gc-free5gc-udm-udm-7fbb989b5c-96rtv,128m,14Mi
2026-08-11T16:44:46+08:00,free5gc-free5gc-udr-udr-788647bbb4-jbz5f,40m,13Mi
2026-08-11T16:44:46+08:00,free5gc-free5gc-webui-webui-6785478d49-lwtrb,2m,12Mi
2026-08-11T16:44:46+08:00,mongodb-0,154m,86Mi
2026-08-11T16:44:48+08:00,dbpython-free5gc-dbpython-dbpython-7fb488c7fc-8vt7q,27m,1Mi
2026-08-11T16:44:48+08:00,free5gc-free5gc-amf-amf-58c4d7b8b8-b75xd,145m,59Mi
2026-08-11T16:44:48+08:00,free5gc-free5gc-ausf-ausf-789bbfb4df-zxmhg,55m,22Mi
2026-08-11T16:44:48+08:00,free5gc-free5gc-chf-chf-6f777c7ff8-8mxhq,39m,12Mi
2026-08-11T16:44:48+08:00,free5gc-free5gc-nef-nef-759f694c89-jh7pd,38m,7Mi
2026-08-11T16:44:48+08:00,free5gc-free5gc-nrf-nrf-5766464855-bm2nv,2m,13Mi
2026-08-11T16:44:48+08:00,free5gc-free5gc-nssf-nssf-7f7767dd45-tvbcj,39m,7Mi
2026-08-11T16:44:48+08:00,free5gc-free5gc-pcf-pcf-769b57775d-crzp7,50m,12Mi
2026-08-11T16:44:48+08:00,free5gc-free5gc-smf-smf-7d94c978bf-bzj5s,43m,10Mi
2026-08-11T16:44:48+08:00,free5gc-free5gc-udm-udm-7fbb989b5c-96rtv,128m,14Mi
2026-08-11T16:44:48+08:00,free5gc-free5gc-udr-udr-788647bbb4-jbz5f,40m,13Mi
2026-08-11T16:44:48+08:00,free5gc-free5gc-webui-webui-6785478d49-lwtrb,2m,12Mi
2026-08-11T16:44:48+08:00,mongodb-0,154m,86Mi
2026-08-11T16:44:51+08:00,dbpython-free5gc-dbpython-dbpython-7fb488c7fc-8vt7q,27m,1Mi
2026-08-11T16:44:51+08:00,free5gc-free5gc-amf-amf-58c4d7b8b8-b75xd,145m,59Mi
2026-08-11T16:44:51+08:00,free5gc-free5gc-ausf-ausf-789bbfb4df-zxmhg,55m,22Mi
2026-08-11T16:44:51+08:00,free5gc-free5gc-chf-chf-6f777c7ff8-8mxhq,39m,12Mi
2026-08-11T16:44:51+08:00,free5gc-free5gc-nef-nef-759f694c89-jh7pd,38m,7Mi
2026-08-11T16:44:51+08:00,free5gc-free5gc-nrf-nrf-5766464855-bm2nv,2m,13Mi
2026-08-11T16:44:51+08:00,free5gc-free5gc-nssf-nssf-7f7767dd45-tvbcj,39m,7Mi
2026-08-11T16:44:51+08:00,free5gc-free5gc-pcf-pcf-769b57775d-crzp7,50m,12Mi
2026-08-11T16:44:51+08:00,free5gc-free5gc-smf-smf-7d94c978bf-bzj5s,43m,10Mi
2026-08-11T16:44:51+08:00,free5gc-free5gc-udm-udm-7fbb989b5c-96rtv,128m,14Mi
2026-08-11T16:44:51+08:00,free5gc-free5gc-udr-udr-788647bbb4-jbz5f,40m,13Mi
2026-08-11T16:44:51+08:00,free5gc-free5gc-webui-webui-6785478d49-lwtrb,2m,12Mi
2026-08-11T16:44:51+08:00,mongodb-0,154m,86Mi
2026-08-11T16:44:53+08:00,dbpython-free5gc-dbpython-dbpython-7fb488c7fc-8vt7q,27m,1Mi
2026-08-11T16:44:53+08:00,free5gc-free5gc-amf-amf-58c4d7b8b8-b75xd,145m,59Mi
2026-08-11T16:44:53+08:00,free5gc-free5gc-ausf-ausf-789bbfb4df-zxmhg,55m,22Mi
2026-08-11T16:44:53+08:00,free5gc-free5gc-chf-chf-6f777c7ff8-8mxhq,39m,12Mi
2026-08-11T16:44:53+08:00,free5gc-free5gc-nef-nef-759f694c89-jh7pd,38m,7Mi
2026-08-11T16:44:53+08:00,free5gc-free5gc-nrf-nrf-5766464855-bm2nv,2m,13Mi
2026-08-11T16:44:53+08:00,free5gc-free5gc-nssf-nssf-7f7767dd45-tvbcj,39m,7Mi
2026-08-11T16:44:53+08:00,free5gc-free5gc-pcf-pcf-769b57775d-crzp7,50m,12Mi
2026-08-11T16:44:53+08:00,free5gc-free5gc-smf-smf-7d94c978bf-bzj5s,43m,10Mi
2026-08-11T16:44:53+08:00,free5gc-free5gc-udm-udm-7fbb989b5c-96rtv,128m,14Mi
2026-08-11T16:44:53+08:00,free5gc-free5gc-udr-udr-788647bbb4-jbz5f,40m,13Mi
2026-08-11T16:44:53+08:00,free5gc-free5gc-webui-webui-6785478d49-lwtrb,2m,12Mi
2026-08-11T16:44:53+08:00,mongodb-0,154m,86Mi
2026-08-11T16:44:55+08:00,dbpython-free5gc-dbpython-dbpython-7fb488c7fc-8vt7q,27m,1Mi
2026-08-11T16:44:55+08:00,free5gc-free5gc-amf-amf-58c4d7b8b8-b75xd,145m,59Mi
2026-08-11T16:44:55+08:00,free5gc-free5gc-ausf-ausf-789bbfb4df-zxmhg,55m,22Mi
2026-08-11T16:44:55+08:00,free5gc-free5gc-chf-chf-6f777c7ff8-8mxhq,39m,12Mi
2026-08-11T16:44:55+08:00,free5gc-free5gc-nef-nef-759f694c89-jh7pd,38m,7Mi
2026-08-11T16:44:55+08:00,free5gc-free5gc-nrf-nrf-5766464855-bm2nv,2m,13Mi
2026-08-11T16:44:55+08:00,free5gc-free5gc-nssf-nssf-7f7767dd45-tvbcj,39m,7Mi
2026-08-11T16:44:55+08:00,free5gc-free5gc-pcf-pcf-769b57775d-crzp7,50m,12Mi
2026-08-11T16:44:55+08:00,free5gc-free5gc-smf-smf-7d94c978bf-bzj5s,43m,10Mi
2026-08-11T16:44:55+08:00,free5gc-free5gc-udm-udm-7fbb989b5c-96rtv,128m,14Mi
2026-08-11T16:44:55+08:00,free5gc-free5gc-udr-udr-788647bbb4-jbz5f,40m,13Mi
2026-08-11T16:44:55+08:00,free5gc-free5gc-webui-webui-6785478d49-lwtrb,2m,12Mi
2026-08-11T16:44:55+08:00,mongodb-0,154m,86Mi
2026-08-11T16:44:57+08:00,dbpython-free5gc-dbpython-dbpython-7fb488c7fc-8vt7q,27m,1Mi
2026-08-11T16:44:57+08:00,free5gc-free5gc-amf-amf-58c4d7b8b8-b75xd,145m,59Mi
2026-08-11T16:44:57+08:00,free5gc-free5gc-ausf-ausf-789bbfb4df-zxmhg,55m,22Mi
2026-08-11T16:44:57+08:00,free5gc-free5gc-chf-chf-6f777c7ff8-8mxhq,39m,12Mi
2026-08-11T16:44:57+08:00,free5gc-free5gc-nef-nef-759f694c89-jh7pd,38m,7Mi
2026-08-11T16:44:57+08:00,free5gc-free5gc-nrf-nrf-5766464855-bm2nv,2m,13Mi
2026-08-11T16:44:57+08:00,free5gc-free5gc-nssf-nssf-7f7767dd45-tvbcj,39m,7Mi
2026-08-11T16:44:57+08:00,free5gc-free5gc-pcf-pcf-769b57775d-crzp7,50m,12Mi
2026-08-11T16:44:57+08:00,free5gc-free5gc-smf-smf-7d94c978bf-bzj5s,43m,10Mi
2026-08-11T16:44:57+08:00,free5gc-free5gc-udm-udm-7fbb989b5c-96rtv,128m,14Mi
2026-08-11T16:44:57+08:00,free5gc-free5gc-udr-udr-788647bbb4-jbz5f,40m,13Mi
2026-08-11T16:44:57+08:00,free5gc-free5gc-webui-webui-6785478d49-lwtrb,2m,12Mi
2026-08-11T16:44:57+08:00,mongodb-0,154m,86Mi
2026-08-11T16:44:59+08:00,dbpython-free5gc-dbpython-dbpython-7fb488c7fc-8vt7q,27m,1Mi
2026-08-11T16:44:59+08:00,free5gc-free5gc-amf-amf-58c4d7b8b8-b75xd,145m,59Mi
2026-08-11T16:44:59+08:00,free5gc-free5gc-ausf-ausf-789bbfb4df-zxmhg,55m,22Mi
2026-08-11T16:44:59+08:00,free5gc-free5gc-chf-chf-6f777c7ff8-8mxhq,39m,12Mi
2026-08-11T16:44:59+08:00,free5gc-free5gc-nef-nef-759f694c89-jh7pd,38m,7Mi
2026-08-11T16:44:59+08:00,free5gc-free5gc-nrf-nrf-5766464855-bm2nv,2m,13Mi
2026-08-11T16:44:59+08:00,free5gc-free5gc-nssf-nssf-7f7767dd45-tvbcj,39m,7Mi
2026-08-11T16:44:59+08:00,free5gc-free5gc-pcf-pcf-769b57775d-crzp7,50m,12Mi
2026-08-11T16:44:59+08:00,free5gc-free5gc-smf-smf-7d94c978bf-bzj5s,43m,10Mi
2026-08-11T16:44:59+08:00,free5gc-free5gc-udm-udm-7fbb989b5c-96rtv,128m,14Mi
2026-08-11T16:44:59+08:00,free5gc-free5gc-udr-udr-788647bbb4-jbz5f,40m,13Mi
2026-08-11T16:44:59+08:00,free5gc-free5gc-webui-webui-6785478d49-lwtrb,2m,12Mi
2026-08-11T16:44:59+08:00,mongodb-0,154m,86Mi
2026-08-11T16:45:01+08:00,dbpython-free5gc-dbpython-dbpython-7fb488c7fc-8vt7q,27m,1Mi
2026-08-11T16:45:01+08:00,free5gc-free5gc-amf-amf-58c4d7b8b8-b75xd,145m,59Mi
2026-08-11T16:45:01+08:00,free5gc-free5gc-ausf-ausf-789bbfb4df-zxmhg,55m,22Mi
2026-08-11T16:45:01+08:00,free5gc-free5gc-chf-chf-6f777c7ff8-8mxhq,39m,12Mi
2026-08-11T16:45:01+08:00,free5gc-free5gc-nef-nef-759f694c89-jh7pd,38m,7Mi
2026-08-11T16:45:01+08:00,free5gc-free5gc-nrf-nrf-5766464855-bm2nv,2m,13Mi
2026-08-11T16:45:01+08:00,free5gc-free5gc-nssf-nssf-7f7767dd45-tvbcj,39m,7Mi
2026-08-11T16:45:01+08:00,free5gc-free5gc-pcf-pcf-769b57775d-crzp7,50m,12Mi
2026-08-11T16:45:01+08:00,free5gc-free5gc-smf-smf-7d94c978bf-bzj5s,43m,10Mi
2026-08-11T16:45:01+08:00,free5gc-free5gc-udm-udm-7fbb989b5c-96rtv,128m,14Mi
2026-08-11T16:45:01+08:00,free5gc-free5gc-udr-udr-788647bbb4-jbz5f,40m,13Mi
2026-08-11T16:45:01+08:00,free5gc-free5gc-webui-webui-6785478d49-lwtrb,2m,12Mi
2026-08-11T16:45:01+08:00,mongodb-0,154m,86Mi
2026-08-11T16:45:03+08:00,dbpython-free5gc-dbpython-dbpython-7fb488c7fc-8vt7q,29m,3Mi
2026-08-11T16:45:03+08:00,free5gc-free5gc-amf-amf-58c4d7b8b8-b75xd,43m,59Mi
2026-08-11T16:45:03+08:00,free5gc-free5gc-ausf-ausf-789bbfb4df-zxmhg,42m,22Mi
2026-08-11T16:45:03+08:00,free5gc-free5gc-chf-chf-6f777c7ff8-8mxhq,40m,12Mi
2026-08-11T16:45:03+08:00,free5gc-free5gc-nef-nef-759f694c89-jh7pd,40m,7Mi
2026-08-11T16:45:03+08:00,free5gc-free5gc-nrf-nrf-5766464855-bm2nv,2m,13Mi
2026-08-11T16:45:03+08:00,free5gc-free5gc-nssf-nssf-7f7767dd45-tvbcj,39m,7Mi
2026-08-11T16:45:03+08:00,free5gc-free5gc-pcf-pcf-769b57775d-crzp7,50m,12Mi
2026-08-11T16:45:03+08:00,free5gc-free5gc-smf-smf-7d94c978bf-bzj5s,39m,10Mi
2026-08-11T16:45:03+08:00,free5gc-free5gc-udm-udm-7fbb989b5c-96rtv,43m,14Mi
2026-08-11T16:45:03+08:00,free5gc-free5gc-udr-udr-788647bbb4-jbz5f,38m,13Mi
2026-08-11T16:45:03+08:00,free5gc-free5gc-webui-webui-6785478d49-lwtrb,2m,12Mi
2026-08-11T16:45:03+08:00,mongodb-0,114m,87Mi
2026-08-11T16:45:06+08:00,dbpython-free5gc-dbpython-dbpython-7fb488c7fc-8vt7q,29m,3Mi
2026-08-11T16:45:06+08:00,free5gc-free5gc-amf-amf-58c4d7b8b8-b75xd,43m,59Mi
2026-08-11T16:45:06+08:00,free5gc-free5gc-ausf-ausf-789bbfb4df-zxmhg,42m,22Mi
2026-08-11T16:45:06+08:00,free5gc-free5gc-chf-chf-6f777c7ff8-8mxhq,40m,12Mi
2026-08-11T16:45:06+08:00,free5gc-free5gc-nef-nef-759f694c89-jh7pd,40m,7Mi
2026-08-11T16:45:06+08:00,free5gc-free5gc-nrf-nrf-5766464855-bm2nv,2m,13Mi
2026-08-11T16:45:06+08:00,free5gc-free5gc-nssf-nssf-7f7767dd45-tvbcj,39m,7Mi
2026-08-11T16:45:06+08:00,free5gc-free5gc-pcf-pcf-769b57775d-crzp7,50m,12Mi
2026-08-11T16:45:06+08:00,free5gc-free5gc-smf-smf-7d94c978bf-bzj5s,39m,10Mi
2026-08-11T16:45:06+08:00,free5gc-free5gc-udm-udm-7fbb989b5c-96rtv,43m,14Mi
2026-08-11T16:45:06+08:00,free5gc-free5gc-udr-udr-788647bbb4-jbz5f,38m,13Mi
2026-08-11T16:45:06+08:00,free5gc-free5gc-webui-webui-6785478d49-lwtrb,2m,12Mi
2026-08-11T16:45:06+08:00,mongodb-0,114m,87Mi
2026-08-11T16:45:08+08:00,dbpython-free5gc-dbpython-dbpython-7fb488c7fc-8vt7q,29m,3Mi
2026-08-11T16:45:08+08:00,free5gc-free5gc-amf-amf-58c4d7b8b8-b75xd,43m,59Mi
2026-08-11T16:45:08+08:00,free5gc-free5gc-ausf-ausf-789bbfb4df-zxmhg,42m,22Mi
2026-08-11T16:45:08+08:00,free5gc-free5gc-chf-chf-6f777c7ff8-8mxhq,40m,12Mi
2026-08-11T16:45:08+08:00,free5gc-free5gc-nef-nef-759f694c89-jh7pd,40m,7Mi
2026-08-11T16:45:08+08:00,free5gc-free5gc-nrf-nrf-5766464855-bm2nv,2m,13Mi
2026-08-11T16:45:08+08:00,free5gc-free5gc-nssf-nssf-7f7767dd45-tvbcj,39m,7Mi
2026-08-11T16:45:08+08:00,free5gc-free5gc-pcf-pcf-769b57775d-crzp7,50m,12Mi
2026-08-11T16:45:08+08:00,free5gc-free5gc-smf-smf-7d94c978bf-bzj5s,39m,10Mi
2026-08-11T16:45:08+08:00,free5gc-free5gc-udm-udm-7fbb989b5c-96rtv,43m,14Mi
2026-08-11T16:45:08+08:00,free5gc-free5gc-udr-udr-788647bbb4-jbz5f,38m,13Mi
2026-08-11T16:45:08+08:00,free5gc-free5gc-webui-webui-6785478d49-lwtrb,2m,12Mi
2026-08-11T16:45:08+08:00,mongodb-0,114m,87Mi
2026-08-11T16:45:10+08:00,dbpython-free5gc-dbpython-dbpython-7fb488c7fc-8vt7q,29m,3Mi
2026-08-11T16:45:10+08:00,free5gc-free5gc-amf-amf-58c4d7b8b8-b75xd,43m,59Mi
2026-08-11T16:45:10+08:00,free5gc-free5gc-ausf-ausf-789bbfb4df-zxmhg,42m,22Mi
2026-08-11T16:45:10+08:00,free5gc-free5gc-chf-chf-6f777c7ff8-8mxhq,40m,12Mi
2026-08-11T16:45:10+08:00,free5gc-free5gc-nef-nef-759f694c89-jh7pd,40m,7Mi
2026-08-11T16:45:10+08:00,free5gc-free5gc-nrf-nrf-5766464855-bm2nv,2m,13Mi
2026-08-11T16:45:10+08:00,free5gc-free5gc-nssf-nssf-7f7767dd45-tvbcj,39m,7Mi
2026-08-11T16:45:10+08:00,free5gc-free5gc-pcf-pcf-769b57775d-crzp7,50m,12Mi
2026-08-11T16:45:10+08:00,free5gc-free5gc-smf-smf-7d94c978bf-bzj5s,39m,10Mi
2026-08-11T16:45:10+08:00,free5gc-free5gc-udm-udm-7fbb989b5c-96rtv,43m,14Mi
2026-08-11T16:45:10+08:00,free5gc-free5gc-udr-udr-788647bbb4-jbz5f,38m,13Mi
2026-08-11T16:45:10+08:00,free5gc-free5gc-webui-webui-6785478d49-lwtrb,2m,12Mi
2026-08-11T16:45:10+08:00,mongodb-0,114m,87Mi
2026-08-11T16:45:12+08:00,dbpython-free5gc-dbpython-dbpython-7fb488c7fc-8vt7q,29m,3Mi
2026-08-11T16:45:12+08:00,free5gc-free5gc-amf-amf-58c4d7b8b8-b75xd,43m,59Mi
2026-08-11T16:45:12+08:00,free5gc-free5gc-ausf-ausf-789bbfb4df-zxmhg,42m,22Mi
2026-08-11T16:45:12+08:00,free5gc-free5gc-chf-chf-6f777c7ff8-8mxhq,40m,12Mi
2026-08-11T16:45:12+08:00,free5gc-free5gc-nef-nef-759f694c89-jh7pd,40m,7Mi
2026-08-11T16:45:12+08:00,free5gc-free5gc-nrf-nrf-5766464855-bm2nv,2m,13Mi
2026-08-11T16:45:12+08:00,free5gc-free5gc-nssf-nssf-7f7767dd45-tvbcj,39m,7Mi
2026-08-11T16:45:12+08:00,free5gc-free5gc-pcf-pcf-769b57775d-crzp7,50m,12Mi
2026-08-11T16:45:12+08:00,free5gc-free5gc-smf-smf-7d94c978bf-bzj5s,39m,10Mi
2026-08-11T16:45:12+08:00,free5gc-free5gc-udm-udm-7fbb989b5c-96rtv,43m,14Mi
2026-08-11T16:45:12+08:00,free5gc-free5gc-udr-udr-788647bbb4-jbz5f,38m,13Mi
2026-08-11T16:45:12+08:00,free5gc-free5gc-webui-webui-6785478d49-lwtrb,2m,12Mi
2026-08-11T16:45:12+08:00,mongodb-0,114m,87Mi
2026-08-11T16:45:14+08:00,dbpython-free5gc-dbpython-dbpython-7fb488c7fc-8vt7q,29m,3Mi
2026-08-11T16:45:14+08:00,free5gc-free5gc-amf-amf-58c4d7b8b8-b75xd,43m,59Mi
2026-08-11T16:45:14+08:00,free5gc-free5gc-ausf-ausf-789bbfb4df-zxmhg,42m,22Mi
2026-08-11T16:45:14+08:00,free5gc-free5gc-chf-chf-6f777c7ff8-8mxhq,40m,12Mi
2026-08-11T16:45:14+08:00,free5gc-free5gc-nef-nef-759f694c89-jh7pd,40m,7Mi
2026-08-11T16:45:14+08:00,free5gc-free5gc-nrf-nrf-5766464855-bm2nv,2m,13Mi
2026-08-11T16:45:14+08:00,free5gc-free5gc-nssf-nssf-7f7767dd45-tvbcj,39m,7Mi
2026-08-11T16:45:14+08:00,free5gc-free5gc-pcf-pcf-769b57775d-crzp7,50m,12Mi
2026-08-11T16:45:14+08:00,free5gc-free5gc-smf-smf-7d94c978bf-bzj5s,39m,10Mi
2026-08-11T16:45:14+08:00,free5gc-free5gc-udm-udm-7fbb989b5c-96rtv,43m,14Mi
2026-08-11T16:45:14+08:00,free5gc-free5gc-udr-udr-788647bbb4-jbz5f,38m,13Mi
2026-08-11T16:45:14+08:00,free5gc-free5gc-webui-webui-6785478d49-lwtrb,2m,12Mi
2026-08-11T16:45:14+08:00,mongodb-0,114m,87Mi
2026-08-11T16:45:16+08:00,dbpython-free5gc-dbpython-dbpython-7fb488c7fc-8vt7q,29m,3Mi
2026-08-11T16:45:16+08:00,free5gc-free5gc-amf-amf-58c4d7b8b8-b75xd,43m,59Mi
2026-08-11T16:45:16+08:00,free5gc-free5gc-ausf-ausf-789bbfb4df-zxmhg,42m,22Mi
2026-08-11T16:45:16+08:00,free5gc-free5gc-chf-chf-6f777c7ff8-8mxhq,40m,12Mi
2026-08-11T16:45:16+08:00,free5gc-free5gc-nef-nef-759f694c89-jh7pd,40m,7Mi
2026-08-11T16:45:16+08:00,free5gc-free5gc-nrf-nrf-5766464855-bm2nv,2m,13Mi
2026-08-11T16:45:16+08:00,free5gc-free5gc-nssf-nssf-7f7767dd45-tvbcj,39m,7Mi
2026-08-11T16:45:16+08:00,free5gc-free5gc-pcf-pcf-769b57775d-crzp7,50m,12Mi
2026-08-11T16:45:16+08:00,free5gc-free5gc-smf-smf-7d94c978bf-bzj5s,39m,10Mi
2026-08-11T16:45:16+08:00,free5gc-free5gc-udm-udm-7fbb989b5c-96rtv,43m,14Mi
2026-08-11T16:45:16+08:00,free5gc-free5gc-udr-udr-788647bbb4-jbz5f,38m,13Mi
2026-08-11T16:45:16+08:00,free5gc-free5gc-webui-webui-6785478d49-lwtrb,2m,12Mi
2026-08-11T16:45:16+08:00,mongodb-0,114m,87Mi
2026-08-11T16:45:18+08:00,dbpython-free5gc-dbpython-dbpython-7fb488c7fc-8vt7q,28m,0Mi
2026-08-11T16:45:18+08:00,free5gc-free5gc-amf-amf-58c4d7b8b8-b75xd,45m,59Mi
2026-08-11T16:45:18+08:00,free5gc-free5gc-ausf-ausf-789bbfb4df-zxmhg,40m,22Mi
2026-08-11T16:45:18+08:00,free5gc-free5gc-chf-chf-6f777c7ff8-8mxhq,39m,12Mi
2026-08-11T16:45:18+08:00,free5gc-free5gc-nef-nef-759f694c89-jh7pd,40m,7Mi
2026-08-11T16:45:18+08:00,free5gc-free5gc-nrf-nrf-5766464855-bm2nv,3m,11Mi
2026-08-11T16:45:18+08:00,free5gc-free5gc-nssf-nssf-7f7767dd45-tvbcj,39m,7Mi
2026-08-11T16:45:18+08:00,free5gc-free5gc-pcf-pcf-769b57775d-crzp7,38m,17Mi
2026-08-11T16:45:18+08:00,free5gc-free5gc-smf-smf-7d94c978bf-bzj5s,39m,10Mi
2026-08-11T16:45:18+08:00,free5gc-free5gc-udm-udm-7fbb989b5c-96rtv,41m,14Mi
2026-08-11T16:45:18+08:00,free5gc-free5gc-udr-udr-788647bbb4-jbz5f,36m,13Mi
2026-08-11T16:45:18+08:00,free5gc-free5gc-webui-webui-6785478d49-lwtrb,2m,12Mi
2026-08-11T16:45:18+08:00,mongodb-0,146m,87Mi
2026-08-11T16:45:21+08:00,dbpython-free5gc-dbpython-dbpython-7fb488c7fc-8vt7q,28m,0Mi
2026-08-11T16:45:21+08:00,free5gc-free5gc-amf-amf-58c4d7b8b8-b75xd,45m,59Mi
2026-08-11T16:45:21+08:00,free5gc-free5gc-ausf-ausf-789bbfb4df-zxmhg,40m,22Mi
2026-08-11T16:45:21+08:00,free5gc-free5gc-chf-chf-6f777c7ff8-8mxhq,39m,12Mi
2026-08-11T16:45:21+08:00,free5gc-free5gc-nef-nef-759f694c89-jh7pd,40m,7Mi
2026-08-11T16:45:21+08:00,free5gc-free5gc-nrf-nrf-5766464855-bm2nv,3m,11Mi
2026-08-11T16:45:21+08:00,free5gc-free5gc-nssf-nssf-7f7767dd45-tvbcj,39m,7Mi
2026-08-11T16:45:21+08:00,free5gc-free5gc-pcf-pcf-769b57775d-crzp7,38m,17Mi
2026-08-11T16:45:21+08:00,free5gc-free5gc-smf-smf-7d94c978bf-bzj5s,39m,10Mi
2026-08-11T16:45:21+08:00,free5gc-free5gc-udm-udm-7fbb989b5c-96rtv,41m,14Mi
2026-08-11T16:45:21+08:00,free5gc-free5gc-udr-udr-788647bbb4-jbz5f,36m,13Mi
2026-08-11T16:45:21+08:00,free5gc-free5gc-webui-webui-6785478d49-lwtrb,2m,12Mi
2026-08-11T16:45:21+08:00,mongodb-0,146m,87Mi
2026-08-11T16:45:23+08:00,dbpython-free5gc-dbpython-dbpython-7fb488c7fc-8vt7q,28m,0Mi
2026-08-11T16:45:23+08:00,free5gc-free5gc-amf-amf-58c4d7b8b8-b75xd,45m,59Mi
2026-08-11T16:45:23+08:00,free5gc-free5gc-ausf-ausf-789bbfb4df-zxmhg,40m,22Mi
2026-08-11T16:45:23+08:00,free5gc-free5gc-chf-chf-6f777c7ff8-8mxhq,39m,12Mi
2026-08-11T16:45:23+08:00,free5gc-free5gc-nef-nef-759f694c89-jh7pd,40m,7Mi
2026-08-11T16:45:23+08:00,free5gc-free5gc-nrf-nrf-5766464855-bm2nv,3m,11Mi
2026-08-11T16:45:23+08:00,free5gc-free5gc-nssf-nssf-7f7767dd45-tvbcj,39m,7Mi
2026-08-11T16:45:23+08:00,free5gc-free5gc-pcf-pcf-769b57775d-crzp7,38m,17Mi
2026-08-11T16:45:23+08:00,free5gc-free5gc-smf-smf-7d94c978bf-bzj5s,39m,10Mi
2026-08-11T16:45:23+08:00,free5gc-free5gc-udm-udm-7fbb989b5c-96rtv,41m,14Mi
2026-08-11T16:45:23+08:00,free5gc-free5gc-udr-udr-788647bbb4-jbz5f,36m,13Mi
2026-08-11T16:45:23+08:00,free5gc-free5gc-webui-webui-6785478d49-lwtrb,2m,12Mi
2026-08-11T16:45:23+08:00,mongodb-0,146m,87Mi
2026-08-11T16:45:25+08:00,dbpython-free5gc-dbpython-dbpython-7fb488c7fc-8vt7q,28m,0Mi
2026-08-11T16:45:25+08:00,free5gc-free5gc-amf-amf-58c4d7b8b8-b75xd,45m,59Mi
2026-08-11T16:45:25+08:00,free5gc-free5gc-ausf-ausf-789bbfb4df-zxmhg,40m,22Mi
2026-08-11T16:45:25+08:00,free5gc-free5gc-chf-chf-6f777c7ff8-8mxhq,39m,12Mi
2026-08-11T16:45:25+08:00,free5gc-free5gc-nef-nef-759f694c89-jh7pd,40m,7Mi
2026-08-11T16:45:25+08:00,free5gc-free5gc-nrf-nrf-5766464855-bm2nv,3m,11Mi
2026-08-11T16:45:25+08:00,free5gc-free5gc-nssf-nssf-7f7767dd45-tvbcj,39m,7Mi
2026-08-11T16:45:25+08:00,free5gc-free5gc-pcf-pcf-769b57775d-crzp7,38m,17Mi
2026-08-11T16:45:25+08:00,free5gc-free5gc-smf-smf-7d94c978bf-bzj5s,39m,10Mi
2026-08-11T16:45:25+08:00,free5gc-free5gc-udm-udm-7fbb989b5c-96rtv,41m,14Mi
2026-08-11T16:45:25+08:00,free5gc-free5gc-udr-udr-788647bbb4-jbz5f,36m,13Mi
2026-08-11T16:45:25+08:00,free5gc-free5gc-webui-webui-6785478d49-lwtrb,2m,12Mi
2026-08-11T16:45:25+08:00,mongodb-0,146m,87Mi
2026-08-11T16:45:27+08:00,dbpython-free5gc-dbpython-dbpython-7fb488c7fc-8vt7q,28m,0Mi
2026-08-11T16:45:27+08:00,free5gc-free5gc-amf-amf-58c4d7b8b8-b75xd,45m,59Mi
2026-08-11T16:45:27+08:00,free5gc-free5gc-ausf-ausf-789bbfb4df-zxmhg,40m,22Mi
2026-08-11T16:45:27+08:00,free5gc-free5gc-chf-chf-6f777c7ff8-8mxhq,39m,12Mi
2026-08-11T16:45:27+08:00,free5gc-free5gc-nef-nef-759f694c89-jh7pd,40m,7Mi
2026-08-11T16:45:27+08:00,free5gc-free5gc-nrf-nrf-5766464855-bm2nv,3m,11Mi
2026-08-11T16:45:27+08:00,free5gc-free5gc-nssf-nssf-7f7767dd45-tvbcj,39m,7Mi
2026-08-11T16:45:27+08:00,free5gc-free5gc-pcf-pcf-769b57775d-crzp7,38m,17Mi
2026-08-11T16:45:27+08:00,free5gc-free5gc-smf-smf-7d94c978bf-bzj5s,39m,10Mi
2026-08-11T16:45:27+08:00,free5gc-free5gc-udm-udm-7fbb989b5c-96rtv,41m,14Mi
2026-08-11T16:45:27+08:00,free5gc-free5gc-udr-udr-788647bbb4-jbz5f,36m,13Mi
2026-08-11T16:45:27+08:00,free5gc-free5gc-webui-webui-6785478d49-lwtrb,2m,12Mi
2026-08-11T16:45:27+08:00,mongodb-0,146m,87Mi
2026-08-11T16:45:29+08:00,dbpython-free5gc-dbpython-dbpython-7fb488c7fc-8vt7q,28m,0Mi
2026-08-11T16:45:29+08:00,free5gc-free5gc-amf-amf-58c4d7b8b8-b75xd,45m,59Mi
2026-08-11T16:45:29+08:00,free5gc-free5gc-ausf-ausf-789bbfb4df-zxmhg,40m,22Mi
2026-08-11T16:45:29+08:00,free5gc-free5gc-chf-chf-6f777c7ff8-8mxhq,39m,12Mi
2026-08-11T16:45:29+08:00,free5gc-free5gc-nef-nef-759f694c89-jh7pd,40m,7Mi
2026-08-11T16:45:29+08:00,free5gc-free5gc-nrf-nrf-5766464855-bm2nv,3m,11Mi
2026-08-11T16:45:29+08:00,free5gc-free5gc-nssf-nssf-7f7767dd45-tvbcj,39m,7Mi
2026-08-11T16:45:29+08:00,free5gc-free5gc-pcf-pcf-769b57775d-crzp7,38m,17Mi
2026-08-11T16:45:29+08:00,free5gc-free5gc-smf-smf-7d94c978bf-bzj5s,39m,10Mi
2026-08-11T16:45:29+08:00,free5gc-free5gc-udm-udm-7fbb989b5c-96rtv,41m,14Mi
2026-08-11T16:45:29+08:00,free5gc-free5gc-udr-udr-788647bbb4-jbz5f,36m,13Mi
2026-08-11T16:45:29+08:00,free5gc-free5gc-webui-webui-6785478d49-lwtrb,2m,12Mi
2026-08-11T16:45:29+08:00,mongodb-0,146m,87Mi
2026-08-11T16:45:31+08:00,dbpython-free5gc-dbpython-dbpython-7fb488c7fc-8vt7q,28m,0Mi
2026-08-11T16:45:31+08:00,free5gc-free5gc-amf-amf-58c4d7b8b8-b75xd,40m,24Mi
2026-08-11T16:45:31+08:00,free5gc-free5gc-ausf-ausf-789bbfb4df-zxmhg,38m,22Mi
2026-08-11T16:45:31+08:00,free5gc-free5gc-chf-chf-6f777c7ff8-8mxhq,37m,12Mi
2026-08-11T16:45:31+08:00,free5gc-free5gc-nef-nef-759f694c89-jh7pd,38m,7Mi
2026-08-11T16:45:31+08:00,free5gc-free5gc-nrf-nrf-5766464855-bm2nv,2m,11Mi
2026-08-11T16:45:31+08:00,free5gc-free5gc-nssf-nssf-7f7767dd45-tvbcj,40m,7Mi
2026-08-11T16:45:31+08:00,free5gc-free5gc-pcf-pcf-769b57775d-crzp7,39m,12Mi
2026-08-11T16:45:31+08:00,free5gc-free5gc-smf-smf-7d94c978bf-bzj5s,44m,10Mi
2026-08-11T16:45:31+08:00,free5gc-free5gc-udm-udm-7fbb989b5c-96rtv,41m,14Mi
2026-08-11T16:45:31+08:00,free5gc-free5gc-udr-udr-788647bbb4-jbz5f,37m,13Mi
2026-08-11T16:45:31+08:00,free5gc-free5gc-webui-webui-6785478d49-lwtrb,2m,12Mi
2026-08-11T16:45:31+08:00,mongodb-0,146m,87Mi
2026-08-11T16:45:33+08:00,dbpython-free5gc-dbpython-dbpython-7fb488c7fc-8vt7q,28m,0Mi
2026-08-11T16:45:33+08:00,free5gc-free5gc-amf-amf-58c4d7b8b8-b75xd,40m,24Mi
2026-08-11T16:45:33+08:00,free5gc-free5gc-ausf-ausf-789bbfb4df-zxmhg,38m,22Mi
2026-08-11T16:45:33+08:00,free5gc-free5gc-chf-chf-6f777c7ff8-8mxhq,37m,12Mi
2026-08-11T16:45:33+08:00,free5gc-free5gc-nef-nef-759f694c89-jh7pd,38m,7Mi
2026-08-11T16:45:33+08:00,free5gc-free5gc-nrf-nrf-5766464855-bm2nv,2m,11Mi
2026-08-11T16:45:33+08:00,free5gc-free5gc-nssf-nssf-7f7767dd45-tvbcj,40m,7Mi
2026-08-11T16:45:33+08:00,free5gc-free5gc-pcf-pcf-769b57775d-crzp7,39m,12Mi
2026-08-11T16:45:33+08:00,free5gc-free5gc-smf-smf-7d94c978bf-bzj5s,44m,10Mi
2026-08-11T16:45:33+08:00,free5gc-free5gc-udm-udm-7fbb989b5c-96rtv,41m,14Mi
2026-08-11T16:45:33+08:00,free5gc-free5gc-udr-udr-788647bbb4-jbz5f,37m,13Mi
2026-08-11T16:45:33+08:00,free5gc-free5gc-webui-webui-6785478d49-lwtrb,2m,12Mi
2026-08-11T16:45:33+08:00,mongodb-0,146m,87Mi
2026-08-11T16:45:35+08:00,dbpython-free5gc-dbpython-dbpython-7fb488c7fc-8vt7q,28m,0Mi
2026-08-11T16:45:35+08:00,free5gc-free5gc-amf-amf-58c4d7b8b8-b75xd,40m,24Mi
2026-08-11T16:45:35+08:00,free5gc-free5gc-ausf-ausf-789bbfb4df-zxmhg,38m,22Mi
2026-08-11T16:45:35+08:00,free5gc-free5gc-chf-chf-6f777c7ff8-8mxhq,37m,12Mi
2026-08-11T16:45:35+08:00,free5gc-free5gc-nef-nef-759f694c89-jh7pd,38m,7Mi
2026-08-11T16:45:35+08:00,free5gc-free5gc-nrf-nrf-5766464855-bm2nv,2m,11Mi
2026-08-11T16:45:35+08:00,free5gc-free5gc-nssf-nssf-7f7767dd45-tvbcj,40m,7Mi
2026-08-11T16:45:35+08:00,free5gc-free5gc-pcf-pcf-769b57775d-crzp7,39m,12Mi
2026-08-11T16:45:35+08:00,free5gc-free5gc-smf-smf-7d94c978bf-bzj5s,44m,10Mi
2026-08-11T16:45:35+08:00,free5gc-free5gc-udm-udm-7fbb989b5c-96rtv,41m,14Mi
2026-08-11T16:45:35+08:00,free5gc-free5gc-udr-udr-788647bbb4-jbz5f,37m,13Mi
2026-08-11T16:45:35+08:00,free5gc-free5gc-webui-webui-6785478d49-lwtrb,2m,12Mi
2026-08-11T16:45:35+08:00,mongodb-0,146m,87Mi
2026-08-11T16:45:38+08:00,dbpython-free5gc-dbpython-dbpython-7fb488c7fc-8vt7q,28m,0Mi
2026-08-11T16:45:38+08:00,free5gc-free5gc-amf-amf-58c4d7b8b8-b75xd,40m,24Mi
2026-08-11T16:45:38+08:00,free5gc-free5gc-ausf-ausf-789bbfb4df-zxmhg,38m,22Mi
2026-08-11T16:45:38+08:00,free5gc-free5gc-chf-chf-6f777c7ff8-8mxhq,37m,12Mi
2026-08-11T16:45:38+08:00,free5gc-free5gc-nef-nef-759f694c89-jh7pd,38m,7Mi
2026-08-11T16:45:38+08:00,free5gc-free5gc-nrf-nrf-5766464855-bm2nv,2m,11Mi
2026-08-11T16:45:38+08:00,free5gc-free5gc-nssf-nssf-7f7767dd45-tvbcj,40m,7Mi
2026-08-11T16:45:38+08:00,free5gc-free5gc-pcf-pcf-769b57775d-crzp7,39m,12Mi
2026-08-11T16:45:38+08:00,free5gc-free5gc-smf-smf-7d94c978bf-bzj5s,44m,10Mi
2026-08-11T16:45:38+08:00,free5gc-free5gc-udm-udm-7fbb989b5c-96rtv,41m,14Mi
2026-08-11T16:45:38+08:00,free5gc-free5gc-udr-udr-788647bbb4-jbz5f,37m,13Mi
2026-08-11T16:45:38+08:00,free5gc-free5gc-webui-webui-6785478d49-lwtrb,2m,12Mi
2026-08-11T16:45:38+08:00,mongodb-0,146m,87Mi
2026-08-11T16:45:40+08:00,dbpython-free5gc-dbpython-dbpython-7fb488c7fc-8vt7q,28m,0Mi
2026-08-11T16:45:40+08:00,free5gc-free5gc-amf-amf-58c4d7b8b8-b75xd,40m,24Mi
2026-08-11T16:45:40+08:00,free5gc-free5gc-ausf-ausf-789bbfb4df-zxmhg,38m,22Mi
2026-08-11T16:45:40+08:00,free5gc-free5gc-chf-chf-6f777c7ff8-8mxhq,37m,12Mi
2026-08-11T16:45:40+08:00,free5gc-free5gc-nef-nef-759f694c89-jh7pd,38m,7Mi
2026-08-11T16:45:40+08:00,free5gc-free5gc-nrf-nrf-5766464855-bm2nv,2m,11Mi
2026-08-11T16:45:40+08:00,free5gc-free5gc-nssf-nssf-7f7767dd45-tvbcj,40m,7Mi
2026-08-11T16:45:40+08:00,free5gc-free5gc-pcf-pcf-769b57775d-crzp7,39m,12Mi
2026-08-11T16:45:40+08:00,free5gc-free5gc-smf-smf-7d94c978bf-bzj5s,44m,10Mi
2026-08-11T16:45:40+08:00,free5gc-free5gc-udm-udm-7fbb989b5c-96rtv,41m,14Mi
2026-08-11T16:45:40+08:00,free5gc-free5gc-udr-udr-788647bbb4-jbz5f,37m,13Mi
2026-08-11T16:45:40+08:00,free5gc-free5gc-webui-webui-6785478d49-lwtrb,2m,12Mi
2026-08-11T16:45:40+08:00,mongodb-0,146m,87Mi
2026-08-11T16:45:42+08:00,dbpython-free5gc-dbpython-dbpython-7fb488c7fc-8vt7q,28m,0Mi
2026-08-11T16:45:42+08:00,free5gc-free5gc-amf-amf-58c4d7b8b8-b75xd,40m,24Mi
2026-08-11T16:45:42+08:00,free5gc-free5gc-ausf-ausf-789bbfb4df-zxmhg,38m,22Mi
2026-08-11T16:45:42+08:00,free5gc-free5gc-chf-chf-6f777c7ff8-8mxhq,37m,12Mi
2026-08-11T16:45:42+08:00,free5gc-free5gc-nef-nef-759f694c89-jh7pd,38m,7Mi
2026-08-11T16:45:42+08:00,free5gc-free5gc-nrf-nrf-5766464855-bm2nv,2m,11Mi
2026-08-11T16:45:42+08:00,free5gc-free5gc-nssf-nssf-7f7767dd45-tvbcj,40m,7Mi
2026-08-11T16:45:42+08:00,free5gc-free5gc-pcf-pcf-769b57775d-crzp7,39m,12Mi
2026-08-11T16:45:42+08:00,free5gc-free5gc-smf-smf-7d94c978bf-bzj5s,44m,10Mi
2026-08-11T16:45:42+08:00,free5gc-free5gc-udm-udm-7fbb989b5c-96rtv,41m,14Mi
2026-08-11T16:45:42+08:00,free5gc-free5gc-udr-udr-788647bbb4-jbz5f,37m,13Mi
2026-08-11T16:45:42+08:00,free5gc-free5gc-webui-webui-6785478d49-lwtrb,2m,12Mi
2026-08-11T16:45:42+08:00,mongodb-0,146m,87Mi
2026-08-11T16:45:44+08:00,dbpython-free5gc-dbpython-dbpython-7fb488c7fc-8vt7q,28m,0Mi
2026-08-11T16:45:44+08:00,free5gc-free5gc-amf-amf-58c4d7b8b8-b75xd,40m,24Mi
2026-08-11T16:45:44+08:00,free5gc-free5gc-ausf-ausf-789bbfb4df-zxmhg,38m,22Mi
2026-08-11T16:45:44+08:00,free5gc-free5gc-chf-chf-6f777c7ff8-8mxhq,37m,12Mi
2026-08-11T16:45:44+08:00,free5gc-free5gc-nef-nef-759f694c89-jh7pd,38m,7Mi
2026-08-11T16:45:44+08:00,free5gc-free5gc-nrf-nrf-5766464855-bm2nv,2m,11Mi
2026-08-11T16:45:44+08:00,free5gc-free5gc-nssf-nssf-7f7767dd45-tvbcj,40m,7Mi
2026-08-11T16:45:44+08:00,free5gc-free5gc-pcf-pcf-769b57775d-crzp7,39m,12Mi
2026-08-11T16:45:44+08:00,free5gc-free5gc-smf-smf-7d94c978bf-bzj5s,44m,10Mi
2026-08-11T16:45:44+08:00,free5gc-free5gc-udm-udm-7fbb989b5c-96rtv,41m,14Mi
2026-08-11T16:45:44+08:00,free5gc-free5gc-udr-udr-788647bbb4-jbz5f,37m,13Mi
2026-08-11T16:45:44+08:00,free5gc-free5gc-webui-webui-6785478d49-lwtrb,2m,12Mi
2026-08-11T16:45:44+08:00,mongodb-0,146m,87Mi
2026-08-11T16:45:46+08:00,dbpython-free5gc-dbpython-dbpython-7fb488c7fc-8vt7q,28m,0Mi
2026-08-11T16:45:46+08:00,free5gc-free5gc-amf-amf-58c4d7b8b8-b75xd,40m,24Mi
2026-08-11T16:45:46+08:00,free5gc-free5gc-ausf-ausf-789bbfb4df-zxmhg,38m,22Mi
2026-08-11T16:45:46+08:00,free5gc-free5gc-chf-chf-6f777c7ff8-8mxhq,37m,12Mi
2026-08-11T16:45:46+08:00,free5gc-free5gc-nef-nef-759f694c89-jh7pd,38m,7Mi
2026-08-11T16:45:46+08:00,free5gc-free5gc-nrf-nrf-5766464855-bm2nv,2m,11Mi
2026-08-11T16:45:46+08:00,free5gc-free5gc-nssf-nssf-7f7767dd45-tvbcj,40m,7Mi
2026-08-11T16:45:46+08:00,free5gc-free5gc-pcf-pcf-769b57775d-crzp7,39m,12Mi
2026-08-11T16:45:46+08:00,free5gc-free5gc-smf-smf-7d94c978bf-bzj5s,44m,10Mi
2026-08-11T16:45:46+08:00,free5gc-free5gc-udm-udm-7fbb989b5c-96rtv,41m,14Mi
2026-08-11T16:45:46+08:00,free5gc-free5gc-udr-udr-788647bbb4-jbz5f,37m,13Mi
2026-08-11T16:45:46+08:00,free5gc-free5gc-webui-webui-6785478d49-lwtrb,2m,12Mi
2026-08-11T16:45:46+08:00,mongodb-0,146m,87Mi
2026-08-11T16:45:48+08:00,dbpython-free5gc-dbpython-dbpython-7fb488c7fc-8vt7q,27m,4Mi
2026-08-11T16:45:48+08:00,free5gc-free5gc-amf-amf-58c4d7b8b8-b75xd,40m,24Mi
2026-08-11T16:45:48+08:00,free5gc-free5gc-ausf-ausf-789bbfb4df-zxmhg,38m,22Mi
2026-08-11T16:45:48+08:00,free5gc-free5gc-chf-chf-6f777c7ff8-8mxhq,38m,12Mi
2026-08-11T16:45:48+08:00,free5gc-free5gc-nef-nef-759f694c89-jh7pd,36m,7Mi
2026-08-11T16:45:48+08:00,free5gc-free5gc-nrf-nrf-5766464855-bm2nv,2m,11Mi
2026-08-11T16:45:48+08:00,free5gc-free5gc-nssf-nssf-7f7767dd45-tvbcj,38m,7Mi
2026-08-11T16:45:48+08:00,free5gc-free5gc-pcf-pcf-769b57775d-crzp7,39m,12Mi
2026-08-11T16:45:48+08:00,free5gc-free5gc-smf-smf-7d94c978bf-bzj5s,39m,10Mi
2026-08-11T16:45:48+08:00,free5gc-free5gc-udm-udm-7fbb989b5c-96rtv,40m,14Mi
2026-08-11T16:45:48+08:00,free5gc-free5gc-udr-udr-788647bbb4-jbz5f,37m,13Mi
2026-08-11T16:45:48+08:00,free5gc-free5gc-webui-webui-6785478d49-lwtrb,2m,12Mi
2026-08-11T16:45:48+08:00,mongodb-0,120m,87Mi
2026-08-11T16:45:51+08:00,dbpython-free5gc-dbpython-dbpython-7fb488c7fc-8vt7q,27m,4Mi
2026-08-11T16:45:51+08:00,free5gc-free5gc-amf-amf-58c4d7b8b8-b75xd,40m,24Mi
2026-08-11T16:45:51+08:00,free5gc-free5gc-ausf-ausf-789bbfb4df-zxmhg,38m,22Mi
2026-08-11T16:45:51+08:00,free5gc-free5gc-chf-chf-6f777c7ff8-8mxhq,38m,12Mi
2026-08-11T16:45:51+08:00,free5gc-free5gc-nef-nef-759f694c89-jh7pd,36m,7Mi
2026-08-11T16:45:51+08:00,free5gc-free5gc-nrf-nrf-5766464855-bm2nv,2m,11Mi
2026-08-11T16:45:51+08:00,free5gc-free5gc-nssf-nssf-7f7767dd45-tvbcj,38m,7Mi
2026-08-11T16:45:51+08:00,free5gc-free5gc-pcf-pcf-769b57775d-crzp7,39m,12Mi
2026-08-11T16:45:51+08:00,free5gc-free5gc-smf-smf-7d94c978bf-bzj5s,39m,10Mi
2026-08-11T16:45:51+08:00,free5gc-free5gc-udm-udm-7fbb989b5c-96rtv,40m,14Mi
2026-08-11T16:45:51+08:00,free5gc-free5gc-udr-udr-788647bbb4-jbz5f,37m,13Mi
2026-08-11T16:45:51+08:00,free5gc-free5gc-webui-webui-6785478d49-lwtrb,2m,12Mi
2026-08-11T16:45:51+08:00,mongodb-0,120m,87Mi
2026-08-11T16:45:53+08:00,dbpython-free5gc-dbpython-dbpython-7fb488c7fc-8vt7q,27m,4Mi
2026-08-11T16:45:53+08:00,free5gc-free5gc-amf-amf-58c4d7b8b8-b75xd,40m,24Mi
2026-08-11T16:45:53+08:00,free5gc-free5gc-ausf-ausf-789bbfb4df-zxmhg,38m,22Mi
2026-08-11T16:45:53+08:00,free5gc-free5gc-chf-chf-6f777c7ff8-8mxhq,38m,12Mi
2026-08-11T16:45:53+08:00,free5gc-free5gc-nef-nef-759f694c89-jh7pd,36m,7Mi
2026-08-11T16:45:53+08:00,free5gc-free5gc-nrf-nrf-5766464855-bm2nv,2m,11Mi
2026-08-11T16:45:53+08:00,free5gc-free5gc-nssf-nssf-7f7767dd45-tvbcj,38m,7Mi
2026-08-11T16:45:53+08:00,free5gc-free5gc-pcf-pcf-769b57775d-crzp7,39m,12Mi
2026-08-11T16:45:53+08:00,free5gc-free5gc-smf-smf-7d94c978bf-bzj5s,39m,10Mi
2026-08-11T16:45:53+08:00,free5gc-free5gc-udm-udm-7fbb989b5c-96rtv,40m,14Mi
2026-08-11T16:45:53+08:00,free5gc-free5gc-udr-udr-788647bbb4-jbz5f,37m,13Mi
2026-08-11T16:45:53+08:00,free5gc-free5gc-webui-webui-6785478d49-lwtrb,2m,12Mi
2026-08-11T16:45:53+08:00,mongodb-0,120m,87Mi
2026-08-11T16:45:55+08:00,dbpython-free5gc-dbpython-dbpython-7fb488c7fc-8vt7q,27m,4Mi
2026-08-11T16:45:55+08:00,free5gc-free5gc-amf-amf-58c4d7b8b8-b75xd,40m,24Mi
2026-08-11T16:45:55+08:00,free5gc-free5gc-ausf-ausf-789bbfb4df-zxmhg,38m,22Mi
2026-08-11T16:45:55+08:00,free5gc-free5gc-chf-chf-6f777c7ff8-8mxhq,38m,12Mi
2026-08-11T16:45:55+08:00,free5gc-free5gc-nef-nef-759f694c89-jh7pd,36m,7Mi
2026-08-11T16:45:55+08:00,free5gc-free5gc-nrf-nrf-5766464855-bm2nv,2m,11Mi
2026-08-11T16:45:55+08:00,free5gc-free5gc-nssf-nssf-7f7767dd45-tvbcj,38m,7Mi
2026-08-11T16:45:55+08:00,free5gc-free5gc-pcf-pcf-769b57775d-crzp7,39m,12Mi
2026-08-11T16:45:55+08:00,free5gc-free5gc-smf-smf-7d94c978bf-bzj5s,39m,10Mi
2026-08-11T16:45:55+08:00,free5gc-free5gc-udm-udm-7fbb989b5c-96rtv,40m,14Mi
2026-08-11T16:45:55+08:00,free5gc-free5gc-udr-udr-788647bbb4-jbz5f,37m,13Mi
2026-08-11T16:45:55+08:00,free5gc-free5gc-webui-webui-6785478d49-lwtrb,2m,12Mi
2026-08-11T16:45:55+08:00,mongodb-0,120m,87Mi
2026-08-11T16:45:57+08:00,dbpython-free5gc-dbpython-dbpython-7fb488c7fc-8vt7q,27m,4Mi
2026-08-11T16:45:57+08:00,free5gc-free5gc-amf-amf-58c4d7b8b8-b75xd,40m,24Mi
2026-08-11T16:45:57+08:00,free5gc-free5gc-ausf-ausf-789bbfb4df-zxmhg,38m,22Mi
2026-08-11T16:45:57+08:00,free5gc-free5gc-chf-chf-6f777c7ff8-8mxhq,38m,12Mi
2026-08-11T16:45:57+08:00,free5gc-free5gc-nef-nef-759f694c89-jh7pd,36m,7Mi
2026-08-11T16:45:57+08:00,free5gc-free5gc-nrf-nrf-5766464855-bm2nv,2m,11Mi
2026-08-11T16:45:57+08:00,free5gc-free5gc-nssf-nssf-7f7767dd45-tvbcj,38m,7Mi
2026-08-11T16:45:57+08:00,free5gc-free5gc-pcf-pcf-769b57775d-crzp7,39m,12Mi
2026-08-11T16:45:57+08:00,free5gc-free5gc-smf-smf-7d94c978bf-bzj5s,39m,10Mi
2026-08-11T16:45:57+08:00,free5gc-free5gc-udm-udm-7fbb989b5c-96rtv,40m,14Mi
2026-08-11T16:45:57+08:00,free5gc-free5gc-udr-udr-788647bbb4-jbz5f,37m,13Mi
2026-08-11T16:45:57+08:00,free5gc-free5gc-webui-webui-6785478d49-lwtrb,2m,12Mi
2026-08-11T16:45:57+08:00,mongodb-0,120m,87Mi
2026-08-11T16:45:59+08:00,dbpython-free5gc-dbpython-dbpython-7fb488c7fc-8vt7q,27m,4Mi
2026-08-11T16:45:59+08:00,free5gc-free5gc-amf-amf-58c4d7b8b8-b75xd,40m,24Mi
2026-08-11T16:45:59+08:00,free5gc-free5gc-ausf-ausf-789bbfb4df-zxmhg,38m,22Mi
2026-08-11T16:45:59+08:00,free5gc-free5gc-chf-chf-6f777c7ff8-8mxhq,38m,12Mi
2026-08-11T16:45:59+08:00,free5gc-free5gc-nef-nef-759f694c89-jh7pd,36m,7Mi
2026-08-11T16:45:59+08:00,free5gc-free5gc-nrf-nrf-5766464855-bm2nv,2m,11Mi
2026-08-11T16:45:59+08:00,free5gc-free5gc-nssf-nssf-7f7767dd45-tvbcj,38m,7Mi
2026-08-11T16:45:59+08:00,free5gc-free5gc-pcf-pcf-769b57775d-crzp7,39m,12Mi
2026-08-11T16:45:59+08:00,free5gc-free5gc-smf-smf-7d94c978bf-bzj5s,39m,10Mi
2026-08-11T16:45:59+08:00,free5gc-free5gc-udm-udm-7fbb989b5c-96rtv,40m,14Mi
2026-08-11T16:45:59+08:00,free5gc-free5gc-udr-udr-788647bbb4-jbz5f,37m,13Mi
2026-08-11T16:45:59+08:00,free5gc-free5gc-webui-webui-6785478d49-lwtrb,2m,12Mi
2026-08-11T16:45:59+08:00,mongodb-0,120m,87Mi
2026-08-11T16:46:01+08:00,dbpython-free5gc-dbpython-dbpython-7fb488c7fc-8vt7q,26m,0Mi
2026-08-11T16:46:01+08:00,free5gc-free5gc-amf-amf-58c4d7b8b8-b75xd,38m,24Mi
2026-08-11T16:46:01+08:00,free5gc-free5gc-ausf-ausf-789bbfb4df-zxmhg,37m,22Mi
2026-08-11T16:46:01+08:00,free5gc-free5gc-chf-chf-6f777c7ff8-8mxhq,40m,12Mi
2026-08-11T16:46:01+08:00,free5gc-free5gc-nef-nef-759f694c89-jh7pd,39m,7Mi
2026-08-11T16:46:01+08:00,free5gc-free5gc-nrf-nrf-5766464855-bm2nv,2m,11Mi
2026-08-11T16:46:01+08:00,free5gc-free5gc-nssf-nssf-7f7767dd45-tvbcj,37m,7Mi
2026-08-11T16:46:01+08:00,free5gc-free5gc-pcf-pcf-769b57775d-crzp7,39m,12Mi
2026-08-11T16:46:01+08:00,free5gc-free5gc-smf-smf-7d94c978bf-bzj5s,39m,10Mi
2026-08-11T16:46:01+08:00,free5gc-free5gc-udm-udm-7fbb989b5c-96rtv,40m,14Mi
2026-08-11T16:46:01+08:00,free5gc-free5gc-udr-udr-788647bbb4-jbz5f,35m,13Mi
2026-08-11T16:46:01+08:00,free5gc-free5gc-webui-webui-6785478d49-lwtrb,3m,12Mi
2026-08-11T16:46:01+08:00,mongodb-0,142m,87Mi
2026-08-11T16:46:03+08:00,dbpython-free5gc-dbpython-dbpython-7fb488c7fc-8vt7q,26m,0Mi
2026-08-11T16:46:03+08:00,free5gc-free5gc-amf-amf-58c4d7b8b8-b75xd,38m,24Mi
2026-08-11T16:46:03+08:00,free5gc-free5gc-ausf-ausf-789bbfb4df-zxmhg,37m,22Mi
2026-08-11T16:46:03+08:00,free5gc-free5gc-chf-chf-6f777c7ff8-8mxhq,40m,12Mi
2026-08-11T16:46:03+08:00,free5gc-free5gc-nef-nef-759f694c89-jh7pd,39m,7Mi
2026-08-11T16:46:03+08:00,free5gc-free5gc-nrf-nrf-5766464855-bm2nv,2m,11Mi
2026-08-11T16:46:03+08:00,free5gc-free5gc-nssf-nssf-7f7767dd45-tvbcj,37m,7Mi
2026-08-11T16:46:03+08:00,free5gc-free5gc-pcf-pcf-769b57775d-crzp7,39m,12Mi
2026-08-11T16:46:03+08:00,free5gc-free5gc-smf-smf-7d94c978bf-bzj5s,39m,10Mi
2026-08-11T16:46:03+08:00,free5gc-free5gc-udm-udm-7fbb989b5c-96rtv,40m,14Mi
2026-08-11T16:46:03+08:00,free5gc-free5gc-udr-udr-788647bbb4-jbz5f,35m,13Mi
2026-08-11T16:46:03+08:00,free5gc-free5gc-webui-webui-6785478d49-lwtrb,3m,12Mi
2026-08-11T16:46:03+08:00,mongodb-0,142m,87Mi
2026-08-11T16:46:05+08:00,dbpython-free5gc-dbpython-dbpython-7fb488c7fc-8vt7q,26m,0Mi
2026-08-11T16:46:05+08:00,free5gc-free5gc-amf-amf-58c4d7b8b8-b75xd,38m,24Mi
2026-08-11T16:46:05+08:00,free5gc-free5gc-ausf-ausf-789bbfb4df-zxmhg,37m,22Mi
2026-08-11T16:46:05+08:00,free5gc-free5gc-chf-chf-6f777c7ff8-8mxhq,40m,12Mi
2026-08-11T16:46:05+08:00,free5gc-free5gc-nef-nef-759f694c89-jh7pd,39m,7Mi
2026-08-11T16:46:05+08:00,free5gc-free5gc-nrf-nrf-5766464855-bm2nv,2m,11Mi
2026-08-11T16:46:05+08:00,free5gc-free5gc-nssf-nssf-7f7767dd45-tvbcj,37m,7Mi
2026-08-11T16:46:05+08:00,free5gc-free5gc-pcf-pcf-769b57775d-crzp7,39m,12Mi
2026-08-11T16:46:05+08:00,free5gc-free5gc-smf-smf-7d94c978bf-bzj5s,39m,10Mi
2026-08-11T16:46:05+08:00,free5gc-free5gc-udm-udm-7fbb989b5c-96rtv,40m,14Mi
2026-08-11T16:46:05+08:00,free5gc-free5gc-udr-udr-788647bbb4-jbz5f,35m,13Mi
2026-08-11T16:46:05+08:00,free5gc-free5gc-webui-webui-6785478d49-lwtrb,3m,12Mi
2026-08-11T16:46:05+08:00,mongodb-0,142m,87Mi
2026-08-11T16:46:08+08:00,dbpython-free5gc-dbpython-dbpython-7fb488c7fc-8vt7q,26m,0Mi
2026-08-11T16:46:08+08:00,free5gc-free5gc-amf-amf-58c4d7b8b8-b75xd,38m,24Mi
2026-08-11T16:46:08+08:00,free5gc-free5gc-ausf-ausf-789bbfb4df-zxmhg,37m,22Mi
2026-08-11T16:46:08+08:00,free5gc-free5gc-chf-chf-6f777c7ff8-8mxhq,40m,12Mi
2026-08-11T16:46:08+08:00,free5gc-free5gc-nef-nef-759f694c89-jh7pd,39m,7Mi
2026-08-11T16:46:08+08:00,free5gc-free5gc-nrf-nrf-5766464855-bm2nv,2m,11Mi
2026-08-11T16:46:08+08:00,free5gc-free5gc-nssf-nssf-7f7767dd45-tvbcj,37m,7Mi
2026-08-11T16:46:08+08:00,free5gc-free5gc-pcf-pcf-769b57775d-crzp7,39m,12Mi
2026-08-11T16:46:08+08:00,free5gc-free5gc-smf-smf-7d94c978bf-bzj5s,39m,10Mi
2026-08-11T16:46:08+08:00,free5gc-free5gc-udm-udm-7fbb989b5c-96rtv,40m,14Mi
2026-08-11T16:46:08+08:00,free5gc-free5gc-udr-udr-788647bbb4-jbz5f,35m,13Mi
2026-08-11T16:46:08+08:00,free5gc-free5gc-webui-webui-6785478d49-lwtrb,3m,12Mi
2026-08-11T16:46:08+08:00,mongodb-0,142m,87Mi
2026-08-11T16:46:10+08:00,dbpython-free5gc-dbpython-dbpython-7fb488c7fc-8vt7q,26m,0Mi
2026-08-11T16:46:10+08:00,free5gc-free5gc-amf-amf-58c4d7b8b8-b75xd,38m,24Mi
2026-08-11T16:46:10+08:00,free5gc-free5gc-ausf-ausf-789bbfb4df-zxmhg,37m,22Mi
2026-08-11T16:46:10+08:00,free5gc-free5gc-chf-chf-6f777c7ff8-8mxhq,40m,12Mi
2026-08-11T16:46:10+08:00,free5gc-free5gc-nef-nef-759f694c89-jh7pd,39m,7Mi
2026-08-11T16:46:10+08:00,free5gc-free5gc-nrf-nrf-5766464855-bm2nv,2m,11Mi
2026-08-11T16:46:10+08:00,free5gc-free5gc-nssf-nssf-7f7767dd45-tvbcj,37m,7Mi
2026-08-11T16:46:10+08:00,free5gc-free5gc-pcf-pcf-769b57775d-crzp7,39m,12Mi
2026-08-11T16:46:10+08:00,free5gc-free5gc-smf-smf-7d94c978bf-bzj5s,39m,10Mi
2026-08-11T16:46:10+08:00,free5gc-free5gc-udm-udm-7fbb989b5c-96rtv,40m,14Mi
2026-08-11T16:46:10+08:00,free5gc-free5gc-udr-udr-788647bbb4-jbz5f,35m,13Mi
2026-08-11T16:46:10+08:00,free5gc-free5gc-webui-webui-6785478d49-lwtrb,3m,12Mi
2026-08-11T16:46:10+08:00,mongodb-0,142m,87Mi
2026-08-11T16:46:12+08:00,dbpython-free5gc-dbpython-dbpython-7fb488c7fc-8vt7q,26m,0Mi
2026-08-11T16:46:12+08:00,free5gc-free5gc-amf-amf-58c4d7b8b8-b75xd,38m,24Mi
2026-08-11T16:46:12+08:00,free5gc-free5gc-ausf-ausf-789bbfb4df-zxmhg,37m,22Mi
2026-08-11T16:46:12+08:00,free5gc-free5gc-chf-chf-6f777c7ff8-8mxhq,40m,12Mi
2026-08-11T16:46:12+08:00,free5gc-free5gc-nef-nef-759f694c89-jh7pd,39m,7Mi
2026-08-11T16:46:12+08:00,free5gc-free5gc-nrf-nrf-5766464855-bm2nv,2m,11Mi
2026-08-11T16:46:12+08:00,free5gc-free5gc-nssf-nssf-7f7767dd45-tvbcj,37m,7Mi
2026-08-11T16:46:12+08:00,free5gc-free5gc-pcf-pcf-769b57775d-crzp7,39m,12Mi
2026-08-11T16:46:12+08:00,free5gc-free5gc-smf-smf-7d94c978bf-bzj5s,39m,10Mi
2026-08-11T16:46:12+08:00,free5gc-free5gc-udm-udm-7fbb989b5c-96rtv,40m,14Mi
2026-08-11T16:46:12+08:00,free5gc-free5gc-udr-udr-788647bbb4-jbz5f,35m,13Mi
2026-08-11T16:46:12+08:00,free5gc-free5gc-webui-webui-6785478d49-lwtrb,3m,12Mi
2026-08-11T16:46:12+08:00,mongodb-0,142m,87Mi
2026-08-11T16:46:14+08:00,dbpython-free5gc-dbpython-dbpython-7fb488c7fc-8vt7q,26m,0Mi
2026-08-11T16:46:14+08:00,free5gc-free5gc-amf-amf-58c4d7b8b8-b75xd,38m,24Mi
2026-08-11T16:46:14+08:00,free5gc-free5gc-ausf-ausf-789bbfb4df-zxmhg,37m,22Mi
2026-08-11T16:46:14+08:00,free5gc-free5gc-chf-chf-6f777c7ff8-8mxhq,40m,12Mi
2026-08-11T16:46:14+08:00,free5gc-free5gc-nef-nef-759f694c89-jh7pd,39m,7Mi
2026-08-11T16:46:14+08:00,free5gc-free5gc-nrf-nrf-5766464855-bm2nv,2m,11Mi
2026-08-11T16:46:14+08:00,free5gc-free5gc-nssf-nssf-7f7767dd45-tvbcj,37m,7Mi
2026-08-11T16:46:14+08:00,free5gc-free5gc-pcf-pcf-769b57775d-crzp7,39m,12Mi
2026-08-11T16:46:14+08:00,free5gc-free5gc-smf-smf-7d94c978bf-bzj5s,39m,10Mi
2026-08-11T16:46:14+08:00,free5gc-free5gc-udm-udm-7fbb989b5c-96rtv,40m,14Mi
2026-08-11T16:46:14+08:00,free5gc-free5gc-udr-udr-788647bbb4-jbz5f,35m,13Mi
2026-08-11T16:46:14+08:00,free5gc-free5gc-webui-webui-6785478d49-lwtrb,3m,12Mi
2026-08-11T16:46:14+08:00,mongodb-0,142m,87Mi
2026-08-11T16:46:16+08:00,dbpython-free5gc-dbpython-dbpython-7fb488c7fc-8vt7q,26m,0Mi
2026-08-11T16:46:16+08:00,free5gc-free5gc-amf-amf-58c4d7b8b8-b75xd,38m,24Mi
2026-08-11T16:46:16+08:00,free5gc-free5gc-ausf-ausf-789bbfb4df-zxmhg,37m,22Mi
2026-08-11T16:46:16+08:00,free5gc-free5gc-chf-chf-6f777c7ff8-8mxhq,40m,12Mi
2026-08-11T16:46:16+08:00,free5gc-free5gc-nef-nef-759f694c89-jh7pd,39m,7Mi
2026-08-11T16:46:16+08:00,free5gc-free5gc-nrf-nrf-5766464855-bm2nv,2m,11Mi
2026-08-11T16:46:16+08:00,free5gc-free5gc-nssf-nssf-7f7767dd45-tvbcj,37m,7Mi
2026-08-11T16:46:16+08:00,free5gc-free5gc-pcf-pcf-769b57775d-crzp7,39m,12Mi
2026-08-11T16:46:16+08:00,free5gc-free5gc-smf-smf-7d94c978bf-bzj5s,39m,10Mi
2026-08-11T16:46:16+08:00,free5gc-free5gc-udm-udm-7fbb989b5c-96rtv,40m,14Mi
2026-08-11T16:46:16+08:00,free5gc-free5gc-udr-udr-788647bbb4-jbz5f,35m,13Mi
2026-08-11T16:46:16+08:00,free5gc-free5gc-webui-webui-6785478d49-lwtrb,3m,12Mi
2026-08-11T16:46:16+08:00,mongodb-0,142m,87Mi
2026-08-11T16:46:18+08:00,dbpython-free5gc-dbpython-dbpython-7fb488c7fc-8vt7q,26m,0Mi
2026-08-11T16:46:18+08:00,free5gc-free5gc-amf-amf-58c4d7b8b8-b75xd,39m,24Mi
2026-08-11T16:46:18+08:00,free5gc-free5gc-ausf-ausf-789bbfb4df-zxmhg,39m,22Mi
2026-08-11T16:46:18+08:00,free5gc-free5gc-chf-chf-6f777c7ff8-8mxhq,37m,12Mi
2026-08-11T16:46:18+08:00,free5gc-free5gc-nef-nef-759f694c89-jh7pd,36m,7Mi
2026-08-11T16:46:18+08:00,free5gc-free5gc-nrf-nrf-5766464855-bm2nv,2m,11Mi
2026-08-11T16:46:18+08:00,free5gc-free5gc-nssf-nssf-7f7767dd45-tvbcj,38m,7Mi
2026-08-11T16:46:18+08:00,free5gc-free5gc-pcf-pcf-769b57775d-crzp7,43m,12Mi
2026-08-11T16:46:18+08:00,free5gc-free5gc-smf-smf-7d94c978bf-bzj5s,39m,10Mi
2026-08-11T16:46:18+08:00,free5gc-free5gc-udm-udm-7fbb989b5c-96rtv,39m,17Mi
2026-08-11T16:46:18+08:00,free5gc-free5gc-udr-udr-788647bbb4-jbz5f,40m,13Mi
2026-08-11T16:46:18+08:00,free5gc-free5gc-webui-webui-6785478d49-lwtrb,3m,12Mi
2026-08-11T16:46:18+08:00,mongodb-0,138m,87Mi
2026-08-11T16:46:20+08:00,dbpython-free5gc-dbpython-dbpython-7fb488c7fc-8vt7q,26m,0Mi
2026-08-11T16:46:20+08:00,free5gc-free5gc-amf-amf-58c4d7b8b8-b75xd,39m,24Mi
2026-08-11T16:46:20+08:00,free5gc-free5gc-ausf-ausf-789bbfb4df-zxmhg,39m,22Mi
2026-08-11T16:46:20+08:00,free5gc-free5gc-chf-chf-6f777c7ff8-8mxhq,37m,12Mi
2026-08-11T16:46:20+08:00,free5gc-free5gc-nef-nef-759f694c89-jh7pd,36m,7Mi
2026-08-11T16:46:20+08:00,free5gc-free5gc-nrf-nrf-5766464855-bm2nv,2m,11Mi
2026-08-11T16:46:20+08:00,free5gc-free5gc-nssf-nssf-7f7767dd45-tvbcj,38m,7Mi
2026-08-11T16:46:20+08:00,free5gc-free5gc-pcf-pcf-769b57775d-crzp7,43m,12Mi
2026-08-11T16:46:20+08:00,free5gc-free5gc-smf-smf-7d94c978bf-bzj5s,39m,10Mi
2026-08-11T16:46:20+08:00,free5gc-free5gc-udm-udm-7fbb989b5c-96rtv,39m,17Mi
2026-08-11T16:46:20+08:00,free5gc-free5gc-udr-udr-788647bbb4-jbz5f,40m,13Mi
2026-08-11T16:46:20+08:00,free5gc-free5gc-webui-webui-6785478d49-lwtrb,3m,12Mi
2026-08-11T16:46:20+08:00,mongodb-0,138m,87Mi
2026-08-11T16:46:23+08:00,dbpython-free5gc-dbpython-dbpython-7fb488c7fc-8vt7q,26m,0Mi
2026-08-11T16:46:23+08:00,free5gc-free5gc-amf-amf-58c4d7b8b8-b75xd,39m,24Mi
2026-08-11T16:46:23+08:00,free5gc-free5gc-ausf-ausf-789bbfb4df-zxmhg,39m,22Mi
2026-08-11T16:46:23+08:00,free5gc-free5gc-chf-chf-6f777c7ff8-8mxhq,37m,12Mi
2026-08-11T16:46:23+08:00,free5gc-free5gc-nef-nef-759f694c89-jh7pd,36m,7Mi
2026-08-11T16:46:23+08:00,free5gc-free5gc-nrf-nrf-5766464855-bm2nv,2m,11Mi
2026-08-11T16:46:23+08:00,free5gc-free5gc-nssf-nssf-7f7767dd45-tvbcj,38m,7Mi
2026-08-11T16:46:23+08:00,free5gc-free5gc-pcf-pcf-769b57775d-crzp7,43m,12Mi
2026-08-11T16:46:23+08:00,free5gc-free5gc-smf-smf-7d94c978bf-bzj5s,39m,10Mi
2026-08-11T16:46:23+08:00,free5gc-free5gc-udm-udm-7fbb989b5c-96rtv,39m,17Mi
2026-08-11T16:46:23+08:00,free5gc-free5gc-udr-udr-788647bbb4-jbz5f,40m,13Mi
2026-08-11T16:46:23+08:00,free5gc-free5gc-webui-webui-6785478d49-lwtrb,3m,12Mi
2026-08-11T16:46:23+08:00,mongodb-0,138m,87Mi
2026-08-11T16:46:25+08:00,dbpython-free5gc-dbpython-dbpython-7fb488c7fc-8vt7q,26m,0Mi
2026-08-11T16:46:25+08:00,free5gc-free5gc-amf-amf-58c4d7b8b8-b75xd,39m,24Mi
2026-08-11T16:46:25+08:00,free5gc-free5gc-ausf-ausf-789bbfb4df-zxmhg,39m,22Mi
2026-08-11T16:46:25+08:00,free5gc-free5gc-chf-chf-6f777c7ff8-8mxhq,37m,12Mi
2026-08-11T16:46:25+08:00,free5gc-free5gc-nef-nef-759f694c89-jh7pd,36m,7Mi
2026-08-11T16:46:25+08:00,free5gc-free5gc-nrf-nrf-5766464855-bm2nv,2m,11Mi
2026-08-11T16:46:25+08:00,free5gc-free5gc-nssf-nssf-7f7767dd45-tvbcj,38m,7Mi
2026-08-11T16:46:25+08:00,free5gc-free5gc-pcf-pcf-769b57775d-crzp7,43m,12Mi
2026-08-11T16:46:25+08:00,free5gc-free5gc-smf-smf-7d94c978bf-bzj5s,39m,10Mi
2026-08-11T16:46:25+08:00,free5gc-free5gc-udm-udm-7fbb989b5c-96rtv,39m,17Mi
2026-08-11T16:46:25+08:00,free5gc-free5gc-udr-udr-788647bbb4-jbz5f,40m,13Mi
2026-08-11T16:46:25+08:00,free5gc-free5gc-webui-webui-6785478d49-lwtrb,3m,12Mi
2026-08-11T16:46:25+08:00,mongodb-0,138m,87Mi
2026-08-11T16:46:27+08:00,dbpython-free5gc-dbpython-dbpython-7fb488c7fc-8vt7q,26m,0Mi
2026-08-11T16:46:27+08:00,free5gc-free5gc-amf-amf-58c4d7b8b8-b75xd,39m,24Mi
2026-08-11T16:46:27+08:00,free5gc-free5gc-ausf-ausf-789bbfb4df-zxmhg,39m,22Mi
2026-08-11T16:46:27+08:00,free5gc-free5gc-chf-chf-6f777c7ff8-8mxhq,37m,12Mi
2026-08-11T16:46:27+08:00,free5gc-free5gc-nef-nef-759f694c89-jh7pd,36m,7Mi
2026-08-11T16:46:27+08:00,free5gc-free5gc-nrf-nrf-5766464855-bm2nv,2m,11Mi
2026-08-11T16:46:27+08:00,free5gc-free5gc-nssf-nssf-7f7767dd45-tvbcj,38m,7Mi
2026-08-11T16:46:27+08:00,free5gc-free5gc-pcf-pcf-769b57775d-crzp7,43m,12Mi
2026-08-11T16:46:27+08:00,free5gc-free5gc-smf-smf-7d94c978bf-bzj5s,39m,10Mi
2026-08-11T16:46:27+08:00,free5gc-free5gc-udm-udm-7fbb989b5c-96rtv,39m,17Mi
2026-08-11T16:46:27+08:00,free5gc-free5gc-udr-udr-788647bbb4-jbz5f,40m,13Mi
2026-08-11T16:46:27+08:00,free5gc-free5gc-webui-webui-6785478d49-lwtrb,3m,12Mi
2026-08-11T16:46:27+08:00,mongodb-0,138m,87Mi
2026-08-11T16:46:29+08:00,dbpython-free5gc-dbpython-dbpython-7fb488c7fc-8vt7q,26m,0Mi
2026-08-11T16:46:29+08:00,free5gc-free5gc-amf-amf-58c4d7b8b8-b75xd,39m,24Mi
2026-08-11T16:46:29+08:00,free5gc-free5gc-ausf-ausf-789bbfb4df-zxmhg,39m,22Mi
2026-08-11T16:46:29+08:00,free5gc-free5gc-chf-chf-6f777c7ff8-8mxhq,37m,12Mi
2026-08-11T16:46:29+08:00,free5gc-free5gc-nef-nef-759f694c89-jh7pd,36m,7Mi
2026-08-11T16:46:29+08:00,free5gc-free5gc-nrf-nrf-5766464855-bm2nv,2m,11Mi
2026-08-11T16:46:29+08:00,free5gc-free5gc-nssf-nssf-7f7767dd45-tvbcj,38m,7Mi
2026-08-11T16:46:29+08:00,free5gc-free5gc-pcf-pcf-769b57775d-crzp7,43m,12Mi
2026-08-11T16:46:29+08:00,free5gc-free5gc-smf-smf-7d94c978bf-bzj5s,39m,10Mi
2026-08-11T16:46:29+08:00,free5gc-free5gc-udm-udm-7fbb989b5c-96rtv,39m,17Mi
2026-08-11T16:46:29+08:00,free5gc-free5gc-udr-udr-788647bbb4-jbz5f,40m,13Mi
2026-08-11T16:46:29+08:00,free5gc-free5gc-webui-webui-6785478d49-lwtrb,3m,12Mi
2026-08-11T16:46:29+08:00,mongodb-0,138m,87Mi
2026-08-11T16:46:31+08:00,dbpython-free5gc-dbpython-dbpython-7fb488c7fc-8vt7q,27m,4Mi
2026-08-11T16:46:31+08:00,free5gc-free5gc-amf-amf-58c4d7b8b8-b75xd,39m,24Mi
2026-08-11T16:46:31+08:00,free5gc-free5gc-ausf-ausf-789bbfb4df-zxmhg,37m,25Mi
2026-08-11T16:46:31+08:00,free5gc-free5gc-chf-chf-6f777c7ff8-8mxhq,37m,12Mi
2026-08-11T16:46:31+08:00,free5gc-free5gc-nef-nef-759f694c89-jh7pd,37m,7Mi
2026-08-11T16:46:31+08:00,free5gc-free5gc-nrf-nrf-5766464855-bm2nv,2m,11Mi
2026-08-11T16:46:31+08:00,free5gc-free5gc-nssf-nssf-7f7767dd45-tvbcj,40m,7Mi
2026-08-11T16:46:31+08:00,free5gc-free5gc-pcf-pcf-769b57775d-crzp7,37m,12Mi
2026-08-11T16:46:31+08:00,free5gc-free5gc-smf-smf-7d94c978bf-bzj5s,42m,10Mi
2026-08-11T16:46:31+08:00,free5gc-free5gc-udm-udm-7fbb989b5c-96rtv,38m,14Mi
2026-08-11T16:46:31+08:00,free5gc-free5gc-udr-udr-788647bbb4-jbz5f,39m,11Mi
2026-08-11T16:46:31+08:00,free5gc-free5gc-webui-webui-6785478d49-lwtrb,3m,12Mi
2026-08-11T16:46:31+08:00,mongodb-0,138m,87Mi
2026-08-11T16:46:33+08:00,dbpython-free5gc-dbpython-dbpython-7fb488c7fc-8vt7q,27m,4Mi
2026-08-11T16:46:33+08:00,free5gc-free5gc-amf-amf-58c4d7b8b8-b75xd,39m,24Mi
2026-08-11T16:46:33+08:00,free5gc-free5gc-ausf-ausf-789bbfb4df-zxmhg,37m,25Mi
2026-08-11T16:46:33+08:00,free5gc-free5gc-chf-chf-6f777c7ff8-8mxhq,37m,12Mi
2026-08-11T16:46:33+08:00,free5gc-free5gc-nef-nef-759f694c89-jh7pd,37m,7Mi
2026-08-11T16:46:33+08:00,free5gc-free5gc-nrf-nrf-5766464855-bm2nv,2m,11Mi
2026-08-11T16:46:33+08:00,free5gc-free5gc-nssf-nssf-7f7767dd45-tvbcj,40m,7Mi
2026-08-11T16:46:33+08:00,free5gc-free5gc-pcf-pcf-769b57775d-crzp7,37m,12Mi
2026-08-11T16:46:33+08:00,free5gc-free5gc-smf-smf-7d94c978bf-bzj5s,42m,10Mi
2026-08-11T16:46:33+08:00,free5gc-free5gc-udm-udm-7fbb989b5c-96rtv,38m,14Mi
2026-08-11T16:46:33+08:00,free5gc-free5gc-udr-udr-788647bbb4-jbz5f,39m,11Mi
2026-08-11T16:46:33+08:00,free5gc-free5gc-webui-webui-6785478d49-lwtrb,3m,12Mi
2026-08-11T16:46:33+08:00,mongodb-0,138m,87Mi
2026-08-11T16:46:36+08:00,dbpython-free5gc-dbpython-dbpython-7fb488c7fc-8vt7q,27m,4Mi
2026-08-11T16:46:36+08:00,free5gc-free5gc-amf-amf-58c4d7b8b8-b75xd,39m,24Mi
2026-08-11T16:46:36+08:00,free5gc-free5gc-ausf-ausf-789bbfb4df-zxmhg,37m,25Mi
2026-08-11T16:46:36+08:00,free5gc-free5gc-chf-chf-6f777c7ff8-8mxhq,37m,12Mi
2026-08-11T16:46:36+08:00,free5gc-free5gc-nef-nef-759f694c89-jh7pd,37m,7Mi
2026-08-11T16:46:36+08:00,free5gc-free5gc-nrf-nrf-5766464855-bm2nv,2m,11Mi
2026-08-11T16:46:36+08:00,free5gc-free5gc-nssf-nssf-7f7767dd45-tvbcj,40m,7Mi
2026-08-11T16:46:36+08:00,free5gc-free5gc-pcf-pcf-769b57775d-crzp7,37m,12Mi
2026-08-11T16:46:36+08:00,free5gc-free5gc-smf-smf-7d94c978bf-bzj5s,42m,10Mi
2026-08-11T16:46:36+08:00,free5gc-free5gc-udm-udm-7fbb989b5c-96rtv,38m,14Mi
2026-08-11T16:46:36+08:00,free5gc-free5gc-udr-udr-788647bbb4-jbz5f,39m,11Mi
2026-08-11T16:46:36+08:00,free5gc-free5gc-webui-webui-6785478d49-lwtrb,3m,12Mi
2026-08-11T16:46:36+08:00,mongodb-0,138m,87Mi
2026-08-11T16:46:38+08:00,dbpython-free5gc-dbpython-dbpython-7fb488c7fc-8vt7q,27m,4Mi
2026-08-11T16:46:38+08:00,free5gc-free5gc-amf-amf-58c4d7b8b8-b75xd,39m,24Mi
2026-08-11T16:46:38+08:00,free5gc-free5gc-ausf-ausf-789bbfb4df-zxmhg,37m,25Mi
2026-08-11T16:46:38+08:00,free5gc-free5gc-chf-chf-6f777c7ff8-8mxhq,37m,12Mi
2026-08-11T16:46:38+08:00,free5gc-free5gc-nef-nef-759f694c89-jh7pd,37m,7Mi
2026-08-11T16:46:38+08:00,free5gc-free5gc-nrf-nrf-5766464855-bm2nv,2m,11Mi
2026-08-11T16:46:38+08:00,free5gc-free5gc-nssf-nssf-7f7767dd45-tvbcj,40m,7Mi
2026-08-11T16:46:38+08:00,free5gc-free5gc-pcf-pcf-769b57775d-crzp7,37m,12Mi
2026-08-11T16:46:38+08:00,free5gc-free5gc-smf-smf-7d94c978bf-bzj5s,42m,10Mi
2026-08-11T16:46:38+08:00,free5gc-free5gc-udm-udm-7fbb989b5c-96rtv,38m,14Mi
2026-08-11T16:46:38+08:00,free5gc-free5gc-udr-udr-788647bbb4-jbz5f,39m,11Mi
2026-08-11T16:46:38+08:00,free5gc-free5gc-webui-webui-6785478d49-lwtrb,3m,12Mi
2026-08-11T16:46:38+08:00,mongodb-0,138m,87Mi
2026-08-11T16:46:40+08:00,dbpython-free5gc-dbpython-dbpython-7fb488c7fc-8vt7q,27m,4Mi
2026-08-11T16:46:40+08:00,free5gc-free5gc-amf-amf-58c4d7b8b8-b75xd,39m,24Mi
2026-08-11T16:46:40+08:00,free5gc-free5gc-ausf-ausf-789bbfb4df-zxmhg,37m,25Mi
2026-08-11T16:46:40+08:00,free5gc-free5gc-chf-chf-6f777c7ff8-8mxhq,37m,12Mi
2026-08-11T16:46:40+08:00,free5gc-free5gc-nef-nef-759f694c89-jh7pd,37m,7Mi
2026-08-11T16:46:40+08:00,free5gc-free5gc-nrf-nrf-5766464855-bm2nv,2m,11Mi
2026-08-11T16:46:40+08:00,free5gc-free5gc-nssf-nssf-7f7767dd45-tvbcj,40m,7Mi
2026-08-11T16:46:40+08:00,free5gc-free5gc-pcf-pcf-769b57775d-crzp7,37m,12Mi
2026-08-11T16:46:40+08:00,free5gc-free5gc-smf-smf-7d94c978bf-bzj5s,42m,10Mi
2026-08-11T16:46:40+08:00,free5gc-free5gc-udm-udm-7fbb989b5c-96rtv,38m,14Mi
2026-08-11T16:46:40+08:00,free5gc-free5gc-udr-udr-788647bbb4-jbz5f,39m,11Mi
2026-08-11T16:46:40+08:00,free5gc-free5gc-webui-webui-6785478d49-lwtrb,3m,12Mi
2026-08-11T16:46:40+08:00,mongodb-0,138m,87Mi
2026-08-11T16:46:42+08:00,dbpython-free5gc-dbpython-dbpython-7fb488c7fc-8vt7q,27m,4Mi
2026-08-11T16:46:42+08:00,free5gc-free5gc-amf-amf-58c4d7b8b8-b75xd,39m,24Mi
2026-08-11T16:46:42+08:00,free5gc-free5gc-ausf-ausf-789bbfb4df-zxmhg,37m,25Mi
2026-08-11T16:46:42+08:00,free5gc-free5gc-chf-chf-6f777c7ff8-8mxhq,37m,12Mi
2026-08-11T16:46:42+08:00,free5gc-free5gc-nef-nef-759f694c89-jh7pd,37m,7Mi
2026-08-11T16:46:42+08:00,free5gc-free5gc-nrf-nrf-5766464855-bm2nv,2m,11Mi
2026-08-11T16:46:42+08:00,free5gc-free5gc-nssf-nssf-7f7767dd45-tvbcj,40m,7Mi
2026-08-11T16:46:42+08:00,free5gc-free5gc-pcf-pcf-769b57775d-crzp7,37m,12Mi
2026-08-11T16:46:42+08:00,free5gc-free5gc-smf-smf-7d94c978bf-bzj5s,42m,10Mi
2026-08-11T16:46:42+08:00,free5gc-free5gc-udm-udm-7fbb989b5c-96rtv,38m,14Mi
2026-08-11T16:46:42+08:00,free5gc-free5gc-udr-udr-788647bbb4-jbz5f,39m,11Mi
2026-08-11T16:46:42+08:00,free5gc-free5gc-webui-webui-6785478d49-lwtrb,3m,12Mi
2026-08-11T16:46:42+08:00,mongodb-0,138m,87Mi
2026-08-11T16:46:44+08:00,dbpython-free5gc-dbpython-dbpython-7fb488c7fc-8vt7q,27m,4Mi
2026-08-11T16:46:44+08:00,free5gc-free5gc-amf-amf-58c4d7b8b8-b75xd,39m,24Mi
2026-08-11T16:46:44+08:00,free5gc-free5gc-ausf-ausf-789bbfb4df-zxmhg,37m,25Mi
2026-08-11T16:46:44+08:00,free5gc-free5gc-chf-chf-6f777c7ff8-8mxhq,37m,12Mi
2026-08-11T16:46:44+08:00,free5gc-free5gc-nef-nef-759f694c89-jh7pd,37m,7Mi
2026-08-11T16:46:44+08:00,free5gc-free5gc-nrf-nrf-5766464855-bm2nv,2m,11Mi
2026-08-11T16:46:44+08:00,free5gc-free5gc-nssf-nssf-7f7767dd45-tvbcj,40m,7Mi
2026-08-11T16:46:44+08:00,free5gc-free5gc-pcf-pcf-769b57775d-crzp7,37m,12Mi
2026-08-11T16:46:44+08:00,free5gc-free5gc-smf-smf-7d94c978bf-bzj5s,42m,10Mi
2026-08-11T16:46:44+08:00,free5gc-free5gc-udm-udm-7fbb989b5c-96rtv,38m,14Mi
2026-08-11T16:46:44+08:00,free5gc-free5gc-udr-udr-788647bbb4-jbz5f,39m,11Mi
2026-08-11T16:46:44+08:00,free5gc-free5gc-webui-webui-6785478d49-lwtrb,3m,12Mi
2026-08-11T16:46:44+08:00,mongodb-0,138m,87Mi
2026-08-11T16:46:46+08:00,dbpython-free5gc-dbpython-dbpython-7fb488c7fc-8vt7q,27m,0Mi
2026-08-11T16:46:46+08:00,free5gc-free5gc-amf-amf-58c4d7b8b8-b75xd,37m,24Mi
2026-08-11T16:46:46+08:00,free5gc-free5gc-ausf-ausf-789bbfb4df-zxmhg,37m,22Mi
2026-08-11T16:46:46+08:00,free5gc-free5gc-chf-chf-6f777c7ff8-8mxhq,39m,13Mi
2026-08-11T16:46:46+08:00,free5gc-free5gc-nef-nef-759f694c89-jh7pd,38m,7Mi
2026-08-11T16:46:46+08:00,free5gc-free5gc-nrf-nrf-5766464855-bm2nv,2m,11Mi
2026-08-11T16:46:46+08:00,free5gc-free5gc-nssf-nssf-7f7767dd45-tvbcj,38m,7Mi
2026-08-11T16:46:46+08:00,free5gc-free5gc-pcf-pcf-769b57775d-crzp7,41m,10Mi
2026-08-11T16:46:46+08:00,free5gc-free5gc-smf-smf-7d94c978bf-bzj5s,39m,10Mi
2026-08-11T16:46:46+08:00,free5gc-free5gc-udm-udm-7fbb989b5c-96rtv,38m,14Mi
2026-08-11T16:46:46+08:00,free5gc-free5gc-udr-udr-788647bbb4-jbz5f,37m,11Mi
2026-08-11T16:46:46+08:00,free5gc-free5gc-webui-webui-6785478d49-lwtrb,2m,12Mi
2026-08-11T16:46:46+08:00,mongodb-0,139m,87Mi
2026-08-11T16:46:48+08:00,dbpython-free5gc-dbpython-dbpython-7fb488c7fc-8vt7q,27m,0Mi
2026-08-11T16:46:48+08:00,free5gc-free5gc-amf-amf-58c4d7b8b8-b75xd,37m,24Mi
2026-08-11T16:46:48+08:00,free5gc-free5gc-ausf-ausf-789bbfb4df-zxmhg,37m,22Mi
2026-08-11T16:46:48+08:00,free5gc-free5gc-chf-chf-6f777c7ff8-8mxhq,39m,13Mi
2026-08-11T16:46:48+08:00,free5gc-free5gc-nef-nef-759f694c89-jh7pd,38m,7Mi
2026-08-11T16:46:48+08:00,free5gc-free5gc-nrf-nrf-5766464855-bm2nv,2m,11Mi
2026-08-11T16:46:48+08:00,free5gc-free5gc-nssf-nssf-7f7767dd45-tvbcj,38m,7Mi
2026-08-11T16:46:48+08:00,free5gc-free5gc-pcf-pcf-769b57775d-crzp7,41m,10Mi
2026-08-11T16:46:48+08:00,free5gc-free5gc-smf-smf-7d94c978bf-bzj5s,39m,10Mi
2026-08-11T16:46:48+08:00,free5gc-free5gc-udm-udm-7fbb989b5c-96rtv,38m,14Mi
2026-08-11T16:46:48+08:00,free5gc-free5gc-udr-udr-788647bbb4-jbz5f,37m,11Mi
2026-08-11T16:46:48+08:00,free5gc-free5gc-webui-webui-6785478d49-lwtrb,2m,12Mi
2026-08-11T16:46:48+08:00,mongodb-0,139m,87Mi
2026-08-11T16:46:51+08:00,dbpython-free5gc-dbpython-dbpython-7fb488c7fc-8vt7q,27m,0Mi
2026-08-11T16:46:51+08:00,free5gc-free5gc-amf-amf-58c4d7b8b8-b75xd,37m,24Mi
2026-08-11T16:46:51+08:00,free5gc-free5gc-ausf-ausf-789bbfb4df-zxmhg,37m,22Mi
2026-08-11T16:46:51+08:00,free5gc-free5gc-chf-chf-6f777c7ff8-8mxhq,39m,13Mi
2026-08-11T16:46:51+08:00,free5gc-free5gc-nef-nef-759f694c89-jh7pd,38m,7Mi
2026-08-11T16:46:51+08:00,free5gc-free5gc-nrf-nrf-5766464855-bm2nv,2m,11Mi
2026-08-11T16:46:51+08:00,free5gc-free5gc-nssf-nssf-7f7767dd45-tvbcj,38m,7Mi
2026-08-11T16:46:51+08:00,free5gc-free5gc-pcf-pcf-769b57775d-crzp7,41m,10Mi
2026-08-11T16:46:51+08:00,free5gc-free5gc-smf-smf-7d94c978bf-bzj5s,39m,10Mi
2026-08-11T16:46:51+08:00,free5gc-free5gc-udm-udm-7fbb989b5c-96rtv,38m,14Mi
2026-08-11T16:46:51+08:00,free5gc-free5gc-udr-udr-788647bbb4-jbz5f,37m,11Mi
2026-08-11T16:46:51+08:00,free5gc-free5gc-webui-webui-6785478d49-lwtrb,2m,12Mi
2026-08-11T16:46:51+08:00,mongodb-0,139m,87Mi
2026-08-11T16:46:53+08:00,dbpython-free5gc-dbpython-dbpython-7fb488c7fc-8vt7q,27m,0Mi
2026-08-11T16:46:53+08:00,free5gc-free5gc-amf-amf-58c4d7b8b8-b75xd,37m,24Mi
2026-08-11T16:46:53+08:00,free5gc-free5gc-ausf-ausf-789bbfb4df-zxmhg,37m,22Mi
2026-08-11T16:46:53+08:00,free5gc-free5gc-chf-chf-6f777c7ff8-8mxhq,39m,13Mi
2026-08-11T16:46:53+08:00,free5gc-free5gc-nef-nef-759f694c89-jh7pd,38m,7Mi
2026-08-11T16:46:53+08:00,free5gc-free5gc-nrf-nrf-5766464855-bm2nv,2m,11Mi
2026-08-11T16:46:53+08:00,free5gc-free5gc-nssf-nssf-7f7767dd45-tvbcj,38m,7Mi
2026-08-11T16:46:53+08:00,free5gc-free5gc-pcf-pcf-769b57775d-crzp7,41m,10Mi
2026-08-11T16:46:53+08:00,free5gc-free5gc-smf-smf-7d94c978bf-bzj5s,39m,10Mi
2026-08-11T16:46:53+08:00,free5gc-free5gc-udm-udm-7fbb989b5c-96rtv,38m,14Mi
2026-08-11T16:46:53+08:00,free5gc-free5gc-udr-udr-788647bbb4-jbz5f,37m,11Mi
2026-08-11T16:46:53+08:00,free5gc-free5gc-webui-webui-6785478d49-lwtrb,2m,12Mi
2026-08-11T16:46:53+08:00,mongodb-0,139m,87Mi
2026-08-11T16:46:55+08:00,dbpython-free5gc-dbpython-dbpython-7fb488c7fc-8vt7q,27m,0Mi
2026-08-11T16:46:55+08:00,free5gc-free5gc-amf-amf-58c4d7b8b8-b75xd,37m,24Mi
2026-08-11T16:46:55+08:00,free5gc-free5gc-ausf-ausf-789bbfb4df-zxmhg,37m,22Mi
2026-08-11T16:46:55+08:00,free5gc-free5gc-chf-chf-6f777c7ff8-8mxhq,39m,13Mi
2026-08-11T16:46:55+08:00,free5gc-free5gc-nef-nef-759f694c89-jh7pd,38m,7Mi
2026-08-11T16:46:55+08:00,free5gc-free5gc-nrf-nrf-5766464855-bm2nv,2m,11Mi
2026-08-11T16:46:55+08:00,free5gc-free5gc-nssf-nssf-7f7767dd45-tvbcj,38m,7Mi
2026-08-11T16:46:55+08:00,free5gc-free5gc-pcf-pcf-769b57775d-crzp7,41m,10Mi
2026-08-11T16:46:55+08:00,free5gc-free5gc-smf-smf-7d94c978bf-bzj5s,39m,10Mi
2026-08-11T16:46:55+08:00,free5gc-free5gc-udm-udm-7fbb989b5c-96rtv,38m,14Mi
2026-08-11T16:46:55+08:00,free5gc-free5gc-udr-udr-788647bbb4-jbz5f,37m,11Mi
2026-08-11T16:46:55+08:00,free5gc-free5gc-webui-webui-6785478d49-lwtrb,2m,12Mi
2026-08-11T16:46:55+08:00,mongodb-0,139m,87Mi
2026-08-11T16:46:57+08:00,dbpython-free5gc-dbpython-dbpython-7fb488c7fc-8vt7q,27m,0Mi
2026-08-11T16:46:57+08:00,free5gc-free5gc-amf-amf-58c4d7b8b8-b75xd,37m,24Mi
2026-08-11T16:46:57+08:00,free5gc-free5gc-ausf-ausf-789bbfb4df-zxmhg,37m,22Mi
2026-08-11T16:46:57+08:00,free5gc-free5gc-chf-chf-6f777c7ff8-8mxhq,39m,13Mi
2026-08-11T16:46:57+08:00,free5gc-free5gc-nef-nef-759f694c89-jh7pd,38m,7Mi
2026-08-11T16:46:57+08:00,free5gc-free5gc-nrf-nrf-5766464855-bm2nv,2m,11Mi
2026-08-11T16:46:57+08:00,free5gc-free5gc-nssf-nssf-7f7767dd45-tvbcj,38m,7Mi
2026-08-11T16:46:57+08:00,free5gc-free5gc-pcf-pcf-769b57775d-crzp7,41m,10Mi
2026-08-11T16:46:57+08:00,free5gc-free5gc-smf-smf-7d94c978bf-bzj5s,39m,10Mi
2026-08-11T16:46:57+08:00,free5gc-free5gc-udm-udm-7fbb989b5c-96rtv,38m,14Mi
2026-08-11T16:46:57+08:00,free5gc-free5gc-udr-udr-788647bbb4-jbz5f,37m,11Mi
2026-08-11T16:46:57+08:00,free5gc-free5gc-webui-webui-6785478d49-lwtrb,2m,12Mi
2026-08-11T16:46:57+08:00,mongodb-0,139m,87Mi
2026-08-11T16:46:59+08:00,dbpython-free5gc-dbpython-dbpython-7fb488c7fc-8vt7q,27m,0Mi
2026-08-11T16:46:59+08:00,free5gc-free5gc-amf-amf-58c4d7b8b8-b75xd,37m,24Mi
2026-08-11T16:46:59+08:00,free5gc-free5gc-ausf-ausf-789bbfb4df-zxmhg,37m,22Mi
2026-08-11T16:46:59+08:00,free5gc-free5gc-chf-chf-6f777c7ff8-8mxhq,39m,13Mi
2026-08-11T16:46:59+08:00,free5gc-free5gc-nef-nef-759f694c89-jh7pd,38m,7Mi
2026-08-11T16:46:59+08:00,free5gc-free5gc-nrf-nrf-5766464855-bm2nv,2m,11Mi
2026-08-11T16:46:59+08:00,free5gc-free5gc-nssf-nssf-7f7767dd45-tvbcj,38m,7Mi
2026-08-11T16:46:59+08:00,free5gc-free5gc-pcf-pcf-769b57775d-crzp7,41m,10Mi
2026-08-11T16:46:59+08:00,free5gc-free5gc-smf-smf-7d94c978bf-bzj5s,39m,10Mi
2026-08-11T16:46:59+08:00,free5gc-free5gc-udm-udm-7fbb989b5c-96rtv,38m,14Mi
2026-08-11T16:46:59+08:00,free5gc-free5gc-udr-udr-788647bbb4-jbz5f,37m,11Mi
2026-08-11T16:46:59+08:00,free5gc-free5gc-webui-webui-6785478d49-lwtrb,2m,12Mi
2026-08-11T16:46:59+08:00,mongodb-0,139m,87Mi
2026-08-11T16:47:01+08:00,dbpython-free5gc-dbpython-dbpython-7fb488c7fc-8vt7q,27m,3Mi
2026-08-11T16:47:01+08:00,free5gc-free5gc-amf-amf-58c4d7b8b8-b75xd,37m,24Mi
2026-08-11T16:47:01+08:00,free5gc-free5gc-ausf-ausf-789bbfb4df-zxmhg,38m,25Mi
2026-08-11T16:47:01+08:00,free5gc-free5gc-chf-chf-6f777c7ff8-8mxhq,38m,12Mi
2026-08-11T16:47:01+08:00,free5gc-free5gc-nef-nef-759f694c89-jh7pd,37m,7Mi
2026-08-11T16:47:01+08:00,free5gc-free5gc-nrf-nrf-5766464855-bm2nv,2m,11Mi
2026-08-11T16:47:01+08:00,free5gc-free5gc-nssf-nssf-7f7767dd45-tvbcj,38m,7Mi
2026-08-11T16:47:01+08:00,free5gc-free5gc-pcf-pcf-769b57775d-crzp7,40m,11Mi
2026-08-11T16:47:01+08:00,free5gc-free5gc-smf-smf-7d94c978bf-bzj5s,40m,10Mi
2026-08-11T16:47:01+08:00,free5gc-free5gc-udm-udm-7fbb989b5c-96rtv,40m,14Mi
2026-08-11T16:47:01+08:00,free5gc-free5gc-udr-udr-788647bbb4-jbz5f,37m,11Mi
2026-08-11T16:47:01+08:00,free5gc-free5gc-webui-webui-6785478d49-lwtrb,2m,12Mi
2026-08-11T16:47:01+08:00,mongodb-0,118m,87Mi
2026-08-11T16:47:03+08:00,dbpython-free5gc-dbpython-dbpython-7fb488c7fc-8vt7q,27m,3Mi
2026-08-11T16:47:03+08:00,free5gc-free5gc-amf-amf-58c4d7b8b8-b75xd,37m,24Mi
2026-08-11T16:47:03+08:00,free5gc-free5gc-ausf-ausf-789bbfb4df-zxmhg,38m,25Mi
2026-08-11T16:47:03+08:00,free5gc-free5gc-chf-chf-6f777c7ff8-8mxhq,38m,12Mi
2026-08-11T16:47:03+08:00,free5gc-free5gc-nef-nef-759f694c89-jh7pd,37m,7Mi
2026-08-11T16:47:03+08:00,free5gc-free5gc-nrf-nrf-5766464855-bm2nv,2m,11Mi
2026-08-11T16:47:03+08:00,free5gc-free5gc-nssf-nssf-7f7767dd45-tvbcj,38m,7Mi
2026-08-11T16:47:03+08:00,free5gc-free5gc-pcf-pcf-769b57775d-crzp7,40m,11Mi
2026-08-11T16:47:03+08:00,free5gc-free5gc-smf-smf-7d94c978bf-bzj5s,40m,10Mi
2026-08-11T16:47:03+08:00,free5gc-free5gc-udm-udm-7fbb989b5c-96rtv,40m,14Mi
2026-08-11T16:47:03+08:00,free5gc-free5gc-udr-udr-788647bbb4-jbz5f,37m,11Mi
2026-08-11T16:47:03+08:00,free5gc-free5gc-webui-webui-6785478d49-lwtrb,2m,12Mi
2026-08-11T16:47:03+08:00,mongodb-0,118m,87Mi
2026-08-11T16:47:05+08:00,dbpython-free5gc-dbpython-dbpython-7fb488c7fc-8vt7q,27m,3Mi
2026-08-11T16:47:05+08:00,free5gc-free5gc-amf-amf-58c4d7b8b8-b75xd,37m,24Mi
2026-08-11T16:47:05+08:00,free5gc-free5gc-ausf-ausf-789bbfb4df-zxmhg,38m,25Mi
2026-08-11T16:47:05+08:00,free5gc-free5gc-chf-chf-6f777c7ff8-8mxhq,38m,12Mi
2026-08-11T16:47:05+08:00,free5gc-free5gc-nef-nef-759f694c89-jh7pd,37m,7Mi
2026-08-11T16:47:05+08:00,free5gc-free5gc-nrf-nrf-5766464855-bm2nv,2m,11Mi
2026-08-11T16:47:05+08:00,free5gc-free5gc-nssf-nssf-7f7767dd45-tvbcj,38m,7Mi
2026-08-11T16:47:05+08:00,free5gc-free5gc-pcf-pcf-769b57775d-crzp7,40m,11Mi
2026-08-11T16:47:05+08:00,free5gc-free5gc-smf-smf-7d94c978bf-bzj5s,40m,10Mi
2026-08-11T16:47:05+08:00,free5gc-free5gc-udm-udm-7fbb989b5c-96rtv,40m,14Mi
2026-08-11T16:47:05+08:00,free5gc-free5gc-udr-udr-788647bbb4-jbz5f,37m,11Mi
2026-08-11T16:47:05+08:00,free5gc-free5gc-webui-webui-6785478d49-lwtrb,2m,12Mi
2026-08-11T16:47:05+08:00,mongodb-0,118m,87Mi
2026-08-11T16:47:08+08:00,dbpython-free5gc-dbpython-dbpython-7fb488c7fc-8vt7q,27m,3Mi
2026-08-11T16:47:08+08:00,free5gc-free5gc-amf-amf-58c4d7b8b8-b75xd,37m,24Mi
2026-08-11T16:47:08+08:00,free5gc-free5gc-ausf-ausf-789bbfb4df-zxmhg,38m,25Mi
2026-08-11T16:47:08+08:00,free5gc-free5gc-chf-chf-6f777c7ff8-8mxhq,38m,12Mi
2026-08-11T16:47:08+08:00,free5gc-free5gc-nef-nef-759f694c89-jh7pd,37m,7Mi
2026-08-11T16:47:08+08:00,free5gc-free5gc-nrf-nrf-5766464855-bm2nv,2m,11Mi
2026-08-11T16:47:08+08:00,free5gc-free5gc-nssf-nssf-7f7767dd45-tvbcj,38m,7Mi
2026-08-11T16:47:08+08:00,free5gc-free5gc-pcf-pcf-769b57775d-crzp7,40m,11Mi
2026-08-11T16:47:08+08:00,free5gc-free5gc-smf-smf-7d94c978bf-bzj5s,40m,10Mi
2026-08-11T16:47:08+08:00,free5gc-free5gc-udm-udm-7fbb989b5c-96rtv,40m,14Mi
2026-08-11T16:47:08+08:00,free5gc-free5gc-udr-udr-788647bbb4-jbz5f,37m,11Mi
2026-08-11T16:47:08+08:00,free5gc-free5gc-webui-webui-6785478d49-lwtrb,2m,12Mi
2026-08-11T16:47:08+08:00,mongodb-0,118m,87Mi
2026-08-11T16:47:10+08:00,dbpython-free5gc-dbpython-dbpython-7fb488c7fc-8vt7q,27m,3Mi
2026-08-11T16:47:10+08:00,free5gc-free5gc-amf-amf-58c4d7b8b8-b75xd,37m,24Mi
2026-08-11T16:47:10+08:00,free5gc-free5gc-ausf-ausf-789bbfb4df-zxmhg,38m,25Mi
2026-08-11T16:47:10+08:00,free5gc-free5gc-chf-chf-6f777c7ff8-8mxhq,38m,12Mi
2026-08-11T16:47:10+08:00,free5gc-free5gc-nef-nef-759f694c89-jh7pd,37m,7Mi
2026-08-11T16:47:10+08:00,free5gc-free5gc-nrf-nrf-5766464855-bm2nv,2m,11Mi
2026-08-11T16:47:10+08:00,free5gc-free5gc-nssf-nssf-7f7767dd45-tvbcj,38m,7Mi
2026-08-11T16:47:10+08:00,free5gc-free5gc-pcf-pcf-769b57775d-crzp7,40m,11Mi
2026-08-11T16:47:10+08:00,free5gc-free5gc-smf-smf-7d94c978bf-bzj5s,40m,10Mi
2026-08-11T16:47:10+08:00,free5gc-free5gc-udm-udm-7fbb989b5c-96rtv,40m,14Mi
2026-08-11T16:47:10+08:00,free5gc-free5gc-udr-udr-788647bbb4-jbz5f,37m,11Mi
2026-08-11T16:47:10+08:00,free5gc-free5gc-webui-webui-6785478d49-lwtrb,2m,12Mi
2026-08-11T16:47:10+08:00,mongodb-0,118m,87Mi
2026-08-11T16:47:12+08:00,dbpython-free5gc-dbpython-dbpython-7fb488c7fc-8vt7q,27m,3Mi
2026-08-11T16:47:12+08:00,free5gc-free5gc-amf-amf-58c4d7b8b8-b75xd,37m,24Mi
2026-08-11T16:47:12+08:00,free5gc-free5gc-ausf-ausf-789bbfb4df-zxmhg,38m,25Mi
2026-08-11T16:47:12+08:00,free5gc-free5gc-chf-chf-6f777c7ff8-8mxhq,38m,12Mi
2026-08-11T16:47:12+08:00,free5gc-free5gc-nef-nef-759f694c89-jh7pd,37m,7Mi
2026-08-11T16:47:12+08:00,free5gc-free5gc-nrf-nrf-5766464855-bm2nv,2m,11Mi
2026-08-11T16:47:12+08:00,free5gc-free5gc-nssf-nssf-7f7767dd45-tvbcj,38m,7Mi
2026-08-11T16:47:12+08:00,free5gc-free5gc-pcf-pcf-769b57775d-crzp7,40m,11Mi
2026-08-11T16:47:12+08:00,free5gc-free5gc-smf-smf-7d94c978bf-bzj5s,40m,10Mi
2026-08-11T16:47:12+08:00,free5gc-free5gc-udm-udm-7fbb989b5c-96rtv,40m,14Mi
2026-08-11T16:47:12+08:00,free5gc-free5gc-udr-udr-788647bbb4-jbz5f,37m,11Mi
2026-08-11T16:47:12+08:00,free5gc-free5gc-webui-webui-6785478d49-lwtrb,2m,12Mi
2026-08-11T16:47:12+08:00,mongodb-0,118m,87Mi
2026-08-11T16:47:14+08:00,dbpython-free5gc-dbpython-dbpython-7fb488c7fc-8vt7q,27m,3Mi
2026-08-11T16:47:14+08:00,free5gc-free5gc-amf-amf-58c4d7b8b8-b75xd,37m,24Mi
2026-08-11T16:47:14+08:00,free5gc-free5gc-ausf-ausf-789bbfb4df-zxmhg,38m,25Mi
2026-08-11T16:47:14+08:00,free5gc-free5gc-chf-chf-6f777c7ff8-8mxhq,38m,12Mi
2026-08-11T16:47:14+08:00,free5gc-free5gc-nef-nef-759f694c89-jh7pd,37m,7Mi
2026-08-11T16:47:14+08:00,free5gc-free5gc-nrf-nrf-5766464855-bm2nv,2m,11Mi
2026-08-11T16:47:14+08:00,free5gc-free5gc-nssf-nssf-7f7767dd45-tvbcj,38m,7Mi
2026-08-11T16:47:14+08:00,free5gc-free5gc-pcf-pcf-769b57775d-crzp7,40m,11Mi
2026-08-11T16:47:14+08:00,free5gc-free5gc-smf-smf-7d94c978bf-bzj5s,40m,10Mi
2026-08-11T16:47:14+08:00,free5gc-free5gc-udm-udm-7fbb989b5c-96rtv,40m,14Mi
2026-08-11T16:47:14+08:00,free5gc-free5gc-udr-udr-788647bbb4-jbz5f,37m,11Mi
2026-08-11T16:47:14+08:00,free5gc-free5gc-webui-webui-6785478d49-lwtrb,2m,12Mi
2026-08-11T16:47:14+08:00,mongodb-0,118m,87Mi
2026-08-11T16:47:16+08:00,dbpython-free5gc-dbpython-dbpython-7fb488c7fc-8vt7q,27m,3Mi
2026-08-11T16:47:16+08:00,free5gc-free5gc-amf-amf-58c4d7b8b8-b75xd,37m,24Mi
2026-08-11T16:47:16+08:00,free5gc-free5gc-ausf-ausf-789bbfb4df-zxmhg,38m,25Mi
2026-08-11T16:47:16+08:00,free5gc-free5gc-chf-chf-6f777c7ff8-8mxhq,38m,12Mi
2026-08-11T16:47:16+08:00,free5gc-free5gc-nef-nef-759f694c89-jh7pd,37m,7Mi
2026-08-11T16:47:16+08:00,free5gc-free5gc-nrf-nrf-5766464855-bm2nv,2m,11Mi
2026-08-11T16:47:16+08:00,free5gc-free5gc-nssf-nssf-7f7767dd45-tvbcj,38m,7Mi
2026-08-11T16:47:16+08:00,free5gc-free5gc-pcf-pcf-769b57775d-crzp7,40m,11Mi
2026-08-11T16:47:16+08:00,free5gc-free5gc-smf-smf-7d94c978bf-bzj5s,40m,10Mi
2026-08-11T16:47:16+08:00,free5gc-free5gc-udm-udm-7fbb989b5c-96rtv,40m,14Mi
2026-08-11T16:47:16+08:00,free5gc-free5gc-udr-udr-788647bbb4-jbz5f,37m,11Mi
2026-08-11T16:47:16+08:00,free5gc-free5gc-webui-webui-6785478d49-lwtrb,2m,12Mi
2026-08-11T16:47:16+08:00,mongodb-0,118m,87Mi
2026-08-11T16:47:18+08:00,dbpython-free5gc-dbpython-dbpython-7fb488c7fc-8vt7q,28m,0Mi
2026-08-11T16:47:18+08:00,free5gc-free5gc-amf-amf-58c4d7b8b8-b75xd,38m,24Mi
2026-08-11T16:47:18+08:00,free5gc-free5gc-ausf-ausf-789bbfb4df-zxmhg,39m,22Mi
2026-08-11T16:47:18+08:00,free5gc-free5gc-chf-chf-6f777c7ff8-8mxhq,38m,12Mi
2026-08-11T16:47:18+08:00,free5gc-free5gc-nef-nef-759f694c89-jh7pd,37m,7Mi
2026-08-11T16:47:18+08:00,free5gc-free5gc-nrf-nrf-5766464855-bm2nv,3m,10Mi
2026-08-11T16:47:18+08:00,free5gc-free5gc-nssf-nssf-7f7767dd45-tvbcj,37m,7Mi
2026-08-11T16:47:18+08:00,free5gc-free5gc-pcf-pcf-769b57775d-crzp7,41m,13Mi
2026-08-11T16:47:18+08:00,free5gc-free5gc-smf-smf-7d94c978bf-bzj5s,41m,12Mi
2026-08-11T16:47:18+08:00,free5gc-free5gc-udm-udm-7fbb989b5c-96rtv,39m,17Mi
2026-08-11T16:47:18+08:00,free5gc-free5gc-udr-udr-788647bbb4-jbz5f,38m,11Mi
2026-08-11T16:47:18+08:00,free5gc-free5gc-webui-webui-6785478d49-lwtrb,2m,12Mi
2026-08-11T16:47:18+08:00,mongodb-0,147m,233Mi
2026-08-11T16:47:21+08:00,dbpython-free5gc-dbpython-dbpython-7fb488c7fc-8vt7q,28m,0Mi
2026-08-11T16:47:21+08:00,free5gc-free5gc-amf-amf-58c4d7b8b8-b75xd,38m,24Mi
2026-08-11T16:47:21+08:00,free5gc-free5gc-ausf-ausf-789bbfb4df-zxmhg,39m,22Mi
2026-08-11T16:47:21+08:00,free5gc-free5gc-chf-chf-6f777c7ff8-8mxhq,38m,12Mi
2026-08-11T16:47:21+08:00,free5gc-free5gc-nef-nef-759f694c89-jh7pd,37m,7Mi
2026-08-11T16:47:21+08:00,free5gc-free5gc-nrf-nrf-5766464855-bm2nv,3m,10Mi
2026-08-11T16:47:21+08:00,free5gc-free5gc-nssf-nssf-7f7767dd45-tvbcj,37m,7Mi
2026-08-11T16:47:21+08:00,free5gc-free5gc-pcf-pcf-769b57775d-crzp7,41m,13Mi
2026-08-11T16:47:21+08:00,free5gc-free5gc-smf-smf-7d94c978bf-bzj5s,41m,12Mi
2026-08-11T16:47:21+08:00,free5gc-free5gc-udm-udm-7fbb989b5c-96rtv,39m,17Mi
2026-08-11T16:47:21+08:00,free5gc-free5gc-udr-udr-788647bbb4-jbz5f,38m,11Mi
2026-08-11T16:47:21+08:00,free5gc-free5gc-webui-webui-6785478d49-lwtrb,2m,12Mi
2026-08-11T16:47:21+08:00,mongodb-0,147m,233Mi
2026-08-11T16:47:23+08:00,dbpython-free5gc-dbpython-dbpython-7fb488c7fc-8vt7q,28m,0Mi
2026-08-11T16:47:23+08:00,free5gc-free5gc-amf-amf-58c4d7b8b8-b75xd,38m,24Mi
2026-08-11T16:47:23+08:00,free5gc-free5gc-ausf-ausf-789bbfb4df-zxmhg,39m,22Mi
2026-08-11T16:47:23+08:00,free5gc-free5gc-chf-chf-6f777c7ff8-8mxhq,38m,12Mi
2026-08-11T16:47:23+08:00,free5gc-free5gc-nef-nef-759f694c89-jh7pd,37m,7Mi
2026-08-11T16:47:23+08:00,free5gc-free5gc-nrf-nrf-5766464855-bm2nv,3m,10Mi
2026-08-11T16:47:23+08:00,free5gc-free5gc-nssf-nssf-7f7767dd45-tvbcj,37m,7Mi
2026-08-11T16:47:23+08:00,free5gc-free5gc-pcf-pcf-769b57775d-crzp7,41m,13Mi
2026-08-11T16:47:23+08:00,free5gc-free5gc-smf-smf-7d94c978bf-bzj5s,41m,12Mi
2026-08-11T16:47:23+08:00,free5gc-free5gc-udm-udm-7fbb989b5c-96rtv,39m,17Mi
2026-08-11T16:47:23+08:00,free5gc-free5gc-udr-udr-788647bbb4-jbz5f,38m,11Mi
2026-08-11T16:47:23+08:00,free5gc-free5gc-webui-webui-6785478d49-lwtrb,2m,12Mi
2026-08-11T16:47:23+08:00,mongodb-0,147m,233Mi
2026-08-11T16:47:25+08:00,dbpython-free5gc-dbpython-dbpython-7fb488c7fc-8vt7q,28m,0Mi
2026-08-11T16:47:25+08:00,free5gc-free5gc-amf-amf-58c4d7b8b8-b75xd,38m,24Mi
2026-08-11T16:47:25+08:00,free5gc-free5gc-ausf-ausf-789bbfb4df-zxmhg,39m,22Mi
2026-08-11T16:47:25+08:00,free5gc-free5gc-chf-chf-6f777c7ff8-8mxhq,38m,12Mi
2026-08-11T16:47:25+08:00,free5gc-free5gc-nef-nef-759f694c89-jh7pd,37m,7Mi
2026-08-11T16:47:25+08:00,free5gc-free5gc-nrf-nrf-5766464855-bm2nv,3m,10Mi
2026-08-11T16:47:25+08:00,free5gc-free5gc-nssf-nssf-7f7767dd45-tvbcj,37m,7Mi
2026-08-11T16:47:25+08:00,free5gc-free5gc-pcf-pcf-769b57775d-crzp7,41m,13Mi
2026-08-11T16:47:25+08:00,free5gc-free5gc-smf-smf-7d94c978bf-bzj5s,41m,12Mi
2026-08-11T16:47:25+08:00,free5gc-free5gc-udm-udm-7fbb989b5c-96rtv,39m,17Mi
2026-08-11T16:47:25+08:00,free5gc-free5gc-udr-udr-788647bbb4-jbz5f,38m,11Mi
2026-08-11T16:47:25+08:00,free5gc-free5gc-webui-webui-6785478d49-lwtrb,2m,12Mi
2026-08-11T16:47:25+08:00,mongodb-0,147m,233Mi
2026-08-11T16:47:27+08:00,dbpython-free5gc-dbpython-dbpython-7fb488c7fc-8vt7q,28m,0Mi
2026-08-11T16:47:27+08:00,free5gc-free5gc-amf-amf-58c4d7b8b8-b75xd,38m,24Mi
2026-08-11T16:47:27+08:00,free5gc-free5gc-ausf-ausf-789bbfb4df-zxmhg,39m,22Mi
2026-08-11T16:47:27+08:00,free5gc-free5gc-chf-chf-6f777c7ff8-8mxhq,38m,12Mi
2026-08-11T16:47:27+08:00,free5gc-free5gc-nef-nef-759f694c89-jh7pd,37m,7Mi
2026-08-11T16:47:27+08:00,free5gc-free5gc-nrf-nrf-5766464855-bm2nv,3m,10Mi
2026-08-11T16:47:27+08:00,free5gc-free5gc-nssf-nssf-7f7767dd45-tvbcj,37m,7Mi
2026-08-11T16:47:27+08:00,free5gc-free5gc-pcf-pcf-769b57775d-crzp7,41m,13Mi
2026-08-11T16:47:27+08:00,free5gc-free5gc-smf-smf-7d94c978bf-bzj5s,41m,12Mi
2026-08-11T16:47:27+08:00,free5gc-free5gc-udm-udm-7fbb989b5c-96rtv,39m,17Mi
2026-08-11T16:47:27+08:00,free5gc-free5gc-udr-udr-788647bbb4-jbz5f,38m,11Mi
2026-08-11T16:47:27+08:00,free5gc-free5gc-webui-webui-6785478d49-lwtrb,2m,12Mi
2026-08-11T16:47:27+08:00,mongodb-0,147m,233Mi
2026-08-11T16:47:29+08:00,dbpython-free5gc-dbpython-dbpython-7fb488c7fc-8vt7q,28m,0Mi
2026-08-11T16:47:29+08:00,free5gc-free5gc-amf-amf-58c4d7b8b8-b75xd,38m,24Mi
2026-08-11T16:47:29+08:00,free5gc-free5gc-ausf-ausf-789bbfb4df-zxmhg,39m,22Mi
2026-08-11T16:47:29+08:00,free5gc-free5gc-chf-chf-6f777c7ff8-8mxhq,38m,12Mi
2026-08-11T16:47:29+08:00,free5gc-free5gc-nef-nef-759f694c89-jh7pd,37m,7Mi
2026-08-11T16:47:29+08:00,free5gc-free5gc-nrf-nrf-5766464855-bm2nv,3m,10Mi
2026-08-11T16:47:29+08:00,free5gc-free5gc-nssf-nssf-7f7767dd45-tvbcj,37m,7Mi
2026-08-11T16:47:29+08:00,free5gc-free5gc-pcf-pcf-769b57775d-crzp7,41m,13Mi
2026-08-11T16:47:29+08:00,free5gc-free5gc-smf-smf-7d94c978bf-bzj5s,41m,12Mi
2026-08-11T16:47:29+08:00,free5gc-free5gc-udm-udm-7fbb989b5c-96rtv,39m,17Mi
2026-08-11T16:47:29+08:00,free5gc-free5gc-udr-udr-788647bbb4-jbz5f,38m,11Mi
2026-08-11T16:47:29+08:00,free5gc-free5gc-webui-webui-6785478d49-lwtrb,2m,12Mi
2026-08-11T16:47:29+08:00,mongodb-0,147m,233Mi
2026-08-11T16:47:31+08:00,dbpython-free5gc-dbpython-dbpython-7fb488c7fc-8vt7q,28m,0Mi
2026-08-11T16:47:31+08:00,free5gc-free5gc-amf-amf-58c4d7b8b8-b75xd,38m,24Mi
2026-08-11T16:47:31+08:00,free5gc-free5gc-ausf-ausf-789bbfb4df-zxmhg,41m,25Mi
2026-08-11T16:47:31+08:00,free5gc-free5gc-chf-chf-6f777c7ff8-8mxhq,42m,12Mi
2026-08-11T16:47:31+08:00,free5gc-free5gc-nef-nef-759f694c89-jh7pd,39m,7Mi
2026-08-11T16:47:31+08:00,free5gc-free5gc-nrf-nrf-5766464855-bm2nv,2m,10Mi
2026-08-11T16:47:31+08:00,free5gc-free5gc-nssf-nssf-7f7767dd45-tvbcj,41m,7Mi
2026-08-11T16:47:31+08:00,free5gc-free5gc-pcf-pcf-769b57775d-crzp7,39m,11Mi
2026-08-11T16:47:31+08:00,free5gc-free5gc-smf-smf-7d94c978bf-bzj5s,41m,10Mi
2026-08-11T16:47:31+08:00,free5gc-free5gc-udm-udm-7fbb989b5c-96rtv,39m,13Mi
2026-08-11T16:47:31+08:00,free5gc-free5gc-udr-udr-788647bbb4-jbz5f,40m,11Mi
2026-08-11T16:47:31+08:00,free5gc-free5gc-webui-webui-6785478d49-lwtrb,2m,12Mi
2026-08-11T16:47:31+08:00,mongodb-0,112m,87Mi
2026-08-11T16:47:33+08:00,dbpython-free5gc-dbpython-dbpython-7fb488c7fc-8vt7q,28m,0Mi
2026-08-11T16:47:33+08:00,free5gc-free5gc-amf-amf-58c4d7b8b8-b75xd,38m,24Mi
2026-08-11T16:47:33+08:00,free5gc-free5gc-ausf-ausf-789bbfb4df-zxmhg,41m,25Mi
2026-08-11T16:47:33+08:00,free5gc-free5gc-chf-chf-6f777c7ff8-8mxhq,42m,12Mi
2026-08-11T16:47:33+08:00,free5gc-free5gc-nef-nef-759f694c89-jh7pd,39m,7Mi
2026-08-11T16:47:33+08:00,free5gc-free5gc-nrf-nrf-5766464855-bm2nv,2m,10Mi
2026-08-11T16:47:33+08:00,free5gc-free5gc-nssf-nssf-7f7767dd45-tvbcj,41m,7Mi
2026-08-11T16:47:33+08:00,free5gc-free5gc-pcf-pcf-769b57775d-crzp7,39m,11Mi
2026-08-11T16:47:33+08:00,free5gc-free5gc-smf-smf-7d94c978bf-bzj5s,41m,10Mi
2026-08-11T16:47:33+08:00,free5gc-free5gc-udm-udm-7fbb989b5c-96rtv,39m,13Mi
2026-08-11T16:47:33+08:00,free5gc-free5gc-udr-udr-788647bbb4-jbz5f,40m,11Mi
2026-08-11T16:47:33+08:00,free5gc-free5gc-webui-webui-6785478d49-lwtrb,2m,12Mi
2026-08-11T16:47:33+08:00,mongodb-0,112m,87Mi
2026-08-11T16:47:36+08:00,dbpython-free5gc-dbpython-dbpython-7fb488c7fc-8vt7q,28m,0Mi
2026-08-11T16:47:36+08:00,free5gc-free5gc-amf-amf-58c4d7b8b8-b75xd,38m,24Mi
2026-08-11T16:47:36+08:00,free5gc-free5gc-ausf-ausf-789bbfb4df-zxmhg,41m,25Mi
2026-08-11T16:47:36+08:00,free5gc-free5gc-chf-chf-6f777c7ff8-8mxhq,42m,12Mi
2026-08-11T16:47:36+08:00,free5gc-free5gc-nef-nef-759f694c89-jh7pd,39m,7Mi
2026-08-11T16:47:36+08:00,free5gc-free5gc-nrf-nrf-5766464855-bm2nv,2m,10Mi
2026-08-11T16:47:36+08:00,free5gc-free5gc-nssf-nssf-7f7767dd45-tvbcj,41m,7Mi
2026-08-11T16:47:36+08:00,free5gc-free5gc-pcf-pcf-769b57775d-crzp7,39m,11Mi
2026-08-11T16:47:36+08:00,free5gc-free5gc-smf-smf-7d94c978bf-bzj5s,41m,10Mi
2026-08-11T16:47:36+08:00,free5gc-free5gc-udm-udm-7fbb989b5c-96rtv,39m,13Mi
2026-08-11T16:47:36+08:00,free5gc-free5gc-udr-udr-788647bbb4-jbz5f,40m,11Mi
2026-08-11T16:47:36+08:00,free5gc-free5gc-webui-webui-6785478d49-lwtrb,2m,12Mi
2026-08-11T16:47:36+08:00,mongodb-0,112m,87Mi
2026-08-11T16:47:38+08:00,dbpython-free5gc-dbpython-dbpython-7fb488c7fc-8vt7q,28m,0Mi
2026-08-11T16:47:38+08:00,free5gc-free5gc-amf-amf-58c4d7b8b8-b75xd,38m,24Mi
2026-08-11T16:47:38+08:00,free5gc-free5gc-ausf-ausf-789bbfb4df-zxmhg,41m,25Mi
2026-08-11T16:47:38+08:00,free5gc-free5gc-chf-chf-6f777c7ff8-8mxhq,42m,12Mi
2026-08-11T16:47:38+08:00,free5gc-free5gc-nef-nef-759f694c89-jh7pd,39m,7Mi
2026-08-11T16:47:38+08:00,free5gc-free5gc-nrf-nrf-5766464855-bm2nv,2m,10Mi
2026-08-11T16:47:38+08:00,free5gc-free5gc-nssf-nssf-7f7767dd45-tvbcj,41m,7Mi
2026-08-11T16:47:38+08:00,free5gc-free5gc-pcf-pcf-769b57775d-crzp7,39m,11Mi
2026-08-11T16:47:38+08:00,free5gc-free5gc-smf-smf-7d94c978bf-bzj5s,41m,10Mi
2026-08-11T16:47:38+08:00,free5gc-free5gc-udm-udm-7fbb989b5c-96rtv,39m,13Mi
2026-08-11T16:47:38+08:00,free5gc-free5gc-udr-udr-788647bbb4-jbz5f,40m,11Mi
2026-08-11T16:47:38+08:00,free5gc-free5gc-webui-webui-6785478d49-lwtrb,2m,12Mi
2026-08-11T16:47:38+08:00,mongodb-0,112m,87Mi
2026-08-11T16:47:40+08:00,dbpython-free5gc-dbpython-dbpython-7fb488c7fc-8vt7q,28m,0Mi
2026-08-11T16:47:40+08:00,free5gc-free5gc-amf-amf-58c4d7b8b8-b75xd,38m,24Mi
2026-08-11T16:47:40+08:00,free5gc-free5gc-ausf-ausf-789bbfb4df-zxmhg,41m,25Mi
2026-08-11T16:47:40+08:00,free5gc-free5gc-chf-chf-6f777c7ff8-8mxhq,42m,12Mi
2026-08-11T16:47:40+08:00,free5gc-free5gc-nef-nef-759f694c89-jh7pd,39m,7Mi
2026-08-11T16:47:40+08:00,free5gc-free5gc-nrf-nrf-5766464855-bm2nv,2m,10Mi
2026-08-11T16:47:40+08:00,free5gc-free5gc-nssf-nssf-7f7767dd45-tvbcj,41m,7Mi
2026-08-11T16:47:40+08:00,free5gc-free5gc-pcf-pcf-769b57775d-crzp7,39m,11Mi
2026-08-11T16:47:40+08:00,free5gc-free5gc-smf-smf-7d94c978bf-bzj5s,41m,10Mi
2026-08-11T16:47:40+08:00,free5gc-free5gc-udm-udm-7fbb989b5c-96rtv,39m,13Mi
2026-08-11T16:47:40+08:00,free5gc-free5gc-udr-udr-788647bbb4-jbz5f,40m,11Mi
2026-08-11T16:47:40+08:00,free5gc-free5gc-webui-webui-6785478d49-lwtrb,2m,12Mi
2026-08-11T16:47:40+08:00,mongodb-0,112m,87Mi
2026-08-11T16:47:42+08:00,dbpython-free5gc-dbpython-dbpython-7fb488c7fc-8vt7q,28m,0Mi
2026-08-11T16:47:42+08:00,free5gc-free5gc-amf-amf-58c4d7b8b8-b75xd,38m,24Mi
2026-08-11T16:47:42+08:00,free5gc-free5gc-ausf-ausf-789bbfb4df-zxmhg,41m,25Mi
2026-08-11T16:47:42+08:00,free5gc-free5gc-chf-chf-6f777c7ff8-8mxhq,42m,12Mi
2026-08-11T16:47:42+08:00,free5gc-free5gc-nef-nef-759f694c89-jh7pd,39m,7Mi
2026-08-11T16:47:42+08:00,free5gc-free5gc-nrf-nrf-5766464855-bm2nv,2m,10Mi
2026-08-11T16:47:42+08:00,free5gc-free5gc-nssf-nssf-7f7767dd45-tvbcj,41m,7Mi
2026-08-11T16:47:42+08:00,free5gc-free5gc-pcf-pcf-769b57775d-crzp7,39m,11Mi
2026-08-11T16:47:42+08:00,free5gc-free5gc-smf-smf-7d94c978bf-bzj5s,41m,10Mi
2026-08-11T16:47:42+08:00,free5gc-free5gc-udm-udm-7fbb989b5c-96rtv,39m,13Mi
2026-08-11T16:47:42+08:00,free5gc-free5gc-udr-udr-788647bbb4-jbz5f,40m,11Mi
2026-08-11T16:47:42+08:00,free5gc-free5gc-webui-webui-6785478d49-lwtrb,2m,12Mi
2026-08-11T16:47:42+08:00,mongodb-0,112m,87Mi
2026-08-11T16:47:44+08:00,dbpython-free5gc-dbpython-dbpython-7fb488c7fc-8vt7q,28m,0Mi
2026-08-11T16:47:44+08:00,free5gc-free5gc-amf-amf-58c4d7b8b8-b75xd,38m,24Mi
2026-08-11T16:47:44+08:00,free5gc-free5gc-ausf-ausf-789bbfb4df-zxmhg,41m,25Mi
2026-08-11T16:47:44+08:00,free5gc-free5gc-chf-chf-6f777c7ff8-8mxhq,42m,12Mi
2026-08-11T16:47:44+08:00,free5gc-free5gc-nef-nef-759f694c89-jh7pd,39m,7Mi
2026-08-11T16:47:44+08:00,free5gc-free5gc-nrf-nrf-5766464855-bm2nv,2m,10Mi
2026-08-11T16:47:44+08:00,free5gc-free5gc-nssf-nssf-7f7767dd45-tvbcj,41m,7Mi
2026-08-11T16:47:44+08:00,free5gc-free5gc-pcf-pcf-769b57775d-crzp7,39m,11Mi
2026-08-11T16:47:44+08:00,free5gc-free5gc-smf-smf-7d94c978bf-bzj5s,41m,10Mi
2026-08-11T16:47:44+08:00,free5gc-free5gc-udm-udm-7fbb989b5c-96rtv,39m,13Mi
2026-08-11T16:47:44+08:00,free5gc-free5gc-udr-udr-788647bbb4-jbz5f,40m,11Mi
2026-08-11T16:47:44+08:00,free5gc-free5gc-webui-webui-6785478d49-lwtrb,2m,12Mi
2026-08-11T16:47:44+08:00,mongodb-0,112m,87Mi
2026-08-11T16:47:46+08:00,dbpython-free5gc-dbpython-dbpython-7fb488c7fc-8vt7q,28m,0Mi
2026-08-11T16:47:46+08:00,free5gc-free5gc-amf-amf-58c4d7b8b8-b75xd,38m,24Mi
2026-08-11T16:47:46+08:00,free5gc-free5gc-ausf-ausf-789bbfb4df-zxmhg,36m,21Mi
2026-08-11T16:47:46+08:00,free5gc-free5gc-chf-chf-6f777c7ff8-8mxhq,39m,12Mi
2026-08-11T16:47:46+08:00,free5gc-free5gc-nef-nef-759f694c89-jh7pd,38m,7Mi
2026-08-11T16:47:46+08:00,free5gc-free5gc-nrf-nrf-5766464855-bm2nv,2m,10Mi
2026-08-11T16:47:46+08:00,free5gc-free5gc-nssf-nssf-7f7767dd45-tvbcj,41m,7Mi
2026-08-11T16:47:46+08:00,free5gc-free5gc-pcf-pcf-769b57775d-crzp7,43m,10Mi
2026-08-11T16:47:46+08:00,free5gc-free5gc-smf-smf-7d94c978bf-bzj5s,42m,10Mi
2026-08-11T16:47:46+08:00,free5gc-free5gc-udm-udm-7fbb989b5c-96rtv,40m,13Mi
2026-08-11T16:47:46+08:00,free5gc-free5gc-udr-udr-788647bbb4-jbz5f,40m,11Mi
2026-08-11T16:47:46+08:00,free5gc-free5gc-webui-webui-6785478d49-lwtrb,2m,12Mi
2026-08-11T16:47:46+08:00,mongodb-0,150m,87Mi
2026-08-11T16:47:48+08:00,dbpython-free5gc-dbpython-dbpython-7fb488c7fc-8vt7q,28m,0Mi
2026-08-11T16:47:48+08:00,free5gc-free5gc-amf-amf-58c4d7b8b8-b75xd,38m,24Mi
2026-08-11T16:47:48+08:00,free5gc-free5gc-ausf-ausf-789bbfb4df-zxmhg,36m,21Mi
2026-08-11T16:47:48+08:00,free5gc-free5gc-chf-chf-6f777c7ff8-8mxhq,39m,12Mi
2026-08-11T16:47:48+08:00,free5gc-free5gc-nef-nef-759f694c89-jh7pd,38m,7Mi
2026-08-11T16:47:48+08:00,free5gc-free5gc-nrf-nrf-5766464855-bm2nv,2m,10Mi
2026-08-11T16:47:48+08:00,free5gc-free5gc-nssf-nssf-7f7767dd45-tvbcj,41m,7Mi
2026-08-11T16:47:48+08:00,free5gc-free5gc-pcf-pcf-769b57775d-crzp7,43m,10Mi
2026-08-11T16:47:48+08:00,free5gc-free5gc-smf-smf-7d94c978bf-bzj5s,42m,10Mi
2026-08-11T16:47:48+08:00,free5gc-free5gc-udm-udm-7fbb989b5c-96rtv,40m,13Mi
2026-08-11T16:47:48+08:00,free5gc-free5gc-udr-udr-788647bbb4-jbz5f,40m,11Mi
2026-08-11T16:47:48+08:00,free5gc-free5gc-webui-webui-6785478d49-lwtrb,2m,12Mi
2026-08-11T16:47:48+08:00,mongodb-0,150m,87Mi
2026-08-11T16:47:51+08:00,dbpython-free5gc-dbpython-dbpython-7fb488c7fc-8vt7q,28m,0Mi
2026-08-11T16:47:51+08:00,free5gc-free5gc-amf-amf-58c4d7b8b8-b75xd,38m,24Mi
2026-08-11T16:47:51+08:00,free5gc-free5gc-ausf-ausf-789bbfb4df-zxmhg,36m,21Mi
2026-08-11T16:47:51+08:00,free5gc-free5gc-chf-chf-6f777c7ff8-8mxhq,39m,12Mi
2026-08-11T16:47:51+08:00,free5gc-free5gc-nef-nef-759f694c89-jh7pd,38m,7Mi
2026-08-11T16:47:51+08:00,free5gc-free5gc-nrf-nrf-5766464855-bm2nv,2m,10Mi
2026-08-11T16:47:51+08:00,free5gc-free5gc-nssf-nssf-7f7767dd45-tvbcj,41m,7Mi
2026-08-11T16:47:51+08:00,free5gc-free5gc-pcf-pcf-769b57775d-crzp7,43m,10Mi
2026-08-11T16:47:51+08:00,free5gc-free5gc-smf-smf-7d94c978bf-bzj5s,42m,10Mi
2026-08-11T16:47:51+08:00,free5gc-free5gc-udm-udm-7fbb989b5c-96rtv,40m,13Mi
2026-08-11T16:47:51+08:00,free5gc-free5gc-udr-udr-788647bbb4-jbz5f,40m,11Mi
2026-08-11T16:47:51+08:00,free5gc-free5gc-webui-webui-6785478d49-lwtrb,2m,12Mi
2026-08-11T16:47:51+08:00,mongodb-0,150m,87Mi
2026-08-11T16:47:53+08:00,dbpython-free5gc-dbpython-dbpython-7fb488c7fc-8vt7q,28m,0Mi
2026-08-11T16:47:53+08:00,free5gc-free5gc-amf-amf-58c4d7b8b8-b75xd,38m,24Mi
2026-08-11T16:47:53+08:00,free5gc-free5gc-ausf-ausf-789bbfb4df-zxmhg,36m,21Mi
2026-08-11T16:47:53+08:00,free5gc-free5gc-chf-chf-6f777c7ff8-8mxhq,39m,12Mi
2026-08-11T16:47:53+08:00,free5gc-free5gc-nef-nef-759f694c89-jh7pd,38m,7Mi
2026-08-11T16:47:53+08:00,free5gc-free5gc-nrf-nrf-5766464855-bm2nv,2m,10Mi
2026-08-11T16:47:53+08:00,free5gc-free5gc-nssf-nssf-7f7767dd45-tvbcj,41m,7Mi
2026-08-11T16:47:53+08:00,free5gc-free5gc-pcf-pcf-769b57775d-crzp7,43m,10Mi
2026-08-11T16:47:53+08:00,free5gc-free5gc-smf-smf-7d94c978bf-bzj5s,42m,10Mi
2026-08-11T16:47:53+08:00,free5gc-free5gc-udm-udm-7fbb989b5c-96rtv,40m,13Mi
2026-08-11T16:47:53+08:00,free5gc-free5gc-udr-udr-788647bbb4-jbz5f,40m,11Mi
2026-08-11T16:47:53+08:00,free5gc-free5gc-webui-webui-6785478d49-lwtrb,2m,12Mi
2026-08-11T16:47:53+08:00,mongodb-0,150m,87Mi
2026-08-11T16:47:55+08:00,dbpython-free5gc-dbpython-dbpython-7fb488c7fc-8vt7q,28m,0Mi
2026-08-11T16:47:55+08:00,free5gc-free5gc-amf-amf-58c4d7b8b8-b75xd,38m,24Mi
2026-08-11T16:47:55+08:00,free5gc-free5gc-ausf-ausf-789bbfb4df-zxmhg,36m,21Mi
2026-08-11T16:47:55+08:00,free5gc-free5gc-chf-chf-6f777c7ff8-8mxhq,39m,12Mi
2026-08-11T16:47:55+08:00,free5gc-free5gc-nef-nef-759f694c89-jh7pd,38m,7Mi
2026-08-11T16:47:55+08:00,free5gc-free5gc-nrf-nrf-5766464855-bm2nv,2m,10Mi
2026-08-11T16:47:55+08:00,free5gc-free5gc-nssf-nssf-7f7767dd45-tvbcj,41m,7Mi
2026-08-11T16:47:55+08:00,free5gc-free5gc-pcf-pcf-769b57775d-crzp7,43m,10Mi
2026-08-11T16:47:55+08:00,free5gc-free5gc-smf-smf-7d94c978bf-bzj5s,42m,10Mi
2026-08-11T16:47:55+08:00,free5gc-free5gc-udm-udm-7fbb989b5c-96rtv,40m,13Mi
2026-08-11T16:47:55+08:00,free5gc-free5gc-udr-udr-788647bbb4-jbz5f,40m,11Mi
2026-08-11T16:47:55+08:00,free5gc-free5gc-webui-webui-6785478d49-lwtrb,2m,12Mi
2026-08-11T16:47:55+08:00,mongodb-0,150m,87Mi
2026-08-11T16:47:57+08:00,dbpython-free5gc-dbpython-dbpython-7fb488c7fc-8vt7q,28m,0Mi
2026-08-11T16:47:57+08:00,free5gc-free5gc-amf-amf-58c4d7b8b8-b75xd,38m,24Mi
2026-08-11T16:47:57+08:00,free5gc-free5gc-ausf-ausf-789bbfb4df-zxmhg,36m,21Mi
2026-08-11T16:47:57+08:00,free5gc-free5gc-chf-chf-6f777c7ff8-8mxhq,39m,12Mi
2026-08-11T16:47:57+08:00,free5gc-free5gc-nef-nef-759f694c89-jh7pd,38m,7Mi
2026-08-11T16:47:57+08:00,free5gc-free5gc-nrf-nrf-5766464855-bm2nv,2m,10Mi
2026-08-11T16:47:57+08:00,free5gc-free5gc-nssf-nssf-7f7767dd45-tvbcj,41m,7Mi
2026-08-11T16:47:57+08:00,free5gc-free5gc-pcf-pcf-769b57775d-crzp7,43m,10Mi
2026-08-11T16:47:57+08:00,free5gc-free5gc-smf-smf-7d94c978bf-bzj5s,42m,10Mi
2026-08-11T16:47:57+08:00,free5gc-free5gc-udm-udm-7fbb989b5c-96rtv,40m,13Mi
2026-08-11T16:47:57+08:00,free5gc-free5gc-udr-udr-788647bbb4-jbz5f,40m,11Mi
2026-08-11T16:47:57+08:00,free5gc-free5gc-webui-webui-6785478d49-lwtrb,2m,12Mi
2026-08-11T16:47:57+08:00,mongodb-0,150m,87Mi
2026-08-11T16:47:59+08:00,dbpython-free5gc-dbpython-dbpython-7fb488c7fc-8vt7q,28m,0Mi
2026-08-11T16:47:59+08:00,free5gc-free5gc-amf-amf-58c4d7b8b8-b75xd,38m,24Mi
2026-08-11T16:47:59+08:00,free5gc-free5gc-ausf-ausf-789bbfb4df-zxmhg,36m,21Mi
2026-08-11T16:47:59+08:00,free5gc-free5gc-chf-chf-6f777c7ff8-8mxhq,39m,12Mi
2026-08-11T16:47:59+08:00,free5gc-free5gc-nef-nef-759f694c89-jh7pd,38m,7Mi
2026-08-11T16:47:59+08:00,free5gc-free5gc-nrf-nrf-5766464855-bm2nv,2m,10Mi
2026-08-11T16:47:59+08:00,free5gc-free5gc-nssf-nssf-7f7767dd45-tvbcj,41m,7Mi
2026-08-11T16:47:59+08:00,free5gc-free5gc-pcf-pcf-769b57775d-crzp7,43m,10Mi
2026-08-11T16:47:59+08:00,free5gc-free5gc-smf-smf-7d94c978bf-bzj5s,42m,10Mi
2026-08-11T16:47:59+08:00,free5gc-free5gc-udm-udm-7fbb989b5c-96rtv,40m,13Mi
2026-08-11T16:47:59+08:00,free5gc-free5gc-udr-udr-788647bbb4-jbz5f,40m,11Mi
2026-08-11T16:47:59+08:00,free5gc-free5gc-webui-webui-6785478d49-lwtrb,2m,12Mi
2026-08-11T16:47:59+08:00,mongodb-0,150m,87Mi
2026-08-11T16:48:01+08:00,dbpython-free5gc-dbpython-dbpython-7fb488c7fc-8vt7q,29m,0Mi
2026-08-11T16:48:01+08:00,free5gc-free5gc-amf-amf-58c4d7b8b8-b75xd,40m,24Mi
2026-08-11T16:48:01+08:00,free5gc-free5gc-ausf-ausf-789bbfb4df-zxmhg,39m,21Mi
2026-08-11T16:48:01+08:00,free5gc-free5gc-chf-chf-6f777c7ff8-8mxhq,39m,12Mi
2026-08-11T16:48:01+08:00,free5gc-free5gc-nef-nef-759f694c89-jh7pd,38m,7Mi
2026-08-11T16:48:01+08:00,free5gc-free5gc-nrf-nrf-5766464855-bm2nv,2m,10Mi
2026-08-11T16:48:01+08:00,free5gc-free5gc-nssf-nssf-7f7767dd45-tvbcj,37m,7Mi
2026-08-11T16:48:01+08:00,free5gc-free5gc-pcf-pcf-769b57775d-crzp7,41m,10Mi
2026-08-11T16:48:01+08:00,free5gc-free5gc-smf-smf-7d94c978bf-bzj5s,42m,10Mi
2026-08-11T16:48:01+08:00,free5gc-free5gc-udm-udm-7fbb989b5c-96rtv,40m,13Mi
2026-08-11T16:48:01+08:00,free5gc-free5gc-udr-udr-788647bbb4-jbz5f,40m,11Mi
2026-08-11T16:48:01+08:00,free5gc-free5gc-webui-webui-6785478d49-lwtrb,3m,12Mi
2026-08-11T16:48:01+08:00,mongodb-0,147m,87Mi
2026-08-11T16:48:03+08:00,dbpython-free5gc-dbpython-dbpython-7fb488c7fc-8vt7q,29m,0Mi
2026-08-11T16:48:03+08:00,free5gc-free5gc-amf-amf-58c4d7b8b8-b75xd,40m,24Mi
2026-08-11T16:48:03+08:00,free5gc-free5gc-ausf-ausf-789bbfb4df-zxmhg,39m,21Mi
2026-08-11T16:48:03+08:00,free5gc-free5gc-chf-chf-6f777c7ff8-8mxhq,39m,12Mi
2026-08-11T16:48:03+08:00,free5gc-free5gc-nef-nef-759f694c89-jh7pd,38m,7Mi
2026-08-11T16:48:03+08:00,free5gc-free5gc-nrf-nrf-5766464855-bm2nv,2m,10Mi
2026-08-11T16:48:03+08:00,free5gc-free5gc-nssf-nssf-7f7767dd45-tvbcj,37m,7Mi
2026-08-11T16:48:03+08:00,free5gc-free5gc-pcf-pcf-769b57775d-crzp7,41m,10Mi
2026-08-11T16:48:03+08:00,free5gc-free5gc-smf-smf-7d94c978bf-bzj5s,42m,10Mi
2026-08-11T16:48:03+08:00,free5gc-free5gc-udm-udm-7fbb989b5c-96rtv,40m,13Mi
2026-08-11T16:48:03+08:00,free5gc-free5gc-udr-udr-788647bbb4-jbz5f,40m,11Mi
2026-08-11T16:48:03+08:00,free5gc-free5gc-webui-webui-6785478d49-lwtrb,3m,12Mi
2026-08-11T16:48:03+08:00,mongodb-0,147m,87Mi
