time="2026-08-11T17:01:24+08:00" level=info msg="Loaded config at: config/config-registration-75.yml"
time="2026-08-11T17:01:24+08:00" level=info msg="PacketRusher version 1.0.1"
time="2026-08-11T17:01:24+08:00" level=info msg=---------------------------------------
time="2026-08-11T17:01:24+08:00" level=info msg="[TESTER] Starting test function: Testing registration of multiple UEs"
time="2026-08-11T17:01:24+08:00" level=info msg="[TESTER][UE] Number of UEs: 75"
time="2026-08-11T17:01:24+08:00" level=info msg="[TESTER][GNB] gNodeB control interface IP/Port: 172.18.0.1:9487~"
time="2026-08-11T17:01:24+08:00" level=info msg="[TESTER][GNB] gNodeB data interface IP/Port: 172.18.0.1:2152"
time="2026-08-11T17:01:24+08:00" level=info msg="[TESTER][AMF] AMF IP/Port: 172.18.0.2:31412"
time="2026-08-11T17:01:24+08:00" level=info msg=---------------------------------------
time="2026-08-11T17:01:24+08:00" level=info msg="[GNB] InitGnb called with N2 IP: 172.18.0.1:9487"
time="2026-08-11T17:01:24+08:00" level=info msg="[GNB] Attempting connection with N2 IP: 172.18.0.1:9487"
time="2026-08-11T17:01:24+08:00" level=info msg="[GNB][SCTP] Initializing connection: local=172.18.0.1:9487 remote=172.18.0.2:31412"
time="2026-08-11T17:01:24+08:00" level=info msg="[GNB][SCTP] Attempting SCTP dial..."
time="2026-08-11T17:01:24+08:00" level=info msg="[GNB][SCTP] SCTP connection established successfully"
time="2026-08-11T17:01:24+08:00" level=info msg="[GNB][SCTP] Starting GnbListen goroutine..."
time="2026-08-11T17:01:24+08:00" level=info msg="[GNB] SCTP/NGAP service is running"
time="2026-08-11T17:01:24+08:00" level=info msg="[GNB] Sending NG Setup Request..."
time="2026-08-11T17:01:24+08:00" level=info msg="[GNB] Initiating NG Setup Request"
time="2026-08-11T17:01:24+08:00" level=info msg="[GNB] NG Setup Request sent, waiting for response..."
time="2026-08-11T17:01:24+08:00" level=info msg="[GNB][SCTP] Receive message in 0 stream\n"
time="2026-08-11T17:01:24+08:00" level=info msg="[GNB][NGAP] Receive NG Setup Response"
time="2026-08-11T17:01:24+08:00" level=info msg="[GNB][AMF] AMF Name: AMF"
time="2026-08-11T17:01:24+08:00" level=info msg="[GNB][AMF] State of AMF: Active"
time="2026-08-11T17:01:24+08:00" level=info msg="[GNB][AMF] Capacity of AMF: 255"
time="2026-08-11T17:01:24+08:00" level=info msg="[GNB][AMF] PLMNs Identities Supported by AMF -- mcc: 208 mnc:93"
time="2026-08-11T17:01:24+08:00" level=info msg="[GNB][AMF] List of AMF slices Supported by AMF -- sst:01 sd:010203"
time="2026-08-11T17:01:24+08:00" level=info msg="[GNB][AMF] List of AMF slices Supported by AMF -- sst:01 sd:112233"
time="2026-08-11T17:01:24+08:00" level=info msg="[GNB] NG Setup successful with N2 IP: 172.18.0.1:9487"
time="2026-08-11T17:01:25+08:00" level=info msg="[TESTER] TESTING REGISTRATION USING IMSI 0000002001 UE"
time="2026-08-11T17:01:25+08:00" level=info msg="[GNB] Received incoming connection from new UE"
time="2026-08-11T17:01:25+08:00" level=info msg="[UE] Initiating Registration"
time="2026-08-11T17:01:25+08:00" level=info msg="[UE] Switched from state 0 to state 1"
time="2026-08-11T17:01:25+08:00" level=info msg="[TESTER] TESTING REGISTRATION USING IMSI 0000002002 UE"
time="2026-08-11T17:01:25+08:00" level=info msg="[GNB] Received incoming connection from new UE"
time="2026-08-11T17:01:25+08:00" level=info msg="[UE] Initiating Registration"
time="2026-08-11T17:01:25+08:00" level=info msg="[UE] Switched from state 0 to state 1"
time="2026-08-11T17:01:25+08:00" level=info msg="[GNB][SCTP] Receive message in 0 stream\n"
time="2026-08-11T17:01:25+08:00" level=info msg="[GNB][NGAP] Receive Downlink NAS Transport"
time="2026-08-11T17:01:25+08:00" level=info msg="[UE][NAS] Message without security header"
time="2026-08-11T17:01:25+08:00" level=info msg="[UE][NAS] Receive Authentication Request"
time="2026-08-11T17:01:25+08:00" level=info msg="[UE][NAS][MAC] Authenticity of the authentication request message: OK"
time="2026-08-11T17:01:25+08:00" level=info msg="[UE][NAS][SQN] SQN of the authentication request message: VALID"
time="2026-08-11T17:01:25+08:00" level=info msg="[UE][NAS] Send authentication response"
time="2026-08-11T17:01:25+08:00" level=info msg="[UE] Switched from state 1 to state 2"
time="2026-08-11T17:01:25+08:00" level=info msg="[GNB][SCTP] Receive message in 0 stream\n"
time="2026-08-11T17:01:25+08:00" level=info msg="[TESTER] TESTING REGISTRATION USING IMSI 0000002003 UE"
time="2026-08-11T17:01:25+08:00" level=info msg="[GNB][NGAP] Receive Downlink NAS Transport"
time="2026-08-11T17:01:25+08:00" level=info msg="[UE][NAS] Message without security header"
time="2026-08-11T17:01:25+08:00" level=info msg="[UE][NAS] Receive Authentication Request"
time="2026-08-11T17:01:25+08:00" level=info msg="[GNB] Received incoming connection from new UE"
time="2026-08-11T17:01:25+08:00" level=info msg="[UE] Initiating Registration"
time="2026-08-11T17:01:25+08:00" level=info msg="[UE][NAS][MAC] Authenticity of the authentication request message: OK"
time="2026-08-11T17:01:25+08:00" level=info msg="[UE][NAS][SQN] SQN of the authentication request message: VALID"
time="2026-08-11T17:01:25+08:00" level=info msg="[UE][NAS] Send authentication response"
time="2026-08-11T17:01:25+08:00" level=info msg="[UE] Switched from state 1 to state 2"
time="2026-08-11T17:01:25+08:00" level=info msg="[UE] Switched from state 0 to state 1"
time="2026-08-11T17:01:25+08:00" level=info msg="[GNB][SCTP] Receive message in 0 stream\n"
time="2026-08-11T17:01:25+08:00" level=info msg="[GNB][NGAP] Receive Downlink NAS Transport"
time="2026-08-11T17:01:25+08:00" level=info msg="[UE][NAS] Message with security header"
time="2026-08-11T17:01:25+08:00" level=info msg="[UE][NAS] Message with integrity and with NEW 5G NAS SECURITY CONTEXT"
time="2026-08-11T17:01:25+08:00" level=info msg="[UE][NAS] successful NAS MAC verification"
time="2026-08-11T17:01:25+08:00" level=info msg="[UE][NAS] Receive Security Mode Command"
time="2026-08-11T17:01:25+08:00" level=info msg="[UE][NAS] Type of ciphering algorithm is 5G-EA0"
time="2026-08-11T17:01:25+08:00" level=info msg="[UE][NAS] Type of integrity protection algorithm is 128-5G-IA2"
time="2026-08-11T17:01:25+08:00" level=info msg="[GNB][SCTP] Receive message in 0 stream\n"
time="2026-08-11T17:01:25+08:00" level=info msg="[GNB][NGAP] Receive Downlink NAS Transport"
time="2026-08-11T17:01:25+08:00" level=info msg="[UE][NAS] Message with security header"
time="2026-08-11T17:01:25+08:00" level=info msg="[UE][NAS] Message with integrity and with NEW 5G NAS SECURITY CONTEXT"
time="2026-08-11T17:01:25+08:00" level=info msg="[UE][NAS] successful NAS MAC verification"
time="2026-08-11T17:01:25+08:00" level=info msg="[UE][NAS] Receive Security Mode Command"
time="2026-08-11T17:01:25+08:00" level=info msg="[UE][NAS] Type of ciphering algorithm is 5G-EA0"
time="2026-08-11T17:01:25+08:00" level=info msg="[UE][NAS] Type of integrity protection algorithm is 128-5G-IA2"
time="2026-08-11T17:01:25+08:00" level=info msg="[TESTER] TESTING REGISTRATION USING IMSI 0000002004 UE"
time="2026-08-11T17:01:25+08:00" level=info msg="[GNB] Received incoming connection from new UE"
time="2026-08-11T17:01:25+08:00" level=info msg="[UE] Initiating Registration"
time="2026-08-11T17:01:25+08:00" level=info msg="[UE] Switched from state 0 to state 1"
time="2026-08-11T17:01:25+08:00" level=info msg="[GNB][SCTP] Receive message in 0 stream\n"
time="2026-08-11T17:01:25+08:00" level=info msg="[GNB][NGAP] Receive Downlink NAS Transport"
time="2026-08-11T17:01:25+08:00" level=info msg="[UE][NAS] Message without security header"
time="2026-08-11T17:01:25+08:00" level=info msg="[UE][NAS] Receive Authentication Request"
time="2026-08-11T17:01:25+08:00" level=info msg="[UE][NAS][MAC] Authenticity of the authentication request message: OK"
time="2026-08-11T17:01:25+08:00" level=info msg="[UE][NAS][SQN] SQN of the authentication request message: VALID"
time="2026-08-11T17:01:25+08:00" level=info msg="[UE][NAS] Send authentication response"
time="2026-08-11T17:01:25+08:00" level=info msg="[UE] Switched from state 1 to state 2"
time="2026-08-11T17:01:25+08:00" level=info msg="[TESTER] TESTING REGISTRATION USING IMSI 0000002005 UE"
time="2026-08-11T17:01:25+08:00" level=info msg="[GNB] Received incoming connection from new UE"
time="2026-08-11T17:01:25+08:00" level=info msg="[UE] Initiating Registration"
time="2026-08-11T17:01:25+08:00" level=info msg="[UE] Switched from state 0 to state 1"
time="2026-08-11T17:01:25+08:00" level=info msg="[TESTER] TESTING REGISTRATION USING IMSI 0000002006 UE"
time="2026-08-11T17:01:25+08:00" level=info msg="[GNB] Received incoming connection from new UE"
time="2026-08-11T17:01:25+08:00" level=info msg="[UE] Initiating Registration"
time="2026-08-11T17:01:25+08:00" level=info msg="[UE] Switched from state 0 to state 1"
time="2026-08-11T17:01:25+08:00" level=info msg="[TESTER] TESTING REGISTRATION USING IMSI 0000002007 UE"
time="2026-08-11T17:01:25+08:00" level=info msg="[GNB] Received incoming connection from new UE"
time="2026-08-11T17:01:25+08:00" level=info msg="[UE] Initiating Registration"
time="2026-08-11T17:01:25+08:00" level=info msg="[UE] Switched from state 0 to state 1"
time="2026-08-11T17:01:25+08:00" level=info msg="[TESTER] TESTING REGISTRATION USING IMSI 0000002008 UE"
time="2026-08-11T17:01:25+08:00" level=info msg="[GNB] Received incoming connection from new UE"
time="2026-08-11T17:01:25+08:00" level=info msg="[UE] Initiating Registration"
time="2026-08-11T17:01:25+08:00" level=info msg="[UE] Switched from state 0 to state 1"
time="2026-08-11T17:01:25+08:00" level=info msg="[GNB][SCTP] Receive message in 0 stream\n"
time="2026-08-11T17:01:25+08:00" level=info msg="[GNB][NGAP] Receive Initial Context Setup Request"
time="2026-08-11T17:01:25+08:00" level=info msg="[GNB][UE] UE Context was created with successful"
time="2026-08-11T17:01:25+08:00" level=info msg="[GNB][UE] UE RAN ID 1"
time="2026-08-11T17:01:25+08:00" level=info msg="[GNB][UE] UE AMF ID 269"
time="2026-08-11T17:01:25+08:00" level=info msg="[GNB][UE] UE Mobility Restrict --Plmn-- Mcc: 208 Mnc: 93"
time="2026-08-11T17:01:25+08:00" level=info msg="[GNB][UE] UE Masked Imeisv: 1110000000ffff00"
time="2026-08-11T17:01:25+08:00" level=info msg="[GNB][UE] Allowed Nssai-- Sst: [01 01] Sd: [010203 112233]"
time="2026-08-11T17:01:25+08:00" level=info msg="[GNB][NGAP][AMF] Send Initial Context Setup Response."
time="2026-08-11T17:01:25+08:00" level=info msg="[GNB] Initiating Initial Context Setup Response"
time="2026-08-11T17:01:25+08:00" level=info msg="[GNB][NGAP] No PDU Session to set up in InitialContextSetupResponse."
time="2026-08-11T17:01:25+08:00" level=info msg="[UE][NAS] Message with security header"
time="2026-08-11T17:01:25+08:00" level=info msg="[UE][NAS] Message with integrity and ciphered"
time="2026-08-11T17:01:25+08:00" level=info msg="[UE][NAS] successful NAS CIPHERING"
time="2026-08-11T17:01:25+08:00" level=info msg="[UE][NAS] successful NAS MAC verification"
time="2026-08-11T17:01:25+08:00" level=info msg="[UE][NAS] Receive Registration Accept"
time="2026-08-11T17:01:25+08:00" level=info msg="[UE][NAS] UE 5G GUTI: &{119 11 [242 2 248 57 202 254 0 0 0 0 207]}"
time="2026-08-11T17:01:25+08:00" level=info msg="[UE] Switched from state 2 to state 3"
time="2026-08-11T17:01:25+08:00" level=info msg="[TESTER] TESTING REGISTRATION USING IMSI 0000002009 UE"
time="2026-08-11T17:01:25+08:00" level=info msg="[GNB] Received incoming connection from new UE"
time="2026-08-11T17:01:25+08:00" level=info msg="[UE] Initiating Registration"
time="2026-08-11T17:01:25+08:00" level=info msg="[UE] Switched from state 0 to state 1"
time="2026-08-11T17:01:25+08:00" level=info msg="[TESTER] TESTING REGISTRATION USING IMSI 0000002010 UE"
time="2026-08-11T17:01:25+08:00" level=info msg="[GNB] Received incoming connection from new UE"
time="2026-08-11T17:01:25+08:00" level=info msg="[UE] Initiating Registration"
time="2026-08-11T17:01:25+08:00" level=info msg="[UE] Switched from state 0 to state 1"
time="2026-08-11T17:01:25+08:00" level=info msg="[GNB][SCTP] Receive message in 0 stream\n"
time="2026-08-11T17:01:25+08:00" level=info msg="[GNB][NGAP] Receive Downlink NAS Transport"
time="2026-08-11T17:01:25+08:00" level=info msg="[UE][NAS] Message without security header"
time="2026-08-11T17:01:25+08:00" level=info msg="[UE][NAS] Receive Authentication Request"
time="2026-08-11T17:01:25+08:00" level=info msg="[UE][NAS][MAC] Authenticity of the authentication request message: OK"
time="2026-08-11T17:01:25+08:00" level=info msg="[UE][NAS][SQN] SQN of the authentication request message: VALID"
time="2026-08-11T17:01:25+08:00" level=info msg="[UE][NAS] Send authentication response"
time="2026-08-11T17:01:25+08:00" level=info msg="[UE] Switched from state 1 to state 2"
time="2026-08-11T17:01:25+08:00" level=info msg="[GNB][SCTP] Receive message in 0 stream\n"
time="2026-08-11T17:01:25+08:00" level=info msg="[GNB][NGAP] Receive Downlink NAS Transport"
time="2026-08-11T17:01:25+08:00" level=info msg="[UE][NAS] Message with security header"
time="2026-08-11T17:01:25+08:00" level=info msg="[UE][NAS] Message with integrity and with NEW 5G NAS SECURITY CONTEXT"
time="2026-08-11T17:01:25+08:00" level=info msg="[UE][NAS] successful NAS MAC verification"
time="2026-08-11T17:01:25+08:00" level=info msg="[UE][NAS] Receive Security Mode Command"
time="2026-08-11T17:01:25+08:00" level=info msg="[UE][NAS] Type of ciphering algorithm is 5G-EA0"
time="2026-08-11T17:01:25+08:00" level=info msg="[UE][NAS] Type of integrity protection algorithm is 128-5G-IA2"
time="2026-08-11T17:01:25+08:00" level=info msg="[TESTER] TESTING REGISTRATION USING IMSI 0000002011 UE"
time="2026-08-11T17:01:25+08:00" level=info msg="[GNB] Received incoming connection from new UE"
time="2026-08-11T17:01:25+08:00" level=info msg="[UE] Initiating Registration"
time="2026-08-11T17:01:25+08:00" level=info msg="[UE] Switched from state 0 to state 1"
time="2026-08-11T17:01:26+08:00" level=info msg="[TESTER] TESTING REGISTRATION USING IMSI 0000002012 UE"
time="2026-08-11T17:01:26+08:00" level=info msg="[GNB] Received incoming connection from new UE"
time="2026-08-11T17:01:26+08:00" level=info msg="[UE] Initiating Registration"
time="2026-08-11T17:01:26+08:00" level=info msg="[UE] Switched from state 0 to state 1"
time="2026-08-11T17:01:26+08:00" level=info msg="[GNB][SCTP] Receive message in 0 stream\n"
time="2026-08-11T17:01:26+08:00" level=info msg="[GNB][NGAP] Receive Initial Context Setup Request"
time="2026-08-11T17:01:26+08:00" level=info msg="[GNB][UE] UE Context was created with successful"
time="2026-08-11T17:01:26+08:00" level=info msg="[GNB][UE] UE RAN ID 2"
time="2026-08-11T17:01:26+08:00" level=info msg="[GNB][UE] UE AMF ID 270"
time="2026-08-11T17:01:26+08:00" level=info msg="[GNB][UE] UE Mobility Restrict --Plmn-- Mcc: 208 Mnc: 93"
time="2026-08-11T17:01:26+08:00" level=info msg="[GNB][UE] UE Masked Imeisv: 1110000000ffff00"
time="2026-08-11T17:01:26+08:00" level=info msg="[GNB][UE] Allowed Nssai-- Sst: [01 01] Sd: [010203 112233]"
time="2026-08-11T17:01:26+08:00" level=info msg="[GNB][NGAP][AMF] Send Initial Context Setup Response."
time="2026-08-11T17:01:26+08:00" level=info msg="[GNB] Initiating Initial Context Setup Response"
time="2026-08-11T17:01:26+08:00" level=info msg="[GNB][NGAP] No PDU Session to set up in InitialContextSetupResponse."
time="2026-08-11T17:01:26+08:00" level=info msg="[UE][NAS] Message with security header"
time="2026-08-11T17:01:26+08:00" level=info msg="[UE][NAS] Message with integrity and ciphered"
time="2026-08-11T17:01:26+08:00" level=info msg="[UE][NAS] successful NAS CIPHERING"
time="2026-08-11T17:01:26+08:00" level=info msg="[UE][NAS] successful NAS MAC verification"
time="2026-08-11T17:01:26+08:00" level=info msg="[UE][NAS] Receive Registration Accept"
time="2026-08-11T17:01:26+08:00" level=info msg="[UE][NAS] UE 5G GUTI: &{119 11 [242 2 248 57 202 254 0 0 0 0 208]}"
time="2026-08-11T17:01:26+08:00" level=info msg="[UE] Switched from state 2 to state 3"
time="2026-08-11T17:01:26+08:00" level=info msg="[GNB][SCTP] Receive message in 0 stream\n"
time="2026-08-11T17:01:26+08:00" level=info msg="[GNB][NGAP] Receive Downlink NAS Transport"
time="2026-08-11T17:01:26+08:00" level=info msg="[UE][NAS] Message without security header"
time="2026-08-11T17:01:26+08:00" level=info msg="[UE][NAS] Receive Authentication Request"
time="2026-08-11T17:01:26+08:00" level=info msg="[UE][NAS][MAC] Authenticity of the authentication request message: OK"
time="2026-08-11T17:01:26+08:00" level=info msg="[UE][NAS][SQN] SQN of the authentication request message: VALID"
time="2026-08-11T17:01:26+08:00" level=info msg="[UE][NAS] Send authentication response"
time="2026-08-11T17:01:26+08:00" level=info msg="[UE] Switched from state 1 to state 2"
time="2026-08-11T17:01:26+08:00" level=info msg="[GNB][SCTP] Receive message in 0 stream\n"
time="2026-08-11T17:01:26+08:00" level=info msg="[GNB][NGAP] Receive Downlink NAS Transport"
time="2026-08-11T17:01:26+08:00" level=info msg="[UE][NAS] Message with security header"
time="2026-08-11T17:01:26+08:00" level=info msg="[UE][NAS] Message with integrity and ciphered"
time="2026-08-11T17:01:26+08:00" level=info msg="[UE][NAS] successful NAS CIPHERING"
time="2026-08-11T17:01:26+08:00" level=info msg="[UE][NAS] successful NAS MAC verification"
time="2026-08-11T17:01:26+08:00" level=info msg="[UE][NAS] Receive Configuration Update Command"
time="2026-08-11T17:01:26+08:00" level=info msg="[UE] Initiating Configuration Update Complete"
time="2026-08-11T17:01:26+08:00" level=info msg="[TESTER] TESTING REGISTRATION USING IMSI 0000002013 UE"
time="2026-08-11T17:01:26+08:00" level=info msg="[GNB] Received incoming connection from new UE"
time="2026-08-11T17:01:26+08:00" level=info msg="[UE] Initiating Registration"
time="2026-08-11T17:01:26+08:00" level=info msg="[UE] Switched from state 0 to state 1"
time="2026-08-11T17:01:26+08:00" level=info msg="[TESTER] TESTING REGISTRATION USING IMSI 0000002014 UE"
time="2026-08-11T17:01:26+08:00" level=info msg="[GNB] Received incoming connection from new UE"
time="2026-08-11T17:01:26+08:00" level=info msg="[UE] Initiating Registration"
time="2026-08-11T17:01:26+08:00" level=info msg="[UE] Switched from state 0 to state 1"
time="2026-08-11T17:01:26+08:00" level=info msg="[GNB][SCTP] Receive message in 0 stream\n"
time="2026-08-11T17:01:26+08:00" level=info msg="[GNB][NGAP] Receive Downlink NAS Transport"
time="2026-08-11T17:01:26+08:00" level=info msg="[UE][NAS] Message without security header"
time="2026-08-11T17:01:26+08:00" level=info msg="[UE][NAS] Receive Authentication Request"
time="2026-08-11T17:01:26+08:00" level=info msg="[UE][NAS][MAC] Authenticity of the authentication request message: OK"
time="2026-08-11T17:01:26+08:00" level=info msg="[UE][NAS][SQN] SQN of the authentication request message: VALID"
time="2026-08-11T17:01:26+08:00" level=info msg="[UE][NAS] Send authentication response"
time="2026-08-11T17:01:26+08:00" level=info msg="[UE] Switched from state 1 to state 2"
time="2026-08-11T17:01:26+08:00" level=info msg="[TESTER] TESTING REGISTRATION USING IMSI 0000002015 UE"
time="2026-08-11T17:01:26+08:00" level=info msg="[GNB] Received incoming connection from new UE"
time="2026-08-11T17:01:26+08:00" level=info msg="[UE] Initiating Registration"
time="2026-08-11T17:01:26+08:00" level=info msg="[UE] Switched from state 0 to state 1"
time="2026-08-11T17:01:26+08:00" level=info msg="[TESTER] TESTING REGISTRATION USING IMSI 0000002016 UE"
time="2026-08-11T17:01:26+08:00" level=info msg="[GNB][SCTP] Receive message in 0 stream\n"
time="2026-08-11T17:01:26+08:00" level=info msg="[GNB] Received incoming connection from new UE"
time="2026-08-11T17:01:26+08:00" level=info msg="[UE] Initiating Registration"
time="2026-08-11T17:01:26+08:00" level=info msg="[UE] Switched from state 0 to state 1"
time="2026-08-11T17:01:26+08:00" level=info msg="[GNB][NGAP] Receive Downlink NAS Transport"
time="2026-08-11T17:01:26+08:00" level=info msg="[UE][NAS] Message without security header"
time="2026-08-11T17:01:26+08:00" level=info msg="[UE][NAS] Receive Authentication Request"
time="2026-08-11T17:01:26+08:00" level=info msg="[UE][NAS][MAC] Authenticity of the authentication request message: OK"
time="2026-08-11T17:01:26+08:00" level=info msg="[UE][NAS][SQN] SQN of the authentication request message: VALID"
time="2026-08-11T17:01:26+08:00" level=info msg="[UE][NAS] Send authentication response"
time="2026-08-11T17:01:26+08:00" level=info msg="[UE] Switched from state 1 to state 2"
time="2026-08-11T17:01:26+08:00" level=info msg="[GNB][SCTP] Receive message in 0 stream\n"
time="2026-08-11T17:01:26+08:00" level=info msg="[GNB][NGAP] Receive Downlink NAS Transport"
time="2026-08-11T17:01:26+08:00" level=info msg="[UE][NAS] Message without security header"
time="2026-08-11T17:01:26+08:00" level=info msg="[UE][NAS] Receive Authentication Request"
time="2026-08-11T17:01:26+08:00" level=info msg="[GNB][SCTP] Receive message in 0 stream\n"
time="2026-08-11T17:01:26+08:00" level=info msg="[UE][NAS][MAC] Authenticity of the authentication request message: OK"
time="2026-08-11T17:01:26+08:00" level=info msg="[UE][NAS][SQN] SQN of the authentication request message: VALID"
time="2026-08-11T17:01:26+08:00" level=info msg="[UE][NAS] Send authentication response"
time="2026-08-11T17:01:26+08:00" level=info msg="[GNB][NGAP] Receive Downlink NAS Transport"
time="2026-08-11T17:01:26+08:00" level=info msg="[UE][NAS] Message with security header"
time="2026-08-11T17:01:26+08:00" level=info msg="[UE][NAS] Message with integrity and with NEW 5G NAS SECURITY CONTEXT"
time="2026-08-11T17:01:26+08:00" level=info msg="[UE][NAS] successful NAS MAC verification"
time="2026-08-11T17:01:26+08:00" level=info msg="[UE][NAS] Receive Security Mode Command"
time="2026-08-11T17:01:26+08:00" level=info msg="[UE][NAS] Type of ciphering algorithm is 5G-EA0"
time="2026-08-11T17:01:26+08:00" level=info msg="[UE][NAS] Type of integrity protection algorithm is 128-5G-IA2"
time="2026-08-11T17:01:26+08:00" level=info msg="[UE] Switched from state 1 to state 2"
time="2026-08-11T17:01:26+08:00" level=info msg="[GNB][SCTP] Receive message in 0 stream\n"
time="2026-08-11T17:01:26+08:00" level=info msg="[GNB][NGAP] Receive Downlink NAS Transport"
time="2026-08-11T17:01:26+08:00" level=info msg="[UE][NAS] Message without security header"
time="2026-08-11T17:01:26+08:00" level=info msg="[UE][NAS] Receive Authentication Request"
time="2026-08-11T17:01:26+08:00" level=info msg="[UE][NAS][MAC] Authenticity of the authentication request message: OK"
time="2026-08-11T17:01:26+08:00" level=info msg="[UE][NAS][SQN] SQN of the authentication request message: VALID"
time="2026-08-11T17:01:26+08:00" level=info msg="[UE][NAS] Send authentication response"
time="2026-08-11T17:01:26+08:00" level=info msg="[UE] Switched from state 1 to state 2"
time="2026-08-11T17:01:26+08:00" level=info msg="[TESTER] TESTING REGISTRATION USING IMSI 0000002017 UE"
time="2026-08-11T17:01:26+08:00" level=info msg="[GNB] Received incoming connection from new UE"
time="2026-08-11T17:01:26+08:00" level=info msg="[UE] Initiating Registration"
time="2026-08-11T17:01:26+08:00" level=info msg="[UE] Switched from state 0 to state 1"
time="2026-08-11T17:01:26+08:00" level=info msg="[GNB][SCTP] Receive message in 0 stream\n"
time="2026-08-11T17:01:26+08:00" level=info msg="[GNB][SCTP] Receive message in 0 stream\n"
time="2026-08-11T17:01:26+08:00" level=info msg="[GNB][NGAP] Receive Downlink NAS Transport"
time="2026-08-11T17:01:26+08:00" level=info msg="[UE][NAS] Message without security header"
time="2026-08-11T17:01:26+08:00" level=info msg="[UE][NAS] Receive Authentication Request"
time="2026-08-11T17:01:26+08:00" level=info msg="[UE][NAS][MAC] Authenticity of the authentication request message: OK"
time="2026-08-11T17:01:26+08:00" level=info msg="[UE][NAS][SQN] SQN of the authentication request message: VALID"
time="2026-08-11T17:01:26+08:00" level=info msg="[UE][NAS] Send authentication response"
time="2026-08-11T17:01:26+08:00" level=info msg="[GNB][NGAP] Receive Downlink NAS Transport"
time="2026-08-11T17:01:26+08:00" level=info msg="[UE][NAS] Message without security header"
time="2026-08-11T17:01:26+08:00" level=info msg="[UE][NAS] Receive Authentication Request"
time="2026-08-11T17:01:26+08:00" level=info msg="[UE][NAS][MAC] Authenticity of the authentication request message: OK"
time="2026-08-11T17:01:26+08:00" level=info msg="[UE][NAS][SQN] SQN of the authentication request message: VALID"
time="2026-08-11T17:01:26+08:00" level=info msg="[UE][NAS] Send authentication response"
time="2026-08-11T17:01:26+08:00" level=info msg="[UE] Switched from state 1 to state 2"
time="2026-08-11T17:01:26+08:00" level=info msg="[UE] Switched from state 1 to state 2"
time="2026-08-11T17:01:26+08:00" level=info msg="[TESTER] TESTING REGISTRATION USING IMSI 0000002018 UE"
time="2026-08-11T17:01:26+08:00" level=info msg="[GNB] Received incoming connection from new UE"
time="2026-08-11T17:01:26+08:00" level=info msg="[UE] Initiating Registration"
time="2026-08-11T17:01:26+08:00" level=info msg="[UE] Switched from state 0 to state 1"
time="2026-08-11T17:01:26+08:00" level=info msg="[TESTER] TESTING REGISTRATION USING IMSI 0000002019 UE"
time="2026-08-11T17:01:26+08:00" level=info msg="[GNB] Received incoming connection from new UE"
time="2026-08-11T17:01:26+08:00" level=info msg="[UE] Initiating Registration"
time="2026-08-11T17:01:26+08:00" level=info msg="[UE] Switched from state 0 to state 1"
time="2026-08-11T17:01:26+08:00" level=info msg="[GNB][SCTP] Receive message in 0 stream\n"
time="2026-08-11T17:01:26+08:00" level=info msg="[GNB][NGAP] Receive Downlink NAS Transport"
time="2026-08-11T17:01:26+08:00" level=info msg="[UE][NAS] Message with security header"
time="2026-08-11T17:01:26+08:00" level=info msg="[UE][NAS] Message with integrity and with NEW 5G NAS SECURITY CONTEXT"
time="2026-08-11T17:01:26+08:00" level=info msg="[UE][NAS] successful NAS MAC verification"
time="2026-08-11T17:01:26+08:00" level=info msg="[UE][NAS] Receive Security Mode Command"
time="2026-08-11T17:01:26+08:00" level=info msg="[UE][NAS] Type of ciphering algorithm is 5G-EA0"
time="2026-08-11T17:01:26+08:00" level=info msg="[UE][NAS] Type of integrity protection algorithm is 128-5G-IA2"
time="2026-08-11T17:01:26+08:00" level=info msg="[TESTER] TESTING REGISTRATION USING IMSI 0000002020 UE"
time="2026-08-11T17:01:26+08:00" level=info msg="[GNB] Received incoming connection from new UE"
time="2026-08-11T17:01:26+08:00" level=info msg="[UE] Initiating Registration"
time="2026-08-11T17:01:26+08:00" level=info msg="[UE] Switched from state 0 to state 1"
time="2026-08-11T17:01:26+08:00" level=info msg="[TESTER] TESTING REGISTRATION USING IMSI 0000002021 UE"
time="2026-08-11T17:01:26+08:00" level=info msg="[GNB] Received incoming connection from new UE"
time="2026-08-11T17:01:26+08:00" level=info msg="[UE] Initiating Registration"
time="2026-08-11T17:01:26+08:00" level=info msg="[UE] Switched from state 0 to state 1"
time="2026-08-11T17:01:26+08:00" level=info msg="[TESTER] TESTING REGISTRATION USING IMSI 0000002022 UE"
time="2026-08-11T17:01:26+08:00" level=info msg="[GNB] Received incoming connection from new UE"
time="2026-08-11T17:01:26+08:00" level=info msg="[UE] Initiating Registration"
time="2026-08-11T17:01:26+08:00" level=info msg="[UE] Switched from state 0 to state 1"
time="2026-08-11T17:01:26+08:00" level=info msg="[GNB][SCTP] Receive message in 0 stream\n"
time="2026-08-11T17:01:26+08:00" level=info msg="[GNB][NGAP] Receive Downlink NAS Transport"
time="2026-08-11T17:01:26+08:00" level=info msg="[UE][NAS] Message with security header"
time="2026-08-11T17:01:26+08:00" level=info msg="[UE][NAS] Message with integrity and with NEW 5G NAS SECURITY CONTEXT"
time="2026-08-11T17:01:26+08:00" level=info msg="[UE][NAS] successful NAS MAC verification"
time="2026-08-11T17:01:26+08:00" level=info msg="[UE][NAS] Receive Security Mode Command"
time="2026-08-11T17:01:26+08:00" level=info msg="[UE][NAS] Type of ciphering algorithm is 5G-EA0"
time="2026-08-11T17:01:26+08:00" level=info msg="[UE][NAS] Type of integrity protection algorithm is 128-5G-IA2"
time="2026-08-11T17:01:26+08:00" level=info msg="[GNB][SCTP] Receive message in 0 stream\n"
time="2026-08-11T17:01:26+08:00" level=info msg="[GNB][NGAP] Receive Downlink NAS Transport"
time="2026-08-11T17:01:26+08:00" level=info msg="[UE][NAS] Message with security header"
time="2026-08-11T17:01:26+08:00" level=info msg="[UE][NAS] Message with integrity and with NEW 5G NAS SECURITY CONTEXT"
time="2026-08-11T17:01:26+08:00" level=info msg="[UE][NAS] successful NAS MAC verification"
time="2026-08-11T17:01:26+08:00" level=info msg="[UE][NAS] Receive Security Mode Command"
time="2026-08-11T17:01:26+08:00" level=info msg="[UE][NAS] Type of ciphering algorithm is 5G-EA0"
time="2026-08-11T17:01:26+08:00" level=info msg="[UE][NAS] Type of integrity protection algorithm is 128-5G-IA2"
time="2026-08-11T17:01:26+08:00" level=info msg="[GNB][SCTP] Receive message in 0 stream\n"
time="2026-08-11T17:01:26+08:00" level=info msg="[GNB][NGAP] Receive Downlink NAS Transport"
time="2026-08-11T17:01:26+08:00" level=info msg="[UE][NAS] Message without security header"
time="2026-08-11T17:01:26+08:00" level=info msg="[UE][NAS] Receive Authentication Request"
time="2026-08-11T17:01:26+08:00" level=info msg="[UE][NAS][MAC] Authenticity of the authentication request message: OK"
time="2026-08-11T17:01:26+08:00" level=info msg="[UE][NAS][SQN] SQN of the authentication request message: VALID"
time="2026-08-11T17:01:26+08:00" level=info msg="[UE][NAS] Send authentication response"
time="2026-08-11T17:01:26+08:00" level=info msg="[UE] Switched from state 1 to state 2"
time="2026-08-11T17:01:26+08:00" level=info msg="[GNB][SCTP] Receive message in 0 stream\n"
time="2026-08-11T17:01:26+08:00" level=info msg="[GNB][NGAP] Receive Downlink NAS Transport"
time="2026-08-11T17:01:26+08:00" level=info msg="[UE][NAS] Message without security header"
time="2026-08-11T17:01:26+08:00" level=info msg="[UE][NAS] Receive Authentication Request"
time="2026-08-11T17:01:26+08:00" level=info msg="[UE][NAS][MAC] Authenticity of the authentication request message: OK"
time="2026-08-11T17:01:26+08:00" level=info msg="[UE][NAS][SQN] SQN of the authentication request message: VALID"
time="2026-08-11T17:01:26+08:00" level=info msg="[UE][NAS] Send authentication response"
time="2026-08-11T17:01:26+08:00" level=info msg="[GNB][SCTP] Receive message in 0 stream\n"
time="2026-08-11T17:01:26+08:00" level=info msg="[UE] Switched from state 1 to state 2"
time="2026-08-11T17:01:26+08:00" level=info msg="[GNB][NGAP] Receive Downlink NAS Transport"
time="2026-08-11T17:01:26+08:00" level=info msg="[GNB][SCTP] Receive message in 0 stream\n"
time="2026-08-11T17:01:26+08:00" level=info msg="[UE][NAS] Message with security header"
time="2026-08-11T17:01:26+08:00" level=info msg="[UE][NAS] Message with integrity and ciphered"
time="2026-08-11T17:01:26+08:00" level=info msg="[UE][NAS] successful NAS CIPHERING"
time="2026-08-11T17:01:26+08:00" level=info msg="[UE][NAS] successful NAS MAC verification"
time="2026-08-11T17:01:26+08:00" level=info msg="[UE][NAS] Receive Configuration Update Command"
time="2026-08-11T17:01:26+08:00" level=info msg="[UE] Initiating Configuration Update Complete"
time="2026-08-11T17:01:26+08:00" level=info msg="[GNB][NGAP] Receive Downlink NAS Transport"
time="2026-08-11T17:01:26+08:00" level=info msg="[UE][NAS] Message without security header"
time="2026-08-11T17:01:26+08:00" level=info msg="[UE][NAS] Receive Authentication Request"
time="2026-08-11T17:01:26+08:00" level=info msg="[UE][NAS][MAC] Authenticity of the authentication request message: OK"
time="2026-08-11T17:01:26+08:00" level=info msg="[UE][NAS][SQN] SQN of the authentication request message: VALID"
time="2026-08-11T17:01:26+08:00" level=info msg="[UE][NAS] Send authentication response"
time="2026-08-11T17:01:26+08:00" level=info msg="[UE] Switched from state 1 to state 2"
time="2026-08-11T17:01:26+08:00" level=info msg="[TESTER] TESTING REGISTRATION USING IMSI 0000002023 UE"
time="2026-08-11T17:01:26+08:00" level=info msg="[GNB] Received incoming connection from new UE"
time="2026-08-11T17:01:26+08:00" level=info msg="[UE] Initiating Registration"
time="2026-08-11T17:01:26+08:00" level=info msg="[UE] Switched from state 0 to state 1"
time="2026-08-11T17:01:26+08:00" level=info msg="[TESTER] TESTING REGISTRATION USING IMSI 0000002024 UE"
time="2026-08-11T17:01:26+08:00" level=info msg="[GNB] Received incoming connection from new UE"
time="2026-08-11T17:01:26+08:00" level=info msg="[UE] Initiating Registration"
time="2026-08-11T17:01:26+08:00" level=info msg="[UE] Switched from state 0 to state 1"
time="2026-08-11T17:01:26+08:00" level=info msg="[GNB][SCTP] Receive message in 0 stream\n"
time="2026-08-11T17:01:26+08:00" level=info msg="[GNB][SCTP] Receive message in 0 stream\n"
time="2026-08-11T17:01:26+08:00" level=info msg="[GNB][NGAP] Receive Downlink NAS Transport"
time="2026-08-11T17:01:26+08:00" level=info msg="[UE][NAS] Message with security header"
time="2026-08-11T17:01:26+08:00" level=info msg="[UE][NAS] Message with integrity and with NEW 5G NAS SECURITY CONTEXT"
time="2026-08-11T17:01:26+08:00" level=info msg="[UE][NAS] successful NAS MAC verification"
time="2026-08-11T17:01:26+08:00" level=info msg="[UE][NAS] Receive Security Mode Command"
time="2026-08-11T17:01:26+08:00" level=info msg="[UE][NAS] Type of ciphering algorithm is 5G-EA0"
time="2026-08-11T17:01:26+08:00" level=info msg="[UE][NAS] Type of integrity protection algorithm is 128-5G-IA2"
time="2026-08-11T17:01:26+08:00" level=info msg="[GNB][NGAP] Receive Downlink NAS Transport"
time="2026-08-11T17:01:26+08:00" level=info msg="[UE][NAS] Message with security header"
time="2026-08-11T17:01:26+08:00" level=info msg="[UE][NAS] Message with integrity and with NEW 5G NAS SECURITY CONTEXT"
time="2026-08-11T17:01:26+08:00" level=info msg="[UE][NAS] successful NAS MAC verification"
time="2026-08-11T17:01:26+08:00" level=info msg="[UE][NAS] Receive Security Mode Command"
time="2026-08-11T17:01:26+08:00" level=info msg="[UE][NAS] Type of ciphering algorithm is 5G-EA0"
time="2026-08-11T17:01:26+08:00" level=info msg="[UE][NAS] Type of integrity protection algorithm is 128-5G-IA2"
time="2026-08-11T17:01:26+08:00" level=info msg="[GNB][SCTP] Receive message in 0 stream\n"
time="2026-08-11T17:01:26+08:00" level=info msg="[GNB][NGAP] Receive Downlink NAS Transport"
time="2026-08-11T17:01:26+08:00" level=info msg="[UE][NAS] Message without security header"
time="2026-08-11T17:01:26+08:00" level=info msg="[UE][NAS] Receive Authentication Request"
time="2026-08-11T17:01:26+08:00" level=info msg="[UE][NAS][MAC] Authenticity of the authentication request message: OK"
time="2026-08-11T17:01:26+08:00" level=info msg="[UE][NAS][SQN] SQN of the authentication request message: VALID"
time="2026-08-11T17:01:26+08:00" level=info msg="[UE][NAS] Send authentication response"
time="2026-08-11T17:01:26+08:00" level=info msg="[UE] Switched from state 1 to state 2"
time="2026-08-11T17:01:26+08:00" level=info msg="[TESTER] TESTING REGISTRATION USING IMSI 0000002025 UE"
time="2026-08-11T17:01:26+08:00" level=info msg="[GNB] Received incoming connection from new UE"
time="2026-08-11T17:01:26+08:00" level=info msg="[UE] Initiating Registration"
time="2026-08-11T17:01:26+08:00" level=info msg="[UE] Switched from state 0 to state 1"
time="2026-08-11T17:01:26+08:00" level=info msg="[GNB][SCTP] Receive message in 0 stream\n"
time="2026-08-11T17:01:26+08:00" level=info msg="[GNB][NGAP] Receive Downlink NAS Transport"
time="2026-08-11T17:01:26+08:00" level=info msg="[UE][NAS] Message without security header"
time="2026-08-11T17:01:26+08:00" level=info msg="[UE][NAS] Receive Authentication Request"
time="2026-08-11T17:01:26+08:00" level=info msg="[UE][NAS][MAC] Authenticity of the authentication request message: OK"
time="2026-08-11T17:01:26+08:00" level=info msg="[UE][NAS][SQN] SQN of the authentication request message: VALID"
time="2026-08-11T17:01:26+08:00" level=info msg="[UE][NAS] Send authentication response"
time="2026-08-11T17:01:26+08:00" level=info msg="[UE] Switched from state 1 to state 2"
time="2026-08-11T17:01:26+08:00" level=info msg="[TESTER] TESTING REGISTRATION USING IMSI 0000002026 UE"
time="2026-08-11T17:01:26+08:00" level=info msg="[GNB] Received incoming connection from new UE"
time="2026-08-11T17:01:26+08:00" level=info msg="[UE] Initiating Registration"
time="2026-08-11T17:01:26+08:00" level=info msg="[UE] Switched from state 0 to state 1"
time="2026-08-11T17:01:26+08:00" level=info msg="[TESTER] TESTING REGISTRATION USING IMSI 0000002027 UE"
time="2026-08-11T17:01:26+08:00" level=info msg="[GNB] Received incoming connection from new UE"
time="2026-08-11T17:01:26+08:00" level=info msg="[UE] Initiating Registration"
time="2026-08-11T17:01:26+08:00" level=info msg="[UE] Switched from state 0 to state 1"
time="2026-08-11T17:01:26+08:00" level=info msg="[GNB][SCTP] Receive message in 0 stream\n"
time="2026-08-11T17:01:26+08:00" level=info msg="[GNB][NGAP] Receive Downlink NAS Transport"
time="2026-08-11T17:01:26+08:00" level=info msg="[UE][NAS] Message without security header"
time="2026-08-11T17:01:26+08:00" level=info msg="[UE][NAS] Receive Authentication Request"
time="2026-08-11T17:01:26+08:00" level=info msg="[UE][NAS][MAC] Authenticity of the authentication request message: OK"
time="2026-08-11T17:01:26+08:00" level=info msg="[UE][NAS][SQN] SQN of the authentication request message: VALID"
time="2026-08-11T17:01:26+08:00" level=info msg="[UE][NAS] Send authentication response"
time="2026-08-11T17:01:26+08:00" level=info msg="[UE] Switched from state 1 to state 2"
time="2026-08-11T17:01:26+08:00" level=info msg="[TESTER] TESTING REGISTRATION USING IMSI 0000002028 UE"
time="2026-08-11T17:01:26+08:00" level=info msg="[GNB] Received incoming connection from new UE"
time="2026-08-11T17:01:26+08:00" level=info msg="[UE] Initiating Registration"
time="2026-08-11T17:01:26+08:00" level=info msg="[UE] Switched from state 0 to state 1"
time="2026-08-11T17:01:26+08:00" level=info msg="[TESTER] TESTING REGISTRATION USING IMSI 0000002029 UE"
time="2026-08-11T17:01:26+08:00" level=info msg="[GNB] Received incoming connection from new UE"
time="2026-08-11T17:01:26+08:00" level=info msg="[UE] Initiating Registration"
time="2026-08-11T17:01:26+08:00" level=info msg="[UE] Switched from state 0 to state 1"
time="2026-08-11T17:01:26+08:00" level=info msg="[GNB][SCTP] Receive message in 0 stream\n"
time="2026-08-11T17:01:26+08:00" level=info msg="[TESTER] TESTING REGISTRATION USING IMSI 0000002030 UE"
time="2026-08-11T17:01:26+08:00" level=info msg="[GNB] Received incoming connection from new UE"
time="2026-08-11T17:01:26+08:00" level=info msg="[UE] Initiating Registration"
time="2026-08-11T17:01:26+08:00" level=info msg="[UE] Switched from state 0 to state 1"
time="2026-08-11T17:01:26+08:00" level=info msg="[GNB][NGAP] Receive Downlink NAS Transport"
time="2026-08-11T17:01:26+08:00" level=info msg="[UE][NAS] Message with security header"
time="2026-08-11T17:01:26+08:00" level=info msg="[UE][NAS] Message with integrity and with NEW 5G NAS SECURITY CONTEXT"
time="2026-08-11T17:01:26+08:00" level=info msg="[UE][NAS] successful NAS MAC verification"
time="2026-08-11T17:01:26+08:00" level=info msg="[UE][NAS] Receive Security Mode Command"
time="2026-08-11T17:01:26+08:00" level=info msg="[UE][NAS] Type of ciphering algorithm is 5G-EA0"
time="2026-08-11T17:01:26+08:00" level=info msg="[UE][NAS] Type of integrity protection algorithm is 128-5G-IA2"
time="2026-08-11T17:01:27+08:00" level=info msg="[TESTER] TESTING REGISTRATION USING IMSI 0000002031 UE"
time="2026-08-11T17:01:27+08:00" level=info msg="[GNB] Received incoming connection from new UE"
time="2026-08-11T17:01:27+08:00" level=info msg="[UE] Initiating Registration"
time="2026-08-11T17:01:27+08:00" level=info msg="[UE] Switched from state 0 to state 1"
time="2026-08-11T17:01:27+08:00" level=info msg="[GNB][SCTP] Receive message in 0 stream\n"
time="2026-08-11T17:01:27+08:00" level=info msg="[TESTER] TESTING REGISTRATION USING IMSI 0000002032 UE"
time="2026-08-11T17:01:27+08:00" level=info msg="[GNB] Received incoming connection from new UE"
time="2026-08-11T17:01:27+08:00" level=info msg="[GNB][NGAP] Receive Downlink NAS Transport"
time="2026-08-11T17:01:27+08:00" level=info msg="[UE][NAS] Message without security header"
time="2026-08-11T17:01:27+08:00" level=info msg="[UE][NAS] Receive Authentication Request"
time="2026-08-11T17:01:27+08:00" level=info msg="[UE][NAS][MAC] Authenticity of the authentication request message: OK"
time="2026-08-11T17:01:27+08:00" level=info msg="[UE][NAS][SQN] SQN of the authentication request message: VALID"
time="2026-08-11T17:01:27+08:00" level=info msg="[UE][NAS] Send authentication response"
time="2026-08-11T17:01:27+08:00" level=info msg="[UE] Initiating Registration"
time="2026-08-11T17:01:27+08:00" level=info msg="[UE] Switched from state 1 to state 2"
time="2026-08-11T17:01:27+08:00" level=info msg="[UE] Switched from state 0 to state 1"
time="2026-08-11T17:01:27+08:00" level=info msg="[TESTER] TESTING REGISTRATION USING IMSI 0000002033 UE"
time="2026-08-11T17:01:27+08:00" level=info msg="[GNB] Received incoming connection from new UE"
time="2026-08-11T17:01:27+08:00" level=info msg="[UE] Initiating Registration"
time="2026-08-11T17:01:27+08:00" level=info msg="[UE] Switched from state 0 to state 1"
time="2026-08-11T17:01:27+08:00" level=info msg="[GNB][SCTP] Receive message in 0 stream\n"
time="2026-08-11T17:01:27+08:00" level=info msg="[GNB][NGAP] Receive Downlink NAS Transport"
time="2026-08-11T17:01:27+08:00" level=info msg="[UE][NAS] Message without security header"
time="2026-08-11T17:01:27+08:00" level=info msg="[UE][NAS] Receive Authentication Request"
time="2026-08-11T17:01:27+08:00" level=info msg="[UE][NAS][MAC] Authenticity of the authentication request message: OK"
time="2026-08-11T17:01:27+08:00" level=info msg="[UE][NAS][SQN] SQN of the authentication request message: VALID"
time="2026-08-11T17:01:27+08:00" level=info msg="[UE][NAS] Send authentication response"
time="2026-08-11T17:01:27+08:00" level=info msg="[UE] Switched from state 1 to state 2"
time="2026-08-11T17:01:27+08:00" level=info msg="[TESTER] TESTING REGISTRATION USING IMSI 0000002034 UE"
time="2026-08-11T17:01:27+08:00" level=info msg="[GNB] Received incoming connection from new UE"
time="2026-08-11T17:01:27+08:00" level=info msg="[UE] Initiating Registration"
time="2026-08-11T17:01:27+08:00" level=info msg="[UE] Switched from state 0 to state 1"
time="2026-08-11T17:01:27+08:00" level=info msg="[TESTER] TESTING REGISTRATION USING IMSI 0000002035 UE"
time="2026-08-11T17:01:27+08:00" level=info msg="[GNB] Received incoming connection from new UE"
time="2026-08-11T17:01:27+08:00" level=info msg="[UE] Initiating Registration"
time="2026-08-11T17:01:27+08:00" level=info msg="[UE] Switched from state 0 to state 1"
time="2026-08-11T17:01:27+08:00" level=info msg="[TESTER] TESTING REGISTRATION USING IMSI 0000002036 UE"
time="2026-08-11T17:01:27+08:00" level=info msg="[GNB] Received incoming connection from new UE"
time="2026-08-11T17:01:27+08:00" level=info msg="[UE] Initiating Registration"
time="2026-08-11T17:01:27+08:00" level=info msg="[UE] Switched from state 0 to state 1"
time="2026-08-11T17:01:27+08:00" level=info msg="[TESTER] TESTING REGISTRATION USING IMSI 0000002037 UE"
time="2026-08-11T17:01:27+08:00" level=info msg="[GNB] Received incoming connection from new UE"
time="2026-08-11T17:01:27+08:00" level=info msg="[UE] Initiating Registration"
time="2026-08-11T17:01:27+08:00" level=info msg="[UE] Switched from state 0 to state 1"
time="2026-08-11T17:01:27+08:00" level=info msg="[TESTER] TESTING REGISTRATION USING IMSI 0000002038 UE"
time="2026-08-11T17:01:27+08:00" level=info msg="[GNB] Received incoming connection from new UE"
time="2026-08-11T17:01:27+08:00" level=info msg="[UE] Initiating Registration"
time="2026-08-11T17:01:27+08:00" level=info msg="[UE] Switched from state 0 to state 1"
time="2026-08-11T17:01:27+08:00" level=info msg="[TESTER] TESTING REGISTRATION USING IMSI 0000002039 UE"
time="2026-08-11T17:01:27+08:00" level=info msg="[GNB] Received incoming connection from new UE"
time="2026-08-11T17:01:27+08:00" level=info msg="[UE] Initiating Registration"
time="2026-08-11T17:01:27+08:00" level=info msg="[UE] Switched from state 0 to state 1"
time="2026-08-11T17:01:27+08:00" level=info msg="[TESTER] TESTING REGISTRATION USING IMSI 0000002040 UE"
time="2026-08-11T17:01:27+08:00" level=info msg="[GNB] Received incoming connection from new UE"
time="2026-08-11T17:01:27+08:00" level=info msg="[UE] Initiating Registration"
time="2026-08-11T17:01:27+08:00" level=info msg="[UE] Switched from state 0 to state 1"
time="2026-08-11T17:01:27+08:00" level=info msg="[TESTER] TESTING REGISTRATION USING IMSI 0000002041 UE"
time="2026-08-11T17:01:27+08:00" level=info msg="[GNB] Received incoming connection from new UE"
time="2026-08-11T17:01:27+08:00" level=info msg="[UE] Initiating Registration"
time="2026-08-11T17:01:27+08:00" level=info msg="[UE] Switched from state 0 to state 1"
time="2026-08-11T17:01:27+08:00" level=info msg="[TESTER] TESTING REGISTRATION USING IMSI 0000002042 UE"
time="2026-08-11T17:01:27+08:00" level=info msg="[GNB] Received incoming connection from new UE"
time="2026-08-11T17:01:27+08:00" level=info msg="[UE] Initiating Registration"
time="2026-08-11T17:01:27+08:00" level=info msg="[UE] Switched from state 0 to state 1"
time="2026-08-11T17:01:27+08:00" level=info msg="[GNB][SCTP] Receive message in 0 stream\n"
time="2026-08-11T17:01:27+08:00" level=info msg="[GNB][NGAP] Receive Initial Context Setup Request"
time="2026-08-11T17:01:27+08:00" level=info msg="[GNB][UE] UE Context was created with successful"
time="2026-08-11T17:01:27+08:00" level=info msg="[GNB][UE] UE RAN ID 8"
time="2026-08-11T17:01:27+08:00" level=info msg="[GNB][UE] UE AMF ID 274"
time="2026-08-11T17:01:27+08:00" level=info msg="[GNB][UE] UE Mobility Restrict --Plmn-- Mcc: 208 Mnc: 93"
time="2026-08-11T17:01:27+08:00" level=info msg="[GNB][UE] UE Masked Imeisv: 1110000000ffff00"
time="2026-08-11T17:01:27+08:00" level=info msg="[GNB][UE] Allowed Nssai-- Sst: [01 01] Sd: [010203 112233]"
time="2026-08-11T17:01:27+08:00" level=info msg="[GNB][NGAP][AMF] Send Initial Context Setup Response."
time="2026-08-11T17:01:27+08:00" level=info msg="[GNB] Initiating Initial Context Setup Response"
time="2026-08-11T17:01:27+08:00" level=info msg="[GNB][NGAP] No PDU Session to set up in InitialContextSetupResponse."
time="2026-08-11T17:01:27+08:00" level=info msg="[UE][NAS] Message with security header"
time="2026-08-11T17:01:27+08:00" level=info msg="[UE][NAS] Message with integrity and ciphered"
time="2026-08-11T17:01:27+08:00" level=info msg="[UE][NAS] successful NAS CIPHERING"
time="2026-08-11T17:01:27+08:00" level=info msg="[UE][NAS] successful NAS MAC verification"
time="2026-08-11T17:01:27+08:00" level=info msg="[UE][NAS] Receive Registration Accept"
time="2026-08-11T17:01:27+08:00" level=info msg="[UE][NAS] UE 5G GUTI: &{119 11 [242 2 248 57 202 254 0 0 0 0 212]}"
time="2026-08-11T17:01:27+08:00" level=info msg="[UE] Switched from state 2 to state 3"
time="2026-08-11T17:01:27+08:00" level=info msg="[TESTER] TESTING REGISTRATION USING IMSI 0000002043 UE"
time="2026-08-11T17:01:27+08:00" level=info msg="[GNB] Received incoming connection from new UE"
time="2026-08-11T17:01:27+08:00" level=info msg="[UE] Initiating Registration"
time="2026-08-11T17:01:27+08:00" level=info msg="[UE] Switched from state 0 to state 1"
time="2026-08-11T17:01:27+08:00" level=info msg="[GNB][SCTP] Receive message in 0 stream\n"
time="2026-08-11T17:01:27+08:00" level=info msg="[GNB][NGAP] Receive Downlink NAS Transport"
time="2026-08-11T17:01:27+08:00" level=info msg="[UE][NAS] Message with security header"
time="2026-08-11T17:01:27+08:00" level=info msg="[UE][NAS] Message with integrity and with NEW 5G NAS SECURITY CONTEXT"
time="2026-08-11T17:01:27+08:00" level=info msg="[UE][NAS] successful NAS MAC verification"
time="2026-08-11T17:01:27+08:00" level=info msg="[UE][NAS] Receive Security Mode Command"
time="2026-08-11T17:01:27+08:00" level=info msg="[UE][NAS] Type of ciphering algorithm is 5G-EA0"
time="2026-08-11T17:01:27+08:00" level=info msg="[UE][NAS] Type of integrity protection algorithm is 128-5G-IA2"
time="2026-08-11T17:01:27+08:00" level=info msg="[TESTER] TESTING REGISTRATION USING IMSI 0000002044 UE"
time="2026-08-11T17:01:27+08:00" level=info msg="[GNB] Received incoming connection from new UE"
time="2026-08-11T17:01:27+08:00" level=info msg="[UE] Initiating Registration"
time="2026-08-11T17:01:27+08:00" level=info msg="[UE] Switched from state 0 to state 1"
time="2026-08-11T17:01:27+08:00" level=info msg="[GNB][SCTP] Receive message in 0 stream\n"
time="2026-08-11T17:01:27+08:00" level=info msg="[GNB][NGAP] Receive Initial Context Setup Request"
time="2026-08-11T17:01:27+08:00" level=info msg="[GNB][UE] UE Context was created with successful"
time="2026-08-11T17:01:27+08:00" level=info msg="[GNB][UE] UE RAN ID 7"
time="2026-08-11T17:01:27+08:00" level=info msg="[GNB][UE] UE AMF ID 276"
time="2026-08-11T17:01:27+08:00" level=info msg="[GNB][UE] UE Mobility Restrict --Plmn-- Mcc: 208 Mnc: 93"
time="2026-08-11T17:01:27+08:00" level=info msg="[GNB][UE] UE Masked Imeisv: 1110000000ffff00"
time="2026-08-11T17:01:27+08:00" level=info msg="[GNB][UE] Allowed Nssai-- Sst: [01 01] Sd: [010203 112233]"
time="2026-08-11T17:01:27+08:00" level=info msg="[GNB][NGAP][AMF] Send Initial Context Setup Response."
time="2026-08-11T17:01:27+08:00" level=info msg="[GNB] Initiating Initial Context Setup Response"
time="2026-08-11T17:01:27+08:00" level=info msg="[GNB][NGAP] No PDU Session to set up in InitialContextSetupResponse."
time="2026-08-11T17:01:27+08:00" level=info msg="[UE][NAS] Message with security header"
time="2026-08-11T17:01:27+08:00" level=info msg="[UE][NAS] Message with integrity and ciphered"
time="2026-08-11T17:01:27+08:00" level=info msg="[UE][NAS] successful NAS CIPHERING"
time="2026-08-11T17:01:27+08:00" level=info msg="[UE][NAS] successful NAS MAC verification"
time="2026-08-11T17:01:27+08:00" level=info msg="[UE][NAS] Receive Registration Accept"
time="2026-08-11T17:01:27+08:00" level=info msg="[UE][NAS] UE 5G GUTI: &{119 11 [242 2 248 57 202 254 0 0 0 0 214]}"
time="2026-08-11T17:01:27+08:00" level=info msg="[UE] Switched from state 2 to state 3"
time="2026-08-11T17:01:27+08:00" level=info msg="[TESTER] TESTING REGISTRATION USING IMSI 0000002045 UE"
time="2026-08-11T17:01:27+08:00" level=info msg="[GNB] Received incoming connection from new UE"
time="2026-08-11T17:01:27+08:00" level=info msg="[UE] Initiating Registration"
time="2026-08-11T17:01:27+08:00" level=info msg="[UE] Switched from state 0 to state 1"
time="2026-08-11T17:01:27+08:00" level=info msg="[TESTER] TESTING REGISTRATION USING IMSI 0000002046 UE"
time="2026-08-11T17:01:27+08:00" level=info msg="[GNB] Received incoming connection from new UE"
time="2026-08-11T17:01:27+08:00" level=info msg="[UE] Initiating Registration"
time="2026-08-11T17:01:27+08:00" level=info msg="[UE] Switched from state 0 to state 1"
time="2026-08-11T17:01:27+08:00" level=info msg="[TESTER] TESTING REGISTRATION USING IMSI 0000002047 UE"
time="2026-08-11T17:01:27+08:00" level=info msg="[GNB] Received incoming connection from new UE"
time="2026-08-11T17:01:27+08:00" level=info msg="[UE] Initiating Registration"
time="2026-08-11T17:01:27+08:00" level=info msg="[UE] Switched from state 0 to state 1"
time="2026-08-11T17:01:27+08:00" level=info msg="[TESTER] TESTING REGISTRATION USING IMSI 0000002048 UE"
time="2026-08-11T17:01:27+08:00" level=info msg="[GNB] Received incoming connection from new UE"
time="2026-08-11T17:01:27+08:00" level=info msg="[UE] Initiating Registration"
time="2026-08-11T17:01:27+08:00" level=info msg="[UE] Switched from state 0 to state 1"
time="2026-08-11T17:01:27+08:00" level=info msg="[TESTER] TESTING REGISTRATION USING IMSI 0000002049 UE"
time="2026-08-11T17:01:27+08:00" level=info msg="[GNB] Received incoming connection from new UE"
time="2026-08-11T17:01:27+08:00" level=info msg="[UE] Initiating Registration"
time="2026-08-11T17:01:27+08:00" level=info msg="[UE] Switched from state 0 to state 1"
time="2026-08-11T17:01:27+08:00" level=info msg="[TESTER] TESTING REGISTRATION USING IMSI 0000002050 UE"
time="2026-08-11T17:01:27+08:00" level=info msg="[GNB] Received incoming connection from new UE"
time="2026-08-11T17:01:27+08:00" level=info msg="[UE] Initiating Registration"
time="2026-08-11T17:01:27+08:00" level=info msg="[UE] Switched from state 0 to state 1"
time="2026-08-11T17:01:28+08:00" level=info msg="[TESTER] TESTING REGISTRATION USING IMSI 0000002051 UE"
time="2026-08-11T17:01:28+08:00" level=info msg="[GNB] Received incoming connection from new UE"
time="2026-08-11T17:01:28+08:00" level=info msg="[UE] Initiating Registration"
time="2026-08-11T17:01:28+08:00" level=info msg="[UE] Switched from state 0 to state 1"
time="2026-08-11T17:01:28+08:00" level=info msg="[GNB][SCTP] Receive message in 0 stream\n"
time="2026-08-11T17:01:28+08:00" level=info msg="[GNB][SCTP] Receive message in 0 stream\n"
time="2026-08-11T17:01:28+08:00" level=info msg="[GNB][NGAP] Receive Initial Context Setup Request"
time="2026-08-11T17:01:28+08:00" level=info msg="[GNB][UE] UE Context was created with successful"
time="2026-08-11T17:01:28+08:00" level=info msg="[GNB][UE] UE RAN ID 4"
time="2026-08-11T17:01:28+08:00" level=info msg="[GNB][UE] UE AMF ID 272"
time="2026-08-11T17:01:28+08:00" level=info msg="[GNB][UE] UE Mobility Restrict --Plmn-- Mcc: 208 Mnc: 93"
time="2026-08-11T17:01:28+08:00" level=info msg="[GNB][UE] UE Masked Imeisv: 1110000000ffff00"
time="2026-08-11T17:01:28+08:00" level=info msg="[GNB][UE] Allowed Nssai-- Sst: [01 01] Sd: [010203 112233]"
time="2026-08-11T17:01:28+08:00" level=info msg="[GNB][NGAP][AMF] Send Initial Context Setup Response."
time="2026-08-11T17:01:28+08:00" level=info msg="[GNB] Initiating Initial Context Setup Response"
time="2026-08-11T17:01:28+08:00" level=info msg="[GNB][NGAP] No PDU Session to set up in InitialContextSetupResponse."
time="2026-08-11T17:01:28+08:00" level=info msg="[UE][NAS] Message with security header"
time="2026-08-11T17:01:28+08:00" level=info msg="[UE][NAS] Message with integrity and ciphered"
time="2026-08-11T17:01:28+08:00" level=info msg="[UE][NAS] successful NAS CIPHERING"
time="2026-08-11T17:01:28+08:00" level=info msg="[UE][NAS] successful NAS MAC verification"
time="2026-08-11T17:01:28+08:00" level=info msg="[UE][NAS] Receive Registration Accept"
time="2026-08-11T17:01:28+08:00" level=info msg="[UE][NAS] UE 5G GUTI: &{119 11 [242 2 248 57 202 254 0 0 0 0 210]}"
time="2026-08-11T17:01:28+08:00" level=info msg="[UE] Switched from state 2 to state 3"
time="2026-08-11T17:01:28+08:00" level=info msg="[GNB][NGAP] Receive Initial Context Setup Request"
time="2026-08-11T17:01:28+08:00" level=info msg="[GNB][UE] UE Context was created with successful"
time="2026-08-11T17:01:28+08:00" level=info msg="[GNB][UE] UE RAN ID 3"
time="2026-08-11T17:01:28+08:00" level=info msg="[GNB][UE] UE AMF ID 271"
time="2026-08-11T17:01:28+08:00" level=info msg="[GNB][UE] UE Mobility Restrict --Plmn-- Mcc: 208 Mnc: 93"
time="2026-08-11T17:01:28+08:00" level=info msg="[GNB][UE] UE Masked Imeisv: 1110000000ffff00"
time="2026-08-11T17:01:28+08:00" level=info msg="[GNB][UE] Allowed Nssai-- Sst: [01 01] Sd: [010203 112233]"
time="2026-08-11T17:01:28+08:00" level=info msg="[GNB][NGAP][AMF] Send Initial Context Setup Response."
time="2026-08-11T17:01:28+08:00" level=info msg="[GNB] Initiating Initial Context Setup Response"
time="2026-08-11T17:01:28+08:00" level=info msg="[GNB][NGAP] No PDU Session to set up in InitialContextSetupResponse."
time="2026-08-11T17:01:28+08:00" level=info msg="[UE][NAS] Message with security header"
time="2026-08-11T17:01:28+08:00" level=info msg="[UE][NAS] Message with integrity and ciphered"
time="2026-08-11T17:01:28+08:00" level=info msg="[UE][NAS] successful NAS CIPHERING"
time="2026-08-11T17:01:28+08:00" level=info msg="[UE][NAS] successful NAS MAC verification"
time="2026-08-11T17:01:28+08:00" level=info msg="[UE][NAS] Receive Registration Accept"
time="2026-08-11T17:01:28+08:00" level=info msg="[UE][NAS] UE 5G GUTI: &{119 11 [242 2 248 57 202 254 0 0 0 0 209]}"
time="2026-08-11T17:01:28+08:00" level=info msg="[UE] Switched from state 2 to state 3"
time="2026-08-11T17:01:28+08:00" level=info msg="[GNB][SCTP] Receive message in 0 stream\n"
time="2026-08-11T17:01:28+08:00" level=info msg="[GNB][NGAP] Receive Downlink NAS Transport"
time="2026-08-11T17:01:28+08:00" level=info msg="[UE][NAS] Message without security header"
time="2026-08-11T17:01:28+08:00" level=info msg="[UE][NAS] Receive Authentication Request"
time="2026-08-11T17:01:28+08:00" level=info msg="[UE][NAS][MAC] Authenticity of the authentication request message: OK"
time="2026-08-11T17:01:28+08:00" level=info msg="[UE][NAS][SQN] SQN of the authentication request message: VALID"
time="2026-08-11T17:01:28+08:00" level=info msg="[UE][NAS] Send authentication response"
time="2026-08-11T17:01:28+08:00" level=info msg="[UE] Switched from state 1 to state 2"
time="2026-08-11T17:01:28+08:00" level=info msg="[GNB][SCTP] Receive message in 0 stream\n"
time="2026-08-11T17:01:28+08:00" level=info msg="[GNB][NGAP] Receive Downlink NAS Transport"
time="2026-08-11T17:01:28+08:00" level=info msg="[UE][NAS] Message without security header"
time="2026-08-11T17:01:28+08:00" level=info msg="[UE][NAS] Receive Authentication Request"
time="2026-08-11T17:01:28+08:00" level=info msg="[UE][NAS][MAC] Authenticity of the authentication request message: OK"
time="2026-08-11T17:01:28+08:00" level=info msg="[UE][NAS][SQN] SQN of the authentication request message: VALID"
time="2026-08-11T17:01:28+08:00" level=info msg="[UE][NAS] Send authentication response"
time="2026-08-11T17:01:28+08:00" level=info msg="[UE] Switched from state 1 to state 2"
time="2026-08-11T17:01:28+08:00" level=info msg="[GNB][SCTP] Receive message in 0 stream\n"
time="2026-08-11T17:01:28+08:00" level=info msg="[GNB][NGAP] Receive Downlink NAS Transport"
time="2026-08-11T17:01:28+08:00" level=info msg="[UE][NAS] Message with security header"
time="2026-08-11T17:01:28+08:00" level=info msg="[UE][NAS] Message with integrity and with NEW 5G NAS SECURITY CONTEXT"
time="2026-08-11T17:01:28+08:00" level=info msg="[UE][NAS] successful NAS MAC verification"
time="2026-08-11T17:01:28+08:00" level=info msg="[UE][NAS] Receive Security Mode Command"
time="2026-08-11T17:01:28+08:00" level=info msg="[UE][NAS] Type of ciphering algorithm is 5G-EA0"
time="2026-08-11T17:01:28+08:00" level=info msg="[UE][NAS] Type of integrity protection algorithm is 128-5G-IA2"
time="2026-08-11T17:01:28+08:00" level=info msg="[TESTER] TESTING REGISTRATION USING IMSI 0000002052 UE"
time="2026-08-11T17:01:28+08:00" level=info msg="[GNB] Received incoming connection from new UE"
time="2026-08-11T17:01:28+08:00" level=info msg="[UE] Initiating Registration"
time="2026-08-11T17:01:28+08:00" level=info msg="[UE] Switched from state 0 to state 1"
time="2026-08-11T17:01:28+08:00" level=info msg="[GNB][SCTP] Receive message in 0 stream\n"
time="2026-08-11T17:01:28+08:00" level=info msg="[TESTER] TESTING REGISTRATION USING IMSI 0000002053 UE"
time="2026-08-11T17:01:28+08:00" level=info msg="[GNB] Received incoming connection from new UE"
time="2026-08-11T17:01:28+08:00" level=info msg="[UE] Initiating Registration"
time="2026-08-11T17:01:28+08:00" level=info msg="[UE] Switched from state 0 to state 1"
time="2026-08-11T17:01:28+08:00" level=info msg="[GNB][NGAP] Receive Downlink NAS Transport"
time="2026-08-11T17:01:28+08:00" level=info msg="[UE][NAS] Message with security header"
time="2026-08-11T17:01:28+08:00" level=info msg="[UE][NAS] Message with integrity and with NEW 5G NAS SECURITY CONTEXT"
time="2026-08-11T17:01:28+08:00" level=info msg="[UE][NAS] successful NAS MAC verification"
time="2026-08-11T17:01:28+08:00" level=info msg="[UE][NAS] Receive Security Mode Command"
time="2026-08-11T17:01:28+08:00" level=info msg="[UE][NAS] Type of ciphering algorithm is 5G-EA0"
time="2026-08-11T17:01:28+08:00" level=info msg="[UE][NAS] Type of integrity protection algorithm is 128-5G-IA2"
time="2026-08-11T17:01:28+08:00" level=info msg="[TESTER] TESTING REGISTRATION USING IMSI 0000002054 UE"
time="2026-08-11T17:01:28+08:00" level=info msg="[GNB] Received incoming connection from new UE"
time="2026-08-11T17:01:28+08:00" level=info msg="[UE] Initiating Registration"
time="2026-08-11T17:01:28+08:00" level=info msg="[UE] Switched from state 0 to state 1"
time="2026-08-11T17:01:28+08:00" level=info msg="[TESTER] TESTING REGISTRATION USING IMSI 0000002055 UE"
time="2026-08-11T17:01:28+08:00" level=info msg="[GNB] Received incoming connection from new UE"
time="2026-08-11T17:01:28+08:00" level=info msg="[UE] Initiating Registration"
time="2026-08-11T17:01:28+08:00" level=info msg="[UE] Switched from state 0 to state 1"
time="2026-08-11T17:01:28+08:00" level=info msg="[GNB][SCTP] Receive message in 0 stream\n"
time="2026-08-11T17:01:28+08:00" level=info msg="[GNB][NGAP] Receive Downlink NAS Transport"
time="2026-08-11T17:01:28+08:00" level=info msg="[UE][NAS] Message without security header"
time="2026-08-11T17:01:28+08:00" level=info msg="[UE][NAS] Receive Authentication Request"
time="2026-08-11T17:01:28+08:00" level=info msg="[UE][NAS][MAC] Authenticity of the authentication request message: OK"
time="2026-08-11T17:01:28+08:00" level=info msg="[UE][NAS][SQN] SQN of the authentication request message: VALID"
time="2026-08-11T17:01:28+08:00" level=info msg="[UE][NAS] Send authentication response"
time="2026-08-11T17:01:28+08:00" level=info msg="[UE] Switched from state 1 to state 2"
time="2026-08-11T17:01:28+08:00" level=info msg="[TESTER] TESTING REGISTRATION USING IMSI 0000002056 UE"
time="2026-08-11T17:01:28+08:00" level=info msg="[GNB] Received incoming connection from new UE"
time="2026-08-11T17:01:28+08:00" level=info msg="[UE] Initiating Registration"
time="2026-08-11T17:01:28+08:00" level=info msg="[UE] Switched from state 0 to state 1"
time="2026-08-11T17:01:28+08:00" level=info msg="[GNB][SCTP] Receive message in 0 stream\n"
time="2026-08-11T17:01:28+08:00" level=info msg="[GNB][NGAP] Receive Initial Context Setup Request"
time="2026-08-11T17:01:28+08:00" level=info msg="[GNB][UE] UE Context was created with successful"
time="2026-08-11T17:01:28+08:00" level=info msg="[GNB][UE] UE RAN ID 5"
time="2026-08-11T17:01:28+08:00" level=info msg="[GNB][UE] UE AMF ID 273"
time="2026-08-11T17:01:28+08:00" level=info msg="[GNB][UE] UE Mobility Restrict --Plmn-- Mcc: 208 Mnc: 93"
time="2026-08-11T17:01:28+08:00" level=info msg="[GNB][UE] UE Masked Imeisv: 1110000000ffff00"
time="2026-08-11T17:01:28+08:00" level=info msg="[GNB][UE] Allowed Nssai-- Sst: [01 01] Sd: [010203 112233]"
time="2026-08-11T17:01:28+08:00" level=info msg="[GNB][NGAP][AMF] Send Initial Context Setup Response."
time="2026-08-11T17:01:28+08:00" level=info msg="[GNB] Initiating Initial Context Setup Response"
time="2026-08-11T17:01:28+08:00" level=info msg="[GNB][NGAP] No PDU Session to set up in InitialContextSetupResponse."
time="2026-08-11T17:01:28+08:00" level=info msg="[UE][NAS] Message with security header"
time="2026-08-11T17:01:28+08:00" level=info msg="[UE][NAS] Message with integrity and ciphered"
time="2026-08-11T17:01:28+08:00" level=info msg="[UE][NAS] successful NAS CIPHERING"
time="2026-08-11T17:01:28+08:00" level=info msg="[UE][NAS] successful NAS MAC verification"
time="2026-08-11T17:01:28+08:00" level=info msg="[UE][NAS] Receive Registration Accept"
time="2026-08-11T17:01:28+08:00" level=info msg="[UE] Switched from state 2 to state 3"
time="2026-08-11T17:01:28+08:00" level=info msg="[UE][NAS] UE 5G GUTI: &{119 11 [242 2 248 57 202 254 0 0 0 0 211]}"
time="2026-08-11T17:01:28+08:00" level=info msg="[TESTER] TESTING REGISTRATION USING IMSI 0000002057 UE"
time="2026-08-11T17:01:28+08:00" level=info msg="[GNB] Received incoming connection from new UE"
time="2026-08-11T17:01:28+08:00" level=info msg="[UE] Initiating Registration"
time="2026-08-11T17:01:28+08:00" level=info msg="[UE] Switched from state 0 to state 1"
time="2026-08-11T17:01:28+08:00" level=info msg="[TESTER] TESTING REGISTRATION USING IMSI 0000002058 UE"
time="2026-08-11T17:01:28+08:00" level=info msg="[GNB] Received incoming connection from new UE"
time="2026-08-11T17:01:28+08:00" level=info msg="[UE] Initiating Registration"
time="2026-08-11T17:01:28+08:00" level=info msg="[UE] Switched from state 0 to state 1"
time="2026-08-11T17:01:28+08:00" level=info msg="[GNB][SCTP] Receive message in 0 stream\n"
time="2026-08-11T17:01:28+08:00" level=info msg="[GNB][NGAP] Receive Initial Context Setup Request"
time="2026-08-11T17:01:28+08:00" level=info msg="[GNB][UE] UE Context was created with successful"
time="2026-08-11T17:01:28+08:00" level=info msg="[GNB][UE] UE RAN ID 10"
time="2026-08-11T17:01:28+08:00" level=info msg="[GNB][UE] UE AMF ID 275"
time="2026-08-11T17:01:28+08:00" level=info msg="[GNB][UE] UE Mobility Restrict --Plmn-- Mcc: 208 Mnc: 93"
time="2026-08-11T17:01:28+08:00" level=info msg="[GNB][UE] UE Masked Imeisv: 1110000000ffff00"
time="2026-08-11T17:01:28+08:00" level=info msg="[GNB][UE] Allowed Nssai-- Sst: [01 01] Sd: [010203 112233]"
time="2026-08-11T17:01:28+08:00" level=info msg="[GNB][NGAP][AMF] Send Initial Context Setup Response."
time="2026-08-11T17:01:28+08:00" level=info msg="[GNB] Initiating Initial Context Setup Response"
time="2026-08-11T17:01:28+08:00" level=info msg="[GNB][NGAP] No PDU Session to set up in InitialContextSetupResponse."
time="2026-08-11T17:01:28+08:00" level=info msg="[UE][NAS] Message with security header"
time="2026-08-11T17:01:28+08:00" level=info msg="[UE][NAS] Message with integrity and ciphered"
time="2026-08-11T17:01:28+08:00" level=info msg="[UE][NAS] successful NAS CIPHERING"
time="2026-08-11T17:01:28+08:00" level=info msg="[UE][NAS] successful NAS MAC verification"
time="2026-08-11T17:01:28+08:00" level=info msg="[UE][NAS] Receive Registration Accept"
time="2026-08-11T17:01:28+08:00" level=info msg="[UE][NAS] UE 5G GUTI: &{119 11 [242 2 248 57 202 254 0 0 0 0 213]}"
time="2026-08-11T17:01:28+08:00" level=info msg="[UE] Switched from state 2 to state 3"
time="2026-08-11T17:01:28+08:00" level=info msg="[GNB][SCTP] Receive message in 0 stream\n"
time="2026-08-11T17:01:28+08:00" level=info msg="[GNB][NGAP] Receive Downlink NAS Transport"
time="2026-08-11T17:01:28+08:00" level=info msg="[UE][NAS] Message with security header"
time="2026-08-11T17:01:28+08:00" level=info msg="[UE][NAS] Message with integrity and with NEW 5G NAS SECURITY CONTEXT"
time="2026-08-11T17:01:28+08:00" level=info msg="[UE][NAS] successful NAS MAC verification"
time="2026-08-11T17:01:28+08:00" level=info msg="[UE][NAS] Receive Security Mode Command"
time="2026-08-11T17:01:28+08:00" level=info msg="[UE][NAS] Type of ciphering algorithm is 5G-EA0"
time="2026-08-11T17:01:28+08:00" level=info msg="[UE][NAS] Type of integrity protection algorithm is 128-5G-IA2"
time="2026-08-11T17:01:28+08:00" level=info msg="[GNB][SCTP] Receive message in 0 stream\n"
time="2026-08-11T17:01:28+08:00" level=info msg="[GNB][NGAP] Receive Downlink NAS Transport"
time="2026-08-11T17:01:28+08:00" level=info msg="[UE][NAS] Message without security header"
time="2026-08-11T17:01:28+08:00" level=info msg="[UE][NAS] Receive Authentication Request"
time="2026-08-11T17:01:28+08:00" level=info msg="[UE][NAS][MAC] Authenticity of the authentication request message: OK"
time="2026-08-11T17:01:28+08:00" level=info msg="[UE][NAS][SQN] SQN of the authentication request message: VALID"
time="2026-08-11T17:01:28+08:00" level=info msg="[UE][NAS] Send authentication response"
time="2026-08-11T17:01:28+08:00" level=info msg="[UE] Switched from state 1 to state 2"
time="2026-08-11T17:01:28+08:00" level=info msg="[TESTER] TESTING REGISTRATION USING IMSI 0000002059 UE"
time="2026-08-11T17:01:28+08:00" level=info msg="[GNB] Received incoming connection from new UE"
time="2026-08-11T17:01:28+08:00" level=info msg="[UE] Initiating Registration"
time="2026-08-11T17:01:28+08:00" level=info msg="[UE] Switched from state 0 to state 1"
time="2026-08-11T17:01:28+08:00" level=info msg="[TESTER] TESTING REGISTRATION USING IMSI 0000002060 UE"
time="2026-08-11T17:01:28+08:00" level=info msg="[GNB] Received incoming connection from new UE"
time="2026-08-11T17:01:28+08:00" level=info msg="[UE] Initiating Registration"
time="2026-08-11T17:01:28+08:00" level=info msg="[UE] Switched from state 0 to state 1"
time="2026-08-11T17:01:28+08:00" level=info msg="[GNB][SCTP] Receive message in 0 stream\n"
time="2026-08-11T17:01:28+08:00" level=info msg="[GNB][NGAP] Receive Downlink NAS Transport"
time="2026-08-11T17:01:28+08:00" level=info msg="[UE][NAS] Message with security header"
time="2026-08-11T17:01:28+08:00" level=info msg="[UE][NAS] Message with integrity and with NEW 5G NAS SECURITY CONTEXT"
time="2026-08-11T17:01:28+08:00" level=info msg="[UE][NAS] successful NAS MAC verification"
time="2026-08-11T17:01:28+08:00" level=info msg="[UE][NAS] Receive Security Mode Command"
time="2026-08-11T17:01:28+08:00" level=info msg="[UE][NAS] Type of ciphering algorithm is 5G-EA0"
time="2026-08-11T17:01:28+08:00" level=info msg="[UE][NAS] Type of integrity protection algorithm is 128-5G-IA2"
time="2026-08-11T17:01:28+08:00" level=info msg="[GNB][SCTP] Receive message in 0 stream\n"
time="2026-08-11T17:01:28+08:00" level=info msg="[GNB][NGAP] Receive Downlink NAS Transport"
time="2026-08-11T17:01:28+08:00" level=info msg="[UE][NAS] Message without security header"
time="2026-08-11T17:01:28+08:00" level=info msg="[UE][NAS] Receive Authentication Request"
time="2026-08-11T17:01:28+08:00" level=info msg="[UE][NAS][MAC] Authenticity of the authentication request message: OK"
time="2026-08-11T17:01:28+08:00" level=info msg="[UE][NAS][SQN] SQN of the authentication request message: VALID"
time="2026-08-11T17:01:28+08:00" level=info msg="[UE][NAS] Send authentication response"
time="2026-08-11T17:01:28+08:00" level=info msg="[UE] Switched from state 1 to state 2"
time="2026-08-11T17:01:28+08:00" level=info msg="[TESTER] TESTING REGISTRATION USING IMSI 0000002061 UE"
time="2026-08-11T17:01:28+08:00" level=info msg="[GNB] Received incoming connection from new UE"
time="2026-08-11T17:01:28+08:00" level=info msg="[UE] Initiating Registration"
time="2026-08-11T17:01:28+08:00" level=info msg="[UE] Switched from state 0 to state 1"
time="2026-08-11T17:01:28+08:00" level=info msg="[TESTER] TESTING REGISTRATION USING IMSI 0000002062 UE"
time="2026-08-11T17:01:28+08:00" level=info msg="[GNB] Received incoming connection from new UE"
time="2026-08-11T17:01:28+08:00" level=info msg="[UE] Initiating Registration"
time="2026-08-11T17:01:28+08:00" level=info msg="[UE] Switched from state 0 to state 1"
time="2026-08-11T17:01:28+08:00" level=info msg="[GNB][SCTP] Receive message in 0 stream\n"
time="2026-08-11T17:01:28+08:00" level=info msg="[GNB][NGAP] Receive Downlink NAS Transport"
time="2026-08-11T17:01:28+08:00" level=info msg="[UE][NAS] Message without security header"
time="2026-08-11T17:01:28+08:00" level=info msg="[UE][NAS] Receive Authentication Request"
time="2026-08-11T17:01:28+08:00" level=info msg="[UE][NAS][MAC] Authenticity of the authentication request message: OK"
time="2026-08-11T17:01:28+08:00" level=info msg="[UE][NAS][SQN] SQN of the authentication request message: VALID"
time="2026-08-11T17:01:28+08:00" level=info msg="[UE][NAS] Send authentication response"
time="2026-08-11T17:01:28+08:00" level=info msg="[UE] Switched from state 1 to state 2"
time="2026-08-11T17:01:28+08:00" level=info msg="[TESTER] TESTING REGISTRATION USING IMSI 0000002063 UE"
time="2026-08-11T17:01:28+08:00" level=info msg="[GNB] Received incoming connection from new UE"
time="2026-08-11T17:01:28+08:00" level=info msg="[UE] Initiating Registration"
time="2026-08-11T17:01:28+08:00" level=info msg="[UE] Switched from state 0 to state 1"
time="2026-08-11T17:01:28+08:00" level=info msg="[TESTER] TESTING REGISTRATION USING IMSI 0000002064 UE"
time="2026-08-11T17:01:28+08:00" level=info msg="[GNB] Received incoming connection from new UE"
time="2026-08-11T17:01:28+08:00" level=info msg="[UE] Initiating Registration"
time="2026-08-11T17:01:28+08:00" level=info msg="[UE] Switched from state 0 to state 1"
time="2026-08-11T17:01:28+08:00" level=info msg="[GNB][SCTP] Receive message in 0 stream\n"
time="2026-08-11T17:01:28+08:00" level=info msg="[GNB][NGAP] Receive Downlink NAS Transport"
time="2026-08-11T17:01:28+08:00" level=info msg="[UE][NAS] Message without security header"
time="2026-08-11T17:01:28+08:00" level=info msg="[UE][NAS] Receive Authentication Request"
time="2026-08-11T17:01:28+08:00" level=info msg="[UE][NAS][MAC] Authenticity of the authentication request message: OK"
time="2026-08-11T17:01:28+08:00" level=info msg="[UE][NAS][SQN] SQN of the authentication request message: VALID"
time="2026-08-11T17:01:28+08:00" level=info msg="[UE][NAS] Send authentication response"
time="2026-08-11T17:01:28+08:00" level=info msg="[UE] Switched from state 1 to state 2"
time="2026-08-11T17:01:28+08:00" level=info msg="[TESTER] TESTING REGISTRATION USING IMSI 0000002065 UE"
time="2026-08-11T17:01:28+08:00" level=info msg="[GNB] Received incoming connection from new UE"
time="2026-08-11T17:01:28+08:00" level=info msg="[UE] Initiating Registration"
time="2026-08-11T17:01:28+08:00" level=info msg="[UE] Switched from state 0 to state 1"
time="2026-08-11T17:01:28+08:00" level=info msg="[TESTER] TESTING REGISTRATION USING IMSI 0000002066 UE"
time="2026-08-11T17:01:28+08:00" level=info msg="[GNB] Received incoming connection from new UE"
time="2026-08-11T17:01:28+08:00" level=info msg="[UE] Initiating Registration"
time="2026-08-11T17:01:28+08:00" level=info msg="[UE] Switched from state 0 to state 1"
time="2026-08-11T17:01:28+08:00" level=info msg="[GNB][SCTP] Receive message in 0 stream\n"
time="2026-08-11T17:01:28+08:00" level=info msg="[GNB][NGAP] Receive Downlink NAS Transport"
time="2026-08-11T17:01:28+08:00" level=info msg="[UE][NAS] Message without security header"
time="2026-08-11T17:01:28+08:00" level=info msg="[UE][NAS] Receive Authentication Request"
time="2026-08-11T17:01:28+08:00" level=info msg="[UE][NAS][MAC] Authenticity of the authentication request message: OK"
time="2026-08-11T17:01:28+08:00" level=info msg="[UE][NAS][SQN] SQN of the authentication request message: VALID"
time="2026-08-11T17:01:28+08:00" level=info msg="[UE][NAS] Send authentication response"
time="2026-08-11T17:01:28+08:00" level=info msg="[UE] Switched from state 1 to state 2"
time="2026-08-11T17:01:28+08:00" level=info msg="[GNB][SCTP] Receive message in 0 stream\n"
time="2026-08-11T17:01:28+08:00" level=info msg="[GNB][NGAP] Receive Downlink NAS Transport"
time="2026-08-11T17:01:28+08:00" level=info msg="[UE][NAS] Message with security header"
time="2026-08-11T17:01:28+08:00" level=info msg="[UE][NAS] Message with integrity and ciphered"
time="2026-08-11T17:01:28+08:00" level=info msg="[UE][NAS] successful NAS CIPHERING"
time="2026-08-11T17:01:28+08:00" level=info msg="[UE][NAS] successful NAS MAC verification"
time="2026-08-11T17:01:28+08:00" level=info msg="[UE][NAS] Receive Configuration Update Command"
time="2026-08-11T17:01:28+08:00" level=info msg="[UE] Initiating Configuration Update Complete"
time="2026-08-11T17:01:28+08:00" level=info msg="[TESTER] TESTING REGISTRATION USING IMSI 0000002067 UE"
time="2026-08-11T17:01:28+08:00" level=info msg="[GNB] Received incoming connection from new UE"
time="2026-08-11T17:01:28+08:00" level=info msg="[UE] Initiating Registration"
time="2026-08-11T17:01:28+08:00" level=info msg="[UE] Switched from state 0 to state 1"
time="2026-08-11T17:01:28+08:00" level=info msg="[TESTER] TESTING REGISTRATION USING IMSI 0000002068 UE"
time="2026-08-11T17:01:28+08:00" level=info msg="[GNB] Received incoming connection from new UE"
time="2026-08-11T17:01:28+08:00" level=info msg="[UE] Initiating Registration"
time="2026-08-11T17:01:28+08:00" level=info msg="[UE] Switched from state 0 to state 1"
time="2026-08-11T17:01:28+08:00" level=info msg="[GNB][SCTP] Receive message in 0 stream\n"
time="2026-08-11T17:01:28+08:00" level=info msg="[GNB][NGAP] Receive Downlink NAS Transport"
time="2026-08-11T17:01:28+08:00" level=info msg="[UE][NAS] Message without security header"
time="2026-08-11T17:01:28+08:00" level=info msg="[UE][NAS] Receive Authentication Request"
time="2026-08-11T17:01:28+08:00" level=info msg="[UE][NAS][MAC] Authenticity of the authentication request message: OK"
time="2026-08-11T17:01:28+08:00" level=info msg="[UE][NAS][SQN] SQN of the authentication request message: VALID"
time="2026-08-11T17:01:28+08:00" level=info msg="[UE][NAS] Send authentication response"
time="2026-08-11T17:01:28+08:00" level=info msg="[UE] Switched from state 1 to state 2"
time="2026-08-11T17:01:28+08:00" level=info msg="[GNB][SCTP] Receive message in 0 stream\n"
time="2026-08-11T17:01:28+08:00" level=info msg="[GNB][NGAP] Receive Initial Context Setup Request"
time="2026-08-11T17:01:28+08:00" level=info msg="[GNB][UE] UE Context was created with successful"
time="2026-08-11T17:01:28+08:00" level=info msg="[GNB][UE] UE RAN ID 15"
time="2026-08-11T17:01:28+08:00" level=info msg="[GNB][UE] UE AMF ID 282"
time="2026-08-11T17:01:28+08:00" level=info msg="[GNB][UE] UE Mobility Restrict --Plmn-- Mcc: 208 Mnc: 93"
time="2026-08-11T17:01:28+08:00" level=info msg="[GNB][UE] UE Masked Imeisv: 1110000000ffff00"
time="2026-08-11T17:01:28+08:00" level=info msg="[GNB][UE] Allowed Nssai-- Sst: [01 01] Sd: [010203 112233]"
time="2026-08-11T17:01:28+08:00" level=info msg="[GNB][NGAP][AMF] Send Initial Context Setup Response."
time="2026-08-11T17:01:28+08:00" level=info msg="[GNB] Initiating Initial Context Setup Response"
time="2026-08-11T17:01:28+08:00" level=info msg="[GNB][NGAP] No PDU Session to set up in InitialContextSetupResponse."
time="2026-08-11T17:01:28+08:00" level=info msg="[TESTER] TESTING REGISTRATION USING IMSI 0000002069 UE"
time="2026-08-11T17:01:28+08:00" level=info msg="[UE][NAS] Message with security header"
time="2026-08-11T17:01:28+08:00" level=info msg="[UE][NAS] Message with integrity and ciphered"
time="2026-08-11T17:01:28+08:00" level=info msg="[UE][NAS] successful NAS CIPHERING"
time="2026-08-11T17:01:28+08:00" level=info msg="[UE][NAS] successful NAS MAC verification"
time="2026-08-11T17:01:28+08:00" level=info msg="[UE][NAS] Receive Registration Accept"
time="2026-08-11T17:01:28+08:00" level=info msg="[UE][NAS] UE 5G GUTI: &{119 11 [242 2 248 57 202 254 0 0 0 0 220]}"
time="2026-08-11T17:01:28+08:00" level=info msg="[GNB] Received incoming connection from new UE"
time="2026-08-11T17:01:28+08:00" level=info msg="[UE] Initiating Registration"
time="2026-08-11T17:01:28+08:00" level=info msg="[UE] Switched from state 2 to state 3"
time="2026-08-11T17:01:28+08:00" level=info msg="[UE] Switched from state 0 to state 1"
time="2026-08-11T17:01:29+08:00" level=info msg="[TESTER] TESTING REGISTRATION USING IMSI 0000002070 UE"
time="2026-08-11T17:01:29+08:00" level=info msg="[GNB] Received incoming connection from new UE"
time="2026-08-11T17:01:29+08:00" level=info msg="[UE] Initiating Registration"
time="2026-08-11T17:01:29+08:00" level=info msg="[UE] Switched from state 0 to state 1"
time="2026-08-11T17:01:29+08:00" level=info msg="[GNB][SCTP] Receive message in 0 stream\n"
time="2026-08-11T17:01:29+08:00" level=info msg="[GNB][NGAP] Receive Downlink NAS Transport"
time="2026-08-11T17:01:29+08:00" level=info msg="[UE][NAS] Message without security header"
time="2026-08-11T17:01:29+08:00" level=info msg="[UE][NAS] Receive Authentication Request"
time="2026-08-11T17:01:29+08:00" level=info msg="[UE][NAS][MAC] Authenticity of the authentication request message: OK"
time="2026-08-11T17:01:29+08:00" level=info msg="[UE][NAS][SQN] SQN of the authentication request message: VALID"
time="2026-08-11T17:01:29+08:00" level=info msg="[UE][NAS] Send authentication response"
time="2026-08-11T17:01:29+08:00" level=info msg="[UE] Switched from state 1 to state 2"
time="2026-08-11T17:01:29+08:00" level=info msg="[GNB][SCTP] Receive message in 0 stream\n"
time="2026-08-11T17:01:29+08:00" level=info msg="[GNB][NGAP] Receive Downlink NAS Transport"
time="2026-08-11T17:01:29+08:00" level=info msg="[UE][NAS] Message without security header"
time="2026-08-11T17:01:29+08:00" level=info msg="[UE][NAS] Receive Authentication Request"
time="2026-08-11T17:01:29+08:00" level=info msg="[UE][NAS][MAC] Authenticity of the authentication request message: OK"
time="2026-08-11T17:01:29+08:00" level=info msg="[UE][NAS][SQN] SQN of the authentication request message: VALID"
time="2026-08-11T17:01:29+08:00" level=info msg="[UE][NAS] Send authentication response"
time="2026-08-11T17:01:29+08:00" level=info msg="[UE] Switched from state 1 to state 2"
time="2026-08-11T17:01:29+08:00" level=info msg="[TESTER] TESTING REGISTRATION USING IMSI 0000002071 UE"
time="2026-08-11T17:01:29+08:00" level=info msg="[GNB] Received incoming connection from new UE"
time="2026-08-11T17:01:29+08:00" level=info msg="[UE] Initiating Registration"
time="2026-08-11T17:01:29+08:00" level=info msg="[UE] Switched from state 0 to state 1"
time="2026-08-11T17:01:29+08:00" level=info msg="[GNB][SCTP] Receive message in 0 stream\n"
time="2026-08-11T17:01:29+08:00" level=info msg="[GNB][SCTP] Receive message in 0 stream\n"
time="2026-08-11T17:01:29+08:00" level=info msg="[GNB][NGAP] Receive Downlink NAS Transport"
time="2026-08-11T17:01:29+08:00" level=info msg="[UE][NAS] Message with security header"
time="2026-08-11T17:01:29+08:00" level=info msg="[UE][NAS] Message with integrity and with NEW 5G NAS SECURITY CONTEXT"
time="2026-08-11T17:01:29+08:00" level=info msg="[UE][NAS] successful NAS MAC verification"
time="2026-08-11T17:01:29+08:00" level=info msg="[UE][NAS] Receive Security Mode Command"
time="2026-08-11T17:01:29+08:00" level=info msg="[UE][NAS] Type of ciphering algorithm is 5G-EA0"
time="2026-08-11T17:01:29+08:00" level=info msg="[UE][NAS] Type of integrity protection algorithm is 128-5G-IA2"
time="2026-08-11T17:01:29+08:00" level=info msg="[GNB][NGAP] Receive Downlink NAS Transport"
time="2026-08-11T17:01:29+08:00" level=info msg="[UE][NAS] Message without security header"
time="2026-08-11T17:01:29+08:00" level=info msg="[UE][NAS] Receive Authentication Request"
time="2026-08-11T17:01:29+08:00" level=info msg="[UE][NAS][MAC] Authenticity of the authentication request message: OK"
time="2026-08-11T17:01:29+08:00" level=info msg="[UE][NAS][SQN] SQN of the authentication request message: VALID"
time="2026-08-11T17:01:29+08:00" level=info msg="[UE][NAS] Send authentication response"
time="2026-08-11T17:01:29+08:00" level=info msg="[UE] Switched from state 1 to state 2"
time="2026-08-11T17:01:29+08:00" level=info msg="[TESTER] TESTING REGISTRATION USING IMSI 0000002072 UE"
time="2026-08-11T17:01:29+08:00" level=info msg="[GNB] Received incoming connection from new UE"
time="2026-08-11T17:01:29+08:00" level=info msg="[UE] Initiating Registration"
time="2026-08-11T17:01:29+08:00" level=info msg="[UE] Switched from state 0 to state 1"
time="2026-08-11T17:01:29+08:00" level=info msg="[GNB][SCTP] Receive message in 0 stream\n"
time="2026-08-11T17:01:29+08:00" level=info msg="[GNB][NGAP] Receive Downlink NAS Transport"
time="2026-08-11T17:01:29+08:00" level=info msg="[UE][NAS] Message with security header"
time="2026-08-11T17:01:29+08:00" level=info msg="[UE][NAS] Message with integrity and with NEW 5G NAS SECURITY CONTEXT"
time="2026-08-11T17:01:29+08:00" level=info msg="[UE][NAS] successful NAS MAC verification"
time="2026-08-11T17:01:29+08:00" level=info msg="[UE][NAS] Receive Security Mode Command"
time="2026-08-11T17:01:29+08:00" level=info msg="[UE][NAS] Type of ciphering algorithm is 5G-EA0"
time="2026-08-11T17:01:29+08:00" level=info msg="[UE][NAS] Type of integrity protection algorithm is 128-5G-IA2"
time="2026-08-11T17:01:29+08:00" level=info msg="[GNB][SCTP] Receive message in 0 stream\n"
time="2026-08-11T17:01:29+08:00" level=info msg="[GNB][NGAP] Receive Downlink NAS Transport"
time="2026-08-11T17:01:29+08:00" level=info msg="[UE][NAS] Message without security header"
time="2026-08-11T17:01:29+08:00" level=info msg="[UE][NAS] Receive Authentication Request"
time="2026-08-11T17:01:29+08:00" level=info msg="[UE][NAS][MAC] Authenticity of the authentication request message: OK"
time="2026-08-11T17:01:29+08:00" level=info msg="[UE][NAS][SQN] SQN of the authentication request message: VALID"
time="2026-08-11T17:01:29+08:00" level=info msg="[UE][NAS] Send authentication response"
time="2026-08-11T17:01:29+08:00" level=info msg="[UE] Switched from state 1 to state 2"
time="2026-08-11T17:01:29+08:00" level=info msg="[TESTER] TESTING REGISTRATION USING IMSI 0000002073 UE"
time="2026-08-11T17:01:29+08:00" level=info msg="[GNB] Received incoming connection from new UE"
time="2026-08-11T17:01:29+08:00" level=info msg="[UE] Initiating Registration"
time="2026-08-11T17:01:29+08:00" level=info msg="[UE] Switched from state 0 to state 1"
time="2026-08-11T17:01:29+08:00" level=info msg="[TESTER] TESTING REGISTRATION USING IMSI 0000002074 UE"
time="2026-08-11T17:01:29+08:00" level=info msg="[GNB] Received incoming connection from new UE"
time="2026-08-11T17:01:29+08:00" level=info msg="[UE] Initiating Registration"
time="2026-08-11T17:01:29+08:00" level=info msg="[UE] Switched from state 0 to state 1"
time="2026-08-11T17:01:29+08:00" level=info msg="[GNB][SCTP] Receive message in 0 stream\n"
time="2026-08-11T17:01:29+08:00" level=info msg="[GNB][NGAP] Receive Downlink NAS Transport"
time="2026-08-11T17:01:29+08:00" level=info msg="[UE][NAS] Message without security header"
time="2026-08-11T17:01:29+08:00" level=info msg="[UE][NAS] Receive Authentication Request"
time="2026-08-11T17:01:29+08:00" level=info msg="[UE][NAS][MAC] Authenticity of the authentication request message: OK"
time="2026-08-11T17:01:29+08:00" level=info msg="[UE][NAS][SQN] SQN of the authentication request message: VALID"
time="2026-08-11T17:01:29+08:00" level=info msg="[UE][NAS] Send authentication response"
time="2026-08-11T17:01:29+08:00" level=info msg="[UE] Switched from state 1 to state 2"
time="2026-08-11T17:01:29+08:00" level=info msg="[GNB][SCTP] Receive message in 0 stream\n"
time="2026-08-11T17:01:29+08:00" level=info msg="[GNB][NGAP] Receive Downlink NAS Transport"
time="2026-08-11T17:01:29+08:00" level=info msg="[UE][NAS] Message with security header"
time="2026-08-11T17:01:29+08:00" level=info msg="[UE][NAS] Message with integrity and ciphered"
time="2026-08-11T17:01:29+08:00" level=info msg="[UE][NAS] successful NAS CIPHERING"
time="2026-08-11T17:01:29+08:00" level=info msg="[UE][NAS] successful NAS MAC verification"
time="2026-08-11T17:01:29+08:00" level=info msg="[UE][NAS] Receive Configuration Update Command"
time="2026-08-11T17:01:29+08:00" level=info msg="[UE] Initiating Configuration Update Complete"
time="2026-08-11T17:01:29+08:00" level=info msg="[TESTER] TESTING REGISTRATION USING IMSI 0000002075 UE"
time="2026-08-11T17:01:29+08:00" level=info msg="[GNB] Received incoming connection from new UE"
time="2026-08-11T17:01:29+08:00" level=info msg="[UE] Initiating Registration"
time="2026-08-11T17:01:29+08:00" level=info msg="[UE] Switched from state 0 to state 1"
time="2026-08-11T17:01:29+08:00" level=info msg="[GNB][SCTP] Receive message in 0 stream\n"
time="2026-08-11T17:01:29+08:00" level=info msg="[GNB][NGAP] Receive Initial Context Setup Request"
time="2026-08-11T17:01:29+08:00" level=info msg="[GNB][UE] UE Context was created with successful"
time="2026-08-11T17:01:29+08:00" level=info msg="[GNB][UE] UE RAN ID 11"
time="2026-08-11T17:01:29+08:00" level=info msg="[GNB][UE] UE AMF ID 279"
time="2026-08-11T17:01:29+08:00" level=info msg="[GNB][UE] UE Mobility Restrict --Plmn-- Mcc: 208 Mnc: 93"
time="2026-08-11T17:01:29+08:00" level=info msg="[GNB][UE] UE Masked Imeisv: 1110000000ffff00"
time="2026-08-11T17:01:29+08:00" level=info msg="[GNB][UE] Allowed Nssai-- Sst: [01 01] Sd: [010203 112233]"
time="2026-08-11T17:01:29+08:00" level=info msg="[GNB][NGAP][AMF] Send Initial Context Setup Response."
time="2026-08-11T17:01:29+08:00" level=info msg="[GNB] Initiating Initial Context Setup Response"
time="2026-08-11T17:01:29+08:00" level=info msg="[GNB][NGAP] No PDU Session to set up in InitialContextSetupResponse."
time="2026-08-11T17:01:29+08:00" level=info msg="[UE][NAS] Message with security header"
time="2026-08-11T17:01:29+08:00" level=info msg="[UE][NAS] Message with integrity and ciphered"
time="2026-08-11T17:01:29+08:00" level=info msg="[UE][NAS] successful NAS CIPHERING"
time="2026-08-11T17:01:29+08:00" level=info msg="[UE][NAS] successful NAS MAC verification"
time="2026-08-11T17:01:29+08:00" level=info msg="[UE][NAS] Receive Registration Accept"
time="2026-08-11T17:01:29+08:00" level=info msg="[UE][NAS] UE 5G GUTI: &{119 11 [242 2 248 57 202 254 0 0 0 0 217]}"
time="2026-08-11T17:01:29+08:00" level=info msg="[UE] Switched from state 2 to state 3"
time="2026-08-11T17:01:29+08:00" level=info msg="[GNB][SCTP] Receive message in 0 stream\n"
time="2026-08-11T17:01:29+08:00" level=info msg="[GNB][NGAP] Receive Initial Context Setup Request"
time="2026-08-11T17:01:29+08:00" level=info msg="[GNB][UE] UE Context was created with successful"
time="2026-08-11T17:01:29+08:00" level=info msg="[GNB][UE] UE RAN ID 14"
time="2026-08-11T17:01:29+08:00" level=info msg="[GNB][UE] UE AMF ID 280"
time="2026-08-11T17:01:29+08:00" level=info msg="[GNB][UE] UE Mobility Restrict --Plmn-- Mcc: 208 Mnc: 93"
time="2026-08-11T17:01:29+08:00" level=info msg="[GNB][UE] UE Masked Imeisv: 1110000000ffff00"
time="2026-08-11T17:01:29+08:00" level=info msg="[GNB][UE] Allowed Nssai-- Sst: [01 01] Sd: [010203 112233]"
time="2026-08-11T17:01:29+08:00" level=info msg="[GNB][NGAP][AMF] Send Initial Context Setup Response."
time="2026-08-11T17:01:29+08:00" level=info msg="[GNB] Initiating Initial Context Setup Response"
time="2026-08-11T17:01:29+08:00" level=info msg="[GNB][NGAP] No PDU Session to set up in InitialContextSetupResponse."
time="2026-08-11T17:01:29+08:00" level=info msg="[UE][NAS] Message with security header"
time="2026-08-11T17:01:29+08:00" level=info msg="[UE][NAS] Message with integrity and ciphered"
time="2026-08-11T17:01:29+08:00" level=info msg="[UE][NAS] successful NAS CIPHERING"
time="2026-08-11T17:01:29+08:00" level=info msg="[UE][NAS] successful NAS MAC verification"
time="2026-08-11T17:01:29+08:00" level=info msg="[UE][NAS] Receive Registration Accept"
time="2026-08-11T17:01:29+08:00" level=info msg="[UE][NAS] UE 5G GUTI: &{119 11 [242 2 248 57 202 254 0 0 0 0 218]}"
time="2026-08-11T17:01:29+08:00" level=info msg="[UE] Switched from state 2 to state 3"
time="2026-08-11T17:01:29+08:00" level=info msg="[GNB][SCTP] Receive message in 0 stream\n"
time="2026-08-11T17:01:29+08:00" level=info msg="[GNB][NGAP] Receive Downlink NAS Transport"
time="2026-08-11T17:01:29+08:00" level=info msg="[UE][NAS] Message without security header"
time="2026-08-11T17:01:29+08:00" level=info msg="[UE][NAS] Receive Authentication Request"
time="2026-08-11T17:01:29+08:00" level=info msg="[GNB][SCTP] Receive message in 0 stream\n"
time="2026-08-11T17:01:29+08:00" level=info msg="[UE][NAS][MAC] Authenticity of the authentication request message: OK"
time="2026-08-11T17:01:29+08:00" level=info msg="[UE][NAS][SQN] SQN of the authentication request message: VALID"
time="2026-08-11T17:01:29+08:00" level=info msg="[UE][NAS] Send authentication response"
time="2026-08-11T17:01:29+08:00" level=info msg="[GNB][NGAP] Receive Downlink NAS Transport"
time="2026-08-11T17:01:29+08:00" level=info msg="[UE][NAS] Message without security header"
time="2026-08-11T17:01:29+08:00" level=info msg="[UE][NAS] Receive Authentication Request"
time="2026-08-11T17:01:29+08:00" level=info msg="[UE][NAS][MAC] Authenticity of the authentication request message: OK"
time="2026-08-11T17:01:29+08:00" level=info msg="[UE][NAS][SQN] SQN of the authentication request message: VALID"
time="2026-08-11T17:01:29+08:00" level=info msg="[UE][NAS] Send authentication response"
time="2026-08-11T17:01:29+08:00" level=info msg="[UE] Switched from state 1 to state 2"
time="2026-08-11T17:01:29+08:00" level=info msg="[UE] Switched from state 1 to state 2"
time="2026-08-11T17:01:29+08:00" level=info msg="[GNB][SCTP] Receive message in 0 stream\n"
time="2026-08-11T17:01:29+08:00" level=info msg="[GNB][NGAP] Receive Downlink NAS Transport"
time="2026-08-11T17:01:29+08:00" level=info msg="[UE][NAS] Message without security header"
time="2026-08-11T17:01:29+08:00" level=info msg="[UE][NAS] Receive Authentication Request"
time="2026-08-11T17:01:29+08:00" level=info msg="[UE][NAS][MAC] Authenticity of the authentication request message: OK"
time="2026-08-11T17:01:29+08:00" level=info msg="[UE][NAS][SQN] SQN of the authentication request message: VALID"
time="2026-08-11T17:01:29+08:00" level=info msg="[UE][NAS] Send authentication response"
time="2026-08-11T17:01:29+08:00" level=info msg="[UE] Switched from state 1 to state 2"
time="2026-08-11T17:01:29+08:00" level=info msg="[GNB][SCTP] Receive message in 0 stream\n"
time="2026-08-11T17:01:29+08:00" level=info msg="[GNB][SCTP] Receive message in 0 stream\n"
time="2026-08-11T17:01:29+08:00" level=info msg="[GNB][NGAP] Receive Downlink NAS Transport"
time="2026-08-11T17:01:29+08:00" level=info msg="[UE][NAS] Message with security header"
time="2026-08-11T17:01:29+08:00" level=info msg="[GNB][NGAP] Receive Downlink NAS Transport"
time="2026-08-11T17:01:29+08:00" level=info msg="[UE][NAS] Message with security header"
time="2026-08-11T17:01:29+08:00" level=info msg="[UE][NAS] Message with integrity and with NEW 5G NAS SECURITY CONTEXT"
time="2026-08-11T17:01:29+08:00" level=info msg="[UE][NAS] successful NAS MAC verification"
time="2026-08-11T17:01:29+08:00" level=info msg="[UE][NAS] Receive Security Mode Command"
time="2026-08-11T17:01:29+08:00" level=info msg="[UE][NAS] Type of ciphering algorithm is 5G-EA0"
time="2026-08-11T17:01:29+08:00" level=info msg="[UE][NAS] Type of integrity protection algorithm is 128-5G-IA2"
time="2026-08-11T17:01:29+08:00" level=info msg="[UE][NAS] Message with integrity and with NEW 5G NAS SECURITY CONTEXT"
time="2026-08-11T17:01:29+08:00" level=info msg="[UE][NAS] successful NAS MAC verification"
time="2026-08-11T17:01:29+08:00" level=info msg="[UE][NAS] Receive Security Mode Command"
time="2026-08-11T17:01:29+08:00" level=info msg="[UE][NAS] Type of ciphering algorithm is 5G-EA0"
time="2026-08-11T17:01:29+08:00" level=info msg="[UE][NAS] Type of integrity protection algorithm is 128-5G-IA2"
time="2026-08-11T17:01:29+08:00" level=info msg="[GNB][SCTP] Receive message in 0 stream\n"
time="2026-08-11T17:01:29+08:00" level=info msg="[GNB][SCTP] Receive message in 0 stream\n"
time="2026-08-11T17:01:29+08:00" level=info msg="[GNB][NGAP] Receive Downlink NAS Transport"
time="2026-08-11T17:01:29+08:00" level=info msg="[UE][NAS] Message without security header"
time="2026-08-11T17:01:29+08:00" level=info msg="[UE][NAS] Receive Authentication Request"
time="2026-08-11T17:01:29+08:00" level=info msg="[GNB][NGAP] Receive Downlink NAS Transport"
time="2026-08-11T17:01:29+08:00" level=info msg="[UE][NAS][MAC] Authenticity of the authentication request message: OK"
time="2026-08-11T17:01:29+08:00" level=info msg="[UE][NAS][SQN] SQN of the authentication request message: VALID"
time="2026-08-11T17:01:29+08:00" level=info msg="[UE][NAS] Send authentication response"
time="2026-08-11T17:01:29+08:00" level=info msg="[UE][NAS] Message without security header"
time="2026-08-11T17:01:29+08:00" level=info msg="[UE][NAS] Receive Authentication Request"
time="2026-08-11T17:01:29+08:00" level=info msg="[UE][NAS][MAC] Authenticity of the authentication request message: OK"
time="2026-08-11T17:01:29+08:00" level=info msg="[UE][NAS][SQN] SQN of the authentication request message: VALID"
time="2026-08-11T17:01:29+08:00" level=info msg="[UE][NAS] Send authentication response"
time="2026-08-11T17:01:29+08:00" level=info msg="[UE] Switched from state 1 to state 2"
time="2026-08-11T17:01:29+08:00" level=info msg="[UE] Switched from state 1 to state 2"
time="2026-08-11T17:01:29+08:00" level=info msg="[GNB][SCTP] Receive message in 0 stream\n"
time="2026-08-11T17:01:29+08:00" level=info msg="[GNB][NGAP] Receive Downlink NAS Transport"
time="2026-08-11T17:01:29+08:00" level=info msg="[UE][NAS] Message without security header"
time="2026-08-11T17:01:29+08:00" level=info msg="[UE][NAS] Receive Authentication Request"
time="2026-08-11T17:01:29+08:00" level=info msg="[UE][NAS][MAC] Authenticity of the authentication request message: OK"
time="2026-08-11T17:01:29+08:00" level=info msg="[UE][NAS][SQN] SQN of the authentication request message: VALID"
time="2026-08-11T17:01:29+08:00" level=info msg="[UE][NAS] Send authentication response"
time="2026-08-11T17:01:29+08:00" level=info msg="[UE] Switched from state 1 to state 2"
time="2026-08-11T17:01:29+08:00" level=info msg="[GNB][SCTP] Receive message in 0 stream\n"
time="2026-08-11T17:01:29+08:00" level=info msg="[GNB][NGAP] Receive Downlink NAS Transport"
time="2026-08-11T17:01:29+08:00" level=info msg="[UE][NAS] Message without security header"
time="2026-08-11T17:01:29+08:00" level=info msg="[UE][NAS] Receive Authentication Request"
time="2026-08-11T17:01:29+08:00" level=info msg="[UE][NAS][MAC] Authenticity of the authentication request message: OK"
time="2026-08-11T17:01:29+08:00" level=info msg="[UE][NAS][SQN] SQN of the authentication request message: VALID"
time="2026-08-11T17:01:29+08:00" level=info msg="[UE][NAS] Send authentication response"
time="2026-08-11T17:01:29+08:00" level=info msg="[UE] Switched from state 1 to state 2"
time="2026-08-11T17:01:29+08:00" level=info msg="[GNB][SCTP] Receive message in 0 stream\n"
time="2026-08-11T17:01:29+08:00" level=info msg="[GNB][NGAP] Receive Downlink NAS Transport"
time="2026-08-11T17:01:29+08:00" level=info msg="[UE][NAS] Message with security header"
time="2026-08-11T17:01:29+08:00" level=info msg="[UE][NAS] Message with integrity and with NEW 5G NAS SECURITY CONTEXT"
time="2026-08-11T17:01:29+08:00" level=info msg="[UE][NAS] successful NAS MAC verification"
time="2026-08-11T17:01:29+08:00" level=info msg="[UE][NAS] Receive Security Mode Command"
time="2026-08-11T17:01:29+08:00" level=info msg="[UE][NAS] Type of ciphering algorithm is 5G-EA0"
time="2026-08-11T17:01:29+08:00" level=info msg="[UE][NAS] Type of integrity protection algorithm is 128-5G-IA2"
time="2026-08-11T17:01:30+08:00" level=info msg="[GNB][SCTP] Receive message in 0 stream\n"
time="2026-08-11T17:01:30+08:00" level=info msg="[GNB][NGAP] Receive Downlink NAS Transport"
time="2026-08-11T17:01:30+08:00" level=info msg="[UE][NAS] Message without security header"
time="2026-08-11T17:01:30+08:00" level=info msg="[UE][NAS] Receive Authentication Request"
time="2026-08-11T17:01:30+08:00" level=info msg="[UE][NAS][MAC] Authenticity of the authentication request message: OK"
time="2026-08-11T17:01:30+08:00" level=info msg="[UE][NAS][SQN] SQN of the authentication request message: VALID"
time="2026-08-11T17:01:30+08:00" level=info msg="[UE][NAS] Send authentication response"
time="2026-08-11T17:01:30+08:00" level=info msg="[UE] Switched from state 1 to state 2"
time="2026-08-11T17:01:30+08:00" level=info msg="[GNB][SCTP] Receive message in 0 stream\n"
time="2026-08-11T17:01:30+08:00" level=info msg="[GNB][NGAP] Receive Downlink NAS Transport"
time="2026-08-11T17:01:30+08:00" level=info msg="[UE][NAS] Message without security header"
time="2026-08-11T17:01:30+08:00" level=info msg="[UE][NAS] Receive Authentication Request"
time="2026-08-11T17:01:30+08:00" level=info msg="[UE][NAS][MAC] Authenticity of the authentication request message: OK"
time="2026-08-11T17:01:30+08:00" level=info msg="[UE][NAS][SQN] SQN of the authentication request message: VALID"
time="2026-08-11T17:01:30+08:00" level=info msg="[UE][NAS] Send authentication response"
time="2026-08-11T17:01:30+08:00" level=info msg="[GNB][SCTP] Receive message in 0 stream\n"
time="2026-08-11T17:01:30+08:00" level=info msg="[UE] Switched from state 1 to state 2"
time="2026-08-11T17:01:30+08:00" level=info msg="[GNB][NGAP] Receive Downlink NAS Transport"
time="2026-08-11T17:01:30+08:00" level=info msg="[UE][NAS] Message without security header"
time="2026-08-11T17:01:30+08:00" level=info msg="[UE][NAS] Receive Authentication Request"
time="2026-08-11T17:01:30+08:00" level=info msg="[UE][NAS][MAC] Authenticity of the authentication request message: OK"
time="2026-08-11T17:01:30+08:00" level=info msg="[UE][NAS][SQN] SQN of the authentication request message: VALID"
time="2026-08-11T17:01:30+08:00" level=info msg="[UE][NAS] Send authentication response"
time="2026-08-11T17:01:30+08:00" level=info msg="[UE] Switched from state 1 to state 2"
time="2026-08-11T17:01:30+08:00" level=info msg="[GNB][SCTP] Receive message in 0 stream\n"
time="2026-08-11T17:01:30+08:00" level=info msg="[GNB][NGAP] Receive Downlink NAS Transport"
time="2026-08-11T17:01:30+08:00" level=info msg="[UE][NAS] Message without security header"
time="2026-08-11T17:01:30+08:00" level=info msg="[UE][NAS] Receive Authentication Request"
time="2026-08-11T17:01:30+08:00" level=info msg="[UE][NAS][MAC] Authenticity of the authentication request message: OK"
time="2026-08-11T17:01:30+08:00" level=info msg="[UE][NAS][SQN] SQN of the authentication request message: VALID"
time="2026-08-11T17:01:30+08:00" level=info msg="[UE][NAS] Send authentication response"
time="2026-08-11T17:01:30+08:00" level=info msg="[UE] Switched from state 1 to state 2"
time="2026-08-11T17:01:30+08:00" level=info msg="[GNB][SCTP] Receive message in 0 stream\n"
time="2026-08-11T17:01:30+08:00" level=info msg="[GNB][NGAP] Receive Downlink NAS Transport"
time="2026-08-11T17:01:30+08:00" level=info msg="[UE][NAS] Message without security header"
time="2026-08-11T17:01:30+08:00" level=info msg="[UE][NAS] Receive Authentication Request"
time="2026-08-11T17:01:30+08:00" level=info msg="[UE][NAS][MAC] Authenticity of the authentication request message: OK"
time="2026-08-11T17:01:30+08:00" level=info msg="[UE][NAS][SQN] SQN of the authentication request message: VALID"
time="2026-08-11T17:01:30+08:00" level=info msg="[UE][NAS] Send authentication response"
time="2026-08-11T17:01:30+08:00" level=info msg="[GNB][SCTP] Receive message in 0 stream\n"
time="2026-08-11T17:01:30+08:00" level=info msg="[UE] Switched from state 1 to state 2"
time="2026-08-11T17:01:30+08:00" level=info msg="[GNB][SCTP] Receive message in 0 stream\n"
time="2026-08-11T17:01:30+08:00" level=info msg="[GNB][NGAP] Receive Downlink NAS Transport"
time="2026-08-11T17:01:30+08:00" level=info msg="[UE][NAS] Message without security header"
time="2026-08-11T17:01:30+08:00" level=info msg="[UE][NAS] Receive Authentication Request"
time="2026-08-11T17:01:30+08:00" level=info msg="[UE][NAS][MAC] Authenticity of the authentication request message: OK"
time="2026-08-11T17:01:30+08:00" level=info msg="[UE][NAS][SQN] SQN of the authentication request message: VALID"
time="2026-08-11T17:01:30+08:00" level=info msg="[UE][NAS] Send authentication response"
time="2026-08-11T17:01:30+08:00" level=info msg="[UE] Switched from state 1 to state 2"
time="2026-08-11T17:01:30+08:00" level=info msg="[GNB][NGAP] Receive Downlink NAS Transport"
time="2026-08-11T17:01:30+08:00" level=info msg="[UE][NAS] Message with security header"
time="2026-08-11T17:01:30+08:00" level=info msg="[UE][NAS] Message with integrity and ciphered"
time="2026-08-11T17:01:30+08:00" level=info msg="[UE][NAS] successful NAS CIPHERING"
time="2026-08-11T17:01:30+08:00" level=info msg="[UE][NAS] successful NAS MAC verification"
time="2026-08-11T17:01:30+08:00" level=info msg="[UE][NAS] Receive Configuration Update Command"
time="2026-08-11T17:01:30+08:00" level=info msg="[UE] Initiating Configuration Update Complete"
time="2026-08-11T17:01:30+08:00" level=info msg="[GNB][SCTP] Receive message in 0 stream\n"
time="2026-08-11T17:01:30+08:00" level=info msg="[GNB][NGAP] Receive Downlink NAS Transport"
time="2026-08-11T17:01:30+08:00" level=info msg="[UE][NAS] Message without security header"
time="2026-08-11T17:01:30+08:00" level=info msg="[UE][NAS] Receive Authentication Request"
time="2026-08-11T17:01:30+08:00" level=info msg="[UE][NAS][MAC] Authenticity of the authentication request message: OK"
time="2026-08-11T17:01:30+08:00" level=info msg="[UE][NAS][SQN] SQN of the authentication request message: VALID"
time="2026-08-11T17:01:30+08:00" level=info msg="[UE][NAS] Send authentication response"
time="2026-08-11T17:01:30+08:00" level=info msg="[UE] Switched from state 1 to state 2"
time="2026-08-11T17:01:30+08:00" level=info msg="[GNB][SCTP] Receive message in 0 stream\n"
time="2026-08-11T17:01:30+08:00" level=info msg="[GNB][NGAP] Receive Downlink NAS Transport"
time="2026-08-11T17:01:30+08:00" level=info msg="[UE][NAS] Message without security header"
time="2026-08-11T17:01:30+08:00" level=info msg="[UE][NAS] Receive Authentication Request"
time="2026-08-11T17:01:30+08:00" level=info msg="[UE][NAS][MAC] Authenticity of the authentication request message: OK"
time="2026-08-11T17:01:30+08:00" level=info msg="[UE][NAS][SQN] SQN of the authentication request message: VALID"
time="2026-08-11T17:01:30+08:00" level=info msg="[UE][NAS] Send authentication response"
time="2026-08-11T17:01:30+08:00" level=info msg="[UE] Switched from state 1 to state 2"
time="2026-08-11T17:01:30+08:00" level=info msg="[GNB][SCTP] Receive message in 0 stream\n"
time="2026-08-11T17:01:30+08:00" level=info msg="[GNB][SCTP] Receive message in 0 stream\n"
time="2026-08-11T17:01:30+08:00" level=info msg="[GNB][NGAP] Receive Downlink NAS Transport"
time="2026-08-11T17:01:30+08:00" level=info msg="[UE][NAS] Message without security header"
time="2026-08-11T17:01:30+08:00" level=info msg="[UE][NAS] Receive Authentication Request"
time="2026-08-11T17:01:30+08:00" level=info msg="[UE][NAS][MAC] Authenticity of the authentication request message: OK"
time="2026-08-11T17:01:30+08:00" level=info msg="[UE][NAS][SQN] SQN of the authentication request message: VALID"
time="2026-08-11T17:01:30+08:00" level=info msg="[UE][NAS] Send authentication response"
time="2026-08-11T17:01:30+08:00" level=info msg="[GNB][NGAP] Receive Downlink NAS Transport"
time="2026-08-11T17:01:30+08:00" level=info msg="[UE] Switched from state 1 to state 2"
time="2026-08-11T17:01:30+08:00" level=info msg="[UE][NAS] Message without security header"
time="2026-08-11T17:01:30+08:00" level=info msg="[UE][NAS] Receive Authentication Request"
time="2026-08-11T17:01:30+08:00" level=info msg="[UE][NAS][MAC] Authenticity of the authentication request message: OK"
time="2026-08-11T17:01:30+08:00" level=info msg="[UE][NAS][SQN] SQN of the authentication request message: VALID"
time="2026-08-11T17:01:30+08:00" level=info msg="[UE][NAS] Send authentication response"
time="2026-08-11T17:01:30+08:00" level=info msg="[UE] Switched from state 1 to state 2"
time="2026-08-11T17:01:30+08:00" level=info msg="[GNB][SCTP] Receive message in 0 stream\n"
time="2026-08-11T17:01:30+08:00" level=info msg="[GNB][SCTP] Receive message in 0 stream\n"
time="2026-08-11T17:01:30+08:00" level=info msg="[GNB][NGAP] Receive Downlink NAS Transport"
time="2026-08-11T17:01:30+08:00" level=info msg="[UE][NAS] Message without security header"
time="2026-08-11T17:01:30+08:00" level=info msg="[UE][NAS] Receive Authentication Request"
time="2026-08-11T17:01:30+08:00" level=info msg="[GNB][NGAP] Receive Downlink NAS Transport"
time="2026-08-11T17:01:30+08:00" level=info msg="[UE][NAS][MAC] Authenticity of the authentication request message: OK"
time="2026-08-11T17:01:30+08:00" level=info msg="[UE][NAS][SQN] SQN of the authentication request message: VALID"
time="2026-08-11T17:01:30+08:00" level=info msg="[UE][NAS] Send authentication response"
time="2026-08-11T17:01:30+08:00" level=info msg="[UE][NAS] Message with security header"
time="2026-08-11T17:01:30+08:00" level=info msg="[UE][NAS] Message with integrity and with NEW 5G NAS SECURITY CONTEXT"
time="2026-08-11T17:01:30+08:00" level=info msg="[UE][NAS] successful NAS MAC verification"
time="2026-08-11T17:01:30+08:00" level=info msg="[UE][NAS] Receive Security Mode Command"
time="2026-08-11T17:01:30+08:00" level=info msg="[UE][NAS] Type of ciphering algorithm is 5G-EA0"
time="2026-08-11T17:01:30+08:00" level=info msg="[UE][NAS] Type of integrity protection algorithm is 128-5G-IA2"
time="2026-08-11T17:01:30+08:00" level=info msg="[UE] Switched from state 1 to state 2"
time="2026-08-11T17:01:30+08:00" level=info msg="[GNB][SCTP] Receive message in 0 stream\n"
time="2026-08-11T17:01:30+08:00" level=info msg="[GNB][NGAP] Receive Downlink NAS Transport"
time="2026-08-11T17:01:30+08:00" level=info msg="[UE][NAS] Message with security header"
time="2026-08-11T17:01:30+08:00" level=info msg="[UE][NAS] Message with integrity and ciphered"
time="2026-08-11T17:01:30+08:00" level=info msg="[UE][NAS] successful NAS CIPHERING"
time="2026-08-11T17:01:30+08:00" level=info msg="[UE][NAS] successful NAS MAC verification"
time="2026-08-11T17:01:30+08:00" level=info msg="[UE][NAS] Receive Configuration Update Command"
time="2026-08-11T17:01:30+08:00" level=info msg="[UE] Initiating Configuration Update Complete"
time="2026-08-11T17:01:30+08:00" level=info msg="[GNB][SCTP] Receive message in 0 stream\n"
time="2026-08-11T17:01:30+08:00" level=info msg="[GNB][NGAP] Receive Downlink NAS Transport"
time="2026-08-11T17:01:30+08:00" level=info msg="[UE][NAS] Message with security header"
time="2026-08-11T17:01:30+08:00" level=info msg="[UE][NAS] Message with integrity and with NEW 5G NAS SECURITY CONTEXT"
time="2026-08-11T17:01:30+08:00" level=info msg="[UE][NAS] successful NAS MAC verification"
time="2026-08-11T17:01:30+08:00" level=info msg="[UE][NAS] Receive Security Mode Command"
time="2026-08-11T17:01:30+08:00" level=info msg="[UE][NAS] Type of ciphering algorithm is 5G-EA0"
time="2026-08-11T17:01:30+08:00" level=info msg="[UE][NAS] Type of integrity protection algorithm is 128-5G-IA2"
time="2026-08-11T17:01:30+08:00" level=info msg="[GNB][SCTP] Receive message in 0 stream\n"
time="2026-08-11T17:01:30+08:00" level=info msg="[GNB][NGAP] Receive Initial Context Setup Request"
time="2026-08-11T17:01:30+08:00" level=info msg="[GNB][UE] UE Context was created with successful"
time="2026-08-11T17:01:30+08:00" level=info msg="[GNB][UE] UE RAN ID 22"
time="2026-08-11T17:01:30+08:00" level=info msg="[GNB][UE] UE AMF ID 286"
time="2026-08-11T17:01:30+08:00" level=info msg="[GNB][UE] UE Mobility Restrict --Plmn-- Mcc: 208 Mnc: 93"
time="2026-08-11T17:01:30+08:00" level=info msg="[GNB][UE] UE Masked Imeisv: 1110000000ffff00"
time="2026-08-11T17:01:30+08:00" level=info msg="[GNB][UE] Allowed Nssai-- Sst: [01 01] Sd: [010203 112233]"
time="2026-08-11T17:01:30+08:00" level=info msg="[GNB][NGAP][AMF] Send Initial Context Setup Response."
time="2026-08-11T17:01:30+08:00" level=info msg="[GNB] Initiating Initial Context Setup Response"
time="2026-08-11T17:01:30+08:00" level=info msg="[GNB][NGAP] No PDU Session to set up in InitialContextSetupResponse."
time="2026-08-11T17:01:30+08:00" level=info msg="[UE][NAS] Message with security header"
time="2026-08-11T17:01:30+08:00" level=info msg="[UE][NAS] Message with integrity and ciphered"
time="2026-08-11T17:01:30+08:00" level=info msg="[UE][NAS] successful NAS CIPHERING"
time="2026-08-11T17:01:30+08:00" level=info msg="[UE][NAS] successful NAS MAC verification"
time="2026-08-11T17:01:30+08:00" level=info msg="[UE][NAS] Receive Registration Accept"
time="2026-08-11T17:01:30+08:00" level=info msg="[UE][NAS] UE 5G GUTI: &{119 11 [242 2 248 57 202 254 0 0 0 0 224]}"
time="2026-08-11T17:01:30+08:00" level=info msg="[UE] Switched from state 2 to state 3"
time="2026-08-11T17:01:30+08:00" level=info msg="[GNB][SCTP] Receive message in 0 stream\n"
time="2026-08-11T17:01:30+08:00" level=info msg="[GNB][NGAP] Receive Downlink NAS Transport"
time="2026-08-11T17:01:30+08:00" level=info msg="[UE][NAS] Message without security header"
time="2026-08-11T17:01:30+08:00" level=info msg="[UE][NAS] Receive Authentication Request"
time="2026-08-11T17:01:30+08:00" level=info msg="[UE][NAS][MAC] Authenticity of the authentication request message: OK"
time="2026-08-11T17:01:30+08:00" level=info msg="[UE][NAS][SQN] SQN of the authentication request message: VALID"
time="2026-08-11T17:01:30+08:00" level=info msg="[UE][NAS] Send authentication response"
time="2026-08-11T17:01:30+08:00" level=info msg="[UE] Switched from state 1 to state 2"
time="2026-08-11T17:01:30+08:00" level=info msg="[GNB][SCTP] Receive message in 0 stream\n"
time="2026-08-11T17:01:30+08:00" level=info msg="[GNB][NGAP] Receive Downlink NAS Transport"
time="2026-08-11T17:01:30+08:00" level=info msg="[UE][NAS] Message without security header"
time="2026-08-11T17:01:30+08:00" level=info msg="[UE][NAS] Receive Authentication Request"
time="2026-08-11T17:01:30+08:00" level=info msg="[UE][NAS][MAC] Authenticity of the authentication request message: OK"
time="2026-08-11T17:01:30+08:00" level=info msg="[UE][NAS][SQN] SQN of the authentication request message: VALID"
time="2026-08-11T17:01:30+08:00" level=info msg="[UE][NAS] Send authentication response"
time="2026-08-11T17:01:30+08:00" level=info msg="[UE] Switched from state 1 to state 2"
time="2026-08-11T17:01:30+08:00" level=info msg="[GNB][SCTP] Receive message in 0 stream\n"
time="2026-08-11T17:01:30+08:00" level=info msg="[GNB][NGAP] Receive Downlink NAS Transport"
time="2026-08-11T17:01:30+08:00" level=info msg="[UE][NAS] Message without security header"
time="2026-08-11T17:01:30+08:00" level=info msg="[UE][NAS] Receive Authentication Request"
time="2026-08-11T17:01:30+08:00" level=info msg="[UE][NAS][MAC] Authenticity of the authentication request message: OK"
time="2026-08-11T17:01:30+08:00" level=info msg="[UE][NAS][SQN] SQN of the authentication request message: VALID"
time="2026-08-11T17:01:30+08:00" level=info msg="[UE][NAS] Send authentication response"
time="2026-08-11T17:01:30+08:00" level=info msg="[UE] Switched from state 1 to state 2"
time="2026-08-11T17:01:30+08:00" level=info msg="[GNB][SCTP] Receive message in 0 stream\n"
time="2026-08-11T17:01:30+08:00" level=info msg="[GNB][NGAP] Receive Downlink NAS Transport"
time="2026-08-11T17:01:30+08:00" level=info msg="[UE][NAS] Message with security header"
time="2026-08-11T17:01:30+08:00" level=info msg="[UE][NAS] Message with integrity and ciphered"
time="2026-08-11T17:01:30+08:00" level=info msg="[UE][NAS] successful NAS CIPHERING"
time="2026-08-11T17:01:30+08:00" level=info msg="[UE][NAS] successful NAS MAC verification"
time="2026-08-11T17:01:30+08:00" level=info msg="[UE][NAS] Receive Configuration Update Command"
time="2026-08-11T17:01:30+08:00" level=info msg="[UE] Initiating Configuration Update Complete"
time="2026-08-11T17:01:30+08:00" level=info msg="[GNB][SCTP] Receive message in 0 stream\n"
time="2026-08-11T17:01:30+08:00" level=info msg="[GNB][SCTP] Receive message in 0 stream\n"
time="2026-08-11T17:01:30+08:00" level=info msg="[GNB][NGAP] Receive Downlink NAS Transport"
time="2026-08-11T17:01:30+08:00" level=info msg="[UE][NAS] Message without security header"
time="2026-08-11T17:01:30+08:00" level=info msg="[UE][NAS] Receive Authentication Request"
time="2026-08-11T17:01:30+08:00" level=info msg="[UE][NAS][MAC] Authenticity of the authentication request message: OK"
time="2026-08-11T17:01:30+08:00" level=info msg="[UE][NAS][SQN] SQN of the authentication request message: VALID"
time="2026-08-11T17:01:30+08:00" level=info msg="[UE][NAS] Send authentication response"
time="2026-08-11T17:01:30+08:00" level=info msg="[GNB][NGAP] Receive Downlink NAS Transport"
time="2026-08-11T17:01:30+08:00" level=info msg="[UE][NAS] Message without security header"
time="2026-08-11T17:01:30+08:00" level=info msg="[UE][NAS] Receive Authentication Request"
time="2026-08-11T17:01:30+08:00" level=info msg="[UE] Switched from state 1 to state 2"
time="2026-08-11T17:01:30+08:00" level=info msg="[UE][NAS][MAC] Authenticity of the authentication request message: OK"
time="2026-08-11T17:01:30+08:00" level=info msg="[UE][NAS][SQN] SQN of the authentication request message: VALID"
time="2026-08-11T17:01:30+08:00" level=info msg="[UE][NAS] Send authentication response"
time="2026-08-11T17:01:30+08:00" level=info msg="[UE] Switched from state 1 to state 2"
time="2026-08-11T17:01:30+08:00" level=info msg="[GNB][SCTP] Receive message in 0 stream\n"
time="2026-08-11T17:01:30+08:00" level=info msg="[GNB][NGAP] Receive Downlink NAS Transport"
time="2026-08-11T17:01:30+08:00" level=info msg="[UE][NAS] Message with security header"
time="2026-08-11T17:01:30+08:00" level=info msg="[UE][NAS] Message with integrity and with NEW 5G NAS SECURITY CONTEXT"
time="2026-08-11T17:01:30+08:00" level=info msg="[UE][NAS] successful NAS MAC verification"
time="2026-08-11T17:01:30+08:00" level=info msg="[UE][NAS] Receive Security Mode Command"
time="2026-08-11T17:01:30+08:00" level=info msg="[UE][NAS] Type of ciphering algorithm is 5G-EA0"
time="2026-08-11T17:01:30+08:00" level=info msg="[UE][NAS] Type of integrity protection algorithm is 128-5G-IA2"
time="2026-08-11T17:01:30+08:00" level=info msg="[GNB][SCTP] Receive message in 0 stream\n"
time="2026-08-11T17:01:30+08:00" level=info msg="[GNB][NGAP] Receive Downlink NAS Transport"
time="2026-08-11T17:01:30+08:00" level=info msg="[GNB][SCTP] Receive message in 0 stream\n"
time="2026-08-11T17:01:30+08:00" level=info msg="[UE][NAS] Message without security header"
time="2026-08-11T17:01:30+08:00" level=info msg="[UE][NAS] Receive Authentication Request"
time="2026-08-11T17:01:30+08:00" level=info msg="[UE][NAS][MAC] Authenticity of the authentication request message: OK"
time="2026-08-11T17:01:30+08:00" level=info msg="[UE][NAS][SQN] SQN of the authentication request message: VALID"
time="2026-08-11T17:01:30+08:00" level=info msg="[UE][NAS] Send authentication response"
time="2026-08-11T17:01:30+08:00" level=info msg="[GNB][NGAP] Receive Downlink NAS Transport"
time="2026-08-11T17:01:30+08:00" level=info msg="[UE][NAS] Message without security header"
time="2026-08-11T17:01:30+08:00" level=info msg="[UE][NAS] Receive Authentication Request"
time="2026-08-11T17:01:30+08:00" level=info msg="[UE][NAS][MAC] Authenticity of the authentication request message: OK"
time="2026-08-11T17:01:30+08:00" level=info msg="[UE][NAS][SQN] SQN of the authentication request message: VALID"
time="2026-08-11T17:01:30+08:00" level=info msg="[UE][NAS] Send authentication response"
time="2026-08-11T17:01:30+08:00" level=info msg="[UE] Switched from state 1 to state 2"
time="2026-08-11T17:01:30+08:00" level=info msg="[UE] Switched from state 1 to state 2"
time="2026-08-11T17:01:30+08:00" level=info msg="[GNB][SCTP] Receive message in 0 stream\n"
time="2026-08-11T17:01:30+08:00" level=info msg="[GNB][NGAP] Receive Downlink NAS Transport"
time="2026-08-11T17:01:30+08:00" level=info msg="[UE][NAS] Message with security header"
time="2026-08-11T17:01:30+08:00" level=info msg="[UE][NAS] Message with integrity and ciphered"
time="2026-08-11T17:01:30+08:00" level=info msg="[UE][NAS] successful NAS CIPHERING"
time="2026-08-11T17:01:30+08:00" level=info msg="[UE][NAS] successful NAS MAC verification"
time="2026-08-11T17:01:30+08:00" level=info msg="[UE][NAS] Receive Configuration Update Command"
time="2026-08-11T17:01:30+08:00" level=info msg="[UE] Initiating Configuration Update Complete"
time="2026-08-11T17:01:30+08:00" level=info msg="[GNB][SCTP] Receive message in 0 stream\n"
time="2026-08-11T17:01:30+08:00" level=info msg="[GNB][NGAP] Receive Downlink NAS Transport"
time="2026-08-11T17:01:30+08:00" level=info msg="[UE][NAS] Message without security header"
time="2026-08-11T17:01:30+08:00" level=info msg="[UE][NAS] Receive Authentication Request"
time="2026-08-11T17:01:30+08:00" level=info msg="[UE][NAS][MAC] Authenticity of the authentication request message: OK"
time="2026-08-11T17:01:30+08:00" level=info msg="[UE][NAS][SQN] SQN of the authentication request message: VALID"
time="2026-08-11T17:01:30+08:00" level=info msg="[UE][NAS] Send authentication response"
time="2026-08-11T17:01:30+08:00" level=info msg="[UE] Switched from state 1 to state 2"
time="2026-08-11T17:01:30+08:00" level=info msg="[GNB][SCTP] Receive message in 0 stream\n"
time="2026-08-11T17:01:30+08:00" level=info msg="[GNB][NGAP] Receive Initial Context Setup Request"
time="2026-08-11T17:01:30+08:00" level=info msg="[GNB][UE] UE Context was created with successful"
time="2026-08-11T17:01:30+08:00" level=info msg="[GNB][UE] UE RAN ID 12"
time="2026-08-11T17:01:30+08:00" level=info msg="[GNB][UE] UE AMF ID 281"
time="2026-08-11T17:01:30+08:00" level=info msg="[GNB][UE] UE Mobility Restrict --Plmn-- Mcc: 208 Mnc: 93"
time="2026-08-11T17:01:30+08:00" level=info msg="[GNB][UE] UE Masked Imeisv: 1110000000ffff00"
time="2026-08-11T17:01:30+08:00" level=info msg="[GNB][UE] Allowed Nssai-- Sst: [01 01] Sd: [010203 112233]"
time="2026-08-11T17:01:30+08:00" level=info msg="[GNB][NGAP][AMF] Send Initial Context Setup Response."
time="2026-08-11T17:01:30+08:00" level=info msg="[GNB] Initiating Initial Context Setup Response"
time="2026-08-11T17:01:30+08:00" level=info msg="[GNB][NGAP] No PDU Session to set up in InitialContextSetupResponse."
time="2026-08-11T17:01:30+08:00" level=info msg="[UE][NAS] Message with security header"
time="2026-08-11T17:01:30+08:00" level=info msg="[UE][NAS] Message with integrity and ciphered"
time="2026-08-11T17:01:30+08:00" level=info msg="[UE][NAS] successful NAS CIPHERING"
time="2026-08-11T17:01:30+08:00" level=info msg="[UE][NAS] successful NAS MAC verification"
time="2026-08-11T17:01:30+08:00" level=info msg="[UE][NAS] Receive Registration Accept"
time="2026-08-11T17:01:30+08:00" level=info msg="[UE][NAS] UE 5G GUTI: &{119 11 [242 2 248 57 202 254 0 0 0 0 219]}"
time="2026-08-11T17:01:30+08:00" level=info msg="[GNB][SCTP] Receive message in 0 stream\n"
time="2026-08-11T17:01:30+08:00" level=info msg="[UE] Switched from state 2 to state 3"
time="2026-08-11T17:01:30+08:00" level=info msg="[GNB][NGAP] Receive Downlink NAS Transport"
time="2026-08-11T17:01:30+08:00" level=info msg="[UE][NAS] Message with security header"
time="2026-08-11T17:01:30+08:00" level=info msg="[UE][NAS] Message with integrity and with NEW 5G NAS SECURITY CONTEXT"
time="2026-08-11T17:01:30+08:00" level=info msg="[UE][NAS] successful NAS MAC verification"
time="2026-08-11T17:01:30+08:00" level=info msg="[UE][NAS] Receive Security Mode Command"
time="2026-08-11T17:01:30+08:00" level=info msg="[UE][NAS] Type of ciphering algorithm is 5G-EA0"
time="2026-08-11T17:01:30+08:00" level=info msg="[UE][NAS] Type of integrity protection algorithm is 128-5G-IA2"
time="2026-08-11T17:01:30+08:00" level=info msg="[GNB][SCTP] Receive message in 0 stream\n"
time="2026-08-11T17:01:30+08:00" level=info msg="[GNB][NGAP] Receive Downlink NAS Transport"
time="2026-08-11T17:01:30+08:00" level=info msg="[UE][NAS] Message with security header"
time="2026-08-11T17:01:30+08:00" level=info msg="[UE][NAS] Message with integrity and with NEW 5G NAS SECURITY CONTEXT"
time="2026-08-11T17:01:30+08:00" level=info msg="[UE][NAS] successful NAS MAC verification"
time="2026-08-11T17:01:30+08:00" level=info msg="[UE][NAS] Receive Security Mode Command"
time="2026-08-11T17:01:30+08:00" level=info msg="[UE][NAS] Type of ciphering algorithm is 5G-EA0"
time="2026-08-11T17:01:30+08:00" level=info msg="[UE][NAS] Type of integrity protection algorithm is 128-5G-IA2"
time="2026-08-11T17:01:31+08:00" level=info msg="[GNB][SCTP] Receive message in 0 stream\n"
time="2026-08-11T17:01:31+08:00" level=info msg="[GNB][NGAP] Receive Initial Context Setup Request"
time="2026-08-11T17:01:31+08:00" level=info msg="[GNB][UE] UE Context was created with successful"
time="2026-08-11T17:01:31+08:00" level=info msg="[GNB][UE] UE RAN ID 9"
time="2026-08-11T17:01:31+08:00" level=info msg="[GNB][UE] UE AMF ID 277"
time="2026-08-11T17:01:31+08:00" level=info msg="[GNB][UE] UE Mobility Restrict --Plmn-- Mcc: 208 Mnc: 93"
time="2026-08-11T17:01:31+08:00" level=info msg="[GNB][UE] UE Masked Imeisv: 1110000000ffff00"
time="2026-08-11T17:01:31+08:00" level=info msg="[GNB][UE] Allowed Nssai-- Sst: [01 01] Sd: [010203 112233]"
time="2026-08-11T17:01:31+08:00" level=info msg="[GNB][NGAP][AMF] Send Initial Context Setup Response."
time="2026-08-11T17:01:31+08:00" level=info msg="[GNB] Initiating Initial Context Setup Response"
time="2026-08-11T17:01:31+08:00" level=info msg="[GNB][NGAP] No PDU Session to set up in InitialContextSetupResponse."
time="2026-08-11T17:01:31+08:00" level=info msg="[UE][NAS] Message with security header"
time="2026-08-11T17:01:31+08:00" level=info msg="[UE][NAS] Message with integrity and ciphered"
time="2026-08-11T17:01:31+08:00" level=info msg="[UE][NAS] successful NAS CIPHERING"
time="2026-08-11T17:01:31+08:00" level=info msg="[UE][NAS] successful NAS MAC verification"
time="2026-08-11T17:01:31+08:00" level=info msg="[UE][NAS] Receive Registration Accept"
time="2026-08-11T17:01:31+08:00" level=info msg="[UE][NAS] UE 5G GUTI: &{119 11 [242 2 248 57 202 254 0 0 0 0 215]}"
time="2026-08-11T17:01:31+08:00" level=info msg="[UE] Switched from state 2 to state 3"
time="2026-08-11T17:01:31+08:00" level=info msg="[GNB][SCTP] Receive message in 0 stream\n"
time="2026-08-11T17:01:31+08:00" level=info msg="[GNB][NGAP] Receive Downlink NAS Transport"
time="2026-08-11T17:01:31+08:00" level=info msg="[UE][NAS] Message without security header"
time="2026-08-11T17:01:31+08:00" level=info msg="[UE][NAS] Receive Authentication Request"
time="2026-08-11T17:01:31+08:00" level=info msg="[UE][NAS][MAC] Authenticity of the authentication request message: OK"
time="2026-08-11T17:01:31+08:00" level=info msg="[UE][NAS][SQN] SQN of the authentication request message: VALID"
time="2026-08-11T17:01:31+08:00" level=info msg="[UE][NAS] Send authentication response"
time="2026-08-11T17:01:31+08:00" level=info msg="[UE] Switched from state 1 to state 2"
time="2026-08-11T17:01:31+08:00" level=info msg="[GNB][SCTP] Receive message in 0 stream\n"
time="2026-08-11T17:01:31+08:00" level=info msg="[GNB][NGAP] Receive Downlink NAS Transport"
time="2026-08-11T17:01:31+08:00" level=info msg="[UE][NAS] Message without security header"
time="2026-08-11T17:01:31+08:00" level=info msg="[UE][NAS] Receive Authentication Request"
time="2026-08-11T17:01:31+08:00" level=info msg="[UE][NAS][MAC] Authenticity of the authentication request message: OK"
time="2026-08-11T17:01:31+08:00" level=info msg="[UE][NAS][SQN] SQN of the authentication request message: VALID"
time="2026-08-11T17:01:31+08:00" level=info msg="[UE][NAS] Send authentication response"
time="2026-08-11T17:01:31+08:00" level=info msg="[UE] Switched from state 1 to state 2"
time="2026-08-11T17:01:31+08:00" level=info msg="[GNB][SCTP] Receive message in 0 stream\n"
time="2026-08-11T17:01:31+08:00" level=info msg="[GNB][NGAP] Receive Downlink NAS Transport"
time="2026-08-11T17:01:31+08:00" level=info msg="[UE][NAS] Message without security header"
time="2026-08-11T17:01:31+08:00" level=info msg="[UE][NAS] Receive Authentication Request"
time="2026-08-11T17:01:31+08:00" level=info msg="[UE][NAS][MAC] Authenticity of the authentication request message: OK"
time="2026-08-11T17:01:31+08:00" level=info msg="[UE][NAS][SQN] SQN of the authentication request message: VALID"
time="2026-08-11T17:01:31+08:00" level=info msg="[UE][NAS] Send authentication response"
time="2026-08-11T17:01:31+08:00" level=info msg="[GNB][SCTP] Receive message in 0 stream\n"
time="2026-08-11T17:01:31+08:00" level=info msg="[UE] Switched from state 1 to state 2"
time="2026-08-11T17:01:31+08:00" level=info msg="[GNB][NGAP] Receive Downlink NAS Transport"
time="2026-08-11T17:01:31+08:00" level=info msg="[UE][NAS] Message without security header"
time="2026-08-11T17:01:31+08:00" level=info msg="[UE][NAS] Receive Authentication Request"
time="2026-08-11T17:01:31+08:00" level=info msg="[UE][NAS][MAC] Authenticity of the authentication request message: OK"
time="2026-08-11T17:01:31+08:00" level=info msg="[UE][NAS][SQN] SQN of the authentication request message: VALID"
time="2026-08-11T17:01:31+08:00" level=info msg="[UE][NAS] Send authentication response"
time="2026-08-11T17:01:31+08:00" level=info msg="[UE] Switched from state 1 to state 2"
time="2026-08-11T17:01:31+08:00" level=info msg="[GNB][SCTP] Receive message in 0 stream\n"
time="2026-08-11T17:01:31+08:00" level=info msg="[GNB][SCTP] Receive message in 0 stream\n"
time="2026-08-11T17:01:31+08:00" level=info msg="[GNB][NGAP] Receive Downlink NAS Transport"
time="2026-08-11T17:01:31+08:00" level=info msg="[UE][NAS] Message with security header"
time="2026-08-11T17:01:31+08:00" level=info msg="[UE][NAS] Message with integrity and ciphered"
time="2026-08-11T17:01:31+08:00" level=info msg="[UE][NAS] successful NAS CIPHERING"
time="2026-08-11T17:01:31+08:00" level=info msg="[UE][NAS] successful NAS MAC verification"
time="2026-08-11T17:01:31+08:00" level=info msg="[UE][NAS] Receive Configuration Update Command"
time="2026-08-11T17:01:31+08:00" level=info msg="[UE] Initiating Configuration Update Complete"
time="2026-08-11T17:01:31+08:00" level=info msg="[GNB][NGAP] Receive Downlink NAS Transport"
time="2026-08-11T17:01:31+08:00" level=info msg="[UE][NAS] Message with security header"
time="2026-08-11T17:01:31+08:00" level=info msg="[UE][NAS] Message with integrity and with NEW 5G NAS SECURITY CONTEXT"
time="2026-08-11T17:01:31+08:00" level=info msg="[UE][NAS] successful NAS MAC verification"
time="2026-08-11T17:01:31+08:00" level=info msg="[UE][NAS] Receive Security Mode Command"
time="2026-08-11T17:01:31+08:00" level=info msg="[UE][NAS] Type of ciphering algorithm is 5G-EA0"
time="2026-08-11T17:01:31+08:00" level=info msg="[UE][NAS] Type of integrity protection algorithm is 128-5G-IA2"
time="2026-08-11T17:01:31+08:00" level=info msg="[GNB][SCTP] Receive message in 0 stream\n"
time="2026-08-11T17:01:31+08:00" level=info msg="[GNB][NGAP] Receive Downlink NAS Transport"
time="2026-08-11T17:01:31+08:00" level=info msg="[UE][NAS] Message with security header"
time="2026-08-11T17:01:31+08:00" level=info msg="[UE][NAS] Message with integrity and with NEW 5G NAS SECURITY CONTEXT"
time="2026-08-11T17:01:31+08:00" level=info msg="[UE][NAS] successful NAS MAC verification"
time="2026-08-11T17:01:31+08:00" level=info msg="[UE][NAS] Receive Security Mode Command"
time="2026-08-11T17:01:31+08:00" level=info msg="[UE][NAS] Type of ciphering algorithm is 5G-EA0"
time="2026-08-11T17:01:31+08:00" level=info msg="[UE][NAS] Type of integrity protection algorithm is 128-5G-IA2"
time="2026-08-11T17:01:31+08:00" level=info msg="[GNB][SCTP] Receive message in 0 stream\n"
time="2026-08-11T17:01:31+08:00" level=info msg="[GNB][NGAP] Receive Downlink NAS Transport"
time="2026-08-11T17:01:31+08:00" level=info msg="[UE][NAS] Message without security header"
time="2026-08-11T17:01:31+08:00" level=info msg="[UE][NAS] Receive Authentication Request"
time="2026-08-11T17:01:31+08:00" level=info msg="[UE][NAS][MAC] Authenticity of the authentication request message: OK"
time="2026-08-11T17:01:31+08:00" level=info msg="[UE][NAS][SQN] SQN of the authentication request message: VALID"
time="2026-08-11T17:01:31+08:00" level=info msg="[UE][NAS] Send authentication response"
time="2026-08-11T17:01:31+08:00" level=info msg="[UE] Switched from state 1 to state 2"
time="2026-08-11T17:01:31+08:00" level=info msg="[GNB][SCTP] Receive message in 0 stream\n"
time="2026-08-11T17:01:31+08:00" level=info msg="[GNB][NGAP] Receive Downlink NAS Transport"
time="2026-08-11T17:01:31+08:00" level=info msg="[UE][NAS] Message without security header"
time="2026-08-11T17:01:31+08:00" level=info msg="[UE][NAS] Receive Authentication Request"
time="2026-08-11T17:01:31+08:00" level=info msg="[UE][NAS][MAC] Authenticity of the authentication request message: OK"
time="2026-08-11T17:01:31+08:00" level=info msg="[UE][NAS][SQN] SQN of the authentication request message: VALID"
time="2026-08-11T17:01:31+08:00" level=info msg="[UE][NAS] Send authentication response"
time="2026-08-11T17:01:31+08:00" level=info msg="[UE] Switched from state 1 to state 2"
time="2026-08-11T17:01:31+08:00" level=info msg="[GNB][SCTP] Receive message in 0 stream\n"
time="2026-08-11T17:01:31+08:00" level=info msg="[GNB][NGAP] Receive Downlink NAS Transport"
time="2026-08-11T17:01:31+08:00" level=info msg="[UE][NAS] Message with security header"
time="2026-08-11T17:01:31+08:00" level=info msg="[UE][NAS] Message with integrity and with NEW 5G NAS SECURITY CONTEXT"
time="2026-08-11T17:01:31+08:00" level=info msg="[UE][NAS] successful NAS MAC verification"
time="2026-08-11T17:01:31+08:00" level=info msg="[UE][NAS] Receive Security Mode Command"
time="2026-08-11T17:01:31+08:00" level=info msg="[UE][NAS] Type of ciphering algorithm is 5G-EA0"
time="2026-08-11T17:01:31+08:00" level=info msg="[UE][NAS] Type of integrity protection algorithm is 128-5G-IA2"
time="2026-08-11T17:01:31+08:00" level=info msg="[GNB][SCTP] Receive message in 0 stream\n"
time="2026-08-11T17:01:31+08:00" level=info msg="[GNB][NGAP] Receive Initial Context Setup Request"
time="2026-08-11T17:01:31+08:00" level=info msg="[GNB][UE] UE Context was created with successful"
time="2026-08-11T17:01:31+08:00" level=info msg="[GNB][UE] UE RAN ID 28"
time="2026-08-11T17:01:31+08:00" level=info msg="[GNB][UE] UE AMF ID 288"
time="2026-08-11T17:01:31+08:00" level=info msg="[GNB][UE] UE Mobility Restrict --Plmn-- Mcc: 208 Mnc: 93"
time="2026-08-11T17:01:31+08:00" level=info msg="[GNB][UE] UE Masked Imeisv: 1110000000ffff00"
time="2026-08-11T17:01:31+08:00" level=info msg="[GNB][UE] Allowed Nssai-- Sst: [01 01] Sd: [010203 112233]"
time="2026-08-11T17:01:31+08:00" level=info msg="[GNB][NGAP][AMF] Send Initial Context Setup Response."
time="2026-08-11T17:01:31+08:00" level=info msg="[GNB] Initiating Initial Context Setup Response"
time="2026-08-11T17:01:31+08:00" level=info msg="[GNB][NGAP] No PDU Session to set up in InitialContextSetupResponse."
time="2026-08-11T17:01:31+08:00" level=info msg="[UE][NAS] Message with security header"
time="2026-08-11T17:01:31+08:00" level=info msg="[UE][NAS] Message with integrity and ciphered"
time="2026-08-11T17:01:31+08:00" level=info msg="[UE][NAS] successful NAS CIPHERING"
time="2026-08-11T17:01:31+08:00" level=info msg="[UE][NAS] successful NAS MAC verification"
time="2026-08-11T17:01:31+08:00" level=info msg="[UE][NAS] Receive Registration Accept"
time="2026-08-11T17:01:31+08:00" level=info msg="[UE][NAS] UE 5G GUTI: &{119 11 [242 2 248 57 202 254 0 0 0 0 226]}"
time="2026-08-11T17:01:31+08:00" level=info msg="[UE] Switched from state 2 to state 3"
time="2026-08-11T17:01:31+08:00" level=info msg="[GNB][SCTP] Receive message in 0 stream\n"
time="2026-08-11T17:01:31+08:00" level=info msg="[GNB][NGAP] Receive Downlink NAS Transport"
time="2026-08-11T17:01:31+08:00" level=info msg="[UE][NAS] Message with security header"
time="2026-08-11T17:01:31+08:00" level=info msg="[UE][NAS] Message with integrity and with NEW 5G NAS SECURITY CONTEXT"
time="2026-08-11T17:01:31+08:00" level=info msg="[UE][NAS] successful NAS MAC verification"
time="2026-08-11T17:01:31+08:00" level=info msg="[UE][NAS] Receive Security Mode Command"
time="2026-08-11T17:01:31+08:00" level=info msg="[UE][NAS] Type of ciphering algorithm is 5G-EA0"
time="2026-08-11T17:01:31+08:00" level=info msg="[UE][NAS] Type of integrity protection algorithm is 128-5G-IA2"
time="2026-08-11T17:01:31+08:00" level=info msg="[GNB][SCTP] Receive message in 0 stream\n"
time="2026-08-11T17:01:31+08:00" level=info msg="[GNB][SCTP] Receive message in 0 stream\n"
time="2026-08-11T17:01:31+08:00" level=info msg="[GNB][NGAP] Receive Downlink NAS Transport"
time="2026-08-11T17:01:31+08:00" level=info msg="[UE][NAS] Message without security header"
time="2026-08-11T17:01:31+08:00" level=info msg="[UE][NAS] Receive Authentication Request"
time="2026-08-11T17:01:31+08:00" level=info msg="[UE][NAS][MAC] Authenticity of the authentication request message: OK"
time="2026-08-11T17:01:31+08:00" level=info msg="[UE][NAS][SQN] SQN of the authentication request message: VALID"
time="2026-08-11T17:01:31+08:00" level=info msg="[UE][NAS] Send authentication response"
time="2026-08-11T17:01:31+08:00" level=info msg="[UE] Switched from state 1 to state 2"
time="2026-08-11T17:01:31+08:00" level=info msg="[GNB][NGAP] Receive Downlink NAS Transport"
time="2026-08-11T17:01:31+08:00" level=info msg="[UE][NAS] Message without security header"
time="2026-08-11T17:01:31+08:00" level=info msg="[UE][NAS] Receive Authentication Request"
time="2026-08-11T17:01:31+08:00" level=info msg="[UE][NAS][MAC] Authenticity of the authentication request message: OK"
time="2026-08-11T17:01:31+08:00" level=info msg="[UE][NAS][SQN] SQN of the authentication request message: VALID"
time="2026-08-11T17:01:31+08:00" level=info msg="[UE][NAS] Send authentication response"
time="2026-08-11T17:01:31+08:00" level=info msg="[UE] Switched from state 1 to state 2"
time="2026-08-11T17:01:31+08:00" level=info msg="[GNB][SCTP] Receive message in 0 stream\n"
time="2026-08-11T17:01:31+08:00" level=info msg="[GNB][SCTP] Receive message in 0 stream\n"
time="2026-08-11T17:01:31+08:00" level=info msg="[GNB][NGAP] Receive Downlink NAS Transport"
time="2026-08-11T17:01:31+08:00" level=info msg="[UE][NAS] Message with security header"
time="2026-08-11T17:01:31+08:00" level=info msg="[UE][NAS] Message with integrity and with NEW 5G NAS SECURITY CONTEXT"
time="2026-08-11T17:01:31+08:00" level=info msg="[UE][NAS] successful NAS MAC verification"
time="2026-08-11T17:01:31+08:00" level=info msg="[UE][NAS] Receive Security Mode Command"
time="2026-08-11T17:01:31+08:00" level=info msg="[UE][NAS] Type of ciphering algorithm is 5G-EA0"
time="2026-08-11T17:01:31+08:00" level=info msg="[UE][NAS] Type of integrity protection algorithm is 128-5G-IA2"
time="2026-08-11T17:01:31+08:00" level=info msg="[GNB][SCTP] Receive message in 0 stream\n"
time="2026-08-11T17:01:31+08:00" level=info msg="[GNB][NGAP] Receive Downlink NAS Transport"
time="2026-08-11T17:01:31+08:00" level=info msg="[UE][NAS] Message without security header"
time="2026-08-11T17:01:31+08:00" level=info msg="[UE][NAS] Receive Authentication Request"
time="2026-08-11T17:01:31+08:00" level=info msg="[UE][NAS][MAC] Authenticity of the authentication request message: OK"
time="2026-08-11T17:01:31+08:00" level=info msg="[UE][NAS][SQN] SQN of the authentication request message: VALID"
time="2026-08-11T17:01:31+08:00" level=info msg="[UE][NAS] Send authentication response"
time="2026-08-11T17:01:31+08:00" level=info msg="[UE] Switched from state 1 to state 2"
time="2026-08-11T17:01:31+08:00" level=info msg="[GNB][NGAP] Receive Downlink NAS Transport"
time="2026-08-11T17:01:31+08:00" level=info msg="[UE][NAS] Message with security header"
time="2026-08-11T17:01:31+08:00" level=info msg="[UE][NAS] Message with integrity and with NEW 5G NAS SECURITY CONTEXT"
time="2026-08-11T17:01:31+08:00" level=info msg="[UE][NAS] successful NAS MAC verification"
time="2026-08-11T17:01:31+08:00" level=info msg="[UE][NAS] Receive Security Mode Command"
time="2026-08-11T17:01:31+08:00" level=info msg="[UE][NAS] Type of ciphering algorithm is 5G-EA0"
time="2026-08-11T17:01:31+08:00" level=info msg="[UE][NAS] Type of integrity protection algorithm is 128-5G-IA2"
time="2026-08-11T17:01:31+08:00" level=info msg="[GNB][SCTP] Receive message in 0 stream\n"
time="2026-08-11T17:01:31+08:00" level=info msg="[GNB][SCTP] Receive message in 0 stream\n"
time="2026-08-11T17:01:31+08:00" level=info msg="[GNB][NGAP] Receive Downlink NAS Transport"
time="2026-08-11T17:01:31+08:00" level=info msg="[UE][NAS] Message without security header"
time="2026-08-11T17:01:31+08:00" level=info msg="[UE][NAS] Receive Authentication Request"
time="2026-08-11T17:01:31+08:00" level=info msg="[UE][NAS][MAC] Authenticity of the authentication request message: OK"
time="2026-08-11T17:01:31+08:00" level=info msg="[UE][NAS][SQN] SQN of the authentication request message: VALID"
time="2026-08-11T17:01:31+08:00" level=info msg="[UE][NAS] Send authentication response"
time="2026-08-11T17:01:31+08:00" level=info msg="[UE] Switched from state 1 to state 2"
time="2026-08-11T17:01:31+08:00" level=info msg="[GNB][NGAP] Receive Downlink NAS Transport"
time="2026-08-11T17:01:31+08:00" level=info msg="[UE][NAS] Message with security header"
time="2026-08-11T17:01:31+08:00" level=info msg="[UE][NAS] Message with integrity and ciphered"
time="2026-08-11T17:01:31+08:00" level=info msg="[UE][NAS] successful NAS CIPHERING"
time="2026-08-11T17:01:31+08:00" level=info msg="[UE][NAS] successful NAS MAC verification"
time="2026-08-11T17:01:31+08:00" level=info msg="[UE][NAS] Receive Configuration Update Command"
time="2026-08-11T17:01:31+08:00" level=info msg="[UE] Initiating Configuration Update Complete"
time="2026-08-11T17:01:31+08:00" level=info msg="[GNB][SCTP] Receive message in 0 stream\n"
time="2026-08-11T17:01:31+08:00" level=info msg="[GNB][NGAP] Receive Initial Context Setup Request"
time="2026-08-11T17:01:31+08:00" level=info msg="[GNB][UE] UE Context was created with successful"
time="2026-08-11T17:01:31+08:00" level=info msg="[GNB][UE] UE RAN ID 6"
time="2026-08-11T17:01:31+08:00" level=info msg="[GNB][UE] UE AMF ID 278"
time="2026-08-11T17:01:31+08:00" level=info msg="[GNB][UE] UE Mobility Restrict --Plmn-- Mcc: 208 Mnc: 93"
time="2026-08-11T17:01:31+08:00" level=info msg="[GNB][UE] UE Masked Imeisv: 1110000000ffff00"
time="2026-08-11T17:01:31+08:00" level=info msg="[GNB][UE] Allowed Nssai-- Sst: [01 01] Sd: [010203 112233]"
time="2026-08-11T17:01:31+08:00" level=info msg="[GNB][NGAP][AMF] Send Initial Context Setup Response."
time="2026-08-11T17:01:31+08:00" level=info msg="[GNB] Initiating Initial Context Setup Response"
time="2026-08-11T17:01:31+08:00" level=info msg="[GNB][NGAP] No PDU Session to set up in InitialContextSetupResponse."
time="2026-08-11T17:01:31+08:00" level=info msg="[UE][NAS] Message with security header"
time="2026-08-11T17:01:31+08:00" level=info msg="[UE][NAS] Message with integrity and ciphered"
time="2026-08-11T17:01:31+08:00" level=info msg="[UE][NAS] successful NAS CIPHERING"
time="2026-08-11T17:01:31+08:00" level=info msg="[UE][NAS] successful NAS MAC verification"
time="2026-08-11T17:01:31+08:00" level=info msg="[UE][NAS] Receive Registration Accept"
time="2026-08-11T17:01:31+08:00" level=info msg="[UE][NAS] UE 5G GUTI: &{119 11 [242 2 248 57 202 254 0 0 0 0 216]}"
time="2026-08-11T17:01:31+08:00" level=info msg="[UE] Switched from state 2 to state 3"
time="2026-08-11T17:01:31+08:00" level=info msg="[GNB][SCTP] Receive message in 0 stream\n"
time="2026-08-11T17:01:31+08:00" level=info msg="[GNB][NGAP] Receive Downlink NAS Transport"
time="2026-08-11T17:01:31+08:00" level=info msg="[UE][NAS] Message with security header"
time="2026-08-11T17:01:31+08:00" level=info msg="[UE][NAS] Message with integrity and with NEW 5G NAS SECURITY CONTEXT"
time="2026-08-11T17:01:31+08:00" level=info msg="[GNB][SCTP] Receive message in 0 stream\n"
time="2026-08-11T17:01:31+08:00" level=info msg="[UE][NAS] successful NAS MAC verification"
time="2026-08-11T17:01:31+08:00" level=info msg="[UE][NAS] Receive Security Mode Command"
time="2026-08-11T17:01:31+08:00" level=info msg="[UE][NAS] Type of ciphering algorithm is 5G-EA0"
time="2026-08-11T17:01:31+08:00" level=info msg="[UE][NAS] Type of integrity protection algorithm is 128-5G-IA2"
time="2026-08-11T17:01:31+08:00" level=info msg="[GNB][NGAP] Receive Downlink NAS Transport"
time="2026-08-11T17:01:31+08:00" level=info msg="[UE][NAS] Message with security header"
time="2026-08-11T17:01:31+08:00" level=info msg="[UE][NAS] Message with integrity and with NEW 5G NAS SECURITY CONTEXT"
time="2026-08-11T17:01:31+08:00" level=info msg="[UE][NAS] successful NAS MAC verification"
time="2026-08-11T17:01:31+08:00" level=info msg="[UE][NAS] Receive Security Mode Command"
time="2026-08-11T17:01:31+08:00" level=info msg="[UE][NAS] Type of ciphering algorithm is 5G-EA0"
time="2026-08-11T17:01:31+08:00" level=info msg="[UE][NAS] Type of integrity protection algorithm is 128-5G-IA2"
time="2026-08-11T17:01:31+08:00" level=info msg="[GNB][SCTP] Receive message in 0 stream\n"
time="2026-08-11T17:01:31+08:00" level=info msg="[GNB][NGAP] Receive Downlink NAS Transport"
time="2026-08-11T17:01:31+08:00" level=info msg="[UE][NAS] Message with security header"
time="2026-08-11T17:01:31+08:00" level=info msg="[UE][NAS] Message with integrity and with NEW 5G NAS SECURITY CONTEXT"
time="2026-08-11T17:01:31+08:00" level=info msg="[UE][NAS] successful NAS MAC verification"
time="2026-08-11T17:01:31+08:00" level=info msg="[UE][NAS] Receive Security Mode Command"
time="2026-08-11T17:01:31+08:00" level=info msg="[UE][NAS] Type of ciphering algorithm is 5G-EA0"
time="2026-08-11T17:01:31+08:00" level=info msg="[UE][NAS] Type of integrity protection algorithm is 128-5G-IA2"
time="2026-08-11T17:01:31+08:00" level=info msg="[GNB][SCTP] Receive message in 0 stream\n"
time="2026-08-11T17:01:31+08:00" level=info msg="[GNB][NGAP] Receive Downlink NAS Transport"
time="2026-08-11T17:01:31+08:00" level=info msg="[UE][NAS] Message with security header"
time="2026-08-11T17:01:31+08:00" level=info msg="[UE][NAS] Message with integrity and with NEW 5G NAS SECURITY CONTEXT"
time="2026-08-11T17:01:31+08:00" level=info msg="[UE][NAS] successful NAS MAC verification"
time="2026-08-11T17:01:31+08:00" level=info msg="[UE][NAS] Receive Security Mode Command"
time="2026-08-11T17:01:31+08:00" level=info msg="[UE][NAS] Type of ciphering algorithm is 5G-EA0"
time="2026-08-11T17:01:31+08:00" level=info msg="[UE][NAS] Type of integrity protection algorithm is 128-5G-IA2"
time="2026-08-11T17:01:31+08:00" level=info msg="[GNB][SCTP] Receive message in 0 stream\n"
time="2026-08-11T17:01:31+08:00" level=info msg="[GNB][NGAP] Receive Downlink NAS Transport"
time="2026-08-11T17:01:31+08:00" level=info msg="[UE][NAS] Message with security header"
time="2026-08-11T17:01:31+08:00" level=info msg="[UE][NAS] Message with integrity and with NEW 5G NAS SECURITY CONTEXT"
time="2026-08-11T17:01:31+08:00" level=info msg="[UE][NAS] successful NAS MAC verification"
time="2026-08-11T17:01:31+08:00" level=info msg="[UE][NAS] Receive Security Mode Command"
time="2026-08-11T17:01:31+08:00" level=info msg="[UE][NAS] Type of ciphering algorithm is 5G-EA0"
time="2026-08-11T17:01:31+08:00" level=info msg="[UE][NAS] Type of integrity protection algorithm is 128-5G-IA2"
time="2026-08-11T17:01:31+08:00" level=info msg="[GNB][SCTP] Receive message in 0 stream\n"
time="2026-08-11T17:01:31+08:00" level=info msg="[GNB][NGAP] Receive Downlink NAS Transport"
time="2026-08-11T17:01:31+08:00" level=info msg="[UE][NAS] Message with security header"
time="2026-08-11T17:01:31+08:00" level=info msg="[UE][NAS] Message with integrity and with NEW 5G NAS SECURITY CONTEXT"
time="2026-08-11T17:01:31+08:00" level=info msg="[UE][NAS] successful NAS MAC verification"
time="2026-08-11T17:01:31+08:00" level=info msg="[UE][NAS] Receive Security Mode Command"
time="2026-08-11T17:01:31+08:00" level=info msg="[UE][NAS] Type of ciphering algorithm is 5G-EA0"
time="2026-08-11T17:01:31+08:00" level=info msg="[UE][NAS] Type of integrity protection algorithm is 128-5G-IA2"
time="2026-08-11T17:01:31+08:00" level=info msg="[GNB][SCTP] Receive message in 0 stream\n"
time="2026-08-11T17:01:31+08:00" level=info msg="[GNB][NGAP] Receive Downlink NAS Transport"
time="2026-08-11T17:01:31+08:00" level=info msg="[UE][NAS] Message with security header"
time="2026-08-11T17:01:31+08:00" level=info msg="[UE][NAS] Message with integrity and ciphered"
time="2026-08-11T17:01:31+08:00" level=info msg="[UE][NAS] successful NAS CIPHERING"
time="2026-08-11T17:01:31+08:00" level=info msg="[UE][NAS] successful NAS MAC verification"
time="2026-08-11T17:01:31+08:00" level=info msg="[UE][NAS] Receive Configuration Update Command"
time="2026-08-11T17:01:31+08:00" level=info msg="[UE] Initiating Configuration Update Complete"
time="2026-08-11T17:01:31+08:00" level=info msg="[GNB][SCTP] Receive message in 0 stream\n"
time="2026-08-11T17:01:31+08:00" level=info msg="[GNB][NGAP] Receive Downlink NAS Transport"
time="2026-08-11T17:01:31+08:00" level=info msg="[UE][NAS] Message with security header"
time="2026-08-11T17:01:31+08:00" level=info msg="[UE][NAS] Message with integrity and with NEW 5G NAS SECURITY CONTEXT"
time="2026-08-11T17:01:31+08:00" level=info msg="[UE][NAS] successful NAS MAC verification"
time="2026-08-11T17:01:31+08:00" level=info msg="[UE][NAS] Receive Security Mode Command"
time="2026-08-11T17:01:31+08:00" level=info msg="[UE][NAS] Type of ciphering algorithm is 5G-EA0"
time="2026-08-11T17:01:31+08:00" level=info msg="[UE][NAS] Type of integrity protection algorithm is 128-5G-IA2"
time="2026-08-11T17:01:32+08:00" level=info msg="[GNB][SCTP] Receive message in 0 stream\n"
time="2026-08-11T17:01:32+08:00" level=info msg="[GNB][SCTP] Receive message in 0 stream\n"
time="2026-08-11T17:01:32+08:00" level=info msg="[GNB][NGAP] Receive Downlink NAS Transport"
time="2026-08-11T17:01:32+08:00" level=info msg="[UE][NAS] Message without security header"
time="2026-08-11T17:01:32+08:00" level=info msg="[UE][NAS] Receive Authentication Request"
time="2026-08-11T17:01:32+08:00" level=info msg="[UE][NAS][MAC] Authenticity of the authentication request message: OK"
time="2026-08-11T17:01:32+08:00" level=info msg="[UE][NAS][SQN] SQN of the authentication request message: VALID"
time="2026-08-11T17:01:32+08:00" level=info msg="[UE][NAS] Send authentication response"
time="2026-08-11T17:01:32+08:00" level=info msg="[UE] Switched from state 1 to state 2"
time="2026-08-11T17:01:32+08:00" level=info msg="[GNB][NGAP] Receive Initial Context Setup Request"
time="2026-08-11T17:01:32+08:00" level=info msg="[GNB][UE] UE Context was created with successful"
time="2026-08-11T17:01:32+08:00" level=info msg="[GNB][UE] UE RAN ID 16"
time="2026-08-11T17:01:32+08:00" level=info msg="[GNB][UE] UE AMF ID 283"
time="2026-08-11T17:01:32+08:00" level=info msg="[GNB][UE] UE Mobility Restrict --Plmn-- Mcc: 208 Mnc: 93"
time="2026-08-11T17:01:32+08:00" level=info msg="[GNB][UE] UE Masked Imeisv: 1110000000ffff00"
time="2026-08-11T17:01:32+08:00" level=info msg="[GNB][UE] Allowed Nssai-- Sst: [01 01] Sd: [010203 112233]"
time="2026-08-11T17:01:32+08:00" level=info msg="[GNB][NGAP][AMF] Send Initial Context Setup Response."
time="2026-08-11T17:01:32+08:00" level=info msg="[GNB] Initiating Initial Context Setup Response"
time="2026-08-11T17:01:32+08:00" level=info msg="[GNB][NGAP] No PDU Session to set up in InitialContextSetupResponse."
time="2026-08-11T17:01:32+08:00" level=info msg="[UE][NAS] Message with security header"
time="2026-08-11T17:01:32+08:00" level=info msg="[UE][NAS] Message with integrity and ciphered"
time="2026-08-11T17:01:32+08:00" level=info msg="[UE][NAS] successful NAS CIPHERING"
time="2026-08-11T17:01:32+08:00" level=info msg="[UE][NAS] successful NAS MAC verification"
time="2026-08-11T17:01:32+08:00" level=info msg="[UE][NAS] Receive Registration Accept"
time="2026-08-11T17:01:32+08:00" level=info msg="[UE][NAS] UE 5G GUTI: &{119 11 [242 2 248 57 202 254 0 0 0 0 221]}"
time="2026-08-11T17:01:32+08:00" level=info msg="[UE] Switched from state 2 to state 3"
time="2026-08-11T17:01:32+08:00" level=info msg="[GNB][SCTP] Receive message in 0 stream\n"
time="2026-08-11T17:01:32+08:00" level=info msg="[GNB][NGAP] Receive Downlink NAS Transport"
time="2026-08-11T17:01:32+08:00" level=info msg="[UE][NAS] Message without security header"
time="2026-08-11T17:01:32+08:00" level=info msg="[UE][NAS] Receive Authentication Request"
time="2026-08-11T17:01:32+08:00" level=info msg="[UE][NAS][MAC] Authenticity of the authentication request message: OK"
time="2026-08-11T17:01:32+08:00" level=info msg="[UE][NAS][SQN] SQN of the authentication request message: VALID"
time="2026-08-11T17:01:32+08:00" level=info msg="[UE][NAS] Send authentication response"
time="2026-08-11T17:01:32+08:00" level=info msg="[UE] Switched from state 1 to state 2"
time="2026-08-11T17:01:32+08:00" level=info msg="[GNB][SCTP] Receive message in 0 stream\n"
time="2026-08-11T17:01:32+08:00" level=info msg="[GNB][NGAP] Receive Downlink NAS Transport"
time="2026-08-11T17:01:32+08:00" level=info msg="[UE][NAS] Message with security header"
time="2026-08-11T17:01:32+08:00" level=info msg="[UE][NAS] Message with integrity and ciphered"
time="2026-08-11T17:01:32+08:00" level=info msg="[UE][NAS] successful NAS CIPHERING"
time="2026-08-11T17:01:32+08:00" level=info msg="[UE][NAS] successful NAS MAC verification"
time="2026-08-11T17:01:32+08:00" level=info msg="[UE][NAS] Receive Configuration Update Command"
time="2026-08-11T17:01:32+08:00" level=info msg="[UE] Initiating Configuration Update Complete"
time="2026-08-11T17:01:32+08:00" level=info msg="[GNB][SCTP] Receive message in 0 stream\n"
time="2026-08-11T17:01:32+08:00" level=info msg="[GNB][NGAP] Receive Downlink NAS Transport"
time="2026-08-11T17:01:32+08:00" level=info msg="[UE][NAS] Message with security header"
time="2026-08-11T17:01:32+08:00" level=info msg="[UE][NAS] Message with integrity and with NEW 5G NAS SECURITY CONTEXT"
time="2026-08-11T17:01:32+08:00" level=info msg="[UE][NAS] successful NAS MAC verification"
time="2026-08-11T17:01:32+08:00" level=info msg="[UE][NAS] Receive Security Mode Command"
time="2026-08-11T17:01:32+08:00" level=info msg="[UE][NAS] Type of ciphering algorithm is 5G-EA0"
time="2026-08-11T17:01:32+08:00" level=info msg="[UE][NAS] Type of integrity protection algorithm is 128-5G-IA2"
time="2026-08-11T17:01:32+08:00" level=info msg="[GNB][SCTP] Receive message in 0 stream\n"
time="2026-08-11T17:01:32+08:00" level=info msg="[GNB][NGAP] Receive Downlink NAS Transport"
time="2026-08-11T17:01:32+08:00" level=info msg="[UE][NAS] Message with security header"
time="2026-08-11T17:01:32+08:00" level=info msg="[UE][NAS] Message with integrity and with NEW 5G NAS SECURITY CONTEXT"
time="2026-08-11T17:01:32+08:00" level=info msg="[UE][NAS] successful NAS MAC verification"
time="2026-08-11T17:01:32+08:00" level=info msg="[UE][NAS] Receive Security Mode Command"
time="2026-08-11T17:01:32+08:00" level=info msg="[UE][NAS] Type of ciphering algorithm is 5G-EA0"
time="2026-08-11T17:01:32+08:00" level=info msg="[UE][NAS] Type of integrity protection algorithm is 128-5G-IA2"
time="2026-08-11T17:01:32+08:00" level=info msg="[GNB][SCTP] Receive message in 0 stream\n"
time="2026-08-11T17:01:32+08:00" level=info msg="[GNB][NGAP] Receive Initial Context Setup Request"
time="2026-08-11T17:01:32+08:00" level=info msg="[GNB][UE] UE Context was created with successful"
time="2026-08-11T17:01:32+08:00" level=info msg="[GNB][UE] UE RAN ID 19"
time="2026-08-11T17:01:32+08:00" level=info msg="[GNB][UE] UE AMF ID 294"
time="2026-08-11T17:01:32+08:00" level=info msg="[GNB][UE] UE Mobility Restrict --Plmn-- Mcc: 208 Mnc: 93"
time="2026-08-11T17:01:32+08:00" level=info msg="[GNB][UE] UE Masked Imeisv: 1110000000ffff00"
time="2026-08-11T17:01:32+08:00" level=info msg="[GNB][UE] Allowed Nssai-- Sst: [01 01] Sd: [010203 112233]"
time="2026-08-11T17:01:32+08:00" level=info msg="[GNB][NGAP][AMF] Send Initial Context Setup Response."
time="2026-08-11T17:01:32+08:00" level=info msg="[GNB] Initiating Initial Context Setup Response"
time="2026-08-11T17:01:32+08:00" level=info msg="[GNB][NGAP] No PDU Session to set up in InitialContextSetupResponse."
time="2026-08-11T17:01:32+08:00" level=info msg="[UE][NAS] Message with security header"
time="2026-08-11T17:01:32+08:00" level=info msg="[UE][NAS] Message with integrity and ciphered"
time="2026-08-11T17:01:32+08:00" level=info msg="[UE][NAS] successful NAS CIPHERING"
time="2026-08-11T17:01:32+08:00" level=info msg="[UE][NAS] successful NAS MAC verification"
time="2026-08-11T17:01:32+08:00" level=info msg="[UE][NAS] Receive Registration Accept"
time="2026-08-11T17:01:32+08:00" level=info msg="[UE][NAS] UE 5G GUTI: &{119 11 [242 2 248 57 202 254 0 0 0 0 232]}"
time="2026-08-11T17:01:32+08:00" level=info msg="[UE] Switched from state 2 to state 3"
time="2026-08-11T17:01:32+08:00" level=info msg="[GNB][SCTP] Receive message in 0 stream\n"
time="2026-08-11T17:01:32+08:00" level=info msg="[GNB][NGAP] Receive Downlink NAS Transport"
time="2026-08-11T17:01:32+08:00" level=info msg="[UE][NAS] Message with security header"
time="2026-08-11T17:01:32+08:00" level=info msg="[UE][NAS] Message with integrity and with NEW 5G NAS SECURITY CONTEXT"
time="2026-08-11T17:01:32+08:00" level=info msg="[UE][NAS] successful NAS MAC verification"
time="2026-08-11T17:01:32+08:00" level=info msg="[UE][NAS] Receive Security Mode Command"
time="2026-08-11T17:01:32+08:00" level=info msg="[UE][NAS] Type of ciphering algorithm is 5G-EA0"
time="2026-08-11T17:01:32+08:00" level=info msg="[UE][NAS] Type of integrity protection algorithm is 128-5G-IA2"
time="2026-08-11T17:01:32+08:00" level=info msg="[GNB][SCTP] Receive message in 0 stream\n"
time="2026-08-11T17:01:32+08:00" level=info msg="[GNB][NGAP] Receive Downlink NAS Transport"
time="2026-08-11T17:01:32+08:00" level=info msg="[UE][NAS] Message without security header"
time="2026-08-11T17:01:32+08:00" level=info msg="[UE][NAS] Receive Authentication Request"
time="2026-08-11T17:01:32+08:00" level=info msg="[UE][NAS][MAC] Authenticity of the authentication request message: OK"
time="2026-08-11T17:01:32+08:00" level=info msg="[UE][NAS][SQN] SQN of the authentication request message: VALID"
time="2026-08-11T17:01:32+08:00" level=info msg="[UE][NAS] Send authentication response"
time="2026-08-11T17:01:32+08:00" level=info msg="[UE] Switched from state 1 to state 2"
time="2026-08-11T17:01:32+08:00" level=info msg="[GNB][SCTP] Receive message in 0 stream\n"
time="2026-08-11T17:01:32+08:00" level=info msg="[GNB][NGAP] Receive Downlink NAS Transport"
time="2026-08-11T17:01:32+08:00" level=info msg="[UE][NAS] Message without security header"
time="2026-08-11T17:01:32+08:00" level=info msg="[UE][NAS] Receive Authentication Request"
time="2026-08-11T17:01:32+08:00" level=info msg="[UE][NAS][MAC] Authenticity of the authentication request message: OK"
time="2026-08-11T17:01:32+08:00" level=info msg="[UE][NAS][SQN] SQN of the authentication request message: VALID"
time="2026-08-11T17:01:32+08:00" level=info msg="[UE][NAS] Send authentication response"
time="2026-08-11T17:01:32+08:00" level=info msg="[UE] Switched from state 1 to state 2"
time="2026-08-11T17:01:32+08:00" level=info msg="[GNB][SCTP] Receive message in 0 stream\n"
time="2026-08-11T17:01:32+08:00" level=info msg="[GNB][NGAP] Receive Downlink NAS Transport"
time="2026-08-11T17:01:32+08:00" level=info msg="[UE][NAS] Message with security header"
time="2026-08-11T17:01:32+08:00" level=info msg="[UE][NAS] Message with integrity and with NEW 5G NAS SECURITY CONTEXT"
time="2026-08-11T17:01:32+08:00" level=info msg="[UE][NAS] successful NAS MAC verification"
time="2026-08-11T17:01:32+08:00" level=info msg="[UE][NAS] Receive Security Mode Command"
time="2026-08-11T17:01:32+08:00" level=info msg="[UE][NAS] Type of ciphering algorithm is 5G-EA0"
time="2026-08-11T17:01:32+08:00" level=info msg="[UE][NAS] Type of integrity protection algorithm is 128-5G-IA2"
time="2026-08-11T17:01:32+08:00" level=info msg="[GNB][SCTP] Receive message in 0 stream\n"
time="2026-08-11T17:01:32+08:00" level=info msg="[GNB][NGAP] Receive Downlink NAS Transport"
time="2026-08-11T17:01:32+08:00" level=info msg="[UE][NAS] Message with security header"
time="2026-08-11T17:01:32+08:00" level=info msg="[UE][NAS] Message with integrity and with NEW 5G NAS SECURITY CONTEXT"
time="2026-08-11T17:01:32+08:00" level=info msg="[UE][NAS] successful NAS MAC verification"
time="2026-08-11T17:01:32+08:00" level=info msg="[UE][NAS] Receive Security Mode Command"
time="2026-08-11T17:01:32+08:00" level=info msg="[UE][NAS] Type of ciphering algorithm is 5G-EA0"
time="2026-08-11T17:01:32+08:00" level=info msg="[UE][NAS] Type of integrity protection algorithm is 128-5G-IA2"
time="2026-08-11T17:01:32+08:00" level=info msg="[GNB][SCTP] Receive message in 0 stream\n"
time="2026-08-11T17:01:32+08:00" level=info msg="[GNB][NGAP] Receive Downlink NAS Transport"
time="2026-08-11T17:01:32+08:00" level=info msg="[UE][NAS] Message without security header"
time="2026-08-11T17:01:32+08:00" level=info msg="[UE][NAS] Receive Authentication Request"
time="2026-08-11T17:01:32+08:00" level=info msg="[UE][NAS][MAC] Authenticity of the authentication request message: OK"
time="2026-08-11T17:01:32+08:00" level=info msg="[UE][NAS][SQN] SQN of the authentication request message: VALID"
time="2026-08-11T17:01:32+08:00" level=info msg="[UE][NAS] Send authentication response"
time="2026-08-11T17:01:32+08:00" level=info msg="[UE] Switched from state 1 to state 2"
time="2026-08-11T17:01:32+08:00" level=info msg="[GNB][SCTP] Receive message in 0 stream\n"
time="2026-08-11T17:01:32+08:00" level=info msg="[GNB][NGAP] Receive Downlink NAS Transport"
time="2026-08-11T17:01:32+08:00" level=info msg="[UE][NAS] Message with security header"
time="2026-08-11T17:01:32+08:00" level=info msg="[UE][NAS] Message with integrity and with NEW 5G NAS SECURITY CONTEXT"
time="2026-08-11T17:01:32+08:00" level=info msg="[UE][NAS] successful NAS MAC verification"
time="2026-08-11T17:01:32+08:00" level=info msg="[UE][NAS] Receive Security Mode Command"
time="2026-08-11T17:01:32+08:00" level=info msg="[UE][NAS] Type of ciphering algorithm is 5G-EA0"
time="2026-08-11T17:01:32+08:00" level=info msg="[UE][NAS] Type of integrity protection algorithm is 128-5G-IA2"
time="2026-08-11T17:01:32+08:00" level=info msg="[GNB][SCTP] Receive message in 0 stream\n"
time="2026-08-11T17:01:32+08:00" level=info msg="[GNB][NGAP] Receive Downlink NAS Transport"
time="2026-08-11T17:01:32+08:00" level=info msg="[UE][NAS] Message with security header"
time="2026-08-11T17:01:32+08:00" level=info msg="[UE][NAS] Message with integrity and with NEW 5G NAS SECURITY CONTEXT"
time="2026-08-11T17:01:32+08:00" level=info msg="[UE][NAS] successful NAS MAC verification"
time="2026-08-11T17:01:32+08:00" level=info msg="[UE][NAS] Receive Security Mode Command"
time="2026-08-11T17:01:32+08:00" level=info msg="[UE][NAS] Type of ciphering algorithm is 5G-EA0"
time="2026-08-11T17:01:32+08:00" level=info msg="[UE][NAS] Type of integrity protection algorithm is 128-5G-IA2"
time="2026-08-11T17:01:32+08:00" level=info msg="[GNB][SCTP] Receive message in 0 stream\n"
time="2026-08-11T17:01:32+08:00" level=info msg="[GNB][NGAP] Receive Initial Context Setup Request"
time="2026-08-11T17:01:32+08:00" level=info msg="[GNB][UE] UE Context was created with successful"
time="2026-08-11T17:01:32+08:00" level=info msg="[GNB][UE] UE RAN ID 18"
time="2026-08-11T17:01:32+08:00" level=info msg="[GNB][UE] UE AMF ID 285"
time="2026-08-11T17:01:32+08:00" level=info msg="[GNB][UE] UE Mobility Restrict --Plmn-- Mcc: 208 Mnc: 93"
time="2026-08-11T17:01:32+08:00" level=info msg="[GNB][UE] UE Masked Imeisv: 1110000000ffff00"
time="2026-08-11T17:01:32+08:00" level=info msg="[GNB][UE] Allowed Nssai-- Sst: [01 01] Sd: [010203 112233]"
time="2026-08-11T17:01:32+08:00" level=info msg="[GNB][NGAP][AMF] Send Initial Context Setup Response."
time="2026-08-11T17:01:32+08:00" level=info msg="[GNB] Initiating Initial Context Setup Response"
time="2026-08-11T17:01:32+08:00" level=info msg="[GNB][NGAP] No PDU Session to set up in InitialContextSetupResponse."
time="2026-08-11T17:01:32+08:00" level=info msg="[UE][NAS] Message with security header"
time="2026-08-11T17:01:32+08:00" level=info msg="[UE][NAS] Message with integrity and ciphered"
time="2026-08-11T17:01:32+08:00" level=info msg="[UE][NAS] successful NAS CIPHERING"
time="2026-08-11T17:01:32+08:00" level=info msg="[UE][NAS] successful NAS MAC verification"
time="2026-08-11T17:01:32+08:00" level=info msg="[UE][NAS] Receive Registration Accept"
time="2026-08-11T17:01:32+08:00" level=info msg="[UE][NAS] UE 5G GUTI: &{119 11 [242 2 248 57 202 254 0 0 0 0 223]}"
time="2026-08-11T17:01:32+08:00" level=info msg="[UE] Switched from state 2 to state 3"
time="2026-08-11T17:01:32+08:00" level=info msg="[GNB][SCTP] Receive message in 0 stream\n"
time="2026-08-11T17:01:32+08:00" level=info msg="[GNB][NGAP] Receive Downlink NAS Transport"
time="2026-08-11T17:01:32+08:00" level=info msg="[UE][NAS] Message with security header"
time="2026-08-11T17:01:32+08:00" level=info msg="[UE][NAS] Message with integrity and with NEW 5G NAS SECURITY CONTEXT"
time="2026-08-11T17:01:32+08:00" level=info msg="[UE][NAS] successful NAS MAC verification"
time="2026-08-11T17:01:32+08:00" level=info msg="[UE][NAS] Receive Security Mode Command"
time="2026-08-11T17:01:32+08:00" level=info msg="[UE][NAS] Type of ciphering algorithm is 5G-EA0"
time="2026-08-11T17:01:32+08:00" level=info msg="[UE][NAS] Type of integrity protection algorithm is 128-5G-IA2"
time="2026-08-11T17:01:32+08:00" level=info msg="[GNB][SCTP] Receive message in 0 stream\n"
time="2026-08-11T17:01:32+08:00" level=info msg="[GNB][NGAP] Receive Downlink NAS Transport"
time="2026-08-11T17:01:32+08:00" level=info msg="[UE][NAS] Message without security header"
time="2026-08-11T17:01:32+08:00" level=info msg="[UE][NAS] Receive Authentication Request"
time="2026-08-11T17:01:32+08:00" level=info msg="[UE][NAS][MAC] Authenticity of the authentication request message: OK"
time="2026-08-11T17:01:32+08:00" level=info msg="[UE][NAS][SQN] SQN of the authentication request message: VALID"
time="2026-08-11T17:01:32+08:00" level=info msg="[UE][NAS] Send authentication response"
time="2026-08-11T17:01:32+08:00" level=info msg="[UE] Switched from state 1 to state 2"
time="2026-08-11T17:01:32+08:00" level=info msg="[GNB][SCTP] Receive message in 0 stream\n"
time="2026-08-11T17:01:32+08:00" level=info msg="[GNB][NGAP] Receive Downlink NAS Transport"
time="2026-08-11T17:01:32+08:00" level=info msg="[UE][NAS] Message with security header"
time="2026-08-11T17:01:32+08:00" level=info msg="[UE][NAS] Message with integrity and with NEW 5G NAS SECURITY CONTEXT"
time="2026-08-11T17:01:32+08:00" level=info msg="[UE][NAS] successful NAS MAC verification"
time="2026-08-11T17:01:32+08:00" level=info msg="[UE][NAS] Receive Security Mode Command"
time="2026-08-11T17:01:32+08:00" level=info msg="[UE][NAS] Type of ciphering algorithm is 5G-EA0"
time="2026-08-11T17:01:32+08:00" level=info msg="[UE][NAS] Type of integrity protection algorithm is 128-5G-IA2"
time="2026-08-11T17:01:32+08:00" level=info msg="[GNB][SCTP] Receive message in 0 stream\n"
time="2026-08-11T17:01:32+08:00" level=info msg="[GNB][NGAP] Receive Downlink NAS Transport"
time="2026-08-11T17:01:32+08:00" level=info msg="[UE][NAS] Message with security header"
time="2026-08-11T17:01:32+08:00" level=info msg="[UE][NAS] Message with integrity and with NEW 5G NAS SECURITY CONTEXT"
time="2026-08-11T17:01:32+08:00" level=info msg="[UE][NAS] successful NAS MAC verification"
time="2026-08-11T17:01:32+08:00" level=info msg="[UE][NAS] Receive Security Mode Command"
time="2026-08-11T17:01:32+08:00" level=info msg="[UE][NAS] Type of ciphering algorithm is 5G-EA0"
time="2026-08-11T17:01:32+08:00" level=info msg="[UE][NAS] Type of integrity protection algorithm is 128-5G-IA2"
time="2026-08-11T17:01:32+08:00" level=info msg="[GNB][SCTP] Receive message in 0 stream\n"
time="2026-08-11T17:01:32+08:00" level=info msg="[GNB][NGAP] Receive Initial Context Setup Request"
time="2026-08-11T17:01:32+08:00" level=info msg="[GNB][UE] UE Context was created with successful"
time="2026-08-11T17:01:32+08:00" level=info msg="[GNB][UE] UE RAN ID 42"
time="2026-08-11T17:01:32+08:00" level=info msg="[GNB][UE] UE AMF ID 300"
time="2026-08-11T17:01:32+08:00" level=info msg="[GNB][UE] UE Mobility Restrict --Plmn-- Mcc: 208 Mnc: 93"
time="2026-08-11T17:01:32+08:00" level=info msg="[GNB][UE] UE Masked Imeisv: 1110000000ffff00"
time="2026-08-11T17:01:32+08:00" level=info msg="[GNB][UE] Allowed Nssai-- Sst: [01 01] Sd: [010203 112233]"
time="2026-08-11T17:01:32+08:00" level=info msg="[GNB][NGAP][AMF] Send Initial Context Setup Response."
time="2026-08-11T17:01:32+08:00" level=info msg="[GNB] Initiating Initial Context Setup Response"
time="2026-08-11T17:01:32+08:00" level=info msg="[GNB][NGAP] No PDU Session to set up in InitialContextSetupResponse."
time="2026-08-11T17:01:32+08:00" level=info msg="[UE][NAS] Message with security header"
time="2026-08-11T17:01:32+08:00" level=info msg="[UE][NAS] Message with integrity and ciphered"
time="2026-08-11T17:01:32+08:00" level=info msg="[UE][NAS] successful NAS CIPHERING"
time="2026-08-11T17:01:32+08:00" level=info msg="[UE][NAS] successful NAS MAC verification"
time="2026-08-11T17:01:32+08:00" level=info msg="[UE][NAS] Receive Registration Accept"
time="2026-08-11T17:01:32+08:00" level=info msg="[UE][NAS] UE 5G GUTI: &{119 11 [242 2 248 57 202 254 0 0 0 0 238]}"
time="2026-08-11T17:01:32+08:00" level=info msg="[UE] Switched from state 2 to state 3"
time="2026-08-11T17:01:32+08:00" level=info msg="[GNB][SCTP] Receive message in 0 stream\n"
time="2026-08-11T17:01:32+08:00" level=info msg="[GNB][SCTP] Receive message in 0 stream\n"
time="2026-08-11T17:01:32+08:00" level=info msg="[GNB][NGAP] Receive Downlink NAS Transport"
time="2026-08-11T17:01:32+08:00" level=info msg="[UE][NAS] Message with security header"
time="2026-08-11T17:01:32+08:00" level=info msg="[UE][NAS] Message with integrity and with NEW 5G NAS SECURITY CONTEXT"
time="2026-08-11T17:01:32+08:00" level=info msg="[UE][NAS] successful NAS MAC verification"
time="2026-08-11T17:01:32+08:00" level=info msg="[UE][NAS] Receive Security Mode Command"
time="2026-08-11T17:01:32+08:00" level=info msg="[UE][NAS] Type of ciphering algorithm is 5G-EA0"
time="2026-08-11T17:01:32+08:00" level=info msg="[UE][NAS] Type of integrity protection algorithm is 128-5G-IA2"
time="2026-08-11T17:01:32+08:00" level=info msg="[GNB][NGAP] Receive Downlink NAS Transport"
time="2026-08-11T17:01:32+08:00" level=info msg="[UE][NAS] Message with security header"
time="2026-08-11T17:01:32+08:00" level=info msg="[UE][NAS] Message with integrity and with NEW 5G NAS SECURITY CONTEXT"
time="2026-08-11T17:01:32+08:00" level=info msg="[UE][NAS] successful NAS MAC verification"
time="2026-08-11T17:01:32+08:00" level=info msg="[UE][NAS] Receive Security Mode Command"
time="2026-08-11T17:01:32+08:00" level=info msg="[UE][NAS] Type of ciphering algorithm is 5G-EA0"
time="2026-08-11T17:01:32+08:00" level=info msg="[UE][NAS] Type of integrity protection algorithm is 128-5G-IA2"
time="2026-08-11T17:01:32+08:00" level=info msg="[GNB][SCTP] Receive message in 0 stream\n"
time="2026-08-11T17:01:32+08:00" level=info msg="[GNB][NGAP] Receive Downlink NAS Transport"
time="2026-08-11T17:01:32+08:00" level=info msg="[UE][NAS] Message with security header"
time="2026-08-11T17:01:32+08:00" level=info msg="[UE][NAS] Message with integrity and ciphered"
time="2026-08-11T17:01:32+08:00" level=info msg="[UE][NAS] successful NAS CIPHERING"
time="2026-08-11T17:01:32+08:00" level=info msg="[UE][NAS] successful NAS MAC verification"
time="2026-08-11T17:01:32+08:00" level=info msg="[UE][NAS] Receive Configuration Update Command"
time="2026-08-11T17:01:32+08:00" level=info msg="[UE] Initiating Configuration Update Complete"
time="2026-08-11T17:01:32+08:00" level=info msg="[GNB][SCTP] Receive message in 0 stream\n"
time="2026-08-11T17:01:32+08:00" level=info msg="[GNB][NGAP] Receive Initial Context Setup Request"
time="2026-08-11T17:01:32+08:00" level=info msg="[GNB][UE] UE Context was created with successful"
time="2026-08-11T17:01:32+08:00" level=info msg="[GNB][UE] UE RAN ID 24"
time="2026-08-11T17:01:32+08:00" level=info msg="[GNB][UE] UE AMF ID 287"
time="2026-08-11T17:01:32+08:00" level=info msg="[GNB][UE] UE Mobility Restrict --Plmn-- Mcc: 208 Mnc: 93"
time="2026-08-11T17:01:32+08:00" level=info msg="[GNB][UE] UE Masked Imeisv: 1110000000ffff00"
time="2026-08-11T17:01:32+08:00" level=info msg="[GNB][UE] Allowed Nssai-- Sst: [01 01] Sd: [010203 112233]"
time="2026-08-11T17:01:32+08:00" level=info msg="[GNB][NGAP][AMF] Send Initial Context Setup Response."
time="2026-08-11T17:01:32+08:00" level=info msg="[GNB] Initiating Initial Context Setup Response"
time="2026-08-11T17:01:32+08:00" level=info msg="[GNB][NGAP] No PDU Session to set up in InitialContextSetupResponse."
time="2026-08-11T17:01:32+08:00" level=info msg="[UE][NAS] Message with security header"
time="2026-08-11T17:01:32+08:00" level=info msg="[UE][NAS] Message with integrity and ciphered"
time="2026-08-11T17:01:32+08:00" level=info msg="[UE][NAS] successful NAS CIPHERING"
time="2026-08-11T17:01:32+08:00" level=info msg="[UE][NAS] successful NAS MAC verification"
time="2026-08-11T17:01:32+08:00" level=info msg="[UE][NAS] Receive Registration Accept"
time="2026-08-11T17:01:32+08:00" level=info msg="[UE][NAS] UE 5G GUTI: &{119 11 [242 2 248 57 202 254 0 0 0 0 225]}"
time="2026-08-11T17:01:32+08:00" level=info msg="[UE] Switched from state 2 to state 3"
time="2026-08-11T17:01:32+08:00" level=info msg="[GNB][SCTP] Receive message in 0 stream\n"
time="2026-08-11T17:01:32+08:00" level=info msg="[GNB][NGAP] Receive Downlink NAS Transport"
time="2026-08-11T17:01:32+08:00" level=info msg="[UE][NAS] Message with security header"
time="2026-08-11T17:01:32+08:00" level=info msg="[UE][NAS] Message with integrity and with NEW 5G NAS SECURITY CONTEXT"
time="2026-08-11T17:01:32+08:00" level=info msg="[UE][NAS] successful NAS MAC verification"
time="2026-08-11T17:01:32+08:00" level=info msg="[UE][NAS] Receive Security Mode Command"
time="2026-08-11T17:01:32+08:00" level=info msg="[UE][NAS] Type of ciphering algorithm is 5G-EA0"
time="2026-08-11T17:01:32+08:00" level=info msg="[UE][NAS] Type of integrity protection algorithm is 128-5G-IA2"
time="2026-08-11T17:01:33+08:00" level=info msg="[GNB][SCTP] Receive message in 0 stream\n"
time="2026-08-11T17:01:33+08:00" level=info msg="[GNB][NGAP] Receive Initial Context Setup Request"
time="2026-08-11T17:01:33+08:00" level=info msg="[GNB][UE] UE Context was created with successful"
time="2026-08-11T17:01:33+08:00" level=info msg="[GNB][UE] UE RAN ID 30"
time="2026-08-11T17:01:33+08:00" level=info msg="[GNB][UE] UE AMF ID 289"
time="2026-08-11T17:01:33+08:00" level=info msg="[GNB][UE] UE Mobility Restrict --Plmn-- Mcc: 208 Mnc: 93"
time="2026-08-11T17:01:33+08:00" level=info msg="[GNB][UE] UE Masked Imeisv: 1110000000ffff00"
time="2026-08-11T17:01:33+08:00" level=info msg="[GNB][UE] Allowed Nssai-- Sst: [01 01] Sd: [010203 112233]"
time="2026-08-11T17:01:33+08:00" level=info msg="[GNB][NGAP][AMF] Send Initial Context Setup Response."
time="2026-08-11T17:01:33+08:00" level=info msg="[GNB] Initiating Initial Context Setup Response"
time="2026-08-11T17:01:33+08:00" level=info msg="[GNB][NGAP] No PDU Session to set up in InitialContextSetupResponse."
time="2026-08-11T17:01:33+08:00" level=info msg="[UE][NAS] Message with security header"
time="2026-08-11T17:01:33+08:00" level=info msg="[UE][NAS] Message with integrity and ciphered"
time="2026-08-11T17:01:33+08:00" level=info msg="[UE][NAS] successful NAS CIPHERING"
time="2026-08-11T17:01:33+08:00" level=info msg="[UE][NAS] successful NAS MAC verification"
time="2026-08-11T17:01:33+08:00" level=info msg="[UE][NAS] Receive Registration Accept"
time="2026-08-11T17:01:33+08:00" level=info msg="[UE][NAS] UE 5G GUTI: &{119 11 [242 2 248 57 202 254 0 0 0 0 227]}"
time="2026-08-11T17:01:33+08:00" level=info msg="[UE] Switched from state 2 to state 3"
time="2026-08-11T17:01:33+08:00" level=info msg="[GNB][SCTP] Receive message in 0 stream\n"
time="2026-08-11T17:01:33+08:00" level=info msg="[GNB][NGAP] Receive Downlink NAS Transport"
time="2026-08-11T17:01:33+08:00" level=info msg="[UE][NAS] Message with security header"
time="2026-08-11T17:01:33+08:00" level=info msg="[UE][NAS] Message with integrity and with NEW 5G NAS SECURITY CONTEXT"
time="2026-08-11T17:01:33+08:00" level=info msg="[UE][NAS] successful NAS MAC verification"
time="2026-08-11T17:01:33+08:00" level=info msg="[UE][NAS] Receive Security Mode Command"
time="2026-08-11T17:01:33+08:00" level=info msg="[UE][NAS] Type of ciphering algorithm is 5G-EA0"
time="2026-08-11T17:01:33+08:00" level=info msg="[UE][NAS] Type of integrity protection algorithm is 128-5G-IA2"
time="2026-08-11T17:01:33+08:00" level=info msg="[GNB][SCTP] Receive message in 0 stream\n"
time="2026-08-11T17:01:33+08:00" level=info msg="[GNB][NGAP] Receive Downlink NAS Transport"
time="2026-08-11T17:01:33+08:00" level=info msg="[GNB][SCTP] Receive message in 0 stream\n"
time="2026-08-11T17:01:33+08:00" level=info msg="[UE][NAS] Message with security header"
time="2026-08-11T17:01:33+08:00" level=info msg="[UE][NAS] Message with integrity and with NEW 5G NAS SECURITY CONTEXT"
time="2026-08-11T17:01:33+08:00" level=info msg="[UE][NAS] successful NAS MAC verification"
time="2026-08-11T17:01:33+08:00" level=info msg="[UE][NAS] Receive Security Mode Command"
time="2026-08-11T17:01:33+08:00" level=info msg="[UE][NAS] Type of ciphering algorithm is 5G-EA0"
time="2026-08-11T17:01:33+08:00" level=info msg="[UE][NAS] Type of integrity protection algorithm is 128-5G-IA2"
time="2026-08-11T17:01:33+08:00" level=info msg="[GNB][NGAP] Receive Downlink NAS Transport"
time="2026-08-11T17:01:33+08:00" level=info msg="[UE][NAS] Message with security header"
time="2026-08-11T17:01:33+08:00" level=info msg="[UE][NAS] Message with integrity and ciphered"
time="2026-08-11T17:01:33+08:00" level=info msg="[UE][NAS] successful NAS CIPHERING"
time="2026-08-11T17:01:33+08:00" level=info msg="[UE][NAS] successful NAS MAC verification"
time="2026-08-11T17:01:33+08:00" level=info msg="[UE][NAS] Receive Configuration Update Command"
time="2026-08-11T17:01:33+08:00" level=info msg="[UE] Initiating Configuration Update Complete"
time="2026-08-11T17:01:33+08:00" level=info msg="[GNB][SCTP] Receive message in 0 stream\n"
time="2026-08-11T17:01:33+08:00" level=info msg="[GNB][NGAP] Receive Downlink NAS Transport"
time="2026-08-11T17:01:33+08:00" level=info msg="[UE][NAS] Message with security header"
time="2026-08-11T17:01:33+08:00" level=info msg="[UE][NAS] Message with integrity and with NEW 5G NAS SECURITY CONTEXT"
time="2026-08-11T17:01:33+08:00" level=info msg="[UE][NAS] successful NAS MAC verification"
time="2026-08-11T17:01:33+08:00" level=info msg="[UE][NAS] Receive Security Mode Command"
time="2026-08-11T17:01:33+08:00" level=info msg="[UE][NAS] Type of ciphering algorithm is 5G-EA0"
time="2026-08-11T17:01:33+08:00" level=info msg="[UE][NAS] Type of integrity protection algorithm is 128-5G-IA2"
time="2026-08-11T17:01:33+08:00" level=info msg="[GNB][SCTP] Receive message in 0 stream\n"
time="2026-08-11T17:01:33+08:00" level=info msg="[GNB][NGAP] Receive Initial Context Setup Request"
time="2026-08-11T17:01:33+08:00" level=info msg="[GNB][UE] UE Context was created with successful"
time="2026-08-11T17:01:33+08:00" level=info msg="[GNB][UE] UE RAN ID 17"
time="2026-08-11T17:01:33+08:00" level=info msg="[GNB][UE] UE AMF ID 284"
time="2026-08-11T17:01:33+08:00" level=info msg="[GNB][UE] UE Mobility Restrict --Plmn-- Mcc: 208 Mnc: 93"
time="2026-08-11T17:01:33+08:00" level=info msg="[GNB][UE] UE Masked Imeisv: 1110000000ffff00"
time="2026-08-11T17:01:33+08:00" level=info msg="[GNB][UE] Allowed Nssai-- Sst: [01 01] Sd: [010203 112233]"
time="2026-08-11T17:01:33+08:00" level=info msg="[GNB][NGAP][AMF] Send Initial Context Setup Response."
time="2026-08-11T17:01:33+08:00" level=info msg="[GNB] Initiating Initial Context Setup Response"
time="2026-08-11T17:01:33+08:00" level=info msg="[UE][NAS] Message with security header"
time="2026-08-11T17:01:33+08:00" level=info msg="[UE][NAS] Message with integrity and ciphered"
time="2026-08-11T17:01:33+08:00" level=info msg="[UE][NAS] successful NAS CIPHERING"
time="2026-08-11T17:01:33+08:00" level=info msg="[UE][NAS] successful NAS MAC verification"
time="2026-08-11T17:01:33+08:00" level=info msg="[UE][NAS] Receive Registration Accept"
time="2026-08-11T17:01:33+08:00" level=info msg="[UE][NAS] UE 5G GUTI: &{119 11 [242 2 248 57 202 254 0 0 0 0 222]}"
time="2026-08-11T17:01:33+08:00" level=info msg="[UE] Switched from state 2 to state 3"
time="2026-08-11T17:01:33+08:00" level=info msg="[GNB][NGAP] No PDU Session to set up in InitialContextSetupResponse."
time="2026-08-11T17:01:33+08:00" level=info msg="[GNB][SCTP] Receive message in 0 stream\n"
time="2026-08-11T17:01:33+08:00" level=info msg="[GNB][NGAP] Receive Initial Context Setup Request"
time="2026-08-11T17:01:33+08:00" level=info msg="[GNB][UE] UE Context was created with successful"
time="2026-08-11T17:01:33+08:00" level=info msg="[GNB][UE] UE RAN ID 46"
time="2026-08-11T17:01:33+08:00" level=info msg="[GNB][UE] UE AMF ID 306"
time="2026-08-11T17:01:33+08:00" level=info msg="[GNB][UE] UE Mobility Restrict --Plmn-- Mcc: 208 Mnc: 93"
time="2026-08-11T17:01:33+08:00" level=info msg="[GNB][UE] UE Masked Imeisv: 1110000000ffff00"
time="2026-08-11T17:01:33+08:00" level=info msg="[GNB][UE] Allowed Nssai-- Sst: [01 01] Sd: [010203 112233]"
time="2026-08-11T17:01:33+08:00" level=info msg="[GNB][NGAP][AMF] Send Initial Context Setup Response."
time="2026-08-11T17:01:33+08:00" level=info msg="[GNB] Initiating Initial Context Setup Response"
time="2026-08-11T17:01:33+08:00" level=info msg="[GNB][NGAP] No PDU Session to set up in InitialContextSetupResponse."
time="2026-08-11T17:01:33+08:00" level=info msg="[UE][NAS] Message with security header"
time="2026-08-11T17:01:33+08:00" level=info msg="[UE][NAS] Message with integrity and ciphered"
time="2026-08-11T17:01:33+08:00" level=info msg="[UE][NAS] successful NAS CIPHERING"
time="2026-08-11T17:01:33+08:00" level=info msg="[UE][NAS] successful NAS MAC verification"
time="2026-08-11T17:01:33+08:00" level=info msg="[UE][NAS] Receive Registration Accept"
time="2026-08-11T17:01:33+08:00" level=info msg="[UE][NAS] UE 5G GUTI: &{119 11 [242 2 248 57 202 254 0 0 0 0 244]}"
time="2026-08-11T17:01:33+08:00" level=info msg="[UE] Switched from state 2 to state 3"
time="2026-08-11T17:01:33+08:00" level=info msg="[GNB][SCTP] Receive message in 0 stream\n"
time="2026-08-11T17:01:33+08:00" level=info msg="[GNB][NGAP] Receive Downlink NAS Transport"
time="2026-08-11T17:01:33+08:00" level=info msg="[UE][NAS] Message with security header"
time="2026-08-11T17:01:33+08:00" level=info msg="[UE][NAS] Message with integrity and with NEW 5G NAS SECURITY CONTEXT"
time="2026-08-11T17:01:33+08:00" level=info msg="[UE][NAS] successful NAS MAC verification"
time="2026-08-11T17:01:33+08:00" level=info msg="[UE][NAS] Receive Security Mode Command"
time="2026-08-11T17:01:33+08:00" level=info msg="[UE][NAS] Type of ciphering algorithm is 5G-EA0"
time="2026-08-11T17:01:33+08:00" level=info msg="[UE][NAS] Type of integrity protection algorithm is 128-5G-IA2"
time="2026-08-11T17:01:33+08:00" level=info msg="[GNB][SCTP] Receive message in 0 stream\n"
time="2026-08-11T17:01:33+08:00" level=info msg="[GNB][NGAP] Receive Initial Context Setup Request"
time="2026-08-11T17:01:33+08:00" level=info msg="[GNB][UE] UE Context was created with successful"
time="2026-08-11T17:01:33+08:00" level=info msg="[GNB][UE] UE RAN ID 20"
time="2026-08-11T17:01:33+08:00" level=info msg="[GNB][UE] UE AMF ID 291"
time="2026-08-11T17:01:33+08:00" level=info msg="[GNB][UE] UE Mobility Restrict --Plmn-- Mcc: 208 Mnc: 93"
time="2026-08-11T17:01:33+08:00" level=info msg="[GNB][UE] UE Masked Imeisv: 1110000000ffff00"
time="2026-08-11T17:01:33+08:00" level=info msg="[GNB][UE] Allowed Nssai-- Sst: [01 01] Sd: [010203 112233]"
time="2026-08-11T17:01:33+08:00" level=info msg="[GNB][NGAP][AMF] Send Initial Context Setup Response."
time="2026-08-11T17:01:33+08:00" level=info msg="[GNB] Initiating Initial Context Setup Response"
time="2026-08-11T17:01:33+08:00" level=info msg="[GNB][NGAP] No PDU Session to set up in InitialContextSetupResponse."
time="2026-08-11T17:01:33+08:00" level=info msg="[UE][NAS] Message with security header"
time="2026-08-11T17:01:33+08:00" level=info msg="[UE][NAS] Message with integrity and ciphered"
time="2026-08-11T17:01:33+08:00" level=info msg="[UE][NAS] successful NAS CIPHERING"
time="2026-08-11T17:01:33+08:00" level=info msg="[UE][NAS] successful NAS MAC verification"
time="2026-08-11T17:01:33+08:00" level=info msg="[UE][NAS] Receive Registration Accept"
time="2026-08-11T17:01:33+08:00" level=info msg="[UE][NAS] UE 5G GUTI: &{119 11 [242 2 248 57 202 254 0 0 0 0 229]}"
time="2026-08-11T17:01:33+08:00" level=info msg="[UE] Switched from state 2 to state 3"
time="2026-08-11T17:01:33+08:00" level=info msg="[GNB][SCTP] Receive message in 0 stream\n"
time="2026-08-11T17:01:33+08:00" level=info msg="[GNB][NGAP] Receive Downlink NAS Transport"
time="2026-08-11T17:01:33+08:00" level=info msg="[UE][NAS] Message with security header"
time="2026-08-11T17:01:33+08:00" level=info msg="[UE][NAS] Message with integrity and with NEW 5G NAS SECURITY CONTEXT"
time="2026-08-11T17:01:33+08:00" level=info msg="[UE][NAS] successful NAS MAC verification"
time="2026-08-11T17:01:33+08:00" level=info msg="[UE][NAS] Receive Security Mode Command"
time="2026-08-11T17:01:33+08:00" level=info msg="[UE][NAS] Type of ciphering algorithm is 5G-EA0"
time="2026-08-11T17:01:33+08:00" level=info msg="[UE][NAS] Type of integrity protection algorithm is 128-5G-IA2"
time="2026-08-11T17:01:33+08:00" level=info msg="[GNB][SCTP] Receive message in 0 stream\n"
time="2026-08-11T17:01:33+08:00" level=info msg="[GNB][NGAP] Receive Downlink NAS Transport"
time="2026-08-11T17:01:33+08:00" level=info msg="[UE][NAS] Message with security header"
time="2026-08-11T17:01:33+08:00" level=info msg="[UE][NAS] Message with integrity and with NEW 5G NAS SECURITY CONTEXT"
time="2026-08-11T17:01:33+08:00" level=info msg="[UE][NAS] successful NAS MAC verification"
time="2026-08-11T17:01:33+08:00" level=info msg="[UE][NAS] Receive Security Mode Command"
time="2026-08-11T17:01:33+08:00" level=info msg="[UE][NAS] Type of ciphering algorithm is 5G-EA0"
time="2026-08-11T17:01:33+08:00" level=info msg="[UE][NAS] Type of integrity protection algorithm is 128-5G-IA2"
time="2026-08-11T17:01:33+08:00" level=info msg="[GNB][SCTP] Receive message in 0 stream\n"
time="2026-08-11T17:01:33+08:00" level=info msg="[GNB][NGAP] Receive Downlink NAS Transport"
time="2026-08-11T17:01:33+08:00" level=info msg="[UE][NAS] Message with security header"
time="2026-08-11T17:01:33+08:00" level=info msg="[UE][NAS] Message with integrity and with NEW 5G NAS SECURITY CONTEXT"
time="2026-08-11T17:01:33+08:00" level=info msg="[UE][NAS] successful NAS MAC verification"
time="2026-08-11T17:01:33+08:00" level=info msg="[UE][NAS] Receive Security Mode Command"
time="2026-08-11T17:01:33+08:00" level=info msg="[UE][NAS] Type of ciphering algorithm is 5G-EA0"
time="2026-08-11T17:01:33+08:00" level=info msg="[UE][NAS] Type of integrity protection algorithm is 128-5G-IA2"
time="2026-08-11T17:01:33+08:00" level=info msg="[GNB][SCTP] Receive message in 0 stream\n"
time="2026-08-11T17:01:33+08:00" level=info msg="[GNB][NGAP] Receive Downlink NAS Transport"
time="2026-08-11T17:01:33+08:00" level=info msg="[UE][NAS] Message with security header"
time="2026-08-11T17:01:33+08:00" level=info msg="[UE][NAS] Message with integrity and with NEW 5G NAS SECURITY CONTEXT"
time="2026-08-11T17:01:33+08:00" level=info msg="[UE][NAS] successful NAS MAC verification"
time="2026-08-11T17:01:33+08:00" level=info msg="[UE][NAS] Receive Security Mode Command"
time="2026-08-11T17:01:33+08:00" level=info msg="[UE][NAS] Type of ciphering algorithm is 5G-EA0"
time="2026-08-11T17:01:33+08:00" level=info msg="[UE][NAS] Type of integrity protection algorithm is 128-5G-IA2"
time="2026-08-11T17:01:33+08:00" level=info msg="[GNB][SCTP] Receive message in 0 stream\n"
time="2026-08-11T17:01:33+08:00" level=info msg="[GNB][SCTP] Receive message in 0 stream\n"
time="2026-08-11T17:01:33+08:00" level=info msg="[GNB][NGAP] Receive Initial Context Setup Request"
time="2026-08-11T17:01:33+08:00" level=info msg="[GNB][UE] UE Context was created with successful"
time="2026-08-11T17:01:33+08:00" level=info msg="[GNB][UE] UE RAN ID 43"
time="2026-08-11T17:01:33+08:00" level=info msg="[GNB][UE] UE AMF ID 312"
time="2026-08-11T17:01:33+08:00" level=info msg="[GNB][UE] UE Mobility Restrict --Plmn-- Mcc: 208 Mnc: 93"
time="2026-08-11T17:01:33+08:00" level=info msg="[GNB][UE] UE Masked Imeisv: 1110000000ffff00"
time="2026-08-11T17:01:33+08:00" level=info msg="[GNB][UE] Allowed Nssai-- Sst: [01 01] Sd: [010203 112233]"
time="2026-08-11T17:01:33+08:00" level=info msg="[GNB][NGAP][AMF] Send Initial Context Setup Response."
time="2026-08-11T17:01:33+08:00" level=info msg="[GNB] Initiating Initial Context Setup Response"
time="2026-08-11T17:01:33+08:00" level=info msg="[GNB][NGAP] No PDU Session to set up in InitialContextSetupResponse."
time="2026-08-11T17:01:33+08:00" level=info msg="[UE][NAS] Message with security header"
time="2026-08-11T17:01:33+08:00" level=info msg="[UE][NAS] Message with integrity and ciphered"
time="2026-08-11T17:01:33+08:00" level=info msg="[UE][NAS] successful NAS CIPHERING"
time="2026-08-11T17:01:33+08:00" level=info msg="[UE][NAS] successful NAS MAC verification"
time="2026-08-11T17:01:33+08:00" level=info msg="[UE][NAS] Receive Registration Accept"
time="2026-08-11T17:01:33+08:00" level=info msg="[UE][NAS] UE 5G GUTI: &{119 11 [242 2 248 57 202 254 0 0 0 0 250]}"
time="2026-08-11T17:01:33+08:00" level=info msg="[UE] Switched from state 2 to state 3"
time="2026-08-11T17:01:33+08:00" level=info msg="[GNB][NGAP] Receive Initial Context Setup Request"
time="2026-08-11T17:01:33+08:00" level=info msg="[GNB][UE] UE Context was created with successful"
time="2026-08-11T17:01:33+08:00" level=info msg="[GNB][UE] UE RAN ID 40"
time="2026-08-11T17:01:33+08:00" level=info msg="[GNB][UE] UE AMF ID 295"
time="2026-08-11T17:01:33+08:00" level=info msg="[GNB][UE] UE Mobility Restrict --Plmn-- Mcc: 208 Mnc: 93"
time="2026-08-11T17:01:33+08:00" level=info msg="[GNB][UE] UE Masked Imeisv: 1110000000ffff00"
time="2026-08-11T17:01:33+08:00" level=info msg="[GNB][UE] Allowed Nssai-- Sst: [01 01] Sd: [010203 112233]"
time="2026-08-11T17:01:33+08:00" level=info msg="[GNB][NGAP][AMF] Send Initial Context Setup Response."
time="2026-08-11T17:01:33+08:00" level=info msg="[GNB] Initiating Initial Context Setup Response"
time="2026-08-11T17:01:33+08:00" level=info msg="[GNB][NGAP] No PDU Session to set up in InitialContextSetupResponse."
time="2026-08-11T17:01:33+08:00" level=info msg="[UE][NAS] Message with security header"
time="2026-08-11T17:01:33+08:00" level=info msg="[UE][NAS] Message with integrity and ciphered"
time="2026-08-11T17:01:33+08:00" level=info msg="[UE][NAS] successful NAS CIPHERING"
time="2026-08-11T17:01:33+08:00" level=info msg="[UE][NAS] successful NAS MAC verification"
time="2026-08-11T17:01:33+08:00" level=info msg="[UE][NAS] Receive Registration Accept"
time="2026-08-11T17:01:33+08:00" level=info msg="[UE][NAS] UE 5G GUTI: &{119 11 [242 2 248 57 202 254 0 0 0 0 233]}"
time="2026-08-11T17:01:33+08:00" level=info msg="[UE] Switched from state 2 to state 3"
time="2026-08-11T17:01:33+08:00" level=info msg="[GNB][SCTP] Receive message in 0 stream\n"
time="2026-08-11T17:01:33+08:00" level=info msg="[GNB][SCTP] Receive message in 0 stream\n"
time="2026-08-11T17:01:33+08:00" level=info msg="[GNB][NGAP] Receive Downlink NAS Transport"
time="2026-08-11T17:01:33+08:00" level=info msg="[UE][NAS] Message with security header"
time="2026-08-11T17:01:33+08:00" level=info msg="[UE][NAS] Message with integrity and ciphered"
time="2026-08-11T17:01:33+08:00" level=info msg="[UE][NAS] successful NAS CIPHERING"
time="2026-08-11T17:01:33+08:00" level=info msg="[UE][NAS] successful NAS MAC verification"
time="2026-08-11T17:01:33+08:00" level=info msg="[UE][NAS] Receive Configuration Update Command"
time="2026-08-11T17:01:33+08:00" level=info msg="[UE] Initiating Configuration Update Complete"
time="2026-08-11T17:01:33+08:00" level=info msg="[GNB][NGAP] Receive Downlink NAS Transport"
time="2026-08-11T17:01:33+08:00" level=info msg="[UE][NAS] Message with security header"
time="2026-08-11T17:01:33+08:00" level=info msg="[UE][NAS] Message with integrity and with NEW 5G NAS SECURITY CONTEXT"
time="2026-08-11T17:01:33+08:00" level=info msg="[UE][NAS] successful NAS MAC verification"
time="2026-08-11T17:01:33+08:00" level=info msg="[UE][NAS] Receive Security Mode Command"
time="2026-08-11T17:01:33+08:00" level=info msg="[UE][NAS] Type of ciphering algorithm is 5G-EA0"
time="2026-08-11T17:01:33+08:00" level=info msg="[UE][NAS] Type of integrity protection algorithm is 128-5G-IA2"
time="2026-08-11T17:01:33+08:00" level=info msg="[GNB][SCTP] Receive message in 0 stream\n"
time="2026-08-11T17:01:33+08:00" level=info msg="[GNB][NGAP] Receive Downlink NAS Transport"
time="2026-08-11T17:01:33+08:00" level=info msg="[UE][NAS] Message with security header"
time="2026-08-11T17:01:33+08:00" level=info msg="[UE][NAS] Message with integrity and with NEW 5G NAS SECURITY CONTEXT"
time="2026-08-11T17:01:33+08:00" level=info msg="[UE][NAS] successful NAS MAC verification"
time="2026-08-11T17:01:33+08:00" level=info msg="[UE][NAS] Receive Security Mode Command"
time="2026-08-11T17:01:33+08:00" level=info msg="[UE][NAS] Type of ciphering algorithm is 5G-EA0"
time="2026-08-11T17:01:33+08:00" level=info msg="[UE][NAS] Type of integrity protection algorithm is 128-5G-IA2"
time="2026-08-11T17:01:33+08:00" level=info msg="[GNB][SCTP] Receive message in 0 stream\n"
time="2026-08-11T17:01:33+08:00" level=info msg="[GNB][NGAP] Receive Downlink NAS Transport"
time="2026-08-11T17:01:33+08:00" level=info msg="[UE][NAS] Message with security header"
time="2026-08-11T17:01:33+08:00" level=info msg="[UE][NAS] Message with integrity and with NEW 5G NAS SECURITY CONTEXT"
time="2026-08-11T17:01:33+08:00" level=info msg="[UE][NAS] successful NAS MAC verification"
time="2026-08-11T17:01:33+08:00" level=info msg="[UE][NAS] Receive Security Mode Command"
time="2026-08-11T17:01:33+08:00" level=info msg="[UE][NAS] Type of ciphering algorithm is 5G-EA0"
time="2026-08-11T17:01:33+08:00" level=info msg="[UE][NAS] Type of integrity protection algorithm is 128-5G-IA2"
time="2026-08-11T17:01:33+08:00" level=info msg="[GNB][SCTP] Receive message in 0 stream\n"
time="2026-08-11T17:01:33+08:00" level=info msg="[GNB][NGAP] Receive Downlink NAS Transport"
time="2026-08-11T17:01:33+08:00" level=info msg="[UE][NAS] Message with security header"
time="2026-08-11T17:01:33+08:00" level=info msg="[UE][NAS] Message with integrity and ciphered"
time="2026-08-11T17:01:33+08:00" level=info msg="[UE][NAS] successful NAS CIPHERING"
time="2026-08-11T17:01:33+08:00" level=info msg="[UE][NAS] successful NAS MAC verification"
time="2026-08-11T17:01:33+08:00" level=info msg="[UE][NAS] Receive Configuration Update Command"
time="2026-08-11T17:01:33+08:00" level=info msg="[UE] Initiating Configuration Update Complete"
time="2026-08-11T17:01:34+08:00" level=info msg="[GNB][SCTP] Receive message in 0 stream\n"
time="2026-08-11T17:01:34+08:00" level=info msg="[GNB][NGAP] Receive Initial Context Setup Request"
time="2026-08-11T17:01:34+08:00" level=info msg="[GNB][UE] UE Context was created with successful"
time="2026-08-11T17:01:34+08:00" level=info msg="[GNB][UE] UE RAN ID 25"
time="2026-08-11T17:01:34+08:00" level=info msg="[GNB][UE] UE AMF ID 297"
time="2026-08-11T17:01:34+08:00" level=info msg="[GNB][UE] UE Mobility Restrict --Plmn-- Mcc: 208 Mnc: 93"
time="2026-08-11T17:01:34+08:00" level=info msg="[GNB][UE] UE Masked Imeisv: 1110000000ffff00"
time="2026-08-11T17:01:34+08:00" level=info msg="[GNB][UE] Allowed Nssai-- Sst: [01 01] Sd: [010203 112233]"
time="2026-08-11T17:01:34+08:00" level=info msg="[GNB][NGAP][AMF] Send Initial Context Setup Response."
time="2026-08-11T17:01:34+08:00" level=info msg="[GNB] Initiating Initial Context Setup Response"
time="2026-08-11T17:01:34+08:00" level=info msg="[GNB][NGAP] No PDU Session to set up in InitialContextSetupResponse."
time="2026-08-11T17:01:34+08:00" level=info msg="[UE][NAS] Message with security header"
time="2026-08-11T17:01:34+08:00" level=info msg="[UE][NAS] Message with integrity and ciphered"
time="2026-08-11T17:01:34+08:00" level=info msg="[UE][NAS] successful NAS CIPHERING"
time="2026-08-11T17:01:34+08:00" level=info msg="[UE][NAS] successful NAS MAC verification"
time="2026-08-11T17:01:34+08:00" level=info msg="[UE][NAS] Receive Registration Accept"
time="2026-08-11T17:01:34+08:00" level=info msg="[UE][NAS] UE 5G GUTI: &{119 11 [242 2 248 57 202 254 0 0 0 0 235]}"
time="2026-08-11T17:01:34+08:00" level=info msg="[UE] Switched from state 2 to state 3"
time="2026-08-11T17:01:34+08:00" level=info msg="[GNB][SCTP] Receive message in 0 stream\n"
time="2026-08-11T17:01:34+08:00" level=info msg="[GNB][NGAP] Receive Downlink NAS Transport"
time="2026-08-11T17:01:34+08:00" level=info msg="[UE][NAS] Message with security header"
time="2026-08-11T17:01:34+08:00" level=info msg="[UE][NAS] Message with integrity and with NEW 5G NAS SECURITY CONTEXT"
time="2026-08-11T17:01:34+08:00" level=info msg="[UE][NAS] successful NAS MAC verification"
time="2026-08-11T17:01:34+08:00" level=info msg="[UE][NAS] Receive Security Mode Command"
time="2026-08-11T17:01:34+08:00" level=info msg="[UE][NAS] Type of ciphering algorithm is 5G-EA0"
time="2026-08-11T17:01:34+08:00" level=info msg="[UE][NAS] Type of integrity protection algorithm is 128-5G-IA2"
time="2026-08-11T17:01:34+08:00" level=info msg="[GNB][SCTP] Receive message in 0 stream\n"
time="2026-08-11T17:01:34+08:00" level=info msg="[GNB][NGAP] Receive Downlink NAS Transport"
time="2026-08-11T17:01:34+08:00" level=info msg="[UE][NAS] Message with security header"
time="2026-08-11T17:01:34+08:00" level=info msg="[UE][NAS] Message with integrity and with NEW 5G NAS SECURITY CONTEXT"
time="2026-08-11T17:01:34+08:00" level=info msg="[UE][NAS] successful NAS MAC verification"
time="2026-08-11T17:01:34+08:00" level=info msg="[UE][NAS] Receive Security Mode Command"
time="2026-08-11T17:01:34+08:00" level=info msg="[UE][NAS] Type of ciphering algorithm is 5G-EA0"
time="2026-08-11T17:01:34+08:00" level=info msg="[UE][NAS] Type of integrity protection algorithm is 128-5G-IA2"
time="2026-08-11T17:01:34+08:00" level=info msg="[GNB][SCTP] Receive message in 0 stream\n"
time="2026-08-11T17:01:34+08:00" level=info msg="[GNB][NGAP] Receive Downlink NAS Transport"
time="2026-08-11T17:01:34+08:00" level=info msg="[UE][NAS] Message with security header"
time="2026-08-11T17:01:34+08:00" level=info msg="[UE][NAS] Message with integrity and with NEW 5G NAS SECURITY CONTEXT"
time="2026-08-11T17:01:34+08:00" level=info msg="[UE][NAS] successful NAS MAC verification"
time="2026-08-11T17:01:34+08:00" level=info msg="[UE][NAS] Receive Security Mode Command"
time="2026-08-11T17:01:34+08:00" level=info msg="[UE][NAS] Type of ciphering algorithm is 5G-EA0"
time="2026-08-11T17:01:34+08:00" level=info msg="[UE][NAS] Type of integrity protection algorithm is 128-5G-IA2"
time="2026-08-11T17:01:34+08:00" level=info msg="[GNB][SCTP] Receive message in 0 stream\n"
time="2026-08-11T17:01:34+08:00" level=info msg="[GNB][SCTP] Receive message in 0 stream\n"
time="2026-08-11T17:01:34+08:00" level=info msg="[GNB][NGAP] Receive Initial Context Setup Request"
time="2026-08-11T17:01:34+08:00" level=info msg="[GNB][UE] UE Context was created with successful"
time="2026-08-11T17:01:34+08:00" level=info msg="[GNB][UE] UE RAN ID 49"
time="2026-08-11T17:01:34+08:00" level=info msg="[GNB][UE] UE AMF ID 318"
time="2026-08-11T17:01:34+08:00" level=info msg="[GNB][UE] UE Mobility Restrict --Plmn-- Mcc: 208 Mnc: 93"
time="2026-08-11T17:01:34+08:00" level=info msg="[GNB][UE] UE Masked Imeisv: 1110000000ffff00"
time="2026-08-11T17:01:34+08:00" level=info msg="[GNB][UE] Allowed Nssai-- Sst: [01 01] Sd: [010203 112233]"
time="2026-08-11T17:01:34+08:00" level=info msg="[GNB][NGAP][AMF] Send Initial Context Setup Response."
time="2026-08-11T17:01:34+08:00" level=info msg="[GNB] Initiating Initial Context Setup Response"
time="2026-08-11T17:01:34+08:00" level=info msg="[GNB][NGAP] No PDU Session to set up in InitialContextSetupResponse."
time="2026-08-11T17:01:34+08:00" level=info msg="[GNB][NGAP] Receive Downlink NAS Transport"
time="2026-08-11T17:01:34+08:00" level=info msg="[UE][NAS] Message with security header"
time="2026-08-11T17:01:34+08:00" level=info msg="[UE][NAS] Message with integrity and ciphered"
time="2026-08-11T17:01:34+08:00" level=info msg="[UE][NAS] successful NAS CIPHERING"
time="2026-08-11T17:01:34+08:00" level=info msg="[UE][NAS] successful NAS MAC verification"
time="2026-08-11T17:01:34+08:00" level=info msg="[UE][NAS] Receive Configuration Update Command"
time="2026-08-11T17:01:34+08:00" level=info msg="[UE] Initiating Configuration Update Complete"
time="2026-08-11T17:01:34+08:00" level=info msg="[UE][NAS] Message with security header"
time="2026-08-11T17:01:34+08:00" level=info msg="[UE][NAS] Message with integrity and ciphered"
time="2026-08-11T17:01:34+08:00" level=info msg="[UE][NAS] successful NAS CIPHERING"
time="2026-08-11T17:01:34+08:00" level=info msg="[UE][NAS] successful NAS MAC verification"
time="2026-08-11T17:01:34+08:00" level=info msg="[UE][NAS] Receive Registration Accept"
time="2026-08-11T17:01:34+08:00" level=info msg="[UE][NAS] UE 5G GUTI: &{119 11 [242 2 248 57 202 254 0 0 0 1 0]}"
time="2026-08-11T17:01:34+08:00" level=info msg="[UE] Switched from state 2 to state 3"
time="2026-08-11T17:01:34+08:00" level=info msg="[GNB][SCTP] Receive message in 0 stream\n"
time="2026-08-11T17:01:34+08:00" level=info msg="[GNB][NGAP] Receive Initial Context Setup Request"
time="2026-08-11T17:01:34+08:00" level=info msg="[GNB][UE] UE Context was created with successful"
time="2026-08-11T17:01:34+08:00" level=info msg="[GNB][UE] UE RAN ID 35"
time="2026-08-11T17:01:34+08:00" level=info msg="[GNB][UE] UE AMF ID 301"
time="2026-08-11T17:01:34+08:00" level=info msg="[GNB][UE] UE Mobility Restrict --Plmn-- Mcc: 208 Mnc: 93"
time="2026-08-11T17:01:34+08:00" level=info msg="[GNB][UE] UE Masked Imeisv: 1110000000ffff00"
time="2026-08-11T17:01:34+08:00" level=info msg="[GNB][UE] Allowed Nssai-- Sst: [01 01] Sd: [010203 112233]"
time="2026-08-11T17:01:34+08:00" level=info msg="[GNB][NGAP][AMF] Send Initial Context Setup Response."
time="2026-08-11T17:01:34+08:00" level=info msg="[GNB] Initiating Initial Context Setup Response"
time="2026-08-11T17:01:34+08:00" level=info msg="[GNB][NGAP] No PDU Session to set up in InitialContextSetupResponse."
time="2026-08-11T17:01:34+08:00" level=info msg="[UE][NAS] Message with security header"
time="2026-08-11T17:01:34+08:00" level=info msg="[UE][NAS] Message with integrity and ciphered"
time="2026-08-11T17:01:34+08:00" level=info msg="[UE][NAS] successful NAS CIPHERING"
time="2026-08-11T17:01:34+08:00" level=info msg="[UE][NAS] successful NAS MAC verification"
time="2026-08-11T17:01:34+08:00" level=info msg="[UE][NAS] Receive Registration Accept"
time="2026-08-11T17:01:34+08:00" level=info msg="[UE][NAS] UE 5G GUTI: &{119 11 [242 2 248 57 202 254 0 0 0 0 239]}"
time="2026-08-11T17:01:34+08:00" level=info msg="[UE] Switched from state 2 to state 3"
time="2026-08-11T17:01:34+08:00" level=info msg="[GNB][SCTP] Receive message in 0 stream\n"
time="2026-08-11T17:01:34+08:00" level=info msg="[GNB][NGAP] Receive Downlink NAS Transport"
time="2026-08-11T17:01:34+08:00" level=info msg="[UE][NAS] Message with security header"
time="2026-08-11T17:01:34+08:00" level=info msg="[UE][NAS] Message with integrity and with NEW 5G NAS SECURITY CONTEXT"
time="2026-08-11T17:01:34+08:00" level=info msg="[UE][NAS] successful NAS MAC verification"
time="2026-08-11T17:01:34+08:00" level=info msg="[UE][NAS] Receive Security Mode Command"
time="2026-08-11T17:01:34+08:00" level=info msg="[UE][NAS] Type of ciphering algorithm is 5G-EA0"
time="2026-08-11T17:01:34+08:00" level=info msg="[UE][NAS] Type of integrity protection algorithm is 128-5G-IA2"
time="2026-08-11T17:01:34+08:00" level=info msg="[GNB][SCTP] Receive message in 0 stream\n"
time="2026-08-11T17:01:34+08:00" level=info msg="[GNB][NGAP] Receive Downlink NAS Transport"
time="2026-08-11T17:01:34+08:00" level=info msg="[UE][NAS] Message with security header"
time="2026-08-11T17:01:34+08:00" level=info msg="[UE][NAS] Message with integrity and ciphered"
time="2026-08-11T17:01:34+08:00" level=info msg="[UE][NAS] successful NAS CIPHERING"
time="2026-08-11T17:01:34+08:00" level=info msg="[UE][NAS] successful NAS MAC verification"
time="2026-08-11T17:01:34+08:00" level=info msg="[UE][NAS] Receive Configuration Update Command"
time="2026-08-11T17:01:34+08:00" level=info msg="[UE] Initiating Configuration Update Complete"
time="2026-08-11T17:01:34+08:00" level=info msg="[GNB][SCTP] Receive message in 0 stream\n"
time="2026-08-11T17:01:34+08:00" level=info msg="[GNB][NGAP] Receive Initial Context Setup Request"
time="2026-08-11T17:01:34+08:00" level=info msg="[GNB][UE] UE Context was created with successful"
time="2026-08-11T17:01:34+08:00" level=info msg="[GNB][UE] UE RAN ID 13"
time="2026-08-11T17:01:34+08:00" level=info msg="[GNB][UE] UE AMF ID 290"
time="2026-08-11T17:01:34+08:00" level=info msg="[GNB][UE] UE Mobility Restrict --Plmn-- Mcc: 208 Mnc: 93"
time="2026-08-11T17:01:34+08:00" level=info msg="[GNB][UE] UE Masked Imeisv: 1110000000ffff00"
time="2026-08-11T17:01:34+08:00" level=info msg="[GNB][UE] Allowed Nssai-- Sst: [01 01] Sd: [010203 112233]"
time="2026-08-11T17:01:34+08:00" level=info msg="[GNB][NGAP][AMF] Send Initial Context Setup Response."
time="2026-08-11T17:01:34+08:00" level=info msg="[GNB] Initiating Initial Context Setup Response"
time="2026-08-11T17:01:34+08:00" level=info msg="[GNB][NGAP] No PDU Session to set up in InitialContextSetupResponse."
time="2026-08-11T17:01:34+08:00" level=info msg="[UE][NAS] Message with security header"
time="2026-08-11T17:01:34+08:00" level=info msg="[UE][NAS] Message with integrity and ciphered"
time="2026-08-11T17:01:34+08:00" level=info msg="[UE][NAS] successful NAS CIPHERING"
time="2026-08-11T17:01:34+08:00" level=info msg="[UE][NAS] successful NAS MAC verification"
time="2026-08-11T17:01:34+08:00" level=info msg="[UE][NAS] Receive Registration Accept"
time="2026-08-11T17:01:34+08:00" level=info msg="[UE][NAS] UE 5G GUTI: &{119 11 [242 2 248 57 202 254 0 0 0 0 228]}"
time="2026-08-11T17:01:34+08:00" level=info msg="[UE] Switched from state 2 to state 3"
time="2026-08-11T17:01:34+08:00" level=info msg="[GNB][SCTP] Receive message in 0 stream\n"
time="2026-08-11T17:01:34+08:00" level=info msg="[GNB][NGAP] Receive Downlink NAS Transport"
time="2026-08-11T17:01:34+08:00" level=info msg="[UE][NAS] Message with security header"
time="2026-08-11T17:01:34+08:00" level=info msg="[UE][NAS] Message with integrity and with NEW 5G NAS SECURITY CONTEXT"
time="2026-08-11T17:01:34+08:00" level=info msg="[UE][NAS] successful NAS MAC verification"
time="2026-08-11T17:01:34+08:00" level=info msg="[UE][NAS] Receive Security Mode Command"
time="2026-08-11T17:01:34+08:00" level=info msg="[UE][NAS] Type of ciphering algorithm is 5G-EA0"
time="2026-08-11T17:01:34+08:00" level=info msg="[UE][NAS] Type of integrity protection algorithm is 128-5G-IA2"
time="2026-08-11T17:01:34+08:00" level=info msg="[GNB][SCTP] Receive message in 0 stream\n"
time="2026-08-11T17:01:34+08:00" level=info msg="[GNB][NGAP] Receive Initial Context Setup Request"
time="2026-08-11T17:01:34+08:00" level=info msg="[GNB][UE] UE Context was created with successful"
time="2026-08-11T17:01:34+08:00" level=info msg="[GNB][SCTP] Receive message in 0 stream\n"
time="2026-08-11T17:01:34+08:00" level=info msg="[GNB][UE] UE RAN ID 41"
time="2026-08-11T17:01:34+08:00" level=info msg="[GNB][UE] UE AMF ID 303"
time="2026-08-11T17:01:34+08:00" level=info msg="[GNB][UE] UE Mobility Restrict --Plmn-- Mcc: 208 Mnc: 93"
time="2026-08-11T17:01:34+08:00" level=info msg="[GNB][UE] UE Masked Imeisv: 1110000000ffff00"
time="2026-08-11T17:01:34+08:00" level=info msg="[GNB][UE] Allowed Nssai-- Sst: [01 01] Sd: [010203 112233]"
time="2026-08-11T17:01:34+08:00" level=info msg="[GNB][NGAP][AMF] Send Initial Context Setup Response."
time="2026-08-11T17:01:34+08:00" level=info msg="[GNB] Initiating Initial Context Setup Response"
time="2026-08-11T17:01:34+08:00" level=info msg="[GNB][NGAP] No PDU Session to set up in InitialContextSetupResponse."
time="2026-08-11T17:01:34+08:00" level=info msg="[UE][NAS] Message with security header"
time="2026-08-11T17:01:34+08:00" level=info msg="[UE][NAS] Message with integrity and ciphered"
time="2026-08-11T17:01:34+08:00" level=info msg="[UE][NAS] successful NAS CIPHERING"
time="2026-08-11T17:01:34+08:00" level=info msg="[UE][NAS] successful NAS MAC verification"
time="2026-08-11T17:01:34+08:00" level=info msg="[UE][NAS] Receive Registration Accept"
time="2026-08-11T17:01:34+08:00" level=info msg="[UE][NAS] UE 5G GUTI: &{119 11 [242 2 248 57 202 254 0 0 0 0 241]}"
time="2026-08-11T17:01:34+08:00" level=info msg="[GNB][NGAP] Receive Downlink NAS Transport"
time="2026-08-11T17:01:34+08:00" level=info msg="[UE][NAS] Message with security header"
time="2026-08-11T17:01:34+08:00" level=info msg="[UE][NAS] Message with integrity and ciphered"
time="2026-08-11T17:01:34+08:00" level=info msg="[UE][NAS] successful NAS CIPHERING"
time="2026-08-11T17:01:34+08:00" level=info msg="[UE][NAS] successful NAS MAC verification"
time="2026-08-11T17:01:34+08:00" level=info msg="[UE][NAS] Receive Configuration Update Command"
time="2026-08-11T17:01:34+08:00" level=info msg="[UE] Initiating Configuration Update Complete"
time="2026-08-11T17:01:34+08:00" level=info msg="[UE] Switched from state 2 to state 3"
time="2026-08-11T17:01:34+08:00" level=info msg="[GNB][SCTP] Receive message in 0 stream\n"
time="2026-08-11T17:01:34+08:00" level=info msg="[GNB][SCTP] Receive message in 0 stream\n"
time="2026-08-11T17:01:34+08:00" level=info msg="[GNB][NGAP] Receive Initial Context Setup Request"
time="2026-08-11T17:01:34+08:00" level=info msg="[GNB][UE] UE Context was created with successful"
time="2026-08-11T17:01:34+08:00" level=info msg="[GNB][UE] UE RAN ID 58"
time="2026-08-11T17:01:34+08:00" level=info msg="[GNB][UE] UE AMF ID 324"
time="2026-08-11T17:01:34+08:00" level=info msg="[GNB][UE] UE Mobility Restrict --Plmn-- Mcc: 208 Mnc: 93"
time="2026-08-11T17:01:34+08:00" level=info msg="[GNB][UE] UE Masked Imeisv: 1110000000ffff00"
time="2026-08-11T17:01:34+08:00" level=info msg="[GNB][UE] Allowed Nssai-- Sst: [01 01] Sd: [010203 112233]"
time="2026-08-11T17:01:34+08:00" level=info msg="[GNB][NGAP][AMF] Send Initial Context Setup Response."
time="2026-08-11T17:01:34+08:00" level=info msg="[GNB] Initiating Initial Context Setup Response"
time="2026-08-11T17:01:34+08:00" level=info msg="[GNB][NGAP] No PDU Session to set up in InitialContextSetupResponse."
time="2026-08-11T17:01:34+08:00" level=info msg="[GNB][SCTP] Receive message in 0 stream\n"
time="2026-08-11T17:01:34+08:00" level=info msg="[UE][NAS] Message with security header"
time="2026-08-11T17:01:34+08:00" level=info msg="[UE][NAS] Message with integrity and ciphered"
time="2026-08-11T17:01:34+08:00" level=info msg="[UE][NAS] successful NAS CIPHERING"
time="2026-08-11T17:01:34+08:00" level=info msg="[UE][NAS] successful NAS MAC verification"
time="2026-08-11T17:01:34+08:00" level=info msg="[UE][NAS] Receive Registration Accept"
time="2026-08-11T17:01:34+08:00" level=info msg="[UE][NAS] UE 5G GUTI: &{119 11 [242 2 248 57 202 254 0 0 0 1 6]}"
time="2026-08-11T17:01:34+08:00" level=info msg="[UE] Switched from state 2 to state 3"
time="2026-08-11T17:01:34+08:00" level=info msg="[GNB][NGAP] Receive Initial Context Setup Request"
time="2026-08-11T17:01:34+08:00" level=info msg="[GNB][UE] UE Context was created with successful"
time="2026-08-11T17:01:34+08:00" level=info msg="[GNB][UE] UE RAN ID 47"
time="2026-08-11T17:01:34+08:00" level=info msg="[GNB][UE] UE AMF ID 307"
time="2026-08-11T17:01:34+08:00" level=info msg="[GNB][UE] UE Mobility Restrict --Plmn-- Mcc: 208 Mnc: 93"
time="2026-08-11T17:01:34+08:00" level=info msg="[GNB][UE] UE Masked Imeisv: 1110000000ffff00"
time="2026-08-11T17:01:34+08:00" level=info msg="[GNB][UE] Allowed Nssai-- Sst: [01 01] Sd: [010203 112233]"
time="2026-08-11T17:01:34+08:00" level=info msg="[GNB][NGAP][AMF] Send Initial Context Setup Response."
time="2026-08-11T17:01:34+08:00" level=info msg="[GNB] Initiating Initial Context Setup Response"
time="2026-08-11T17:01:34+08:00" level=info msg="[GNB][NGAP] No PDU Session to set up in InitialContextSetupResponse."
time="2026-08-11T17:01:34+08:00" level=info msg="[UE][NAS] Message with security header"
time="2026-08-11T17:01:34+08:00" level=info msg="[UE][NAS] Message with integrity and ciphered"
time="2026-08-11T17:01:34+08:00" level=info msg="[UE][NAS] successful NAS CIPHERING"
time="2026-08-11T17:01:34+08:00" level=info msg="[UE][NAS] successful NAS MAC verification"
time="2026-08-11T17:01:34+08:00" level=info msg="[UE][NAS] Receive Registration Accept"
time="2026-08-11T17:01:34+08:00" level=info msg="[UE][NAS] UE 5G GUTI: &{119 11 [242 2 248 57 202 254 0 0 0 0 245]}"
time="2026-08-11T17:01:34+08:00" level=info msg="[GNB][NGAP] Receive Initial Context Setup Request"
time="2026-08-11T17:01:34+08:00" level=info msg="[GNB][UE] UE Context was created with successful"
time="2026-08-11T17:01:34+08:00" level=info msg="[GNB][UE] UE RAN ID 21"
time="2026-08-11T17:01:34+08:00" level=info msg="[GNB][UE] UE AMF ID 293"
time="2026-08-11T17:01:34+08:00" level=info msg="[GNB][UE] UE Mobility Restrict --Plmn-- Mcc: 208 Mnc: 93"
time="2026-08-11T17:01:34+08:00" level=info msg="[GNB][UE] UE Masked Imeisv: 1110000000ffff00"
time="2026-08-11T17:01:34+08:00" level=info msg="[GNB][UE] Allowed Nssai-- Sst: [01 01] Sd: [010203 112233]"
time="2026-08-11T17:01:34+08:00" level=info msg="[GNB][NGAP][AMF] Send Initial Context Setup Response."
time="2026-08-11T17:01:34+08:00" level=info msg="[GNB] Initiating Initial Context Setup Response"
time="2026-08-11T17:01:34+08:00" level=info msg="[GNB][NGAP] No PDU Session to set up in InitialContextSetupResponse."
time="2026-08-11T17:01:34+08:00" level=info msg="[UE][NAS] Message with security header"
time="2026-08-11T17:01:34+08:00" level=info msg="[UE][NAS] Message with integrity and ciphered"
time="2026-08-11T17:01:34+08:00" level=info msg="[UE][NAS] successful NAS CIPHERING"
time="2026-08-11T17:01:34+08:00" level=info msg="[UE][NAS] successful NAS MAC verification"
time="2026-08-11T17:01:34+08:00" level=info msg="[UE][NAS] Receive Registration Accept"
time="2026-08-11T17:01:34+08:00" level=info msg="[UE][NAS] UE 5G GUTI: &{119 11 [242 2 248 57 202 254 0 0 0 0 231]}"
time="2026-08-11T17:01:34+08:00" level=info msg="[GNB][SCTP] Receive message in 0 stream\n"
time="2026-08-11T17:01:34+08:00" level=info msg="[UE] Switched from state 2 to state 3"
time="2026-08-11T17:01:34+08:00" level=info msg="[GNB][NGAP] Receive Initial Context Setup Request"
time="2026-08-11T17:01:34+08:00" level=info msg="[GNB][UE] UE Context was created with successful"
time="2026-08-11T17:01:34+08:00" level=info msg="[GNB][UE] UE RAN ID 23"
time="2026-08-11T17:01:34+08:00" level=info msg="[GNB][UE] UE AMF ID 296"
time="2026-08-11T17:01:34+08:00" level=info msg="[GNB][UE] UE Mobility Restrict --Plmn-- Mcc: 208 Mnc: 93"
time="2026-08-11T17:01:34+08:00" level=info msg="[GNB][UE] UE Masked Imeisv: 1110000000ffff00"
time="2026-08-11T17:01:34+08:00" level=info msg="[GNB][UE] Allowed Nssai-- Sst: [01 01] Sd: [010203 112233]"
time="2026-08-11T17:01:34+08:00" level=info msg="[GNB][NGAP][AMF] Send Initial Context Setup Response."
time="2026-08-11T17:01:34+08:00" level=info msg="[GNB] Initiating Initial Context Setup Response"
time="2026-08-11T17:01:34+08:00" level=info msg="[GNB][NGAP] No PDU Session to set up in InitialContextSetupResponse."
time="2026-08-11T17:01:34+08:00" level=info msg="[UE] Switched from state 2 to state 3"
time="2026-08-11T17:01:34+08:00" level=info msg="[UE][NAS] Message with security header"
time="2026-08-11T17:01:34+08:00" level=info msg="[UE][NAS] Message with integrity and ciphered"
time="2026-08-11T17:01:34+08:00" level=info msg="[UE][NAS] successful NAS CIPHERING"
time="2026-08-11T17:01:34+08:00" level=info msg="[UE][NAS] successful NAS MAC verification"
time="2026-08-11T17:01:34+08:00" level=info msg="[UE][NAS] Receive Registration Accept"
time="2026-08-11T17:01:34+08:00" level=info msg="[UE][NAS] UE 5G GUTI: &{119 11 [242 2 248 57 202 254 0 0 0 0 234]}"
time="2026-08-11T17:01:34+08:00" level=info msg="[UE] Switched from state 2 to state 3"
time="2026-08-11T17:01:34+08:00" level=info msg="[GNB][SCTP] Receive message in 0 stream\n"
time="2026-08-11T17:01:34+08:00" level=info msg="[GNB][NGAP] Receive Downlink NAS Transport"
time="2026-08-11T17:01:34+08:00" level=info msg="[UE][NAS] Message with security header"
time="2026-08-11T17:01:34+08:00" level=info msg="[UE][NAS] Message with integrity and with NEW 5G NAS SECURITY CONTEXT"
time="2026-08-11T17:01:34+08:00" level=info msg="[UE][NAS] successful NAS MAC verification"
time="2026-08-11T17:01:34+08:00" level=info msg="[UE][NAS] Receive Security Mode Command"
time="2026-08-11T17:01:34+08:00" level=info msg="[UE][NAS] Type of ciphering algorithm is 5G-EA0"
time="2026-08-11T17:01:34+08:00" level=info msg="[UE][NAS] Type of integrity protection algorithm is 128-5G-IA2"
time="2026-08-11T17:01:34+08:00" level=info msg="[GNB][SCTP] Receive message in 0 stream\n"
time="2026-08-11T17:01:34+08:00" level=info msg="[GNB][NGAP] Receive Downlink NAS Transport"
time="2026-08-11T17:01:34+08:00" level=info msg="[UE][NAS] Message with security header"
time="2026-08-11T17:01:34+08:00" level=info msg="[UE][NAS] Message with integrity and ciphered"
time="2026-08-11T17:01:34+08:00" level=info msg="[UE][NAS] successful NAS CIPHERING"
time="2026-08-11T17:01:34+08:00" level=info msg="[UE][NAS] successful NAS MAC verification"
time="2026-08-11T17:01:34+08:00" level=info msg="[UE][NAS] Receive Configuration Update Command"
time="2026-08-11T17:01:34+08:00" level=info msg="[UE] Initiating Configuration Update Complete"
time="2026-08-11T17:01:34+08:00" level=info msg="[GNB][SCTP] Receive message in 0 stream\n"
time="2026-08-11T17:01:34+08:00" level=info msg="[GNB][NGAP] Receive Downlink NAS Transport"
time="2026-08-11T17:01:34+08:00" level=info msg="[UE][NAS] Message with security header"
time="2026-08-11T17:01:34+08:00" level=info msg="[UE][NAS] Message with integrity and with NEW 5G NAS SECURITY CONTEXT"
time="2026-08-11T17:01:34+08:00" level=info msg="[UE][NAS] successful NAS MAC verification"
time="2026-08-11T17:01:34+08:00" level=info msg="[UE][NAS] Receive Security Mode Command"
time="2026-08-11T17:01:34+08:00" level=info msg="[UE][NAS] Type of ciphering algorithm is 5G-EA0"
time="2026-08-11T17:01:34+08:00" level=info msg="[UE][NAS] Type of integrity protection algorithm is 128-5G-IA2"
time="2026-08-11T17:01:34+08:00" level=info msg="[GNB][SCTP] Receive message in 0 stream\n"
time="2026-08-11T17:01:34+08:00" level=info msg="[GNB][NGAP] Receive Initial Context Setup Request"
time="2026-08-11T17:01:34+08:00" level=info msg="[GNB][UE] UE Context was created with successful"
time="2026-08-11T17:01:34+08:00" level=info msg="[GNB][UE] UE RAN ID 26"
time="2026-08-11T17:01:34+08:00" level=info msg="[GNB][UE] UE AMF ID 309"
time="2026-08-11T17:01:34+08:00" level=info msg="[GNB][UE] UE Mobility Restrict --Plmn-- Mcc: 208 Mnc: 93"
time="2026-08-11T17:01:34+08:00" level=info msg="[GNB][UE] UE Masked Imeisv: 1110000000ffff00"
time="2026-08-11T17:01:34+08:00" level=info msg="[GNB][UE] Allowed Nssai-- Sst: [01 01] Sd: [010203 112233]"
time="2026-08-11T17:01:34+08:00" level=info msg="[GNB][NGAP][AMF] Send Initial Context Setup Response."
time="2026-08-11T17:01:34+08:00" level=info msg="[GNB] Initiating Initial Context Setup Response"
time="2026-08-11T17:01:34+08:00" level=info msg="[GNB][NGAP] No PDU Session to set up in InitialContextSetupResponse."
time="2026-08-11T17:01:34+08:00" level=info msg="[UE][NAS] Message with security header"
time="2026-08-11T17:01:34+08:00" level=info msg="[UE][NAS] Message with integrity and ciphered"
time="2026-08-11T17:01:34+08:00" level=info msg="[UE][NAS] successful NAS CIPHERING"
time="2026-08-11T17:01:34+08:00" level=info msg="[UE][NAS] successful NAS MAC verification"
time="2026-08-11T17:01:34+08:00" level=info msg="[UE][NAS] Receive Registration Accept"
time="2026-08-11T17:01:34+08:00" level=info msg="[UE][NAS] UE 5G GUTI: &{119 11 [242 2 248 57 202 254 0 0 0 0 248]}"
time="2026-08-11T17:01:34+08:00" level=info msg="[UE] Switched from state 2 to state 3"
time="2026-08-11T17:01:35+08:00" level=info msg="[GNB][SCTP] Receive message in 0 stream\n"
time="2026-08-11T17:01:35+08:00" level=info msg="[GNB][SCTP] Receive message in 0 stream\n"
time="2026-08-11T17:01:35+08:00" level=info msg="[GNB][NGAP] Receive Initial Context Setup Request"
time="2026-08-11T17:01:35+08:00" level=info msg="[GNB][UE] UE Context was created with successful"
time="2026-08-11T17:01:35+08:00" level=info msg="[GNB][UE] UE RAN ID 53"
time="2026-08-11T17:01:35+08:00" level=info msg="[GNB][UE] UE AMF ID 313"
time="2026-08-11T17:01:35+08:00" level=info msg="[GNB][UE] UE Mobility Restrict --Plmn-- Mcc: 208 Mnc: 93"
time="2026-08-11T17:01:35+08:00" level=info msg="[GNB][UE] UE Masked Imeisv: 1110000000ffff00"
time="2026-08-11T17:01:35+08:00" level=info msg="[GNB][UE] Allowed Nssai-- Sst: [01 01] Sd: [010203 112233]"
time="2026-08-11T17:01:35+08:00" level=info msg="[GNB][NGAP][AMF] Send Initial Context Setup Response."
time="2026-08-11T17:01:35+08:00" level=info msg="[GNB] Initiating Initial Context Setup Response"
time="2026-08-11T17:01:35+08:00" level=info msg="[GNB][NGAP] No PDU Session to set up in InitialContextSetupResponse."
time="2026-08-11T17:01:35+08:00" level=info msg="[GNB][NGAP] Receive Initial Context Setup Request"
time="2026-08-11T17:01:35+08:00" level=info msg="[GNB][UE] UE Context was created with successful"
time="2026-08-11T17:01:35+08:00" level=info msg="[GNB][UE] UE RAN ID 31"
time="2026-08-11T17:01:35+08:00" level=info msg="[GNB][UE] UE AMF ID 302"
time="2026-08-11T17:01:35+08:00" level=info msg="[GNB][UE] UE Mobility Restrict --Plmn-- Mcc: 208 Mnc: 93"
time="2026-08-11T17:01:35+08:00" level=info msg="[GNB][UE] UE Masked Imeisv: 1110000000ffff00"
time="2026-08-11T17:01:35+08:00" level=info msg="[GNB][UE] Allowed Nssai-- Sst: [01 01] Sd: [010203 112233]"
time="2026-08-11T17:01:35+08:00" level=info msg="[GNB][NGAP][AMF] Send Initial Context Setup Response."
time="2026-08-11T17:01:35+08:00" level=info msg="[GNB] Initiating Initial Context Setup Response"
time="2026-08-11T17:01:35+08:00" level=info msg="[GNB][NGAP] No PDU Session to set up in InitialContextSetupResponse."
time="2026-08-11T17:01:35+08:00" level=info msg="[UE][NAS] Message with security header"
time="2026-08-11T17:01:35+08:00" level=info msg="[UE][NAS] Message with integrity and ciphered"
time="2026-08-11T17:01:35+08:00" level=info msg="[UE][NAS] successful NAS CIPHERING"
time="2026-08-11T17:01:35+08:00" level=info msg="[UE][NAS] Message with security header"
time="2026-08-11T17:01:35+08:00" level=info msg="[UE][NAS] Message with integrity and ciphered"
time="2026-08-11T17:01:35+08:00" level=info msg="[UE][NAS] successful NAS CIPHERING"
time="2026-08-11T17:01:35+08:00" level=info msg="[UE][NAS] successful NAS MAC verification"
time="2026-08-11T17:01:35+08:00" level=info msg="[UE][NAS] Receive Registration Accept"
time="2026-08-11T17:01:35+08:00" level=info msg="[UE][NAS] successful NAS MAC verification"
time="2026-08-11T17:01:35+08:00" level=info msg="[UE][NAS] Receive Registration Accept"
time="2026-08-11T17:01:35+08:00" level=info msg="[UE][NAS] UE 5G GUTI: &{119 11 [242 2 248 57 202 254 0 0 0 0 251]}"
time="2026-08-11T17:01:35+08:00" level=info msg="[UE][NAS] UE 5G GUTI: &{119 11 [242 2 248 57 202 254 0 0 0 0 240]}"
time="2026-08-11T17:01:35+08:00" level=info msg="[UE] Switched from state 2 to state 3"
time="2026-08-11T17:01:35+08:00" level=info msg="[UE] Switched from state 2 to state 3"
time="2026-08-11T17:01:35+08:00" level=info msg="[GNB][SCTP] Receive message in 0 stream\n"
time="2026-08-11T17:01:35+08:00" level=info msg="[GNB][NGAP] Receive Downlink NAS Transport"
time="2026-08-11T17:01:35+08:00" level=info msg="[UE][NAS] Message with security header"
time="2026-08-11T17:01:35+08:00" level=info msg="[UE][NAS] Message with integrity and ciphered"
time="2026-08-11T17:01:35+08:00" level=info msg="[UE][NAS] successful NAS CIPHERING"
time="2026-08-11T17:01:35+08:00" level=info msg="[UE][NAS] successful NAS MAC verification"
time="2026-08-11T17:01:35+08:00" level=info msg="[UE][NAS] Receive Configuration Update Command"
time="2026-08-11T17:01:35+08:00" level=info msg="[UE] Initiating Configuration Update Complete"
time="2026-08-11T17:01:35+08:00" level=info msg="[GNB][SCTP] Receive message in 0 stream\n"
time="2026-08-11T17:01:35+08:00" level=info msg="[GNB][SCTP] Receive message in 0 stream\n"
time="2026-08-11T17:01:35+08:00" level=info msg="[GNB][NGAP] Receive Initial Context Setup Request"
time="2026-08-11T17:01:35+08:00" level=info msg="[GNB][UE] UE Context was created with successful"
time="2026-08-11T17:01:35+08:00" level=info msg="[GNB][UE] UE RAN ID 36"
time="2026-08-11T17:01:35+08:00" level=info msg="[GNB][UE] UE AMF ID 299"
time="2026-08-11T17:01:35+08:00" level=info msg="[GNB][UE] UE Mobility Restrict --Plmn-- Mcc: 208 Mnc: 93"
time="2026-08-11T17:01:35+08:00" level=info msg="[GNB][UE] UE Masked Imeisv: 1110000000ffff00"
time="2026-08-11T17:01:35+08:00" level=info msg="[GNB][UE] Allowed Nssai-- Sst: [01 01] Sd: [010203 112233]"
time="2026-08-11T17:01:35+08:00" level=info msg="[GNB][NGAP][AMF] Send Initial Context Setup Response."
time="2026-08-11T17:01:35+08:00" level=info msg="[GNB] Initiating Initial Context Setup Response"
time="2026-08-11T17:01:35+08:00" level=info msg="[GNB][NGAP] No PDU Session to set up in InitialContextSetupResponse."
time="2026-08-11T17:01:35+08:00" level=info msg="[GNB][NGAP] Receive Initial Context Setup Request"
time="2026-08-11T17:01:35+08:00" level=info msg="[GNB][UE] UE Context was created with successful"
time="2026-08-11T17:01:35+08:00" level=info msg="[GNB][UE] UE RAN ID 50"
time="2026-08-11T17:01:35+08:00" level=info msg="[GNB][UE] UE AMF ID 330"
time="2026-08-11T17:01:35+08:00" level=info msg="[GNB][UE] UE Mobility Restrict --Plmn-- Mcc: 208 Mnc: 93"
time="2026-08-11T17:01:35+08:00" level=info msg="[GNB][UE] UE Masked Imeisv: 1110000000ffff00"
time="2026-08-11T17:01:35+08:00" level=info msg="[GNB][UE] Allowed Nssai-- Sst: [01 01] Sd: [010203 112233]"
time="2026-08-11T17:01:35+08:00" level=info msg="[GNB][NGAP][AMF] Send Initial Context Setup Response."
time="2026-08-11T17:01:35+08:00" level=info msg="[GNB] Initiating Initial Context Setup Response"
time="2026-08-11T17:01:35+08:00" level=info msg="[GNB][NGAP] No PDU Session to set up in InitialContextSetupResponse."
time="2026-08-11T17:01:35+08:00" level=info msg="[UE][NAS] Message with security header"
time="2026-08-11T17:01:35+08:00" level=info msg="[UE][NAS] Message with integrity and ciphered"
time="2026-08-11T17:01:35+08:00" level=info msg="[UE][NAS] successful NAS CIPHERING"
time="2026-08-11T17:01:35+08:00" level=info msg="[UE][NAS] successful NAS MAC verification"
time="2026-08-11T17:01:35+08:00" level=info msg="[UE][NAS] Receive Registration Accept"
time="2026-08-11T17:01:35+08:00" level=info msg="[UE][NAS] UE 5G GUTI: &{119 11 [242 2 248 57 202 254 0 0 0 1 12]}"
time="2026-08-11T17:01:35+08:00" level=info msg="[UE] Switched from state 2 to state 3"
time="2026-08-11T17:01:35+08:00" level=info msg="[UE][NAS] Message with security header"
time="2026-08-11T17:01:35+08:00" level=info msg="[UE][NAS] Message with integrity and ciphered"
time="2026-08-11T17:01:35+08:00" level=info msg="[UE][NAS] successful NAS CIPHERING"
time="2026-08-11T17:01:35+08:00" level=info msg="[UE][NAS] successful NAS MAC verification"
time="2026-08-11T17:01:35+08:00" level=info msg="[UE][NAS] Receive Registration Accept"
time="2026-08-11T17:01:35+08:00" level=info msg="[UE][NAS] UE 5G GUTI: &{119 11 [242 2 248 57 202 254 0 0 0 0 237]}"
time="2026-08-11T17:01:35+08:00" level=info msg="[UE] Switched from state 2 to state 3"
time="2026-08-11T17:01:35+08:00" level=info msg="[GNB][SCTP] Receive message in 0 stream\n"
time="2026-08-11T17:01:35+08:00" level=info msg="[GNB][SCTP] Receive message in 0 stream\n"
time="2026-08-11T17:01:35+08:00" level=info msg="[GNB][NGAP] Receive Downlink NAS Transport"
time="2026-08-11T17:01:35+08:00" level=info msg="[UE][NAS] Message with security header"
time="2026-08-11T17:01:35+08:00" level=info msg="[UE][NAS] Message with integrity and ciphered"
time="2026-08-11T17:01:35+08:00" level=info msg="[UE][NAS] successful NAS CIPHERING"
time="2026-08-11T17:01:35+08:00" level=info msg="[UE][NAS] successful NAS MAC verification"
time="2026-08-11T17:01:35+08:00" level=info msg="[UE][NAS] Receive Configuration Update Command"
time="2026-08-11T17:01:35+08:00" level=info msg="[UE] Initiating Configuration Update Complete"
time="2026-08-11T17:01:35+08:00" level=info msg="[GNB][NGAP] Receive Downlink NAS Transport"
time="2026-08-11T17:01:35+08:00" level=info msg="[UE][NAS] Message with security header"
time="2026-08-11T17:01:35+08:00" level=info msg="[UE][NAS] Message with integrity and ciphered"
time="2026-08-11T17:01:35+08:00" level=info msg="[UE][NAS] successful NAS CIPHERING"
time="2026-08-11T17:01:35+08:00" level=info msg="[UE][NAS] successful NAS MAC verification"
time="2026-08-11T17:01:35+08:00" level=info msg="[UE][NAS] Receive Configuration Update Command"
time="2026-08-11T17:01:35+08:00" level=info msg="[UE] Initiating Configuration Update Complete"
time="2026-08-11T17:01:35+08:00" level=info msg="[GNB][SCTP] Receive message in 0 stream\n"
time="2026-08-11T17:01:35+08:00" level=info msg="[GNB][NGAP] Receive Downlink NAS Transport"
time="2026-08-11T17:01:35+08:00" level=info msg="[UE][NAS] Message with security header"
time="2026-08-11T17:01:35+08:00" level=info msg="[UE][NAS] Message with integrity and with NEW 5G NAS SECURITY CONTEXT"
time="2026-08-11T17:01:35+08:00" level=info msg="[UE][NAS] successful NAS MAC verification"
time="2026-08-11T17:01:35+08:00" level=info msg="[UE][NAS] Receive Security Mode Command"
time="2026-08-11T17:01:35+08:00" level=info msg="[UE][NAS] Type of ciphering algorithm is 5G-EA0"
time="2026-08-11T17:01:35+08:00" level=info msg="[UE][NAS] Type of integrity protection algorithm is 128-5G-IA2"
time="2026-08-11T17:01:35+08:00" level=info msg="[GNB][SCTP] Receive message in 0 stream\n"
time="2026-08-11T17:01:35+08:00" level=info msg="[GNB][NGAP] Receive Initial Context Setup Request"
time="2026-08-11T17:01:35+08:00" level=info msg="[GNB][UE] UE Context was created with successful"
time="2026-08-11T17:01:35+08:00" level=info msg="[GNB][UE] UE RAN ID 60"
time="2026-08-11T17:01:35+08:00" level=info msg="[GNB][UE] UE AMF ID 315"
time="2026-08-11T17:01:35+08:00" level=info msg="[GNB][UE] UE Mobility Restrict --Plmn-- Mcc: 208 Mnc: 93"
time="2026-08-11T17:01:35+08:00" level=info msg="[GNB][UE] UE Masked Imeisv: 1110000000ffff00"
time="2026-08-11T17:01:35+08:00" level=info msg="[GNB][UE] Allowed Nssai-- Sst: [01 01] Sd: [010203 112233]"
time="2026-08-11T17:01:35+08:00" level=info msg="[GNB][NGAP][AMF] Send Initial Context Setup Response."
time="2026-08-11T17:01:35+08:00" level=info msg="[GNB] Initiating Initial Context Setup Response"
time="2026-08-11T17:01:35+08:00" level=info msg="[GNB][NGAP] No PDU Session to set up in InitialContextSetupResponse."
time="2026-08-11T17:01:35+08:00" level=info msg="[UE][NAS] Message with security header"
time="2026-08-11T17:01:35+08:00" level=info msg="[UE][NAS] Message with integrity and ciphered"
time="2026-08-11T17:01:35+08:00" level=info msg="[UE][NAS] successful NAS CIPHERING"
time="2026-08-11T17:01:35+08:00" level=info msg="[UE][NAS] successful NAS MAC verification"
time="2026-08-11T17:01:35+08:00" level=info msg="[UE][NAS] Receive Registration Accept"
time="2026-08-11T17:01:35+08:00" level=info msg="[UE][NAS] UE 5G GUTI: &{119 11 [242 2 248 57 202 254 0 0 0 0 253]}"
time="2026-08-11T17:01:35+08:00" level=info msg="[UE] Switched from state 2 to state 3"
time="2026-08-11T17:01:35+08:00" level=info msg="[GNB][SCTP] Receive message in 0 stream\n"
time="2026-08-11T17:01:35+08:00" level=info msg="[GNB][NGAP] Receive Downlink NAS Transport"
time="2026-08-11T17:01:35+08:00" level=info msg="[UE][NAS] Message with security header"
time="2026-08-11T17:01:35+08:00" level=info msg="[UE][NAS] Message with integrity and with NEW 5G NAS SECURITY CONTEXT"
time="2026-08-11T17:01:35+08:00" level=info msg="[UE][NAS] successful NAS MAC verification"
time="2026-08-11T17:01:35+08:00" level=info msg="[UE][NAS] Receive Security Mode Command"
time="2026-08-11T17:01:35+08:00" level=info msg="[UE][NAS] Type of ciphering algorithm is 5G-EA0"
time="2026-08-11T17:01:35+08:00" level=info msg="[UE][NAS] Type of integrity protection algorithm is 128-5G-IA2"
time="2026-08-11T17:01:35+08:00" level=info msg="[GNB][SCTP] Receive message in 0 stream\n"
time="2026-08-11T17:01:35+08:00" level=info msg="[GNB][NGAP] Receive Downlink NAS Transport"
time="2026-08-11T17:01:35+08:00" level=info msg="[UE][NAS] Message with security header"
time="2026-08-11T17:01:35+08:00" level=info msg="[UE][NAS] Message with integrity and ciphered"
time="2026-08-11T17:01:35+08:00" level=info msg="[UE][NAS] successful NAS CIPHERING"
time="2026-08-11T17:01:35+08:00" level=info msg="[UE][NAS] successful NAS MAC verification"
time="2026-08-11T17:01:35+08:00" level=info msg="[UE][NAS] Receive Configuration Update Command"
time="2026-08-11T17:01:35+08:00" level=info msg="[UE] Initiating Configuration Update Complete"
time="2026-08-11T17:01:35+08:00" level=info msg="[GNB][SCTP] Receive message in 0 stream\n"
time="2026-08-11T17:01:35+08:00" level=info msg="[GNB][NGAP] Receive Initial Context Setup Request"
time="2026-08-11T17:01:35+08:00" level=info msg="[GNB][UE] UE Context was created with successful"
time="2026-08-11T17:01:35+08:00" level=info msg="[GNB][UE] UE RAN ID 59"
time="2026-08-11T17:01:35+08:00" level=info msg="[GNB][UE] UE AMF ID 319"
time="2026-08-11T17:01:35+08:00" level=info msg="[GNB][UE] UE Mobility Restrict --Plmn-- Mcc: 208 Mnc: 93"
time="2026-08-11T17:01:35+08:00" level=info msg="[GNB][UE] UE Masked Imeisv: 1110000000ffff00"
time="2026-08-11T17:01:35+08:00" level=info msg="[GNB][UE] Allowed Nssai-- Sst: [01 01] Sd: [010203 112233]"
time="2026-08-11T17:01:35+08:00" level=info msg="[GNB][NGAP][AMF] Send Initial Context Setup Response."
time="2026-08-11T17:01:35+08:00" level=info msg="[GNB] Initiating Initial Context Setup Response"
time="2026-08-11T17:01:35+08:00" level=info msg="[UE][NAS] Message with security header"
time="2026-08-11T17:01:35+08:00" level=info msg="[UE][NAS] Message with integrity and ciphered"
time="2026-08-11T17:01:35+08:00" level=info msg="[UE][NAS] successful NAS CIPHERING"
time="2026-08-11T17:01:35+08:00" level=info msg="[UE][NAS] successful NAS MAC verification"
time="2026-08-11T17:01:35+08:00" level=info msg="[UE][NAS] Receive Registration Accept"
time="2026-08-11T17:01:35+08:00" level=info msg="[UE][NAS] UE 5G GUTI: &{119 11 [242 2 248 57 202 254 0 0 0 1 1]}"
time="2026-08-11T17:01:35+08:00" level=info msg="[GNB][NGAP] No PDU Session to set up in InitialContextSetupResponse."
time="2026-08-11T17:01:35+08:00" level=info msg="[UE] Switched from state 2 to state 3"
time="2026-08-11T17:01:35+08:00" level=info msg="[GNB][SCTP] Receive message in 0 stream\n"
time="2026-08-11T17:01:35+08:00" level=info msg="[GNB][NGAP] Receive Initial Context Setup Request"
time="2026-08-11T17:01:35+08:00" level=info msg="[GNB][UE] UE Context was created with successful"
time="2026-08-11T17:01:35+08:00" level=info msg="[GNB][UE] UE RAN ID 34"
time="2026-08-11T17:01:35+08:00" level=info msg="[GNB][UE] UE AMF ID 292"
time="2026-08-11T17:01:35+08:00" level=info msg="[GNB][UE] UE Mobility Restrict --Plmn-- Mcc: 208 Mnc: 93"
time="2026-08-11T17:01:35+08:00" level=info msg="[GNB][UE] UE Masked Imeisv: 1110000000ffff00"
time="2026-08-11T17:01:35+08:00" level=info msg="[GNB][UE] Allowed Nssai-- Sst: [01 01] Sd: [010203 112233]"
time="2026-08-11T17:01:35+08:00" level=info msg="[GNB][NGAP][AMF] Send Initial Context Setup Response."
time="2026-08-11T17:01:35+08:00" level=info msg="[GNB] Initiating Initial Context Setup Response"
time="2026-08-11T17:01:35+08:00" level=info msg="[GNB][NGAP] No PDU Session to set up in InitialContextSetupResponse."
time="2026-08-11T17:01:35+08:00" level=info msg="[UE][NAS] Message with security header"
time="2026-08-11T17:01:35+08:00" level=info msg="[UE][NAS] Message with integrity and ciphered"
time="2026-08-11T17:01:35+08:00" level=info msg="[UE][NAS] successful NAS CIPHERING"
time="2026-08-11T17:01:35+08:00" level=info msg="[UE][NAS] successful NAS MAC verification"
time="2026-08-11T17:01:35+08:00" level=info msg="[UE][NAS] Receive Registration Accept"
time="2026-08-11T17:01:35+08:00" level=info msg="[UE][NAS] UE 5G GUTI: &{119 11 [242 2 248 57 202 254 0 0 0 0 230]}"
time="2026-08-11T17:01:35+08:00" level=info msg="[UE] Switched from state 2 to state 3"
time="2026-08-11T17:01:35+08:00" level=info msg="[GNB][SCTP] Receive message in 0 stream\n"
time="2026-08-11T17:01:35+08:00" level=info msg="[GNB][NGAP] Receive Downlink NAS Transport"
time="2026-08-11T17:01:35+08:00" level=info msg="[UE][NAS] Message with security header"
time="2026-08-11T17:01:35+08:00" level=info msg="[UE][NAS] Message with integrity and with NEW 5G NAS SECURITY CONTEXT"
time="2026-08-11T17:01:35+08:00" level=info msg="[UE][NAS] successful NAS MAC verification"
time="2026-08-11T17:01:35+08:00" level=info msg="[UE][NAS] Receive Security Mode Command"
time="2026-08-11T17:01:35+08:00" level=info msg="[UE][NAS] Type of ciphering algorithm is 5G-EA0"
time="2026-08-11T17:01:35+08:00" level=info msg="[UE][NAS] Type of integrity protection algorithm is 128-5G-IA2"
time="2026-08-11T17:01:35+08:00" level=info msg="[GNB][SCTP] Receive message in 0 stream\n"
time="2026-08-11T17:01:35+08:00" level=info msg="[GNB][NGAP] Receive Downlink NAS Transport"
time="2026-08-11T17:01:35+08:00" level=info msg="[GNB][SCTP] Receive message in 0 stream\n"
time="2026-08-11T17:01:35+08:00" level=info msg="[UE][NAS] Message with security header"
time="2026-08-11T17:01:35+08:00" level=info msg="[UE][NAS] Message with integrity and with NEW 5G NAS SECURITY CONTEXT"
time="2026-08-11T17:01:35+08:00" level=info msg="[UE][NAS] successful NAS MAC verification"
time="2026-08-11T17:01:35+08:00" level=info msg="[UE][NAS] Receive Security Mode Command"
time="2026-08-11T17:01:35+08:00" level=info msg="[UE][NAS] Type of ciphering algorithm is 5G-EA0"
time="2026-08-11T17:01:35+08:00" level=info msg="[UE][NAS] Type of integrity protection algorithm is 128-5G-IA2"
time="2026-08-11T17:01:35+08:00" level=info msg="[GNB][NGAP] Receive Downlink NAS Transport"
time="2026-08-11T17:01:35+08:00" level=info msg="[UE][NAS] Message with security header"
time="2026-08-11T17:01:35+08:00" level=info msg="[UE][NAS] Message with integrity and ciphered"
time="2026-08-11T17:01:35+08:00" level=info msg="[UE][NAS] successful NAS CIPHERING"
time="2026-08-11T17:01:35+08:00" level=info msg="[UE][NAS] successful NAS MAC verification"
time="2026-08-11T17:01:35+08:00" level=info msg="[UE][NAS] Receive Configuration Update Command"
time="2026-08-11T17:01:35+08:00" level=info msg="[UE] Initiating Configuration Update Complete"
time="2026-08-11T17:01:35+08:00" level=info msg="[GNB][SCTP] Receive message in 0 stream\n"
time="2026-08-11T17:01:35+08:00" level=info msg="[GNB][NGAP] Receive Initial Context Setup Request"
time="2026-08-11T17:01:35+08:00" level=info msg="[GNB][UE] UE Context was created with successful"
time="2026-08-11T17:01:35+08:00" level=info msg="[GNB][UE] UE RAN ID 37"
time="2026-08-11T17:01:35+08:00" level=info msg="[GNB][UE] UE AMF ID 308"
time="2026-08-11T17:01:35+08:00" level=info msg="[GNB][UE] UE Mobility Restrict --Plmn-- Mcc: 208 Mnc: 93"
time="2026-08-11T17:01:35+08:00" level=info msg="[GNB][UE] UE Masked Imeisv: 1110000000ffff00"
time="2026-08-11T17:01:35+08:00" level=info msg="[GNB][UE] Allowed Nssai-- Sst: [01 01] Sd: [010203 112233]"
time="2026-08-11T17:01:35+08:00" level=info msg="[GNB][NGAP][AMF] Send Initial Context Setup Response."
time="2026-08-11T17:01:35+08:00" level=info msg="[GNB] Initiating Initial Context Setup Response"
time="2026-08-11T17:01:35+08:00" level=info msg="[GNB][NGAP] No PDU Session to set up in InitialContextSetupResponse."
time="2026-08-11T17:01:35+08:00" level=info msg="[UE][NAS] Message with security header"
time="2026-08-11T17:01:35+08:00" level=info msg="[UE][NAS] Message with integrity and ciphered"
time="2026-08-11T17:01:35+08:00" level=info msg="[UE][NAS] successful NAS CIPHERING"
time="2026-08-11T17:01:35+08:00" level=info msg="[UE][NAS] successful NAS MAC verification"
time="2026-08-11T17:01:35+08:00" level=info msg="[UE][NAS] Receive Registration Accept"
time="2026-08-11T17:01:35+08:00" level=info msg="[UE][NAS] UE 5G GUTI: &{119 11 [242 2 248 57 202 254 0 0 0 0 246]}"
time="2026-08-11T17:01:35+08:00" level=info msg="[UE] Switched from state 2 to state 3"
time="2026-08-11T17:01:35+08:00" level=info msg="[GNB][SCTP] Receive message in 0 stream\n"
time="2026-08-11T17:01:35+08:00" level=info msg="[GNB][NGAP] Receive Downlink NAS Transport"
time="2026-08-11T17:01:35+08:00" level=info msg="[UE][NAS] Message with security header"
time="2026-08-11T17:01:35+08:00" level=info msg="[UE][NAS] Message with integrity and with NEW 5G NAS SECURITY CONTEXT"
time="2026-08-11T17:01:35+08:00" level=info msg="[UE][NAS] successful NAS MAC verification"
time="2026-08-11T17:01:35+08:00" level=info msg="[UE][NAS] Receive Security Mode Command"
time="2026-08-11T17:01:35+08:00" level=info msg="[UE][NAS] Type of ciphering algorithm is 5G-EA0"
time="2026-08-11T17:01:35+08:00" level=info msg="[UE][NAS] Type of integrity protection algorithm is 128-5G-IA2"
time="2026-08-11T17:01:35+08:00" level=info msg="[GNB][SCTP] Receive message in 0 stream\n"
time="2026-08-11T17:01:35+08:00" level=info msg="[GNB][NGAP] Receive Initial Context Setup Request"
time="2026-08-11T17:01:35+08:00" level=info msg="[GNB][UE] UE Context was created with successful"
time="2026-08-11T17:01:35+08:00" level=info msg="[GNB][UE] UE RAN ID 69"
time="2026-08-11T17:01:35+08:00" level=info msg="[GNB][UE] UE AMF ID 336"
time="2026-08-11T17:01:35+08:00" level=info msg="[GNB][UE] UE Mobility Restrict --Plmn-- Mcc: 208 Mnc: 93"
time="2026-08-11T17:01:35+08:00" level=info msg="[GNB][UE] UE Masked Imeisv: 1110000000ffff00"
time="2026-08-11T17:01:35+08:00" level=info msg="[GNB][UE] Allowed Nssai-- Sst: [01 01] Sd: [010203 112233]"
time="2026-08-11T17:01:35+08:00" level=info msg="[GNB][NGAP][AMF] Send Initial Context Setup Response."
time="2026-08-11T17:01:35+08:00" level=info msg="[GNB] Initiating Initial Context Setup Response"
time="2026-08-11T17:01:35+08:00" level=info msg="[GNB][NGAP] No PDU Session to set up in InitialContextSetupResponse."
time="2026-08-11T17:01:35+08:00" level=info msg="[UE][NAS] Message with security header"
time="2026-08-11T17:01:35+08:00" level=info msg="[UE][NAS] Message with integrity and ciphered"
time="2026-08-11T17:01:35+08:00" level=info msg="[UE][NAS] successful NAS CIPHERING"
time="2026-08-11T17:01:35+08:00" level=info msg="[UE][NAS] successful NAS MAC verification"
time="2026-08-11T17:01:35+08:00" level=info msg="[UE][NAS] Receive Registration Accept"
time="2026-08-11T17:01:35+08:00" level=info msg="[UE][NAS] UE 5G GUTI: &{119 11 [242 2 248 57 202 254 0 0 0 1 18]}"
time="2026-08-11T17:01:35+08:00" level=info msg="[UE] Switched from state 2 to state 3"
time="2026-08-11T17:01:35+08:00" level=info msg="[GNB][SCTP] Receive message in 0 stream\n"
time="2026-08-11T17:01:35+08:00" level=info msg="[GNB][NGAP] Receive Downlink NAS Transport"
time="2026-08-11T17:01:35+08:00" level=info msg="[UE][NAS] Message with security header"
time="2026-08-11T17:01:35+08:00" level=info msg="[UE][NAS] Message with integrity and ciphered"
time="2026-08-11T17:01:35+08:00" level=info msg="[UE][NAS] successful NAS CIPHERING"
time="2026-08-11T17:01:35+08:00" level=info msg="[UE][NAS] successful NAS MAC verification"
time="2026-08-11T17:01:35+08:00" level=info msg="[UE][NAS] Receive Configuration Update Command"
time="2026-08-11T17:01:35+08:00" level=info msg="[UE] Initiating Configuration Update Complete"
time="2026-08-11T17:01:35+08:00" level=info msg="[GNB][SCTP] Receive message in 0 stream\n"
time="2026-08-11T17:01:35+08:00" level=info msg="[GNB][NGAP] Receive Downlink NAS Transport"
time="2026-08-11T17:01:35+08:00" level=info msg="[UE][NAS] Message with security header"
time="2026-08-11T17:01:35+08:00" level=info msg="[UE][NAS] Message with integrity and ciphered"
time="2026-08-11T17:01:35+08:00" level=info msg="[UE][NAS] successful NAS CIPHERING"
time="2026-08-11T17:01:35+08:00" level=info msg="[UE][NAS] successful NAS MAC verification"
time="2026-08-11T17:01:35+08:00" level=info msg="[UE][NAS] Receive Configuration Update Command"
time="2026-08-11T17:01:35+08:00" level=info msg="[UE] Initiating Configuration Update Complete"
time="2026-08-11T17:01:36+08:00" level=info msg="[GNB][SCTP] Receive message in 0 stream\n"
time="2026-08-11T17:01:36+08:00" level=info msg="[GNB][NGAP] Receive Initial Context Setup Request"
time="2026-08-11T17:01:36+08:00" level=info msg="[GNB][UE] UE Context was created with successful"
time="2026-08-11T17:01:36+08:00" level=info msg="[GNB][UE] UE RAN ID 45"
time="2026-08-11T17:01:36+08:00" level=info msg="[GNB][UE] UE AMF ID 321"
time="2026-08-11T17:01:36+08:00" level=info msg="[GNB][UE] UE Mobility Restrict --Plmn-- Mcc: 208 Mnc: 93"
time="2026-08-11T17:01:36+08:00" level=info msg="[GNB][UE] UE Masked Imeisv: 1110000000ffff00"
time="2026-08-11T17:01:36+08:00" level=info msg="[GNB][UE] Allowed Nssai-- Sst: [01 01] Sd: [010203 112233]"
time="2026-08-11T17:01:36+08:00" level=info msg="[GNB][NGAP][AMF] Send Initial Context Setup Response."
time="2026-08-11T17:01:36+08:00" level=info msg="[GNB] Initiating Initial Context Setup Response"
time="2026-08-11T17:01:36+08:00" level=info msg="[GNB][NGAP] No PDU Session to set up in InitialContextSetupResponse."
time="2026-08-11T17:01:36+08:00" level=info msg="[UE][NAS] Message with security header"
time="2026-08-11T17:01:36+08:00" level=info msg="[UE][NAS] Message with integrity and ciphered"
time="2026-08-11T17:01:36+08:00" level=info msg="[UE][NAS] successful NAS CIPHERING"
time="2026-08-11T17:01:36+08:00" level=info msg="[UE][NAS] successful NAS MAC verification"
time="2026-08-11T17:01:36+08:00" level=info msg="[UE][NAS] Receive Registration Accept"
time="2026-08-11T17:01:36+08:00" level=info msg="[UE][NAS] UE 5G GUTI: &{119 11 [242 2 248 57 202 254 0 0 0 1 3]}"
time="2026-08-11T17:01:36+08:00" level=info msg="[UE] Switched from state 2 to state 3"
time="2026-08-11T17:01:36+08:00" level=info msg="[GNB][SCTP] Receive message in 0 stream\n"
time="2026-08-11T17:01:36+08:00" level=info msg="[GNB][NGAP] Receive Initial Context Setup Request"
time="2026-08-11T17:01:36+08:00" level=info msg="[GNB][UE] UE Context was created with successful"
time="2026-08-11T17:01:36+08:00" level=info msg="[GNB][UE] UE RAN ID 27"
time="2026-08-11T17:01:36+08:00" level=info msg="[GNB][UE] UE AMF ID 305"
time="2026-08-11T17:01:36+08:00" level=info msg="[GNB][UE] UE Mobility Restrict --Plmn-- Mcc: 208 Mnc: 93"
time="2026-08-11T17:01:36+08:00" level=info msg="[GNB][UE] UE Masked Imeisv: 1110000000ffff00"
time="2026-08-11T17:01:36+08:00" level=info msg="[GNB][UE] Allowed Nssai-- Sst: [01 01] Sd: [010203 112233]"
time="2026-08-11T17:01:36+08:00" level=info msg="[GNB][NGAP][AMF] Send Initial Context Setup Response."
time="2026-08-11T17:01:36+08:00" level=info msg="[GNB] Initiating Initial Context Setup Response"
time="2026-08-11T17:01:36+08:00" level=info msg="[GNB][NGAP] No PDU Session to set up in InitialContextSetupResponse."
time="2026-08-11T17:01:36+08:00" level=info msg="[UE][NAS] Message with security header"
time="2026-08-11T17:01:36+08:00" level=info msg="[UE][NAS] Message with integrity and ciphered"
time="2026-08-11T17:01:36+08:00" level=info msg="[UE][NAS] successful NAS CIPHERING"
time="2026-08-11T17:01:36+08:00" level=info msg="[UE][NAS] successful NAS MAC verification"
time="2026-08-11T17:01:36+08:00" level=info msg="[UE][NAS] Receive Registration Accept"
time="2026-08-11T17:01:36+08:00" level=info msg="[UE][NAS] UE 5G GUTI: &{119 11 [242 2 248 57 202 254 0 0 0 0 243]}"
time="2026-08-11T17:01:36+08:00" level=info msg="[UE] Switched from state 2 to state 3"
time="2026-08-11T17:01:36+08:00" level=info msg="[GNB][SCTP] Receive message in 0 stream\n"
time="2026-08-11T17:01:36+08:00" level=info msg="[GNB][NGAP] Receive Initial Context Setup Request"
time="2026-08-11T17:01:36+08:00" level=info msg="[GNB][UE] UE Context was created with successful"
time="2026-08-11T17:01:36+08:00" level=info msg="[GNB][UE] UE RAN ID 51"
time="2026-08-11T17:01:36+08:00" level=info msg="[GNB][UE] UE AMF ID 325"
time="2026-08-11T17:01:36+08:00" level=info msg="[GNB][UE] UE Mobility Restrict --Plmn-- Mcc: 208 Mnc: 93"
time="2026-08-11T17:01:36+08:00" level=info msg="[GNB][UE] UE Masked Imeisv: 1110000000ffff00"
time="2026-08-11T17:01:36+08:00" level=info msg="[GNB][UE] Allowed Nssai-- Sst: [01 01] Sd: [010203 112233]"
time="2026-08-11T17:01:36+08:00" level=info msg="[GNB][NGAP][AMF] Send Initial Context Setup Response."
time="2026-08-11T17:01:36+08:00" level=info msg="[GNB] Initiating Initial Context Setup Response"
time="2026-08-11T17:01:36+08:00" level=info msg="[GNB][NGAP] No PDU Session to set up in InitialContextSetupResponse."
time="2026-08-11T17:01:36+08:00" level=info msg="[UE][NAS] Message with security header"
time="2026-08-11T17:01:36+08:00" level=info msg="[UE][NAS] Message with integrity and ciphered"
time="2026-08-11T17:01:36+08:00" level=info msg="[UE][NAS] successful NAS CIPHERING"
time="2026-08-11T17:01:36+08:00" level=info msg="[UE][NAS] successful NAS MAC verification"
time="2026-08-11T17:01:36+08:00" level=info msg="[UE][NAS] Receive Registration Accept"
time="2026-08-11T17:01:36+08:00" level=info msg="[UE][NAS] UE 5G GUTI: &{119 11 [242 2 248 57 202 254 0 0 0 1 7]}"
time="2026-08-11T17:01:36+08:00" level=info msg="[UE] Switched from state 2 to state 3"
time="2026-08-11T17:01:36+08:00" level=info msg="[GNB][SCTP] Receive message in 0 stream\n"
time="2026-08-11T17:01:36+08:00" level=info msg="[GNB][NGAP] Receive Initial Context Setup Request"
time="2026-08-11T17:01:36+08:00" level=info msg="[GNB][UE] UE Context was created with successful"
time="2026-08-11T17:01:36+08:00" level=info msg="[GNB][UE] UE RAN ID 29"
time="2026-08-11T17:01:36+08:00" level=info msg="[GNB][UE] UE AMF ID 298"
time="2026-08-11T17:01:36+08:00" level=info msg="[GNB][UE] UE Mobility Restrict --Plmn-- Mcc: 208 Mnc: 93"
time="2026-08-11T17:01:36+08:00" level=info msg="[GNB][UE] UE Masked Imeisv: 1110000000ffff00"
time="2026-08-11T17:01:36+08:00" level=info msg="[GNB][UE] Allowed Nssai-- Sst: [01 01] Sd: [010203 112233]"
time="2026-08-11T17:01:36+08:00" level=info msg="[GNB][NGAP][AMF] Send Initial Context Setup Response."
time="2026-08-11T17:01:36+08:00" level=info msg="[GNB] Initiating Initial Context Setup Response"
time="2026-08-11T17:01:36+08:00" level=info msg="[GNB][NGAP] No PDU Session to set up in InitialContextSetupResponse."
time="2026-08-11T17:01:36+08:00" level=info msg="[UE][NAS] Message with security header"
time="2026-08-11T17:01:36+08:00" level=info msg="[UE][NAS] Message with integrity and ciphered"
time="2026-08-11T17:01:36+08:00" level=info msg="[UE][NAS] successful NAS CIPHERING"
time="2026-08-11T17:01:36+08:00" level=info msg="[UE][NAS] successful NAS MAC verification"
time="2026-08-11T17:01:36+08:00" level=info msg="[UE][NAS] Receive Registration Accept"
time="2026-08-11T17:01:36+08:00" level=info msg="[UE][NAS] UE 5G GUTI: &{119 11 [242 2 248 57 202 254 0 0 0 0 236]}"
time="2026-08-11T17:01:36+08:00" level=info msg="[UE] Switched from state 2 to state 3"
time="2026-08-11T17:01:36+08:00" level=info msg="[GNB][SCTP] Receive message in 0 stream\n"
time="2026-08-11T17:01:36+08:00" level=info msg="[GNB][SCTP] Receive message in 0 stream\n"
time="2026-08-11T17:01:36+08:00" level=info msg="[GNB][NGAP] Receive Initial Context Setup Request"
time="2026-08-11T17:01:36+08:00" level=info msg="[GNB][UE] UE Context was created with successful"
time="2026-08-11T17:01:36+08:00" level=info msg="[GNB][UE] UE RAN ID 72"
time="2026-08-11T17:01:36+08:00" level=info msg="[GNB][UE] UE AMF ID 327"
time="2026-08-11T17:01:36+08:00" level=info msg="[GNB][UE] UE Mobility Restrict --Plmn-- Mcc: 208 Mnc: 93"
time="2026-08-11T17:01:36+08:00" level=info msg="[GNB][UE] UE Masked Imeisv: 1110000000ffff00"
time="2026-08-11T17:01:36+08:00" level=info msg="[GNB][UE] Allowed Nssai-- Sst: [01 01] Sd: [010203 112233]"
time="2026-08-11T17:01:36+08:00" level=info msg="[GNB][NGAP][AMF] Send Initial Context Setup Response."
time="2026-08-11T17:01:36+08:00" level=info msg="[GNB] Initiating Initial Context Setup Response"
time="2026-08-11T17:01:36+08:00" level=info msg="[GNB][NGAP] No PDU Session to set up in InitialContextSetupResponse."
time="2026-08-11T17:01:36+08:00" level=info msg="[UE][NAS] Message with security header"
time="2026-08-11T17:01:36+08:00" level=info msg="[UE][NAS] Message with integrity and ciphered"
time="2026-08-11T17:01:36+08:00" level=info msg="[UE][NAS] successful NAS CIPHERING"
time="2026-08-11T17:01:36+08:00" level=info msg="[UE][NAS] successful NAS MAC verification"
time="2026-08-11T17:01:36+08:00" level=info msg="[UE][NAS] Receive Registration Accept"
time="2026-08-11T17:01:36+08:00" level=info msg="[GNB][SCTP] Receive message in 0 stream\n"
time="2026-08-11T17:01:36+08:00" level=info msg="[UE][NAS] UE 5G GUTI: &{119 11 [242 2 248 57 202 254 0 0 0 1 9]}"
time="2026-08-11T17:01:36+08:00" level=info msg="[GNB][SCTP] Receive message in 0 stream\n"
time="2026-08-11T17:01:36+08:00" level=info msg="[UE] Switched from state 2 to state 3"
time="2026-08-11T17:01:36+08:00" level=info msg="[GNB][NGAP] Receive Initial Context Setup Request"
time="2026-08-11T17:01:36+08:00" level=info msg="[GNB][UE] UE Context was created with successful"
time="2026-08-11T17:01:36+08:00" level=info msg="[GNB][UE] UE RAN ID 33"
time="2026-08-11T17:01:36+08:00" level=info msg="[GNB][UE] UE AMF ID 314"
time="2026-08-11T17:01:36+08:00" level=info msg="[GNB][UE] UE Mobility Restrict --Plmn-- Mcc: 208 Mnc: 93"
time="2026-08-11T17:01:36+08:00" level=info msg="[GNB][UE] UE Masked Imeisv: 1110000000ffff00"
time="2026-08-11T17:01:36+08:00" level=info msg="[GNB][UE] Allowed Nssai-- Sst: [01 01] Sd: [010203 112233]"
time="2026-08-11T17:01:36+08:00" level=info msg="[GNB][NGAP][AMF] Send Initial Context Setup Response."
time="2026-08-11T17:01:36+08:00" level=info msg="[GNB] Initiating Initial Context Setup Response"
time="2026-08-11T17:01:36+08:00" level=info msg="[GNB][NGAP] No PDU Session to set up in InitialContextSetupResponse."
time="2026-08-11T17:01:36+08:00" level=info msg="[GNB][NGAP] Receive Downlink NAS Transport"
time="2026-08-11T17:01:36+08:00" level=info msg="[UE][NAS] Message with security header"
time="2026-08-11T17:01:36+08:00" level=info msg="[UE][NAS] Message with integrity and ciphered"
time="2026-08-11T17:01:36+08:00" level=info msg="[UE][NAS] successful NAS CIPHERING"
time="2026-08-11T17:01:36+08:00" level=info msg="[UE][NAS] successful NAS MAC verification"
time="2026-08-11T17:01:36+08:00" level=info msg="[UE][NAS] Receive Configuration Update Command"
time="2026-08-11T17:01:36+08:00" level=info msg="[UE] Initiating Configuration Update Complete"
time="2026-08-11T17:01:36+08:00" level=info msg="[GNB][SCTP] Receive message in 0 stream\n"
time="2026-08-11T17:01:36+08:00" level=info msg="[GNB][SCTP] Receive message in 0 stream\n"
time="2026-08-11T17:01:36+08:00" level=info msg="[UE][NAS] Message with security header"
time="2026-08-11T17:01:36+08:00" level=info msg="[UE][NAS] Message with integrity and ciphered"
time="2026-08-11T17:01:36+08:00" level=info msg="[UE][NAS] successful NAS CIPHERING"
time="2026-08-11T17:01:36+08:00" level=info msg="[UE][NAS] successful NAS MAC verification"
time="2026-08-11T17:01:36+08:00" level=info msg="[UE][NAS] Receive Registration Accept"
time="2026-08-11T17:01:36+08:00" level=info msg="[UE][NAS] UE 5G GUTI: &{119 11 [242 2 248 57 202 254 0 0 0 0 252]}"
time="2026-08-11T17:01:36+08:00" level=info msg="[UE] Switched from state 2 to state 3"
time="2026-08-11T17:01:36+08:00" level=info msg="[GNB][NGAP] Receive Downlink NAS Transport"
time="2026-08-11T17:01:36+08:00" level=info msg="[UE][NAS] Message with security header"
time="2026-08-11T17:01:36+08:00" level=info msg="[UE][NAS] Message with integrity and ciphered"
time="2026-08-11T17:01:36+08:00" level=info msg="[UE][NAS] successful NAS CIPHERING"
time="2026-08-11T17:01:36+08:00" level=info msg="[UE][NAS] successful NAS MAC verification"
time="2026-08-11T17:01:36+08:00" level=info msg="[UE][NAS] Receive Configuration Update Command"
time="2026-08-11T17:01:36+08:00" level=info msg="[UE] Initiating Configuration Update Complete"
time="2026-08-11T17:01:36+08:00" level=info msg="[GNB][NGAP] Receive Initial Context Setup Request"
time="2026-08-11T17:01:36+08:00" level=info msg="[GNB][UE] UE Context was created with successful"
time="2026-08-11T17:01:36+08:00" level=info msg="[GNB][UE] UE RAN ID 68"
time="2026-08-11T17:01:36+08:00" level=info msg="[GNB][UE] UE AMF ID 342"
time="2026-08-11T17:01:36+08:00" level=info msg="[GNB][UE] UE Mobility Restrict --Plmn-- Mcc: 208 Mnc: 93"
time="2026-08-11T17:01:36+08:00" level=info msg="[GNB][UE] UE Masked Imeisv: 1110000000ffff00"
time="2026-08-11T17:01:36+08:00" level=info msg="[GNB][UE] Allowed Nssai-- Sst: [01 01] Sd: [010203 112233]"
time="2026-08-11T17:01:36+08:00" level=info msg="[GNB][NGAP][AMF] Send Initial Context Setup Response."
time="2026-08-11T17:01:36+08:00" level=info msg="[GNB] Initiating Initial Context Setup Response"
time="2026-08-11T17:01:36+08:00" level=info msg="[GNB][NGAP] No PDU Session to set up in InitialContextSetupResponse."
time="2026-08-11T17:01:36+08:00" level=info msg="[GNB][SCTP] Receive message in 0 stream\n"
time="2026-08-11T17:01:36+08:00" level=info msg="[UE][NAS] Message with security header"
time="2026-08-11T17:01:36+08:00" level=info msg="[UE][NAS] Message with integrity and ciphered"
time="2026-08-11T17:01:36+08:00" level=info msg="[UE][NAS] successful NAS CIPHERING"
time="2026-08-11T17:01:36+08:00" level=info msg="[UE][NAS] successful NAS MAC verification"
time="2026-08-11T17:01:36+08:00" level=info msg="[UE][NAS] Receive Registration Accept"
time="2026-08-11T17:01:36+08:00" level=info msg="[UE][NAS] UE 5G GUTI: &{119 11 [242 2 248 57 202 254 0 0 0 1 24]}"
time="2026-08-11T17:01:36+08:00" level=info msg="[GNB][NGAP] Receive Initial Context Setup Request"
time="2026-08-11T17:01:36+08:00" level=info msg="[GNB][UE] UE Context was created with successful"
time="2026-08-11T17:01:36+08:00" level=info msg="[GNB][UE] UE RAN ID 52"
time="2026-08-11T17:01:36+08:00" level=info msg="[GNB][UE] UE AMF ID 311"
time="2026-08-11T17:01:36+08:00" level=info msg="[GNB][UE] UE Mobility Restrict --Plmn-- Mcc: 208 Mnc: 93"
time="2026-08-11T17:01:36+08:00" level=info msg="[GNB][UE] UE Masked Imeisv: 1110000000ffff00"
time="2026-08-11T17:01:36+08:00" level=info msg="[GNB][UE] Allowed Nssai-- Sst: [01 01] Sd: [010203 112233]"
time="2026-08-11T17:01:36+08:00" level=info msg="[GNB][NGAP][AMF] Send Initial Context Setup Response."
time="2026-08-11T17:01:36+08:00" level=info msg="[GNB] Initiating Initial Context Setup Response"
time="2026-08-11T17:01:36+08:00" level=info msg="[GNB][NGAP] No PDU Session to set up in InitialContextSetupResponse."
time="2026-08-11T17:01:36+08:00" level=info msg="[UE][NAS] Message with security header"
time="2026-08-11T17:01:36+08:00" level=info msg="[UE][NAS] Message with integrity and ciphered"
time="2026-08-11T17:01:36+08:00" level=info msg="[UE][NAS] successful NAS CIPHERING"
time="2026-08-11T17:01:36+08:00" level=info msg="[UE][NAS] successful NAS MAC verification"
time="2026-08-11T17:01:36+08:00" level=info msg="[UE][NAS] Receive Registration Accept"
time="2026-08-11T17:01:36+08:00" level=info msg="[UE][NAS] UE 5G GUTI: &{119 11 [242 2 248 57 202 254 0 0 0 0 249]}"
time="2026-08-11T17:01:36+08:00" level=info msg="[UE] Switched from state 2 to state 3"
time="2026-08-11T17:01:36+08:00" level=info msg="[UE] Switched from state 2 to state 3"
time="2026-08-11T17:01:36+08:00" level=info msg="[GNB][NGAP] Receive Downlink NAS Transport"
time="2026-08-11T17:01:36+08:00" level=info msg="[UE][NAS] Message with security header"
time="2026-08-11T17:01:36+08:00" level=info msg="[UE][NAS] Message with integrity and ciphered"
time="2026-08-11T17:01:36+08:00" level=info msg="[UE][NAS] successful NAS CIPHERING"
time="2026-08-11T17:01:36+08:00" level=info msg="[UE][NAS] successful NAS MAC verification"
time="2026-08-11T17:01:36+08:00" level=info msg="[UE][NAS] Receive Configuration Update Command"
time="2026-08-11T17:01:36+08:00" level=info msg="[UE] Initiating Configuration Update Complete"
time="2026-08-11T17:01:36+08:00" level=info msg="[GNB][SCTP] Receive message in 0 stream\n"
time="2026-08-11T17:01:36+08:00" level=info msg="[GNB][NGAP] Receive Downlink NAS Transport"
time="2026-08-11T17:01:36+08:00" level=info msg="[UE][NAS] Message with security header"
time="2026-08-11T17:01:36+08:00" level=info msg="[UE][NAS] Message with integrity and ciphered"
time="2026-08-11T17:01:36+08:00" level=info msg="[UE][NAS] successful NAS CIPHERING"
time="2026-08-11T17:01:36+08:00" level=info msg="[UE][NAS] successful NAS MAC verification"
time="2026-08-11T17:01:36+08:00" level=info msg="[UE][NAS] Receive Configuration Update Command"
time="2026-08-11T17:01:36+08:00" level=info msg="[UE] Initiating Configuration Update Complete"
time="2026-08-11T17:01:36+08:00" level=info msg="[GNB][SCTP] Receive message in 0 stream\n"
time="2026-08-11T17:01:36+08:00" level=info msg="[GNB][NGAP] Receive Initial Context Setup Request"
time="2026-08-11T17:01:36+08:00" level=info msg="[GNB][UE] UE Context was created with successful"
time="2026-08-11T17:01:36+08:00" level=info msg="[GNB][UE] UE RAN ID 65"
time="2026-08-11T17:01:36+08:00" level=info msg="[GNB][UE] UE AMF ID 331"
time="2026-08-11T17:01:36+08:00" level=info msg="[GNB][UE] UE Mobility Restrict --Plmn-- Mcc: 208 Mnc: 93"
time="2026-08-11T17:01:36+08:00" level=info msg="[GNB][UE] UE Masked Imeisv: 1110000000ffff00"
time="2026-08-11T17:01:36+08:00" level=info msg="[GNB][UE] Allowed Nssai-- Sst: [01 01] Sd: [010203 112233]"
time="2026-08-11T17:01:36+08:00" level=info msg="[GNB][NGAP][AMF] Send Initial Context Setup Response."
time="2026-08-11T17:01:36+08:00" level=info msg="[GNB] Initiating Initial Context Setup Response"
time="2026-08-11T17:01:36+08:00" level=info msg="[GNB][NGAP] No PDU Session to set up in InitialContextSetupResponse."
time="2026-08-11T17:01:36+08:00" level=info msg="[UE][NAS] Message with security header"
time="2026-08-11T17:01:36+08:00" level=info msg="[UE][NAS] Message with integrity and ciphered"
time="2026-08-11T17:01:36+08:00" level=info msg="[UE][NAS] successful NAS CIPHERING"
time="2026-08-11T17:01:36+08:00" level=info msg="[UE][NAS] successful NAS MAC verification"
time="2026-08-11T17:01:36+08:00" level=info msg="[UE][NAS] Receive Registration Accept"
time="2026-08-11T17:01:36+08:00" level=info msg="[UE][NAS] UE 5G GUTI: &{119 11 [242 2 248 57 202 254 0 0 0 1 13]}"
time="2026-08-11T17:01:36+08:00" level=info msg="[UE] Switched from state 2 to state 3"
time="2026-08-11T17:01:36+08:00" level=info msg="[GNB][SCTP] Receive message in 0 stream\n"
time="2026-08-11T17:01:36+08:00" level=info msg="[GNB][NGAP] Receive Downlink NAS Transport"
time="2026-08-11T17:01:36+08:00" level=info msg="[UE][NAS] Message with security header"
time="2026-08-11T17:01:36+08:00" level=info msg="[UE][NAS] Message with integrity and ciphered"
time="2026-08-11T17:01:36+08:00" level=info msg="[UE][NAS] successful NAS CIPHERING"
time="2026-08-11T17:01:36+08:00" level=info msg="[UE][NAS] successful NAS MAC verification"
time="2026-08-11T17:01:36+08:00" level=info msg="[UE][NAS] Receive Configuration Update Command"
time="2026-08-11T17:01:36+08:00" level=info msg="[UE] Initiating Configuration Update Complete"
time="2026-08-11T17:01:37+08:00" level=info msg="[GNB][SCTP] Receive message in 0 stream\n"
time="2026-08-11T17:01:37+08:00" level=info msg="[GNB][NGAP] Receive Initial Context Setup Request"
time="2026-08-11T17:01:37+08:00" level=info msg="[GNB][UE] UE Context was created with successful"
time="2026-08-11T17:01:37+08:00" level=info msg="[GNB][UE] UE RAN ID 38"
time="2026-08-11T17:01:37+08:00" level=info msg="[GNB][UE] UE AMF ID 320"
time="2026-08-11T17:01:37+08:00" level=info msg="[GNB][UE] UE Mobility Restrict --Plmn-- Mcc: 208 Mnc: 93"
time="2026-08-11T17:01:37+08:00" level=info msg="[GNB][UE] UE Masked Imeisv: 1110000000ffff00"
time="2026-08-11T17:01:37+08:00" level=info msg="[GNB][UE] Allowed Nssai-- Sst: [01 01] Sd: [010203 112233]"
time="2026-08-11T17:01:37+08:00" level=info msg="[GNB][NGAP][AMF] Send Initial Context Setup Response."
time="2026-08-11T17:01:37+08:00" level=info msg="[GNB] Initiating Initial Context Setup Response"
time="2026-08-11T17:01:37+08:00" level=info msg="[GNB][NGAP] No PDU Session to set up in InitialContextSetupResponse."
time="2026-08-11T17:01:37+08:00" level=info msg="[UE][NAS] Message with security header"
time="2026-08-11T17:01:37+08:00" level=info msg="[UE][NAS] Message with integrity and ciphered"
time="2026-08-11T17:01:37+08:00" level=info msg="[UE][NAS] successful NAS CIPHERING"
time="2026-08-11T17:01:37+08:00" level=info msg="[UE][NAS] successful NAS MAC verification"
time="2026-08-11T17:01:37+08:00" level=info msg="[UE][NAS] Receive Registration Accept"
time="2026-08-11T17:01:37+08:00" level=info msg="[UE][NAS] UE 5G GUTI: &{119 11 [242 2 248 57 202 254 0 0 0 1 2]}"
time="2026-08-11T17:01:37+08:00" level=info msg="[UE] Switched from state 2 to state 3"
time="2026-08-11T17:01:37+08:00" level=info msg="[GNB][SCTP] Receive message in 0 stream\n"
time="2026-08-11T17:01:37+08:00" level=info msg="[GNB][SCTP] Receive message in 0 stream\n"
time="2026-08-11T17:01:37+08:00" level=info msg="[GNB][NGAP] Receive Initial Context Setup Request"
time="2026-08-11T17:01:37+08:00" level=info msg="[GNB][UE] UE Context was created with successful"
time="2026-08-11T17:01:37+08:00" level=info msg="[GNB][UE] UE RAN ID 48"
time="2026-08-11T17:01:37+08:00" level=info msg="[GNB][UE] UE AMF ID 304"
time="2026-08-11T17:01:37+08:00" level=info msg="[GNB][UE] UE Mobility Restrict --Plmn-- Mcc: 208 Mnc: 93"
time="2026-08-11T17:01:37+08:00" level=info msg="[GNB][UE] UE Masked Imeisv: 1110000000ffff00"
time="2026-08-11T17:01:37+08:00" level=info msg="[GNB][UE] Allowed Nssai-- Sst: [01 01] Sd: [010203 112233]"
time="2026-08-11T17:01:37+08:00" level=info msg="[GNB][NGAP][AMF] Send Initial Context Setup Response."
time="2026-08-11T17:01:37+08:00" level=info msg="[GNB] Initiating Initial Context Setup Response"
time="2026-08-11T17:01:37+08:00" level=info msg="[GNB][NGAP] No PDU Session to set up in InitialContextSetupResponse."
time="2026-08-11T17:01:37+08:00" level=info msg="[GNB][NGAP] Receive Initial Context Setup Request"
time="2026-08-11T17:01:37+08:00" level=info msg="[GNB][UE] UE Context was created with successful"
time="2026-08-11T17:01:37+08:00" level=info msg="[GNB][UE] UE RAN ID 39"
time="2026-08-11T17:01:37+08:00" level=info msg="[GNB][UE] UE AMF ID 317"
time="2026-08-11T17:01:37+08:00" level=info msg="[GNB][UE] UE Mobility Restrict --Plmn-- Mcc: 208 Mnc: 93"
time="2026-08-11T17:01:37+08:00" level=info msg="[GNB][UE] UE Masked Imeisv: 1110000000ffff00"
time="2026-08-11T17:01:37+08:00" level=info msg="[GNB][UE] Allowed Nssai-- Sst: [01 01] Sd: [010203 112233]"
time="2026-08-11T17:01:37+08:00" level=info msg="[GNB][NGAP][AMF] Send Initial Context Setup Response."
time="2026-08-11T17:01:37+08:00" level=info msg="[GNB] Initiating Initial Context Setup Response"
time="2026-08-11T17:01:37+08:00" level=info msg="[GNB][NGAP] No PDU Session to set up in InitialContextSetupResponse."
time="2026-08-11T17:01:37+08:00" level=info msg="[UE][NAS] Message with security header"
time="2026-08-11T17:01:37+08:00" level=info msg="[UE][NAS] Message with integrity and ciphered"
time="2026-08-11T17:01:37+08:00" level=info msg="[UE][NAS] successful NAS CIPHERING"
time="2026-08-11T17:01:37+08:00" level=info msg="[UE][NAS] successful NAS MAC verification"
time="2026-08-11T17:01:37+08:00" level=info msg="[UE][NAS] Receive Registration Accept"
time="2026-08-11T17:01:37+08:00" level=info msg="[UE][NAS] UE 5G GUTI: &{119 11 [242 2 248 57 202 254 0 0 0 0 255]}"
time="2026-08-11T17:01:37+08:00" level=info msg="[GNB][SCTP] Receive message in 0 stream\n"
time="2026-08-11T17:01:37+08:00" level=info msg="[GNB][SCTP] Receive message in 0 stream\n"
time="2026-08-11T17:01:37+08:00" level=info msg="[UE] Switched from state 2 to state 3"
time="2026-08-11T17:01:37+08:00" level=info msg="[UE][NAS] Message with security header"
time="2026-08-11T17:01:37+08:00" level=info msg="[UE][NAS] Message with integrity and ciphered"
time="2026-08-11T17:01:37+08:00" level=info msg="[UE][NAS] successful NAS CIPHERING"
time="2026-08-11T17:01:37+08:00" level=info msg="[UE][NAS] successful NAS MAC verification"
time="2026-08-11T17:01:37+08:00" level=info msg="[UE][NAS] Receive Registration Accept"
time="2026-08-11T17:01:37+08:00" level=info msg="[UE][NAS] UE 5G GUTI: &{119 11 [242 2 248 57 202 254 0 0 0 0 242]}"
time="2026-08-11T17:01:37+08:00" level=info msg="[UE] Switched from state 2 to state 3"
time="2026-08-11T17:01:37+08:00" level=info msg="[GNB][NGAP] Receive Downlink NAS Transport"
time="2026-08-11T17:01:37+08:00" level=info msg="[UE][NAS] Message with security header"
time="2026-08-11T17:01:37+08:00" level=info msg="[UE][NAS] Message with integrity and ciphered"
time="2026-08-11T17:01:37+08:00" level=info msg="[UE][NAS] successful NAS CIPHERING"
time="2026-08-11T17:01:37+08:00" level=info msg="[UE][NAS] successful NAS MAC verification"
time="2026-08-11T17:01:37+08:00" level=info msg="[UE][NAS] Receive Configuration Update Command"
time="2026-08-11T17:01:37+08:00" level=info msg="[UE] Initiating Configuration Update Complete"
time="2026-08-11T17:01:37+08:00" level=info msg="[GNB][NGAP] Receive Initial Context Setup Request"
time="2026-08-11T17:01:37+08:00" level=info msg="[GNB][UE] UE Context was created with successful"
time="2026-08-11T17:01:37+08:00" level=info msg="[GNB][UE] UE RAN ID 70"
time="2026-08-11T17:01:37+08:00" level=info msg="[GNB][UE] UE AMF ID 333"
time="2026-08-11T17:01:37+08:00" level=info msg="[GNB][UE] UE Mobility Restrict --Plmn-- Mcc: 208 Mnc: 93"
time="2026-08-11T17:01:37+08:00" level=info msg="[GNB][UE] UE Masked Imeisv: 1110000000ffff00"
time="2026-08-11T17:01:37+08:00" level=info msg="[GNB][UE] Allowed Nssai-- Sst: [01 01] Sd: [010203 112233]"
time="2026-08-11T17:01:37+08:00" level=info msg="[GNB][NGAP][AMF] Send Initial Context Setup Response."
time="2026-08-11T17:01:37+08:00" level=info msg="[GNB] Initiating Initial Context Setup Response"
time="2026-08-11T17:01:37+08:00" level=info msg="[GNB][NGAP] No PDU Session to set up in InitialContextSetupResponse."
time="2026-08-11T17:01:37+08:00" level=info msg="[UE][NAS] Message with security header"
time="2026-08-11T17:01:37+08:00" level=info msg="[UE][NAS] Message with integrity and ciphered"
time="2026-08-11T17:01:37+08:00" level=info msg="[UE][NAS] successful NAS CIPHERING"
time="2026-08-11T17:01:37+08:00" level=info msg="[UE][NAS] successful NAS MAC verification"
time="2026-08-11T17:01:37+08:00" level=info msg="[UE][NAS] Receive Registration Accept"
time="2026-08-11T17:01:37+08:00" level=info msg="[UE][NAS] UE 5G GUTI: &{119 11 [242 2 248 57 202 254 0 0 0 1 15]}"
time="2026-08-11T17:01:37+08:00" level=info msg="[UE] Switched from state 2 to state 3"
time="2026-08-11T17:01:37+08:00" level=info msg="[GNB][SCTP] Receive message in 0 stream\n"
time="2026-08-11T17:01:37+08:00" level=info msg="[GNB][NGAP] Receive Initial Context Setup Request"
time="2026-08-11T17:01:37+08:00" level=info msg="[GNB][UE] UE Context was created with successful"
time="2026-08-11T17:01:37+08:00" level=info msg="[GNB][UE] UE RAN ID 67"
time="2026-08-11T17:01:37+08:00" level=info msg="[GNB][UE] UE AMF ID 337"
time="2026-08-11T17:01:37+08:00" level=info msg="[GNB][UE] UE Mobility Restrict --Plmn-- Mcc: 208 Mnc: 93"
time="2026-08-11T17:01:37+08:00" level=info msg="[GNB][UE] UE Masked Imeisv: 1110000000ffff00"
time="2026-08-11T17:01:37+08:00" level=info msg="[GNB][UE] Allowed Nssai-- Sst: [01 01] Sd: [010203 112233]"
time="2026-08-11T17:01:37+08:00" level=info msg="[GNB][NGAP][AMF] Send Initial Context Setup Response."
time="2026-08-11T17:01:37+08:00" level=info msg="[GNB] Initiating Initial Context Setup Response"
time="2026-08-11T17:01:37+08:00" level=info msg="[GNB][NGAP] No PDU Session to set up in InitialContextSetupResponse."
time="2026-08-11T17:01:37+08:00" level=info msg="[UE][NAS] Message with security header"
time="2026-08-11T17:01:37+08:00" level=info msg="[UE][NAS] Message with integrity and ciphered"
time="2026-08-11T17:01:37+08:00" level=info msg="[UE][NAS] successful NAS CIPHERING"
time="2026-08-11T17:01:37+08:00" level=info msg="[UE][NAS] successful NAS MAC verification"
time="2026-08-11T17:01:37+08:00" level=info msg="[UE][NAS] Receive Registration Accept"
time="2026-08-11T17:01:37+08:00" level=info msg="[UE][NAS] UE 5G GUTI: &{119 11 [242 2 248 57 202 254 0 0 0 1 19]}"
time="2026-08-11T17:01:37+08:00" level=info msg="[UE] Switched from state 2 to state 3"
time="2026-08-11T17:01:37+08:00" level=info msg="[GNB][SCTP] Receive message in 0 stream\n"
time="2026-08-11T17:01:37+08:00" level=info msg="[GNB][NGAP] Receive Downlink NAS Transport"
time="2026-08-11T17:01:37+08:00" level=info msg="[UE][NAS] Message with security header"
time="2026-08-11T17:01:37+08:00" level=info msg="[UE][NAS] Message with integrity and ciphered"
time="2026-08-11T17:01:37+08:00" level=info msg="[UE][NAS] successful NAS CIPHERING"
time="2026-08-11T17:01:37+08:00" level=info msg="[UE][NAS] successful NAS MAC verification"
time="2026-08-11T17:01:37+08:00" level=info msg="[UE][NAS] Receive Configuration Update Command"
time="2026-08-11T17:01:37+08:00" level=info msg="[UE] Initiating Configuration Update Complete"
time="2026-08-11T17:01:37+08:00" level=info msg="[GNB][SCTP] Receive message in 0 stream\n"
time="2026-08-11T17:01:37+08:00" level=info msg="[GNB][NGAP] Receive Downlink NAS Transport"
time="2026-08-11T17:01:37+08:00" level=info msg="[UE][NAS] Message with security header"
time="2026-08-11T17:01:37+08:00" level=info msg="[UE][NAS] Message with integrity and ciphered"
time="2026-08-11T17:01:37+08:00" level=info msg="[UE][NAS] successful NAS CIPHERING"
time="2026-08-11T17:01:37+08:00" level=info msg="[UE][NAS] successful NAS MAC verification"
time="2026-08-11T17:01:37+08:00" level=info msg="[UE][NAS] Receive Configuration Update Command"
time="2026-08-11T17:01:37+08:00" level=info msg="[UE] Initiating Configuration Update Complete"
time="2026-08-11T17:01:37+08:00" level=info msg="[GNB][SCTP] Receive message in 0 stream\n"
time="2026-08-11T17:01:37+08:00" level=info msg="[GNB][NGAP] Receive Downlink NAS Transport"
time="2026-08-11T17:01:37+08:00" level=info msg="[UE][NAS] Message with security header"
time="2026-08-11T17:01:37+08:00" level=info msg="[UE][NAS] Message with integrity and ciphered"
time="2026-08-11T17:01:37+08:00" level=info msg="[UE][NAS] successful NAS CIPHERING"
time="2026-08-11T17:01:37+08:00" level=info msg="[UE][NAS] successful NAS MAC verification"
time="2026-08-11T17:01:37+08:00" level=info msg="[UE][NAS] Receive Configuration Update Command"
time="2026-08-11T17:01:37+08:00" level=info msg="[UE] Initiating Configuration Update Complete"
time="2026-08-11T17:01:37+08:00" level=info msg="[GNB][SCTP] Receive message in 0 stream\n"
time="2026-08-11T17:01:37+08:00" level=info msg="[GNB][NGAP] Receive Downlink NAS Transport"
time="2026-08-11T17:01:37+08:00" level=info msg="[UE][NAS] Message with security header"
time="2026-08-11T17:01:37+08:00" level=info msg="[UE][NAS] Message with integrity and ciphered"
time="2026-08-11T17:01:37+08:00" level=info msg="[UE][NAS] successful NAS CIPHERING"
time="2026-08-11T17:01:37+08:00" level=info msg="[UE][NAS] successful NAS MAC verification"
time="2026-08-11T17:01:37+08:00" level=info msg="[UE][NAS] Receive Configuration Update Command"
time="2026-08-11T17:01:37+08:00" level=info msg="[UE] Initiating Configuration Update Complete"
time="2026-08-11T17:01:37+08:00" level=info msg="[GNB][SCTP] Receive message in 0 stream\n"
time="2026-08-11T17:01:37+08:00" level=info msg="[GNB][NGAP] Receive Initial Context Setup Request"
time="2026-08-11T17:01:37+08:00" level=info msg="[GNB][UE] UE Context was created with successful"
time="2026-08-11T17:01:37+08:00" level=info msg="[GNB][UE] UE RAN ID 54"
time="2026-08-11T17:01:37+08:00" level=info msg="[GNB][UE] UE AMF ID 310"
time="2026-08-11T17:01:37+08:00" level=info msg="[GNB][UE] UE Mobility Restrict --Plmn-- Mcc: 208 Mnc: 93"
time="2026-08-11T17:01:37+08:00" level=info msg="[GNB][UE] UE Masked Imeisv: 1110000000ffff00"
time="2026-08-11T17:01:37+08:00" level=info msg="[GNB][UE] Allowed Nssai-- Sst: [01 01] Sd: [010203 112233]"
time="2026-08-11T17:01:37+08:00" level=info msg="[GNB][NGAP][AMF] Send Initial Context Setup Response."
time="2026-08-11T17:01:37+08:00" level=info msg="[GNB] Initiating Initial Context Setup Response"
time="2026-08-11T17:01:37+08:00" level=info msg="[GNB][NGAP] No PDU Session to set up in InitialContextSetupResponse."
time="2026-08-11T17:01:37+08:00" level=info msg="[UE][NAS] Message with security header"
time="2026-08-11T17:01:37+08:00" level=info msg="[UE][NAS] Message with integrity and ciphered"
time="2026-08-11T17:01:37+08:00" level=info msg="[UE][NAS] successful NAS CIPHERING"
time="2026-08-11T17:01:37+08:00" level=info msg="[UE][NAS] successful NAS MAC verification"
time="2026-08-11T17:01:37+08:00" level=info msg="[UE][NAS] Receive Registration Accept"
time="2026-08-11T17:01:37+08:00" level=info msg="[UE][NAS] UE 5G GUTI: &{119 11 [242 2 248 57 202 254 0 0 0 0 247]}"
time="2026-08-11T17:01:37+08:00" level=info msg="[UE] Switched from state 2 to state 3"
time="2026-08-11T17:01:37+08:00" level=info msg="[GNB][SCTP] Receive message in 0 stream\n"
time="2026-08-11T17:01:37+08:00" level=info msg="[GNB][SCTP] Receive message in 0 stream\n"
time="2026-08-11T17:01:37+08:00" level=info msg="[GNB][NGAP] Receive Downlink NAS Transport"
time="2026-08-11T17:01:37+08:00" level=info msg="[GNB][NGAP] Receive Initial Context Setup Request"
time="2026-08-11T17:01:37+08:00" level=info msg="[GNB][UE] UE Context was created with successful"
time="2026-08-11T17:01:37+08:00" level=info msg="[GNB][UE] UE RAN ID 56"
time="2026-08-11T17:01:37+08:00" level=info msg="[GNB][UE] UE AMF ID 339"
time="2026-08-11T17:01:37+08:00" level=info msg="[GNB][UE] UE Mobility Restrict --Plmn-- Mcc: 208 Mnc: 93"
time="2026-08-11T17:01:37+08:00" level=info msg="[GNB][UE] UE Masked Imeisv: 1110000000ffff00"
time="2026-08-11T17:01:37+08:00" level=info msg="[GNB][UE] Allowed Nssai-- Sst: [01 01] Sd: [010203 112233]"
time="2026-08-11T17:01:37+08:00" level=info msg="[GNB][NGAP][AMF] Send Initial Context Setup Response."
time="2026-08-11T17:01:37+08:00" level=info msg="[GNB] Initiating Initial Context Setup Response"
time="2026-08-11T17:01:37+08:00" level=info msg="[GNB][NGAP] No PDU Session to set up in InitialContextSetupResponse."
time="2026-08-11T17:01:37+08:00" level=info msg="[UE][NAS] Message with security header"
time="2026-08-11T17:01:37+08:00" level=info msg="[UE][NAS] Message with integrity and ciphered"
time="2026-08-11T17:01:37+08:00" level=info msg="[UE][NAS] successful NAS CIPHERING"
time="2026-08-11T17:01:37+08:00" level=info msg="[UE][NAS] successful NAS MAC verification"
time="2026-08-11T17:01:37+08:00" level=info msg="[UE][NAS] Receive Registration Accept"
time="2026-08-11T17:01:37+08:00" level=info msg="[UE][NAS] UE 5G GUTI: &{119 11 [242 2 248 57 202 254 0 0 0 1 21]}"
time="2026-08-11T17:01:37+08:00" level=info msg="[UE] Switched from state 2 to state 3"
time="2026-08-11T17:01:37+08:00" level=info msg="[GNB][SCTP] Receive message in 0 stream\n"
time="2026-08-11T17:01:37+08:00" level=info msg="[GNB][SCTP] Receive message in 0 stream\n"
time="2026-08-11T17:01:37+08:00" level=info msg="[GNB][SCTP] Receive message in 0 stream\n"
time="2026-08-11T17:01:37+08:00" level=info msg="[GNB][SCTP] Receive message in 0 stream\n"
time="2026-08-11T17:01:37+08:00" level=info msg="[GNB][SCTP] Receive message in 0 stream\n"
time="2026-08-11T17:01:37+08:00" level=info msg="[UE][NAS] Message with security header"
time="2026-08-11T17:01:37+08:00" level=info msg="[UE][NAS] Message with integrity and ciphered"
time="2026-08-11T17:01:37+08:00" level=info msg="[UE][NAS] successful NAS CIPHERING"
time="2026-08-11T17:01:37+08:00" level=info msg="[UE][NAS] successful NAS MAC verification"
time="2026-08-11T17:01:37+08:00" level=info msg="[UE][NAS] Receive Configuration Update Command"
time="2026-08-11T17:01:37+08:00" level=info msg="[UE] Initiating Configuration Update Complete"
time="2026-08-11T17:01:37+08:00" level=info msg="[GNB][NGAP] Receive Downlink NAS Transport"
time="2026-08-11T17:01:37+08:00" level=info msg="[UE][NAS] Message with security header"
time="2026-08-11T17:01:37+08:00" level=info msg="[UE][NAS] Message with integrity and ciphered"
time="2026-08-11T17:01:37+08:00" level=info msg="[UE][NAS] successful NAS CIPHERING"
time="2026-08-11T17:01:37+08:00" level=info msg="[UE][NAS] successful NAS MAC verification"
time="2026-08-11T17:01:37+08:00" level=info msg="[UE][NAS] Receive Configuration Update Command"
time="2026-08-11T17:01:37+08:00" level=info msg="[UE] Initiating Configuration Update Complete"
time="2026-08-11T17:01:37+08:00" level=info msg="[GNB][NGAP] Receive Downlink NAS Transport"
time="2026-08-11T17:01:37+08:00" level=info msg="[UE][NAS] Message with security header"
time="2026-08-11T17:01:37+08:00" level=info msg="[UE][NAS] Message with integrity and ciphered"
time="2026-08-11T17:01:37+08:00" level=info msg="[UE][NAS] successful NAS CIPHERING"
time="2026-08-11T17:01:37+08:00" level=info msg="[UE][NAS] successful NAS MAC verification"
time="2026-08-11T17:01:37+08:00" level=info msg="[UE][NAS] Receive Configuration Update Command"
time="2026-08-11T17:01:37+08:00" level=info msg="[UE] Initiating Configuration Update Complete"
time="2026-08-11T17:01:37+08:00" level=info msg="[GNB][NGAP] Receive Downlink NAS Transport"
time="2026-08-11T17:01:37+08:00" level=info msg="[UE][NAS] Message with security header"
time="2026-08-11T17:01:37+08:00" level=info msg="[UE][NAS] Message with integrity and ciphered"
time="2026-08-11T17:01:37+08:00" level=info msg="[UE][NAS] successful NAS CIPHERING"
time="2026-08-11T17:01:37+08:00" level=info msg="[UE][NAS] successful NAS MAC verification"
time="2026-08-11T17:01:37+08:00" level=info msg="[UE][NAS] Receive Configuration Update Command"
time="2026-08-11T17:01:37+08:00" level=info msg="[UE] Initiating Configuration Update Complete"
time="2026-08-11T17:01:37+08:00" level=info msg="[GNB][NGAP] Receive Downlink NAS Transport"
time="2026-08-11T17:01:37+08:00" level=info msg="[UE][NAS] Message with security header"
time="2026-08-11T17:01:37+08:00" level=info msg="[UE][NAS] Message with integrity and ciphered"
time="2026-08-11T17:01:37+08:00" level=info msg="[UE][NAS] successful NAS CIPHERING"
time="2026-08-11T17:01:37+08:00" level=info msg="[UE][NAS] successful NAS MAC verification"
time="2026-08-11T17:01:37+08:00" level=info msg="[UE][NAS] Receive Configuration Update Command"
time="2026-08-11T17:01:37+08:00" level=info msg="[UE] Initiating Configuration Update Complete"
time="2026-08-11T17:01:37+08:00" level=info msg="[GNB][NGAP] Receive Downlink NAS Transport"
time="2026-08-11T17:01:37+08:00" level=info msg="[UE][NAS] Message with security header"
time="2026-08-11T17:01:37+08:00" level=info msg="[UE][NAS] Message with integrity and ciphered"
time="2026-08-11T17:01:37+08:00" level=info msg="[UE][NAS] successful NAS CIPHERING"
time="2026-08-11T17:01:37+08:00" level=info msg="[UE][NAS] successful NAS MAC verification"
time="2026-08-11T17:01:37+08:00" level=info msg="[UE][NAS] Receive Configuration Update Command"
time="2026-08-11T17:01:37+08:00" level=info msg="[UE] Initiating Configuration Update Complete"
time="2026-08-11T17:01:37+08:00" level=info msg="[GNB][SCTP] Receive message in 0 stream\n"
time="2026-08-11T17:01:37+08:00" level=info msg="[GNB][NGAP] Receive Downlink NAS Transport"
time="2026-08-11T17:01:37+08:00" level=info msg="[UE][NAS] Message with security header"
time="2026-08-11T17:01:37+08:00" level=info msg="[UE][NAS] Message with integrity and ciphered"
time="2026-08-11T17:01:37+08:00" level=info msg="[UE][NAS] successful NAS CIPHERING"
time="2026-08-11T17:01:37+08:00" level=info msg="[UE][NAS] successful NAS MAC verification"
time="2026-08-11T17:01:37+08:00" level=info msg="[UE][NAS] Receive Configuration Update Command"
time="2026-08-11T17:01:37+08:00" level=info msg="[UE] Initiating Configuration Update Complete"
time="2026-08-11T17:01:37+08:00" level=info msg="[GNB][SCTP] Receive message in 0 stream\n"
time="2026-08-11T17:01:37+08:00" level=info msg="[GNB][SCTP] Receive message in 0 stream\n"
time="2026-08-11T17:01:37+08:00" level=info msg="[GNB][NGAP] Receive Initial Context Setup Request"
time="2026-08-11T17:01:37+08:00" level=info msg="[GNB][UE] UE Context was created with successful"
time="2026-08-11T17:01:37+08:00" level=info msg="[GNB][UE] UE RAN ID 55"
time="2026-08-11T17:01:37+08:00" level=info msg="[GNB][UE] UE AMF ID 323"
time="2026-08-11T17:01:37+08:00" level=info msg="[GNB][UE] UE Mobility Restrict --Plmn-- Mcc: 208 Mnc: 93"
time="2026-08-11T17:01:37+08:00" level=info msg="[GNB][UE] UE Masked Imeisv: 1110000000ffff00"
time="2026-08-11T17:01:37+08:00" level=info msg="[GNB][UE] Allowed Nssai-- Sst: [01 01] Sd: [010203 112233]"
time="2026-08-11T17:01:37+08:00" level=info msg="[GNB][NGAP][AMF] Send Initial Context Setup Response."
time="2026-08-11T17:01:37+08:00" level=info msg="[GNB] Initiating Initial Context Setup Response"
time="2026-08-11T17:01:37+08:00" level=info msg="[GNB][NGAP] No PDU Session to set up in InitialContextSetupResponse."
time="2026-08-11T17:01:37+08:00" level=info msg="[GNB][NGAP] Receive Initial Context Setup Request"
time="2026-08-11T17:01:37+08:00" level=info msg="[GNB][UE] UE Context was created with successful"
time="2026-08-11T17:01:37+08:00" level=info msg="[GNB][UE] UE RAN ID 44"
time="2026-08-11T17:01:37+08:00" level=info msg="[GNB][UE] UE AMF ID 326"
time="2026-08-11T17:01:37+08:00" level=info msg="[GNB][UE] UE Mobility Restrict --Plmn-- Mcc: 208 Mnc: 93"
time="2026-08-11T17:01:37+08:00" level=info msg="[GNB][UE] UE Masked Imeisv: 1110000000ffff00"
time="2026-08-11T17:01:37+08:00" level=info msg="[GNB][UE] Allowed Nssai-- Sst: [01 01] Sd: [010203 112233]"
time="2026-08-11T17:01:37+08:00" level=info msg="[GNB][NGAP][AMF] Send Initial Context Setup Response."
time="2026-08-11T17:01:37+08:00" level=info msg="[GNB] Initiating Initial Context Setup Response"
time="2026-08-11T17:01:37+08:00" level=info msg="[GNB][NGAP] No PDU Session to set up in InitialContextSetupResponse."
time="2026-08-11T17:01:37+08:00" level=info msg="[UE][NAS] Message with security header"
time="2026-08-11T17:01:37+08:00" level=info msg="[UE][NAS] Message with integrity and ciphered"
time="2026-08-11T17:01:37+08:00" level=info msg="[UE][NAS] Message with security header"
time="2026-08-11T17:01:37+08:00" level=info msg="[UE][NAS] Message with integrity and ciphered"
time="2026-08-11T17:01:37+08:00" level=info msg="[UE][NAS] successful NAS CIPHERING"
time="2026-08-11T17:01:37+08:00" level=info msg="[UE][NAS] successful NAS MAC verification"
time="2026-08-11T17:01:37+08:00" level=info msg="[UE][NAS] Receive Registration Accept"
time="2026-08-11T17:01:37+08:00" level=info msg="[UE][NAS] UE 5G GUTI: &{119 11 [242 2 248 57 202 254 0 0 0 1 8]}"
time="2026-08-11T17:01:37+08:00" level=info msg="[UE][NAS] successful NAS CIPHERING"
time="2026-08-11T17:01:37+08:00" level=info msg="[UE][NAS] successful NAS MAC verification"
time="2026-08-11T17:01:37+08:00" level=info msg="[UE][NAS] Receive Registration Accept"
time="2026-08-11T17:01:37+08:00" level=info msg="[UE][NAS] UE 5G GUTI: &{119 11 [242 2 248 57 202 254 0 0 0 1 5]}"
time="2026-08-11T17:01:37+08:00" level=info msg="[UE] Switched from state 2 to state 3"
time="2026-08-11T17:01:37+08:00" level=info msg="[UE] Switched from state 2 to state 3"
time="2026-08-11T17:01:37+08:00" level=info msg="[GNB][SCTP] Receive message in 0 stream\n"
time="2026-08-11T17:01:37+08:00" level=info msg="[GNB][NGAP] Receive Downlink NAS Transport"
time="2026-08-11T17:01:37+08:00" level=info msg="[UE][NAS] Message with security header"
time="2026-08-11T17:01:37+08:00" level=info msg="[UE][NAS] Message with integrity and ciphered"
time="2026-08-11T17:01:37+08:00" level=info msg="[UE][NAS] successful NAS CIPHERING"
time="2026-08-11T17:01:37+08:00" level=info msg="[UE][NAS] successful NAS MAC verification"
time="2026-08-11T17:01:37+08:00" level=info msg="[UE][NAS] Receive Configuration Update Command"
time="2026-08-11T17:01:37+08:00" level=info msg="[UE] Initiating Configuration Update Complete"
time="2026-08-11T17:01:37+08:00" level=info msg="[GNB][SCTP] Receive message in 0 stream\n"
time="2026-08-11T17:01:37+08:00" level=info msg="[GNB][NGAP] Receive Initial Context Setup Request"
time="2026-08-11T17:01:37+08:00" level=info msg="[GNB][UE] UE Context was created with successful"
time="2026-08-11T17:01:37+08:00" level=info msg="[GNB][UE] UE RAN ID 32"
time="2026-08-11T17:01:37+08:00" level=info msg="[GNB][UE] UE AMF ID 316"
time="2026-08-11T17:01:37+08:00" level=info msg="[GNB][UE] UE Mobility Restrict --Plmn-- Mcc: 208 Mnc: 93"
time="2026-08-11T17:01:37+08:00" level=info msg="[GNB][UE] UE Masked Imeisv: 1110000000ffff00"
time="2026-08-11T17:01:37+08:00" level=info msg="[GNB][UE] Allowed Nssai-- Sst: [01 01] Sd: [010203 112233]"
time="2026-08-11T17:01:37+08:00" level=info msg="[GNB][NGAP][AMF] Send Initial Context Setup Response."
time="2026-08-11T17:01:37+08:00" level=info msg="[GNB] Initiating Initial Context Setup Response"
time="2026-08-11T17:01:37+08:00" level=info msg="[GNB][NGAP] No PDU Session to set up in InitialContextSetupResponse."
time="2026-08-11T17:01:37+08:00" level=info msg="[UE][NAS] Message with security header"
time="2026-08-11T17:01:37+08:00" level=info msg="[UE][NAS] Message with integrity and ciphered"
time="2026-08-11T17:01:37+08:00" level=info msg="[UE][NAS] successful NAS CIPHERING"
time="2026-08-11T17:01:37+08:00" level=info msg="[UE][NAS] successful NAS MAC verification"
time="2026-08-11T17:01:37+08:00" level=info msg="[UE][NAS] Receive Registration Accept"
time="2026-08-11T17:01:37+08:00" level=info msg="[UE][NAS] UE 5G GUTI: &{119 11 [242 2 248 57 202 254 0 0 0 0 254]}"
time="2026-08-11T17:01:37+08:00" level=info msg="[UE] Switched from state 2 to state 3"
time="2026-08-11T17:01:37+08:00" level=info msg="[GNB][SCTP] Receive message in 0 stream\n"
time="2026-08-11T17:01:37+08:00" level=info msg="[GNB][SCTP] Receive message in 0 stream\n"
time="2026-08-11T17:01:37+08:00" level=info msg="[GNB][SCTP] Receive message in 0 stream\n"
time="2026-08-11T17:01:37+08:00" level=info msg="[GNB][SCTP] Receive message in 0 stream\n"
time="2026-08-11T17:01:37+08:00" level=info msg="[GNB][SCTP] Receive message in 0 stream\n"
time="2026-08-11T17:01:37+08:00" level=info msg="[GNB][SCTP] Receive message in 0 stream\n"
time="2026-08-11T17:01:37+08:00" level=info msg="[GNB][NGAP] Receive Downlink NAS Transport"
time="2026-08-11T17:01:37+08:00" level=info msg="[UE][NAS] Message with security header"
time="2026-08-11T17:01:37+08:00" level=info msg="[UE][NAS] Message with integrity and ciphered"
time="2026-08-11T17:01:37+08:00" level=info msg="[UE][NAS] successful NAS CIPHERING"
time="2026-08-11T17:01:37+08:00" level=info msg="[UE][NAS] successful NAS MAC verification"
time="2026-08-11T17:01:37+08:00" level=info msg="[UE][NAS] Receive Configuration Update Command"
time="2026-08-11T17:01:37+08:00" level=info msg="[UE] Initiating Configuration Update Complete"
time="2026-08-11T17:01:37+08:00" level=info msg="[GNB][NGAP] Receive Downlink NAS Transport"
time="2026-08-11T17:01:37+08:00" level=info msg="[UE][NAS] Message with security header"
time="2026-08-11T17:01:37+08:00" level=info msg="[UE][NAS] Message with integrity and ciphered"
time="2026-08-11T17:01:37+08:00" level=info msg="[UE][NAS] successful NAS CIPHERING"
time="2026-08-11T17:01:37+08:00" level=info msg="[UE][NAS] successful NAS MAC verification"
time="2026-08-11T17:01:37+08:00" level=info msg="[UE][NAS] Receive Configuration Update Command"
time="2026-08-11T17:01:37+08:00" level=info msg="[UE] Initiating Configuration Update Complete"
time="2026-08-11T17:01:37+08:00" level=info msg="[GNB][NGAP] Receive Downlink NAS Transport"
time="2026-08-11T17:01:37+08:00" level=info msg="[UE][NAS] Message with security header"
time="2026-08-11T17:01:37+08:00" level=info msg="[UE][NAS] Message with integrity and ciphered"
time="2026-08-11T17:01:37+08:00" level=info msg="[UE][NAS] successful NAS CIPHERING"
time="2026-08-11T17:01:37+08:00" level=info msg="[UE][NAS] successful NAS MAC verification"
time="2026-08-11T17:01:37+08:00" level=info msg="[UE][NAS] Receive Configuration Update Command"
time="2026-08-11T17:01:37+08:00" level=info msg="[UE] Initiating Configuration Update Complete"
time="2026-08-11T17:01:37+08:00" level=info msg="[GNB][NGAP] Receive Downlink NAS Transport"
time="2026-08-11T17:01:37+08:00" level=info msg="[UE][NAS] Message with security header"
time="2026-08-11T17:01:37+08:00" level=info msg="[UE][NAS] Message with integrity and ciphered"
time="2026-08-11T17:01:37+08:00" level=info msg="[UE][NAS] successful NAS CIPHERING"
time="2026-08-11T17:01:37+08:00" level=info msg="[UE][NAS] successful NAS MAC verification"
time="2026-08-11T17:01:37+08:00" level=info msg="[UE][NAS] Receive Configuration Update Command"
time="2026-08-11T17:01:37+08:00" level=info msg="[UE] Initiating Configuration Update Complete"
time="2026-08-11T17:01:37+08:00" level=info msg="[GNB][NGAP] Receive Initial Context Setup Request"
time="2026-08-11T17:01:37+08:00" level=info msg="[GNB][UE] UE Context was created with successful"
time="2026-08-11T17:01:37+08:00" level=info msg="[GNB][UE] UE RAN ID 61"
time="2026-08-11T17:01:37+08:00" level=info msg="[GNB][UE] UE AMF ID 332"
time="2026-08-11T17:01:37+08:00" level=info msg="[GNB][UE] UE Mobility Restrict --Plmn-- Mcc: 208 Mnc: 93"
time="2026-08-11T17:01:37+08:00" level=info msg="[GNB][UE] UE Masked Imeisv: 1110000000ffff00"
time="2026-08-11T17:01:37+08:00" level=info msg="[GNB][UE] Allowed Nssai-- Sst: [01 01] Sd: [010203 112233]"
time="2026-08-11T17:01:37+08:00" level=info msg="[GNB][NGAP][AMF] Send Initial Context Setup Response."
time="2026-08-11T17:01:37+08:00" level=info msg="[GNB] Initiating Initial Context Setup Response"
time="2026-08-11T17:01:37+08:00" level=info msg="[GNB][NGAP] No PDU Session to set up in InitialContextSetupResponse."
time="2026-08-11T17:01:37+08:00" level=info msg="[UE][NAS] Message with security header"
time="2026-08-11T17:01:37+08:00" level=info msg="[UE][NAS] Message with integrity and ciphered"
time="2026-08-11T17:01:37+08:00" level=info msg="[UE][NAS] successful NAS CIPHERING"
time="2026-08-11T17:01:37+08:00" level=info msg="[UE][NAS] successful NAS MAC verification"
time="2026-08-11T17:01:37+08:00" level=info msg="[UE][NAS] Receive Registration Accept"
time="2026-08-11T17:01:37+08:00" level=info msg="[UE][NAS] UE 5G GUTI: &{119 11 [242 2 248 57 202 254 0 0 0 1 14]}"
time="2026-08-11T17:01:37+08:00" level=info msg="[GNB][NGAP] Receive Initial Context Setup Request"
time="2026-08-11T17:01:37+08:00" level=info msg="[GNB][UE] UE Context was created with successful"
time="2026-08-11T17:01:37+08:00" level=info msg="[GNB][UE] UE RAN ID 74"
time="2026-08-11T17:01:37+08:00" level=info msg="[GNB][UE] UE AMF ID 343"
time="2026-08-11T17:01:37+08:00" level=info msg="[GNB][UE] UE Mobility Restrict --Plmn-- Mcc: 208 Mnc: 93"
time="2026-08-11T17:01:37+08:00" level=info msg="[GNB][UE] UE Masked Imeisv: 1110000000ffff00"
time="2026-08-11T17:01:37+08:00" level=info msg="[GNB][UE] Allowed Nssai-- Sst: [01 01] Sd: [010203 112233]"
time="2026-08-11T17:01:37+08:00" level=info msg="[GNB][NGAP][AMF] Send Initial Context Setup Response."
time="2026-08-11T17:01:37+08:00" level=info msg="[GNB] Initiating Initial Context Setup Response"
time="2026-08-11T17:01:37+08:00" level=info msg="[GNB][NGAP] No PDU Session to set up in InitialContextSetupResponse."
time="2026-08-11T17:01:37+08:00" level=info msg="[UE][NAS] Message with security header"
time="2026-08-11T17:01:37+08:00" level=info msg="[UE][NAS] Message with integrity and ciphered"
time="2026-08-11T17:01:37+08:00" level=info msg="[UE][NAS] successful NAS CIPHERING"
time="2026-08-11T17:01:37+08:00" level=info msg="[UE][NAS] successful NAS MAC verification"
time="2026-08-11T17:01:37+08:00" level=info msg="[UE][NAS] Receive Registration Accept"
time="2026-08-11T17:01:37+08:00" level=info msg="[UE][NAS] UE 5G GUTI: &{119 11 [242 2 248 57 202 254 0 0 0 1 25]}"
time="2026-08-11T17:01:37+08:00" level=info msg="[UE] Switched from state 2 to state 3"
time="2026-08-11T17:01:37+08:00" level=info msg="[UE] Switched from state 2 to state 3"
time="2026-08-11T17:01:38+08:00" level=info msg="[GNB][SCTP] Receive message in 0 stream\n"
time="2026-08-11T17:01:38+08:00" level=info msg="[GNB][SCTP] Receive message in 0 stream\n"
time="2026-08-11T17:01:38+08:00" level=info msg="[GNB][NGAP] Receive Initial Context Setup Request"
time="2026-08-11T17:01:38+08:00" level=info msg="[GNB][UE] UE Context was created with successful"
time="2026-08-11T17:01:38+08:00" level=info msg="[GNB][UE] UE RAN ID 57"
time="2026-08-11T17:01:38+08:00" level=info msg="[GNB][UE] UE AMF ID 329"
time="2026-08-11T17:01:38+08:00" level=info msg="[GNB][UE] UE Mobility Restrict --Plmn-- Mcc: 208 Mnc: 93"
time="2026-08-11T17:01:38+08:00" level=info msg="[GNB][UE] UE Masked Imeisv: 1110000000ffff00"
time="2026-08-11T17:01:38+08:00" level=info msg="[GNB][UE] Allowed Nssai-- Sst: [01 01] Sd: [010203 112233]"
time="2026-08-11T17:01:38+08:00" level=info msg="[GNB][NGAP][AMF] Send Initial Context Setup Response."
time="2026-08-11T17:01:38+08:00" level=info msg="[GNB] Initiating Initial Context Setup Response"
time="2026-08-11T17:01:38+08:00" level=info msg="[GNB][NGAP] No PDU Session to set up in InitialContextSetupResponse."
time="2026-08-11T17:01:38+08:00" level=info msg="[UE][NAS] Message with security header"
time="2026-08-11T17:01:38+08:00" level=info msg="[UE][NAS] Message with integrity and ciphered"
time="2026-08-11T17:01:38+08:00" level=info msg="[UE][NAS] successful NAS CIPHERING"
time="2026-08-11T17:01:38+08:00" level=info msg="[UE][NAS] successful NAS MAC verification"
time="2026-08-11T17:01:38+08:00" level=info msg="[UE][NAS] Receive Registration Accept"
time="2026-08-11T17:01:38+08:00" level=info msg="[UE][NAS] UE 5G GUTI: &{119 11 [242 2 248 57 202 254 0 0 0 1 11]}"
time="2026-08-11T17:01:38+08:00" level=info msg="[GNB][NGAP] Receive Downlink NAS Transport"
time="2026-08-11T17:01:38+08:00" level=info msg="[UE][NAS] Message with security header"
time="2026-08-11T17:01:38+08:00" level=info msg="[UE][NAS] Message with integrity and ciphered"
time="2026-08-11T17:01:38+08:00" level=info msg="[UE][NAS] successful NAS CIPHERING"
time="2026-08-11T17:01:38+08:00" level=info msg="[UE][NAS] successful NAS MAC verification"
time="2026-08-11T17:01:38+08:00" level=info msg="[UE][NAS] Receive Configuration Update Command"
time="2026-08-11T17:01:38+08:00" level=info msg="[UE] Initiating Configuration Update Complete"
time="2026-08-11T17:01:38+08:00" level=info msg="[UE] Switched from state 2 to state 3"
time="2026-08-11T17:01:38+08:00" level=info msg="[GNB][SCTP] Receive message in 0 stream\n"
time="2026-08-11T17:01:38+08:00" level=info msg="[GNB][NGAP] Receive Downlink NAS Transport"
time="2026-08-11T17:01:38+08:00" level=info msg="[UE][NAS] Message with security header"
time="2026-08-11T17:01:38+08:00" level=info msg="[UE][NAS] Message with integrity and ciphered"
time="2026-08-11T17:01:38+08:00" level=info msg="[UE][NAS] successful NAS CIPHERING"
time="2026-08-11T17:01:38+08:00" level=info msg="[UE][NAS] successful NAS MAC verification"
time="2026-08-11T17:01:38+08:00" level=info msg="[UE][NAS] Receive Configuration Update Command"
time="2026-08-11T17:01:38+08:00" level=info msg="[UE] Initiating Configuration Update Complete"
time="2026-08-11T17:01:38+08:00" level=info msg="[GNB][SCTP] Receive message in 0 stream\n"
time="2026-08-11T17:01:38+08:00" level=info msg="[GNB][NGAP] Receive Initial Context Setup Request"
time="2026-08-11T17:01:38+08:00" level=info msg="[GNB][UE] UE Context was created with successful"
time="2026-08-11T17:01:38+08:00" level=info msg="[GNB][UE] UE RAN ID 66"
time="2026-08-11T17:01:38+08:00" level=info msg="[GNB][UE] UE AMF ID 322"
time="2026-08-11T17:01:38+08:00" level=info msg="[GNB][UE] UE Mobility Restrict --Plmn-- Mcc: 208 Mnc: 93"
time="2026-08-11T17:01:38+08:00" level=info msg="[GNB][UE] UE Masked Imeisv: 1110000000ffff00"
time="2026-08-11T17:01:38+08:00" level=info msg="[GNB][UE] Allowed Nssai-- Sst: [01 01] Sd: [010203 112233]"
time="2026-08-11T17:01:38+08:00" level=info msg="[GNB][NGAP][AMF] Send Initial Context Setup Response."
time="2026-08-11T17:01:38+08:00" level=info msg="[GNB] Initiating Initial Context Setup Response"
time="2026-08-11T17:01:38+08:00" level=info msg="[GNB][NGAP] No PDU Session to set up in InitialContextSetupResponse."
time="2026-08-11T17:01:38+08:00" level=info msg="[UE][NAS] Message with security header"
time="2026-08-11T17:01:38+08:00" level=info msg="[UE][NAS] Message with integrity and ciphered"
time="2026-08-11T17:01:38+08:00" level=info msg="[UE][NAS] successful NAS CIPHERING"
time="2026-08-11T17:01:38+08:00" level=info msg="[UE][NAS] successful NAS MAC verification"
time="2026-08-11T17:01:38+08:00" level=info msg="[UE][NAS] Receive Registration Accept"
time="2026-08-11T17:01:38+08:00" level=info msg="[UE][NAS] UE 5G GUTI: &{119 11 [242 2 248 57 202 254 0 0 0 1 4]}"
time="2026-08-11T17:01:38+08:00" level=info msg="[UE] Switched from state 2 to state 3"
time="2026-08-11T17:01:38+08:00" level=info msg="[GNB][SCTP] Receive message in 0 stream\n"
time="2026-08-11T17:01:38+08:00" level=info msg="[GNB][NGAP] Receive Initial Context Setup Request"
time="2026-08-11T17:01:38+08:00" level=info msg="[GNB][UE] UE Context was created with successful"
time="2026-08-11T17:01:38+08:00" level=info msg="[GNB][UE] UE RAN ID 75"
time="2026-08-11T17:01:38+08:00" level=info msg="[GNB][UE] UE AMF ID 338"
time="2026-08-11T17:01:38+08:00" level=info msg="[GNB][UE] UE Mobility Restrict --Plmn-- Mcc: 208 Mnc: 93"
time="2026-08-11T17:01:38+08:00" level=info msg="[GNB][UE] UE Masked Imeisv: 1110000000ffff00"
time="2026-08-11T17:01:38+08:00" level=info msg="[GNB][UE] Allowed Nssai-- Sst: [01 01] Sd: [010203 112233]"
time="2026-08-11T17:01:38+08:00" level=info msg="[GNB][SCTP] Receive message in 0 stream\n"
time="2026-08-11T17:01:38+08:00" level=info msg="[GNB][NGAP][AMF] Send Initial Context Setup Response."
time="2026-08-11T17:01:38+08:00" level=info msg="[GNB] Initiating Initial Context Setup Response"
time="2026-08-11T17:01:38+08:00" level=info msg="[GNB][NGAP] No PDU Session to set up in InitialContextSetupResponse."
time="2026-08-11T17:01:38+08:00" level=info msg="[UE][NAS] Message with security header"
time="2026-08-11T17:01:38+08:00" level=info msg="[UE][NAS] Message with integrity and ciphered"
time="2026-08-11T17:01:38+08:00" level=info msg="[UE][NAS] successful NAS CIPHERING"
time="2026-08-11T17:01:38+08:00" level=info msg="[UE][NAS] successful NAS MAC verification"
time="2026-08-11T17:01:38+08:00" level=info msg="[UE][NAS] Receive Registration Accept"
time="2026-08-11T17:01:38+08:00" level=info msg="[UE][NAS] UE 5G GUTI: &{119 11 [242 2 248 57 202 254 0 0 0 1 20]}"
time="2026-08-11T17:01:38+08:00" level=info msg="[UE] Switched from state 2 to state 3"
time="2026-08-11T17:01:38+08:00" level=info msg="[GNB][NGAP] Receive Downlink NAS Transport"
time="2026-08-11T17:01:38+08:00" level=info msg="[UE][NAS] Message with security header"
time="2026-08-11T17:01:38+08:00" level=info msg="[UE][NAS] Message with integrity and ciphered"
time="2026-08-11T17:01:38+08:00" level=info msg="[UE][NAS] successful NAS CIPHERING"
time="2026-08-11T17:01:38+08:00" level=info msg="[UE][NAS] successful NAS MAC verification"
time="2026-08-11T17:01:38+08:00" level=info msg="[UE][NAS] Receive Configuration Update Command"
time="2026-08-11T17:01:38+08:00" level=info msg="[UE] Initiating Configuration Update Complete"
time="2026-08-11T17:01:38+08:00" level=info msg="[GNB][SCTP] Receive message in 0 stream\n"
time="2026-08-11T17:01:38+08:00" level=info msg="[GNB][NGAP] Receive Downlink NAS Transport"
time="2026-08-11T17:01:38+08:00" level=info msg="[UE][NAS] Message with security header"
time="2026-08-11T17:01:38+08:00" level=info msg="[UE][NAS] Message with integrity and ciphered"
time="2026-08-11T17:01:38+08:00" level=info msg="[UE][NAS] successful NAS CIPHERING"
time="2026-08-11T17:01:38+08:00" level=info msg="[UE][NAS] successful NAS MAC verification"
time="2026-08-11T17:01:38+08:00" level=info msg="[UE][NAS] Receive Configuration Update Command"
time="2026-08-11T17:01:38+08:00" level=info msg="[UE] Initiating Configuration Update Complete"
time="2026-08-11T17:01:38+08:00" level=info msg="[GNB][SCTP] Receive message in 0 stream\n"
time="2026-08-11T17:01:38+08:00" level=info msg="[GNB][NGAP] Receive Downlink NAS Transport"
time="2026-08-11T17:01:38+08:00" level=info msg="[UE][NAS] Message with security header"
time="2026-08-11T17:01:38+08:00" level=info msg="[UE][NAS] Message with integrity and ciphered"
time="2026-08-11T17:01:38+08:00" level=info msg="[UE][NAS] successful NAS CIPHERING"
time="2026-08-11T17:01:38+08:00" level=info msg="[UE][NAS] successful NAS MAC verification"
time="2026-08-11T17:01:38+08:00" level=info msg="[UE][NAS] Receive Configuration Update Command"
time="2026-08-11T17:01:38+08:00" level=info msg="[UE] Initiating Configuration Update Complete"
time="2026-08-11T17:01:38+08:00" level=info msg="[GNB][SCTP] Receive message in 0 stream\n"
time="2026-08-11T17:01:38+08:00" level=info msg="[GNB][NGAP] Receive Downlink NAS Transport"
time="2026-08-11T17:01:38+08:00" level=info msg="[UE][NAS] Message with security header"
time="2026-08-11T17:01:38+08:00" level=info msg="[UE][NAS] Message with integrity and ciphered"
time="2026-08-11T17:01:38+08:00" level=info msg="[UE][NAS] successful NAS CIPHERING"
time="2026-08-11T17:01:38+08:00" level=info msg="[UE][NAS] successful NAS MAC verification"
time="2026-08-11T17:01:38+08:00" level=info msg="[UE][NAS] Receive Configuration Update Command"
time="2026-08-11T17:01:38+08:00" level=info msg="[UE] Initiating Configuration Update Complete"
time="2026-08-11T17:01:38+08:00" level=info msg="[GNB][SCTP] Receive message in 0 stream\n"
time="2026-08-11T17:01:38+08:00" level=info msg="[GNB][NGAP] Receive Downlink NAS Transport"
time="2026-08-11T17:01:38+08:00" level=info msg="[UE][NAS] Message with security header"
time="2026-08-11T17:01:38+08:00" level=info msg="[UE][NAS] Message with integrity and ciphered"
time="2026-08-11T17:01:38+08:00" level=info msg="[UE][NAS] successful NAS CIPHERING"
time="2026-08-11T17:01:38+08:00" level=info msg="[UE][NAS] successful NAS MAC verification"
time="2026-08-11T17:01:38+08:00" level=info msg="[UE][NAS] Receive Configuration Update Command"
time="2026-08-11T17:01:38+08:00" level=info msg="[UE] Initiating Configuration Update Complete"
time="2026-08-11T17:01:38+08:00" level=info msg="[GNB][SCTP] Receive message in 0 stream\n"
time="2026-08-11T17:01:38+08:00" level=info msg="[GNB][SCTP] Receive message in 0 stream\n"
time="2026-08-11T17:01:38+08:00" level=info msg="[GNB][NGAP] Receive Downlink NAS Transport"
time="2026-08-11T17:01:38+08:00" level=info msg="[UE][NAS] Message with security header"
time="2026-08-11T17:01:38+08:00" level=info msg="[UE][NAS] Message with integrity and ciphered"
time="2026-08-11T17:01:38+08:00" level=info msg="[UE][NAS] successful NAS CIPHERING"
time="2026-08-11T17:01:38+08:00" level=info msg="[UE][NAS] successful NAS MAC verification"
time="2026-08-11T17:01:38+08:00" level=info msg="[UE][NAS] Receive Configuration Update Command"
time="2026-08-11T17:01:38+08:00" level=info msg="[UE] Initiating Configuration Update Complete"
time="2026-08-11T17:01:38+08:00" level=info msg="[GNB][SCTP] Receive message in 0 stream\n"
time="2026-08-11T17:01:38+08:00" level=info msg="[GNB][NGAP] Receive Downlink NAS Transport"
time="2026-08-11T17:01:38+08:00" level=info msg="[UE][NAS] Message with security header"
time="2026-08-11T17:01:38+08:00" level=info msg="[UE][NAS] Message with integrity and ciphered"
time="2026-08-11T17:01:38+08:00" level=info msg="[UE][NAS] successful NAS CIPHERING"
time="2026-08-11T17:01:38+08:00" level=info msg="[UE][NAS] successful NAS MAC verification"
time="2026-08-11T17:01:38+08:00" level=info msg="[UE][NAS] Receive Configuration Update Command"
time="2026-08-11T17:01:38+08:00" level=info msg="[UE] Initiating Configuration Update Complete"
time="2026-08-11T17:01:38+08:00" level=info msg="[GNB][NGAP] Receive Downlink NAS Transport"
time="2026-08-11T17:01:38+08:00" level=info msg="[UE][NAS] Message with security header"
time="2026-08-11T17:01:38+08:00" level=info msg="[UE][NAS] Message with integrity and ciphered"
time="2026-08-11T17:01:38+08:00" level=info msg="[UE][NAS] successful NAS CIPHERING"
time="2026-08-11T17:01:38+08:00" level=info msg="[UE][NAS] successful NAS MAC verification"
time="2026-08-11T17:01:38+08:00" level=info msg="[UE][NAS] Receive Configuration Update Command"
time="2026-08-11T17:01:38+08:00" level=info msg="[UE] Initiating Configuration Update Complete"
time="2026-08-11T17:01:38+08:00" level=info msg="[GNB][SCTP] Receive message in 0 stream\n"
time="2026-08-11T17:01:38+08:00" level=info msg="[GNB][SCTP] Receive message in 0 stream\n"
time="2026-08-11T17:01:38+08:00" level=info msg="[GNB][NGAP] Receive Downlink NAS Transport"
time="2026-08-11T17:01:38+08:00" level=info msg="[UE][NAS] Message with security header"
time="2026-08-11T17:01:38+08:00" level=info msg="[UE][NAS] Message with integrity and ciphered"
time="2026-08-11T17:01:38+08:00" level=info msg="[UE][NAS] successful NAS CIPHERING"
time="2026-08-11T17:01:38+08:00" level=info msg="[UE][NAS] successful NAS MAC verification"
time="2026-08-11T17:01:38+08:00" level=info msg="[UE][NAS] Receive Configuration Update Command"
time="2026-08-11T17:01:38+08:00" level=info msg="[UE] Initiating Configuration Update Complete"
time="2026-08-11T17:01:38+08:00" level=info msg="[GNB][NGAP] Receive Downlink NAS Transport"
time="2026-08-11T17:01:38+08:00" level=info msg="[UE][NAS] Message with security header"
time="2026-08-11T17:01:38+08:00" level=info msg="[UE][NAS] Message with integrity and with NEW 5G NAS SECURITY CONTEXT"
time="2026-08-11T17:01:38+08:00" level=info msg="[UE][NAS] successful NAS MAC verification"
time="2026-08-11T17:01:38+08:00" level=info msg="[UE][NAS] Receive Security Mode Command"
time="2026-08-11T17:01:38+08:00" level=info msg="[UE][NAS] Type of ciphering algorithm is 5G-EA0"
time="2026-08-11T17:01:38+08:00" level=info msg="[UE][NAS] Type of integrity protection algorithm is 128-5G-IA2"
time="2026-08-11T17:01:38+08:00" level=info msg="[GNB][SCTP] Receive message in 0 stream\n"
time="2026-08-11T17:01:38+08:00" level=info msg="[GNB][NGAP] Receive Initial Context Setup Request"
time="2026-08-11T17:01:38+08:00" level=info msg="[GNB][UE] UE Context was created with successful"
time="2026-08-11T17:01:38+08:00" level=info msg="[GNB][UE] UE RAN ID 71"
time="2026-08-11T17:01:38+08:00" level=info msg="[GNB][UE] UE AMF ID 335"
time="2026-08-11T17:01:38+08:00" level=info msg="[GNB][UE] UE Mobility Restrict --Plmn-- Mcc: 208 Mnc: 93"
time="2026-08-11T17:01:38+08:00" level=info msg="[GNB][UE] UE Masked Imeisv: 1110000000ffff00"
time="2026-08-11T17:01:38+08:00" level=info msg="[GNB][UE] Allowed Nssai-- Sst: [01 01] Sd: [010203 112233]"
time="2026-08-11T17:01:38+08:00" level=info msg="[GNB][NGAP][AMF] Send Initial Context Setup Response."
time="2026-08-11T17:01:38+08:00" level=info msg="[GNB] Initiating Initial Context Setup Response"
time="2026-08-11T17:01:38+08:00" level=info msg="[GNB][NGAP] No PDU Session to set up in InitialContextSetupResponse."
time="2026-08-11T17:01:38+08:00" level=info msg="[UE][NAS] Message with security header"
time="2026-08-11T17:01:38+08:00" level=info msg="[UE][NAS] Message with integrity and ciphered"
time="2026-08-11T17:01:38+08:00" level=info msg="[UE][NAS] successful NAS CIPHERING"
time="2026-08-11T17:01:38+08:00" level=info msg="[UE][NAS] successful NAS MAC verification"
time="2026-08-11T17:01:38+08:00" level=info msg="[UE][NAS] Receive Registration Accept"
time="2026-08-11T17:01:38+08:00" level=info msg="[UE][NAS] UE 5G GUTI: &{119 11 [242 2 248 57 202 254 0 0 0 1 17]}"
time="2026-08-11T17:01:38+08:00" level=info msg="[UE] Switched from state 2 to state 3"
time="2026-08-11T17:01:38+08:00" level=info msg="[GNB][SCTP] Receive message in 0 stream\n"
time="2026-08-11T17:01:38+08:00" level=info msg="[GNB][SCTP] Receive message in 0 stream\n"
time="2026-08-11T17:01:38+08:00" level=info msg="[GNB][NGAP] Receive Initial Context Setup Request"
time="2026-08-11T17:01:38+08:00" level=info msg="[GNB][UE] UE Context was created with successful"
time="2026-08-11T17:01:38+08:00" level=info msg="[GNB][UE] UE RAN ID 73"
time="2026-08-11T17:01:38+08:00" level=info msg="[GNB][UE] UE AMF ID 341"
time="2026-08-11T17:01:38+08:00" level=info msg="[GNB][UE] UE Mobility Restrict --Plmn-- Mcc: 208 Mnc: 93"
time="2026-08-11T17:01:38+08:00" level=info msg="[GNB][UE] UE Masked Imeisv: 1110000000ffff00"
time="2026-08-11T17:01:38+08:00" level=info msg="[GNB][UE] Allowed Nssai-- Sst: [01 01] Sd: [010203 112233]"
time="2026-08-11T17:01:38+08:00" level=info msg="[GNB][NGAP][AMF] Send Initial Context Setup Response."
time="2026-08-11T17:01:38+08:00" level=info msg="[GNB] Initiating Initial Context Setup Response"
time="2026-08-11T17:01:38+08:00" level=info msg="[GNB][NGAP] No PDU Session to set up in InitialContextSetupResponse."
time="2026-08-11T17:01:38+08:00" level=info msg="[GNB][NGAP] Receive Initial Context Setup Request"
time="2026-08-11T17:01:38+08:00" level=info msg="[GNB][UE] UE Context was created with successful"
time="2026-08-11T17:01:38+08:00" level=info msg="[GNB][UE] UE RAN ID 64"
time="2026-08-11T17:01:38+08:00" level=info msg="[GNB][UE] UE AMF ID 328"
time="2026-08-11T17:01:38+08:00" level=info msg="[GNB][UE] UE Mobility Restrict --Plmn-- Mcc: 208 Mnc: 93"
time="2026-08-11T17:01:38+08:00" level=info msg="[GNB][UE] UE Masked Imeisv: 1110000000ffff00"
time="2026-08-11T17:01:38+08:00" level=info msg="[GNB][UE] Allowed Nssai-- Sst: [01 01] Sd: [010203 112233]"
time="2026-08-11T17:01:38+08:00" level=info msg="[GNB][NGAP][AMF] Send Initial Context Setup Response."
time="2026-08-11T17:01:38+08:00" level=info msg="[GNB] Initiating Initial Context Setup Response"
time="2026-08-11T17:01:38+08:00" level=info msg="[GNB][NGAP] No PDU Session to set up in InitialContextSetupResponse."
time="2026-08-11T17:01:38+08:00" level=info msg="[UE][NAS] Message with security header"
time="2026-08-11T17:01:38+08:00" level=info msg="[UE][NAS] Message with integrity and ciphered"
time="2026-08-11T17:01:38+08:00" level=info msg="[UE][NAS] successful NAS CIPHERING"
time="2026-08-11T17:01:38+08:00" level=info msg="[UE][NAS] successful NAS MAC verification"
time="2026-08-11T17:01:38+08:00" level=info msg="[UE][NAS] Receive Registration Accept"
time="2026-08-11T17:01:38+08:00" level=info msg="[UE][NAS] UE 5G GUTI: &{119 11 [242 2 248 57 202 254 0 0 0 1 23]}"
time="2026-08-11T17:01:38+08:00" level=info msg="[UE][NAS] Message with security header"
time="2026-08-11T17:01:38+08:00" level=info msg="[UE][NAS] Message with integrity and ciphered"
time="2026-08-11T17:01:38+08:00" level=info msg="[UE][NAS] successful NAS CIPHERING"
time="2026-08-11T17:01:38+08:00" level=info msg="[UE][NAS] successful NAS MAC verification"
time="2026-08-11T17:01:38+08:00" level=info msg="[UE][NAS] Receive Registration Accept"
time="2026-08-11T17:01:38+08:00" level=info msg="[UE][NAS] UE 5G GUTI: &{119 11 [242 2 248 57 202 254 0 0 0 1 10]}"
time="2026-08-11T17:01:38+08:00" level=info msg="[UE] Switched from state 2 to state 3"
time="2026-08-11T17:01:38+08:00" level=info msg="[UE] Switched from state 2 to state 3"
time="2026-08-11T17:01:38+08:00" level=info msg="[GNB][SCTP] Receive message in 0 stream\n"
time="2026-08-11T17:01:38+08:00" level=info msg="[GNB][SCTP] Receive message in 0 stream\n"
time="2026-08-11T17:01:38+08:00" level=info msg="[GNB][NGAP] Receive Downlink NAS Transport"
time="2026-08-11T17:01:38+08:00" level=info msg="[UE][NAS] Message with security header"
time="2026-08-11T17:01:38+08:00" level=info msg="[UE][NAS] Message with integrity and ciphered"
time="2026-08-11T17:01:38+08:00" level=info msg="[UE][NAS] successful NAS CIPHERING"
time="2026-08-11T17:01:38+08:00" level=info msg="[UE][NAS] successful NAS MAC verification"
time="2026-08-11T17:01:38+08:00" level=info msg="[UE][NAS] Receive Configuration Update Command"
time="2026-08-11T17:01:38+08:00" level=info msg="[UE] Initiating Configuration Update Complete"
time="2026-08-11T17:01:38+08:00" level=info msg="[GNB][NGAP] Receive Downlink NAS Transport"
time="2026-08-11T17:01:38+08:00" level=info msg="[UE][NAS] Message with security header"
time="2026-08-11T17:01:38+08:00" level=info msg="[UE][NAS] Message with integrity and ciphered"
time="2026-08-11T17:01:38+08:00" level=info msg="[UE][NAS] successful NAS CIPHERING"
time="2026-08-11T17:01:38+08:00" level=info msg="[UE][NAS] successful NAS MAC verification"
time="2026-08-11T17:01:38+08:00" level=info msg="[UE][NAS] Receive Configuration Update Command"
time="2026-08-11T17:01:38+08:00" level=info msg="[UE] Initiating Configuration Update Complete"
time="2026-08-11T17:01:38+08:00" level=info msg="[GNB][SCTP] Receive message in 0 stream\n"
time="2026-08-11T17:01:38+08:00" level=info msg="[GNB][SCTP] Receive message in 0 stream\n"
time="2026-08-11T17:01:38+08:00" level=info msg="[GNB][NGAP] Receive Downlink NAS Transport"
time="2026-08-11T17:01:38+08:00" level=info msg="[UE][NAS] Message with security header"
time="2026-08-11T17:01:38+08:00" level=info msg="[UE][NAS] Message with integrity and ciphered"
time="2026-08-11T17:01:38+08:00" level=info msg="[UE][NAS] successful NAS CIPHERING"
time="2026-08-11T17:01:38+08:00" level=info msg="[UE][NAS] successful NAS MAC verification"
time="2026-08-11T17:01:38+08:00" level=info msg="[UE][NAS] Receive Configuration Update Command"
time="2026-08-11T17:01:38+08:00" level=info msg="[UE] Initiating Configuration Update Complete"
time="2026-08-11T17:01:38+08:00" level=info msg="[GNB][NGAP] Receive Downlink NAS Transport"
time="2026-08-11T17:01:38+08:00" level=info msg="[UE][NAS] Message with security header"
time="2026-08-11T17:01:38+08:00" level=info msg="[UE][NAS] Message with integrity and ciphered"
time="2026-08-11T17:01:38+08:00" level=info msg="[UE][NAS] successful NAS CIPHERING"
time="2026-08-11T17:01:38+08:00" level=info msg="[UE][NAS] successful NAS MAC verification"
time="2026-08-11T17:01:38+08:00" level=info msg="[UE][NAS] Receive Configuration Update Command"
time="2026-08-11T17:01:38+08:00" level=info msg="[UE] Initiating Configuration Update Complete"
time="2026-08-11T17:01:38+08:00" level=info msg="[GNB][SCTP] Receive message in 0 stream\n"
time="2026-08-11T17:01:38+08:00" level=info msg="[GNB][SCTP] Receive message in 0 stream\n"
time="2026-08-11T17:01:38+08:00" level=info msg="[GNB][NGAP] Receive Downlink NAS Transport"
time="2026-08-11T17:01:38+08:00" level=info msg="[UE][NAS] Message with security header"
time="2026-08-11T17:01:38+08:00" level=info msg="[UE][NAS] Message with integrity and ciphered"
time="2026-08-11T17:01:38+08:00" level=info msg="[UE][NAS] successful NAS CIPHERING"
time="2026-08-11T17:01:38+08:00" level=info msg="[UE][NAS] successful NAS MAC verification"
time="2026-08-11T17:01:38+08:00" level=info msg="[UE][NAS] Receive Configuration Update Command"
time="2026-08-11T17:01:38+08:00" level=info msg="[UE] Initiating Configuration Update Complete"
time="2026-08-11T17:01:38+08:00" level=info msg="[GNB][SCTP] Receive message in 0 stream\n"
time="2026-08-11T17:01:38+08:00" level=info msg="[GNB][NGAP] Receive Downlink NAS Transport"
time="2026-08-11T17:01:38+08:00" level=info msg="[UE][NAS] Message with security header"
time="2026-08-11T17:01:38+08:00" level=info msg="[UE][NAS] Message with integrity and ciphered"
time="2026-08-11T17:01:38+08:00" level=info msg="[UE][NAS] successful NAS CIPHERING"
time="2026-08-11T17:01:38+08:00" level=info msg="[UE][NAS] successful NAS MAC verification"
time="2026-08-11T17:01:38+08:00" level=info msg="[UE][NAS] Receive Configuration Update Command"
time="2026-08-11T17:01:38+08:00" level=info msg="[UE] Initiating Configuration Update Complete"
time="2026-08-11T17:01:38+08:00" level=info msg="[GNB][NGAP] Receive Downlink NAS Transport"
time="2026-08-11T17:01:38+08:00" level=info msg="[UE][NAS] Message with security header"
time="2026-08-11T17:01:38+08:00" level=info msg="[UE][NAS] Message with integrity and ciphered"
time="2026-08-11T17:01:38+08:00" level=info msg="[UE][NAS] successful NAS CIPHERING"
time="2026-08-11T17:01:38+08:00" level=info msg="[UE][NAS] successful NAS MAC verification"
time="2026-08-11T17:01:38+08:00" level=info msg="[UE][NAS] Receive Configuration Update Command"
time="2026-08-11T17:01:38+08:00" level=info msg="[UE] Initiating Configuration Update Complete"
time="2026-08-11T17:01:38+08:00" level=info msg="[GNB][SCTP] Receive message in 0 stream\n"
time="2026-08-11T17:01:38+08:00" level=info msg="[GNB][NGAP] Receive Initial Context Setup Request"
time="2026-08-11T17:01:38+08:00" level=info msg="[GNB][UE] UE Context was created with successful"
time="2026-08-11T17:01:38+08:00" level=info msg="[GNB][UE] UE RAN ID 63"
time="2026-08-11T17:01:38+08:00" level=info msg="[GNB][UE] UE AMF ID 334"
time="2026-08-11T17:01:38+08:00" level=info msg="[GNB][UE] UE Mobility Restrict --Plmn-- Mcc: 208 Mnc: 93"
time="2026-08-11T17:01:38+08:00" level=info msg="[GNB][UE] UE Masked Imeisv: 1110000000ffff00"
time="2026-08-11T17:01:38+08:00" level=info msg="[GNB][UE] Allowed Nssai-- Sst: [01 01] Sd: [010203 112233]"
time="2026-08-11T17:01:38+08:00" level=info msg="[GNB][NGAP][AMF] Send Initial Context Setup Response."
time="2026-08-11T17:01:38+08:00" level=info msg="[GNB] Initiating Initial Context Setup Response"
time="2026-08-11T17:01:38+08:00" level=info msg="[GNB][NGAP] No PDU Session to set up in InitialContextSetupResponse."
time="2026-08-11T17:01:38+08:00" level=info msg="[UE][NAS] Message with security header"
time="2026-08-11T17:01:38+08:00" level=info msg="[UE][NAS] Message with integrity and ciphered"
time="2026-08-11T17:01:38+08:00" level=info msg="[UE][NAS] successful NAS CIPHERING"
time="2026-08-11T17:01:38+08:00" level=info msg="[GNB][SCTP] Receive message in 0 stream\n"
time="2026-08-11T17:01:38+08:00" level=info msg="[GNB][SCTP] Receive message in 0 stream\n"
time="2026-08-11T17:01:38+08:00" level=info msg="[GNB][SCTP] Receive message in 0 stream\n"
time="2026-08-11T17:01:38+08:00" level=info msg="[GNB][NGAP] Receive Downlink NAS Transport"
time="2026-08-11T17:01:38+08:00" level=info msg="[UE][NAS] Message with security header"
time="2026-08-11T17:01:38+08:00" level=info msg="[UE][NAS] Message with integrity and ciphered"
time="2026-08-11T17:01:38+08:00" level=info msg="[UE][NAS] successful NAS CIPHERING"
time="2026-08-11T17:01:38+08:00" level=info msg="[UE][NAS] successful NAS MAC verification"
time="2026-08-11T17:01:38+08:00" level=info msg="[UE][NAS] Receive Configuration Update Command"
time="2026-08-11T17:01:38+08:00" level=info msg="[UE] Initiating Configuration Update Complete"
time="2026-08-11T17:01:38+08:00" level=info msg="[GNB][NGAP] Receive Downlink NAS Transport"
time="2026-08-11T17:01:38+08:00" level=info msg="[UE][NAS] Message with security header"
time="2026-08-11T17:01:38+08:00" level=info msg="[UE][NAS] Message with integrity and ciphered"
time="2026-08-11T17:01:38+08:00" level=info msg="[UE][NAS] successful NAS CIPHERING"
time="2026-08-11T17:01:38+08:00" level=info msg="[UE][NAS] successful NAS MAC verification"
time="2026-08-11T17:01:38+08:00" level=info msg="[UE][NAS] Receive Configuration Update Command"
time="2026-08-11T17:01:38+08:00" level=info msg="[UE] Initiating Configuration Update Complete"
time="2026-08-11T17:01:38+08:00" level=info msg="[GNB][NGAP] Receive Downlink NAS Transport"
time="2026-08-11T17:01:38+08:00" level=info msg="[UE][NAS] Message with security header"
time="2026-08-11T17:01:38+08:00" level=info msg="[UE][NAS] Message with integrity and ciphered"
time="2026-08-11T17:01:38+08:00" level=info msg="[UE][NAS] successful NAS CIPHERING"
time="2026-08-11T17:01:38+08:00" level=info msg="[UE][NAS] successful NAS MAC verification"
time="2026-08-11T17:01:38+08:00" level=info msg="[UE][NAS] Receive Configuration Update Command"
time="2026-08-11T17:01:38+08:00" level=info msg="[UE] Initiating Configuration Update Complete"
time="2026-08-11T17:01:38+08:00" level=info msg="[UE][NAS] successful NAS MAC verification"
time="2026-08-11T17:01:38+08:00" level=info msg="[UE][NAS] Receive Registration Accept"
time="2026-08-11T17:01:38+08:00" level=info msg="[UE][NAS] UE 5G GUTI: &{119 11 [242 2 248 57 202 254 0 0 0 1 16]}"
time="2026-08-11T17:01:38+08:00" level=info msg="[GNB][SCTP] Receive message in 0 stream\n"
time="2026-08-11T17:01:38+08:00" level=info msg="[GNB][SCTP] Receive message in 0 stream\n"
time="2026-08-11T17:01:38+08:00" level=info msg="[UE] Switched from state 2 to state 3"
time="2026-08-11T17:01:38+08:00" level=info msg="[GNB][NGAP] Receive Downlink NAS Transport"
time="2026-08-11T17:01:38+08:00" level=info msg="[UE][NAS] Message with security header"
time="2026-08-11T17:01:38+08:00" level=info msg="[UE][NAS] Message with integrity and ciphered"
time="2026-08-11T17:01:38+08:00" level=info msg="[UE][NAS] successful NAS CIPHERING"
time="2026-08-11T17:01:38+08:00" level=info msg="[UE][NAS] successful NAS MAC verification"
time="2026-08-11T17:01:38+08:00" level=info msg="[UE][NAS] Receive Configuration Update Command"
time="2026-08-11T17:01:38+08:00" level=info msg="[UE] Initiating Configuration Update Complete"
time="2026-08-11T17:01:38+08:00" level=info msg="[GNB][NGAP] Receive Downlink NAS Transport"
time="2026-08-11T17:01:38+08:00" level=info msg="[UE][NAS] Message with security header"
time="2026-08-11T17:01:38+08:00" level=info msg="[UE][NAS] Message with integrity and ciphered"
time="2026-08-11T17:01:38+08:00" level=info msg="[UE][NAS] successful NAS CIPHERING"
time="2026-08-11T17:01:38+08:00" level=info msg="[UE][NAS] successful NAS MAC verification"
time="2026-08-11T17:01:38+08:00" level=info msg="[UE][NAS] Receive Configuration Update Command"
time="2026-08-11T17:01:38+08:00" level=info msg="[UE] Initiating Configuration Update Complete"
time="2026-08-11T17:01:39+08:00" level=info msg="[GNB][SCTP] Receive message in 0 stream\n"
time="2026-08-11T17:01:39+08:00" level=info msg="[GNB][SCTP] Receive message in 0 stream\n"
time="2026-08-11T17:01:39+08:00" level=info msg="[GNB][NGAP] Receive Downlink NAS Transport"
time="2026-08-11T17:01:39+08:00" level=info msg="[UE][NAS] Message with security header"
time="2026-08-11T17:01:39+08:00" level=info msg="[UE][NAS] Message with integrity and ciphered"
time="2026-08-11T17:01:39+08:00" level=info msg="[UE][NAS] successful NAS CIPHERING"
time="2026-08-11T17:01:39+08:00" level=info msg="[UE][NAS] successful NAS MAC verification"
time="2026-08-11T17:01:39+08:00" level=info msg="[UE][NAS] Receive Configuration Update Command"
time="2026-08-11T17:01:39+08:00" level=info msg="[UE] Initiating Configuration Update Complete"
time="2026-08-11T17:01:39+08:00" level=info msg="[GNB][NGAP] Receive Initial Context Setup Request"
time="2026-08-11T17:01:39+08:00" level=info msg="[GNB][UE] UE Context was created with successful"
time="2026-08-11T17:01:39+08:00" level=info msg="[GNB][UE] UE RAN ID 62"
time="2026-08-11T17:01:39+08:00" level=info msg="[GNB][UE] UE AMF ID 340"
time="2026-08-11T17:01:39+08:00" level=info msg="[GNB][UE] UE Mobility Restrict --Plmn-- Mcc: 208 Mnc: 93"
time="2026-08-11T17:01:39+08:00" level=info msg="[GNB][UE] UE Masked Imeisv: 1110000000ffff00"
time="2026-08-11T17:01:39+08:00" level=info msg="[GNB][UE] Allowed Nssai-- Sst: [01 01] Sd: [010203 112233]"
time="2026-08-11T17:01:39+08:00" level=info msg="[GNB][NGAP][AMF] Send Initial Context Setup Response."
time="2026-08-11T17:01:39+08:00" level=info msg="[GNB] Initiating Initial Context Setup Response"
time="2026-08-11T17:01:39+08:00" level=info msg="[GNB][NGAP] No PDU Session to set up in InitialContextSetupResponse."
time="2026-08-11T17:01:39+08:00" level=info msg="[UE][NAS] Message with security header"
time="2026-08-11T17:01:39+08:00" level=info msg="[UE][NAS] Message with integrity and ciphered"
time="2026-08-11T17:01:39+08:00" level=info msg="[UE][NAS] successful NAS CIPHERING"
time="2026-08-11T17:01:39+08:00" level=info msg="[UE][NAS] successful NAS MAC verification"
time="2026-08-11T17:01:39+08:00" level=info msg="[UE][NAS] Receive Registration Accept"
time="2026-08-11T17:01:39+08:00" level=info msg="[UE][NAS] UE 5G GUTI: &{119 11 [242 2 248 57 202 254 0 0 0 1 22]}"
time="2026-08-11T17:01:39+08:00" level=info msg="[UE] Switched from state 2 to state 3"
time="2026-08-11T17:01:39+08:00" level=info msg="[GNB][SCTP] Receive message in 0 stream\n"
time="2026-08-11T17:01:39+08:00" level=info msg="[GNB][NGAP] Receive Downlink NAS Transport"
time="2026-08-11T17:01:39+08:00" level=info msg="[UE][NAS] Message with security header"
time="2026-08-11T17:01:39+08:00" level=info msg="[UE][NAS] Message with integrity and ciphered"
time="2026-08-11T17:01:39+08:00" level=info msg="[UE][NAS] successful NAS CIPHERING"
time="2026-08-11T17:01:39+08:00" level=info msg="[UE][NAS] successful NAS MAC verification"
time="2026-08-11T17:01:39+08:00" level=info msg="[UE][NAS] Receive Configuration Update Command"
time="2026-08-11T17:01:39+08:00" level=info msg="[UE] Initiating Configuration Update Complete"
time="2026-08-11T17:01:39+08:00" level=info msg="[GNB][SCTP] Receive message in 0 stream\n"
time="2026-08-11T17:01:39+08:00" level=info msg="[GNB][NGAP] Receive Downlink NAS Transport"
time="2026-08-11T17:01:39+08:00" level=info msg="[UE][NAS] Message with security header"
time="2026-08-11T17:01:39+08:00" level=info msg="[UE][NAS] Message with integrity and ciphered"
time="2026-08-11T17:01:39+08:00" level=info msg="[UE][NAS] successful NAS CIPHERING"
time="2026-08-11T17:01:39+08:00" level=info msg="[UE][NAS] successful NAS MAC verification"
time="2026-08-11T17:01:39+08:00" level=info msg="[UE][NAS] Receive Configuration Update Command"
time="2026-08-11T17:01:39+08:00" level=info msg="[UE] Initiating Configuration Update Complete"
