time="2026-08-11T21:23:13+08:00" level=info msg="Loaded config at: config/b3-run2.yml"
time="2026-08-11T21:23:13+08:00" level=info msg="PacketRusher version 1.0.1"
time="2026-08-11T21:23:13+08:00" level=info msg=---------------------------------------
time="2026-08-11T21:23:13+08:00" level=info msg="[TESTER] Starting test function: Testing registration of multiple UEs"
time="2026-08-11T21:23:13+08:00" level=info msg="[TESTER][UE] Number of UEs: 100"
time="2026-08-11T21:23:13+08:00" level=info msg="[TESTER][GNB] gNodeB control interface IP/Port: 172.18.0.1:9487~"
time="2026-08-11T21:23:13+08:00" level=info msg="[TESTER][GNB] gNodeB data interface IP/Port: 172.18.0.1:2152"
time="2026-08-11T21:23:13+08:00" level=info msg="[TESTER][AMF] AMF IP/Port: 172.18.0.2:30412"
time="2026-08-11T21:23:13+08:00" level=info msg=---------------------------------------
time="2026-08-11T21:23:13+08:00" level=info msg="[GNB] InitGnb called with N2 IP: 172.18.0.1:9487"
time="2026-08-11T21:23:13+08:00" level=info msg="[GNB] Attempting connection with N2 IP: 172.18.0.1:9487"
time="2026-08-11T21:23:13+08:00" level=info msg="[GNB][SCTP] Initializing connection: local=172.18.0.1:9487 remote=172.18.0.2:30412"
time="2026-08-11T21:23:13+08:00" level=info msg="[GNB][SCTP] Attempting SCTP dial..."
time="2026-08-11T21:23:13+08:00" level=info msg="[GNB][SCTP] SCTP connection established successfully"
time="2026-08-11T21:23:13+08:00" level=info msg="[GNB][SCTP] Starting GnbListen goroutine..."
time="2026-08-11T21:23:13+08:00" level=info msg="[GNB] SCTP/NGAP service is running"
time="2026-08-11T21:23:13+08:00" level=info msg="[GNB] Sending NG Setup Request..."
time="2026-08-11T21:23:13+08:00" level=info msg="[GNB] Initiating NG Setup Request"
time="2026-08-11T21:23:13+08:00" level=info msg="[GNB] NG Setup Request sent, waiting for response..."
time="2026-08-11T21:23:13+08:00" level=info msg="[GNB][SCTP] Receive message in 0 stream\n"
time="2026-08-11T21:23:13+08:00" level=info msg="[GNB][NGAP] Receive NG Setup Response"
time="2026-08-11T21:23:13+08:00" level=info msg="[GNB][AMF] AMF Name: AMF000"
time="2026-08-11T21:23:13+08:00" level=info msg="[GNB][AMF] State of AMF: Active"
time="2026-08-11T21:23:13+08:00" level=info msg="[GNB][AMF] Capacity of AMF: 255"
time="2026-08-11T21:23:13+08:00" level=info msg="[GNB][AMF] PLMNs Identities Supported by AMF -- mcc: 208 mnc:93"
time="2026-08-11T21:23:13+08:00" level=info msg="[GNB][AMF] List of AMF slices Supported by AMF -- sst:01 sd:010203"
time="2026-08-11T21:23:14+08:00" level=info msg="[GNB] NG Setup successful with N2 IP: 172.18.0.1:9487"
time="2026-08-11T21:23:15+08:00" level=info msg="[TESTER] TESTING REGISTRATION USING IMSI 0000017001 UE"
time="2026-08-11T21:23:15+08:00" level=info msg="[GNB] Received incoming connection from new UE"
time="2026-08-11T21:23:15+08:00" level=info msg="[UE] Initiating Registration"
time="2026-08-11T21:23:15+08:00" level=info msg="[UE] Switched from state 0 to state 1"
time="2026-08-11T21:23:15+08:00" level=info msg="[TESTER] TESTING REGISTRATION USING IMSI 0000017002 UE"
time="2026-08-11T21:23:15+08:00" level=info msg="[GNB] Received incoming connection from new UE"
time="2026-08-11T21:23:15+08:00" level=info msg="[UE] Initiating Registration"
time="2026-08-11T21:23:15+08:00" level=info msg="[UE] Switched from state 0 to state 1"
time="2026-08-11T21:23:15+08:00" level=info msg="[GNB][SCTP] Receive message in 0 stream\n"
time="2026-08-11T21:23:15+08:00" level=info msg="[GNB][NGAP] Receive Downlink NAS Transport"
time="2026-08-11T21:23:15+08:00" level=info msg="[UE][NAS] Message without security header"
time="2026-08-11T21:23:15+08:00" level=info msg="[UE][NAS] Receive Authentication Request"
time="2026-08-11T21:23:15+08:00" level=info msg="[UE][NAS][MAC] Authenticity of the authentication request message: OK"
time="2026-08-11T21:23:15+08:00" level=info msg="[UE][NAS][SQN] SQN of the authentication request message: VALID"
time="2026-08-11T21:23:15+08:00" level=info msg="[UE][NAS] Send authentication response"
time="2026-08-11T21:23:15+08:00" level=info msg="[UE] Switched from state 1 to state 2"
time="2026-08-11T21:23:15+08:00" level=info msg="[TESTER] TESTING REGISTRATION USING IMSI 0000017003 UE"
time="2026-08-11T21:23:15+08:00" level=info msg="[GNB] Received incoming connection from new UE"
time="2026-08-11T21:23:15+08:00" level=info msg="[UE] Initiating Registration"
time="2026-08-11T21:23:15+08:00" level=info msg="[UE] Switched from state 0 to state 1"
time="2026-08-11T21:23:15+08:00" level=info msg="[GNB][SCTP] Receive message in 0 stream\n"
time="2026-08-11T21:23:15+08:00" level=info msg="[GNB][NGAP] Receive Downlink NAS Transport"
time="2026-08-11T21:23:15+08:00" level=info msg="[UE][NAS] Message without security header"
time="2026-08-11T21:23:15+08:00" level=info msg="[UE][NAS] Receive Authentication Request"
time="2026-08-11T21:23:15+08:00" level=info msg="[UE][NAS][MAC] Authenticity of the authentication request message: OK"
time="2026-08-11T21:23:15+08:00" level=info msg="[UE][NAS][SQN] SQN of the authentication request message: VALID"
time="2026-08-11T21:23:15+08:00" level=info msg="[UE][NAS] Send authentication response"
time="2026-08-11T21:23:15+08:00" level=info msg="[UE] Switched from state 1 to state 2"
time="2026-08-11T21:23:15+08:00" level=info msg="[TESTER] TESTING REGISTRATION USING IMSI 0000017004 UE"
time="2026-08-11T21:23:15+08:00" level=info msg="[GNB] Received incoming connection from new UE"
time="2026-08-11T21:23:15+08:00" level=info msg="[UE] Initiating Registration"
time="2026-08-11T21:23:15+08:00" level=info msg="[UE] Switched from state 0 to state 1"
time="2026-08-11T21:23:15+08:00" level=info msg="[GNB][SCTP] Receive message in 0 stream\n"
time="2026-08-11T21:23:15+08:00" level=info msg="[GNB][NGAP] Receive Downlink NAS Transport"
time="2026-08-11T21:23:15+08:00" level=info msg="[UE][NAS] Message with security header"
time="2026-08-11T21:23:15+08:00" level=info msg="[UE][NAS] Message with integrity and with NEW 5G NAS SECURITY CONTEXT"
time="2026-08-11T21:23:15+08:00" level=info msg="[UE][NAS] successful NAS MAC verification"
time="2026-08-11T21:23:15+08:00" level=info msg="[UE][NAS] Receive Security Mode Command"
time="2026-08-11T21:23:15+08:00" level=info msg="[UE][NAS] Type of ciphering algorithm is 5G-EA0"
time="2026-08-11T21:23:15+08:00" level=info msg="[UE][NAS] Type of integrity protection algorithm is 128-5G-IA2"
time="2026-08-11T21:23:15+08:00" level=info msg="[TESTER] TESTING REGISTRATION USING IMSI 0000017005 UE"
time="2026-08-11T21:23:15+08:00" level=info msg="[GNB] Received incoming connection from new UE"
time="2026-08-11T21:23:15+08:00" level=info msg="[UE] Initiating Registration"
time="2026-08-11T21:23:15+08:00" level=info msg="[UE] Switched from state 0 to state 1"
time="2026-08-11T21:23:15+08:00" level=info msg="[TESTER] TESTING REGISTRATION USING IMSI 0000017006 UE"
time="2026-08-11T21:23:15+08:00" level=info msg="[GNB] Received incoming connection from new UE"
time="2026-08-11T21:23:15+08:00" level=info msg="[UE] Initiating Registration"
time="2026-08-11T21:23:15+08:00" level=info msg="[UE] Switched from state 0 to state 1"
time="2026-08-11T21:23:15+08:00" level=info msg="[TESTER] TESTING REGISTRATION USING IMSI 0000017007 UE"
time="2026-08-11T21:23:15+08:00" level=info msg="[GNB] Received incoming connection from new UE"
time="2026-08-11T21:23:15+08:00" level=info msg="[UE] Initiating Registration"
time="2026-08-11T21:23:15+08:00" level=info msg="[UE] Switched from state 0 to state 1"
time="2026-08-11T21:23:15+08:00" level=info msg="[TESTER] TESTING REGISTRATION USING IMSI 0000017008 UE"
time="2026-08-11T21:23:15+08:00" level=info msg="[GNB] Received incoming connection from new UE"
time="2026-08-11T21:23:15+08:00" level=info msg="[UE] Initiating Registration"
time="2026-08-11T21:23:15+08:00" level=info msg="[UE] Switched from state 0 to state 1"
time="2026-08-11T21:23:15+08:00" level=info msg="[TESTER] TESTING REGISTRATION USING IMSI 0000017009 UE"
time="2026-08-11T21:23:15+08:00" level=info msg="[GNB] Received incoming connection from new UE"
time="2026-08-11T21:23:15+08:00" level=info msg="[UE] Initiating Registration"
time="2026-08-11T21:23:15+08:00" level=info msg="[UE] Switched from state 0 to state 1"
time="2026-08-11T21:23:15+08:00" level=info msg="[GNB][SCTP] Receive message in 0 stream\n"
time="2026-08-11T21:23:15+08:00" level=info msg="[GNB][NGAP] Receive Downlink NAS Transport"
time="2026-08-11T21:23:15+08:00" level=info msg="[UE][NAS] Message without security header"
time="2026-08-11T21:23:15+08:00" level=info msg="[UE][NAS] Receive Authentication Request"
time="2026-08-11T21:23:15+08:00" level=info msg="[UE][NAS][MAC] Authenticity of the authentication request message: OK"
time="2026-08-11T21:23:15+08:00" level=info msg="[UE][NAS][SQN] SQN of the authentication request message: VALID"
time="2026-08-11T21:23:15+08:00" level=info msg="[UE][NAS] Send authentication response"
time="2026-08-11T21:23:15+08:00" level=info msg="[UE] Switched from state 1 to state 2"
time="2026-08-11T21:23:15+08:00" level=info msg="[GNB][SCTP] Receive message in 0 stream\n"
time="2026-08-11T21:23:15+08:00" level=info msg="[GNB][NGAP] Receive Downlink NAS Transport"
time="2026-08-11T21:23:15+08:00" level=info msg="[TESTER] TESTING REGISTRATION USING IMSI 0000017010 UE"
time="2026-08-11T21:23:15+08:00" level=info msg="[GNB] Received incoming connection from new UE"
time="2026-08-11T21:23:15+08:00" level=info msg="[UE][NAS] Message with security header"
time="2026-08-11T21:23:15+08:00" level=info msg="[UE][NAS] Message with integrity and with NEW 5G NAS SECURITY CONTEXT"
time="2026-08-11T21:23:15+08:00" level=info msg="[UE][NAS] successful NAS MAC verification"
time="2026-08-11T21:23:15+08:00" level=info msg="[UE][NAS] Receive Security Mode Command"
time="2026-08-11T21:23:15+08:00" level=info msg="[UE][NAS] Type of ciphering algorithm is 5G-EA0"
time="2026-08-11T21:23:15+08:00" level=info msg="[UE][NAS] Type of integrity protection algorithm is 128-5G-IA2"
time="2026-08-11T21:23:15+08:00" level=info msg="[UE] Initiating Registration"
time="2026-08-11T21:23:15+08:00" level=info msg="[UE] Switched from state 0 to state 1"
time="2026-08-11T21:23:15+08:00" level=info msg="[TESTER] TESTING REGISTRATION USING IMSI 0000017011 UE"
time="2026-08-11T21:23:15+08:00" level=info msg="[GNB] Received incoming connection from new UE"
time="2026-08-11T21:23:15+08:00" level=info msg="[UE] Initiating Registration"
time="2026-08-11T21:23:15+08:00" level=info msg="[UE] Switched from state 0 to state 1"
time="2026-08-11T21:23:15+08:00" level=info msg="[TESTER] TESTING REGISTRATION USING IMSI 0000017012 UE"
time="2026-08-11T21:23:15+08:00" level=info msg="[GNB] Received incoming connection from new UE"
time="2026-08-11T21:23:15+08:00" level=info msg="[UE] Initiating Registration"
time="2026-08-11T21:23:15+08:00" level=info msg="[UE] Switched from state 0 to state 1"
time="2026-08-11T21:23:15+08:00" level=info msg="[GNB][SCTP] Receive message in 0 stream\n"
time="2026-08-11T21:23:15+08:00" level=info msg="[GNB][NGAP] Receive Downlink NAS Transport"
time="2026-08-11T21:23:15+08:00" level=info msg="[UE][NAS] Message without security header"
time="2026-08-11T21:23:15+08:00" level=info msg="[UE][NAS] Receive Authentication Request"
time="2026-08-11T21:23:15+08:00" level=info msg="[UE][NAS][MAC] Authenticity of the authentication request message: OK"
time="2026-08-11T21:23:15+08:00" level=info msg="[UE][NAS][SQN] SQN of the authentication request message: VALID"
time="2026-08-11T21:23:15+08:00" level=info msg="[UE][NAS] Send authentication response"
time="2026-08-11T21:23:15+08:00" level=info msg="[UE] Switched from state 1 to state 2"
time="2026-08-11T21:23:15+08:00" level=info msg="[GNB][SCTP] Receive message in 0 stream\n"
time="2026-08-11T21:23:15+08:00" level=info msg="[GNB][NGAP] Receive Downlink NAS Transport"
time="2026-08-11T21:23:15+08:00" level=info msg="[UE][NAS] Message without security header"
time="2026-08-11T21:23:15+08:00" level=info msg="[UE][NAS] Receive Authentication Request"
time="2026-08-11T21:23:15+08:00" level=info msg="[UE][NAS][MAC] Authenticity of the authentication request message: OK"
time="2026-08-11T21:23:15+08:00" level=info msg="[UE][NAS][SQN] SQN of the authentication request message: VALID"
time="2026-08-11T21:23:15+08:00" level=info msg="[UE][NAS] Send authentication response"
time="2026-08-11T21:23:15+08:00" level=info msg="[UE] Switched from state 1 to state 2"
time="2026-08-11T21:23:15+08:00" level=info msg="[GNB][SCTP] Receive message in 0 stream\n"
time="2026-08-11T21:23:15+08:00" level=info msg="[GNB][NGAP] Receive Downlink NAS Transport"
time="2026-08-11T21:23:15+08:00" level=info msg="[UE][NAS] Message without security header"
time="2026-08-11T21:23:15+08:00" level=info msg="[UE][NAS] Receive Authentication Request"
time="2026-08-11T21:23:15+08:00" level=info msg="[UE][NAS][MAC] Authenticity of the authentication request message: OK"
time="2026-08-11T21:23:15+08:00" level=info msg="[UE][NAS][SQN] SQN of the authentication request message: VALID"
time="2026-08-11T21:23:15+08:00" level=info msg="[UE][NAS] Send authentication response"
time="2026-08-11T21:23:15+08:00" level=info msg="[UE] Switched from state 1 to state 2"
time="2026-08-11T21:23:15+08:00" level=info msg="[GNB][SCTP] Receive message in 0 stream\n"
time="2026-08-11T21:23:15+08:00" level=info msg="[GNB][NGAP] Receive Downlink NAS Transport"
time="2026-08-11T21:23:15+08:00" level=info msg="[GNB][SCTP] Receive message in 0 stream\n"
time="2026-08-11T21:23:15+08:00" level=info msg="[UE][NAS] Message without security header"
time="2026-08-11T21:23:15+08:00" level=info msg="[UE][NAS] Receive Authentication Request"
time="2026-08-11T21:23:15+08:00" level=info msg="[UE][NAS][MAC] Authenticity of the authentication request message: OK"
time="2026-08-11T21:23:15+08:00" level=info msg="[UE][NAS][SQN] SQN of the authentication request message: VALID"
time="2026-08-11T21:23:15+08:00" level=info msg="[UE][NAS] Send authentication response"
time="2026-08-11T21:23:15+08:00" level=info msg="[UE] Switched from state 1 to state 2"
time="2026-08-11T21:23:15+08:00" level=info msg="[GNB][NGAP] Receive Downlink NAS Transport"
time="2026-08-11T21:23:15+08:00" level=info msg="[UE][NAS] Message without security header"
time="2026-08-11T21:23:15+08:00" level=info msg="[UE][NAS] Receive Authentication Request"
time="2026-08-11T21:23:15+08:00" level=info msg="[UE][NAS][MAC] Authenticity of the authentication request message: OK"
time="2026-08-11T21:23:15+08:00" level=info msg="[UE][NAS][SQN] SQN of the authentication request message: VALID"
time="2026-08-11T21:23:15+08:00" level=info msg="[UE][NAS] Send authentication response"
time="2026-08-11T21:23:15+08:00" level=info msg="[UE] Switched from state 1 to state 2"
time="2026-08-11T21:23:15+08:00" level=info msg="[GNB][SCTP] Receive message in 0 stream\n"
time="2026-08-11T21:23:15+08:00" level=info msg="[GNB][NGAP] Receive Downlink NAS Transport"
time="2026-08-11T21:23:15+08:00" level=info msg="[UE][NAS] Message without security header"
time="2026-08-11T21:23:15+08:00" level=info msg="[UE][NAS] Receive Authentication Request"
time="2026-08-11T21:23:15+08:00" level=info msg="[UE][NAS][MAC] Authenticity of the authentication request message: OK"
time="2026-08-11T21:23:15+08:00" level=info msg="[UE][NAS][SQN] SQN of the authentication request message: VALID"
time="2026-08-11T21:23:15+08:00" level=info msg="[UE][NAS] Send authentication response"
time="2026-08-11T21:23:15+08:00" level=info msg="[UE] Switched from state 1 to state 2"
time="2026-08-11T21:23:15+08:00" level=info msg="[TESTER] TESTING REGISTRATION USING IMSI 0000017013 UE"
time="2026-08-11T21:23:15+08:00" level=info msg="[GNB] Received incoming connection from new UE"
time="2026-08-11T21:23:15+08:00" level=info msg="[UE] Initiating Registration"
time="2026-08-11T21:23:15+08:00" level=info msg="[UE] Switched from state 0 to state 1"
time="2026-08-11T21:23:15+08:00" level=info msg="[TESTER] TESTING REGISTRATION USING IMSI 0000017014 UE"
time="2026-08-11T21:23:15+08:00" level=info msg="[GNB] Received incoming connection from new UE"
time="2026-08-11T21:23:15+08:00" level=info msg="[UE] Initiating Registration"
time="2026-08-11T21:23:15+08:00" level=info msg="[UE] Switched from state 0 to state 1"
time="2026-08-11T21:23:15+08:00" level=info msg="[GNB][SCTP] Receive message in 0 stream\n"
time="2026-08-11T21:23:15+08:00" level=info msg="[GNB][SCTP] Receive message in 0 stream\n"
time="2026-08-11T21:23:15+08:00" level=info msg="[GNB][NGAP] Receive Downlink NAS Transport"
time="2026-08-11T21:23:15+08:00" level=info msg="[UE][NAS] Message with security header"
time="2026-08-11T21:23:15+08:00" level=info msg="[UE][NAS] Message with integrity and with NEW 5G NAS SECURITY CONTEXT"
time="2026-08-11T21:23:15+08:00" level=info msg="[UE][NAS] successful NAS MAC verification"
time="2026-08-11T21:23:15+08:00" level=info msg="[UE][NAS] Receive Security Mode Command"
time="2026-08-11T21:23:15+08:00" level=info msg="[UE][NAS] Type of ciphering algorithm is 5G-EA0"
time="2026-08-11T21:23:15+08:00" level=info msg="[UE][NAS] Type of integrity protection algorithm is 128-5G-IA2"
time="2026-08-11T21:23:15+08:00" level=info msg="[GNB][NGAP] Receive Downlink NAS Transport"
time="2026-08-11T21:23:15+08:00" level=info msg="[UE][NAS] Message with security header"
time="2026-08-11T21:23:15+08:00" level=info msg="[UE][NAS] Message with integrity and with NEW 5G NAS SECURITY CONTEXT"
time="2026-08-11T21:23:15+08:00" level=info msg="[UE][NAS] successful NAS MAC verification"
time="2026-08-11T21:23:15+08:00" level=info msg="[UE][NAS] Receive Security Mode Command"
time="2026-08-11T21:23:15+08:00" level=info msg="[UE][NAS] Type of ciphering algorithm is 5G-EA0"
time="2026-08-11T21:23:15+08:00" level=info msg="[UE][NAS] Type of integrity protection algorithm is 128-5G-IA2"
time="2026-08-11T21:23:15+08:00" level=info msg="[GNB][SCTP] Receive message in 0 stream\n"
time="2026-08-11T21:23:15+08:00" level=info msg="[GNB][NGAP] Receive Downlink NAS Transport"
time="2026-08-11T21:23:15+08:00" level=info msg="[UE][NAS] Message with security header"
time="2026-08-11T21:23:15+08:00" level=info msg="[UE][NAS] Message with integrity and with NEW 5G NAS SECURITY CONTEXT"
time="2026-08-11T21:23:15+08:00" level=info msg="[UE][NAS] successful NAS MAC verification"
time="2026-08-11T21:23:15+08:00" level=info msg="[UE][NAS] Receive Security Mode Command"
time="2026-08-11T21:23:15+08:00" level=info msg="[UE][NAS] Type of ciphering algorithm is 5G-EA0"
time="2026-08-11T21:23:15+08:00" level=info msg="[UE][NAS] Type of integrity protection algorithm is 128-5G-IA2"
time="2026-08-11T21:23:15+08:00" level=info msg="[GNB][SCTP] Receive message in 0 stream\n"
time="2026-08-11T21:23:15+08:00" level=info msg="[GNB][NGAP] Receive Downlink NAS Transport"
time="2026-08-11T21:23:15+08:00" level=info msg="[UE][NAS] Message with security header"
time="2026-08-11T21:23:15+08:00" level=info msg="[UE][NAS] Message with integrity and with NEW 5G NAS SECURITY CONTEXT"
time="2026-08-11T21:23:15+08:00" level=info msg="[UE][NAS] successful NAS MAC verification"
time="2026-08-11T21:23:15+08:00" level=info msg="[UE][NAS] Receive Security Mode Command"
time="2026-08-11T21:23:15+08:00" level=info msg="[UE][NAS] Type of ciphering algorithm is 5G-EA0"
time="2026-08-11T21:23:15+08:00" level=info msg="[UE][NAS] Type of integrity protection algorithm is 128-5G-IA2"
time="2026-08-11T21:23:15+08:00" level=info msg="[TESTER] TESTING REGISTRATION USING IMSI 0000017015 UE"
time="2026-08-11T21:23:15+08:00" level=info msg="[GNB] Received incoming connection from new UE"
time="2026-08-11T21:23:15+08:00" level=info msg="[UE] Initiating Registration"
time="2026-08-11T21:23:15+08:00" level=info msg="[UE] Switched from state 0 to state 1"
time="2026-08-11T21:23:15+08:00" level=info msg="[TESTER] TESTING REGISTRATION USING IMSI 0000017016 UE"
time="2026-08-11T21:23:15+08:00" level=info msg="[GNB] Received incoming connection from new UE"
time="2026-08-11T21:23:15+08:00" level=info msg="[UE] Initiating Registration"
time="2026-08-11T21:23:15+08:00" level=info msg="[UE] Switched from state 0 to state 1"
time="2026-08-11T21:23:15+08:00" level=info msg="[GNB][SCTP] Receive message in 0 stream\n"
time="2026-08-11T21:23:15+08:00" level=info msg="[TESTER] TESTING REGISTRATION USING IMSI 0000017017 UE"
time="2026-08-11T21:23:15+08:00" level=info msg="[GNB] Received incoming connection from new UE"
time="2026-08-11T21:23:15+08:00" level=info msg="[UE] Initiating Registration"
time="2026-08-11T21:23:15+08:00" level=info msg="[UE] Switched from state 0 to state 1"
time="2026-08-11T21:23:15+08:00" level=info msg="[GNB][NGAP] Receive Downlink NAS Transport"
time="2026-08-11T21:23:15+08:00" level=info msg="[UE][NAS] Message without security header"
time="2026-08-11T21:23:15+08:00" level=info msg="[UE][NAS] Receive Authentication Request"
time="2026-08-11T21:23:15+08:00" level=info msg="[UE][NAS][MAC] Authenticity of the authentication request message: OK"
time="2026-08-11T21:23:15+08:00" level=info msg="[UE][NAS][SQN] SQN of the authentication request message: VALID"
time="2026-08-11T21:23:15+08:00" level=info msg="[UE][NAS] Send authentication response"
time="2026-08-11T21:23:15+08:00" level=info msg="[UE] Switched from state 1 to state 2"
time="2026-08-11T21:23:15+08:00" level=info msg="[TESTER] TESTING REGISTRATION USING IMSI 0000017018 UE"
time="2026-08-11T21:23:15+08:00" level=info msg="[GNB] Received incoming connection from new UE"
time="2026-08-11T21:23:15+08:00" level=info msg="[UE] Initiating Registration"
time="2026-08-11T21:23:15+08:00" level=info msg="[UE] Switched from state 0 to state 1"
time="2026-08-11T21:23:15+08:00" level=info msg="[GNB][SCTP] Receive message in 0 stream\n"
time="2026-08-11T21:23:15+08:00" level=info msg="[GNB][NGAP] Receive Downlink NAS Transport"
time="2026-08-11T21:23:15+08:00" level=info msg="[UE][NAS] Message with security header"
time="2026-08-11T21:23:15+08:00" level=info msg="[UE][NAS] Message with integrity and with NEW 5G NAS SECURITY CONTEXT"
time="2026-08-11T21:23:15+08:00" level=info msg="[UE][NAS] successful NAS MAC verification"
time="2026-08-11T21:23:15+08:00" level=info msg="[UE][NAS] Receive Security Mode Command"
time="2026-08-11T21:23:15+08:00" level=info msg="[UE][NAS] Type of ciphering algorithm is 5G-EA0"
time="2026-08-11T21:23:15+08:00" level=info msg="[UE][NAS] Type of integrity protection algorithm is 128-5G-IA2"
time="2026-08-11T21:23:15+08:00" level=info msg="[GNB][SCTP] Receive message in 0 stream\n"
time="2026-08-11T21:23:15+08:00" level=info msg="[GNB][NGAP] Receive Downlink NAS Transport"
time="2026-08-11T21:23:15+08:00" level=info msg="[UE][NAS] Message without security header"
time="2026-08-11T21:23:15+08:00" level=info msg="[UE][NAS] Receive Authentication Request"
time="2026-08-11T21:23:15+08:00" level=info msg="[UE][NAS][MAC] Authenticity of the authentication request message: OK"
time="2026-08-11T21:23:15+08:00" level=info msg="[UE][NAS][SQN] SQN of the authentication request message: VALID"
time="2026-08-11T21:23:15+08:00" level=info msg="[UE][NAS] Send authentication response"
time="2026-08-11T21:23:15+08:00" level=info msg="[UE] Switched from state 1 to state 2"
time="2026-08-11T21:23:15+08:00" level=info msg="[TESTER] TESTING REGISTRATION USING IMSI 0000017019 UE"
time="2026-08-11T21:23:15+08:00" level=info msg="[GNB] Received incoming connection from new UE"
time="2026-08-11T21:23:15+08:00" level=info msg="[UE] Initiating Registration"
time="2026-08-11T21:23:15+08:00" level=info msg="[UE] Switched from state 0 to state 1"
time="2026-08-11T21:23:16+08:00" level=info msg="[TESTER] TESTING REGISTRATION USING IMSI 0000017020 UE"
time="2026-08-11T21:23:16+08:00" level=info msg="[GNB] Received incoming connection from new UE"
time="2026-08-11T21:23:16+08:00" level=info msg="[UE] Initiating Registration"
time="2026-08-11T21:23:16+08:00" level=info msg="[UE] Switched from state 0 to state 1"
time="2026-08-11T21:23:16+08:00" level=info msg="[GNB][SCTP] Receive message in 0 stream\n"
time="2026-08-11T21:23:16+08:00" level=info msg="[GNB][NGAP] Receive Initial Context Setup Request"
time="2026-08-11T21:23:16+08:00" level=info msg="[GNB][UE] UE Context was created with successful"
time="2026-08-11T21:23:16+08:00" level=info msg="[GNB][UE] UE RAN ID 2"
time="2026-08-11T21:23:16+08:00" level=info msg="[GNB][UE] UE AMF ID 1"
time="2026-08-11T21:23:16+08:00" level=info msg="[GNB][UE] UE Mobility Restrict --Plmn-- Mcc: 208 Mnc: 93"
time="2026-08-11T21:23:16+08:00" level=info msg="[GNB][UE] UE Masked Imeisv: 1110000000ffff00"
time="2026-08-11T21:23:16+08:00" level=info msg="[GNB][UE] Allowed Nssai-- Sst: [01 01] Sd: [010203 112233]"
time="2026-08-11T21:23:16+08:00" level=info msg="[GNB][NGAP][AMF] Send Initial Context Setup Response."
time="2026-08-11T21:23:16+08:00" level=info msg="[GNB] Initiating Initial Context Setup Response"
time="2026-08-11T21:23:16+08:00" level=info msg="[GNB][NGAP] No PDU Session to set up in InitialContextSetupResponse."
time="2026-08-11T21:23:16+08:00" level=info msg="[UE][NAS] Message with security header"
time="2026-08-11T21:23:16+08:00" level=info msg="[UE][NAS] Message with integrity and ciphered"
time="2026-08-11T21:23:16+08:00" level=info msg="[UE][NAS] successful NAS CIPHERING"
time="2026-08-11T21:23:16+08:00" level=info msg="[UE][NAS] successful NAS MAC verification"
time="2026-08-11T21:23:16+08:00" level=info msg="[UE][NAS] Receive Registration Accept"
time="2026-08-11T21:23:16+08:00" level=info msg="[UE][NAS] UE 5G GUTI: &{119 11 [242 2 248 57 202 254 0 0 0 2 86]}"
time="2026-08-11T21:23:16+08:00" level=info msg="[UE] Switched from state 2 to state 3"
time="2026-08-11T21:23:16+08:00" level=info msg="[GNB][SCTP] Receive message in 0 stream\n"
time="2026-08-11T21:23:16+08:00" level=info msg="[GNB][NGAP] Receive Initial Context Setup Request"
time="2026-08-11T21:23:16+08:00" level=info msg="[GNB][UE] UE Context was created with successful"
time="2026-08-11T21:23:16+08:00" level=info msg="[GNB][UE] UE RAN ID 1"
time="2026-08-11T21:23:16+08:00" level=info msg="[GNB][UE] UE AMF ID 0"
time="2026-08-11T21:23:16+08:00" level=info msg="[GNB][UE] UE Mobility Restrict --Plmn-- Mcc: 208 Mnc: 93"
time="2026-08-11T21:23:16+08:00" level=info msg="[GNB][UE] UE Masked Imeisv: 1110000000ffff00"
time="2026-08-11T21:23:16+08:00" level=info msg="[GNB][UE] Allowed Nssai-- Sst: [01 01] Sd: [010203 112233]"
time="2026-08-11T21:23:16+08:00" level=info msg="[GNB][NGAP][AMF] Send Initial Context Setup Response."
time="2026-08-11T21:23:16+08:00" level=info msg="[GNB] Initiating Initial Context Setup Response"
time="2026-08-11T21:23:16+08:00" level=info msg="[GNB][NGAP] No PDU Session to set up in InitialContextSetupResponse."
time="2026-08-11T21:23:16+08:00" level=info msg="[UE][NAS] Message with security header"
time="2026-08-11T21:23:16+08:00" level=info msg="[UE][NAS] Message with integrity and ciphered"
time="2026-08-11T21:23:16+08:00" level=info msg="[UE][NAS] successful NAS CIPHERING"
time="2026-08-11T21:23:16+08:00" level=info msg="[UE][NAS] successful NAS MAC verification"
time="2026-08-11T21:23:16+08:00" level=info msg="[UE][NAS] Receive Registration Accept"
time="2026-08-11T21:23:16+08:00" level=info msg="[UE][NAS] UE 5G GUTI: &{119 11 [242 2 248 57 202 254 0 0 0 2 85]}"
time="2026-08-11T21:23:16+08:00" level=info msg="[UE] Switched from state 2 to state 3"
time="2026-08-11T21:23:16+08:00" level=info msg="[TESTER] TESTING REGISTRATION USING IMSI 0000017021 UE"
time="2026-08-11T21:23:16+08:00" level=info msg="[GNB] Received incoming connection from new UE"
time="2026-08-11T21:23:16+08:00" level=info msg="[UE] Initiating Registration"
time="2026-08-11T21:23:16+08:00" level=info msg="[UE] Switched from state 0 to state 1"
time="2026-08-11T21:23:16+08:00" level=info msg="[TESTER] TESTING REGISTRATION USING IMSI 0000017022 UE"
time="2026-08-11T21:23:16+08:00" level=info msg="[GNB] Received incoming connection from new UE"
time="2026-08-11T21:23:16+08:00" level=info msg="[UE] Initiating Registration"
time="2026-08-11T21:23:16+08:00" level=info msg="[UE] Switched from state 0 to state 1"
time="2026-08-11T21:23:16+08:00" level=info msg="[GNB][SCTP] Receive message in 0 stream\n"
time="2026-08-11T21:23:16+08:00" level=info msg="[GNB][NGAP] Receive Downlink NAS Transport"
time="2026-08-11T21:23:16+08:00" level=info msg="[UE][NAS] Message without security header"
time="2026-08-11T21:23:16+08:00" level=info msg="[UE][NAS] Receive Authentication Request"
time="2026-08-11T21:23:16+08:00" level=info msg="[UE][NAS][MAC] Authenticity of the authentication request message: OK"
time="2026-08-11T21:23:16+08:00" level=info msg="[UE][NAS][SQN] SQN of the authentication request message: VALID"
time="2026-08-11T21:23:16+08:00" level=info msg="[UE][NAS] Send authentication response"
time="2026-08-11T21:23:16+08:00" level=info msg="[UE] Switched from state 1 to state 2"
time="2026-08-11T21:23:16+08:00" level=info msg="[TESTER] TESTING REGISTRATION USING IMSI 0000017023 UE"
time="2026-08-11T21:23:16+08:00" level=info msg="[GNB] Received incoming connection from new UE"
time="2026-08-11T21:23:16+08:00" level=info msg="[UE] Initiating Registration"
time="2026-08-11T21:23:16+08:00" level=info msg="[UE] Switched from state 0 to state 1"
time="2026-08-11T21:23:16+08:00" level=info msg="[TESTER] TESTING REGISTRATION USING IMSI 0000017024 UE"
time="2026-08-11T21:23:16+08:00" level=info msg="[GNB] Received incoming connection from new UE"
time="2026-08-11T21:23:16+08:00" level=info msg="[UE] Initiating Registration"
time="2026-08-11T21:23:16+08:00" level=info msg="[UE] Switched from state 0 to state 1"
time="2026-08-11T21:23:16+08:00" level=info msg="[TESTER] TESTING REGISTRATION USING IMSI 0000017025 UE"
time="2026-08-11T21:23:16+08:00" level=info msg="[GNB] Received incoming connection from new UE"
time="2026-08-11T21:23:16+08:00" level=info msg="[UE] Initiating Registration"
time="2026-08-11T21:23:16+08:00" level=info msg="[UE] Switched from state 0 to state 1"
time="2026-08-11T21:23:16+08:00" level=info msg="[GNB][SCTP] Receive message in 0 stream\n"
time="2026-08-11T21:23:16+08:00" level=info msg="[GNB][NGAP] Receive Downlink NAS Transport"
time="2026-08-11T21:23:16+08:00" level=info msg="[UE][NAS] Message without security header"
time="2026-08-11T21:23:16+08:00" level=info msg="[UE][NAS] Receive Authentication Request"
time="2026-08-11T21:23:16+08:00" level=info msg="[UE][NAS][MAC] Authenticity of the authentication request message: OK"
time="2026-08-11T21:23:16+08:00" level=info msg="[UE][NAS][SQN] SQN of the authentication request message: VALID"
time="2026-08-11T21:23:16+08:00" level=info msg="[UE][NAS] Send authentication response"
time="2026-08-11T21:23:16+08:00" level=info msg="[UE] Switched from state 1 to state 2"
time="2026-08-11T21:23:16+08:00" level=info msg="[TESTER] TESTING REGISTRATION USING IMSI 0000017026 UE"
time="2026-08-11T21:23:16+08:00" level=info msg="[GNB] Received incoming connection from new UE"
time="2026-08-11T21:23:16+08:00" level=info msg="[UE] Initiating Registration"
time="2026-08-11T21:23:16+08:00" level=info msg="[GNB][SCTP] Receive message in 0 stream\n"
time="2026-08-11T21:23:16+08:00" level=info msg="[UE] Switched from state 0 to state 1"
time="2026-08-11T21:23:16+08:00" level=info msg="[GNB][NGAP] Receive Downlink NAS Transport"
time="2026-08-11T21:23:16+08:00" level=info msg="[UE][NAS] Message without security header"
time="2026-08-11T21:23:16+08:00" level=info msg="[UE][NAS] Receive Authentication Request"
time="2026-08-11T21:23:16+08:00" level=info msg="[UE][NAS][MAC] Authenticity of the authentication request message: OK"
time="2026-08-11T21:23:16+08:00" level=info msg="[UE][NAS][SQN] SQN of the authentication request message: VALID"
time="2026-08-11T21:23:16+08:00" level=info msg="[UE][NAS] Send authentication response"
time="2026-08-11T21:23:16+08:00" level=info msg="[UE] Switched from state 1 to state 2"
time="2026-08-11T21:23:16+08:00" level=info msg="[GNB][SCTP] Receive message in 0 stream\n"
time="2026-08-11T21:23:16+08:00" level=info msg="[GNB][NGAP] Receive Downlink NAS Transport"
time="2026-08-11T21:23:16+08:00" level=info msg="[UE][NAS] Message with security header"
time="2026-08-11T21:23:16+08:00" level=info msg="[UE][NAS] Message with integrity and with NEW 5G NAS SECURITY CONTEXT"
time="2026-08-11T21:23:16+08:00" level=info msg="[UE][NAS] successful NAS MAC verification"
time="2026-08-11T21:23:16+08:00" level=info msg="[UE][NAS] Receive Security Mode Command"
time="2026-08-11T21:23:16+08:00" level=info msg="[UE][NAS] Type of ciphering algorithm is 5G-EA0"
time="2026-08-11T21:23:16+08:00" level=info msg="[UE][NAS] Type of integrity protection algorithm is 128-5G-IA2"
time="2026-08-11T21:23:16+08:00" level=info msg="[TESTER] TESTING REGISTRATION USING IMSI 0000017027 UE"
time="2026-08-11T21:23:16+08:00" level=info msg="[GNB] Received incoming connection from new UE"
time="2026-08-11T21:23:16+08:00" level=info msg="[UE] Initiating Registration"
time="2026-08-11T21:23:16+08:00" level=info msg="[UE] Switched from state 0 to state 1"
time="2026-08-11T21:23:16+08:00" level=info msg="[TESTER] TESTING REGISTRATION USING IMSI 0000017028 UE"
time="2026-08-11T21:23:16+08:00" level=info msg="[GNB] Received incoming connection from new UE"
time="2026-08-11T21:23:16+08:00" level=info msg="[UE] Initiating Registration"
time="2026-08-11T21:23:16+08:00" level=info msg="[UE] Switched from state 0 to state 1"
time="2026-08-11T21:23:16+08:00" level=info msg="[TESTER] TESTING REGISTRATION USING IMSI 0000017029 UE"
time="2026-08-11T21:23:16+08:00" level=info msg="[GNB] Received incoming connection from new UE"
time="2026-08-11T21:23:16+08:00" level=info msg="[UE] Initiating Registration"
time="2026-08-11T21:23:16+08:00" level=info msg="[UE] Switched from state 0 to state 1"
time="2026-08-11T21:23:16+08:00" level=info msg="[GNB][SCTP] Receive message in 0 stream\n"
time="2026-08-11T21:23:16+08:00" level=info msg="[GNB][NGAP] Receive Initial Context Setup Request"
time="2026-08-11T21:23:16+08:00" level=info msg="[GNB][UE] UE Context was created with successful"
time="2026-08-11T21:23:16+08:00" level=info msg="[GNB][UE] UE RAN ID 6"
time="2026-08-11T21:23:16+08:00" level=info msg="[GNB][UE] UE AMF ID 5"
time="2026-08-11T21:23:16+08:00" level=info msg="[GNB][UE] UE Mobility Restrict --Plmn-- Mcc: 208 Mnc: 93"
time="2026-08-11T21:23:16+08:00" level=info msg="[GNB][UE] UE Masked Imeisv: 1110000000ffff00"
time="2026-08-11T21:23:16+08:00" level=info msg="[GNB][UE] Allowed Nssai-- Sst: [01 01] Sd: [010203 112233]"
time="2026-08-11T21:23:16+08:00" level=info msg="[GNB][NGAP][AMF] Send Initial Context Setup Response."
time="2026-08-11T21:23:16+08:00" level=info msg="[GNB] Initiating Initial Context Setup Response"
time="2026-08-11T21:23:16+08:00" level=info msg="[GNB][NGAP] No PDU Session to set up in InitialContextSetupResponse."
time="2026-08-11T21:23:16+08:00" level=info msg="[UE][NAS] Message with security header"
time="2026-08-11T21:23:16+08:00" level=info msg="[UE][NAS] Message with integrity and ciphered"
time="2026-08-11T21:23:16+08:00" level=info msg="[UE][NAS] successful NAS CIPHERING"
time="2026-08-11T21:23:16+08:00" level=info msg="[UE][NAS] successful NAS MAC verification"
time="2026-08-11T21:23:16+08:00" level=info msg="[UE][NAS] Receive Registration Accept"
time="2026-08-11T21:23:16+08:00" level=info msg="[UE][NAS] UE 5G GUTI: &{119 11 [242 2 248 57 202 254 0 0 0 2 89]}"
time="2026-08-11T21:23:16+08:00" level=info msg="[UE] Switched from state 2 to state 3"
time="2026-08-11T21:23:16+08:00" level=info msg="[TESTER] TESTING REGISTRATION USING IMSI 0000017030 UE"
time="2026-08-11T21:23:16+08:00" level=info msg="[GNB] Received incoming connection from new UE"
time="2026-08-11T21:23:16+08:00" level=info msg="[UE] Initiating Registration"
time="2026-08-11T21:23:16+08:00" level=info msg="[UE] Switched from state 0 to state 1"
time="2026-08-11T21:23:16+08:00" level=info msg="[TESTER] TESTING REGISTRATION USING IMSI 0000017031 UE"
time="2026-08-11T21:23:16+08:00" level=info msg="[GNB] Received incoming connection from new UE"
time="2026-08-11T21:23:16+08:00" level=info msg="[UE] Initiating Registration"
time="2026-08-11T21:23:16+08:00" level=info msg="[UE] Switched from state 0 to state 1"
time="2026-08-11T21:23:16+08:00" level=info msg="[GNB][SCTP] Receive message in 0 stream\n"
time="2026-08-11T21:23:16+08:00" level=info msg="[GNB][SCTP] Receive message in 0 stream\n"
time="2026-08-11T21:23:16+08:00" level=info msg="[GNB][NGAP] Receive Downlink NAS Transport"
time="2026-08-11T21:23:16+08:00" level=info msg="[UE][NAS] Message without security header"
time="2026-08-11T21:23:16+08:00" level=info msg="[UE][NAS] Receive Authentication Request"
time="2026-08-11T21:23:16+08:00" level=info msg="[UE][NAS][MAC] Authenticity of the authentication request message: OK"
time="2026-08-11T21:23:16+08:00" level=info msg="[UE][NAS][SQN] SQN of the authentication request message: VALID"
time="2026-08-11T21:23:16+08:00" level=info msg="[UE][NAS] Send authentication response"
time="2026-08-11T21:23:16+08:00" level=info msg="[GNB][NGAP] Receive Downlink NAS Transport"
time="2026-08-11T21:23:16+08:00" level=info msg="[UE][NAS] Message with security header"
time="2026-08-11T21:23:16+08:00" level=info msg="[UE][NAS] Message with integrity and with NEW 5G NAS SECURITY CONTEXT"
time="2026-08-11T21:23:16+08:00" level=info msg="[UE][NAS] successful NAS MAC verification"
time="2026-08-11T21:23:16+08:00" level=info msg="[UE][NAS] Receive Security Mode Command"
time="2026-08-11T21:23:16+08:00" level=info msg="[UE][NAS] Type of ciphering algorithm is 5G-EA0"
time="2026-08-11T21:23:16+08:00" level=info msg="[UE][NAS] Type of integrity protection algorithm is 128-5G-IA2"
time="2026-08-11T21:23:16+08:00" level=info msg="[UE] Switched from state 1 to state 2"
time="2026-08-11T21:23:16+08:00" level=info msg="[TESTER] TESTING REGISTRATION USING IMSI 0000017032 UE"
time="2026-08-11T21:23:16+08:00" level=info msg="[GNB] Received incoming connection from new UE"
time="2026-08-11T21:23:16+08:00" level=info msg="[UE] Initiating Registration"
time="2026-08-11T21:23:16+08:00" level=info msg="[UE] Switched from state 0 to state 1"
time="2026-08-11T21:23:16+08:00" level=info msg="[GNB][SCTP] Receive message in 0 stream\n"
time="2026-08-11T21:23:16+08:00" level=info msg="[GNB][NGAP] Receive Downlink NAS Transport"
time="2026-08-11T21:23:16+08:00" level=info msg="[UE][NAS] Message with security header"
time="2026-08-11T21:23:16+08:00" level=info msg="[UE][NAS] Message with integrity and ciphered"
time="2026-08-11T21:23:16+08:00" level=info msg="[UE][NAS] successful NAS CIPHERING"
time="2026-08-11T21:23:16+08:00" level=info msg="[UE][NAS] successful NAS MAC verification"
time="2026-08-11T21:23:16+08:00" level=info msg="[UE][NAS] Receive Configuration Update Command"
time="2026-08-11T21:23:16+08:00" level=info msg="[UE] Initiating Configuration Update Complete"
time="2026-08-11T21:23:16+08:00" level=info msg="[TESTER] TESTING REGISTRATION USING IMSI 0000017033 UE"
time="2026-08-11T21:23:16+08:00" level=info msg="[GNB] Received incoming connection from new UE"
time="2026-08-11T21:23:16+08:00" level=info msg="[UE] Initiating Registration"
time="2026-08-11T21:23:16+08:00" level=info msg="[UE] Switched from state 0 to state 1"
time="2026-08-11T21:23:16+08:00" level=info msg="[TESTER] TESTING REGISTRATION USING IMSI 0000017034 UE"
time="2026-08-11T21:23:16+08:00" level=info msg="[GNB] Received incoming connection from new UE"
time="2026-08-11T21:23:16+08:00" level=info msg="[UE] Initiating Registration"
time="2026-08-11T21:23:16+08:00" level=info msg="[UE] Switched from state 0 to state 1"
time="2026-08-11T21:23:16+08:00" level=info msg="[TESTER] TESTING REGISTRATION USING IMSI 0000017035 UE"
time="2026-08-11T21:23:16+08:00" level=info msg="[GNB] Received incoming connection from new UE"
time="2026-08-11T21:23:16+08:00" level=info msg="[UE] Initiating Registration"
time="2026-08-11T21:23:16+08:00" level=info msg="[UE] Switched from state 0 to state 1"
time="2026-08-11T21:23:16+08:00" level=info msg="[GNB][SCTP] Receive message in 0 stream\n"
time="2026-08-11T21:23:16+08:00" level=info msg="[GNB][NGAP] Receive Downlink NAS Transport"
time="2026-08-11T21:23:16+08:00" level=info msg="[UE][NAS] Message without security header"
time="2026-08-11T21:23:16+08:00" level=info msg="[UE][NAS] Receive Authentication Request"
time="2026-08-11T21:23:16+08:00" level=info msg="[UE][NAS][MAC] Authenticity of the authentication request message: OK"
time="2026-08-11T21:23:16+08:00" level=info msg="[UE][NAS][SQN] SQN of the authentication request message: VALID"
time="2026-08-11T21:23:16+08:00" level=info msg="[UE][NAS] Send authentication response"
time="2026-08-11T21:23:16+08:00" level=info msg="[UE] Switched from state 1 to state 2"
time="2026-08-11T21:23:16+08:00" level=info msg="[TESTER] TESTING REGISTRATION USING IMSI 0000017036 UE"
time="2026-08-11T21:23:16+08:00" level=info msg="[GNB] Received incoming connection from new UE"
time="2026-08-11T21:23:16+08:00" level=info msg="[UE] Initiating Registration"
time="2026-08-11T21:23:16+08:00" level=info msg="[UE] Switched from state 0 to state 1"
time="2026-08-11T21:23:16+08:00" level=info msg="[TESTER] TESTING REGISTRATION USING IMSI 0000017037 UE"
time="2026-08-11T21:23:16+08:00" level=info msg="[GNB] Received incoming connection from new UE"
time="2026-08-11T21:23:16+08:00" level=info msg="[UE] Initiating Registration"
time="2026-08-11T21:23:16+08:00" level=info msg="[UE] Switched from state 0 to state 1"
time="2026-08-11T21:23:16+08:00" level=info msg="[GNB][SCTP] Receive message in 0 stream\n"
time="2026-08-11T21:23:16+08:00" level=info msg="[GNB][NGAP] Receive Downlink NAS Transport"
time="2026-08-11T21:23:16+08:00" level=info msg="[UE][NAS] Message without security header"
time="2026-08-11T21:23:16+08:00" level=info msg="[UE][NAS] Receive Authentication Request"
time="2026-08-11T21:23:16+08:00" level=info msg="[UE][NAS][MAC] Authenticity of the authentication request message: OK"
time="2026-08-11T21:23:16+08:00" level=info msg="[UE][NAS][SQN] SQN of the authentication request message: VALID"
time="2026-08-11T21:23:16+08:00" level=info msg="[UE][NAS] Send authentication response"
time="2026-08-11T21:23:16+08:00" level=info msg="[UE] Switched from state 1 to state 2"
time="2026-08-11T21:23:16+08:00" level=info msg="[TESTER] TESTING REGISTRATION USING IMSI 0000017038 UE"
time="2026-08-11T21:23:16+08:00" level=info msg="[GNB] Received incoming connection from new UE"
time="2026-08-11T21:23:16+08:00" level=info msg="[UE] Initiating Registration"
time="2026-08-11T21:23:16+08:00" level=info msg="[UE] Switched from state 0 to state 1"
time="2026-08-11T21:23:16+08:00" level=info msg="[GNB][SCTP] Receive message in 0 stream\n"
time="2026-08-11T21:23:16+08:00" level=info msg="[GNB][NGAP] Receive Downlink NAS Transport"
time="2026-08-11T21:23:16+08:00" level=info msg="[UE][NAS] Message with security header"
time="2026-08-11T21:23:16+08:00" level=info msg="[UE][NAS] Message with integrity and with NEW 5G NAS SECURITY CONTEXT"
time="2026-08-11T21:23:16+08:00" level=info msg="[UE][NAS] successful NAS MAC verification"
time="2026-08-11T21:23:16+08:00" level=info msg="[UE][NAS] Receive Security Mode Command"
time="2026-08-11T21:23:16+08:00" level=info msg="[UE][NAS] Type of ciphering algorithm is 5G-EA0"
time="2026-08-11T21:23:16+08:00" level=info msg="[UE][NAS] Type of integrity protection algorithm is 128-5G-IA2"
time="2026-08-11T21:23:16+08:00" level=info msg="[GNB][SCTP] Receive message in 0 stream\n"
time="2026-08-11T21:23:16+08:00" level=info msg="[GNB][NGAP] Receive Downlink NAS Transport"
time="2026-08-11T21:23:16+08:00" level=info msg="[UE][NAS] Message without security header"
time="2026-08-11T21:23:16+08:00" level=info msg="[UE][NAS] Receive Authentication Request"
time="2026-08-11T21:23:16+08:00" level=info msg="[GNB][SCTP] Receive message in 0 stream\n"
time="2026-08-11T21:23:16+08:00" level=info msg="[UE][NAS][MAC] Authenticity of the authentication request message: OK"
time="2026-08-11T21:23:16+08:00" level=info msg="[UE][NAS][SQN] SQN of the authentication request message: VALID"
time="2026-08-11T21:23:16+08:00" level=info msg="[UE][NAS] Send authentication response"
time="2026-08-11T21:23:16+08:00" level=info msg="[UE] Switched from state 1 to state 2"
time="2026-08-11T21:23:16+08:00" level=info msg="[GNB][NGAP] Receive Downlink NAS Transport"
time="2026-08-11T21:23:16+08:00" level=info msg="[UE][NAS] Message with security header"
time="2026-08-11T21:23:16+08:00" level=info msg="[UE][NAS] Message with integrity and ciphered"
time="2026-08-11T21:23:16+08:00" level=info msg="[UE][NAS] successful NAS CIPHERING"
time="2026-08-11T21:23:16+08:00" level=info msg="[UE][NAS] successful NAS MAC verification"
time="2026-08-11T21:23:16+08:00" level=info msg="[UE][NAS] Receive Configuration Update Command"
time="2026-08-11T21:23:16+08:00" level=info msg="[UE] Initiating Configuration Update Complete"
time="2026-08-11T21:23:16+08:00" level=info msg="[TESTER] TESTING REGISTRATION USING IMSI 0000017039 UE"
time="2026-08-11T21:23:16+08:00" level=info msg="[GNB] Received incoming connection from new UE"
time="2026-08-11T21:23:17+08:00" level=info msg="[UE] Initiating Registration"
time="2026-08-11T21:23:17+08:00" level=info msg="[UE] Switched from state 0 to state 1"
time="2026-08-11T21:23:17+08:00" level=info msg="[TESTER] TESTING REGISTRATION USING IMSI 0000017040 UE"
time="2026-08-11T21:23:17+08:00" level=info msg="[GNB] Received incoming connection from new UE"
time="2026-08-11T21:23:17+08:00" level=info msg="[UE] Initiating Registration"
time="2026-08-11T21:23:17+08:00" level=info msg="[UE] Switched from state 0 to state 1"
time="2026-08-11T21:23:17+08:00" level=info msg="[TESTER] TESTING REGISTRATION USING IMSI 0000017041 UE"
time="2026-08-11T21:23:17+08:00" level=info msg="[GNB] Received incoming connection from new UE"
time="2026-08-11T21:23:17+08:00" level=info msg="[UE] Initiating Registration"
time="2026-08-11T21:23:17+08:00" level=info msg="[UE] Switched from state 0 to state 1"
time="2026-08-11T21:23:17+08:00" level=info msg="[TESTER] TESTING REGISTRATION USING IMSI 0000017042 UE"
time="2026-08-11T21:23:17+08:00" level=info msg="[GNB] Received incoming connection from new UE"
time="2026-08-11T21:23:17+08:00" level=info msg="[UE] Initiating Registration"
time="2026-08-11T21:23:17+08:00" level=info msg="[UE] Switched from state 0 to state 1"
time="2026-08-11T21:23:17+08:00" level=info msg="[GNB][SCTP] Receive message in 0 stream\n"
time="2026-08-11T21:23:17+08:00" level=info msg="[GNB][NGAP] Receive Initial Context Setup Request"
time="2026-08-11T21:23:17+08:00" level=info msg="[GNB][UE] UE Context was created with successful"
time="2026-08-11T21:23:17+08:00" level=info msg="[GNB][UE] UE RAN ID 5"
time="2026-08-11T21:23:17+08:00" level=info msg="[GNB][UE] UE AMF ID 4"
time="2026-08-11T21:23:17+08:00" level=info msg="[GNB][UE] UE Mobility Restrict --Plmn-- Mcc: 208 Mnc: 93"
time="2026-08-11T21:23:17+08:00" level=info msg="[GNB][UE] UE Masked Imeisv: 1110000000ffff00"
time="2026-08-11T21:23:17+08:00" level=info msg="[GNB][UE] Allowed Nssai-- Sst: [01 01] Sd: [010203 112233]"
time="2026-08-11T21:23:17+08:00" level=info msg="[GNB][NGAP][AMF] Send Initial Context Setup Response."
time="2026-08-11T21:23:17+08:00" level=info msg="[GNB] Initiating Initial Context Setup Response"
time="2026-08-11T21:23:17+08:00" level=info msg="[GNB][NGAP] No PDU Session to set up in InitialContextSetupResponse."
time="2026-08-11T21:23:17+08:00" level=info msg="[UE][NAS] Message with security header"
time="2026-08-11T21:23:17+08:00" level=info msg="[UE][NAS] Message with integrity and ciphered"
time="2026-08-11T21:23:17+08:00" level=info msg="[UE][NAS] successful NAS CIPHERING"
time="2026-08-11T21:23:17+08:00" level=info msg="[UE][NAS] successful NAS MAC verification"
time="2026-08-11T21:23:17+08:00" level=info msg="[UE][NAS] Receive Registration Accept"
time="2026-08-11T21:23:17+08:00" level=info msg="[UE][NAS] UE 5G GUTI: &{119 11 [242 2 248 57 202 254 0 0 0 2 92]}"
time="2026-08-11T21:23:17+08:00" level=info msg="[UE] Switched from state 2 to state 3"
time="2026-08-11T21:23:17+08:00" level=info msg="[GNB][SCTP] Receive message in 0 stream\n"
time="2026-08-11T21:23:17+08:00" level=info msg="[GNB][NGAP] Receive Initial Context Setup Request"
time="2026-08-11T21:23:17+08:00" level=info msg="[GNB][UE] UE Context was created with successful"
time="2026-08-11T21:23:17+08:00" level=info msg="[GNB][UE] UE RAN ID 7"
time="2026-08-11T21:23:17+08:00" level=info msg="[GNB][UE] UE AMF ID 6"
time="2026-08-11T21:23:17+08:00" level=info msg="[GNB][UE] UE Mobility Restrict --Plmn-- Mcc: 208 Mnc: 93"
time="2026-08-11T21:23:17+08:00" level=info msg="[GNB][UE] UE Masked Imeisv: 1110000000ffff00"
time="2026-08-11T21:23:17+08:00" level=info msg="[GNB][UE] Allowed Nssai-- Sst: [01 01] Sd: [010203 112233]"
time="2026-08-11T21:23:17+08:00" level=info msg="[TESTER] TESTING REGISTRATION USING IMSI 0000017043 UE"
time="2026-08-11T21:23:17+08:00" level=info msg="[GNB] Received incoming connection from new UE"
time="2026-08-11T21:23:17+08:00" level=info msg="[UE] Initiating Registration"
time="2026-08-11T21:23:17+08:00" level=info msg="[UE] Switched from state 0 to state 1"
time="2026-08-11T21:23:17+08:00" level=info msg="[GNB][NGAP][AMF] Send Initial Context Setup Response."
time="2026-08-11T21:23:17+08:00" level=info msg="[GNB] Initiating Initial Context Setup Response"
time="2026-08-11T21:23:17+08:00" level=info msg="[GNB][NGAP] No PDU Session to set up in InitialContextSetupResponse."
time="2026-08-11T21:23:17+08:00" level=info msg="[UE][NAS] Message with security header"
time="2026-08-11T21:23:17+08:00" level=info msg="[UE][NAS] Message with integrity and ciphered"
time="2026-08-11T21:23:17+08:00" level=info msg="[UE][NAS] successful NAS CIPHERING"
time="2026-08-11T21:23:17+08:00" level=info msg="[UE][NAS] successful NAS MAC verification"
time="2026-08-11T21:23:17+08:00" level=info msg="[UE][NAS] Receive Registration Accept"
time="2026-08-11T21:23:17+08:00" level=info msg="[UE][NAS] UE 5G GUTI: &{119 11 [242 2 248 57 202 254 0 0 0 2 90]}"
time="2026-08-11T21:23:17+08:00" level=info msg="[UE] Switched from state 2 to state 3"
time="2026-08-11T21:23:17+08:00" level=info msg="[TESTER] TESTING REGISTRATION USING IMSI 0000017044 UE"
time="2026-08-11T21:23:17+08:00" level=info msg="[GNB] Received incoming connection from new UE"
time="2026-08-11T21:23:17+08:00" level=info msg="[UE] Initiating Registration"
time="2026-08-11T21:23:17+08:00" level=info msg="[UE] Switched from state 0 to state 1"
time="2026-08-11T21:23:17+08:00" level=info msg="[TESTER] TESTING REGISTRATION USING IMSI 0000017045 UE"
time="2026-08-11T21:23:17+08:00" level=info msg="[GNB] Received incoming connection from new UE"
time="2026-08-11T21:23:17+08:00" level=info msg="[UE] Initiating Registration"
time="2026-08-11T21:23:17+08:00" level=info msg="[UE] Switched from state 0 to state 1"
time="2026-08-11T21:23:17+08:00" level=info msg="[GNB][SCTP] Receive message in 0 stream\n"
time="2026-08-11T21:23:17+08:00" level=info msg="[GNB][NGAP] Receive Downlink NAS Transport"
time="2026-08-11T21:23:17+08:00" level=info msg="[UE][NAS] Message without security header"
time="2026-08-11T21:23:17+08:00" level=info msg="[UE][NAS] Receive Authentication Request"
time="2026-08-11T21:23:17+08:00" level=info msg="[UE][NAS][MAC] Authenticity of the authentication request message: OK"
time="2026-08-11T21:23:17+08:00" level=info msg="[UE][NAS][SQN] SQN of the authentication request message: VALID"
time="2026-08-11T21:23:17+08:00" level=info msg="[UE][NAS] Send authentication response"
time="2026-08-11T21:23:17+08:00" level=info msg="[UE] Switched from state 1 to state 2"
time="2026-08-11T21:23:17+08:00" level=info msg="[TESTER] TESTING REGISTRATION USING IMSI 0000017046 UE"
time="2026-08-11T21:23:17+08:00" level=info msg="[GNB] Received incoming connection from new UE"
time="2026-08-11T21:23:17+08:00" level=info msg="[UE] Initiating Registration"
time="2026-08-11T21:23:17+08:00" level=info msg="[UE] Switched from state 0 to state 1"
time="2026-08-11T21:23:17+08:00" level=info msg="[GNB][SCTP] Receive message in 0 stream\n"
time="2026-08-11T21:23:17+08:00" level=info msg="[GNB][NGAP] Receive Initial Context Setup Request"
time="2026-08-11T21:23:17+08:00" level=info msg="[GNB][UE] UE Context was created with successful"
time="2026-08-11T21:23:17+08:00" level=info msg="[GNB][UE] UE RAN ID 13"
time="2026-08-11T21:23:17+08:00" level=info msg="[GNB][UE] UE AMF ID 12"
time="2026-08-11T21:23:17+08:00" level=info msg="[GNB][UE] UE Mobility Restrict --Plmn-- Mcc: 208 Mnc: 93"
time="2026-08-11T21:23:17+08:00" level=info msg="[GNB][UE] UE Masked Imeisv: 1110000000ffff00"
time="2026-08-11T21:23:17+08:00" level=info msg="[GNB][UE] Allowed Nssai-- Sst: [01 01] Sd: [010203 112233]"
time="2026-08-11T21:23:17+08:00" level=info msg="[GNB][NGAP][AMF] Send Initial Context Setup Response."
time="2026-08-11T21:23:17+08:00" level=info msg="[GNB] Initiating Initial Context Setup Response"
time="2026-08-11T21:23:17+08:00" level=info msg="[GNB][NGAP] No PDU Session to set up in InitialContextSetupResponse."
time="2026-08-11T21:23:17+08:00" level=info msg="[UE][NAS] Message with security header"
time="2026-08-11T21:23:17+08:00" level=info msg="[UE][NAS] Message with integrity and ciphered"
time="2026-08-11T21:23:17+08:00" level=info msg="[UE][NAS] successful NAS CIPHERING"
time="2026-08-11T21:23:17+08:00" level=info msg="[UE][NAS] successful NAS MAC verification"
time="2026-08-11T21:23:17+08:00" level=info msg="[UE][NAS] Receive Registration Accept"
time="2026-08-11T21:23:17+08:00" level=info msg="[UE][NAS] UE 5G GUTI: &{119 11 [242 2 248 57 202 254 0 0 0 2 95]}"
time="2026-08-11T21:23:17+08:00" level=info msg="[UE] Switched from state 2 to state 3"
time="2026-08-11T21:23:17+08:00" level=info msg="[GNB][SCTP] Receive message in 0 stream\n"
time="2026-08-11T21:23:17+08:00" level=info msg="[GNB][NGAP] Receive Initial Context Setup Request"
time="2026-08-11T21:23:17+08:00" level=info msg="[GNB][UE] UE Context was created with successful"
time="2026-08-11T21:23:17+08:00" level=info msg="[GNB][UE] UE RAN ID 3"
time="2026-08-11T21:23:17+08:00" level=info msg="[GNB][UE] UE AMF ID 2"
time="2026-08-11T21:23:17+08:00" level=info msg="[GNB][UE] UE Mobility Restrict --Plmn-- Mcc: 208 Mnc: 93"
time="2026-08-11T21:23:17+08:00" level=info msg="[GNB][UE] UE Masked Imeisv: 1110000000ffff00"
time="2026-08-11T21:23:17+08:00" level=info msg="[GNB][UE] Allowed Nssai-- Sst: [01 01] Sd: [010203 112233]"
time="2026-08-11T21:23:17+08:00" level=info msg="[GNB][NGAP][AMF] Send Initial Context Setup Response."
time="2026-08-11T21:23:17+08:00" level=info msg="[GNB] Initiating Initial Context Setup Response"
time="2026-08-11T21:23:17+08:00" level=info msg="[GNB][NGAP] No PDU Session to set up in InitialContextSetupResponse."
time="2026-08-11T21:23:17+08:00" level=info msg="[UE][NAS] Message with security header"
time="2026-08-11T21:23:17+08:00" level=info msg="[UE][NAS] Message with integrity and ciphered"
time="2026-08-11T21:23:17+08:00" level=info msg="[UE][NAS] successful NAS CIPHERING"
time="2026-08-11T21:23:17+08:00" level=info msg="[UE][NAS] successful NAS MAC verification"
time="2026-08-11T21:23:17+08:00" level=info msg="[UE][NAS] Receive Registration Accept"
time="2026-08-11T21:23:17+08:00" level=info msg="[UE][NAS] UE 5G GUTI: &{119 11 [242 2 248 57 202 254 0 0 0 2 87]}"
time="2026-08-11T21:23:17+08:00" level=info msg="[UE] Switched from state 2 to state 3"
time="2026-08-11T21:23:17+08:00" level=info msg="[TESTER] TESTING REGISTRATION USING IMSI 0000017047 UE"
time="2026-08-11T21:23:17+08:00" level=info msg="[GNB] Received incoming connection from new UE"
time="2026-08-11T21:23:17+08:00" level=info msg="[UE] Initiating Registration"
time="2026-08-11T21:23:17+08:00" level=info msg="[UE] Switched from state 0 to state 1"
time="2026-08-11T21:23:17+08:00" level=info msg="[TESTER] TESTING REGISTRATION USING IMSI 0000017048 UE"
time="2026-08-11T21:23:17+08:00" level=info msg="[GNB] Received incoming connection from new UE"
time="2026-08-11T21:23:17+08:00" level=info msg="[UE] Initiating Registration"
time="2026-08-11T21:23:17+08:00" level=info msg="[UE] Switched from state 0 to state 1"
time="2026-08-11T21:23:17+08:00" level=info msg="[GNB][SCTP] Receive message in 0 stream\n"
time="2026-08-11T21:23:17+08:00" level=info msg="[GNB][NGAP] Receive Initial Context Setup Request"
time="2026-08-11T21:23:17+08:00" level=info msg="[GNB][UE] UE Context was created with successful"
time="2026-08-11T21:23:17+08:00" level=info msg="[GNB][UE] UE RAN ID 4"
time="2026-08-11T21:23:17+08:00" level=info msg="[GNB][UE] UE AMF ID 3"
time="2026-08-11T21:23:17+08:00" level=info msg="[GNB][UE] UE Mobility Restrict --Plmn-- Mcc: 208 Mnc: 93"
time="2026-08-11T21:23:17+08:00" level=info msg="[GNB][UE] UE Masked Imeisv: 1110000000ffff00"
time="2026-08-11T21:23:17+08:00" level=info msg="[GNB][UE] Allowed Nssai-- Sst: [01 01] Sd: [010203 112233]"
time="2026-08-11T21:23:17+08:00" level=info msg="[GNB][NGAP][AMF] Send Initial Context Setup Response."
time="2026-08-11T21:23:17+08:00" level=info msg="[GNB] Initiating Initial Context Setup Response"
time="2026-08-11T21:23:17+08:00" level=info msg="[GNB][NGAP] No PDU Session to set up in InitialContextSetupResponse."
time="2026-08-11T21:23:17+08:00" level=info msg="[UE][NAS] Message with security header"
time="2026-08-11T21:23:17+08:00" level=info msg="[UE][NAS] Message with integrity and ciphered"
time="2026-08-11T21:23:17+08:00" level=info msg="[UE][NAS] successful NAS CIPHERING"
time="2026-08-11T21:23:17+08:00" level=info msg="[UE][NAS] successful NAS MAC verification"
time="2026-08-11T21:23:17+08:00" level=info msg="[UE][NAS] Receive Registration Accept"
time="2026-08-11T21:23:17+08:00" level=info msg="[UE][NAS] UE 5G GUTI: &{119 11 [242 2 248 57 202 254 0 0 0 2 88]}"
time="2026-08-11T21:23:17+08:00" level=info msg="[UE] Switched from state 2 to state 3"
time="2026-08-11T21:23:17+08:00" level=info msg="[GNB][SCTP] Receive message in 0 stream\n"
time="2026-08-11T21:23:17+08:00" level=info msg="[GNB][NGAP] Receive Downlink NAS Transport"
time="2026-08-11T21:23:17+08:00" level=info msg="[UE][NAS] Message without security header"
time="2026-08-11T21:23:17+08:00" level=info msg="[UE][NAS] Receive Authentication Request"
time="2026-08-11T21:23:17+08:00" level=info msg="[UE][NAS][MAC] Authenticity of the authentication request message: OK"
time="2026-08-11T21:23:17+08:00" level=info msg="[UE][NAS][SQN] SQN of the authentication request message: VALID"
time="2026-08-11T21:23:17+08:00" level=info msg="[UE][NAS] Send authentication response"
time="2026-08-11T21:23:17+08:00" level=info msg="[UE] Switched from state 1 to state 2"
time="2026-08-11T21:23:17+08:00" level=info msg="[TESTER] TESTING REGISTRATION USING IMSI 0000017049 UE"
time="2026-08-11T21:23:17+08:00" level=info msg="[GNB] Received incoming connection from new UE"
time="2026-08-11T21:23:17+08:00" level=info msg="[UE] Initiating Registration"
time="2026-08-11T21:23:17+08:00" level=info msg="[UE] Switched from state 0 to state 1"
time="2026-08-11T21:23:17+08:00" level=info msg="[TESTER] TESTING REGISTRATION USING IMSI 0000017050 UE"
time="2026-08-11T21:23:17+08:00" level=info msg="[GNB] Received incoming connection from new UE"
time="2026-08-11T21:23:17+08:00" level=info msg="[UE] Initiating Registration"
time="2026-08-11T21:23:17+08:00" level=info msg="[UE] Switched from state 0 to state 1"
time="2026-08-11T21:23:17+08:00" level=info msg="[GNB][SCTP] Receive message in 0 stream\n"
time="2026-08-11T21:23:17+08:00" level=info msg="[GNB][SCTP] Receive message in 0 stream\n"
time="2026-08-11T21:23:17+08:00" level=info msg="[GNB][NGAP] Receive Downlink NAS Transport"
time="2026-08-11T21:23:17+08:00" level=info msg="[UE][NAS] Message without security header"
time="2026-08-11T21:23:17+08:00" level=info msg="[UE][NAS] Receive Authentication Request"
time="2026-08-11T21:23:17+08:00" level=info msg="[UE][NAS][MAC] Authenticity of the authentication request message: OK"
time="2026-08-11T21:23:17+08:00" level=info msg="[UE][NAS][SQN] SQN of the authentication request message: VALID"
time="2026-08-11T21:23:17+08:00" level=info msg="[UE][NAS] Send authentication response"
time="2026-08-11T21:23:17+08:00" level=info msg="[UE] Switched from state 1 to state 2"
time="2026-08-11T21:23:17+08:00" level=info msg="[GNB][NGAP] Receive Downlink NAS Transport"
time="2026-08-11T21:23:17+08:00" level=info msg="[UE][NAS] Message with security header"
time="2026-08-11T21:23:17+08:00" level=info msg="[UE][NAS] Message with integrity and with NEW 5G NAS SECURITY CONTEXT"
time="2026-08-11T21:23:17+08:00" level=info msg="[UE][NAS] successful NAS MAC verification"
time="2026-08-11T21:23:17+08:00" level=info msg="[UE][NAS] Receive Security Mode Command"
time="2026-08-11T21:23:17+08:00" level=info msg="[UE][NAS] Type of ciphering algorithm is 5G-EA0"
time="2026-08-11T21:23:17+08:00" level=info msg="[UE][NAS] Type of integrity protection algorithm is 128-5G-IA2"
time="2026-08-11T21:23:17+08:00" level=info msg="[TESTER] TESTING REGISTRATION USING IMSI 0000017051 UE"
time="2026-08-11T21:23:17+08:00" level=info msg="[GNB] Received incoming connection from new UE"
time="2026-08-11T21:23:17+08:00" level=info msg="[UE] Initiating Registration"
time="2026-08-11T21:23:17+08:00" level=info msg="[UE] Switched from state 0 to state 1"
time="2026-08-11T21:23:17+08:00" level=info msg="[GNB][SCTP] Receive message in 0 stream\n"
time="2026-08-11T21:23:17+08:00" level=info msg="[GNB][SCTP] Receive message in 0 stream\n"
time="2026-08-11T21:23:17+08:00" level=info msg="[GNB][NGAP] Receive Downlink NAS Transport"
time="2026-08-11T21:23:17+08:00" level=info msg="[UE][NAS] Message without security header"
time="2026-08-11T21:23:17+08:00" level=info msg="[UE][NAS] Receive Authentication Request"
time="2026-08-11T21:23:17+08:00" level=info msg="[UE][NAS][MAC] Authenticity of the authentication request message: OK"
time="2026-08-11T21:23:17+08:00" level=info msg="[UE][NAS][SQN] SQN of the authentication request message: VALID"
time="2026-08-11T21:23:17+08:00" level=info msg="[UE][NAS] Send authentication response"
time="2026-08-11T21:23:17+08:00" level=info msg="[UE] Switched from state 1 to state 2"
time="2026-08-11T21:23:17+08:00" level=info msg="[GNB][NGAP] Receive Downlink NAS Transport"
time="2026-08-11T21:23:17+08:00" level=info msg="[UE][NAS] Message without security header"
time="2026-08-11T21:23:17+08:00" level=info msg="[UE][NAS] Receive Authentication Request"
time="2026-08-11T21:23:17+08:00" level=info msg="[UE][NAS][MAC] Authenticity of the authentication request message: OK"
time="2026-08-11T21:23:17+08:00" level=info msg="[UE][NAS][SQN] SQN of the authentication request message: VALID"
time="2026-08-11T21:23:17+08:00" level=info msg="[UE][NAS] Send authentication response"
time="2026-08-11T21:23:17+08:00" level=info msg="[UE] Switched from state 1 to state 2"
time="2026-08-11T21:23:17+08:00" level=info msg="[GNB][SCTP] Receive message in 0 stream\n"
time="2026-08-11T21:23:17+08:00" level=info msg="[GNB][NGAP] Receive Downlink NAS Transport"
time="2026-08-11T21:23:17+08:00" level=info msg="[UE][NAS] Message with security header"
time="2026-08-11T21:23:17+08:00" level=info msg="[UE][NAS] Message with integrity and with NEW 5G NAS SECURITY CONTEXT"
time="2026-08-11T21:23:17+08:00" level=info msg="[UE][NAS] successful NAS MAC verification"
time="2026-08-11T21:23:17+08:00" level=info msg="[UE][NAS] Receive Security Mode Command"
time="2026-08-11T21:23:17+08:00" level=info msg="[UE][NAS] Type of ciphering algorithm is 5G-EA0"
time="2026-08-11T21:23:17+08:00" level=info msg="[UE][NAS] Type of integrity protection algorithm is 128-5G-IA2"
time="2026-08-11T21:23:17+08:00" level=info msg="[TESTER] TESTING REGISTRATION USING IMSI 0000017052 UE"
time="2026-08-11T21:23:17+08:00" level=info msg="[GNB] Received incoming connection from new UE"
time="2026-08-11T21:23:17+08:00" level=info msg="[UE] Initiating Registration"
time="2026-08-11T21:23:17+08:00" level=info msg="[UE] Switched from state 0 to state 1"
time="2026-08-11T21:23:17+08:00" level=info msg="[GNB][SCTP] Receive message in 0 stream\n"
time="2026-08-11T21:23:17+08:00" level=info msg="[GNB][NGAP] Receive Downlink NAS Transport"
time="2026-08-11T21:23:17+08:00" level=info msg="[UE][NAS] Message with security header"
time="2026-08-11T21:23:17+08:00" level=info msg="[UE][NAS] Message with integrity and with NEW 5G NAS SECURITY CONTEXT"
time="2026-08-11T21:23:17+08:00" level=info msg="[UE][NAS] successful NAS MAC verification"
time="2026-08-11T21:23:17+08:00" level=info msg="[UE][NAS] Receive Security Mode Command"
time="2026-08-11T21:23:17+08:00" level=info msg="[UE][NAS] Type of ciphering algorithm is 5G-EA0"
time="2026-08-11T21:23:17+08:00" level=info msg="[UE][NAS] Type of integrity protection algorithm is 128-5G-IA2"
time="2026-08-11T21:23:17+08:00" level=info msg="[TESTER] TESTING REGISTRATION USING IMSI 0000017053 UE"
time="2026-08-11T21:23:17+08:00" level=info msg="[GNB] Received incoming connection from new UE"
time="2026-08-11T21:23:17+08:00" level=info msg="[UE] Initiating Registration"
time="2026-08-11T21:23:17+08:00" level=info msg="[UE] Switched from state 0 to state 1"
time="2026-08-11T21:23:17+08:00" level=info msg="[GNB][SCTP] Receive message in 0 stream\n"
time="2026-08-11T21:23:17+08:00" level=info msg="[GNB][NGAP] Receive Downlink NAS Transport"
time="2026-08-11T21:23:17+08:00" level=info msg="[UE][NAS] Message without security header"
time="2026-08-11T21:23:17+08:00" level=info msg="[UE][NAS] Receive Authentication Request"
time="2026-08-11T21:23:17+08:00" level=info msg="[UE][NAS][MAC] Authenticity of the authentication request message: OK"
time="2026-08-11T21:23:17+08:00" level=info msg="[UE][NAS][SQN] SQN of the authentication request message: VALID"
time="2026-08-11T21:23:17+08:00" level=info msg="[UE][NAS] Send authentication response"
time="2026-08-11T21:23:17+08:00" level=info msg="[UE] Switched from state 1 to state 2"
time="2026-08-11T21:23:17+08:00" level=info msg="[TESTER] TESTING REGISTRATION USING IMSI 0000017054 UE"
time="2026-08-11T21:23:17+08:00" level=info msg="[GNB] Received incoming connection from new UE"
time="2026-08-11T21:23:17+08:00" level=info msg="[UE] Initiating Registration"
time="2026-08-11T21:23:17+08:00" level=info msg="[UE] Switched from state 0 to state 1"
time="2026-08-11T21:23:17+08:00" level=info msg="[GNB][SCTP] Receive message in 0 stream\n"
time="2026-08-11T21:23:17+08:00" level=info msg="[GNB][NGAP] Receive Downlink NAS Transport"
time="2026-08-11T21:23:17+08:00" level=info msg="[UE][NAS] Message with security header"
time="2026-08-11T21:23:17+08:00" level=info msg="[UE][NAS] Message with integrity and with NEW 5G NAS SECURITY CONTEXT"
time="2026-08-11T21:23:17+08:00" level=info msg="[UE][NAS] successful NAS MAC verification"
time="2026-08-11T21:23:17+08:00" level=info msg="[UE][NAS] Receive Security Mode Command"
time="2026-08-11T21:23:17+08:00" level=info msg="[UE][NAS] Type of ciphering algorithm is 5G-EA0"
time="2026-08-11T21:23:17+08:00" level=info msg="[UE][NAS] Type of integrity protection algorithm is 128-5G-IA2"
time="2026-08-11T21:23:17+08:00" level=info msg="[GNB][SCTP] Receive message in 0 stream\n"
time="2026-08-11T21:23:17+08:00" level=info msg="[GNB][NGAP] Receive Downlink NAS Transport"
time="2026-08-11T21:23:17+08:00" level=info msg="[UE][NAS] Message without security header"
time="2026-08-11T21:23:17+08:00" level=info msg="[UE][NAS] Receive Authentication Request"
time="2026-08-11T21:23:17+08:00" level=info msg="[UE][NAS][MAC] Authenticity of the authentication request message: OK"
time="2026-08-11T21:23:17+08:00" level=info msg="[UE][NAS][SQN] SQN of the authentication request message: VALID"
time="2026-08-11T21:23:17+08:00" level=info msg="[UE][NAS] Send authentication response"
time="2026-08-11T21:23:17+08:00" level=info msg="[UE] Switched from state 1 to state 2"
time="2026-08-11T21:23:17+08:00" level=info msg="[TESTER] TESTING REGISTRATION USING IMSI 0000017055 UE"
time="2026-08-11T21:23:17+08:00" level=info msg="[GNB] Received incoming connection from new UE"
time="2026-08-11T21:23:17+08:00" level=info msg="[UE] Initiating Registration"
time="2026-08-11T21:23:17+08:00" level=info msg="[UE] Switched from state 0 to state 1"
time="2026-08-11T21:23:17+08:00" level=info msg="[GNB][SCTP] Receive message in 0 stream\n"
time="2026-08-11T21:23:17+08:00" level=info msg="[GNB][SCTP] Receive message in 0 stream\n"
time="2026-08-11T21:23:17+08:00" level=info msg="[GNB][NGAP] Receive Downlink NAS Transport"
time="2026-08-11T21:23:17+08:00" level=info msg="[GNB][NGAP] Receive Downlink NAS Transport"
time="2026-08-11T21:23:17+08:00" level=info msg="[UE][NAS] Message with security header"
time="2026-08-11T21:23:17+08:00" level=info msg="[UE][NAS] Message with integrity and ciphered"
time="2026-08-11T21:23:17+08:00" level=info msg="[UE][NAS] Message without security header"
time="2026-08-11T21:23:17+08:00" level=info msg="[UE][NAS] Receive Authentication Request"
time="2026-08-11T21:23:17+08:00" level=info msg="[UE][NAS][MAC] Authenticity of the authentication request message: OK"
time="2026-08-11T21:23:17+08:00" level=info msg="[UE][NAS][SQN] SQN of the authentication request message: VALID"
time="2026-08-11T21:23:17+08:00" level=info msg="[UE][NAS] Send authentication response"
time="2026-08-11T21:23:17+08:00" level=info msg="[UE] Switched from state 1 to state 2"
time="2026-08-11T21:23:17+08:00" level=info msg="[UE][NAS] successful NAS CIPHERING"
time="2026-08-11T21:23:17+08:00" level=info msg="[UE][NAS] successful NAS MAC verification"
time="2026-08-11T21:23:17+08:00" level=info msg="[UE][NAS] Receive Configuration Update Command"
time="2026-08-11T21:23:17+08:00" level=info msg="[UE] Initiating Configuration Update Complete"
time="2026-08-11T21:23:17+08:00" level=info msg="[TESTER] TESTING REGISTRATION USING IMSI 0000017056 UE"
time="2026-08-11T21:23:17+08:00" level=info msg="[GNB] Received incoming connection from new UE"
time="2026-08-11T21:23:17+08:00" level=info msg="[UE] Initiating Registration"
time="2026-08-11T21:23:17+08:00" level=info msg="[UE] Switched from state 0 to state 1"
time="2026-08-11T21:23:17+08:00" level=info msg="[TESTER] TESTING REGISTRATION USING IMSI 0000017057 UE"
time="2026-08-11T21:23:17+08:00" level=info msg="[GNB] Received incoming connection from new UE"
time="2026-08-11T21:23:17+08:00" level=info msg="[UE] Initiating Registration"
time="2026-08-11T21:23:17+08:00" level=info msg="[UE] Switched from state 0 to state 1"
time="2026-08-11T21:23:17+08:00" level=info msg="[GNB][SCTP] Receive message in 0 stream\n"
time="2026-08-11T21:23:17+08:00" level=info msg="[GNB][NGAP] Receive Downlink NAS Transport"
time="2026-08-11T21:23:17+08:00" level=info msg="[UE][NAS] Message without security header"
time="2026-08-11T21:23:17+08:00" level=info msg="[UE][NAS] Receive Authentication Request"
time="2026-08-11T21:23:17+08:00" level=info msg="[UE][NAS][MAC] Authenticity of the authentication request message: OK"
time="2026-08-11T21:23:17+08:00" level=info msg="[UE][NAS][SQN] SQN of the authentication request message: VALID"
time="2026-08-11T21:23:17+08:00" level=info msg="[UE][NAS] Send authentication response"
time="2026-08-11T21:23:17+08:00" level=info msg="[UE] Switched from state 1 to state 2"
time="2026-08-11T21:23:17+08:00" level=info msg="[TESTER] TESTING REGISTRATION USING IMSI 0000017058 UE"
time="2026-08-11T21:23:17+08:00" level=info msg="[GNB] Received incoming connection from new UE"
time="2026-08-11T21:23:17+08:00" level=info msg="[UE] Initiating Registration"
time="2026-08-11T21:23:17+08:00" level=info msg="[UE] Switched from state 0 to state 1"
time="2026-08-11T21:23:18+08:00" level=info msg="[TESTER] TESTING REGISTRATION USING IMSI 0000017059 UE"
time="2026-08-11T21:23:18+08:00" level=info msg="[GNB] Received incoming connection from new UE"
time="2026-08-11T21:23:18+08:00" level=info msg="[UE] Initiating Registration"
time="2026-08-11T21:23:18+08:00" level=info msg="[UE] Switched from state 0 to state 1"
time="2026-08-11T21:23:18+08:00" level=info msg="[GNB][SCTP] Receive message in 0 stream\n"
time="2026-08-11T21:23:18+08:00" level=info msg="[GNB][NGAP] Receive Downlink NAS Transport"
time="2026-08-11T21:23:18+08:00" level=info msg="[UE][NAS] Message without security header"
time="2026-08-11T21:23:18+08:00" level=info msg="[UE][NAS] Receive Authentication Request"
time="2026-08-11T21:23:18+08:00" level=info msg="[UE][NAS][MAC] Authenticity of the authentication request message: OK"
time="2026-08-11T21:23:18+08:00" level=info msg="[UE][NAS][SQN] SQN of the authentication request message: VALID"
time="2026-08-11T21:23:18+08:00" level=info msg="[UE][NAS] Send authentication response"
time="2026-08-11T21:23:18+08:00" level=info msg="[UE] Switched from state 1 to state 2"
time="2026-08-11T21:23:18+08:00" level=info msg="[TESTER] TESTING REGISTRATION USING IMSI 0000017060 UE"
time="2026-08-11T21:23:18+08:00" level=info msg="[GNB] Received incoming connection from new UE"
time="2026-08-11T21:23:18+08:00" level=info msg="[UE] Initiating Registration"
time="2026-08-11T21:23:18+08:00" level=info msg="[UE] Switched from state 0 to state 1"
time="2026-08-11T21:23:18+08:00" level=info msg="[GNB][SCTP] Receive message in 0 stream\n"
time="2026-08-11T21:23:18+08:00" level=info msg="[GNB][NGAP] Receive Initial Context Setup Request"
time="2026-08-11T21:23:18+08:00" level=info msg="[GNB][UE] UE Context was created with successful"
time="2026-08-11T21:23:18+08:00" level=info msg="[GNB][UE] UE RAN ID 11"
time="2026-08-11T21:23:18+08:00" level=info msg="[GNB][UE] UE AMF ID 10"
time="2026-08-11T21:23:18+08:00" level=info msg="[GNB][UE] UE Mobility Restrict --Plmn-- Mcc: 208 Mnc: 93"
time="2026-08-11T21:23:18+08:00" level=info msg="[GNB][UE] UE Masked Imeisv: 1110000000ffff00"
time="2026-08-11T21:23:18+08:00" level=info msg="[GNB][UE] Allowed Nssai-- Sst: [01 01] Sd: [010203 112233]"
time="2026-08-11T21:23:18+08:00" level=info msg="[GNB][NGAP][AMF] Send Initial Context Setup Response."
time="2026-08-11T21:23:18+08:00" level=info msg="[GNB] Initiating Initial Context Setup Response"
time="2026-08-11T21:23:18+08:00" level=info msg="[GNB][NGAP] No PDU Session to set up in InitialContextSetupResponse."
time="2026-08-11T21:23:18+08:00" level=info msg="[UE][NAS] Message with security header"
time="2026-08-11T21:23:18+08:00" level=info msg="[UE][NAS] Message with integrity and ciphered"
time="2026-08-11T21:23:18+08:00" level=info msg="[UE][NAS] successful NAS CIPHERING"
time="2026-08-11T21:23:18+08:00" level=info msg="[UE][NAS] successful NAS MAC verification"
time="2026-08-11T21:23:18+08:00" level=info msg="[UE][NAS] Receive Registration Accept"
time="2026-08-11T21:23:18+08:00" level=info msg="[UE][NAS] UE 5G GUTI: &{119 11 [242 2 248 57 202 254 0 0 0 2 97]}"
time="2026-08-11T21:23:18+08:00" level=info msg="[UE] Switched from state 2 to state 3"
time="2026-08-11T21:23:18+08:00" level=info msg="[GNB][SCTP] Receive message in 0 stream\n"
time="2026-08-11T21:23:18+08:00" level=info msg="[GNB][NGAP] Receive Initial Context Setup Request"
time="2026-08-11T21:23:18+08:00" level=info msg="[GNB][UE] UE Context was created with successful"
time="2026-08-11T21:23:18+08:00" level=info msg="[GNB][UE] UE RAN ID 9"
time="2026-08-11T21:23:18+08:00" level=info msg="[GNB][UE] UE AMF ID 8"
time="2026-08-11T21:23:18+08:00" level=info msg="[GNB][UE] UE Mobility Restrict --Plmn-- Mcc: 208 Mnc: 93"
time="2026-08-11T21:23:18+08:00" level=info msg="[GNB][UE] UE Masked Imeisv: 1110000000ffff00"
time="2026-08-11T21:23:18+08:00" level=info msg="[GNB][UE] Allowed Nssai-- Sst: [01 01] Sd: [010203 112233]"
time="2026-08-11T21:23:18+08:00" level=info msg="[GNB][NGAP][AMF] Send Initial Context Setup Response."
time="2026-08-11T21:23:18+08:00" level=info msg="[GNB] Initiating Initial Context Setup Response"
time="2026-08-11T21:23:18+08:00" level=info msg="[GNB][NGAP] No PDU Session to set up in InitialContextSetupResponse."
time="2026-08-11T21:23:18+08:00" level=info msg="[GNB][SCTP] Receive message in 0 stream\n"
time="2026-08-11T21:23:18+08:00" level=info msg="[UE][NAS] Message with security header"
time="2026-08-11T21:23:18+08:00" level=info msg="[UE][NAS] Message with integrity and ciphered"
time="2026-08-11T21:23:18+08:00" level=info msg="[UE][NAS] successful NAS CIPHERING"
time="2026-08-11T21:23:18+08:00" level=info msg="[UE][NAS] successful NAS MAC verification"
time="2026-08-11T21:23:18+08:00" level=info msg="[UE][NAS] Receive Registration Accept"
time="2026-08-11T21:23:18+08:00" level=info msg="[UE][NAS] UE 5G GUTI: &{119 11 [242 2 248 57 202 254 0 0 0 2 93]}"
time="2026-08-11T21:23:18+08:00" level=info msg="[GNB][SCTP] Receive message in 0 stream\n"
time="2026-08-11T21:23:18+08:00" level=info msg="[GNB][NGAP] Receive Downlink NAS Transport"
time="2026-08-11T21:23:18+08:00" level=info msg="[GNB][NGAP] Receive Downlink NAS Transport"
time="2026-08-11T21:23:18+08:00" level=info msg="[UE][NAS] Message without security header"
time="2026-08-11T21:23:18+08:00" level=info msg="[UE][NAS] Receive Authentication Request"
time="2026-08-11T21:23:18+08:00" level=info msg="[UE][NAS][MAC] Authenticity of the authentication request message: OK"
time="2026-08-11T21:23:18+08:00" level=info msg="[UE][NAS][SQN] SQN of the authentication request message: VALID"
time="2026-08-11T21:23:18+08:00" level=info msg="[UE][NAS] Send authentication response"
time="2026-08-11T21:23:18+08:00" level=info msg="[UE][NAS] Message without security header"
time="2026-08-11T21:23:18+08:00" level=info msg="[UE][NAS] Receive Authentication Request"
time="2026-08-11T21:23:18+08:00" level=info msg="[UE][NAS][MAC] Authenticity of the authentication request message: OK"
time="2026-08-11T21:23:18+08:00" level=info msg="[UE][NAS][SQN] SQN of the authentication request message: VALID"
time="2026-08-11T21:23:18+08:00" level=info msg="[UE][NAS] Send authentication response"
time="2026-08-11T21:23:18+08:00" level=info msg="[UE] Switched from state 2 to state 3"
time="2026-08-11T21:23:18+08:00" level=info msg="[UE] Switched from state 1 to state 2"
time="2026-08-11T21:23:18+08:00" level=info msg="[UE] Switched from state 1 to state 2"
time="2026-08-11T21:23:18+08:00" level=info msg="[TESTER] TESTING REGISTRATION USING IMSI 0000017061 UE"
time="2026-08-11T21:23:18+08:00" level=info msg="[GNB] Received incoming connection from new UE"
time="2026-08-11T21:23:18+08:00" level=info msg="[UE] Initiating Registration"
time="2026-08-11T21:23:18+08:00" level=info msg="[UE] Switched from state 0 to state 1"
time="2026-08-11T21:23:18+08:00" level=info msg="[TESTER] TESTING REGISTRATION USING IMSI 0000017062 UE"
time="2026-08-11T21:23:18+08:00" level=info msg="[GNB] Received incoming connection from new UE"
time="2026-08-11T21:23:18+08:00" level=info msg="[UE] Initiating Registration"
time="2026-08-11T21:23:18+08:00" level=info msg="[UE] Switched from state 0 to state 1"
time="2026-08-11T21:23:18+08:00" level=info msg="[GNB][SCTP] Receive message in 0 stream\n"
time="2026-08-11T21:23:18+08:00" level=info msg="[GNB][SCTP] Receive message in 0 stream\n"
time="2026-08-11T21:23:18+08:00" level=info msg="[GNB][NGAP] Receive Downlink NAS Transport"
time="2026-08-11T21:23:18+08:00" level=info msg="[UE][NAS] Message without security header"
time="2026-08-11T21:23:18+08:00" level=info msg="[UE][NAS] Receive Authentication Request"
time="2026-08-11T21:23:18+08:00" level=info msg="[UE][NAS][MAC] Authenticity of the authentication request message: OK"
time="2026-08-11T21:23:18+08:00" level=info msg="[UE][NAS][SQN] SQN of the authentication request message: VALID"
time="2026-08-11T21:23:18+08:00" level=info msg="[UE][NAS] Send authentication response"
time="2026-08-11T21:23:18+08:00" level=info msg="[GNB][NGAP] Receive Downlink NAS Transport"
time="2026-08-11T21:23:18+08:00" level=info msg="[UE][NAS] Message with security header"
time="2026-08-11T21:23:18+08:00" level=info msg="[UE][NAS] Message with integrity and with NEW 5G NAS SECURITY CONTEXT"
time="2026-08-11T21:23:18+08:00" level=info msg="[UE][NAS] successful NAS MAC verification"
time="2026-08-11T21:23:18+08:00" level=info msg="[UE][NAS] Receive Security Mode Command"
time="2026-08-11T21:23:18+08:00" level=info msg="[UE][NAS] Type of ciphering algorithm is 5G-EA0"
time="2026-08-11T21:23:18+08:00" level=info msg="[UE][NAS] Type of integrity protection algorithm is 128-5G-IA2"
time="2026-08-11T21:23:18+08:00" level=info msg="[UE] Switched from state 1 to state 2"
time="2026-08-11T21:23:18+08:00" level=info msg="[TESTER] TESTING REGISTRATION USING IMSI 0000017063 UE"
time="2026-08-11T21:23:18+08:00" level=info msg="[GNB] Received incoming connection from new UE"
time="2026-08-11T21:23:18+08:00" level=info msg="[UE] Initiating Registration"
time="2026-08-11T21:23:18+08:00" level=info msg="[UE] Switched from state 0 to state 1"
time="2026-08-11T21:23:18+08:00" level=info msg="[GNB][SCTP] Receive message in 0 stream\n"
time="2026-08-11T21:23:18+08:00" level=info msg="[GNB][NGAP] Receive Downlink NAS Transport"
time="2026-08-11T21:23:18+08:00" level=info msg="[UE][NAS] Message with security header"
time="2026-08-11T21:23:18+08:00" level=info msg="[UE][NAS] Message with integrity and ciphered"
time="2026-08-11T21:23:18+08:00" level=info msg="[UE][NAS] successful NAS CIPHERING"
time="2026-08-11T21:23:18+08:00" level=info msg="[UE][NAS] successful NAS MAC verification"
time="2026-08-11T21:23:18+08:00" level=info msg="[UE][NAS] Receive Configuration Update Command"
time="2026-08-11T21:23:18+08:00" level=info msg="[UE] Initiating Configuration Update Complete"
time="2026-08-11T21:23:18+08:00" level=info msg="[GNB][SCTP] Receive message in 0 stream\n"
time="2026-08-11T21:23:18+08:00" level=info msg="[GNB][NGAP] Receive Downlink NAS Transport"
time="2026-08-11T21:23:18+08:00" level=info msg="[UE][NAS] Message without security header"
time="2026-08-11T21:23:18+08:00" level=info msg="[UE][NAS] Receive Authentication Request"
time="2026-08-11T21:23:18+08:00" level=info msg="[UE][NAS][MAC] Authenticity of the authentication request message: OK"
time="2026-08-11T21:23:18+08:00" level=info msg="[UE][NAS][SQN] SQN of the authentication request message: VALID"
time="2026-08-11T21:23:18+08:00" level=info msg="[UE][NAS] Send authentication response"
time="2026-08-11T21:23:18+08:00" level=info msg="[UE] Switched from state 1 to state 2"
time="2026-08-11T21:23:18+08:00" level=info msg="[TESTER] TESTING REGISTRATION USING IMSI 0000017064 UE"
time="2026-08-11T21:23:18+08:00" level=info msg="[GNB] Received incoming connection from new UE"
time="2026-08-11T21:23:18+08:00" level=info msg="[UE] Initiating Registration"
time="2026-08-11T21:23:18+08:00" level=info msg="[UE] Switched from state 0 to state 1"
time="2026-08-11T21:23:18+08:00" level=info msg="[GNB][SCTP] Receive message in 0 stream\n"
time="2026-08-11T21:23:18+08:00" level=info msg="[TESTER] TESTING REGISTRATION USING IMSI 0000017065 UE"
time="2026-08-11T21:23:18+08:00" level=info msg="[GNB] Received incoming connection from new UE"
time="2026-08-11T21:23:18+08:00" level=info msg="[GNB][NGAP] Receive Downlink NAS Transport"
time="2026-08-11T21:23:18+08:00" level=info msg="[UE][NAS] Message with security header"
time="2026-08-11T21:23:18+08:00" level=info msg="[UE][NAS] Message with integrity and with NEW 5G NAS SECURITY CONTEXT"
time="2026-08-11T21:23:18+08:00" level=info msg="[UE][NAS] successful NAS MAC verification"
time="2026-08-11T21:23:18+08:00" level=info msg="[UE][NAS] Receive Security Mode Command"
time="2026-08-11T21:23:18+08:00" level=info msg="[UE][NAS] Type of ciphering algorithm is 5G-EA0"
time="2026-08-11T21:23:18+08:00" level=info msg="[UE][NAS] Type of integrity protection algorithm is 128-5G-IA2"
time="2026-08-11T21:23:18+08:00" level=info msg="[UE] Initiating Registration"
time="2026-08-11T21:23:18+08:00" level=info msg="[UE] Switched from state 0 to state 1"
time="2026-08-11T21:23:18+08:00" level=info msg="[GNB][SCTP] Receive message in 0 stream\n"
time="2026-08-11T21:23:18+08:00" level=info msg="[GNB][NGAP] Receive Downlink NAS Transport"
time="2026-08-11T21:23:18+08:00" level=info msg="[UE][NAS] Message without security header"
time="2026-08-11T21:23:18+08:00" level=info msg="[UE][NAS] Receive Authentication Request"
time="2026-08-11T21:23:18+08:00" level=info msg="[UE][NAS][MAC] Authenticity of the authentication request message: OK"
time="2026-08-11T21:23:18+08:00" level=info msg="[UE][NAS][SQN] SQN of the authentication request message: VALID"
time="2026-08-11T21:23:18+08:00" level=info msg="[UE][NAS] Send authentication response"
time="2026-08-11T21:23:18+08:00" level=info msg="[UE] Switched from state 1 to state 2"
time="2026-08-11T21:23:18+08:00" level=info msg="[TESTER] TESTING REGISTRATION USING IMSI 0000017066 UE"
time="2026-08-11T21:23:18+08:00" level=info msg="[GNB] Received incoming connection from new UE"
time="2026-08-11T21:23:18+08:00" level=info msg="[UE] Initiating Registration"
time="2026-08-11T21:23:18+08:00" level=info msg="[UE] Switched from state 0 to state 1"
time="2026-08-11T21:23:18+08:00" level=info msg="[GNB][SCTP] Receive message in 0 stream\n"
time="2026-08-11T21:23:18+08:00" level=info msg="[GNB][NGAP] Receive Downlink NAS Transport"
time="2026-08-11T21:23:18+08:00" level=info msg="[UE][NAS] Message with security header"
time="2026-08-11T21:23:18+08:00" level=info msg="[UE][NAS] Message with integrity and ciphered"
time="2026-08-11T21:23:18+08:00" level=info msg="[UE][NAS] successful NAS CIPHERING"
time="2026-08-11T21:23:18+08:00" level=info msg="[UE][NAS] successful NAS MAC verification"
time="2026-08-11T21:23:18+08:00" level=info msg="[UE][NAS] Receive Configuration Update Command"
time="2026-08-11T21:23:18+08:00" level=info msg="[UE] Initiating Configuration Update Complete"
time="2026-08-11T21:23:18+08:00" level=info msg="[TESTER] TESTING REGISTRATION USING IMSI 0000017067 UE"
time="2026-08-11T21:23:18+08:00" level=info msg="[GNB] Received incoming connection from new UE"
time="2026-08-11T21:23:18+08:00" level=info msg="[UE] Initiating Registration"
time="2026-08-11T21:23:18+08:00" level=info msg="[UE] Switched from state 0 to state 1"
time="2026-08-11T21:23:18+08:00" level=info msg="[TESTER] TESTING REGISTRATION USING IMSI 0000017068 UE"
time="2026-08-11T21:23:18+08:00" level=info msg="[GNB] Received incoming connection from new UE"
time="2026-08-11T21:23:18+08:00" level=info msg="[UE] Initiating Registration"
time="2026-08-11T21:23:18+08:00" level=info msg="[UE] Switched from state 0 to state 1"
time="2026-08-11T21:23:18+08:00" level=info msg="[GNB][SCTP] Receive message in 0 stream\n"
time="2026-08-11T21:23:18+08:00" level=info msg="[GNB][NGAP] Receive Downlink NAS Transport"
time="2026-08-11T21:23:18+08:00" level=info msg="[UE][NAS] Message without security header"
time="2026-08-11T21:23:18+08:00" level=info msg="[UE][NAS] Receive Authentication Request"
time="2026-08-11T21:23:18+08:00" level=info msg="[UE][NAS][MAC] Authenticity of the authentication request message: OK"
time="2026-08-11T21:23:18+08:00" level=info msg="[UE][NAS][SQN] SQN of the authentication request message: VALID"
time="2026-08-11T21:23:18+08:00" level=info msg="[UE][NAS] Send authentication response"
time="2026-08-11T21:23:18+08:00" level=info msg="[GNB][SCTP] Receive message in 0 stream\n"
time="2026-08-11T21:23:18+08:00" level=info msg="[UE] Switched from state 1 to state 2"
time="2026-08-11T21:23:18+08:00" level=info msg="[GNB][NGAP] Receive Downlink NAS Transport"
time="2026-08-11T21:23:18+08:00" level=info msg="[UE][NAS] Message without security header"
time="2026-08-11T21:23:18+08:00" level=info msg="[UE][NAS] Receive Authentication Request"
time="2026-08-11T21:23:18+08:00" level=info msg="[UE][NAS][MAC] Authenticity of the authentication request message: OK"
time="2026-08-11T21:23:18+08:00" level=info msg="[UE][NAS][SQN] SQN of the authentication request message: VALID"
time="2026-08-11T21:23:18+08:00" level=info msg="[UE][NAS] Send authentication response"
time="2026-08-11T21:23:18+08:00" level=info msg="[UE] Switched from state 1 to state 2"
time="2026-08-11T21:23:18+08:00" level=info msg="[GNB][SCTP] Receive message in 0 stream\n"
time="2026-08-11T21:23:18+08:00" level=info msg="[GNB][SCTP] Receive message in 0 stream\n"
time="2026-08-11T21:23:18+08:00" level=info msg="[GNB][NGAP] Receive Downlink NAS Transport"
time="2026-08-11T21:23:18+08:00" level=info msg="[UE][NAS] Message without security header"
time="2026-08-11T21:23:18+08:00" level=info msg="[UE][NAS] Receive Authentication Request"
time="2026-08-11T21:23:18+08:00" level=info msg="[UE][NAS][MAC] Authenticity of the authentication request message: OK"
time="2026-08-11T21:23:18+08:00" level=info msg="[UE][NAS][SQN] SQN of the authentication request message: VALID"
time="2026-08-11T21:23:18+08:00" level=info msg="[UE][NAS] Send authentication response"
time="2026-08-11T21:23:18+08:00" level=info msg="[UE] Switched from state 1 to state 2"
time="2026-08-11T21:23:18+08:00" level=info msg="[GNB][NGAP] Receive Downlink NAS Transport"
time="2026-08-11T21:23:18+08:00" level=info msg="[UE][NAS] Message without security header"
time="2026-08-11T21:23:18+08:00" level=info msg="[UE][NAS] Receive Authentication Request"
time="2026-08-11T21:23:18+08:00" level=info msg="[UE][NAS][MAC] Authenticity of the authentication request message: OK"
time="2026-08-11T21:23:18+08:00" level=info msg="[UE][NAS][SQN] SQN of the authentication request message: VALID"
time="2026-08-11T21:23:18+08:00" level=info msg="[UE][NAS] Send authentication response"
time="2026-08-11T21:23:18+08:00" level=info msg="[UE] Switched from state 1 to state 2"
time="2026-08-11T21:23:18+08:00" level=info msg="[TESTER] TESTING REGISTRATION USING IMSI 0000017069 UE"
time="2026-08-11T21:23:18+08:00" level=info msg="[GNB] Received incoming connection from new UE"
time="2026-08-11T21:23:18+08:00" level=info msg="[UE] Initiating Registration"
time="2026-08-11T21:23:18+08:00" level=info msg="[UE] Switched from state 0 to state 1"
time="2026-08-11T21:23:18+08:00" level=info msg="[TESTER] TESTING REGISTRATION USING IMSI 0000017070 UE"
time="2026-08-11T21:23:18+08:00" level=info msg="[GNB] Received incoming connection from new UE"
time="2026-08-11T21:23:18+08:00" level=info msg="[UE] Initiating Registration"
time="2026-08-11T21:23:18+08:00" level=info msg="[UE] Switched from state 0 to state 1"
time="2026-08-11T21:23:18+08:00" level=info msg="[GNB][SCTP] Receive message in 0 stream\n"
time="2026-08-11T21:23:18+08:00" level=info msg="[GNB][NGAP] Receive Downlink NAS Transport"
time="2026-08-11T21:23:18+08:00" level=info msg="[UE][NAS] Message with security header"
time="2026-08-11T21:23:18+08:00" level=info msg="[UE][NAS] Message with integrity and with NEW 5G NAS SECURITY CONTEXT"
time="2026-08-11T21:23:18+08:00" level=info msg="[UE][NAS] successful NAS MAC verification"
time="2026-08-11T21:23:18+08:00" level=info msg="[UE][NAS] Receive Security Mode Command"
time="2026-08-11T21:23:18+08:00" level=info msg="[UE][NAS] Type of ciphering algorithm is 5G-EA0"
time="2026-08-11T21:23:18+08:00" level=info msg="[UE][NAS] Type of integrity protection algorithm is 128-5G-IA2"
time="2026-08-11T21:23:18+08:00" level=info msg="[GNB][SCTP] Receive message in 0 stream\n"
time="2026-08-11T21:23:18+08:00" level=info msg="[GNB][NGAP] Receive Downlink NAS Transport"
time="2026-08-11T21:23:18+08:00" level=info msg="[UE][NAS] Message without security header"
time="2026-08-11T21:23:18+08:00" level=info msg="[UE][NAS] Receive Authentication Request"
time="2026-08-11T21:23:18+08:00" level=info msg="[UE][NAS][MAC] Authenticity of the authentication request message: OK"
time="2026-08-11T21:23:18+08:00" level=info msg="[UE][NAS][SQN] SQN of the authentication request message: VALID"
time="2026-08-11T21:23:18+08:00" level=info msg="[UE][NAS] Send authentication response"
time="2026-08-11T21:23:18+08:00" level=info msg="[UE] Switched from state 1 to state 2"
time="2026-08-11T21:23:18+08:00" level=info msg="[TESTER] TESTING REGISTRATION USING IMSI 0000017071 UE"
time="2026-08-11T21:23:18+08:00" level=info msg="[GNB] Received incoming connection from new UE"
time="2026-08-11T21:23:18+08:00" level=info msg="[UE] Initiating Registration"
time="2026-08-11T21:23:18+08:00" level=info msg="[UE] Switched from state 0 to state 1"
time="2026-08-11T21:23:18+08:00" level=info msg="[GNB][SCTP] Receive message in 0 stream\n"
time="2026-08-11T21:23:18+08:00" level=info msg="[GNB][NGAP] Receive Downlink NAS Transport"
time="2026-08-11T21:23:18+08:00" level=info msg="[UE][NAS] Message without security header"
time="2026-08-11T21:23:18+08:00" level=info msg="[UE][NAS] Receive Authentication Request"
time="2026-08-11T21:23:18+08:00" level=info msg="[UE][NAS][MAC] Authenticity of the authentication request message: OK"
time="2026-08-11T21:23:18+08:00" level=info msg="[UE][NAS][SQN] SQN of the authentication request message: VALID"
time="2026-08-11T21:23:18+08:00" level=info msg="[UE][NAS] Send authentication response"
time="2026-08-11T21:23:18+08:00" level=info msg="[GNB][SCTP] Receive message in 0 stream\n"
time="2026-08-11T21:23:18+08:00" level=info msg="[UE] Switched from state 1 to state 2"
time="2026-08-11T21:23:18+08:00" level=info msg="[GNB][NGAP] Receive Downlink NAS Transport"
time="2026-08-11T21:23:18+08:00" level=info msg="[UE][NAS] Message with security header"
time="2026-08-11T21:23:18+08:00" level=info msg="[UE][NAS] Message with integrity and ciphered"
time="2026-08-11T21:23:18+08:00" level=info msg="[UE][NAS] successful NAS CIPHERING"
time="2026-08-11T21:23:18+08:00" level=info msg="[UE][NAS] successful NAS MAC verification"
time="2026-08-11T21:23:18+08:00" level=info msg="[UE][NAS] Receive Configuration Update Command"
time="2026-08-11T21:23:18+08:00" level=info msg="[UE] Initiating Configuration Update Complete"
time="2026-08-11T21:23:18+08:00" level=info msg="[GNB][SCTP] Receive message in 0 stream\n"
time="2026-08-11T21:23:18+08:00" level=info msg="[GNB][NGAP] Receive Downlink NAS Transport"
time="2026-08-11T21:23:18+08:00" level=info msg="[UE][NAS] Message with security header"
time="2026-08-11T21:23:18+08:00" level=info msg="[UE][NAS] Message with integrity and with NEW 5G NAS SECURITY CONTEXT"
time="2026-08-11T21:23:18+08:00" level=info msg="[UE][NAS] successful NAS MAC verification"
time="2026-08-11T21:23:18+08:00" level=info msg="[UE][NAS] Receive Security Mode Command"
time="2026-08-11T21:23:18+08:00" level=info msg="[UE][NAS] Type of ciphering algorithm is 5G-EA0"
time="2026-08-11T21:23:18+08:00" level=info msg="[UE][NAS] Type of integrity protection algorithm is 128-5G-IA2"
time="2026-08-11T21:23:18+08:00" level=info msg="[GNB][SCTP] Receive message in 0 stream\n"
time="2026-08-11T21:23:18+08:00" level=info msg="[GNB][NGAP] Receive Downlink NAS Transport"
time="2026-08-11T21:23:18+08:00" level=info msg="[UE][NAS] Message with security header"
time="2026-08-11T21:23:18+08:00" level=info msg="[UE][NAS] Message with integrity and with NEW 5G NAS SECURITY CONTEXT"
time="2026-08-11T21:23:18+08:00" level=info msg="[UE][NAS] successful NAS MAC verification"
time="2026-08-11T21:23:18+08:00" level=info msg="[UE][NAS] Receive Security Mode Command"
time="2026-08-11T21:23:18+08:00" level=info msg="[UE][NAS] Type of ciphering algorithm is 5G-EA0"
time="2026-08-11T21:23:18+08:00" level=info msg="[UE][NAS] Type of integrity protection algorithm is 128-5G-IA2"
time="2026-08-11T21:23:18+08:00" level=info msg="[TESTER] TESTING REGISTRATION USING IMSI 0000017072 UE"
time="2026-08-11T21:23:18+08:00" level=info msg="[GNB] Received incoming connection from new UE"
time="2026-08-11T21:23:18+08:00" level=info msg="[UE] Initiating Registration"
time="2026-08-11T21:23:18+08:00" level=info msg="[UE] Switched from state 0 to state 1"
time="2026-08-11T21:23:18+08:00" level=info msg="[TESTER] TESTING REGISTRATION USING IMSI 0000017073 UE"
time="2026-08-11T21:23:18+08:00" level=info msg="[GNB] Received incoming connection from new UE"
time="2026-08-11T21:23:18+08:00" level=info msg="[UE] Initiating Registration"
time="2026-08-11T21:23:18+08:00" level=info msg="[UE] Switched from state 0 to state 1"
time="2026-08-11T21:23:18+08:00" level=info msg="[TESTER] TESTING REGISTRATION USING IMSI 0000017074 UE"
time="2026-08-11T21:23:18+08:00" level=info msg="[GNB] Received incoming connection from new UE"
time="2026-08-11T21:23:18+08:00" level=info msg="[UE] Initiating Registration"
time="2026-08-11T21:23:18+08:00" level=info msg="[UE] Switched from state 0 to state 1"
time="2026-08-11T21:23:18+08:00" level=info msg="[GNB][SCTP] Receive message in 0 stream\n"
time="2026-08-11T21:23:18+08:00" level=info msg="[GNB][NGAP] Receive Downlink NAS Transport"
time="2026-08-11T21:23:18+08:00" level=info msg="[UE][NAS] Message without security header"
time="2026-08-11T21:23:18+08:00" level=info msg="[UE][NAS] Receive Authentication Request"
time="2026-08-11T21:23:18+08:00" level=info msg="[UE][NAS][MAC] Authenticity of the authentication request message: OK"
time="2026-08-11T21:23:18+08:00" level=info msg="[UE][NAS][SQN] SQN of the authentication request message: VALID"
time="2026-08-11T21:23:18+08:00" level=info msg="[UE][NAS] Send authentication response"
time="2026-08-11T21:23:18+08:00" level=info msg="[GNB][SCTP] Receive message in 0 stream\n"
time="2026-08-11T21:23:18+08:00" level=info msg="[TESTER] TESTING REGISTRATION USING IMSI 0000017075 UE"
time="2026-08-11T21:23:18+08:00" level=info msg="[GNB] Received incoming connection from new UE"
time="2026-08-11T21:23:18+08:00" level=info msg="[UE] Initiating Registration"
time="2026-08-11T21:23:18+08:00" level=info msg="[UE] Switched from state 1 to state 2"
time="2026-08-11T21:23:18+08:00" level=info msg="[UE] Switched from state 0 to state 1"
time="2026-08-11T21:23:18+08:00" level=info msg="[GNB][NGAP] Receive Downlink NAS Transport"
time="2026-08-11T21:23:18+08:00" level=info msg="[UE][NAS] Message without security header"
time="2026-08-11T21:23:18+08:00" level=info msg="[UE][NAS] Receive Authentication Request"
time="2026-08-11T21:23:18+08:00" level=info msg="[UE][NAS][MAC] Authenticity of the authentication request message: OK"
time="2026-08-11T21:23:18+08:00" level=info msg="[UE][NAS][SQN] SQN of the authentication request message: VALID"
time="2026-08-11T21:23:18+08:00" level=info msg="[UE][NAS] Send authentication response"
time="2026-08-11T21:23:18+08:00" level=info msg="[UE] Switched from state 1 to state 2"
time="2026-08-11T21:23:18+08:00" level=info msg="[TESTER] TESTING REGISTRATION USING IMSI 0000017076 UE"
time="2026-08-11T21:23:18+08:00" level=info msg="[GNB] Received incoming connection from new UE"
time="2026-08-11T21:23:18+08:00" level=info msg="[UE] Initiating Registration"
time="2026-08-11T21:23:18+08:00" level=info msg="[UE] Switched from state 0 to state 1"
time="2026-08-11T21:23:18+08:00" level=info msg="[TESTER] TESTING REGISTRATION USING IMSI 0000017077 UE"
time="2026-08-11T21:23:18+08:00" level=info msg="[GNB] Received incoming connection from new UE"
time="2026-08-11T21:23:18+08:00" level=info msg="[UE] Initiating Registration"
time="2026-08-11T21:23:18+08:00" level=info msg="[UE] Switched from state 0 to state 1"
time="2026-08-11T21:23:18+08:00" level=info msg="[GNB][SCTP] Receive message in 0 stream\n"
time="2026-08-11T21:23:18+08:00" level=info msg="[GNB][NGAP] Receive Downlink NAS Transport"
time="2026-08-11T21:23:18+08:00" level=info msg="[UE][NAS] Message without security header"
time="2026-08-11T21:23:18+08:00" level=info msg="[UE][NAS] Receive Authentication Request"
time="2026-08-11T21:23:18+08:00" level=info msg="[UE][NAS][MAC] Authenticity of the authentication request message: OK"
time="2026-08-11T21:23:18+08:00" level=info msg="[UE][NAS][SQN] SQN of the authentication request message: VALID"
time="2026-08-11T21:23:18+08:00" level=info msg="[UE][NAS] Send authentication response"
time="2026-08-11T21:23:18+08:00" level=info msg="[UE] Switched from state 1 to state 2"
time="2026-08-11T21:23:18+08:00" level=info msg="[TESTER] TESTING REGISTRATION USING IMSI 0000017078 UE"
time="2026-08-11T21:23:18+08:00" level=info msg="[GNB] Received incoming connection from new UE"
time="2026-08-11T21:23:18+08:00" level=info msg="[UE] Initiating Registration"
time="2026-08-11T21:23:18+08:00" level=info msg="[UE] Switched from state 0 to state 1"
time="2026-08-11T21:23:19+08:00" level=info msg="[TESTER] TESTING REGISTRATION USING IMSI 0000017079 UE"
time="2026-08-11T21:23:19+08:00" level=info msg="[GNB] Received incoming connection from new UE"
time="2026-08-11T21:23:19+08:00" level=info msg="[UE] Initiating Registration"
time="2026-08-11T21:23:19+08:00" level=info msg="[UE] Switched from state 0 to state 1"
time="2026-08-11T21:23:19+08:00" level=info msg="[GNB][SCTP] Receive message in 0 stream\n"
time="2026-08-11T21:23:19+08:00" level=info msg="[GNB][NGAP] Receive Downlink NAS Transport"
time="2026-08-11T21:23:19+08:00" level=info msg="[UE][NAS] Message with security header"
time="2026-08-11T21:23:19+08:00" level=info msg="[UE][NAS] Message with integrity and with NEW 5G NAS SECURITY CONTEXT"
time="2026-08-11T21:23:19+08:00" level=info msg="[UE][NAS] successful NAS MAC verification"
time="2026-08-11T21:23:19+08:00" level=info msg="[UE][NAS] Receive Security Mode Command"
time="2026-08-11T21:23:19+08:00" level=info msg="[UE][NAS] Type of ciphering algorithm is 5G-EA0"
time="2026-08-11T21:23:19+08:00" level=info msg="[UE][NAS] Type of integrity protection algorithm is 128-5G-IA2"
time="2026-08-11T21:23:19+08:00" level=info msg="[GNB][SCTP] Receive message in 0 stream\n"
time="2026-08-11T21:23:19+08:00" level=info msg="[GNB][NGAP] Receive Downlink NAS Transport"
time="2026-08-11T21:23:19+08:00" level=info msg="[UE][NAS] Message without security header"
time="2026-08-11T21:23:19+08:00" level=info msg="[UE][NAS] Receive Authentication Request"
time="2026-08-11T21:23:19+08:00" level=info msg="[UE][NAS][MAC] Authenticity of the authentication request message: OK"
time="2026-08-11T21:23:19+08:00" level=info msg="[UE][NAS][SQN] SQN of the authentication request message: VALID"
time="2026-08-11T21:23:19+08:00" level=info msg="[UE][NAS] Send authentication response"
time="2026-08-11T21:23:19+08:00" level=info msg="[UE] Switched from state 1 to state 2"
time="2026-08-11T21:23:19+08:00" level=info msg="[TESTER] TESTING REGISTRATION USING IMSI 0000017080 UE"
time="2026-08-11T21:23:19+08:00" level=info msg="[GNB] Received incoming connection from new UE"
time="2026-08-11T21:23:19+08:00" level=info msg="[UE] Initiating Registration"
time="2026-08-11T21:23:19+08:00" level=info msg="[UE] Switched from state 0 to state 1"
time="2026-08-11T21:23:19+08:00" level=info msg="[GNB][SCTP] Receive message in 0 stream\n"
time="2026-08-11T21:23:19+08:00" level=info msg="[GNB][NGAP] Receive Downlink NAS Transport"
time="2026-08-11T21:23:19+08:00" level=info msg="[UE][NAS] Message without security header"
time="2026-08-11T21:23:19+08:00" level=info msg="[UE][NAS] Receive Authentication Request"
time="2026-08-11T21:23:19+08:00" level=info msg="[UE][NAS][MAC] Authenticity of the authentication request message: OK"
time="2026-08-11T21:23:19+08:00" level=info msg="[UE][NAS][SQN] SQN of the authentication request message: VALID"
time="2026-08-11T21:23:19+08:00" level=info msg="[UE][NAS] Send authentication response"
time="2026-08-11T21:23:19+08:00" level=info msg="[GNB][SCTP] Receive message in 0 stream\n"
time="2026-08-11T21:23:19+08:00" level=info msg="[UE] Switched from state 1 to state 2"
time="2026-08-11T21:23:19+08:00" level=info msg="[GNB][NGAP] Receive Downlink NAS Transport"
time="2026-08-11T21:23:19+08:00" level=info msg="[UE][NAS] Message without security header"
time="2026-08-11T21:23:19+08:00" level=info msg="[UE][NAS] Receive Authentication Request"
time="2026-08-11T21:23:19+08:00" level=info msg="[UE][NAS][MAC] Authenticity of the authentication request message: OK"
time="2026-08-11T21:23:19+08:00" level=info msg="[UE][NAS][SQN] SQN of the authentication request message: VALID"
time="2026-08-11T21:23:19+08:00" level=info msg="[UE][NAS] Send authentication response"
time="2026-08-11T21:23:19+08:00" level=info msg="[UE] Switched from state 1 to state 2"
time="2026-08-11T21:23:19+08:00" level=info msg="[GNB][SCTP] Receive message in 0 stream\n"
time="2026-08-11T21:23:19+08:00" level=info msg="[GNB][NGAP] Receive Downlink NAS Transport"
time="2026-08-11T21:23:19+08:00" level=info msg="[UE][NAS] Message without security header"
time="2026-08-11T21:23:19+08:00" level=info msg="[UE][NAS] Receive Authentication Request"
time="2026-08-11T21:23:19+08:00" level=info msg="[UE][NAS][MAC] Authenticity of the authentication request message: OK"
time="2026-08-11T21:23:19+08:00" level=info msg="[UE][NAS][SQN] SQN of the authentication request message: VALID"
time="2026-08-11T21:23:19+08:00" level=info msg="[UE][NAS] Send authentication response"
time="2026-08-11T21:23:19+08:00" level=info msg="[UE] Switched from state 1 to state 2"
time="2026-08-11T21:23:19+08:00" level=info msg="[TESTER] TESTING REGISTRATION USING IMSI 0000017081 UE"
time="2026-08-11T21:23:19+08:00" level=info msg="[GNB] Received incoming connection from new UE"
time="2026-08-11T21:23:19+08:00" level=info msg="[UE] Initiating Registration"
time="2026-08-11T21:23:19+08:00" level=info msg="[UE] Switched from state 0 to state 1"
time="2026-08-11T21:23:19+08:00" level=info msg="[GNB][SCTP] Receive message in 0 stream\n"
time="2026-08-11T21:23:19+08:00" level=info msg="[GNB][NGAP] Receive Downlink NAS Transport"
time="2026-08-11T21:23:19+08:00" level=info msg="[UE][NAS] Message with security header"
time="2026-08-11T21:23:19+08:00" level=info msg="[UE][NAS] Message with integrity and with NEW 5G NAS SECURITY CONTEXT"
time="2026-08-11T21:23:19+08:00" level=info msg="[UE][NAS] successful NAS MAC verification"
time="2026-08-11T21:23:19+08:00" level=info msg="[UE][NAS] Receive Security Mode Command"
time="2026-08-11T21:23:19+08:00" level=info msg="[UE][NAS] Type of ciphering algorithm is 5G-EA0"
time="2026-08-11T21:23:19+08:00" level=info msg="[UE][NAS] Type of integrity protection algorithm is 128-5G-IA2"
time="2026-08-11T21:23:19+08:00" level=info msg="[TESTER] TESTING REGISTRATION USING IMSI 0000017082 UE"
time="2026-08-11T21:23:19+08:00" level=info msg="[GNB] Received incoming connection from new UE"
time="2026-08-11T21:23:19+08:00" level=info msg="[UE] Initiating Registration"
time="2026-08-11T21:23:19+08:00" level=info msg="[UE] Switched from state 0 to state 1"
time="2026-08-11T21:23:19+08:00" level=info msg="[GNB][SCTP] Receive message in 0 stream\n"
time="2026-08-11T21:23:19+08:00" level=info msg="[GNB][NGAP] Receive Downlink NAS Transport"
time="2026-08-11T21:23:19+08:00" level=info msg="[UE][NAS] Message with security header"
time="2026-08-11T21:23:19+08:00" level=info msg="[UE][NAS] Message with integrity and with NEW 5G NAS SECURITY CONTEXT"
time="2026-08-11T21:23:19+08:00" level=info msg="[UE][NAS] successful NAS MAC verification"
time="2026-08-11T21:23:19+08:00" level=info msg="[UE][NAS] Receive Security Mode Command"
time="2026-08-11T21:23:19+08:00" level=info msg="[UE][NAS] Type of ciphering algorithm is 5G-EA0"
time="2026-08-11T21:23:19+08:00" level=info msg="[UE][NAS] Type of integrity protection algorithm is 128-5G-IA2"
time="2026-08-11T21:23:19+08:00" level=info msg="[GNB][SCTP] Receive message in 0 stream\n"
time="2026-08-11T21:23:19+08:00" level=info msg="[GNB][NGAP] Receive Downlink NAS Transport"
time="2026-08-11T21:23:19+08:00" level=info msg="[UE][NAS] Message with security header"
time="2026-08-11T21:23:19+08:00" level=info msg="[UE][NAS] Message with integrity and with NEW 5G NAS SECURITY CONTEXT"
time="2026-08-11T21:23:19+08:00" level=info msg="[UE][NAS] successful NAS MAC verification"
time="2026-08-11T21:23:19+08:00" level=info msg="[UE][NAS] Receive Security Mode Command"
time="2026-08-11T21:23:19+08:00" level=info msg="[UE][NAS] Type of ciphering algorithm is 5G-EA0"
time="2026-08-11T21:23:19+08:00" level=info msg="[UE][NAS] Type of integrity protection algorithm is 128-5G-IA2"
time="2026-08-11T21:23:19+08:00" level=info msg="[TESTER] TESTING REGISTRATION USING IMSI 0000017083 UE"
time="2026-08-11T21:23:19+08:00" level=info msg="[GNB] Received incoming connection from new UE"
time="2026-08-11T21:23:19+08:00" level=info msg="[UE] Initiating Registration"
time="2026-08-11T21:23:19+08:00" level=info msg="[UE] Switched from state 0 to state 1"
time="2026-08-11T21:23:19+08:00" level=info msg="[TESTER] TESTING REGISTRATION USING IMSI 0000017084 UE"
time="2026-08-11T21:23:19+08:00" level=info msg="[GNB] Received incoming connection from new UE"
time="2026-08-11T21:23:19+08:00" level=info msg="[UE] Initiating Registration"
time="2026-08-11T21:23:19+08:00" level=info msg="[UE] Switched from state 0 to state 1"
time="2026-08-11T21:23:19+08:00" level=info msg="[TESTER] TESTING REGISTRATION USING IMSI 0000017085 UE"
time="2026-08-11T21:23:19+08:00" level=info msg="[GNB] Received incoming connection from new UE"
time="2026-08-11T21:23:19+08:00" level=info msg="[UE] Initiating Registration"
time="2026-08-11T21:23:19+08:00" level=info msg="[UE] Switched from state 0 to state 1"
time="2026-08-11T21:23:19+08:00" level=info msg="[TESTER] TESTING REGISTRATION USING IMSI 0000017086 UE"
time="2026-08-11T21:23:19+08:00" level=info msg="[GNB] Received incoming connection from new UE"
time="2026-08-11T21:23:19+08:00" level=info msg="[UE] Initiating Registration"
time="2026-08-11T21:23:19+08:00" level=info msg="[UE] Switched from state 0 to state 1"
time="2026-08-11T21:23:19+08:00" level=info msg="[TESTER] TESTING REGISTRATION USING IMSI 0000017087 UE"
time="2026-08-11T21:23:19+08:00" level=info msg="[GNB] Received incoming connection from new UE"
time="2026-08-11T21:23:19+08:00" level=info msg="[UE] Initiating Registration"
time="2026-08-11T21:23:19+08:00" level=info msg="[UE] Switched from state 0 to state 1"
time="2026-08-11T21:23:19+08:00" level=info msg="[GNB][SCTP] Receive message in 0 stream\n"
time="2026-08-11T21:23:19+08:00" level=info msg="[GNB][NGAP] Receive Initial Context Setup Request"
time="2026-08-11T21:23:19+08:00" level=info msg="[GNB][UE] UE Context was created with successful"
time="2026-08-11T21:23:19+08:00" level=info msg="[GNB][UE] UE RAN ID 23"
time="2026-08-11T21:23:19+08:00" level=info msg="[GNB][UE] UE AMF ID 22"
time="2026-08-11T21:23:19+08:00" level=info msg="[GNB][UE] UE Mobility Restrict --Plmn-- Mcc: 208 Mnc: 93"
time="2026-08-11T21:23:19+08:00" level=info msg="[GNB][UE] UE Masked Imeisv: 1110000000ffff00"
time="2026-08-11T21:23:19+08:00" level=info msg="[GNB][UE] Allowed Nssai-- Sst: [01 01] Sd: [010203 112233]"
time="2026-08-11T21:23:19+08:00" level=info msg="[GNB][NGAP][AMF] Send Initial Context Setup Response."
time="2026-08-11T21:23:19+08:00" level=info msg="[GNB] Initiating Initial Context Setup Response"
time="2026-08-11T21:23:19+08:00" level=info msg="[GNB][NGAP] No PDU Session to set up in InitialContextSetupResponse."
time="2026-08-11T21:23:19+08:00" level=info msg="[UE][NAS] Message with security header"
time="2026-08-11T21:23:19+08:00" level=info msg="[UE][NAS] Message with integrity and ciphered"
time="2026-08-11T21:23:19+08:00" level=info msg="[UE][NAS] successful NAS CIPHERING"
time="2026-08-11T21:23:19+08:00" level=info msg="[UE][NAS] successful NAS MAC verification"
time="2026-08-11T21:23:19+08:00" level=info msg="[UE][NAS] Receive Registration Accept"
time="2026-08-11T21:23:19+08:00" level=info msg="[UE][NAS] UE 5G GUTI: &{119 11 [242 2 248 57 202 254 0 0 0 2 101]}"
time="2026-08-11T21:23:19+08:00" level=info msg="[UE] Switched from state 2 to state 3"
time="2026-08-11T21:23:19+08:00" level=info msg="[TESTER] TESTING REGISTRATION USING IMSI 0000017088 UE"
time="2026-08-11T21:23:19+08:00" level=info msg="[GNB] Received incoming connection from new UE"
time="2026-08-11T21:23:19+08:00" level=info msg="[UE] Initiating Registration"
time="2026-08-11T21:23:19+08:00" level=info msg="[UE] Switched from state 0 to state 1"
time="2026-08-11T21:23:19+08:00" level=info msg="[TESTER] TESTING REGISTRATION USING IMSI 0000017089 UE"
time="2026-08-11T21:23:19+08:00" level=info msg="[GNB] Received incoming connection from new UE"
time="2026-08-11T21:23:19+08:00" level=info msg="[UE] Initiating Registration"
time="2026-08-11T21:23:19+08:00" level=info msg="[UE] Switched from state 0 to state 1"
time="2026-08-11T21:23:19+08:00" level=info msg="[GNB][SCTP] Receive message in 0 stream\n"
time="2026-08-11T21:23:19+08:00" level=info msg="[GNB][SCTP] Receive message in 0 stream\n"
time="2026-08-11T21:23:19+08:00" level=info msg="[GNB][NGAP] Receive Downlink NAS Transport"
time="2026-08-11T21:23:19+08:00" level=info msg="[UE][NAS] Message without security header"
time="2026-08-11T21:23:19+08:00" level=info msg="[UE][NAS] Receive Authentication Request"
time="2026-08-11T21:23:19+08:00" level=info msg="[UE][NAS][MAC] Authenticity of the authentication request message: OK"
time="2026-08-11T21:23:19+08:00" level=info msg="[UE][NAS][SQN] SQN of the authentication request message: VALID"
time="2026-08-11T21:23:19+08:00" level=info msg="[UE][NAS] Send authentication response"
time="2026-08-11T21:23:19+08:00" level=info msg="[GNB][NGAP] Receive Downlink NAS Transport"
time="2026-08-11T21:23:19+08:00" level=info msg="[UE][NAS] Message without security header"
time="2026-08-11T21:23:19+08:00" level=info msg="[UE][NAS] Receive Authentication Request"
time="2026-08-11T21:23:19+08:00" level=info msg="[UE][NAS][MAC] Authenticity of the authentication request message: OK"
time="2026-08-11T21:23:19+08:00" level=info msg="[UE][NAS][SQN] SQN of the authentication request message: VALID"
time="2026-08-11T21:23:19+08:00" level=info msg="[UE][NAS] Send authentication response"
time="2026-08-11T21:23:19+08:00" level=info msg="[UE] Switched from state 1 to state 2"
time="2026-08-11T21:23:19+08:00" level=info msg="[UE] Switched from state 1 to state 2"
time="2026-08-11T21:23:19+08:00" level=info msg="[TESTER] TESTING REGISTRATION USING IMSI 0000017090 UE"
time="2026-08-11T21:23:19+08:00" level=info msg="[GNB] Received incoming connection from new UE"
time="2026-08-11T21:23:19+08:00" level=info msg="[UE] Initiating Registration"
time="2026-08-11T21:23:19+08:00" level=info msg="[UE] Switched from state 0 to state 1"
time="2026-08-11T21:23:19+08:00" level=info msg="[GNB][SCTP] Receive message in 0 stream\n"
time="2026-08-11T21:23:19+08:00" level=info msg="[GNB][SCTP] Receive message in 0 stream\n"
time="2026-08-11T21:23:19+08:00" level=info msg="[GNB][NGAP] Receive Downlink NAS Transport"
time="2026-08-11T21:23:19+08:00" level=info msg="[UE][NAS] Message with security header"
time="2026-08-11T21:23:19+08:00" level=info msg="[UE][NAS] Message with integrity and ciphered"
time="2026-08-11T21:23:19+08:00" level=info msg="[UE][NAS] successful NAS CIPHERING"
time="2026-08-11T21:23:19+08:00" level=info msg="[UE][NAS] successful NAS MAC verification"
time="2026-08-11T21:23:19+08:00" level=info msg="[UE][NAS] Receive Configuration Update Command"
time="2026-08-11T21:23:19+08:00" level=info msg="[UE] Initiating Configuration Update Complete"
time="2026-08-11T21:23:19+08:00" level=info msg="[GNB][NGAP] Receive Downlink NAS Transport"
time="2026-08-11T21:23:19+08:00" level=info msg="[UE][NAS] Message with security header"
time="2026-08-11T21:23:19+08:00" level=info msg="[UE][NAS] Message with integrity and ciphered"
time="2026-08-11T21:23:19+08:00" level=info msg="[UE][NAS] successful NAS CIPHERING"
time="2026-08-11T21:23:19+08:00" level=info msg="[UE][NAS] successful NAS MAC verification"
time="2026-08-11T21:23:19+08:00" level=info msg="[UE][NAS] Receive Configuration Update Command"
time="2026-08-11T21:23:19+08:00" level=info msg="[UE] Initiating Configuration Update Complete"
time="2026-08-11T21:23:19+08:00" level=info msg="[GNB][SCTP] Receive message in 0 stream\n"
time="2026-08-11T21:23:19+08:00" level=info msg="[GNB][SCTP] Receive message in 0 stream\n"
time="2026-08-11T21:23:19+08:00" level=info msg="[GNB][NGAP] Receive Downlink NAS Transport"
time="2026-08-11T21:23:19+08:00" level=info msg="[UE][NAS] Message without security header"
time="2026-08-11T21:23:19+08:00" level=info msg="[UE][NAS] Receive Authentication Request"
time="2026-08-11T21:23:19+08:00" level=info msg="[UE][NAS][MAC] Authenticity of the authentication request message: OK"
time="2026-08-11T21:23:19+08:00" level=info msg="[UE][NAS][SQN] SQN of the authentication request message: VALID"
time="2026-08-11T21:23:19+08:00" level=info msg="[UE][NAS] Send authentication response"
time="2026-08-11T21:23:19+08:00" level=info msg="[UE] Switched from state 1 to state 2"
time="2026-08-11T21:23:19+08:00" level=info msg="[GNB][NGAP] Receive Downlink NAS Transport"
time="2026-08-11T21:23:19+08:00" level=info msg="[TESTER] TESTING REGISTRATION USING IMSI 0000017091 UE"
time="2026-08-11T21:23:19+08:00" level=info msg="[GNB] Received incoming connection from new UE"
time="2026-08-11T21:23:19+08:00" level=info msg="[UE] Initiating Registration"
time="2026-08-11T21:23:19+08:00" level=info msg="[UE] Switched from state 0 to state 1"
time="2026-08-11T21:23:19+08:00" level=info msg="[UE][NAS] Message without security header"
time="2026-08-11T21:23:19+08:00" level=info msg="[UE][NAS] Receive Authentication Request"
time="2026-08-11T21:23:19+08:00" level=info msg="[UE][NAS][MAC] Authenticity of the authentication request message: OK"
time="2026-08-11T21:23:19+08:00" level=info msg="[UE][NAS][SQN] SQN of the authentication request message: VALID"
time="2026-08-11T21:23:19+08:00" level=info msg="[UE][NAS] Send authentication response"
time="2026-08-11T21:23:19+08:00" level=info msg="[UE] Switched from state 1 to state 2"
time="2026-08-11T21:23:19+08:00" level=info msg="[TESTER] TESTING REGISTRATION USING IMSI 0000017092 UE"
time="2026-08-11T21:23:19+08:00" level=info msg="[GNB] Received incoming connection from new UE"
time="2026-08-11T21:23:19+08:00" level=info msg="[UE] Initiating Registration"
time="2026-08-11T21:23:19+08:00" level=info msg="[UE] Switched from state 0 to state 1"
time="2026-08-11T21:23:19+08:00" level=info msg="[GNB][SCTP] Receive message in 0 stream\n"
time="2026-08-11T21:23:19+08:00" level=info msg="[GNB][SCTP] Receive message in 0 stream\n"
time="2026-08-11T21:23:19+08:00" level=info msg="[GNB][NGAP] Receive Downlink NAS Transport"
time="2026-08-11T21:23:19+08:00" level=info msg="[UE][NAS] Message with security header"
time="2026-08-11T21:23:19+08:00" level=info msg="[UE][NAS] Message with integrity and with NEW 5G NAS SECURITY CONTEXT"
time="2026-08-11T21:23:19+08:00" level=info msg="[UE][NAS] successful NAS MAC verification"
time="2026-08-11T21:23:19+08:00" level=info msg="[UE][NAS] Receive Security Mode Command"
time="2026-08-11T21:23:19+08:00" level=info msg="[UE][NAS] Type of ciphering algorithm is 5G-EA0"
time="2026-08-11T21:23:19+08:00" level=info msg="[UE][NAS] Type of integrity protection algorithm is 128-5G-IA2"
time="2026-08-11T21:23:19+08:00" level=info msg="[GNB][NGAP] Receive Downlink NAS Transport"
time="2026-08-11T21:23:19+08:00" level=info msg="[UE][NAS] Message without security header"
time="2026-08-11T21:23:19+08:00" level=info msg="[UE][NAS] Receive Authentication Request"
time="2026-08-11T21:23:19+08:00" level=info msg="[UE][NAS][MAC] Authenticity of the authentication request message: OK"
time="2026-08-11T21:23:19+08:00" level=info msg="[UE][NAS][SQN] SQN of the authentication request message: VALID"
time="2026-08-11T21:23:19+08:00" level=info msg="[UE][NAS] Send authentication response"
time="2026-08-11T21:23:19+08:00" level=info msg="[UE] Switched from state 1 to state 2"
time="2026-08-11T21:23:19+08:00" level=info msg="[TESTER] TESTING REGISTRATION USING IMSI 0000017093 UE"
time="2026-08-11T21:23:19+08:00" level=info msg="[GNB] Received incoming connection from new UE"
time="2026-08-11T21:23:19+08:00" level=info msg="[UE] Initiating Registration"
time="2026-08-11T21:23:19+08:00" level=info msg="[UE] Switched from state 0 to state 1"
time="2026-08-11T21:23:19+08:00" level=info msg="[GNB][SCTP] Receive message in 0 stream\n"
time="2026-08-11T21:23:19+08:00" level=info msg="[GNB][SCTP] Receive message in 0 stream\n"
time="2026-08-11T21:23:19+08:00" level=info msg="[GNB][NGAP] Receive Downlink NAS Transport"
time="2026-08-11T21:23:19+08:00" level=info msg="[UE][NAS] Message with security header"
time="2026-08-11T21:23:19+08:00" level=info msg="[UE][NAS] Message with integrity and with NEW 5G NAS SECURITY CONTEXT"
time="2026-08-11T21:23:19+08:00" level=info msg="[UE][NAS] successful NAS MAC verification"
time="2026-08-11T21:23:19+08:00" level=info msg="[UE][NAS] Receive Security Mode Command"
time="2026-08-11T21:23:19+08:00" level=info msg="[UE][NAS] Type of ciphering algorithm is 5G-EA0"
time="2026-08-11T21:23:19+08:00" level=info msg="[UE][NAS] Type of integrity protection algorithm is 128-5G-IA2"
time="2026-08-11T21:23:19+08:00" level=info msg="[GNB][NGAP] Receive Downlink NAS Transport"
time="2026-08-11T21:23:19+08:00" level=info msg="[UE][NAS] Message without security header"
time="2026-08-11T21:23:19+08:00" level=info msg="[UE][NAS] Receive Authentication Request"
time="2026-08-11T21:23:19+08:00" level=info msg="[UE][NAS][MAC] Authenticity of the authentication request message: OK"
time="2026-08-11T21:23:19+08:00" level=info msg="[UE][NAS][SQN] SQN of the authentication request message: VALID"
time="2026-08-11T21:23:19+08:00" level=info msg="[UE][NAS] Send authentication response"
time="2026-08-11T21:23:19+08:00" level=info msg="[UE] Switched from state 1 to state 2"
time="2026-08-11T21:23:19+08:00" level=info msg="[GNB][SCTP] Receive message in 0 stream\n"
time="2026-08-11T21:23:19+08:00" level=info msg="[GNB][SCTP] Receive message in 0 stream\n"
time="2026-08-11T21:23:19+08:00" level=info msg="[GNB][NGAP] Receive Downlink NAS Transport"
time="2026-08-11T21:23:19+08:00" level=info msg="[UE][NAS] Message without security header"
time="2026-08-11T21:23:19+08:00" level=info msg="[UE][NAS] Receive Authentication Request"
time="2026-08-11T21:23:19+08:00" level=info msg="[UE][NAS][MAC] Authenticity of the authentication request message: OK"
time="2026-08-11T21:23:19+08:00" level=info msg="[UE][NAS][SQN] SQN of the authentication request message: VALID"
time="2026-08-11T21:23:19+08:00" level=info msg="[UE][NAS] Send authentication response"
time="2026-08-11T21:23:19+08:00" level=info msg="[UE] Switched from state 1 to state 2"
time="2026-08-11T21:23:19+08:00" level=info msg="[GNB][NGAP] Receive Downlink NAS Transport"
time="2026-08-11T21:23:19+08:00" level=info msg="[UE][NAS] Message with security header"
time="2026-08-11T21:23:19+08:00" level=info msg="[UE][NAS] Message with integrity and ciphered"
time="2026-08-11T21:23:19+08:00" level=info msg="[UE][NAS] successful NAS CIPHERING"
time="2026-08-11T21:23:19+08:00" level=info msg="[UE][NAS] successful NAS MAC verification"
time="2026-08-11T21:23:19+08:00" level=info msg="[UE][NAS] Receive Configuration Update Command"
time="2026-08-11T21:23:19+08:00" level=info msg="[UE] Initiating Configuration Update Complete"
time="2026-08-11T21:23:19+08:00" level=info msg="[TESTER] TESTING REGISTRATION USING IMSI 0000017094 UE"
time="2026-08-11T21:23:19+08:00" level=info msg="[GNB] Received incoming connection from new UE"
time="2026-08-11T21:23:19+08:00" level=info msg="[UE] Initiating Registration"
time="2026-08-11T21:23:19+08:00" level=info msg="[UE] Switched from state 0 to state 1"
time="2026-08-11T21:23:19+08:00" level=info msg="[GNB][SCTP] Receive message in 0 stream\n"
time="2026-08-11T21:23:19+08:00" level=info msg="[GNB][NGAP] Receive Downlink NAS Transport"
time="2026-08-11T21:23:19+08:00" level=info msg="[UE][NAS] Message without security header"
time="2026-08-11T21:23:19+08:00" level=info msg="[UE][NAS] Receive Authentication Request"
time="2026-08-11T21:23:19+08:00" level=info msg="[UE][NAS][MAC] Authenticity of the authentication request message: OK"
time="2026-08-11T21:23:19+08:00" level=info msg="[UE][NAS][SQN] SQN of the authentication request message: VALID"
time="2026-08-11T21:23:19+08:00" level=info msg="[UE][NAS] Send authentication response"
time="2026-08-11T21:23:19+08:00" level=info msg="[UE] Switched from state 1 to state 2"
time="2026-08-11T21:23:19+08:00" level=info msg="[TESTER] TESTING REGISTRATION USING IMSI 0000017095 UE"
time="2026-08-11T21:23:19+08:00" level=info msg="[GNB] Received incoming connection from new UE"
time="2026-08-11T21:23:19+08:00" level=info msg="[UE] Initiating Registration"
time="2026-08-11T21:23:19+08:00" level=info msg="[UE] Switched from state 0 to state 1"
time="2026-08-11T21:23:19+08:00" level=info msg="[GNB][SCTP] Receive message in 0 stream\n"
time="2026-08-11T21:23:19+08:00" level=info msg="[GNB][NGAP] Receive Initial Context Setup Request"
time="2026-08-11T21:23:19+08:00" level=info msg="[GNB][UE] UE Context was created with successful"
time="2026-08-11T21:23:19+08:00" level=info msg="[GNB][UE] UE RAN ID 14"
time="2026-08-11T21:23:19+08:00" level=info msg="[GNB][UE] UE AMF ID 13"
time="2026-08-11T21:23:19+08:00" level=info msg="[GNB][UE] UE Mobility Restrict --Plmn-- Mcc: 208 Mnc: 93"
time="2026-08-11T21:23:19+08:00" level=info msg="[GNB][UE] UE Masked Imeisv: 1110000000ffff00"
time="2026-08-11T21:23:19+08:00" level=info msg="[GNB][UE] Allowed Nssai-- Sst: [01 01] Sd: [010203 112233]"
time="2026-08-11T21:23:19+08:00" level=info msg="[GNB][NGAP][AMF] Send Initial Context Setup Response."
time="2026-08-11T21:23:19+08:00" level=info msg="[GNB] Initiating Initial Context Setup Response"
time="2026-08-11T21:23:19+08:00" level=info msg="[GNB][NGAP] No PDU Session to set up in InitialContextSetupResponse."
time="2026-08-11T21:23:19+08:00" level=info msg="[UE][NAS] Message with security header"
time="2026-08-11T21:23:19+08:00" level=info msg="[UE][NAS] Message with integrity and ciphered"
time="2026-08-11T21:23:19+08:00" level=info msg="[UE][NAS] successful NAS CIPHERING"
time="2026-08-11T21:23:19+08:00" level=info msg="[UE][NAS] successful NAS MAC verification"
time="2026-08-11T21:23:19+08:00" level=info msg="[UE][NAS] Receive Registration Accept"
time="2026-08-11T21:23:19+08:00" level=info msg="[UE][NAS] UE 5G GUTI: &{119 11 [242 2 248 57 202 254 0 0 0 2 96]}"
time="2026-08-11T21:23:19+08:00" level=info msg="[UE] Switched from state 2 to state 3"
time="2026-08-11T21:23:19+08:00" level=info msg="[TESTER] TESTING REGISTRATION USING IMSI 0000017096 UE"
time="2026-08-11T21:23:19+08:00" level=info msg="[GNB] Received incoming connection from new UE"
time="2026-08-11T21:23:19+08:00" level=info msg="[UE] Initiating Registration"
time="2026-08-11T21:23:19+08:00" level=info msg="[UE] Switched from state 0 to state 1"
time="2026-08-11T21:23:19+08:00" level=info msg="[TESTER] TESTING REGISTRATION USING IMSI 0000017097 UE"
time="2026-08-11T21:23:19+08:00" level=info msg="[GNB] Received incoming connection from new UE"
time="2026-08-11T21:23:19+08:00" level=info msg="[UE] Initiating Registration"
time="2026-08-11T21:23:19+08:00" level=info msg="[UE] Switched from state 0 to state 1"
time="2026-08-11T21:23:19+08:00" level=info msg="[GNB][SCTP] Receive message in 0 stream\n"
time="2026-08-11T21:23:19+08:00" level=info msg="[GNB][NGAP] Receive Initial Context Setup Request"
time="2026-08-11T21:23:19+08:00" level=info msg="[GNB][UE] UE Context was created with successful"
time="2026-08-11T21:23:19+08:00" level=info msg="[GNB][UE] UE RAN ID 8"
time="2026-08-11T21:23:19+08:00" level=info msg="[GNB][UE] UE AMF ID 7"
time="2026-08-11T21:23:19+08:00" level=info msg="[GNB][UE] UE Mobility Restrict --Plmn-- Mcc: 208 Mnc: 93"
time="2026-08-11T21:23:19+08:00" level=info msg="[GNB][UE] UE Masked Imeisv: 1110000000ffff00"
time="2026-08-11T21:23:19+08:00" level=info msg="[GNB][UE] Allowed Nssai-- Sst: [01 01] Sd: [010203 112233]"
time="2026-08-11T21:23:19+08:00" level=info msg="[GNB][NGAP][AMF] Send Initial Context Setup Response."
time="2026-08-11T21:23:19+08:00" level=info msg="[GNB] Initiating Initial Context Setup Response"
time="2026-08-11T21:23:19+08:00" level=info msg="[GNB][NGAP] No PDU Session to set up in InitialContextSetupResponse."
time="2026-08-11T21:23:19+08:00" level=info msg="[UE][NAS] Message with security header"
time="2026-08-11T21:23:19+08:00" level=info msg="[UE][NAS] Message with integrity and ciphered"
time="2026-08-11T21:23:19+08:00" level=info msg="[UE][NAS] successful NAS CIPHERING"
time="2026-08-11T21:23:19+08:00" level=info msg="[UE][NAS] successful NAS MAC verification"
time="2026-08-11T21:23:19+08:00" level=info msg="[UE][NAS] Receive Registration Accept"
time="2026-08-11T21:23:19+08:00" level=info msg="[UE][NAS] UE 5G GUTI: &{119 11 [242 2 248 57 202 254 0 0 0 2 91]}"
time="2026-08-11T21:23:19+08:00" level=info msg="[GNB][SCTP] Receive message in 0 stream\n"
time="2026-08-11T21:23:19+08:00" level=info msg="[UE] Switched from state 2 to state 3"
time="2026-08-11T21:23:19+08:00" level=info msg="[GNB][NGAP] Receive Downlink NAS Transport"
time="2026-08-11T21:23:19+08:00" level=info msg="[UE][NAS] Message without security header"
time="2026-08-11T21:23:19+08:00" level=info msg="[UE][NAS] Receive Authentication Request"
time="2026-08-11T21:23:19+08:00" level=info msg="[UE][NAS][MAC] Authenticity of the authentication request message: OK"
time="2026-08-11T21:23:19+08:00" level=info msg="[UE][NAS][SQN] SQN of the authentication request message: VALID"
time="2026-08-11T21:23:19+08:00" level=info msg="[UE][NAS] Send authentication response"
time="2026-08-11T21:23:19+08:00" level=info msg="[UE] Switched from state 1 to state 2"
time="2026-08-11T21:23:19+08:00" level=info msg="[GNB][SCTP] Receive message in 0 stream\n"
time="2026-08-11T21:23:19+08:00" level=info msg="[GNB][NGAP] Receive Downlink NAS Transport"
time="2026-08-11T21:23:19+08:00" level=info msg="[UE][NAS] Message without security header"
time="2026-08-11T21:23:19+08:00" level=info msg="[UE][NAS] Receive Authentication Request"
time="2026-08-11T21:23:19+08:00" level=info msg="[UE][NAS][MAC] Authenticity of the authentication request message: OK"
time="2026-08-11T21:23:19+08:00" level=info msg="[UE][NAS][SQN] SQN of the authentication request message: VALID"
time="2026-08-11T21:23:19+08:00" level=info msg="[UE][NAS] Send authentication response"
time="2026-08-11T21:23:19+08:00" level=info msg="[GNB][SCTP] Receive message in 0 stream\n"
time="2026-08-11T21:23:19+08:00" level=info msg="[UE] Switched from state 1 to state 2"
time="2026-08-11T21:23:19+08:00" level=info msg="[GNB][NGAP] Receive Downlink NAS Transport"
time="2026-08-11T21:23:19+08:00" level=info msg="[UE][NAS] Message without security header"
time="2026-08-11T21:23:19+08:00" level=info msg="[UE][NAS] Receive Authentication Request"
time="2026-08-11T21:23:19+08:00" level=info msg="[UE][NAS][MAC] Authenticity of the authentication request message: OK"
time="2026-08-11T21:23:19+08:00" level=info msg="[UE][NAS][SQN] SQN of the authentication request message: VALID"
time="2026-08-11T21:23:19+08:00" level=info msg="[UE][NAS] Send authentication response"
time="2026-08-11T21:23:19+08:00" level=info msg="[UE] Switched from state 1 to state 2"
time="2026-08-11T21:23:20+08:00" level=info msg="[TESTER] TESTING REGISTRATION USING IMSI 0000017098 UE"
time="2026-08-11T21:23:20+08:00" level=info msg="[GNB] Received incoming connection from new UE"
time="2026-08-11T21:23:20+08:00" level=info msg="[UE] Initiating Registration"
time="2026-08-11T21:23:20+08:00" level=info msg="[UE] Switched from state 0 to state 1"
time="2026-08-11T21:23:20+08:00" level=info msg="[GNB][SCTP] Receive message in 0 stream\n"
time="2026-08-11T21:23:20+08:00" level=info msg="[GNB][NGAP] Receive Downlink NAS Transport"
time="2026-08-11T21:23:20+08:00" level=info msg="[UE][NAS] Message without security header"
time="2026-08-11T21:23:20+08:00" level=info msg="[UE][NAS] Receive Authentication Request"
time="2026-08-11T21:23:20+08:00" level=info msg="[UE][NAS][MAC] Authenticity of the authentication request message: OK"
time="2026-08-11T21:23:20+08:00" level=info msg="[UE][NAS][SQN] SQN of the authentication request message: VALID"
time="2026-08-11T21:23:20+08:00" level=info msg="[UE][NAS] Send authentication response"
time="2026-08-11T21:23:20+08:00" level=info msg="[UE] Switched from state 1 to state 2"
time="2026-08-11T21:23:20+08:00" level=info msg="[GNB][SCTP] Receive message in 0 stream\n"
time="2026-08-11T21:23:20+08:00" level=info msg="[GNB][NGAP] Receive Downlink NAS Transport"
time="2026-08-11T21:23:20+08:00" level=info msg="[UE][NAS] Message with security header"
time="2026-08-11T21:23:20+08:00" level=info msg="[UE][NAS] Message with integrity and with NEW 5G NAS SECURITY CONTEXT"
time="2026-08-11T21:23:20+08:00" level=info msg="[UE][NAS] successful NAS MAC verification"
time="2026-08-11T21:23:20+08:00" level=info msg="[UE][NAS] Receive Security Mode Command"
time="2026-08-11T21:23:20+08:00" level=info msg="[UE][NAS] Type of ciphering algorithm is 5G-EA0"
time="2026-08-11T21:23:20+08:00" level=info msg="[UE][NAS] Type of integrity protection algorithm is 128-5G-IA2"
time="2026-08-11T21:23:20+08:00" level=info msg="[TESTER] TESTING REGISTRATION USING IMSI 0000017099 UE"
time="2026-08-11T21:23:20+08:00" level=info msg="[GNB] Received incoming connection from new UE"
time="2026-08-11T21:23:20+08:00" level=info msg="[UE] Initiating Registration"
time="2026-08-11T21:23:20+08:00" level=info msg="[UE] Switched from state 0 to state 1"
time="2026-08-11T21:23:20+08:00" level=info msg="[GNB][SCTP] Receive message in 0 stream\n"
time="2026-08-11T21:23:20+08:00" level=info msg="[GNB][NGAP] Receive Downlink NAS Transport"
time="2026-08-11T21:23:20+08:00" level=info msg="[UE][NAS] Message with security header"
time="2026-08-11T21:23:20+08:00" level=info msg="[UE][NAS] Message with integrity and with NEW 5G NAS SECURITY CONTEXT"
time="2026-08-11T21:23:20+08:00" level=info msg="[UE][NAS] successful NAS MAC verification"
time="2026-08-11T21:23:20+08:00" level=info msg="[UE][NAS] Receive Security Mode Command"
time="2026-08-11T21:23:20+08:00" level=info msg="[UE][NAS] Type of ciphering algorithm is 5G-EA0"
time="2026-08-11T21:23:20+08:00" level=info msg="[UE][NAS] Type of integrity protection algorithm is 128-5G-IA2"
time="2026-08-11T21:23:20+08:00" level=info msg="[TESTER] TESTING REGISTRATION USING IMSI 0000017100 UE"
time="2026-08-11T21:23:20+08:00" level=info msg="[GNB] Received incoming connection from new UE"
time="2026-08-11T21:23:20+08:00" level=info msg="[UE] Initiating Registration"
time="2026-08-11T21:23:20+08:00" level=info msg="[UE] Switched from state 0 to state 1"
time="2026-08-11T21:23:20+08:00" level=info msg="[GNB][SCTP] Receive message in 0 stream\n"
time="2026-08-11T21:23:20+08:00" level=info msg="[GNB][NGAP] Receive Downlink NAS Transport"
time="2026-08-11T21:23:20+08:00" level=info msg="[UE][NAS] Message without security header"
time="2026-08-11T21:23:20+08:00" level=info msg="[UE][NAS] Receive Authentication Request"
time="2026-08-11T21:23:20+08:00" level=info msg="[UE][NAS][MAC] Authenticity of the authentication request message: OK"
time="2026-08-11T21:23:20+08:00" level=info msg="[UE][NAS][SQN] SQN of the authentication request message: VALID"
time="2026-08-11T21:23:20+08:00" level=info msg="[UE][NAS] Send authentication response"
time="2026-08-11T21:23:20+08:00" level=info msg="[UE] Switched from state 1 to state 2"
time="2026-08-11T21:23:20+08:00" level=info msg="[GNB][SCTP] Receive message in 0 stream\n"
time="2026-08-11T21:23:20+08:00" level=info msg="[GNB][NGAP] Receive Initial Context Setup Request"
time="2026-08-11T21:23:20+08:00" level=info msg="[GNB][UE] UE Context was created with successful"
time="2026-08-11T21:23:20+08:00" level=info msg="[GNB][UE] UE RAN ID 12"
time="2026-08-11T21:23:20+08:00" level=info msg="[GNB][UE] UE AMF ID 11"
time="2026-08-11T21:23:20+08:00" level=info msg="[GNB][UE] UE Mobility Restrict --Plmn-- Mcc: 208 Mnc: 93"
time="2026-08-11T21:23:20+08:00" level=info msg="[GNB][UE] UE Masked Imeisv: 1110000000ffff00"
time="2026-08-11T21:23:20+08:00" level=info msg="[GNB][UE] Allowed Nssai-- Sst: [01 01] Sd: [010203 112233]"
time="2026-08-11T21:23:20+08:00" level=info msg="[GNB][NGAP][AMF] Send Initial Context Setup Response."
time="2026-08-11T21:23:20+08:00" level=info msg="[GNB] Initiating Initial Context Setup Response"
time="2026-08-11T21:23:20+08:00" level=info msg="[GNB][NGAP] No PDU Session to set up in InitialContextSetupResponse."
time="2026-08-11T21:23:20+08:00" level=info msg="[UE][NAS] Message with security header"
time="2026-08-11T21:23:20+08:00" level=info msg="[UE][NAS] Message with integrity and ciphered"
time="2026-08-11T21:23:20+08:00" level=info msg="[UE][NAS] successful NAS CIPHERING"
time="2026-08-11T21:23:20+08:00" level=info msg="[UE][NAS] successful NAS MAC verification"
time="2026-08-11T21:23:20+08:00" level=info msg="[UE][NAS] Receive Registration Accept"
time="2026-08-11T21:23:20+08:00" level=info msg="[UE][NAS] UE 5G GUTI: &{119 11 [242 2 248 57 202 254 0 0 0 2 94]}"
time="2026-08-11T21:23:20+08:00" level=info msg="[UE] Switched from state 2 to state 3"
time="2026-08-11T21:23:20+08:00" level=info msg="[GNB][SCTP] Receive message in 0 stream\n"
time="2026-08-11T21:23:20+08:00" level=info msg="[GNB][NGAP] Receive Downlink NAS Transport"
time="2026-08-11T21:23:20+08:00" level=info msg="[UE][NAS] Message with security header"
time="2026-08-11T21:23:20+08:00" level=info msg="[UE][NAS] Message with integrity and with NEW 5G NAS SECURITY CONTEXT"
time="2026-08-11T21:23:20+08:00" level=info msg="[UE][NAS] successful NAS MAC verification"
time="2026-08-11T21:23:20+08:00" level=info msg="[UE][NAS] Receive Security Mode Command"
time="2026-08-11T21:23:20+08:00" level=info msg="[UE][NAS] Type of ciphering algorithm is 5G-EA0"
time="2026-08-11T21:23:20+08:00" level=info msg="[UE][NAS] Type of integrity protection algorithm is 128-5G-IA2"
time="2026-08-11T21:23:20+08:00" level=info msg="[GNB][SCTP] Receive message in 0 stream\n"
time="2026-08-11T21:23:20+08:00" level=info msg="[GNB][NGAP] Receive Downlink NAS Transport"
time="2026-08-11T21:23:20+08:00" level=info msg="[UE][NAS] Message without security header"
time="2026-08-11T21:23:20+08:00" level=info msg="[UE][NAS] Receive Authentication Request"
time="2026-08-11T21:23:20+08:00" level=info msg="[UE][NAS][MAC] Authenticity of the authentication request message: OK"
time="2026-08-11T21:23:20+08:00" level=info msg="[UE][NAS][SQN] SQN of the authentication request message: VALID"
time="2026-08-11T21:23:20+08:00" level=info msg="[UE][NAS] Send authentication response"
time="2026-08-11T21:23:20+08:00" level=info msg="[UE] Switched from state 1 to state 2"
time="2026-08-11T21:23:20+08:00" level=info msg="[GNB][SCTP] Receive message in 0 stream\n"
time="2026-08-11T21:23:20+08:00" level=info msg="[GNB][NGAP] Receive Downlink NAS Transport"
time="2026-08-11T21:23:20+08:00" level=info msg="[UE][NAS] Message without security header"
time="2026-08-11T21:23:20+08:00" level=info msg="[UE][NAS] Receive Authentication Request"
time="2026-08-11T21:23:20+08:00" level=info msg="[UE][NAS][MAC] Authenticity of the authentication request message: OK"
time="2026-08-11T21:23:20+08:00" level=info msg="[UE][NAS][SQN] SQN of the authentication request message: VALID"
time="2026-08-11T21:23:20+08:00" level=info msg="[UE][NAS] Send authentication response"
time="2026-08-11T21:23:20+08:00" level=info msg="[UE] Switched from state 1 to state 2"
time="2026-08-11T21:23:20+08:00" level=info msg="[GNB][SCTP] Receive message in 0 stream\n"
time="2026-08-11T21:23:20+08:00" level=info msg="[GNB][NGAP] Receive Downlink NAS Transport"
time="2026-08-11T21:23:20+08:00" level=info msg="[UE][NAS] Message without security header"
time="2026-08-11T21:23:20+08:00" level=info msg="[UE][NAS] Receive Authentication Request"
time="2026-08-11T21:23:20+08:00" level=info msg="[UE][NAS][MAC] Authenticity of the authentication request message: OK"
time="2026-08-11T21:23:20+08:00" level=info msg="[UE][NAS][SQN] SQN of the authentication request message: VALID"
time="2026-08-11T21:23:20+08:00" level=info msg="[UE][NAS] Send authentication response"
time="2026-08-11T21:23:20+08:00" level=info msg="[UE] Switched from state 1 to state 2"
time="2026-08-11T21:23:20+08:00" level=info msg="[GNB][SCTP] Receive message in 0 stream\n"
time="2026-08-11T21:23:20+08:00" level=info msg="[GNB][SCTP] Receive message in 0 stream\n"
time="2026-08-11T21:23:20+08:00" level=info msg="[GNB][NGAP] Receive Downlink NAS Transport"
time="2026-08-11T21:23:20+08:00" level=info msg="[UE][NAS] Message with security header"
time="2026-08-11T21:23:20+08:00" level=info msg="[UE][NAS] Message with integrity and with NEW 5G NAS SECURITY CONTEXT"
time="2026-08-11T21:23:20+08:00" level=info msg="[UE][NAS] successful NAS MAC verification"
time="2026-08-11T21:23:20+08:00" level=info msg="[UE][NAS] Receive Security Mode Command"
time="2026-08-11T21:23:20+08:00" level=info msg="[UE][NAS] Type of ciphering algorithm is 5G-EA0"
time="2026-08-11T21:23:20+08:00" level=info msg="[UE][NAS] Type of integrity protection algorithm is 128-5G-IA2"
time="2026-08-11T21:23:20+08:00" level=info msg="[GNB][NGAP] Receive Downlink NAS Transport"
time="2026-08-11T21:23:20+08:00" level=info msg="[UE][NAS] Message with security header"
time="2026-08-11T21:23:20+08:00" level=info msg="[UE][NAS] Message with integrity and with NEW 5G NAS SECURITY CONTEXT"
time="2026-08-11T21:23:20+08:00" level=info msg="[UE][NAS] successful NAS MAC verification"
time="2026-08-11T21:23:20+08:00" level=info msg="[UE][NAS] Receive Security Mode Command"
time="2026-08-11T21:23:20+08:00" level=info msg="[UE][NAS] Type of ciphering algorithm is 5G-EA0"
time="2026-08-11T21:23:20+08:00" level=info msg="[UE][NAS] Type of integrity protection algorithm is 128-5G-IA2"
time="2026-08-11T21:23:20+08:00" level=info msg="[GNB][SCTP] Receive message in 0 stream\n"
time="2026-08-11T21:23:20+08:00" level=info msg="[GNB][SCTP] Receive message in 0 stream\n"
time="2026-08-11T21:23:20+08:00" level=info msg="[GNB][NGAP] Receive Downlink NAS Transport"
time="2026-08-11T21:23:20+08:00" level=info msg="[UE][NAS] Message with security header"
time="2026-08-11T21:23:20+08:00" level=info msg="[UE][NAS] Message with integrity and with NEW 5G NAS SECURITY CONTEXT"
time="2026-08-11T21:23:20+08:00" level=info msg="[UE][NAS] successful NAS MAC verification"
time="2026-08-11T21:23:20+08:00" level=info msg="[UE][NAS] Receive Security Mode Command"
time="2026-08-11T21:23:20+08:00" level=info msg="[UE][NAS] Type of ciphering algorithm is 5G-EA0"
time="2026-08-11T21:23:20+08:00" level=info msg="[UE][NAS] Type of integrity protection algorithm is 128-5G-IA2"
time="2026-08-11T21:23:20+08:00" level=info msg="[GNB][NGAP] Receive Downlink NAS Transport"
time="2026-08-11T21:23:20+08:00" level=info msg="[UE][NAS] Message with security header"
time="2026-08-11T21:23:20+08:00" level=info msg="[UE][NAS] Message with integrity and with NEW 5G NAS SECURITY CONTEXT"
time="2026-08-11T21:23:20+08:00" level=info msg="[UE][NAS] successful NAS MAC verification"
time="2026-08-11T21:23:20+08:00" level=info msg="[UE][NAS] Receive Security Mode Command"
time="2026-08-11T21:23:20+08:00" level=info msg="[UE][NAS] Type of ciphering algorithm is 5G-EA0"
time="2026-08-11T21:23:20+08:00" level=info msg="[UE][NAS] Type of integrity protection algorithm is 128-5G-IA2"
time="2026-08-11T21:23:20+08:00" level=info msg="[GNB][SCTP] Receive message in 0 stream\n"
time="2026-08-11T21:23:20+08:00" level=info msg="[GNB][NGAP] Receive Downlink NAS Transport"
time="2026-08-11T21:23:20+08:00" level=info msg="[UE][NAS] Message without security header"
time="2026-08-11T21:23:20+08:00" level=info msg="[UE][NAS] Receive Authentication Request"
time="2026-08-11T21:23:20+08:00" level=info msg="[UE][NAS][MAC] Authenticity of the authentication request message: OK"
time="2026-08-11T21:23:20+08:00" level=info msg="[UE][NAS][SQN] SQN of the authentication request message: VALID"
time="2026-08-11T21:23:20+08:00" level=info msg="[UE][NAS] Send authentication response"
time="2026-08-11T21:23:20+08:00" level=info msg="[UE] Switched from state 1 to state 2"
time="2026-08-11T21:23:20+08:00" level=info msg="[GNB][SCTP] Receive message in 0 stream\n"
time="2026-08-11T21:23:20+08:00" level=info msg="[GNB][SCTP] Receive message in 0 stream\n"
time="2026-08-11T21:23:20+08:00" level=info msg="[GNB][NGAP] Receive Initial Context Setup Request"
time="2026-08-11T21:23:20+08:00" level=info msg="[GNB][UE] UE Context was created with successful"
time="2026-08-11T21:23:20+08:00" level=info msg="[GNB][UE] UE RAN ID 18"
time="2026-08-11T21:23:20+08:00" level=info msg="[GNB][UE] UE AMF ID 17"
time="2026-08-11T21:23:20+08:00" level=info msg="[GNB][UE] UE Mobility Restrict --Plmn-- Mcc: 208 Mnc: 93"
time="2026-08-11T21:23:20+08:00" level=info msg="[GNB][UE] UE Masked Imeisv: 1110000000ffff00"
time="2026-08-11T21:23:20+08:00" level=info msg="[GNB][UE] Allowed Nssai-- Sst: [01 01] Sd: [010203 112233]"
time="2026-08-11T21:23:20+08:00" level=info msg="[GNB][NGAP][AMF] Send Initial Context Setup Response."
time="2026-08-11T21:23:20+08:00" level=info msg="[GNB] Initiating Initial Context Setup Response"
time="2026-08-11T21:23:20+08:00" level=info msg="[GNB][NGAP] No PDU Session to set up in InitialContextSetupResponse."
time="2026-08-11T21:23:20+08:00" level=info msg="[UE][NAS] Message with security header"
time="2026-08-11T21:23:20+08:00" level=info msg="[UE][NAS] Message with integrity and ciphered"
time="2026-08-11T21:23:20+08:00" level=info msg="[UE][NAS] successful NAS CIPHERING"
time="2026-08-11T21:23:20+08:00" level=info msg="[UE][NAS] successful NAS MAC verification"
time="2026-08-11T21:23:20+08:00" level=info msg="[UE][NAS] Receive Registration Accept"
time="2026-08-11T21:23:20+08:00" level=info msg="[UE][NAS] UE 5G GUTI: &{119 11 [242 2 248 57 202 254 0 0 0 2 107]}"
time="2026-08-11T21:23:20+08:00" level=info msg="[UE] Switched from state 2 to state 3"
time="2026-08-11T21:23:20+08:00" level=info msg="[GNB][NGAP] Receive Initial Context Setup Request"
time="2026-08-11T21:23:20+08:00" level=info msg="[GNB][UE] UE Context was created with successful"
time="2026-08-11T21:23:20+08:00" level=info msg="[GNB][UE] UE RAN ID 15"
time="2026-08-11T21:23:20+08:00" level=info msg="[GNB][UE] UE AMF ID 14"
time="2026-08-11T21:23:20+08:00" level=info msg="[GNB][UE] UE Mobility Restrict --Plmn-- Mcc: 208 Mnc: 93"
time="2026-08-11T21:23:20+08:00" level=info msg="[GNB][UE] UE Masked Imeisv: 1110000000ffff00"
time="2026-08-11T21:23:20+08:00" level=info msg="[GNB][UE] Allowed Nssai-- Sst: [01 01] Sd: [010203 112233]"
time="2026-08-11T21:23:20+08:00" level=info msg="[GNB][NGAP][AMF] Send Initial Context Setup Response."
time="2026-08-11T21:23:20+08:00" level=info msg="[GNB] Initiating Initial Context Setup Response"
time="2026-08-11T21:23:20+08:00" level=info msg="[GNB][NGAP] No PDU Session to set up in InitialContextSetupResponse."
time="2026-08-11T21:23:20+08:00" level=info msg="[UE][NAS] Message with security header"
time="2026-08-11T21:23:20+08:00" level=info msg="[UE][NAS] Message with integrity and ciphered"
time="2026-08-11T21:23:20+08:00" level=info msg="[UE][NAS] successful NAS CIPHERING"
time="2026-08-11T21:23:20+08:00" level=info msg="[UE][NAS] successful NAS MAC verification"
time="2026-08-11T21:23:20+08:00" level=info msg="[UE][NAS] Receive Registration Accept"
time="2026-08-11T21:23:20+08:00" level=info msg="[UE][NAS] UE 5G GUTI: &{119 11 [242 2 248 57 202 254 0 0 0 2 104]}"
time="2026-08-11T21:23:20+08:00" level=info msg="[UE] Switched from state 2 to state 3"
time="2026-08-11T21:23:20+08:00" level=info msg="[GNB][SCTP] Receive message in 0 stream\n"
time="2026-08-11T21:23:20+08:00" level=info msg="[GNB][SCTP] Receive message in 0 stream\n"
time="2026-08-11T21:23:20+08:00" level=info msg="[GNB][NGAP] Receive Downlink NAS Transport"
time="2026-08-11T21:23:20+08:00" level=info msg="[UE][NAS] Message without security header"
time="2026-08-11T21:23:20+08:00" level=info msg="[UE][NAS] Receive Authentication Request"
time="2026-08-11T21:23:20+08:00" level=info msg="[GNB][NGAP] Receive Downlink NAS Transport"
time="2026-08-11T21:23:20+08:00" level=info msg="[UE][NAS] Message without security header"
time="2026-08-11T21:23:20+08:00" level=info msg="[UE][NAS] Receive Authentication Request"
time="2026-08-11T21:23:20+08:00" level=info msg="[UE][NAS][MAC] Authenticity of the authentication request message: OK"
time="2026-08-11T21:23:20+08:00" level=info msg="[UE][NAS][SQN] SQN of the authentication request message: VALID"
time="2026-08-11T21:23:20+08:00" level=info msg="[UE][NAS] Send authentication response"
time="2026-08-11T21:23:20+08:00" level=info msg="[UE][NAS][MAC] Authenticity of the authentication request message: OK"
time="2026-08-11T21:23:20+08:00" level=info msg="[UE][NAS][SQN] SQN of the authentication request message: VALID"
time="2026-08-11T21:23:20+08:00" level=info msg="[UE][NAS] Send authentication response"
time="2026-08-11T21:23:20+08:00" level=info msg="[UE] Switched from state 1 to state 2"
time="2026-08-11T21:23:20+08:00" level=info msg="[UE] Switched from state 1 to state 2"
time="2026-08-11T21:23:20+08:00" level=info msg="[GNB][SCTP] Receive message in 0 stream\n"
time="2026-08-11T21:23:20+08:00" level=info msg="[GNB][SCTP] Receive message in 0 stream\n"
time="2026-08-11T21:23:20+08:00" level=info msg="[GNB][NGAP] Receive Downlink NAS Transport"
time="2026-08-11T21:23:20+08:00" level=info msg="[UE][NAS] Message with security header"
time="2026-08-11T21:23:20+08:00" level=info msg="[UE][NAS] Message with integrity and with NEW 5G NAS SECURITY CONTEXT"
time="2026-08-11T21:23:20+08:00" level=info msg="[UE][NAS] successful NAS MAC verification"
time="2026-08-11T21:23:20+08:00" level=info msg="[UE][NAS] Receive Security Mode Command"
time="2026-08-11T21:23:20+08:00" level=info msg="[UE][NAS] Type of ciphering algorithm is 5G-EA0"
time="2026-08-11T21:23:20+08:00" level=info msg="[UE][NAS] Type of integrity protection algorithm is 128-5G-IA2"
time="2026-08-11T21:23:20+08:00" level=info msg="[GNB][NGAP] Receive Downlink NAS Transport"
time="2026-08-11T21:23:20+08:00" level=info msg="[UE][NAS] Message with security header"
time="2026-08-11T21:23:20+08:00" level=info msg="[UE][NAS] Message with integrity and ciphered"
time="2026-08-11T21:23:20+08:00" level=info msg="[UE][NAS] successful NAS CIPHERING"
time="2026-08-11T21:23:20+08:00" level=info msg="[UE][NAS] successful NAS MAC verification"
time="2026-08-11T21:23:20+08:00" level=info msg="[UE][NAS] Receive Configuration Update Command"
time="2026-08-11T21:23:20+08:00" level=info msg="[UE] Initiating Configuration Update Complete"
time="2026-08-11T21:23:20+08:00" level=info msg="[GNB][SCTP] Receive message in 0 stream\n"
time="2026-08-11T21:23:20+08:00" level=info msg="[GNB][NGAP] Receive Downlink NAS Transport"
time="2026-08-11T21:23:20+08:00" level=info msg="[UE][NAS] Message with security header"
time="2026-08-11T21:23:20+08:00" level=info msg="[UE][NAS] Message with integrity and with NEW 5G NAS SECURITY CONTEXT"
time="2026-08-11T21:23:20+08:00" level=info msg="[UE][NAS] successful NAS MAC verification"
time="2026-08-11T21:23:20+08:00" level=info msg="[UE][NAS] Receive Security Mode Command"
time="2026-08-11T21:23:20+08:00" level=info msg="[UE][NAS] Type of ciphering algorithm is 5G-EA0"
time="2026-08-11T21:23:20+08:00" level=info msg="[UE][NAS] Type of integrity protection algorithm is 128-5G-IA2"
time="2026-08-11T21:23:20+08:00" level=info msg="[GNB][SCTP] Receive message in 0 stream\n"
time="2026-08-11T21:23:20+08:00" level=info msg="[GNB][NGAP] Receive Downlink NAS Transport"
time="2026-08-11T21:23:20+08:00" level=info msg="[UE][NAS] Message with security header"
time="2026-08-11T21:23:20+08:00" level=info msg="[UE][NAS] Message with integrity and with NEW 5G NAS SECURITY CONTEXT"
time="2026-08-11T21:23:20+08:00" level=info msg="[UE][NAS] successful NAS MAC verification"
time="2026-08-11T21:23:20+08:00" level=info msg="[UE][NAS] Receive Security Mode Command"
time="2026-08-11T21:23:20+08:00" level=info msg="[UE][NAS] Type of ciphering algorithm is 5G-EA0"
time="2026-08-11T21:23:20+08:00" level=info msg="[UE][NAS] Type of integrity protection algorithm is 128-5G-IA2"
time="2026-08-11T21:23:20+08:00" level=info msg="[GNB][SCTP] Receive message in 0 stream\n"
time="2026-08-11T21:23:20+08:00" level=info msg="[GNB][SCTP] Receive message in 0 stream\n"
time="2026-08-11T21:23:20+08:00" level=info msg="[GNB][NGAP] Receive Downlink NAS Transport"
time="2026-08-11T21:23:20+08:00" level=info msg="[UE][NAS] Message without security header"
time="2026-08-11T21:23:20+08:00" level=info msg="[UE][NAS] Receive Authentication Request"
time="2026-08-11T21:23:20+08:00" level=info msg="[UE][NAS][MAC] Authenticity of the authentication request message: OK"
time="2026-08-11T21:23:20+08:00" level=info msg="[UE][NAS][SQN] SQN of the authentication request message: VALID"
time="2026-08-11T21:23:20+08:00" level=info msg="[UE][NAS] Send authentication response"
time="2026-08-11T21:23:20+08:00" level=info msg="[GNB][NGAP] Receive Downlink NAS Transport"
time="2026-08-11T21:23:20+08:00" level=info msg="[UE][NAS] Message without security header"
time="2026-08-11T21:23:20+08:00" level=info msg="[UE][NAS] Receive Authentication Request"
time="2026-08-11T21:23:20+08:00" level=info msg="[UE][NAS][MAC] Authenticity of the authentication request message: OK"
time="2026-08-11T21:23:20+08:00" level=info msg="[UE][NAS][SQN] SQN of the authentication request message: VALID"
time="2026-08-11T21:23:20+08:00" level=info msg="[UE][NAS] Send authentication response"
time="2026-08-11T21:23:20+08:00" level=info msg="[UE] Switched from state 1 to state 2"
time="2026-08-11T21:23:20+08:00" level=info msg="[UE] Switched from state 1 to state 2"
time="2026-08-11T21:23:20+08:00" level=info msg="[GNB][SCTP] Receive message in 0 stream\n"
time="2026-08-11T21:23:20+08:00" level=info msg="[GNB][SCTP] Receive message in 0 stream\n"
time="2026-08-11T21:23:20+08:00" level=info msg="[GNB][NGAP] Receive Downlink NAS Transport"
time="2026-08-11T21:23:20+08:00" level=info msg="[UE][NAS] Message with security header"
time="2026-08-11T21:23:20+08:00" level=info msg="[UE][NAS] Message with integrity and with NEW 5G NAS SECURITY CONTEXT"
time="2026-08-11T21:23:20+08:00" level=info msg="[UE][NAS] successful NAS MAC verification"
time="2026-08-11T21:23:20+08:00" level=info msg="[UE][NAS] Receive Security Mode Command"
time="2026-08-11T21:23:20+08:00" level=info msg="[UE][NAS] Type of ciphering algorithm is 5G-EA0"
time="2026-08-11T21:23:20+08:00" level=info msg="[UE][NAS] Type of integrity protection algorithm is 128-5G-IA2"
time="2026-08-11T21:23:20+08:00" level=info msg="[GNB][NGAP] Receive Downlink NAS Transport"
time="2026-08-11T21:23:20+08:00" level=info msg="[UE][NAS] Message with security header"
time="2026-08-11T21:23:20+08:00" level=info msg="[UE][NAS] Message with integrity and with NEW 5G NAS SECURITY CONTEXT"
time="2026-08-11T21:23:20+08:00" level=info msg="[UE][NAS] successful NAS MAC verification"
time="2026-08-11T21:23:20+08:00" level=info msg="[UE][NAS] Receive Security Mode Command"
time="2026-08-11T21:23:20+08:00" level=info msg="[UE][NAS] Type of ciphering algorithm is 5G-EA0"
time="2026-08-11T21:23:20+08:00" level=info msg="[UE][NAS] Type of integrity protection algorithm is 128-5G-IA2"
time="2026-08-11T21:23:20+08:00" level=info msg="[GNB][SCTP] Receive message in 0 stream\n"
time="2026-08-11T21:23:20+08:00" level=info msg="[GNB][SCTP] Receive message in 0 stream\n"
time="2026-08-11T21:23:20+08:00" level=info msg="[GNB][NGAP] Receive Downlink NAS Transport"
time="2026-08-11T21:23:20+08:00" level=info msg="[UE][NAS] Message without security header"
time="2026-08-11T21:23:20+08:00" level=info msg="[UE][NAS] Receive Authentication Request"
time="2026-08-11T21:23:20+08:00" level=info msg="[UE][NAS][MAC] Authenticity of the authentication request message: OK"
time="2026-08-11T21:23:20+08:00" level=info msg="[UE][NAS][SQN] SQN of the authentication request message: VALID"
time="2026-08-11T21:23:20+08:00" level=info msg="[UE][NAS] Send authentication response"
time="2026-08-11T21:23:20+08:00" level=info msg="[GNB][NGAP] Receive Initial Context Setup Request"
time="2026-08-11T21:23:20+08:00" level=info msg="[GNB][UE] UE Context was created with successful"
time="2026-08-11T21:23:20+08:00" level=info msg="[GNB][UE] UE RAN ID 26"
time="2026-08-11T21:23:20+08:00" level=info msg="[GNB][UE] UE AMF ID 25"
time="2026-08-11T21:23:20+08:00" level=info msg="[GNB][UE] UE Mobility Restrict --Plmn-- Mcc: 208 Mnc: 93"
time="2026-08-11T21:23:20+08:00" level=info msg="[GNB][UE] UE Masked Imeisv: 1110000000ffff00"
time="2026-08-11T21:23:20+08:00" level=info msg="[GNB][UE] Allowed Nssai-- Sst: [01 01] Sd: [010203 112233]"
time="2026-08-11T21:23:20+08:00" level=info msg="[UE] Switched from state 1 to state 2"
time="2026-08-11T21:23:20+08:00" level=info msg="[GNB][NGAP][AMF] Send Initial Context Setup Response."
time="2026-08-11T21:23:20+08:00" level=info msg="[GNB] Initiating Initial Context Setup Response"
time="2026-08-11T21:23:20+08:00" level=info msg="[GNB][NGAP] No PDU Session to set up in InitialContextSetupResponse."
time="2026-08-11T21:23:20+08:00" level=info msg="[UE][NAS] Message with security header"
time="2026-08-11T21:23:20+08:00" level=info msg="[UE][NAS] Message with integrity and ciphered"
time="2026-08-11T21:23:20+08:00" level=info msg="[UE][NAS] successful NAS CIPHERING"
time="2026-08-11T21:23:20+08:00" level=info msg="[UE][NAS] successful NAS MAC verification"
time="2026-08-11T21:23:20+08:00" level=info msg="[UE][NAS] Receive Registration Accept"
time="2026-08-11T21:23:20+08:00" level=info msg="[UE][NAS] UE 5G GUTI: &{119 11 [242 2 248 57 202 254 0 0 0 2 102]}"
time="2026-08-11T21:23:20+08:00" level=info msg="[UE] Switched from state 2 to state 3"
time="2026-08-11T21:23:20+08:00" level=info msg="[GNB][SCTP] Receive message in 0 stream\n"
time="2026-08-11T21:23:20+08:00" level=info msg="[GNB][NGAP] Receive Downlink NAS Transport"
time="2026-08-11T21:23:20+08:00" level=info msg="[UE][NAS] Message without security header"
time="2026-08-11T21:23:20+08:00" level=info msg="[UE][NAS] Receive Authentication Request"
time="2026-08-11T21:23:20+08:00" level=info msg="[UE][NAS][MAC] Authenticity of the authentication request message: OK"
time="2026-08-11T21:23:20+08:00" level=info msg="[UE][NAS][SQN] SQN of the authentication request message: VALID"
time="2026-08-11T21:23:20+08:00" level=info msg="[UE][NAS] Send authentication response"
time="2026-08-11T21:23:20+08:00" level=info msg="[UE] Switched from state 1 to state 2"
time="2026-08-11T21:23:20+08:00" level=info msg="[GNB][SCTP] Receive message in 0 stream\n"
time="2026-08-11T21:23:20+08:00" level=info msg="[GNB][NGAP] Receive Downlink NAS Transport"
time="2026-08-11T21:23:20+08:00" level=info msg="[UE][NAS] Message with security header"
time="2026-08-11T21:23:20+08:00" level=info msg="[UE][NAS] Message with integrity and with NEW 5G NAS SECURITY CONTEXT"
time="2026-08-11T21:23:20+08:00" level=info msg="[UE][NAS] successful NAS MAC verification"
time="2026-08-11T21:23:20+08:00" level=info msg="[UE][NAS] Receive Security Mode Command"
time="2026-08-11T21:23:20+08:00" level=info msg="[UE][NAS] Type of ciphering algorithm is 5G-EA0"
time="2026-08-11T21:23:20+08:00" level=info msg="[UE][NAS] Type of integrity protection algorithm is 128-5G-IA2"
time="2026-08-11T21:23:20+08:00" level=info msg="[GNB][SCTP] Receive message in 0 stream\n"
time="2026-08-11T21:23:20+08:00" level=info msg="[GNB][NGAP] Receive Downlink NAS Transport"
time="2026-08-11T21:23:20+08:00" level=info msg="[UE][NAS] Message with security header"
time="2026-08-11T21:23:20+08:00" level=info msg="[UE][NAS] Message with integrity and with NEW 5G NAS SECURITY CONTEXT"
time="2026-08-11T21:23:20+08:00" level=info msg="[UE][NAS] successful NAS MAC verification"
time="2026-08-11T21:23:20+08:00" level=info msg="[UE][NAS] Receive Security Mode Command"
time="2026-08-11T21:23:20+08:00" level=info msg="[UE][NAS] Type of ciphering algorithm is 5G-EA0"
time="2026-08-11T21:23:20+08:00" level=info msg="[UE][NAS] Type of integrity protection algorithm is 128-5G-IA2"
time="2026-08-11T21:23:20+08:00" level=info msg="[GNB][SCTP] Receive message in 0 stream\n"
time="2026-08-11T21:23:20+08:00" level=info msg="[GNB][NGAP] Receive Downlink NAS Transport"
time="2026-08-11T21:23:20+08:00" level=info msg="[UE][NAS] Message without security header"
time="2026-08-11T21:23:20+08:00" level=info msg="[UE][NAS] Receive Authentication Request"
time="2026-08-11T21:23:20+08:00" level=info msg="[UE][NAS][MAC] Authenticity of the authentication request message: OK"
time="2026-08-11T21:23:20+08:00" level=info msg="[UE][NAS][SQN] SQN of the authentication request message: VALID"
time="2026-08-11T21:23:20+08:00" level=info msg="[UE][NAS] Send authentication response"
time="2026-08-11T21:23:20+08:00" level=info msg="[UE] Switched from state 1 to state 2"
time="2026-08-11T21:23:20+08:00" level=info msg="[GNB][SCTP] Receive message in 0 stream\n"
time="2026-08-11T21:23:20+08:00" level=info msg="[GNB][NGAP] Receive Initial Context Setup Request"
time="2026-08-11T21:23:20+08:00" level=info msg="[GNB][UE] UE Context was created with successful"
time="2026-08-11T21:23:20+08:00" level=info msg="[GNB][UE] UE RAN ID 10"
time="2026-08-11T21:23:20+08:00" level=info msg="[GNB][UE] UE AMF ID 9"
time="2026-08-11T21:23:20+08:00" level=info msg="[GNB][UE] UE Mobility Restrict --Plmn-- Mcc: 208 Mnc: 93"
time="2026-08-11T21:23:20+08:00" level=info msg="[GNB][UE] UE Masked Imeisv: 1110000000ffff00"
time="2026-08-11T21:23:20+08:00" level=info msg="[GNB][UE] Allowed Nssai-- Sst: [01 01] Sd: [010203 112233]"
time="2026-08-11T21:23:20+08:00" level=info msg="[GNB][NGAP][AMF] Send Initial Context Setup Response."
time="2026-08-11T21:23:20+08:00" level=info msg="[GNB] Initiating Initial Context Setup Response"
time="2026-08-11T21:23:20+08:00" level=info msg="[GNB][NGAP] No PDU Session to set up in InitialContextSetupResponse."
time="2026-08-11T21:23:20+08:00" level=info msg="[UE][NAS] Message with security header"
time="2026-08-11T21:23:20+08:00" level=info msg="[UE][NAS] Message with integrity and ciphered"
time="2026-08-11T21:23:20+08:00" level=info msg="[UE][NAS] successful NAS CIPHERING"
time="2026-08-11T21:23:20+08:00" level=info msg="[UE][NAS] successful NAS MAC verification"
time="2026-08-11T21:23:20+08:00" level=info msg="[UE][NAS] Receive Registration Accept"
time="2026-08-11T21:23:20+08:00" level=info msg="[UE][NAS] UE 5G GUTI: &{119 11 [242 2 248 57 202 254 0 0 0 2 98]}"
time="2026-08-11T21:23:20+08:00" level=info msg="[UE] Switched from state 2 to state 3"
time="2026-08-11T21:23:20+08:00" level=info msg="[GNB][SCTP] Receive message in 0 stream\n"
time="2026-08-11T21:23:20+08:00" level=info msg="[GNB][NGAP] Receive Downlink NAS Transport"
time="2026-08-11T21:23:20+08:00" level=info msg="[UE][NAS] Message without security header"
time="2026-08-11T21:23:20+08:00" level=info msg="[UE][NAS] Receive Authentication Request"
time="2026-08-11T21:23:20+08:00" level=info msg="[UE][NAS][MAC] Authenticity of the authentication request message: OK"
time="2026-08-11T21:23:20+08:00" level=info msg="[UE][NAS][SQN] SQN of the authentication request message: VALID"
time="2026-08-11T21:23:20+08:00" level=info msg="[UE][NAS] Send authentication response"
time="2026-08-11T21:23:20+08:00" level=info msg="[UE] Switched from state 1 to state 2"
time="2026-08-11T21:23:20+08:00" level=info msg="[GNB][SCTP] Receive message in 0 stream\n"
time="2026-08-11T21:23:20+08:00" level=info msg="[GNB][NGAP] Receive Downlink NAS Transport"
time="2026-08-11T21:23:20+08:00" level=info msg="[UE][NAS] Message with security header"
time="2026-08-11T21:23:20+08:00" level=info msg="[UE][NAS] Message with integrity and with NEW 5G NAS SECURITY CONTEXT"
time="2026-08-11T21:23:20+08:00" level=info msg="[UE][NAS] successful NAS MAC verification"
time="2026-08-11T21:23:20+08:00" level=info msg="[UE][NAS] Receive Security Mode Command"
time="2026-08-11T21:23:20+08:00" level=info msg="[UE][NAS] Type of ciphering algorithm is 5G-EA0"
time="2026-08-11T21:23:20+08:00" level=info msg="[UE][NAS] Type of integrity protection algorithm is 128-5G-IA2"
time="2026-08-11T21:23:21+08:00" level=info msg="[GNB][SCTP] Receive message in 0 stream\n"
time="2026-08-11T21:23:21+08:00" level=info msg="[GNB][NGAP] Receive Downlink NAS Transport"
time="2026-08-11T21:23:21+08:00" level=info msg="[UE][NAS] Message without security header"
time="2026-08-11T21:23:21+08:00" level=info msg="[UE][NAS] Receive Authentication Request"
time="2026-08-11T21:23:21+08:00" level=info msg="[UE][NAS][MAC] Authenticity of the authentication request message: OK"
time="2026-08-11T21:23:21+08:00" level=info msg="[UE][NAS][SQN] SQN of the authentication request message: VALID"
time="2026-08-11T21:23:21+08:00" level=info msg="[UE][NAS] Send authentication response"
time="2026-08-11T21:23:21+08:00" level=info msg="[UE] Switched from state 1 to state 2"
time="2026-08-11T21:23:21+08:00" level=info msg="[GNB][SCTP] Receive message in 0 stream\n"
time="2026-08-11T21:23:21+08:00" level=info msg="[GNB][NGAP] Receive Downlink NAS Transport"
time="2026-08-11T21:23:21+08:00" level=info msg="[UE][NAS] Message without security header"
time="2026-08-11T21:23:21+08:00" level=info msg="[UE][NAS] Receive Authentication Request"
time="2026-08-11T21:23:21+08:00" level=info msg="[UE][NAS][MAC] Authenticity of the authentication request message: OK"
time="2026-08-11T21:23:21+08:00" level=info msg="[UE][NAS][SQN] SQN of the authentication request message: VALID"
time="2026-08-11T21:23:21+08:00" level=info msg="[UE][NAS] Send authentication response"
time="2026-08-11T21:23:21+08:00" level=info msg="[UE] Switched from state 1 to state 2"
time="2026-08-11T21:23:21+08:00" level=info msg="[GNB][SCTP] Receive message in 0 stream\n"
time="2026-08-11T21:23:21+08:00" level=info msg="[GNB][NGAP] Receive Downlink NAS Transport"
time="2026-08-11T21:23:21+08:00" level=info msg="[UE][NAS] Message without security header"
time="2026-08-11T21:23:21+08:00" level=info msg="[UE][NAS] Receive Authentication Request"
time="2026-08-11T21:23:21+08:00" level=info msg="[UE][NAS][MAC] Authenticity of the authentication request message: OK"
time="2026-08-11T21:23:21+08:00" level=info msg="[UE][NAS][SQN] SQN of the authentication request message: VALID"
time="2026-08-11T21:23:21+08:00" level=info msg="[UE][NAS] Send authentication response"
time="2026-08-11T21:23:21+08:00" level=info msg="[UE] Switched from state 1 to state 2"
time="2026-08-11T21:23:21+08:00" level=info msg="[GNB][SCTP] Receive message in 0 stream\n"
time="2026-08-11T21:23:21+08:00" level=info msg="[GNB][NGAP] Receive Downlink NAS Transport"
time="2026-08-11T21:23:21+08:00" level=info msg="[UE][NAS] Message without security header"
time="2026-08-11T21:23:21+08:00" level=info msg="[UE][NAS] Receive Authentication Request"
time="2026-08-11T21:23:21+08:00" level=info msg="[UE][NAS][MAC] Authenticity of the authentication request message: OK"
time="2026-08-11T21:23:21+08:00" level=info msg="[UE][NAS][SQN] SQN of the authentication request message: VALID"
time="2026-08-11T21:23:21+08:00" level=info msg="[UE][NAS] Send authentication response"
time="2026-08-11T21:23:21+08:00" level=info msg="[UE] Switched from state 1 to state 2"
time="2026-08-11T21:23:21+08:00" level=info msg="[GNB][SCTP] Receive message in 0 stream\n"
time="2026-08-11T21:23:21+08:00" level=info msg="[GNB][NGAP] Receive Initial Context Setup Request"
time="2026-08-11T21:23:21+08:00" level=info msg="[GNB][UE] UE Context was created with successful"
time="2026-08-11T21:23:21+08:00" level=info msg="[GNB][UE] UE RAN ID 16"
time="2026-08-11T21:23:21+08:00" level=info msg="[GNB][UE] UE AMF ID 15"
time="2026-08-11T21:23:21+08:00" level=info msg="[GNB][UE] UE Mobility Restrict --Plmn-- Mcc: 208 Mnc: 93"
time="2026-08-11T21:23:21+08:00" level=info msg="[GNB][UE] UE Masked Imeisv: 1110000000ffff00"
time="2026-08-11T21:23:21+08:00" level=info msg="[GNB][UE] Allowed Nssai-- Sst: [01 01] Sd: [010203 112233]"
time="2026-08-11T21:23:21+08:00" level=info msg="[GNB][NGAP][AMF] Send Initial Context Setup Response."
time="2026-08-11T21:23:21+08:00" level=info msg="[GNB] Initiating Initial Context Setup Response"
time="2026-08-11T21:23:21+08:00" level=info msg="[GNB][NGAP] No PDU Session to set up in InitialContextSetupResponse."
time="2026-08-11T21:23:21+08:00" level=info msg="[UE][NAS] Message with security header"
time="2026-08-11T21:23:21+08:00" level=info msg="[UE][NAS] Message with integrity and ciphered"
time="2026-08-11T21:23:21+08:00" level=info msg="[UE][NAS] successful NAS CIPHERING"
time="2026-08-11T21:23:21+08:00" level=info msg="[UE][NAS] successful NAS MAC verification"
time="2026-08-11T21:23:21+08:00" level=info msg="[UE][NAS] Receive Registration Accept"
time="2026-08-11T21:23:21+08:00" level=info msg="[UE][NAS] UE 5G GUTI: &{119 11 [242 2 248 57 202 254 0 0 0 2 110]}"
time="2026-08-11T21:23:21+08:00" level=info msg="[UE] Switched from state 2 to state 3"
time="2026-08-11T21:23:21+08:00" level=info msg="[GNB][SCTP] Receive message in 0 stream\n"
time="2026-08-11T21:23:21+08:00" level=info msg="[GNB][NGAP] Receive Downlink NAS Transport"
time="2026-08-11T21:23:21+08:00" level=info msg="[UE][NAS] Message without security header"
time="2026-08-11T21:23:21+08:00" level=info msg="[UE][NAS] Receive Authentication Request"
time="2026-08-11T21:23:21+08:00" level=info msg="[UE][NAS][MAC] Authenticity of the authentication request message: OK"
time="2026-08-11T21:23:21+08:00" level=info msg="[UE][NAS][SQN] SQN of the authentication request message: VALID"
time="2026-08-11T21:23:21+08:00" level=info msg="[UE][NAS] Send authentication response"
time="2026-08-11T21:23:21+08:00" level=info msg="[UE] Switched from state 1 to state 2"
time="2026-08-11T21:23:21+08:00" level=info msg="[GNB][SCTP] Receive message in 0 stream\n"
time="2026-08-11T21:23:21+08:00" level=info msg="[GNB][NGAP] Receive Downlink NAS Transport"
time="2026-08-11T21:23:21+08:00" level=info msg="[UE][NAS] Message with security header"
time="2026-08-11T21:23:21+08:00" level=info msg="[UE][NAS] Message with integrity and ciphered"
time="2026-08-11T21:23:21+08:00" level=info msg="[UE][NAS] successful NAS CIPHERING"
time="2026-08-11T21:23:21+08:00" level=info msg="[UE][NAS] successful NAS MAC verification"
time="2026-08-11T21:23:21+08:00" level=info msg="[UE][NAS] Receive Configuration Update Command"
time="2026-08-11T21:23:21+08:00" level=info msg="[UE] Initiating Configuration Update Complete"
time="2026-08-11T21:23:21+08:00" level=info msg="[GNB][SCTP] Receive message in 0 stream\n"
time="2026-08-11T21:23:21+08:00" level=info msg="[GNB][NGAP] Receive Downlink NAS Transport"
time="2026-08-11T21:23:21+08:00" level=info msg="[UE][NAS] Message with security header"
time="2026-08-11T21:23:21+08:00" level=info msg="[UE][NAS] Message with integrity and with NEW 5G NAS SECURITY CONTEXT"
time="2026-08-11T21:23:21+08:00" level=info msg="[UE][NAS] successful NAS MAC verification"
time="2026-08-11T21:23:21+08:00" level=info msg="[UE][NAS] Receive Security Mode Command"
time="2026-08-11T21:23:21+08:00" level=info msg="[UE][NAS] Type of ciphering algorithm is 5G-EA0"
time="2026-08-11T21:23:21+08:00" level=info msg="[UE][NAS] Type of integrity protection algorithm is 128-5G-IA2"
time="2026-08-11T21:23:21+08:00" level=info msg="[GNB][SCTP] Receive message in 0 stream\n"
time="2026-08-11T21:23:21+08:00" level=info msg="[GNB][NGAP] Receive Initial Context Setup Request"
time="2026-08-11T21:23:21+08:00" level=info msg="[GNB][UE] UE Context was created with successful"
time="2026-08-11T21:23:21+08:00" level=info msg="[GNB][UE] UE RAN ID 20"
time="2026-08-11T21:23:21+08:00" level=info msg="[GNB][UE] UE AMF ID 19"
time="2026-08-11T21:23:21+08:00" level=info msg="[GNB][UE] UE Mobility Restrict --Plmn-- Mcc: 208 Mnc: 93"
time="2026-08-11T21:23:21+08:00" level=info msg="[GNB][UE] UE Masked Imeisv: 1110000000ffff00"
time="2026-08-11T21:23:21+08:00" level=info msg="[GNB][UE] Allowed Nssai-- Sst: [01 01] Sd: [010203 112233]"
time="2026-08-11T21:23:21+08:00" level=info msg="[GNB][NGAP][AMF] Send Initial Context Setup Response."
time="2026-08-11T21:23:21+08:00" level=info msg="[GNB] Initiating Initial Context Setup Response"
time="2026-08-11T21:23:21+08:00" level=info msg="[GNB][NGAP] No PDU Session to set up in InitialContextSetupResponse."
time="2026-08-11T21:23:21+08:00" level=info msg="[UE][NAS] Message with security header"
time="2026-08-11T21:23:21+08:00" level=info msg="[UE][NAS] Message with integrity and ciphered"
time="2026-08-11T21:23:21+08:00" level=info msg="[UE][NAS] successful NAS CIPHERING"
time="2026-08-11T21:23:21+08:00" level=info msg="[UE][NAS] successful NAS MAC verification"
time="2026-08-11T21:23:21+08:00" level=info msg="[UE][NAS] Receive Registration Accept"
time="2026-08-11T21:23:21+08:00" level=info msg="[UE][NAS] UE 5G GUTI: &{119 11 [242 2 248 57 202 254 0 0 0 2 100]}"
time="2026-08-11T21:23:21+08:00" level=info msg="[UE] Switched from state 2 to state 3"
time="2026-08-11T21:23:21+08:00" level=info msg="[GNB][SCTP] Receive message in 0 stream\n"
time="2026-08-11T21:23:21+08:00" level=info msg="[GNB][NGAP] Receive Downlink NAS Transport"
time="2026-08-11T21:23:21+08:00" level=info msg="[UE][NAS] Message without security header"
time="2026-08-11T21:23:21+08:00" level=info msg="[UE][NAS] Receive Authentication Request"
time="2026-08-11T21:23:21+08:00" level=info msg="[UE][NAS][MAC] Authenticity of the authentication request message: OK"
time="2026-08-11T21:23:21+08:00" level=info msg="[UE][NAS][SQN] SQN of the authentication request message: VALID"
time="2026-08-11T21:23:21+08:00" level=info msg="[UE][NAS] Send authentication response"
time="2026-08-11T21:23:21+08:00" level=info msg="[GNB][SCTP] Receive message in 0 stream\n"
time="2026-08-11T21:23:21+08:00" level=info msg="[UE] Switched from state 1 to state 2"
time="2026-08-11T21:23:21+08:00" level=info msg="[GNB][NGAP] Receive Downlink NAS Transport"
time="2026-08-11T21:23:21+08:00" level=info msg="[UE][NAS] Message without security header"
time="2026-08-11T21:23:21+08:00" level=info msg="[UE][NAS] Receive Authentication Request"
time="2026-08-11T21:23:21+08:00" level=info msg="[UE][NAS][MAC] Authenticity of the authentication request message: OK"
time="2026-08-11T21:23:21+08:00" level=info msg="[UE][NAS][SQN] SQN of the authentication request message: VALID"
time="2026-08-11T21:23:21+08:00" level=info msg="[UE][NAS] Send authentication response"
time="2026-08-11T21:23:21+08:00" level=info msg="[UE] Switched from state 1 to state 2"
time="2026-08-11T21:23:21+08:00" level=info msg="[GNB][SCTP] Receive message in 0 stream\n"
time="2026-08-11T21:23:21+08:00" level=info msg="[GNB][SCTP] Receive message in 0 stream\n"
time="2026-08-11T21:23:21+08:00" level=info msg="[GNB][NGAP] Receive Downlink NAS Transport"
time="2026-08-11T21:23:21+08:00" level=info msg="[UE][NAS] Message with security header"
time="2026-08-11T21:23:21+08:00" level=info msg="[UE][NAS] Message with integrity and with NEW 5G NAS SECURITY CONTEXT"
time="2026-08-11T21:23:21+08:00" level=info msg="[UE][NAS] successful NAS MAC verification"
time="2026-08-11T21:23:21+08:00" level=info msg="[UE][NAS] Receive Security Mode Command"
time="2026-08-11T21:23:21+08:00" level=info msg="[UE][NAS] Type of ciphering algorithm is 5G-EA0"
time="2026-08-11T21:23:21+08:00" level=info msg="[UE][NAS] Type of integrity protection algorithm is 128-5G-IA2"
time="2026-08-11T21:23:21+08:00" level=info msg="[GNB][NGAP] Receive Downlink NAS Transport"
time="2026-08-11T21:23:21+08:00" level=info msg="[UE][NAS] Message without security header"
time="2026-08-11T21:23:21+08:00" level=info msg="[UE][NAS] Receive Authentication Request"
time="2026-08-11T21:23:21+08:00" level=info msg="[UE][NAS][MAC] Authenticity of the authentication request message: OK"
time="2026-08-11T21:23:21+08:00" level=info msg="[UE][NAS][SQN] SQN of the authentication request message: VALID"
time="2026-08-11T21:23:21+08:00" level=info msg="[UE][NAS] Send authentication response"
time="2026-08-11T21:23:21+08:00" level=info msg="[UE] Switched from state 1 to state 2"
time="2026-08-11T21:23:21+08:00" level=info msg="[GNB][SCTP] Receive message in 0 stream\n"
time="2026-08-11T21:23:21+08:00" level=info msg="[GNB][NGAP] Receive Initial Context Setup Request"
time="2026-08-11T21:23:21+08:00" level=info msg="[GNB][UE] UE Context was created with successful"
time="2026-08-11T21:23:21+08:00" level=info msg="[GNB][UE] UE RAN ID 17"
time="2026-08-11T21:23:21+08:00" level=info msg="[GNB][UE] UE AMF ID 16"
time="2026-08-11T21:23:21+08:00" level=info msg="[GNB][UE] UE Mobility Restrict --Plmn-- Mcc: 208 Mnc: 93"
time="2026-08-11T21:23:21+08:00" level=info msg="[GNB][UE] UE Masked Imeisv: 1110000000ffff00"
time="2026-08-11T21:23:21+08:00" level=info msg="[GNB][UE] Allowed Nssai-- Sst: [01 01] Sd: [010203 112233]"
time="2026-08-11T21:23:21+08:00" level=info msg="[GNB][NGAP][AMF] Send Initial Context Setup Response."
time="2026-08-11T21:23:21+08:00" level=info msg="[GNB] Initiating Initial Context Setup Response"
time="2026-08-11T21:23:21+08:00" level=info msg="[GNB][NGAP] No PDU Session to set up in InitialContextSetupResponse."
time="2026-08-11T21:23:21+08:00" level=info msg="[UE][NAS] Message with security header"
time="2026-08-11T21:23:21+08:00" level=info msg="[UE][NAS] Message with integrity and ciphered"
time="2026-08-11T21:23:21+08:00" level=info msg="[UE][NAS] successful NAS CIPHERING"
time="2026-08-11T21:23:21+08:00" level=info msg="[UE][NAS] successful NAS MAC verification"
time="2026-08-11T21:23:21+08:00" level=info msg="[UE][NAS] Receive Registration Accept"
time="2026-08-11T21:23:21+08:00" level=info msg="[UE][NAS] UE 5G GUTI: &{119 11 [242 2 248 57 202 254 0 0 0 2 99]}"
time="2026-08-11T21:23:21+08:00" level=info msg="[UE] Switched from state 2 to state 3"
time="2026-08-11T21:23:21+08:00" level=info msg="[GNB][SCTP] Receive message in 0 stream\n"
time="2026-08-11T21:23:21+08:00" level=info msg="[GNB][SCTP] Receive message in 0 stream\n"
time="2026-08-11T21:23:21+08:00" level=info msg="[GNB][NGAP] Receive Downlink NAS Transport"
time="2026-08-11T21:23:21+08:00" level=info msg="[GNB][NGAP] Receive Downlink NAS Transport"
time="2026-08-11T21:23:21+08:00" level=info msg="[UE][NAS] Message without security header"
time="2026-08-11T21:23:21+08:00" level=info msg="[UE][NAS] Message with security header"
time="2026-08-11T21:23:21+08:00" level=info msg="[UE][NAS] Receive Authentication Request"
time="2026-08-11T21:23:21+08:00" level=info msg="[UE][NAS][MAC] Authenticity of the authentication request message: OK"
time="2026-08-11T21:23:21+08:00" level=info msg="[UE][NAS][SQN] SQN of the authentication request message: VALID"
time="2026-08-11T21:23:21+08:00" level=info msg="[UE][NAS] Send authentication response"
time="2026-08-11T21:23:21+08:00" level=info msg="[UE] Switched from state 1 to state 2"
time="2026-08-11T21:23:21+08:00" level=info msg="[UE][NAS] Message with integrity and with NEW 5G NAS SECURITY CONTEXT"
time="2026-08-11T21:23:21+08:00" level=info msg="[UE][NAS] successful NAS MAC verification"
time="2026-08-11T21:23:21+08:00" level=info msg="[UE][NAS] Receive Security Mode Command"
time="2026-08-11T21:23:21+08:00" level=info msg="[UE][NAS] Type of ciphering algorithm is 5G-EA0"
time="2026-08-11T21:23:21+08:00" level=info msg="[UE][NAS] Type of integrity protection algorithm is 128-5G-IA2"
time="2026-08-11T21:23:21+08:00" level=info msg="[GNB][SCTP] Receive message in 0 stream\n"
time="2026-08-11T21:23:21+08:00" level=info msg="[GNB][NGAP] Receive Downlink NAS Transport"
time="2026-08-11T21:23:21+08:00" level=info msg="[UE][NAS] Message without security header"
time="2026-08-11T21:23:21+08:00" level=info msg="[UE][NAS] Receive Authentication Request"
time="2026-08-11T21:23:21+08:00" level=info msg="[UE][NAS][MAC] Authenticity of the authentication request message: OK"
time="2026-08-11T21:23:21+08:00" level=info msg="[UE][NAS][SQN] SQN of the authentication request message: VALID"
time="2026-08-11T21:23:21+08:00" level=info msg="[UE][NAS] Send authentication response"
time="2026-08-11T21:23:21+08:00" level=info msg="[UE] Switched from state 1 to state 2"
time="2026-08-11T21:23:21+08:00" level=info msg="[GNB][SCTP] Receive message in 0 stream\n"
time="2026-08-11T21:23:21+08:00" level=info msg="[GNB][SCTP] Receive message in 0 stream\n"
time="2026-08-11T21:23:21+08:00" level=info msg="[GNB][NGAP] Receive Downlink NAS Transport"
time="2026-08-11T21:23:21+08:00" level=info msg="[UE][NAS] Message without security header"
time="2026-08-11T21:23:21+08:00" level=info msg="[UE][NAS] Receive Authentication Request"
time="2026-08-11T21:23:21+08:00" level=info msg="[GNB][NGAP] Receive Downlink NAS Transport"
time="2026-08-11T21:23:21+08:00" level=info msg="[UE][NAS] Message without security header"
time="2026-08-11T21:23:21+08:00" level=info msg="[UE][NAS] Receive Authentication Request"
time="2026-08-11T21:23:21+08:00" level=info msg="[UE][NAS][MAC] Authenticity of the authentication request message: OK"
time="2026-08-11T21:23:21+08:00" level=info msg="[UE][NAS][SQN] SQN of the authentication request message: VALID"
time="2026-08-11T21:23:21+08:00" level=info msg="[UE][NAS] Send authentication response"
time="2026-08-11T21:23:21+08:00" level=info msg="[UE][NAS][MAC] Authenticity of the authentication request message: OK"
time="2026-08-11T21:23:21+08:00" level=info msg="[UE][NAS][SQN] SQN of the authentication request message: VALID"
time="2026-08-11T21:23:21+08:00" level=info msg="[UE][NAS] Send authentication response"
time="2026-08-11T21:23:21+08:00" level=info msg="[UE] Switched from state 1 to state 2"
time="2026-08-11T21:23:21+08:00" level=info msg="[UE] Switched from state 1 to state 2"
time="2026-08-11T21:23:21+08:00" level=info msg="[GNB][SCTP] Receive message in 0 stream\n"
time="2026-08-11T21:23:21+08:00" level=info msg="[GNB][SCTP] Receive message in 0 stream\n"
time="2026-08-11T21:23:21+08:00" level=info msg="[GNB][NGAP] Receive Downlink NAS Transport"
time="2026-08-11T21:23:21+08:00" level=info msg="[UE][NAS] Message with security header"
time="2026-08-11T21:23:21+08:00" level=info msg="[UE][NAS] Message with integrity and with NEW 5G NAS SECURITY CONTEXT"
time="2026-08-11T21:23:21+08:00" level=info msg="[UE][NAS] successful NAS MAC verification"
time="2026-08-11T21:23:21+08:00" level=info msg="[UE][NAS] Receive Security Mode Command"
time="2026-08-11T21:23:21+08:00" level=info msg="[UE][NAS] Type of ciphering algorithm is 5G-EA0"
time="2026-08-11T21:23:21+08:00" level=info msg="[UE][NAS] Type of integrity protection algorithm is 128-5G-IA2"
time="2026-08-11T21:23:21+08:00" level=info msg="[GNB][NGAP] Receive Downlink NAS Transport"
time="2026-08-11T21:23:21+08:00" level=info msg="[UE][NAS] Message without security header"
time="2026-08-11T21:23:21+08:00" level=info msg="[UE][NAS] Receive Authentication Request"
time="2026-08-11T21:23:21+08:00" level=info msg="[UE][NAS][MAC] Authenticity of the authentication request message: OK"
time="2026-08-11T21:23:21+08:00" level=info msg="[UE][NAS][SQN] SQN of the authentication request message: VALID"
time="2026-08-11T21:23:21+08:00" level=info msg="[UE][NAS] Send authentication response"
time="2026-08-11T21:23:21+08:00" level=info msg="[UE] Switched from state 1 to state 2"
time="2026-08-11T21:23:21+08:00" level=info msg="[GNB][SCTP] Receive message in 0 stream\n"
time="2026-08-11T21:23:21+08:00" level=info msg="[GNB][NGAP] Receive Downlink NAS Transport"
time="2026-08-11T21:23:21+08:00" level=info msg="[UE][NAS] Message with security header"
time="2026-08-11T21:23:21+08:00" level=info msg="[UE][NAS] Message with integrity and with NEW 5G NAS SECURITY CONTEXT"
time="2026-08-11T21:23:21+08:00" level=info msg="[UE][NAS] successful NAS MAC verification"
time="2026-08-11T21:23:21+08:00" level=info msg="[UE][NAS] Receive Security Mode Command"
time="2026-08-11T21:23:21+08:00" level=info msg="[UE][NAS] Type of ciphering algorithm is 5G-EA0"
time="2026-08-11T21:23:21+08:00" level=info msg="[UE][NAS] Type of integrity protection algorithm is 128-5G-IA2"
time="2026-08-11T21:23:21+08:00" level=info msg="[GNB][SCTP] Receive message in 0 stream\n"
time="2026-08-11T21:23:21+08:00" level=info msg="[GNB][NGAP] Receive Downlink NAS Transport"
time="2026-08-11T21:23:21+08:00" level=info msg="[UE][NAS] Message with security header"
time="2026-08-11T21:23:21+08:00" level=info msg="[UE][NAS] Message with integrity and with NEW 5G NAS SECURITY CONTEXT"
time="2026-08-11T21:23:21+08:00" level=info msg="[UE][NAS] successful NAS MAC verification"
time="2026-08-11T21:23:21+08:00" level=info msg="[UE][NAS] Receive Security Mode Command"
time="2026-08-11T21:23:21+08:00" level=info msg="[UE][NAS] Type of ciphering algorithm is 5G-EA0"
time="2026-08-11T21:23:21+08:00" level=info msg="[UE][NAS] Type of integrity protection algorithm is 128-5G-IA2"
time="2026-08-11T21:23:21+08:00" level=info msg="[GNB][SCTP] Receive message in 0 stream\n"
time="2026-08-11T21:23:21+08:00" level=info msg="[GNB][NGAP] Receive Downlink NAS Transport"
time="2026-08-11T21:23:21+08:00" level=info msg="[UE][NAS] Message with security header"
time="2026-08-11T21:23:21+08:00" level=info msg="[UE][NAS] Message with integrity and with NEW 5G NAS SECURITY CONTEXT"
time="2026-08-11T21:23:21+08:00" level=info msg="[UE][NAS] successful NAS MAC verification"
time="2026-08-11T21:23:21+08:00" level=info msg="[UE][NAS] Receive Security Mode Command"
time="2026-08-11T21:23:21+08:00" level=info msg="[UE][NAS] Type of ciphering algorithm is 5G-EA0"
time="2026-08-11T21:23:21+08:00" level=info msg="[UE][NAS] Type of integrity protection algorithm is 128-5G-IA2"
time="2026-08-11T21:23:21+08:00" level=info msg="[GNB][SCTP] Receive message in 0 stream\n"
time="2026-08-11T21:23:21+08:00" level=info msg="[GNB][NGAP] Receive Downlink NAS Transport"
time="2026-08-11T21:23:21+08:00" level=info msg="[UE][NAS] Message without security header"
time="2026-08-11T21:23:21+08:00" level=info msg="[UE][NAS] Receive Authentication Request"
time="2026-08-11T21:23:21+08:00" level=info msg="[UE][NAS][MAC] Authenticity of the authentication request message: OK"
time="2026-08-11T21:23:21+08:00" level=info msg="[UE][NAS][SQN] SQN of the authentication request message: VALID"
time="2026-08-11T21:23:21+08:00" level=info msg="[UE][NAS] Send authentication response"
time="2026-08-11T21:23:21+08:00" level=info msg="[UE] Switched from state 1 to state 2"
time="2026-08-11T21:23:22+08:00" level=info msg="[GNB][SCTP] Receive message in 0 stream\n"
time="2026-08-11T21:23:22+08:00" level=info msg="[GNB][NGAP] Receive Initial Context Setup Request"
time="2026-08-11T21:23:22+08:00" level=info msg="[GNB][UE] UE Context was created with successful"
time="2026-08-11T21:23:22+08:00" level=info msg="[GNB][UE] UE RAN ID 25"
time="2026-08-11T21:23:22+08:00" level=info msg="[GNB][UE] UE AMF ID 24"
time="2026-08-11T21:23:22+08:00" level=info msg="[GNB][UE] UE Mobility Restrict --Plmn-- Mcc: 208 Mnc: 93"
time="2026-08-11T21:23:22+08:00" level=info msg="[GNB][UE] UE Masked Imeisv: 1110000000ffff00"
time="2026-08-11T21:23:22+08:00" level=info msg="[GNB][UE] Allowed Nssai-- Sst: [01 01] Sd: [010203 112233]"
time="2026-08-11T21:23:22+08:00" level=info msg="[GNB][NGAP][AMF] Send Initial Context Setup Response."
time="2026-08-11T21:23:22+08:00" level=info msg="[GNB] Initiating Initial Context Setup Response"
time="2026-08-11T21:23:22+08:00" level=info msg="[GNB][NGAP] No PDU Session to set up in InitialContextSetupResponse."
time="2026-08-11T21:23:22+08:00" level=info msg="[UE][NAS] Message with security header"
time="2026-08-11T21:23:22+08:00" level=info msg="[UE][NAS] Message with integrity and ciphered"
time="2026-08-11T21:23:22+08:00" level=info msg="[UE][NAS] successful NAS CIPHERING"
time="2026-08-11T21:23:22+08:00" level=info msg="[UE][NAS] successful NAS MAC verification"
time="2026-08-11T21:23:22+08:00" level=info msg="[UE][NAS] Receive Registration Accept"
time="2026-08-11T21:23:22+08:00" level=info msg="[UE][NAS] UE 5G GUTI: &{119 11 [242 2 248 57 202 254 0 0 0 2 113]}"
time="2026-08-11T21:23:22+08:00" level=info msg="[UE] Switched from state 2 to state 3"
time="2026-08-11T21:23:22+08:00" level=info msg="[GNB][SCTP] Receive message in 0 stream\n"
time="2026-08-11T21:23:22+08:00" level=info msg="[GNB][NGAP] Receive Downlink NAS Transport"
time="2026-08-11T21:23:22+08:00" level=info msg="[UE][NAS] Message without security header"
time="2026-08-11T21:23:22+08:00" level=info msg="[UE][NAS] Receive Authentication Request"
time="2026-08-11T21:23:22+08:00" level=info msg="[UE][NAS][MAC] Authenticity of the authentication request message: OK"
time="2026-08-11T21:23:22+08:00" level=info msg="[UE][NAS][SQN] SQN of the authentication request message: VALID"
time="2026-08-11T21:23:22+08:00" level=info msg="[UE][NAS] Send authentication response"
time="2026-08-11T21:23:22+08:00" level=info msg="[UE] Switched from state 1 to state 2"
time="2026-08-11T21:23:22+08:00" level=info msg="[GNB][SCTP] Receive message in 0 stream\n"
time="2026-08-11T21:23:22+08:00" level=info msg="[GNB][NGAP] Receive Downlink NAS Transport"
time="2026-08-11T21:23:22+08:00" level=info msg="[UE][NAS] Message without security header"
time="2026-08-11T21:23:22+08:00" level=info msg="[UE][NAS] Receive Authentication Request"
time="2026-08-11T21:23:22+08:00" level=info msg="[UE][NAS][MAC] Authenticity of the authentication request message: OK"
time="2026-08-11T21:23:22+08:00" level=info msg="[UE][NAS][SQN] SQN of the authentication request message: VALID"
time="2026-08-11T21:23:22+08:00" level=info msg="[UE][NAS] Send authentication response"
time="2026-08-11T21:23:22+08:00" level=info msg="[UE] Switched from state 1 to state 2"
time="2026-08-11T21:23:22+08:00" level=info msg="[GNB][SCTP] Receive message in 0 stream\n"
time="2026-08-11T21:23:22+08:00" level=info msg="[GNB][NGAP] Receive Downlink NAS Transport"
time="2026-08-11T21:23:22+08:00" level=info msg="[UE][NAS] Message with security header"
time="2026-08-11T21:23:22+08:00" level=info msg="[UE][NAS] Message with integrity and with NEW 5G NAS SECURITY CONTEXT"
time="2026-08-11T21:23:22+08:00" level=info msg="[UE][NAS] successful NAS MAC verification"
time="2026-08-11T21:23:22+08:00" level=info msg="[UE][NAS] Receive Security Mode Command"
time="2026-08-11T21:23:22+08:00" level=info msg="[UE][NAS] Type of ciphering algorithm is 5G-EA0"
time="2026-08-11T21:23:22+08:00" level=info msg="[UE][NAS] Type of integrity protection algorithm is 128-5G-IA2"
time="2026-08-11T21:23:22+08:00" level=info msg="[GNB][SCTP] Receive message in 0 stream\n"
time="2026-08-11T21:23:22+08:00" level=info msg="[GNB][NGAP] Receive Downlink NAS Transport"
time="2026-08-11T21:23:22+08:00" level=info msg="[UE][NAS] Message with security header"
time="2026-08-11T21:23:22+08:00" level=info msg="[UE][NAS] Message with integrity and with NEW 5G NAS SECURITY CONTEXT"
time="2026-08-11T21:23:22+08:00" level=info msg="[UE][NAS] successful NAS MAC verification"
time="2026-08-11T21:23:22+08:00" level=info msg="[UE][NAS] Receive Security Mode Command"
time="2026-08-11T21:23:22+08:00" level=info msg="[UE][NAS] Type of ciphering algorithm is 5G-EA0"
time="2026-08-11T21:23:22+08:00" level=info msg="[UE][NAS] Type of integrity protection algorithm is 128-5G-IA2"
time="2026-08-11T21:23:22+08:00" level=info msg="[GNB][SCTP] Receive message in 0 stream\n"
time="2026-08-11T21:23:22+08:00" level=info msg="[GNB][NGAP] Receive Downlink NAS Transport"
time="2026-08-11T21:23:22+08:00" level=info msg="[UE][NAS] Message without security header"
time="2026-08-11T21:23:22+08:00" level=info msg="[UE][NAS] Receive Authentication Request"
time="2026-08-11T21:23:22+08:00" level=info msg="[UE][NAS][MAC] Authenticity of the authentication request message: OK"
time="2026-08-11T21:23:22+08:00" level=info msg="[UE][NAS][SQN] SQN of the authentication request message: VALID"
time="2026-08-11T21:23:22+08:00" level=info msg="[UE][NAS] Send authentication response"
time="2026-08-11T21:23:22+08:00" level=info msg="[UE] Switched from state 1 to state 2"
time="2026-08-11T21:23:22+08:00" level=info msg="[GNB][SCTP] Receive message in 0 stream\n"
time="2026-08-11T21:23:22+08:00" level=info msg="[GNB][SCTP] Receive message in 0 stream\n"
time="2026-08-11T21:23:22+08:00" level=info msg="[GNB][NGAP] Receive Downlink NAS Transport"
time="2026-08-11T21:23:22+08:00" level=info msg="[UE][NAS] Message with security header"
time="2026-08-11T21:23:22+08:00" level=info msg="[UE][NAS] Message with integrity and with NEW 5G NAS SECURITY CONTEXT"
time="2026-08-11T21:23:22+08:00" level=info msg="[UE][NAS] successful NAS MAC verification"
time="2026-08-11T21:23:22+08:00" level=info msg="[UE][NAS] Receive Security Mode Command"
time="2026-08-11T21:23:22+08:00" level=info msg="[UE][NAS] Type of ciphering algorithm is 5G-EA0"
time="2026-08-11T21:23:22+08:00" level=info msg="[UE][NAS] Type of integrity protection algorithm is 128-5G-IA2"
time="2026-08-11T21:23:22+08:00" level=info msg="[GNB][NGAP] Receive Initial Context Setup Request"
time="2026-08-11T21:23:22+08:00" level=info msg="[GNB][UE] UE Context was created with successful"
time="2026-08-11T21:23:22+08:00" level=info msg="[GNB][UE] UE RAN ID 21"
time="2026-08-11T21:23:22+08:00" level=info msg="[GNB][UE] UE AMF ID 20"
time="2026-08-11T21:23:22+08:00" level=info msg="[GNB][UE] UE Mobility Restrict --Plmn-- Mcc: 208 Mnc: 93"
time="2026-08-11T21:23:22+08:00" level=info msg="[GNB][UE] UE Masked Imeisv: 1110000000ffff00"
time="2026-08-11T21:23:22+08:00" level=info msg="[GNB][UE] Allowed Nssai-- Sst: [01 01] Sd: [010203 112233]"
time="2026-08-11T21:23:22+08:00" level=info msg="[GNB][NGAP][AMF] Send Initial Context Setup Response."
time="2026-08-11T21:23:22+08:00" level=info msg="[GNB] Initiating Initial Context Setup Response"
time="2026-08-11T21:23:22+08:00" level=info msg="[GNB][NGAP] No PDU Session to set up in InitialContextSetupResponse."
time="2026-08-11T21:23:22+08:00" level=info msg="[UE][NAS] Message with security header"
time="2026-08-11T21:23:22+08:00" level=info msg="[UE][NAS] Message with integrity and ciphered"
time="2026-08-11T21:23:22+08:00" level=info msg="[UE][NAS] successful NAS CIPHERING"
time="2026-08-11T21:23:22+08:00" level=info msg="[UE][NAS] successful NAS MAC verification"
time="2026-08-11T21:23:22+08:00" level=info msg="[UE][NAS] Receive Registration Accept"
time="2026-08-11T21:23:22+08:00" level=info msg="[UE][NAS] UE 5G GUTI: &{119 11 [242 2 248 57 202 254 0 0 0 2 108]}"
time="2026-08-11T21:23:22+08:00" level=info msg="[UE] Switched from state 2 to state 3"
time="2026-08-11T21:23:22+08:00" level=info msg="[GNB][SCTP] Receive message in 0 stream\n"
time="2026-08-11T21:23:22+08:00" level=info msg="[GNB][NGAP] Receive Initial Context Setup Request"
time="2026-08-11T21:23:22+08:00" level=info msg="[GNB][UE] UE Context was created with successful"
time="2026-08-11T21:23:22+08:00" level=info msg="[GNB][UE] UE RAN ID 33"
time="2026-08-11T21:23:22+08:00" level=info msg="[GNB][UE] UE AMF ID 32"
time="2026-08-11T21:23:22+08:00" level=info msg="[GNB][UE] UE Mobility Restrict --Plmn-- Mcc: 208 Mnc: 93"
time="2026-08-11T21:23:22+08:00" level=info msg="[GNB][UE] UE Masked Imeisv: 1110000000ffff00"
time="2026-08-11T21:23:22+08:00" level=info msg="[GNB][UE] Allowed Nssai-- Sst: [01 01] Sd: [010203 112233]"
time="2026-08-11T21:23:22+08:00" level=info msg="[GNB][NGAP][AMF] Send Initial Context Setup Response."
time="2026-08-11T21:23:22+08:00" level=info msg="[GNB] Initiating Initial Context Setup Response"
time="2026-08-11T21:23:22+08:00" level=info msg="[GNB][NGAP] No PDU Session to set up in InitialContextSetupResponse."
time="2026-08-11T21:23:22+08:00" level=info msg="[UE][NAS] Message with security header"
time="2026-08-11T21:23:22+08:00" level=info msg="[UE][NAS] Message with integrity and ciphered"
time="2026-08-11T21:23:22+08:00" level=info msg="[UE][NAS] successful NAS CIPHERING"
time="2026-08-11T21:23:22+08:00" level=info msg="[UE][NAS] successful NAS MAC verification"
time="2026-08-11T21:23:22+08:00" level=info msg="[UE][NAS] Receive Registration Accept"
time="2026-08-11T21:23:22+08:00" level=info msg="[UE][NAS] UE 5G GUTI: &{119 11 [242 2 248 57 202 254 0 0 0 2 116]}"
time="2026-08-11T21:23:22+08:00" level=info msg="[UE] Switched from state 2 to state 3"
time="2026-08-11T21:23:22+08:00" level=info msg="[GNB][SCTP] Receive message in 0 stream\n"
time="2026-08-11T21:23:22+08:00" level=info msg="[GNB][SCTP] Receive message in 0 stream\n"
time="2026-08-11T21:23:22+08:00" level=info msg="[GNB][NGAP] Receive Downlink NAS Transport"
time="2026-08-11T21:23:22+08:00" level=info msg="[UE][NAS] Message without security header"
time="2026-08-11T21:23:22+08:00" level=info msg="[UE][NAS] Receive Authentication Request"
time="2026-08-11T21:23:22+08:00" level=info msg="[UE][NAS][MAC] Authenticity of the authentication request message: OK"
time="2026-08-11T21:23:22+08:00" level=info msg="[UE][NAS][SQN] SQN of the authentication request message: VALID"
time="2026-08-11T21:23:22+08:00" level=info msg="[UE][NAS] Send authentication response"
time="2026-08-11T21:23:22+08:00" level=info msg="[GNB][NGAP] Receive Downlink NAS Transport"
time="2026-08-11T21:23:22+08:00" level=info msg="[UE][NAS] Message without security header"
time="2026-08-11T21:23:22+08:00" level=info msg="[UE][NAS] Receive Authentication Request"
time="2026-08-11T21:23:22+08:00" level=info msg="[UE][NAS][MAC] Authenticity of the authentication request message: OK"
time="2026-08-11T21:23:22+08:00" level=info msg="[UE][NAS][SQN] SQN of the authentication request message: VALID"
time="2026-08-11T21:23:22+08:00" level=info msg="[UE][NAS] Send authentication response"
time="2026-08-11T21:23:22+08:00" level=info msg="[UE] Switched from state 1 to state 2"
time="2026-08-11T21:23:22+08:00" level=info msg="[UE] Switched from state 1 to state 2"
time="2026-08-11T21:23:22+08:00" level=info msg="[GNB][SCTP] Receive message in 0 stream\n"
time="2026-08-11T21:23:22+08:00" level=info msg="[GNB][NGAP] Receive Initial Context Setup Request"
time="2026-08-11T21:23:22+08:00" level=info msg="[GNB][UE] UE Context was created with successful"
time="2026-08-11T21:23:22+08:00" level=info msg="[GNB][UE] UE RAN ID 29"
time="2026-08-11T21:23:22+08:00" level=info msg="[GNB][UE] UE AMF ID 28"
time="2026-08-11T21:23:22+08:00" level=info msg="[GNB][UE] UE Mobility Restrict --Plmn-- Mcc: 208 Mnc: 93"
time="2026-08-11T21:23:22+08:00" level=info msg="[GNB][UE] UE Masked Imeisv: 1110000000ffff00"
time="2026-08-11T21:23:22+08:00" level=info msg="[GNB][UE] Allowed Nssai-- Sst: [01 01] Sd: [010203 112233]"
time="2026-08-11T21:23:22+08:00" level=info msg="[GNB][NGAP][AMF] Send Initial Context Setup Response."
time="2026-08-11T21:23:22+08:00" level=info msg="[GNB] Initiating Initial Context Setup Response"
time="2026-08-11T21:23:22+08:00" level=info msg="[GNB][NGAP] No PDU Session to set up in InitialContextSetupResponse."
time="2026-08-11T21:23:22+08:00" level=info msg="[UE][NAS] Message with security header"
time="2026-08-11T21:23:22+08:00" level=info msg="[UE][NAS] Message with integrity and ciphered"
time="2026-08-11T21:23:22+08:00" level=info msg="[UE][NAS] successful NAS CIPHERING"
time="2026-08-11T21:23:22+08:00" level=info msg="[UE][NAS] successful NAS MAC verification"
time="2026-08-11T21:23:22+08:00" level=info msg="[UE][NAS] Receive Registration Accept"
time="2026-08-11T21:23:22+08:00" level=info msg="[UE][NAS] UE 5G GUTI: &{119 11 [242 2 248 57 202 254 0 0 0 2 103]}"
time="2026-08-11T21:23:22+08:00" level=info msg="[UE] Switched from state 2 to state 3"
time="2026-08-11T21:23:22+08:00" level=info msg="[GNB][SCTP] Receive message in 0 stream\n"
time="2026-08-11T21:23:22+08:00" level=info msg="[GNB][NGAP] Receive Downlink NAS Transport"
time="2026-08-11T21:23:22+08:00" level=info msg="[UE][NAS] Message without security header"
time="2026-08-11T21:23:22+08:00" level=info msg="[UE][NAS] Receive Authentication Request"
time="2026-08-11T21:23:22+08:00" level=info msg="[UE][NAS][MAC] Authenticity of the authentication request message: OK"
time="2026-08-11T21:23:22+08:00" level=info msg="[UE][NAS][SQN] SQN of the authentication request message: VALID"
time="2026-08-11T21:23:22+08:00" level=info msg="[UE][NAS] Send authentication response"
time="2026-08-11T21:23:22+08:00" level=info msg="[UE] Switched from state 1 to state 2"
time="2026-08-11T21:23:22+08:00" level=info msg="[GNB][SCTP] Receive message in 0 stream\n"
time="2026-08-11T21:23:22+08:00" level=info msg="[GNB][NGAP] Receive Downlink NAS Transport"
time="2026-08-11T21:23:22+08:00" level=info msg="[UE][NAS] Message with security header"
time="2026-08-11T21:23:22+08:00" level=info msg="[UE][NAS] Message with integrity and with NEW 5G NAS SECURITY CONTEXT"
time="2026-08-11T21:23:22+08:00" level=info msg="[UE][NAS] successful NAS MAC verification"
time="2026-08-11T21:23:22+08:00" level=info msg="[UE][NAS] Receive Security Mode Command"
time="2026-08-11T21:23:22+08:00" level=info msg="[UE][NAS] Type of ciphering algorithm is 5G-EA0"
time="2026-08-11T21:23:22+08:00" level=info msg="[UE][NAS] Type of integrity protection algorithm is 128-5G-IA2"
time="2026-08-11T21:23:22+08:00" level=info msg="[GNB][SCTP] Receive message in 0 stream\n"
time="2026-08-11T21:23:22+08:00" level=info msg="[GNB][NGAP] Receive Downlink NAS Transport"
time="2026-08-11T21:23:22+08:00" level=info msg="[UE][NAS] Message without security header"
time="2026-08-11T21:23:22+08:00" level=info msg="[UE][NAS] Receive Authentication Request"
time="2026-08-11T21:23:22+08:00" level=info msg="[UE][NAS][MAC] Authenticity of the authentication request message: OK"
time="2026-08-11T21:23:22+08:00" level=info msg="[UE][NAS][SQN] SQN of the authentication request message: VALID"
time="2026-08-11T21:23:22+08:00" level=info msg="[UE][NAS] Send authentication response"
time="2026-08-11T21:23:22+08:00" level=info msg="[UE] Switched from state 1 to state 2"
time="2026-08-11T21:23:22+08:00" level=info msg="[GNB][SCTP] Receive message in 0 stream\n"
time="2026-08-11T21:23:22+08:00" level=info msg="[GNB][NGAP] Receive Downlink NAS Transport"
time="2026-08-11T21:23:22+08:00" level=info msg="[UE][NAS] Message without security header"
time="2026-08-11T21:23:22+08:00" level=info msg="[UE][NAS] Receive Authentication Request"
time="2026-08-11T21:23:22+08:00" level=info msg="[UE][NAS][MAC] Authenticity of the authentication request message: OK"
time="2026-08-11T21:23:22+08:00" level=info msg="[UE][NAS][SQN] SQN of the authentication request message: VALID"
time="2026-08-11T21:23:22+08:00" level=info msg="[UE][NAS] Send authentication response"
time="2026-08-11T21:23:22+08:00" level=info msg="[UE] Switched from state 1 to state 2"
time="2026-08-11T21:23:22+08:00" level=info msg="[GNB][SCTP] Receive message in 0 stream\n"
time="2026-08-11T21:23:22+08:00" level=info msg="[GNB][NGAP] Receive Downlink NAS Transport"
time="2026-08-11T21:23:22+08:00" level=info msg="[UE][NAS] Message with security header"
time="2026-08-11T21:23:22+08:00" level=info msg="[UE][NAS] Message with integrity and with NEW 5G NAS SECURITY CONTEXT"
time="2026-08-11T21:23:22+08:00" level=info msg="[UE][NAS] successful NAS MAC verification"
time="2026-08-11T21:23:22+08:00" level=info msg="[UE][NAS] Receive Security Mode Command"
time="2026-08-11T21:23:22+08:00" level=info msg="[UE][NAS] Type of ciphering algorithm is 5G-EA0"
time="2026-08-11T21:23:22+08:00" level=info msg="[UE][NAS] Type of integrity protection algorithm is 128-5G-IA2"
time="2026-08-11T21:23:22+08:00" level=info msg="[GNB][SCTP] Receive message in 0 stream\n"
time="2026-08-11T21:23:22+08:00" level=info msg="[GNB][NGAP] Receive Downlink NAS Transport"
time="2026-08-11T21:23:22+08:00" level=info msg="[UE][NAS] Message with security header"
time="2026-08-11T21:23:22+08:00" level=info msg="[UE][NAS] Message with integrity and with NEW 5G NAS SECURITY CONTEXT"
time="2026-08-11T21:23:22+08:00" level=info msg="[UE][NAS] successful NAS MAC verification"
time="2026-08-11T21:23:22+08:00" level=info msg="[UE][NAS] Receive Security Mode Command"
time="2026-08-11T21:23:22+08:00" level=info msg="[UE][NAS] Type of ciphering algorithm is 5G-EA0"
time="2026-08-11T21:23:22+08:00" level=info msg="[UE][NAS] Type of integrity protection algorithm is 128-5G-IA2"
time="2026-08-11T21:23:22+08:00" level=info msg="[GNB][SCTP] Receive message in 0 stream\n"
time="2026-08-11T21:23:22+08:00" level=info msg="[GNB][NGAP] Receive Downlink NAS Transport"
time="2026-08-11T21:23:22+08:00" level=info msg="[UE][NAS] Message with security header"
time="2026-08-11T21:23:22+08:00" level=info msg="[UE][NAS] Message with integrity and with NEW 5G NAS SECURITY CONTEXT"
time="2026-08-11T21:23:22+08:00" level=info msg="[UE][NAS] successful NAS MAC verification"
time="2026-08-11T21:23:22+08:00" level=info msg="[UE][NAS] Receive Security Mode Command"
time="2026-08-11T21:23:22+08:00" level=info msg="[UE][NAS] Type of ciphering algorithm is 5G-EA0"
time="2026-08-11T21:23:22+08:00" level=info msg="[UE][NAS] Type of integrity protection algorithm is 128-5G-IA2"
time="2026-08-11T21:23:22+08:00" level=info msg="[GNB][SCTP] Receive message in 0 stream\n"
time="2026-08-11T21:23:22+08:00" level=info msg="[GNB][NGAP] Receive Downlink NAS Transport"
time="2026-08-11T21:23:22+08:00" level=info msg="[UE][NAS] Message without security header"
time="2026-08-11T21:23:22+08:00" level=info msg="[UE][NAS] Receive Authentication Request"
time="2026-08-11T21:23:22+08:00" level=info msg="[UE][NAS][MAC] Authenticity of the authentication request message: OK"
time="2026-08-11T21:23:22+08:00" level=info msg="[UE][NAS][SQN] SQN of the authentication request message: VALID"
time="2026-08-11T21:23:22+08:00" level=info msg="[UE][NAS] Send authentication response"
time="2026-08-11T21:23:22+08:00" level=info msg="[GNB][SCTP] Receive message in 0 stream\n"
time="2026-08-11T21:23:22+08:00" level=info msg="[UE] Switched from state 1 to state 2"
time="2026-08-11T21:23:22+08:00" level=info msg="[GNB][NGAP] Receive Downlink NAS Transport"
time="2026-08-11T21:23:22+08:00" level=info msg="[UE][NAS] Message without security header"
time="2026-08-11T21:23:22+08:00" level=info msg="[UE][NAS] Receive Authentication Request"
time="2026-08-11T21:23:22+08:00" level=info msg="[UE][NAS][MAC] Authenticity of the authentication request message: OK"
time="2026-08-11T21:23:22+08:00" level=info msg="[UE][NAS][SQN] SQN of the authentication request message: VALID"
time="2026-08-11T21:23:22+08:00" level=info msg="[UE][NAS] Send authentication response"
time="2026-08-11T21:23:22+08:00" level=info msg="[UE] Switched from state 1 to state 2"
time="2026-08-11T21:23:22+08:00" level=info msg="[GNB][SCTP] Receive message in 0 stream\n"
time="2026-08-11T21:23:22+08:00" level=info msg="[GNB][NGAP] Receive Downlink NAS Transport"
time="2026-08-11T21:23:22+08:00" level=info msg="[UE][NAS] Message with security header"
time="2026-08-11T21:23:22+08:00" level=info msg="[UE][NAS] Message with integrity and with NEW 5G NAS SECURITY CONTEXT"
time="2026-08-11T21:23:22+08:00" level=info msg="[UE][NAS] successful NAS MAC verification"
time="2026-08-11T21:23:22+08:00" level=info msg="[UE][NAS] Receive Security Mode Command"
time="2026-08-11T21:23:22+08:00" level=info msg="[UE][NAS] Type of ciphering algorithm is 5G-EA0"
time="2026-08-11T21:23:22+08:00" level=info msg="[UE][NAS] Type of integrity protection algorithm is 128-5G-IA2"
time="2026-08-11T21:23:22+08:00" level=info msg="[GNB][SCTP] Receive message in 0 stream\n"
time="2026-08-11T21:23:22+08:00" level=info msg="[GNB][NGAP] Receive Downlink NAS Transport"
time="2026-08-11T21:23:22+08:00" level=info msg="[UE][NAS] Message with security header"
time="2026-08-11T21:23:22+08:00" level=info msg="[UE][NAS] Message with integrity and with NEW 5G NAS SECURITY CONTEXT"
time="2026-08-11T21:23:22+08:00" level=info msg="[UE][NAS] successful NAS MAC verification"
time="2026-08-11T21:23:22+08:00" level=info msg="[UE][NAS] Receive Security Mode Command"
time="2026-08-11T21:23:22+08:00" level=info msg="[UE][NAS] Type of ciphering algorithm is 5G-EA0"
time="2026-08-11T21:23:22+08:00" level=info msg="[UE][NAS] Type of integrity protection algorithm is 128-5G-IA2"
time="2026-08-11T21:23:22+08:00" level=info msg="[GNB][SCTP] Receive message in 0 stream\n"
time="2026-08-11T21:23:22+08:00" level=info msg="[GNB][NGAP] Receive Downlink NAS Transport"
time="2026-08-11T21:23:22+08:00" level=info msg="[UE][NAS] Message without security header"
time="2026-08-11T21:23:22+08:00" level=info msg="[UE][NAS] Receive Authentication Request"
time="2026-08-11T21:23:22+08:00" level=info msg="[UE][NAS][MAC] Authenticity of the authentication request message: OK"
time="2026-08-11T21:23:22+08:00" level=info msg="[UE][NAS][SQN] SQN of the authentication request message: VALID"
time="2026-08-11T21:23:22+08:00" level=info msg="[UE][NAS] Send authentication response"
time="2026-08-11T21:23:22+08:00" level=info msg="[UE] Switched from state 1 to state 2"
time="2026-08-11T21:23:22+08:00" level=info msg="[GNB][SCTP] Receive message in 0 stream\n"
time="2026-08-11T21:23:22+08:00" level=info msg="[GNB][NGAP] Receive Downlink NAS Transport"
time="2026-08-11T21:23:22+08:00" level=info msg="[UE][NAS] Message with security header"
time="2026-08-11T21:23:22+08:00" level=info msg="[UE][NAS] Message with integrity and with NEW 5G NAS SECURITY CONTEXT"
time="2026-08-11T21:23:22+08:00" level=info msg="[UE][NAS] successful NAS MAC verification"
time="2026-08-11T21:23:22+08:00" level=info msg="[UE][NAS] Receive Security Mode Command"
time="2026-08-11T21:23:22+08:00" level=info msg="[UE][NAS] Type of ciphering algorithm is 5G-EA0"
time="2026-08-11T21:23:22+08:00" level=info msg="[UE][NAS] Type of integrity protection algorithm is 128-5G-IA2"
time="2026-08-11T21:23:22+08:00" level=info msg="[GNB][SCTP] Receive message in 0 stream\n"
time="2026-08-11T21:23:22+08:00" level=info msg="[GNB][NGAP] Receive Downlink NAS Transport"
time="2026-08-11T21:23:22+08:00" level=info msg="[UE][NAS] Message with security header"
time="2026-08-11T21:23:22+08:00" level=info msg="[UE][NAS] Message with integrity and ciphered"
time="2026-08-11T21:23:22+08:00" level=info msg="[UE][NAS] successful NAS CIPHERING"
time="2026-08-11T21:23:22+08:00" level=info msg="[UE][NAS] successful NAS MAC verification"
time="2026-08-11T21:23:22+08:00" level=info msg="[UE][NAS] Receive Configuration Update Command"
time="2026-08-11T21:23:22+08:00" level=info msg="[UE] Initiating Configuration Update Complete"
time="2026-08-11T21:23:22+08:00" level=info msg="[GNB][SCTP] Receive message in 0 stream\n"
time="2026-08-11T21:23:22+08:00" level=info msg="[GNB][NGAP] Receive Initial Context Setup Request"
time="2026-08-11T21:23:22+08:00" level=info msg="[GNB][UE] UE Context was created with successful"
time="2026-08-11T21:23:22+08:00" level=info msg="[GNB][UE] UE RAN ID 31"
time="2026-08-11T21:23:22+08:00" level=info msg="[GNB][UE] UE AMF ID 30"
time="2026-08-11T21:23:22+08:00" level=info msg="[GNB][UE] UE Mobility Restrict --Plmn-- Mcc: 208 Mnc: 93"
time="2026-08-11T21:23:22+08:00" level=info msg="[GNB][UE] UE Masked Imeisv: 1110000000ffff00"
time="2026-08-11T21:23:22+08:00" level=info msg="[GNB][UE] Allowed Nssai-- Sst: [01 01] Sd: [010203 112233]"
time="2026-08-11T21:23:22+08:00" level=info msg="[GNB][NGAP][AMF] Send Initial Context Setup Response."
time="2026-08-11T21:23:22+08:00" level=info msg="[GNB] Initiating Initial Context Setup Response"
time="2026-08-11T21:23:22+08:00" level=info msg="[GNB][NGAP] No PDU Session to set up in InitialContextSetupResponse."
time="2026-08-11T21:23:22+08:00" level=info msg="[UE][NAS] Message with security header"
time="2026-08-11T21:23:22+08:00" level=info msg="[UE][NAS] Message with integrity and ciphered"
time="2026-08-11T21:23:22+08:00" level=info msg="[UE][NAS] successful NAS CIPHERING"
time="2026-08-11T21:23:22+08:00" level=info msg="[UE][NAS] successful NAS MAC verification"
time="2026-08-11T21:23:22+08:00" level=info msg="[UE][NAS] Receive Registration Accept"
time="2026-08-11T21:23:22+08:00" level=info msg="[UE][NAS] UE 5G GUTI: &{119 11 [242 2 248 57 202 254 0 0 0 2 119]}"
time="2026-08-11T21:23:22+08:00" level=info msg="[UE] Switched from state 2 to state 3"
time="2026-08-11T21:23:22+08:00" level=info msg="[GNB][SCTP] Receive message in 0 stream\n"
time="2026-08-11T21:23:22+08:00" level=info msg="[GNB][NGAP] Receive Downlink NAS Transport"
time="2026-08-11T21:23:22+08:00" level=info msg="[UE][NAS] Message with security header"
time="2026-08-11T21:23:22+08:00" level=info msg="[UE][NAS] Message with integrity and ciphered"
time="2026-08-11T21:23:22+08:00" level=info msg="[UE][NAS] successful NAS CIPHERING"
time="2026-08-11T21:23:22+08:00" level=info msg="[UE][NAS] successful NAS MAC verification"
time="2026-08-11T21:23:22+08:00" level=info msg="[UE][NAS] Receive Configuration Update Command"
time="2026-08-11T21:23:22+08:00" level=info msg="[UE] Initiating Configuration Update Complete"
time="2026-08-11T21:23:23+08:00" level=info msg="[GNB][SCTP] Receive message in 0 stream\n"
time="2026-08-11T21:23:23+08:00" level=info msg="[GNB][NGAP] Receive Downlink NAS Transport"
time="2026-08-11T21:23:23+08:00" level=info msg="[UE][NAS] Message without security header"
time="2026-08-11T21:23:23+08:00" level=info msg="[UE][NAS] Receive Authentication Request"
time="2026-08-11T21:23:23+08:00" level=info msg="[GNB][SCTP] Receive message in 0 stream\n"
time="2026-08-11T21:23:23+08:00" level=info msg="[UE][NAS][MAC] Authenticity of the authentication request message: OK"
time="2026-08-11T21:23:23+08:00" level=info msg="[UE][NAS][SQN] SQN of the authentication request message: VALID"
time="2026-08-11T21:23:23+08:00" level=info msg="[UE][NAS] Send authentication response"
time="2026-08-11T21:23:23+08:00" level=info msg="[GNB][NGAP] Receive Downlink NAS Transport"
time="2026-08-11T21:23:23+08:00" level=info msg="[UE][NAS] Message with security header"
time="2026-08-11T21:23:23+08:00" level=info msg="[UE][NAS] Message with integrity and ciphered"
time="2026-08-11T21:23:23+08:00" level=info msg="[UE][NAS] successful NAS CIPHERING"
time="2026-08-11T21:23:23+08:00" level=info msg="[UE][NAS] successful NAS MAC verification"
time="2026-08-11T21:23:23+08:00" level=info msg="[UE][NAS] Receive Configuration Update Command"
time="2026-08-11T21:23:23+08:00" level=info msg="[UE] Initiating Configuration Update Complete"
time="2026-08-11T21:23:23+08:00" level=info msg="[UE] Switched from state 1 to state 2"
time="2026-08-11T21:23:23+08:00" level=info msg="[GNB][SCTP] Receive message in 0 stream\n"
time="2026-08-11T21:23:23+08:00" level=info msg="[GNB][NGAP] Receive Downlink NAS Transport"
time="2026-08-11T21:23:23+08:00" level=info msg="[UE][NAS] Message without security header"
time="2026-08-11T21:23:23+08:00" level=info msg="[UE][NAS] Receive Authentication Request"
time="2026-08-11T21:23:23+08:00" level=info msg="[UE][NAS][MAC] Authenticity of the authentication request message: OK"
time="2026-08-11T21:23:23+08:00" level=info msg="[UE][NAS][SQN] SQN of the authentication request message: VALID"
time="2026-08-11T21:23:23+08:00" level=info msg="[UE][NAS] Send authentication response"
time="2026-08-11T21:23:23+08:00" level=info msg="[UE] Switched from state 1 to state 2"
time="2026-08-11T21:23:23+08:00" level=info msg="[GNB][SCTP] Receive message in 0 stream\n"
time="2026-08-11T21:23:23+08:00" level=info msg="[GNB][NGAP] Receive Downlink NAS Transport"
time="2026-08-11T21:23:23+08:00" level=info msg="[UE][NAS] Message with security header"
time="2026-08-11T21:23:23+08:00" level=info msg="[UE][NAS] Message with integrity and with NEW 5G NAS SECURITY CONTEXT"
time="2026-08-11T21:23:23+08:00" level=info msg="[UE][NAS] successful NAS MAC verification"
time="2026-08-11T21:23:23+08:00" level=info msg="[UE][NAS] Receive Security Mode Command"
time="2026-08-11T21:23:23+08:00" level=info msg="[UE][NAS] Type of ciphering algorithm is 5G-EA0"
time="2026-08-11T21:23:23+08:00" level=info msg="[UE][NAS] Type of integrity protection algorithm is 128-5G-IA2"
time="2026-08-11T21:23:23+08:00" level=info msg="[GNB][SCTP] Receive message in 0 stream\n"
time="2026-08-11T21:23:23+08:00" level=info msg="[GNB][NGAP] Receive Downlink NAS Transport"
time="2026-08-11T21:23:23+08:00" level=info msg="[UE][NAS] Message with security header"
time="2026-08-11T21:23:23+08:00" level=info msg="[UE][NAS] Message with integrity and with NEW 5G NAS SECURITY CONTEXT"
time="2026-08-11T21:23:23+08:00" level=info msg="[UE][NAS] successful NAS MAC verification"
time="2026-08-11T21:23:23+08:00" level=info msg="[UE][NAS] Receive Security Mode Command"
time="2026-08-11T21:23:23+08:00" level=info msg="[UE][NAS] Type of ciphering algorithm is 5G-EA0"
time="2026-08-11T21:23:23+08:00" level=info msg="[UE][NAS] Type of integrity protection algorithm is 128-5G-IA2"
time="2026-08-11T21:23:23+08:00" level=info msg="[GNB][SCTP] Receive message in 0 stream\n"
time="2026-08-11T21:23:23+08:00" level=info msg="[GNB][NGAP] Receive Downlink NAS Transport"
time="2026-08-11T21:23:23+08:00" level=info msg="[UE][NAS] Message with security header"
time="2026-08-11T21:23:23+08:00" level=info msg="[UE][NAS] Message with integrity and with NEW 5G NAS SECURITY CONTEXT"
time="2026-08-11T21:23:23+08:00" level=info msg="[UE][NAS] successful NAS MAC verification"
time="2026-08-11T21:23:23+08:00" level=info msg="[UE][NAS] Receive Security Mode Command"
time="2026-08-11T21:23:23+08:00" level=info msg="[UE][NAS] Type of ciphering algorithm is 5G-EA0"
time="2026-08-11T21:23:23+08:00" level=info msg="[UE][NAS] Type of integrity protection algorithm is 128-5G-IA2"
time="2026-08-11T21:23:23+08:00" level=info msg="[GNB][SCTP] Receive message in 0 stream\n"
time="2026-08-11T21:23:23+08:00" level=info msg="[GNB][NGAP] Receive Downlink NAS Transport"
time="2026-08-11T21:23:23+08:00" level=info msg="[UE][NAS] Message with security header"
time="2026-08-11T21:23:23+08:00" level=info msg="[UE][NAS] Message with integrity and ciphered"
time="2026-08-11T21:23:23+08:00" level=info msg="[UE][NAS] successful NAS CIPHERING"
time="2026-08-11T21:23:23+08:00" level=info msg="[UE][NAS] successful NAS MAC verification"
time="2026-08-11T21:23:23+08:00" level=info msg="[UE][NAS] Receive Configuration Update Command"
time="2026-08-11T21:23:23+08:00" level=info msg="[UE] Initiating Configuration Update Complete"
time="2026-08-11T21:23:23+08:00" level=info msg="[GNB][SCTP] Receive message in 0 stream\n"
time="2026-08-11T21:23:23+08:00" level=info msg="[GNB][NGAP] Receive Downlink NAS Transport"
time="2026-08-11T21:23:23+08:00" level=info msg="[UE][NAS] Message without security header"
time="2026-08-11T21:23:23+08:00" level=info msg="[UE][NAS] Receive Authentication Request"
time="2026-08-11T21:23:23+08:00" level=info msg="[UE][NAS][MAC] Authenticity of the authentication request message: OK"
time="2026-08-11T21:23:23+08:00" level=info msg="[UE][NAS][SQN] SQN of the authentication request message: VALID"
time="2026-08-11T21:23:23+08:00" level=info msg="[UE][NAS] Send authentication response"
time="2026-08-11T21:23:23+08:00" level=info msg="[UE] Switched from state 1 to state 2"
time="2026-08-11T21:23:23+08:00" level=info msg="[GNB][SCTP] Receive message in 0 stream\n"
time="2026-08-11T21:23:23+08:00" level=info msg="[GNB][NGAP] Receive Downlink NAS Transport"
time="2026-08-11T21:23:23+08:00" level=info msg="[UE][NAS] Message without security header"
time="2026-08-11T21:23:23+08:00" level=info msg="[UE][NAS] Receive Authentication Request"
time="2026-08-11T21:23:23+08:00" level=info msg="[UE][NAS][MAC] Authenticity of the authentication request message: OK"
time="2026-08-11T21:23:23+08:00" level=info msg="[UE][NAS][SQN] SQN of the authentication request message: VALID"
time="2026-08-11T21:23:23+08:00" level=info msg="[UE][NAS] Send authentication response"
time="2026-08-11T21:23:23+08:00" level=info msg="[UE] Switched from state 1 to state 2"
time="2026-08-11T21:23:23+08:00" level=info msg="[GNB][SCTP] Receive message in 0 stream\n"
time="2026-08-11T21:23:23+08:00" level=info msg="[GNB][SCTP] Receive message in 0 stream\n"
time="2026-08-11T21:23:23+08:00" level=info msg="[GNB][NGAP] Receive Initial Context Setup Request"
time="2026-08-11T21:23:23+08:00" level=info msg="[GNB][NGAP] Receive Initial Context Setup Request"
time="2026-08-11T21:23:23+08:00" level=info msg="[GNB][UE] UE Context was created with successful"
time="2026-08-11T21:23:23+08:00" level=info msg="[GNB][UE] UE RAN ID 47"
time="2026-08-11T21:23:23+08:00" level=info msg="[GNB][UE] UE AMF ID 46"
time="2026-08-11T21:23:23+08:00" level=info msg="[GNB][UE] UE Mobility Restrict --Plmn-- Mcc: 208 Mnc: 93"
time="2026-08-11T21:23:23+08:00" level=info msg="[GNB][UE] UE Masked Imeisv: 1110000000ffff00"
time="2026-08-11T21:23:23+08:00" level=info msg="[GNB][UE] Allowed Nssai-- Sst: [01 01] Sd: [010203 112233]"
time="2026-08-11T21:23:23+08:00" level=info msg="[GNB][NGAP][AMF] Send Initial Context Setup Response."
time="2026-08-11T21:23:23+08:00" level=info msg="[GNB] Initiating Initial Context Setup Response"
time="2026-08-11T21:23:23+08:00" level=info msg="[GNB][NGAP] No PDU Session to set up in InitialContextSetupResponse."
time="2026-08-11T21:23:23+08:00" level=info msg="[GNB][UE] UE Context was created with successful"
time="2026-08-11T21:23:23+08:00" level=info msg="[GNB][UE] UE RAN ID 35"
time="2026-08-11T21:23:23+08:00" level=info msg="[GNB][UE] UE AMF ID 34"
time="2026-08-11T21:23:23+08:00" level=info msg="[GNB][UE] UE Mobility Restrict --Plmn-- Mcc: 208 Mnc: 93"
time="2026-08-11T21:23:23+08:00" level=info msg="[GNB][UE] UE Masked Imeisv: 1110000000ffff00"
time="2026-08-11T21:23:23+08:00" level=info msg="[GNB][UE] Allowed Nssai-- Sst: [01 01] Sd: [010203 112233]"
time="2026-08-11T21:23:23+08:00" level=info msg="[GNB][NGAP][AMF] Send Initial Context Setup Response."
time="2026-08-11T21:23:23+08:00" level=info msg="[GNB] Initiating Initial Context Setup Response"
time="2026-08-11T21:23:23+08:00" level=info msg="[GNB][NGAP] No PDU Session to set up in InitialContextSetupResponse."
time="2026-08-11T21:23:23+08:00" level=info msg="[UE][NAS] Message with security header"
time="2026-08-11T21:23:23+08:00" level=info msg="[UE][NAS] Message with integrity and ciphered"
time="2026-08-11T21:23:23+08:00" level=info msg="[UE][NAS] successful NAS CIPHERING"
time="2026-08-11T21:23:23+08:00" level=info msg="[UE][NAS] successful NAS MAC verification"
time="2026-08-11T21:23:23+08:00" level=info msg="[UE][NAS] Receive Registration Accept"
time="2026-08-11T21:23:23+08:00" level=info msg="[UE][NAS] UE 5G GUTI: &{119 11 [242 2 248 57 202 254 0 0 0 2 122]}"
time="2026-08-11T21:23:23+08:00" level=info msg="[UE] Switched from state 2 to state 3"
time="2026-08-11T21:23:23+08:00" level=info msg="[UE][NAS] Message with security header"
time="2026-08-11T21:23:23+08:00" level=info msg="[UE][NAS] Message with integrity and ciphered"
time="2026-08-11T21:23:23+08:00" level=info msg="[UE][NAS] successful NAS CIPHERING"
time="2026-08-11T21:23:23+08:00" level=info msg="[UE][NAS] successful NAS MAC verification"
time="2026-08-11T21:23:23+08:00" level=info msg="[UE][NAS] Receive Registration Accept"
time="2026-08-11T21:23:23+08:00" level=info msg="[UE][NAS] UE 5G GUTI: &{119 11 [242 2 248 57 202 254 0 0 0 2 105]}"
time="2026-08-11T21:23:23+08:00" level=info msg="[UE] Switched from state 2 to state 3"
time="2026-08-11T21:23:23+08:00" level=info msg="[GNB][SCTP] Receive message in 0 stream\n"
time="2026-08-11T21:23:23+08:00" level=info msg="[GNB][NGAP] Receive Downlink NAS Transport"
time="2026-08-11T21:23:23+08:00" level=info msg="[UE][NAS] Message with security header"
time="2026-08-11T21:23:23+08:00" level=info msg="[UE][NAS] Message with integrity and with NEW 5G NAS SECURITY CONTEXT"
time="2026-08-11T21:23:23+08:00" level=info msg="[UE][NAS] successful NAS MAC verification"
time="2026-08-11T21:23:23+08:00" level=info msg="[UE][NAS] Receive Security Mode Command"
time="2026-08-11T21:23:23+08:00" level=info msg="[UE][NAS] Type of ciphering algorithm is 5G-EA0"
time="2026-08-11T21:23:23+08:00" level=info msg="[UE][NAS] Type of integrity protection algorithm is 128-5G-IA2"
time="2026-08-11T21:23:23+08:00" level=info msg="[GNB][SCTP] Receive message in 0 stream\n"
time="2026-08-11T21:23:23+08:00" level=info msg="[GNB][SCTP] Receive message in 0 stream\n"
time="2026-08-11T21:23:23+08:00" level=info msg="[GNB][NGAP] Receive Downlink NAS Transport"
time="2026-08-11T21:23:23+08:00" level=info msg="[UE][NAS] Message with security header"
time="2026-08-11T21:23:23+08:00" level=info msg="[UE][NAS] Message with integrity and with NEW 5G NAS SECURITY CONTEXT"
time="2026-08-11T21:23:23+08:00" level=info msg="[UE][NAS] successful NAS MAC verification"
time="2026-08-11T21:23:23+08:00" level=info msg="[UE][NAS] Receive Security Mode Command"
time="2026-08-11T21:23:23+08:00" level=info msg="[UE][NAS] Type of ciphering algorithm is 5G-EA0"
time="2026-08-11T21:23:23+08:00" level=info msg="[UE][NAS] Type of integrity protection algorithm is 128-5G-IA2"
time="2026-08-11T21:23:23+08:00" level=info msg="[GNB][NGAP] Receive Downlink NAS Transport"
time="2026-08-11T21:23:23+08:00" level=info msg="[UE][NAS] Message with security header"
time="2026-08-11T21:23:23+08:00" level=info msg="[UE][NAS] Message with integrity and ciphered"
time="2026-08-11T21:23:23+08:00" level=info msg="[UE][NAS] successful NAS CIPHERING"
time="2026-08-11T21:23:23+08:00" level=info msg="[UE][NAS] successful NAS MAC verification"
time="2026-08-11T21:23:23+08:00" level=info msg="[UE][NAS] Receive Configuration Update Command"
time="2026-08-11T21:23:23+08:00" level=info msg="[UE] Initiating Configuration Update Complete"
time="2026-08-11T21:23:23+08:00" level=info msg="[GNB][SCTP] Receive message in 0 stream\n"
time="2026-08-11T21:23:23+08:00" level=info msg="[GNB][NGAP] Receive Initial Context Setup Request"
time="2026-08-11T21:23:23+08:00" level=info msg="[GNB][UE] UE Context was created with successful"
time="2026-08-11T21:23:23+08:00" level=info msg="[GNB][UE] UE RAN ID 22"
time="2026-08-11T21:23:23+08:00" level=info msg="[GNB][UE] UE AMF ID 21"
time="2026-08-11T21:23:23+08:00" level=info msg="[GNB][UE] UE Mobility Restrict --Plmn-- Mcc: 208 Mnc: 93"
time="2026-08-11T21:23:23+08:00" level=info msg="[GNB][UE] UE Masked Imeisv: 1110000000ffff00"
time="2026-08-11T21:23:23+08:00" level=info msg="[GNB][UE] Allowed Nssai-- Sst: [01 01] Sd: [010203 112233]"
time="2026-08-11T21:23:23+08:00" level=info msg="[GNB][NGAP][AMF] Send Initial Context Setup Response."
time="2026-08-11T21:23:23+08:00" level=info msg="[GNB] Initiating Initial Context Setup Response"
time="2026-08-11T21:23:23+08:00" level=info msg="[GNB][NGAP] No PDU Session to set up in InitialContextSetupResponse."
time="2026-08-11T21:23:23+08:00" level=info msg="[UE][NAS] Message with security header"
time="2026-08-11T21:23:23+08:00" level=info msg="[UE][NAS] Message with integrity and ciphered"
time="2026-08-11T21:23:23+08:00" level=info msg="[UE][NAS] successful NAS CIPHERING"
time="2026-08-11T21:23:23+08:00" level=info msg="[UE][NAS] successful NAS MAC verification"
time="2026-08-11T21:23:23+08:00" level=info msg="[UE][NAS] Receive Registration Accept"
time="2026-08-11T21:23:23+08:00" level=info msg="[UE][NAS] UE 5G GUTI: &{119 11 [242 2 248 57 202 254 0 0 0 2 114]}"
time="2026-08-11T21:23:23+08:00" level=info msg="[UE] Switched from state 2 to state 3"
time="2026-08-11T21:23:23+08:00" level=info msg="[GNB][SCTP] Receive message in 0 stream\n"
time="2026-08-11T21:23:23+08:00" level=info msg="[GNB][NGAP] Receive Downlink NAS Transport"
time="2026-08-11T21:23:23+08:00" level=info msg="[UE][NAS] Message with security header"
time="2026-08-11T21:23:23+08:00" level=info msg="[UE][NAS] Message with integrity and with NEW 5G NAS SECURITY CONTEXT"
time="2026-08-11T21:23:23+08:00" level=info msg="[UE][NAS] successful NAS MAC verification"
time="2026-08-11T21:23:23+08:00" level=info msg="[UE][NAS] Receive Security Mode Command"
time="2026-08-11T21:23:23+08:00" level=info msg="[UE][NAS] Type of ciphering algorithm is 5G-EA0"
time="2026-08-11T21:23:23+08:00" level=info msg="[UE][NAS] Type of integrity protection algorithm is 128-5G-IA2"
time="2026-08-11T21:23:23+08:00" level=info msg="[GNB][SCTP] Receive message in 0 stream\n"
time="2026-08-11T21:23:23+08:00" level=info msg="[GNB][NGAP] Receive Initial Context Setup Request"
time="2026-08-11T21:23:23+08:00" level=info msg="[GNB][UE] UE Context was created with successful"
time="2026-08-11T21:23:23+08:00" level=info msg="[GNB][UE] UE RAN ID 32"
time="2026-08-11T21:23:23+08:00" level=info msg="[GNB][UE] UE AMF ID 31"
time="2026-08-11T21:23:23+08:00" level=info msg="[GNB][UE] UE Mobility Restrict --Plmn-- Mcc: 208 Mnc: 93"
time="2026-08-11T21:23:23+08:00" level=info msg="[GNB][UE] UE Masked Imeisv: 1110000000ffff00"
time="2026-08-11T21:23:23+08:00" level=info msg="[GNB][UE] Allowed Nssai-- Sst: [01 01] Sd: [010203 112233]"
time="2026-08-11T21:23:23+08:00" level=info msg="[GNB][NGAP][AMF] Send Initial Context Setup Response."
time="2026-08-11T21:23:23+08:00" level=info msg="[GNB] Initiating Initial Context Setup Response"
time="2026-08-11T21:23:23+08:00" level=info msg="[GNB][NGAP] No PDU Session to set up in InitialContextSetupResponse."
time="2026-08-11T21:23:23+08:00" level=info msg="[UE][NAS] Message with security header"
time="2026-08-11T21:23:23+08:00" level=info msg="[UE][NAS] Message with integrity and ciphered"
time="2026-08-11T21:23:23+08:00" level=info msg="[UE][NAS] successful NAS CIPHERING"
time="2026-08-11T21:23:23+08:00" level=info msg="[UE][NAS] successful NAS MAC verification"
time="2026-08-11T21:23:23+08:00" level=info msg="[UE][NAS] Receive Registration Accept"
time="2026-08-11T21:23:23+08:00" level=info msg="[UE][NAS] UE 5G GUTI: &{119 11 [242 2 248 57 202 254 0 0 0 2 106]}"
time="2026-08-11T21:23:23+08:00" level=info msg="[UE] Switched from state 2 to state 3"
time="2026-08-11T21:23:23+08:00" level=info msg="[GNB][SCTP] Receive message in 0 stream\n"
time="2026-08-11T21:23:23+08:00" level=info msg="[GNB][SCTP] Receive message in 0 stream\n"
time="2026-08-11T21:23:23+08:00" level=info msg="[GNB][NGAP] Receive Downlink NAS Transport"
time="2026-08-11T21:23:23+08:00" level=info msg="[UE][NAS] Message with security header"
time="2026-08-11T21:23:23+08:00" level=info msg="[UE][NAS] Message with integrity and ciphered"
time="2026-08-11T21:23:23+08:00" level=info msg="[UE][NAS] successful NAS CIPHERING"
time="2026-08-11T21:23:23+08:00" level=info msg="[UE][NAS] successful NAS MAC verification"
time="2026-08-11T21:23:23+08:00" level=info msg="[UE][NAS] Receive Configuration Update Command"
time="2026-08-11T21:23:23+08:00" level=info msg="[UE] Initiating Configuration Update Complete"
time="2026-08-11T21:23:23+08:00" level=info msg="[GNB][SCTP] Receive message in 0 stream\n"
time="2026-08-11T21:23:23+08:00" level=info msg="[GNB][NGAP] Receive Downlink NAS Transport"
time="2026-08-11T21:23:23+08:00" level=info msg="[UE][NAS] Message with security header"
time="2026-08-11T21:23:23+08:00" level=info msg="[UE][NAS] Message with integrity and with NEW 5G NAS SECURITY CONTEXT"
time="2026-08-11T21:23:23+08:00" level=info msg="[UE][NAS] successful NAS MAC verification"
time="2026-08-11T21:23:23+08:00" level=info msg="[UE][NAS] Receive Security Mode Command"
time="2026-08-11T21:23:23+08:00" level=info msg="[UE][NAS] Type of ciphering algorithm is 5G-EA0"
time="2026-08-11T21:23:23+08:00" level=info msg="[UE][NAS] Type of integrity protection algorithm is 128-5G-IA2"
time="2026-08-11T21:23:23+08:00" level=info msg="[GNB][NGAP] Receive Downlink NAS Transport"
time="2026-08-11T21:23:23+08:00" level=info msg="[UE][NAS] Message with security header"
time="2026-08-11T21:23:23+08:00" level=info msg="[UE][NAS] Message with integrity and with NEW 5G NAS SECURITY CONTEXT"
time="2026-08-11T21:23:23+08:00" level=info msg="[UE][NAS] successful NAS MAC verification"
time="2026-08-11T21:23:23+08:00" level=info msg="[UE][NAS] Receive Security Mode Command"
time="2026-08-11T21:23:23+08:00" level=info msg="[UE][NAS] Type of ciphering algorithm is 5G-EA0"
time="2026-08-11T21:23:23+08:00" level=info msg="[UE][NAS] Type of integrity protection algorithm is 128-5G-IA2"
time="2026-08-11T21:23:23+08:00" level=info msg="[GNB][SCTP] Receive message in 0 stream\n"
time="2026-08-11T21:23:23+08:00" level=info msg="[GNB][NGAP] Receive Initial Context Setup Request"
time="2026-08-11T21:23:23+08:00" level=info msg="[GNB][UE] UE Context was created with successful"
time="2026-08-11T21:23:23+08:00" level=info msg="[GNB][UE] UE RAN ID 38"
time="2026-08-11T21:23:23+08:00" level=info msg="[GNB][UE] UE AMF ID 37"
time="2026-08-11T21:23:23+08:00" level=info msg="[GNB][UE] UE Mobility Restrict --Plmn-- Mcc: 208 Mnc: 93"
time="2026-08-11T21:23:23+08:00" level=info msg="[GNB][UE] UE Masked Imeisv: 1110000000ffff00"
time="2026-08-11T21:23:23+08:00" level=info msg="[GNB][UE] Allowed Nssai-- Sst: [01 01] Sd: [010203 112233]"
time="2026-08-11T21:23:23+08:00" level=info msg="[GNB][NGAP][AMF] Send Initial Context Setup Response."
time="2026-08-11T21:23:23+08:00" level=info msg="[GNB] Initiating Initial Context Setup Response"
time="2026-08-11T21:23:23+08:00" level=info msg="[GNB][NGAP] No PDU Session to set up in InitialContextSetupResponse."
time="2026-08-11T21:23:23+08:00" level=info msg="[UE][NAS] Message with security header"
time="2026-08-11T21:23:23+08:00" level=info msg="[UE][NAS] Message with integrity and ciphered"
time="2026-08-11T21:23:23+08:00" level=info msg="[UE][NAS] successful NAS CIPHERING"
time="2026-08-11T21:23:23+08:00" level=info msg="[UE][NAS] successful NAS MAC verification"
time="2026-08-11T21:23:23+08:00" level=info msg="[UE][NAS] Receive Registration Accept"
time="2026-08-11T21:23:23+08:00" level=info msg="[UE][NAS] UE 5G GUTI: &{119 11 [242 2 248 57 202 254 0 0 0 2 111]}"
time="2026-08-11T21:23:23+08:00" level=info msg="[UE] Switched from state 2 to state 3"
time="2026-08-11T21:23:23+08:00" level=info msg="[GNB][SCTP] Receive message in 0 stream\n"
time="2026-08-11T21:23:23+08:00" level=info msg="[GNB][NGAP] Receive Downlink NAS Transport"
time="2026-08-11T21:23:23+08:00" level=info msg="[UE][NAS] Message with security header"
time="2026-08-11T21:23:23+08:00" level=info msg="[UE][NAS] Message with integrity and with NEW 5G NAS SECURITY CONTEXT"
time="2026-08-11T21:23:23+08:00" level=info msg="[UE][NAS] successful NAS MAC verification"
time="2026-08-11T21:23:23+08:00" level=info msg="[UE][NAS] Receive Security Mode Command"
time="2026-08-11T21:23:23+08:00" level=info msg="[UE][NAS] Type of ciphering algorithm is 5G-EA0"
time="2026-08-11T21:23:23+08:00" level=info msg="[UE][NAS] Type of integrity protection algorithm is 128-5G-IA2"
time="2026-08-11T21:23:23+08:00" level=info msg="[GNB][SCTP] Receive message in 0 stream\n"
time="2026-08-11T21:23:23+08:00" level=info msg="[GNB][NGAP] Receive Initial Context Setup Request"
time="2026-08-11T21:23:23+08:00" level=info msg="[GNB][UE] UE Context was created with successful"
time="2026-08-11T21:23:23+08:00" level=info msg="[GNB][UE] UE RAN ID 53"
time="2026-08-11T21:23:23+08:00" level=info msg="[GNB][UE] UE AMF ID 52"
time="2026-08-11T21:23:23+08:00" level=info msg="[GNB][UE] UE Mobility Restrict --Plmn-- Mcc: 208 Mnc: 93"
time="2026-08-11T21:23:23+08:00" level=info msg="[GNB][UE] UE Masked Imeisv: 1110000000ffff00"
time="2026-08-11T21:23:23+08:00" level=info msg="[GNB][UE] Allowed Nssai-- Sst: [01 01] Sd: [010203 112233]"
time="2026-08-11T21:23:23+08:00" level=info msg="[GNB][NGAP][AMF] Send Initial Context Setup Response."
time="2026-08-11T21:23:23+08:00" level=info msg="[GNB] Initiating Initial Context Setup Response"
time="2026-08-11T21:23:23+08:00" level=info msg="[GNB][NGAP] No PDU Session to set up in InitialContextSetupResponse."
time="2026-08-11T21:23:23+08:00" level=info msg="[UE][NAS] Message with security header"
time="2026-08-11T21:23:23+08:00" level=info msg="[UE][NAS] Message with integrity and ciphered"
time="2026-08-11T21:23:23+08:00" level=info msg="[UE][NAS] successful NAS CIPHERING"
time="2026-08-11T21:23:23+08:00" level=info msg="[UE][NAS] successful NAS MAC verification"
time="2026-08-11T21:23:23+08:00" level=info msg="[UE][NAS] Receive Registration Accept"
time="2026-08-11T21:23:23+08:00" level=info msg="[UE][NAS] UE 5G GUTI: &{119 11 [242 2 248 57 202 254 0 0 0 2 128]}"
time="2026-08-11T21:23:23+08:00" level=info msg="[UE] Switched from state 2 to state 3"
time="2026-08-11T21:23:23+08:00" level=info msg="[GNB][SCTP] Receive message in 0 stream\n"
time="2026-08-11T21:23:23+08:00" level=info msg="[GNB][NGAP] Receive Initial Context Setup Request"
time="2026-08-11T21:23:23+08:00" level=info msg="[GNB][UE] UE Context was created with successful"
time="2026-08-11T21:23:23+08:00" level=info msg="[GNB][UE] UE RAN ID 19"
time="2026-08-11T21:23:23+08:00" level=info msg="[GNB][UE] UE AMF ID 18"
time="2026-08-11T21:23:23+08:00" level=info msg="[GNB][UE] UE Mobility Restrict --Plmn-- Mcc: 208 Mnc: 93"
time="2026-08-11T21:23:23+08:00" level=info msg="[GNB][UE] UE Masked Imeisv: 1110000000ffff00"
time="2026-08-11T21:23:23+08:00" level=info msg="[GNB][UE] Allowed Nssai-- Sst: [01 01] Sd: [010203 112233]"
time="2026-08-11T21:23:23+08:00" level=info msg="[GNB][NGAP][AMF] Send Initial Context Setup Response."
time="2026-08-11T21:23:23+08:00" level=info msg="[GNB] Initiating Initial Context Setup Response"
time="2026-08-11T21:23:23+08:00" level=info msg="[GNB][NGAP] No PDU Session to set up in InitialContextSetupResponse."
time="2026-08-11T21:23:23+08:00" level=info msg="[UE][NAS] Message with security header"
time="2026-08-11T21:23:23+08:00" level=info msg="[UE][NAS] Message with integrity and ciphered"
time="2026-08-11T21:23:23+08:00" level=info msg="[UE][NAS] successful NAS CIPHERING"
time="2026-08-11T21:23:23+08:00" level=info msg="[UE][NAS] successful NAS MAC verification"
time="2026-08-11T21:23:23+08:00" level=info msg="[UE][NAS] Receive Registration Accept"
time="2026-08-11T21:23:23+08:00" level=info msg="[UE][NAS] UE 5G GUTI: &{119 11 [242 2 248 57 202 254 0 0 0 2 109]}"
time="2026-08-11T21:23:23+08:00" level=info msg="[UE] Switched from state 2 to state 3"
time="2026-08-11T21:23:23+08:00" level=info msg="[GNB][SCTP] Receive message in 0 stream\n"
time="2026-08-11T21:23:23+08:00" level=info msg="[GNB][NGAP] Receive Downlink NAS Transport"
time="2026-08-11T21:23:23+08:00" level=info msg="[UE][NAS] Message with security header"
time="2026-08-11T21:23:23+08:00" level=info msg="[UE][NAS] Message with integrity and with NEW 5G NAS SECURITY CONTEXT"
time="2026-08-11T21:23:23+08:00" level=info msg="[UE][NAS] successful NAS MAC verification"
time="2026-08-11T21:23:23+08:00" level=info msg="[UE][NAS] Receive Security Mode Command"
time="2026-08-11T21:23:23+08:00" level=info msg="[UE][NAS] Type of ciphering algorithm is 5G-EA0"
time="2026-08-11T21:23:23+08:00" level=info msg="[UE][NAS] Type of integrity protection algorithm is 128-5G-IA2"
time="2026-08-11T21:23:23+08:00" level=info msg="[GNB][SCTP] Receive message in 0 stream\n"
time="2026-08-11T21:23:23+08:00" level=info msg="[GNB][NGAP] Receive Initial Context Setup Request"
time="2026-08-11T21:23:23+08:00" level=info msg="[GNB][UE] UE Context was created with successful"
time="2026-08-11T21:23:23+08:00" level=info msg="[GNB][UE] UE RAN ID 50"
time="2026-08-11T21:23:23+08:00" level=info msg="[GNB][UE] UE AMF ID 49"
time="2026-08-11T21:23:23+08:00" level=info msg="[GNB][UE] UE Mobility Restrict --Plmn-- Mcc: 208 Mnc: 93"
time="2026-08-11T21:23:23+08:00" level=info msg="[GNB][UE] UE Masked Imeisv: 1110000000ffff00"
time="2026-08-11T21:23:23+08:00" level=info msg="[GNB][UE] Allowed Nssai-- Sst: [01 01] Sd: [010203 112233]"
time="2026-08-11T21:23:23+08:00" level=info msg="[GNB][NGAP][AMF] Send Initial Context Setup Response."
time="2026-08-11T21:23:23+08:00" level=info msg="[GNB] Initiating Initial Context Setup Response"
time="2026-08-11T21:23:23+08:00" level=info msg="[GNB][NGAP] No PDU Session to set up in InitialContextSetupResponse."
time="2026-08-11T21:23:23+08:00" level=info msg="[UE][NAS] Message with security header"
time="2026-08-11T21:23:23+08:00" level=info msg="[UE][NAS] Message with integrity and ciphered"
time="2026-08-11T21:23:23+08:00" level=info msg="[UE][NAS] successful NAS CIPHERING"
time="2026-08-11T21:23:23+08:00" level=info msg="[UE][NAS] successful NAS MAC verification"
time="2026-08-11T21:23:23+08:00" level=info msg="[UE][NAS] Receive Registration Accept"
time="2026-08-11T21:23:23+08:00" level=info msg="[UE][NAS] UE 5G GUTI: &{119 11 [242 2 248 57 202 254 0 0 0 2 120]}"
time="2026-08-11T21:23:23+08:00" level=info msg="[UE] Switched from state 2 to state 3"
time="2026-08-11T21:23:23+08:00" level=info msg="[GNB][SCTP] Receive message in 0 stream\n"
time="2026-08-11T21:23:23+08:00" level=info msg="[GNB][NGAP] Receive Initial Context Setup Request"
time="2026-08-11T21:23:23+08:00" level=info msg="[GNB][UE] UE Context was created with successful"
time="2026-08-11T21:23:23+08:00" level=info msg="[GNB][UE] UE RAN ID 27"
time="2026-08-11T21:23:23+08:00" level=info msg="[GNB][UE] UE AMF ID 26"
time="2026-08-11T21:23:23+08:00" level=info msg="[GNB][UE] UE Mobility Restrict --Plmn-- Mcc: 208 Mnc: 93"
time="2026-08-11T21:23:23+08:00" level=info msg="[GNB][UE] UE Masked Imeisv: 1110000000ffff00"
time="2026-08-11T21:23:23+08:00" level=info msg="[GNB][UE] Allowed Nssai-- Sst: [01 01] Sd: [010203 112233]"
time="2026-08-11T21:23:23+08:00" level=info msg="[GNB][NGAP][AMF] Send Initial Context Setup Response."
time="2026-08-11T21:23:23+08:00" level=info msg="[GNB] Initiating Initial Context Setup Response"
time="2026-08-11T21:23:23+08:00" level=info msg="[GNB][NGAP] No PDU Session to set up in InitialContextSetupResponse."
time="2026-08-11T21:23:23+08:00" level=info msg="[UE][NAS] Message with security header"
time="2026-08-11T21:23:23+08:00" level=info msg="[UE][NAS] Message with integrity and ciphered"
time="2026-08-11T21:23:23+08:00" level=info msg="[UE][NAS] successful NAS CIPHERING"
time="2026-08-11T21:23:23+08:00" level=info msg="[UE][NAS] successful NAS MAC verification"
time="2026-08-11T21:23:23+08:00" level=info msg="[UE][NAS] Receive Registration Accept"
time="2026-08-11T21:23:23+08:00" level=info msg="[UE][NAS] UE 5G GUTI: &{119 11 [242 2 248 57 202 254 0 0 0 2 112]}"
time="2026-08-11T21:23:23+08:00" level=info msg="[UE] Switched from state 2 to state 3"
time="2026-08-11T21:23:23+08:00" level=info msg="[GNB][SCTP] Receive message in 0 stream\n"
time="2026-08-11T21:23:23+08:00" level=info msg="[GNB][NGAP] Receive Downlink NAS Transport"
time="2026-08-11T21:23:23+08:00" level=info msg="[UE][NAS] Message with security header"
time="2026-08-11T21:23:23+08:00" level=info msg="[UE][NAS] Message with integrity and with NEW 5G NAS SECURITY CONTEXT"
time="2026-08-11T21:23:23+08:00" level=info msg="[UE][NAS] successful NAS MAC verification"
time="2026-08-11T21:23:23+08:00" level=info msg="[UE][NAS] Receive Security Mode Command"
time="2026-08-11T21:23:23+08:00" level=info msg="[UE][NAS] Type of ciphering algorithm is 5G-EA0"
time="2026-08-11T21:23:23+08:00" level=info msg="[UE][NAS] Type of integrity protection algorithm is 128-5G-IA2"
time="2026-08-11T21:23:23+08:00" level=info msg="[GNB][SCTP] Receive message in 0 stream\n"
time="2026-08-11T21:23:23+08:00" level=info msg="[GNB][NGAP] Receive Downlink NAS Transport"
time="2026-08-11T21:23:23+08:00" level=info msg="[UE][NAS] Message with security header"
time="2026-08-11T21:23:23+08:00" level=info msg="[UE][NAS] Message with integrity and ciphered"
time="2026-08-11T21:23:23+08:00" level=info msg="[UE][NAS] successful NAS CIPHERING"
time="2026-08-11T21:23:23+08:00" level=info msg="[UE][NAS] successful NAS MAC verification"
time="2026-08-11T21:23:23+08:00" level=info msg="[UE][NAS] Receive Configuration Update Command"
time="2026-08-11T21:23:23+08:00" level=info msg="[UE] Initiating Configuration Update Complete"
time="2026-08-11T21:23:24+08:00" level=info msg="[GNB][SCTP] Receive message in 0 stream\n"
time="2026-08-11T21:23:24+08:00" level=info msg="[GNB][SCTP] Receive message in 0 stream\n"
time="2026-08-11T21:23:24+08:00" level=info msg="[GNB][NGAP] Receive Downlink NAS Transport"
time="2026-08-11T21:23:24+08:00" level=info msg="[UE][NAS] Message with security header"
time="2026-08-11T21:23:24+08:00" level=info msg="[GNB][NGAP] Receive Downlink NAS Transport"
time="2026-08-11T21:23:24+08:00" level=info msg="[UE][NAS] Message with security header"
time="2026-08-11T21:23:24+08:00" level=info msg="[UE][NAS] Message with integrity and with NEW 5G NAS SECURITY CONTEXT"
time="2026-08-11T21:23:24+08:00" level=info msg="[UE][NAS] successful NAS MAC verification"
time="2026-08-11T21:23:24+08:00" level=info msg="[UE][NAS] Receive Security Mode Command"
time="2026-08-11T21:23:24+08:00" level=info msg="[UE][NAS] Type of ciphering algorithm is 5G-EA0"
time="2026-08-11T21:23:24+08:00" level=info msg="[UE][NAS] Type of integrity protection algorithm is 128-5G-IA2"
time="2026-08-11T21:23:24+08:00" level=info msg="[UE][NAS] Message with integrity and with NEW 5G NAS SECURITY CONTEXT"
time="2026-08-11T21:23:24+08:00" level=info msg="[UE][NAS] successful NAS MAC verification"
time="2026-08-11T21:23:24+08:00" level=info msg="[UE][NAS] Receive Security Mode Command"
time="2026-08-11T21:23:24+08:00" level=info msg="[UE][NAS] Type of ciphering algorithm is 5G-EA0"
time="2026-08-11T21:23:24+08:00" level=info msg="[UE][NAS] Type of integrity protection algorithm is 128-5G-IA2"
time="2026-08-11T21:23:24+08:00" level=info msg="[GNB][SCTP] Receive message in 0 stream\n"
time="2026-08-11T21:23:24+08:00" level=info msg="[GNB][NGAP] Receive Downlink NAS Transport"
time="2026-08-11T21:23:24+08:00" level=info msg="[UE][NAS] Message with security header"
time="2026-08-11T21:23:24+08:00" level=info msg="[UE][NAS] Message with integrity and with NEW 5G NAS SECURITY CONTEXT"
time="2026-08-11T21:23:24+08:00" level=info msg="[UE][NAS] successful NAS MAC verification"
time="2026-08-11T21:23:24+08:00" level=info msg="[UE][NAS] Receive Security Mode Command"
time="2026-08-11T21:23:24+08:00" level=info msg="[UE][NAS] Type of ciphering algorithm is 5G-EA0"
time="2026-08-11T21:23:24+08:00" level=info msg="[UE][NAS] Type of integrity protection algorithm is 128-5G-IA2"
time="2026-08-11T21:23:24+08:00" level=info msg="[GNB][SCTP] Receive message in 0 stream\n"
time="2026-08-11T21:23:24+08:00" level=info msg="[GNB][NGAP] Receive Downlink NAS Transport"
time="2026-08-11T21:23:24+08:00" level=info msg="[UE][NAS] Message with security header"
time="2026-08-11T21:23:24+08:00" level=info msg="[UE][NAS] Message with integrity and with NEW 5G NAS SECURITY CONTEXT"
time="2026-08-11T21:23:24+08:00" level=info msg="[UE][NAS] successful NAS MAC verification"
time="2026-08-11T21:23:24+08:00" level=info msg="[UE][NAS] Receive Security Mode Command"
time="2026-08-11T21:23:24+08:00" level=info msg="[UE][NAS] Type of ciphering algorithm is 5G-EA0"
time="2026-08-11T21:23:24+08:00" level=info msg="[UE][NAS] Type of integrity protection algorithm is 128-5G-IA2"
time="2026-08-11T21:23:24+08:00" level=info msg="[GNB][SCTP] Receive message in 0 stream\n"
time="2026-08-11T21:23:24+08:00" level=info msg="[GNB][NGAP] Receive Initial Context Setup Request"
time="2026-08-11T21:23:24+08:00" level=info msg="[GNB][UE] UE Context was created with successful"
time="2026-08-11T21:23:24+08:00" level=info msg="[GNB][UE] UE RAN ID 41"
time="2026-08-11T21:23:24+08:00" level=info msg="[GNB][UE] UE AMF ID 40"
time="2026-08-11T21:23:24+08:00" level=info msg="[GNB][UE] UE Mobility Restrict --Plmn-- Mcc: 208 Mnc: 93"
time="2026-08-11T21:23:24+08:00" level=info msg="[GNB][UE] UE Masked Imeisv: 1110000000ffff00"
time="2026-08-11T21:23:24+08:00" level=info msg="[GNB][UE] Allowed Nssai-- Sst: [01 01] Sd: [010203 112233]"
time="2026-08-11T21:23:24+08:00" level=info msg="[GNB][NGAP][AMF] Send Initial Context Setup Response."
time="2026-08-11T21:23:24+08:00" level=info msg="[GNB] Initiating Initial Context Setup Response"
time="2026-08-11T21:23:24+08:00" level=info msg="[GNB][NGAP] No PDU Session to set up in InitialContextSetupResponse."
time="2026-08-11T21:23:24+08:00" level=info msg="[UE][NAS] Message with security header"
time="2026-08-11T21:23:24+08:00" level=info msg="[UE][NAS] Message with integrity and ciphered"
time="2026-08-11T21:23:24+08:00" level=info msg="[UE][NAS] successful NAS CIPHERING"
time="2026-08-11T21:23:24+08:00" level=info msg="[UE][NAS] successful NAS MAC verification"
time="2026-08-11T21:23:24+08:00" level=info msg="[UE][NAS] Receive Registration Accept"
time="2026-08-11T21:23:24+08:00" level=info msg="[UE][NAS] UE 5G GUTI: &{119 11 [242 2 248 57 202 254 0 0 0 2 117]}"
time="2026-08-11T21:23:24+08:00" level=info msg="[UE] Switched from state 2 to state 3"
time="2026-08-11T21:23:24+08:00" level=info msg="[GNB][SCTP] Receive message in 0 stream\n"
time="2026-08-11T21:23:24+08:00" level=info msg="[GNB][NGAP] Receive Downlink NAS Transport"
time="2026-08-11T21:23:24+08:00" level=info msg="[UE][NAS] Message with security header"
time="2026-08-11T21:23:24+08:00" level=info msg="[UE][NAS] Message with integrity and with NEW 5G NAS SECURITY CONTEXT"
time="2026-08-11T21:23:24+08:00" level=info msg="[UE][NAS] successful NAS MAC verification"
time="2026-08-11T21:23:24+08:00" level=info msg="[UE][NAS] Receive Security Mode Command"
time="2026-08-11T21:23:24+08:00" level=info msg="[UE][NAS] Type of ciphering algorithm is 5G-EA0"
time="2026-08-11T21:23:24+08:00" level=info msg="[UE][NAS] Type of integrity protection algorithm is 128-5G-IA2"
time="2026-08-11T21:23:24+08:00" level=info msg="[GNB][SCTP] Receive message in 0 stream\n"
time="2026-08-11T21:23:24+08:00" level=info msg="[GNB][NGAP] Receive Initial Context Setup Request"
time="2026-08-11T21:23:24+08:00" level=info msg="[GNB][UE] UE Context was created with successful"
time="2026-08-11T21:23:24+08:00" level=info msg="[GNB][UE] UE RAN ID 44"
time="2026-08-11T21:23:24+08:00" level=info msg="[GNB][UE] UE AMF ID 43"
time="2026-08-11T21:23:24+08:00" level=info msg="[GNB][UE] UE Mobility Restrict --Plmn-- Mcc: 208 Mnc: 93"
time="2026-08-11T21:23:24+08:00" level=info msg="[GNB][UE] UE Masked Imeisv: 1110000000ffff00"
time="2026-08-11T21:23:24+08:00" level=info msg="[GNB][UE] Allowed Nssai-- Sst: [01 01] Sd: [010203 112233]"
time="2026-08-11T21:23:24+08:00" level=info msg="[GNB][NGAP][AMF] Send Initial Context Setup Response."
time="2026-08-11T21:23:24+08:00" level=info msg="[GNB] Initiating Initial Context Setup Response"
time="2026-08-11T21:23:24+08:00" level=info msg="[GNB][NGAP] No PDU Session to set up in InitialContextSetupResponse."
time="2026-08-11T21:23:24+08:00" level=info msg="[UE][NAS] Message with security header"
time="2026-08-11T21:23:24+08:00" level=info msg="[UE][NAS] Message with integrity and ciphered"
time="2026-08-11T21:23:24+08:00" level=info msg="[UE][NAS] successful NAS CIPHERING"
time="2026-08-11T21:23:24+08:00" level=info msg="[UE][NAS] successful NAS MAC verification"
time="2026-08-11T21:23:24+08:00" level=info msg="[UE][NAS] Receive Registration Accept"
time="2026-08-11T21:23:24+08:00" level=info msg="[UE][NAS] UE 5G GUTI: &{119 11 [242 2 248 57 202 254 0 0 0 2 115]}"
time="2026-08-11T21:23:24+08:00" level=info msg="[UE] Switched from state 2 to state 3"
time="2026-08-11T21:23:24+08:00" level=info msg="[GNB][SCTP] Receive message in 0 stream\n"
time="2026-08-11T21:23:24+08:00" level=info msg="[GNB][NGAP] Receive Downlink NAS Transport"
time="2026-08-11T21:23:24+08:00" level=info msg="[GNB][SCTP] Receive message in 0 stream\n"
time="2026-08-11T21:23:24+08:00" level=info msg="[UE][NAS] Message with security header"
time="2026-08-11T21:23:24+08:00" level=info msg="[UE][NAS] Message with integrity and with NEW 5G NAS SECURITY CONTEXT"
time="2026-08-11T21:23:24+08:00" level=info msg="[UE][NAS] successful NAS MAC verification"
time="2026-08-11T21:23:24+08:00" level=info msg="[UE][NAS] Receive Security Mode Command"
time="2026-08-11T21:23:24+08:00" level=info msg="[UE][NAS] Type of ciphering algorithm is 5G-EA0"
time="2026-08-11T21:23:24+08:00" level=info msg="[UE][NAS] Type of integrity protection algorithm is 128-5G-IA2"
time="2026-08-11T21:23:24+08:00" level=info msg="[GNB][NGAP] Receive Downlink NAS Transport"
time="2026-08-11T21:23:24+08:00" level=info msg="[UE][NAS] Message with security header"
time="2026-08-11T21:23:24+08:00" level=info msg="[UE][NAS] Message with integrity and ciphered"
time="2026-08-11T21:23:24+08:00" level=info msg="[UE][NAS] successful NAS CIPHERING"
time="2026-08-11T21:23:24+08:00" level=info msg="[UE][NAS] successful NAS MAC verification"
time="2026-08-11T21:23:24+08:00" level=info msg="[UE][NAS] Receive Configuration Update Command"
time="2026-08-11T21:23:24+08:00" level=info msg="[UE] Initiating Configuration Update Complete"
time="2026-08-11T21:23:24+08:00" level=info msg="[GNB][SCTP] Receive message in 0 stream\n"
time="2026-08-11T21:23:24+08:00" level=info msg="[GNB][NGAP] Receive Initial Context Setup Request"
time="2026-08-11T21:23:24+08:00" level=info msg="[GNB][UE] UE Context was created with successful"
time="2026-08-11T21:23:24+08:00" level=info msg="[GNB][UE] UE RAN ID 24"
time="2026-08-11T21:23:24+08:00" level=info msg="[GNB][UE] UE AMF ID 23"
time="2026-08-11T21:23:24+08:00" level=info msg="[GNB][UE] UE Mobility Restrict --Plmn-- Mcc: 208 Mnc: 93"
time="2026-08-11T21:23:24+08:00" level=info msg="[GNB][UE] UE Masked Imeisv: 1110000000ffff00"
time="2026-08-11T21:23:24+08:00" level=info msg="[GNB][UE] Allowed Nssai-- Sst: [01 01] Sd: [010203 112233]"
time="2026-08-11T21:23:24+08:00" level=info msg="[GNB][NGAP][AMF] Send Initial Context Setup Response."
time="2026-08-11T21:23:24+08:00" level=info msg="[GNB] Initiating Initial Context Setup Response"
time="2026-08-11T21:23:24+08:00" level=info msg="[GNB][NGAP] No PDU Session to set up in InitialContextSetupResponse."
time="2026-08-11T21:23:24+08:00" level=info msg="[UE][NAS] Message with security header"
time="2026-08-11T21:23:24+08:00" level=info msg="[UE][NAS] Message with integrity and ciphered"
time="2026-08-11T21:23:24+08:00" level=info msg="[UE][NAS] successful NAS CIPHERING"
time="2026-08-11T21:23:24+08:00" level=info msg="[UE][NAS] successful NAS MAC verification"
time="2026-08-11T21:23:24+08:00" level=info msg="[UE][NAS] Receive Registration Accept"
time="2026-08-11T21:23:24+08:00" level=info msg="[UE][NAS] UE 5G GUTI: &{119 11 [242 2 248 57 202 254 0 0 0 2 118]}"
time="2026-08-11T21:23:24+08:00" level=info msg="[UE] Switched from state 2 to state 3"
time="2026-08-11T21:23:24+08:00" level=info msg="[GNB][SCTP] Receive message in 0 stream\n"
time="2026-08-11T21:23:24+08:00" level=info msg="[GNB][NGAP] Receive Initial Context Setup Request"
time="2026-08-11T21:23:24+08:00" level=info msg="[GNB][UE] UE Context was created with successful"
time="2026-08-11T21:23:24+08:00" level=info msg="[GNB][UE] UE RAN ID 34"
time="2026-08-11T21:23:24+08:00" level=info msg="[GNB][UE] UE AMF ID 33"
time="2026-08-11T21:23:24+08:00" level=info msg="[GNB][UE] UE Mobility Restrict --Plmn-- Mcc: 208 Mnc: 93"
time="2026-08-11T21:23:24+08:00" level=info msg="[GNB][UE] UE Masked Imeisv: 1110000000ffff00"
time="2026-08-11T21:23:24+08:00" level=info msg="[GNB][UE] Allowed Nssai-- Sst: [01 01] Sd: [010203 112233]"
time="2026-08-11T21:23:24+08:00" level=info msg="[GNB][NGAP][AMF] Send Initial Context Setup Response."
time="2026-08-11T21:23:24+08:00" level=info msg="[GNB] Initiating Initial Context Setup Response"
time="2026-08-11T21:23:24+08:00" level=info msg="[GNB][NGAP] No PDU Session to set up in InitialContextSetupResponse."
time="2026-08-11T21:23:24+08:00" level=info msg="[UE][NAS] Message with security header"
time="2026-08-11T21:23:24+08:00" level=info msg="[UE][NAS] Message with integrity and ciphered"
time="2026-08-11T21:23:24+08:00" level=info msg="[UE][NAS] successful NAS CIPHERING"
time="2026-08-11T21:23:24+08:00" level=info msg="[UE][NAS] successful NAS MAC verification"
time="2026-08-11T21:23:24+08:00" level=info msg="[UE][NAS] Receive Registration Accept"
time="2026-08-11T21:23:24+08:00" level=info msg="[UE][NAS] UE 5G GUTI: &{119 11 [242 2 248 57 202 254 0 0 0 2 125]}"
time="2026-08-11T21:23:24+08:00" level=info msg="[UE] Switched from state 2 to state 3"
time="2026-08-11T21:23:24+08:00" level=info msg="[GNB][SCTP] Receive message in 0 stream\n"
time="2026-08-11T21:23:24+08:00" level=info msg="[GNB][NGAP] Receive Downlink NAS Transport"
time="2026-08-11T21:23:24+08:00" level=info msg="[UE][NAS] Message with security header"
time="2026-08-11T21:23:24+08:00" level=info msg="[UE][NAS] Message with integrity and with NEW 5G NAS SECURITY CONTEXT"
time="2026-08-11T21:23:24+08:00" level=info msg="[UE][NAS] successful NAS MAC verification"
time="2026-08-11T21:23:24+08:00" level=info msg="[UE][NAS] Receive Security Mode Command"
time="2026-08-11T21:23:24+08:00" level=info msg="[UE][NAS] Type of ciphering algorithm is 5G-EA0"
time="2026-08-11T21:23:24+08:00" level=info msg="[UE][NAS] Type of integrity protection algorithm is 128-5G-IA2"
time="2026-08-11T21:23:24+08:00" level=info msg="[GNB][SCTP] Receive message in 0 stream\n"
time="2026-08-11T21:23:24+08:00" level=info msg="[GNB][NGAP] Receive Downlink NAS Transport"
time="2026-08-11T21:23:24+08:00" level=info msg="[UE][NAS] Message with security header"
time="2026-08-11T21:23:24+08:00" level=info msg="[UE][NAS] Message with integrity and ciphered"
time="2026-08-11T21:23:24+08:00" level=info msg="[UE][NAS] successful NAS CIPHERING"
time="2026-08-11T21:23:24+08:00" level=info msg="[UE][NAS] successful NAS MAC verification"
time="2026-08-11T21:23:24+08:00" level=info msg="[UE][NAS] Receive Configuration Update Command"
time="2026-08-11T21:23:24+08:00" level=info msg="[UE] Initiating Configuration Update Complete"
time="2026-08-11T21:23:24+08:00" level=info msg="[GNB][SCTP] Receive message in 0 stream\n"
time="2026-08-11T21:23:24+08:00" level=info msg="[GNB][NGAP] Receive Initial Context Setup Request"
time="2026-08-11T21:23:24+08:00" level=info msg="[GNB][UE] UE Context was created with successful"
time="2026-08-11T21:23:24+08:00" level=info msg="[GNB][UE] UE RAN ID 46"
time="2026-08-11T21:23:24+08:00" level=info msg="[GNB][UE] UE AMF ID 45"
time="2026-08-11T21:23:24+08:00" level=info msg="[GNB][UE] UE Mobility Restrict --Plmn-- Mcc: 208 Mnc: 93"
time="2026-08-11T21:23:24+08:00" level=info msg="[GNB][UE] UE Masked Imeisv: 1110000000ffff00"
time="2026-08-11T21:23:24+08:00" level=info msg="[GNB][UE] Allowed Nssai-- Sst: [01 01] Sd: [010203 112233]"
time="2026-08-11T21:23:24+08:00" level=info msg="[GNB][NGAP][AMF] Send Initial Context Setup Response."
time="2026-08-11T21:23:24+08:00" level=info msg="[GNB] Initiating Initial Context Setup Response"
time="2026-08-11T21:23:24+08:00" level=info msg="[GNB][NGAP] No PDU Session to set up in InitialContextSetupResponse."
time="2026-08-11T21:23:24+08:00" level=info msg="[UE][NAS] Message with security header"
time="2026-08-11T21:23:24+08:00" level=info msg="[UE][NAS] Message with integrity and ciphered"
time="2026-08-11T21:23:24+08:00" level=info msg="[UE][NAS] successful NAS CIPHERING"
time="2026-08-11T21:23:24+08:00" level=info msg="[UE][NAS] successful NAS MAC verification"
time="2026-08-11T21:23:24+08:00" level=info msg="[UE][NAS] Receive Registration Accept"
time="2026-08-11T21:23:24+08:00" level=info msg="[UE][NAS] UE 5G GUTI: &{119 11 [242 2 248 57 202 254 0 0 0 2 134]}"
time="2026-08-11T21:23:24+08:00" level=info msg="[UE] Switched from state 2 to state 3"
time="2026-08-11T21:23:24+08:00" level=info msg="[GNB][SCTP] Receive message in 0 stream\n"
time="2026-08-11T21:23:24+08:00" level=info msg="[GNB][NGAP] Receive Downlink NAS Transport"
time="2026-08-11T21:23:24+08:00" level=info msg="[UE][NAS] Message with security header"
time="2026-08-11T21:23:24+08:00" level=info msg="[UE][NAS] Message with integrity and with NEW 5G NAS SECURITY CONTEXT"
time="2026-08-11T21:23:24+08:00" level=info msg="[UE][NAS] successful NAS MAC verification"
time="2026-08-11T21:23:24+08:00" level=info msg="[UE][NAS] Receive Security Mode Command"
time="2026-08-11T21:23:24+08:00" level=info msg="[UE][NAS] Type of ciphering algorithm is 5G-EA0"
time="2026-08-11T21:23:24+08:00" level=info msg="[UE][NAS] Type of integrity protection algorithm is 128-5G-IA2"
time="2026-08-11T21:23:24+08:00" level=info msg="[GNB][SCTP] Receive message in 0 stream\n"
time="2026-08-11T21:23:24+08:00" level=info msg="[GNB][NGAP] Receive Downlink NAS Transport"
time="2026-08-11T21:23:24+08:00" level=info msg="[UE][NAS] Message with security header"
time="2026-08-11T21:23:24+08:00" level=info msg="[UE][NAS] Message with integrity and with NEW 5G NAS SECURITY CONTEXT"
time="2026-08-11T21:23:24+08:00" level=info msg="[UE][NAS] successful NAS MAC verification"
time="2026-08-11T21:23:24+08:00" level=info msg="[UE][NAS] Receive Security Mode Command"
time="2026-08-11T21:23:24+08:00" level=info msg="[UE][NAS] Type of ciphering algorithm is 5G-EA0"
time="2026-08-11T21:23:24+08:00" level=info msg="[UE][NAS] Type of integrity protection algorithm is 128-5G-IA2"
time="2026-08-11T21:23:24+08:00" level=info msg="[GNB][SCTP] Receive message in 0 stream\n"
time="2026-08-11T21:23:24+08:00" level=info msg="[GNB][NGAP] Receive Downlink NAS Transport"
time="2026-08-11T21:23:24+08:00" level=info msg="[UE][NAS] Message with security header"
time="2026-08-11T21:23:24+08:00" level=info msg="[UE][NAS] Message with integrity and with NEW 5G NAS SECURITY CONTEXT"
time="2026-08-11T21:23:24+08:00" level=info msg="[UE][NAS] successful NAS MAC verification"
time="2026-08-11T21:23:24+08:00" level=info msg="[UE][NAS] Receive Security Mode Command"
time="2026-08-11T21:23:24+08:00" level=info msg="[UE][NAS] Type of ciphering algorithm is 5G-EA0"
time="2026-08-11T21:23:24+08:00" level=info msg="[UE][NAS] Type of integrity protection algorithm is 128-5G-IA2"
time="2026-08-11T21:23:24+08:00" level=info msg="[GNB][SCTP] Receive message in 0 stream\n"
time="2026-08-11T21:23:24+08:00" level=info msg="[GNB][NGAP] Receive Downlink NAS Transport"
time="2026-08-11T21:23:24+08:00" level=info msg="[UE][NAS] Message with security header"
time="2026-08-11T21:23:24+08:00" level=info msg="[UE][NAS] Message with integrity and with NEW 5G NAS SECURITY CONTEXT"
time="2026-08-11T21:23:24+08:00" level=info msg="[UE][NAS] successful NAS MAC verification"
time="2026-08-11T21:23:24+08:00" level=info msg="[UE][NAS] Receive Security Mode Command"
time="2026-08-11T21:23:24+08:00" level=info msg="[UE][NAS] Type of ciphering algorithm is 5G-EA0"
time="2026-08-11T21:23:24+08:00" level=info msg="[UE][NAS] Type of integrity protection algorithm is 128-5G-IA2"
time="2026-08-11T21:23:24+08:00" level=info msg="[GNB][SCTP] Receive message in 0 stream\n"
time="2026-08-11T21:23:24+08:00" level=info msg="[GNB][SCTP] Receive message in 0 stream\n"
time="2026-08-11T21:23:24+08:00" level=info msg="[GNB][NGAP] Receive Downlink NAS Transport"
time="2026-08-11T21:23:24+08:00" level=info msg="[UE][NAS] Message with security header"
time="2026-08-11T21:23:24+08:00" level=info msg="[UE][NAS] Message with integrity and with NEW 5G NAS SECURITY CONTEXT"
time="2026-08-11T21:23:24+08:00" level=info msg="[UE][NAS] successful NAS MAC verification"
time="2026-08-11T21:23:24+08:00" level=info msg="[UE][NAS] Receive Security Mode Command"
time="2026-08-11T21:23:24+08:00" level=info msg="[UE][NAS] Type of ciphering algorithm is 5G-EA0"
time="2026-08-11T21:23:24+08:00" level=info msg="[UE][NAS] Type of integrity protection algorithm is 128-5G-IA2"
time="2026-08-11T21:23:24+08:00" level=info msg="[GNB][NGAP] Receive Downlink NAS Transport"
time="2026-08-11T21:23:24+08:00" level=info msg="[UE][NAS] Message with security header"
time="2026-08-11T21:23:24+08:00" level=info msg="[UE][NAS] Message with integrity and ciphered"
time="2026-08-11T21:23:24+08:00" level=info msg="[UE][NAS] successful NAS CIPHERING"
time="2026-08-11T21:23:24+08:00" level=info msg="[UE][NAS] successful NAS MAC verification"
time="2026-08-11T21:23:24+08:00" level=info msg="[UE][NAS] Receive Configuration Update Command"
time="2026-08-11T21:23:24+08:00" level=info msg="[UE] Initiating Configuration Update Complete"
time="2026-08-11T21:23:24+08:00" level=info msg="[GNB][SCTP] Receive message in 0 stream\n"
time="2026-08-11T21:23:24+08:00" level=info msg="[GNB][NGAP] Receive Initial Context Setup Request"
time="2026-08-11T21:23:24+08:00" level=info msg="[GNB][UE] UE Context was created with successful"
time="2026-08-11T21:23:24+08:00" level=info msg="[GNB][UE] UE RAN ID 45"
time="2026-08-11T21:23:24+08:00" level=info msg="[GNB][UE] UE AMF ID 44"
time="2026-08-11T21:23:24+08:00" level=info msg="[GNB][UE] UE Mobility Restrict --Plmn-- Mcc: 208 Mnc: 93"
time="2026-08-11T21:23:24+08:00" level=info msg="[GNB][UE] UE Masked Imeisv: 1110000000ffff00"
time="2026-08-11T21:23:24+08:00" level=info msg="[GNB][UE] Allowed Nssai-- Sst: [01 01] Sd: [010203 112233]"
time="2026-08-11T21:23:24+08:00" level=info msg="[GNB][NGAP][AMF] Send Initial Context Setup Response."
time="2026-08-11T21:23:24+08:00" level=info msg="[GNB] Initiating Initial Context Setup Response"
time="2026-08-11T21:23:24+08:00" level=info msg="[GNB][NGAP] No PDU Session to set up in InitialContextSetupResponse."
time="2026-08-11T21:23:24+08:00" level=info msg="[UE][NAS] Message with security header"
time="2026-08-11T21:23:24+08:00" level=info msg="[UE][NAS] Message with integrity and ciphered"
time="2026-08-11T21:23:24+08:00" level=info msg="[UE][NAS] successful NAS CIPHERING"
time="2026-08-11T21:23:24+08:00" level=info msg="[UE][NAS] successful NAS MAC verification"
time="2026-08-11T21:23:24+08:00" level=info msg="[UE][NAS] Receive Registration Accept"
time="2026-08-11T21:23:24+08:00" level=info msg="[UE][NAS] UE 5G GUTI: &{119 11 [242 2 248 57 202 254 0 0 0 2 126]}"
time="2026-08-11T21:23:24+08:00" level=info msg="[UE] Switched from state 2 to state 3"
time="2026-08-11T21:23:24+08:00" level=info msg="[GNB][SCTP] Receive message in 0 stream\n"
time="2026-08-11T21:23:24+08:00" level=info msg="[GNB][NGAP] Receive Downlink NAS Transport"
time="2026-08-11T21:23:24+08:00" level=info msg="[UE][NAS] Message with security header"
time="2026-08-11T21:23:24+08:00" level=info msg="[UE][NAS] Message with integrity and with NEW 5G NAS SECURITY CONTEXT"
time="2026-08-11T21:23:24+08:00" level=info msg="[UE][NAS] successful NAS MAC verification"
time="2026-08-11T21:23:24+08:00" level=info msg="[UE][NAS] Receive Security Mode Command"
time="2026-08-11T21:23:24+08:00" level=info msg="[UE][NAS] Type of ciphering algorithm is 5G-EA0"
time="2026-08-11T21:23:24+08:00" level=info msg="[UE][NAS] Type of integrity protection algorithm is 128-5G-IA2"
time="2026-08-11T21:23:24+08:00" level=info msg="[GNB][SCTP] Receive message in 0 stream\n"
time="2026-08-11T21:23:24+08:00" level=info msg="[GNB][NGAP] Receive Downlink NAS Transport"
time="2026-08-11T21:23:24+08:00" level=info msg="[UE][NAS] Message with security header"
time="2026-08-11T21:23:24+08:00" level=info msg="[UE][NAS] Message with integrity and ciphered"
time="2026-08-11T21:23:24+08:00" level=info msg="[UE][NAS] successful NAS CIPHERING"
time="2026-08-11T21:23:24+08:00" level=info msg="[UE][NAS] successful NAS MAC verification"
time="2026-08-11T21:23:24+08:00" level=info msg="[UE][NAS] Receive Configuration Update Command"
time="2026-08-11T21:23:24+08:00" level=info msg="[UE] Initiating Configuration Update Complete"
time="2026-08-11T21:23:24+08:00" level=info msg="[GNB][SCTP] Receive message in 0 stream\n"
time="2026-08-11T21:23:24+08:00" level=info msg="[GNB][NGAP] Receive Downlink NAS Transport"
time="2026-08-11T21:23:24+08:00" level=info msg="[UE][NAS] Message with security header"
time="2026-08-11T21:23:24+08:00" level=info msg="[UE][NAS] Message with integrity and with NEW 5G NAS SECURITY CONTEXT"
time="2026-08-11T21:23:24+08:00" level=info msg="[UE][NAS] successful NAS MAC verification"
time="2026-08-11T21:23:24+08:00" level=info msg="[UE][NAS] Receive Security Mode Command"
time="2026-08-11T21:23:24+08:00" level=info msg="[UE][NAS] Type of ciphering algorithm is 5G-EA0"
time="2026-08-11T21:23:24+08:00" level=info msg="[UE][NAS] Type of integrity protection algorithm is 128-5G-IA2"
time="2026-08-11T21:23:24+08:00" level=info msg="[GNB][SCTP] Receive message in 0 stream\n"
time="2026-08-11T21:23:24+08:00" level=info msg="[GNB][NGAP] Receive Downlink NAS Transport"
time="2026-08-11T21:23:24+08:00" level=info msg="[UE][NAS] Message with security header"
time="2026-08-11T21:23:24+08:00" level=info msg="[UE][NAS] Message with integrity and with NEW 5G NAS SECURITY CONTEXT"
time="2026-08-11T21:23:24+08:00" level=info msg="[UE][NAS] successful NAS MAC verification"
time="2026-08-11T21:23:24+08:00" level=info msg="[UE][NAS] Receive Security Mode Command"
time="2026-08-11T21:23:24+08:00" level=info msg="[UE][NAS] Type of ciphering algorithm is 5G-EA0"
time="2026-08-11T21:23:24+08:00" level=info msg="[UE][NAS] Type of integrity protection algorithm is 128-5G-IA2"
time="2026-08-11T21:23:24+08:00" level=info msg="[GNB][SCTP] Receive message in 0 stream\n"
time="2026-08-11T21:23:24+08:00" level=info msg="[GNB][NGAP] Receive Initial Context Setup Request"
time="2026-08-11T21:23:24+08:00" level=info msg="[GNB][UE] UE Context was created with successful"
time="2026-08-11T21:23:24+08:00" level=info msg="[GNB][UE] UE RAN ID 39"
time="2026-08-11T21:23:24+08:00" level=info msg="[GNB][UE] UE AMF ID 38"
time="2026-08-11T21:23:24+08:00" level=info msg="[GNB][UE] UE Mobility Restrict --Plmn-- Mcc: 208 Mnc: 93"
time="2026-08-11T21:23:24+08:00" level=info msg="[GNB][UE] UE Masked Imeisv: 1110000000ffff00"
time="2026-08-11T21:23:24+08:00" level=info msg="[GNB][UE] Allowed Nssai-- Sst: [01 01] Sd: [010203 112233]"
time="2026-08-11T21:23:24+08:00" level=info msg="[GNB][NGAP][AMF] Send Initial Context Setup Response."
time="2026-08-11T21:23:24+08:00" level=info msg="[GNB] Initiating Initial Context Setup Response"
time="2026-08-11T21:23:24+08:00" level=info msg="[GNB][NGAP] No PDU Session to set up in InitialContextSetupResponse."
time="2026-08-11T21:23:24+08:00" level=info msg="[UE][NAS] Message with security header"
time="2026-08-11T21:23:24+08:00" level=info msg="[UE][NAS] Message with integrity and ciphered"
time="2026-08-11T21:23:24+08:00" level=info msg="[UE][NAS] successful NAS CIPHERING"
time="2026-08-11T21:23:24+08:00" level=info msg="[UE][NAS] successful NAS MAC verification"
time="2026-08-11T21:23:24+08:00" level=info msg="[UE][NAS] Receive Registration Accept"
time="2026-08-11T21:23:24+08:00" level=info msg="[UE][NAS] UE 5G GUTI: &{119 11 [242 2 248 57 202 254 0 0 0 2 123]}"
time="2026-08-11T21:23:24+08:00" level=info msg="[UE] Switched from state 2 to state 3"
time="2026-08-11T21:23:24+08:00" level=info msg="[GNB][SCTP] Receive message in 0 stream\n"
time="2026-08-11T21:23:24+08:00" level=info msg="[GNB][NGAP] Receive Downlink NAS Transport"
time="2026-08-11T21:23:24+08:00" level=info msg="[UE][NAS] Message with security header"
time="2026-08-11T21:23:24+08:00" level=info msg="[UE][NAS] Message with integrity and with NEW 5G NAS SECURITY CONTEXT"
time="2026-08-11T21:23:24+08:00" level=info msg="[UE][NAS] successful NAS MAC verification"
time="2026-08-11T21:23:24+08:00" level=info msg="[UE][NAS] Receive Security Mode Command"
time="2026-08-11T21:23:24+08:00" level=info msg="[UE][NAS] Type of ciphering algorithm is 5G-EA0"
time="2026-08-11T21:23:24+08:00" level=info msg="[UE][NAS] Type of integrity protection algorithm is 128-5G-IA2"
time="2026-08-11T21:23:24+08:00" level=info msg="[GNB][SCTP] Receive message in 0 stream\n"
time="2026-08-11T21:23:24+08:00" level=info msg="[GNB][NGAP] Receive Downlink NAS Transport"
time="2026-08-11T21:23:24+08:00" level=info msg="[UE][NAS] Message with security header"
time="2026-08-11T21:23:24+08:00" level=info msg="[UE][NAS] Message with integrity and ciphered"
time="2026-08-11T21:23:24+08:00" level=info msg="[UE][NAS] successful NAS CIPHERING"
time="2026-08-11T21:23:24+08:00" level=info msg="[UE][NAS] successful NAS MAC verification"
time="2026-08-11T21:23:24+08:00" level=info msg="[UE][NAS] Receive Configuration Update Command"
time="2026-08-11T21:23:24+08:00" level=info msg="[UE] Initiating Configuration Update Complete"
time="2026-08-11T21:23:24+08:00" level=info msg="[GNB][SCTP] Receive message in 0 stream\n"
time="2026-08-11T21:23:24+08:00" level=info msg="[GNB][NGAP] Receive Downlink NAS Transport"
time="2026-08-11T21:23:24+08:00" level=info msg="[UE][NAS] Message with security header"
time="2026-08-11T21:23:24+08:00" level=info msg="[UE][NAS] Message with integrity and with NEW 5G NAS SECURITY CONTEXT"
time="2026-08-11T21:23:24+08:00" level=info msg="[UE][NAS] successful NAS MAC verification"
time="2026-08-11T21:23:24+08:00" level=info msg="[UE][NAS] Receive Security Mode Command"
time="2026-08-11T21:23:24+08:00" level=info msg="[UE][NAS] Type of ciphering algorithm is 5G-EA0"
time="2026-08-11T21:23:24+08:00" level=info msg="[UE][NAS] Type of integrity protection algorithm is 128-5G-IA2"
time="2026-08-11T21:23:25+08:00" level=info msg="[GNB][SCTP] Receive message in 0 stream\n"
time="2026-08-11T21:23:25+08:00" level=info msg="[GNB][NGAP] Receive Initial Context Setup Request"
time="2026-08-11T21:23:25+08:00" level=info msg="[GNB][UE] UE Context was created with successful"
time="2026-08-11T21:23:25+08:00" level=info msg="[GNB][UE] UE RAN ID 36"
time="2026-08-11T21:23:25+08:00" level=info msg="[GNB][UE] UE AMF ID 35"
time="2026-08-11T21:23:25+08:00" level=info msg="[GNB][UE] UE Mobility Restrict --Plmn-- Mcc: 208 Mnc: 93"
time="2026-08-11T21:23:25+08:00" level=info msg="[GNB][UE] UE Masked Imeisv: 1110000000ffff00"
time="2026-08-11T21:23:25+08:00" level=info msg="[GNB][UE] Allowed Nssai-- Sst: [01 01] Sd: [010203 112233]"
time="2026-08-11T21:23:25+08:00" level=info msg="[GNB][NGAP][AMF] Send Initial Context Setup Response."
time="2026-08-11T21:23:25+08:00" level=info msg="[GNB] Initiating Initial Context Setup Response"
time="2026-08-11T21:23:25+08:00" level=info msg="[GNB][NGAP] No PDU Session to set up in InitialContextSetupResponse."
time="2026-08-11T21:23:25+08:00" level=info msg="[UE][NAS] Message with security header"
time="2026-08-11T21:23:25+08:00" level=info msg="[UE][NAS] Message with integrity and ciphered"
time="2026-08-11T21:23:25+08:00" level=info msg="[UE][NAS] successful NAS CIPHERING"
time="2026-08-11T21:23:25+08:00" level=info msg="[UE][NAS] successful NAS MAC verification"
time="2026-08-11T21:23:25+08:00" level=info msg="[UE][NAS] Receive Registration Accept"
time="2026-08-11T21:23:25+08:00" level=info msg="[UE][NAS] UE 5G GUTI: &{119 11 [242 2 248 57 202 254 0 0 0 2 131]}"
time="2026-08-11T21:23:25+08:00" level=info msg="[UE] Switched from state 2 to state 3"
time="2026-08-11T21:23:25+08:00" level=info msg="[GNB][SCTP] Receive message in 0 stream\n"
time="2026-08-11T21:23:25+08:00" level=info msg="[GNB][NGAP] Receive Initial Context Setup Request"
time="2026-08-11T21:23:25+08:00" level=info msg="[GNB][UE] UE Context was created with successful"
time="2026-08-11T21:23:25+08:00" level=info msg="[GNB][UE] UE RAN ID 30"
time="2026-08-11T21:23:25+08:00" level=info msg="[GNB][UE] UE AMF ID 29"
time="2026-08-11T21:23:25+08:00" level=info msg="[GNB][UE] UE Mobility Restrict --Plmn-- Mcc: 208 Mnc: 93"
time="2026-08-11T21:23:25+08:00" level=info msg="[GNB][UE] UE Masked Imeisv: 1110000000ffff00"
time="2026-08-11T21:23:25+08:00" level=info msg="[GNB][UE] Allowed Nssai-- Sst: [01 01] Sd: [010203 112233]"
time="2026-08-11T21:23:25+08:00" level=info msg="[GNB][NGAP][AMF] Send Initial Context Setup Response."
time="2026-08-11T21:23:25+08:00" level=info msg="[GNB] Initiating Initial Context Setup Response"
time="2026-08-11T21:23:25+08:00" level=info msg="[GNB][NGAP] No PDU Session to set up in InitialContextSetupResponse."
time="2026-08-11T21:23:25+08:00" level=info msg="[UE][NAS] Message with security header"
time="2026-08-11T21:23:25+08:00" level=info msg="[UE][NAS] Message with integrity and ciphered"
time="2026-08-11T21:23:25+08:00" level=info msg="[UE][NAS] successful NAS CIPHERING"
time="2026-08-11T21:23:25+08:00" level=info msg="[UE][NAS] successful NAS MAC verification"
time="2026-08-11T21:23:25+08:00" level=info msg="[UE][NAS] Receive Registration Accept"
time="2026-08-11T21:23:25+08:00" level=info msg="[UE][NAS] UE 5G GUTI: &{119 11 [242 2 248 57 202 254 0 0 0 2 124]}"
time="2026-08-11T21:23:25+08:00" level=info msg="[UE] Switched from state 2 to state 3"
time="2026-08-11T21:23:25+08:00" level=info msg="[GNB][SCTP] Receive message in 0 stream\n"
time="2026-08-11T21:23:25+08:00" level=info msg="[GNB][NGAP] Receive Initial Context Setup Request"
time="2026-08-11T21:23:25+08:00" level=info msg="[GNB][UE] UE Context was created with successful"
time="2026-08-11T21:23:25+08:00" level=info msg="[GNB][UE] UE RAN ID 43"
time="2026-08-11T21:23:25+08:00" level=info msg="[GNB][UE] UE AMF ID 42"
time="2026-08-11T21:23:25+08:00" level=info msg="[GNB][UE] UE Mobility Restrict --Plmn-- Mcc: 208 Mnc: 93"
time="2026-08-11T21:23:25+08:00" level=info msg="[GNB][UE] UE Masked Imeisv: 1110000000ffff00"
time="2026-08-11T21:23:25+08:00" level=info msg="[GNB][UE] Allowed Nssai-- Sst: [01 01] Sd: [010203 112233]"
time="2026-08-11T21:23:25+08:00" level=info msg="[GNB][SCTP] Receive message in 0 stream\n"
time="2026-08-11T21:23:25+08:00" level=info msg="[UE][NAS] Message with security header"
time="2026-08-11T21:23:25+08:00" level=info msg="[UE][NAS] Message with integrity and ciphered"
time="2026-08-11T21:23:25+08:00" level=info msg="[UE][NAS] successful NAS CIPHERING"
time="2026-08-11T21:23:25+08:00" level=info msg="[UE][NAS] successful NAS MAC verification"
time="2026-08-11T21:23:25+08:00" level=info msg="[UE][NAS] Receive Registration Accept"
time="2026-08-11T21:23:25+08:00" level=info msg="[UE][NAS] UE 5G GUTI: &{119 11 [242 2 248 57 202 254 0 0 0 2 132]}"
time="2026-08-11T21:23:25+08:00" level=info msg="[UE] Switched from state 2 to state 3"
time="2026-08-11T21:23:25+08:00" level=info msg="[GNB][NGAP][AMF] Send Initial Context Setup Response."
time="2026-08-11T21:23:25+08:00" level=info msg="[GNB] Initiating Initial Context Setup Response"
time="2026-08-11T21:23:25+08:00" level=info msg="[GNB][NGAP] No PDU Session to set up in InitialContextSetupResponse."
time="2026-08-11T21:23:25+08:00" level=info msg="[GNB][NGAP] Receive Initial Context Setup Request"
time="2026-08-11T21:23:25+08:00" level=info msg="[GNB][UE] UE Context was created with successful"
time="2026-08-11T21:23:25+08:00" level=info msg="[GNB][UE] UE RAN ID 48"
time="2026-08-11T21:23:25+08:00" level=info msg="[GNB][UE] UE AMF ID 47"
time="2026-08-11T21:23:25+08:00" level=info msg="[GNB][UE] UE Mobility Restrict --Plmn-- Mcc: 208 Mnc: 93"
time="2026-08-11T21:23:25+08:00" level=info msg="[GNB][UE] UE Masked Imeisv: 1110000000ffff00"
time="2026-08-11T21:23:25+08:00" level=info msg="[GNB][UE] Allowed Nssai-- Sst: [01 01] Sd: [010203 112233]"
time="2026-08-11T21:23:25+08:00" level=info msg="[GNB][NGAP][AMF] Send Initial Context Setup Response."
time="2026-08-11T21:23:25+08:00" level=info msg="[GNB] Initiating Initial Context Setup Response"
time="2026-08-11T21:23:25+08:00" level=info msg="[GNB][NGAP] No PDU Session to set up in InitialContextSetupResponse."
time="2026-08-11T21:23:25+08:00" level=info msg="[UE][NAS] Message with security header"
time="2026-08-11T21:23:25+08:00" level=info msg="[UE][NAS] Message with integrity and ciphered"
time="2026-08-11T21:23:25+08:00" level=info msg="[UE][NAS] successful NAS CIPHERING"
time="2026-08-11T21:23:25+08:00" level=info msg="[UE][NAS] successful NAS MAC verification"
time="2026-08-11T21:23:25+08:00" level=info msg="[UE][NAS] Receive Registration Accept"
time="2026-08-11T21:23:25+08:00" level=info msg="[UE][NAS] UE 5G GUTI: &{119 11 [242 2 248 57 202 254 0 0 0 2 140]}"
time="2026-08-11T21:23:25+08:00" level=info msg="[UE] Switched from state 2 to state 3"
time="2026-08-11T21:23:25+08:00" level=info msg="[GNB][SCTP] Receive message in 0 stream\n"
time="2026-08-11T21:23:25+08:00" level=info msg="[GNB][NGAP] Receive Downlink NAS Transport"
time="2026-08-11T21:23:25+08:00" level=info msg="[UE][NAS] Message with security header"
time="2026-08-11T21:23:25+08:00" level=info msg="[UE][NAS] Message with integrity and with NEW 5G NAS SECURITY CONTEXT"
time="2026-08-11T21:23:25+08:00" level=info msg="[UE][NAS] successful NAS MAC verification"
time="2026-08-11T21:23:25+08:00" level=info msg="[UE][NAS] Receive Security Mode Command"
time="2026-08-11T21:23:25+08:00" level=info msg="[UE][NAS] Type of ciphering algorithm is 5G-EA0"
time="2026-08-11T21:23:25+08:00" level=info msg="[UE][NAS] Type of integrity protection algorithm is 128-5G-IA2"
time="2026-08-11T21:23:25+08:00" level=info msg="[GNB][SCTP] Receive message in 0 stream\n"
time="2026-08-11T21:23:25+08:00" level=info msg="[GNB][NGAP] Receive Downlink NAS Transport"
time="2026-08-11T21:23:25+08:00" level=info msg="[UE][NAS] Message with security header"
time="2026-08-11T21:23:25+08:00" level=info msg="[UE][NAS] Message with integrity and with NEW 5G NAS SECURITY CONTEXT"
time="2026-08-11T21:23:25+08:00" level=info msg="[UE][NAS] successful NAS MAC verification"
time="2026-08-11T21:23:25+08:00" level=info msg="[UE][NAS] Receive Security Mode Command"
time="2026-08-11T21:23:25+08:00" level=info msg="[UE][NAS] Type of ciphering algorithm is 5G-EA0"
time="2026-08-11T21:23:25+08:00" level=info msg="[UE][NAS] Type of integrity protection algorithm is 128-5G-IA2"
time="2026-08-11T21:23:25+08:00" level=info msg="[GNB][SCTP] Receive message in 0 stream\n"
time="2026-08-11T21:23:25+08:00" level=info msg="[GNB][NGAP] Receive Downlink NAS Transport"
time="2026-08-11T21:23:25+08:00" level=info msg="[UE][NAS] Message with security header"
time="2026-08-11T21:23:25+08:00" level=info msg="[UE][NAS] Message with integrity and ciphered"
time="2026-08-11T21:23:25+08:00" level=info msg="[UE][NAS] successful NAS CIPHERING"
time="2026-08-11T21:23:25+08:00" level=info msg="[UE][NAS] successful NAS MAC verification"
time="2026-08-11T21:23:25+08:00" level=info msg="[UE][NAS] Receive Configuration Update Command"
time="2026-08-11T21:23:25+08:00" level=info msg="[UE] Initiating Configuration Update Complete"
time="2026-08-11T21:23:25+08:00" level=info msg="[GNB][SCTP] Receive message in 0 stream\n"
time="2026-08-11T21:23:25+08:00" level=info msg="[GNB][NGAP] Receive Downlink NAS Transport"
time="2026-08-11T21:23:25+08:00" level=info msg="[UE][NAS] Message with security header"
time="2026-08-11T21:23:25+08:00" level=info msg="[UE][NAS] Message with integrity and ciphered"
time="2026-08-11T21:23:25+08:00" level=info msg="[UE][NAS] successful NAS CIPHERING"
time="2026-08-11T21:23:25+08:00" level=info msg="[UE][NAS] successful NAS MAC verification"
time="2026-08-11T21:23:25+08:00" level=info msg="[UE][NAS] Receive Configuration Update Command"
time="2026-08-11T21:23:25+08:00" level=info msg="[UE] Initiating Configuration Update Complete"
time="2026-08-11T21:23:25+08:00" level=info msg="[GNB][SCTP] Receive message in 0 stream\n"
time="2026-08-11T21:23:25+08:00" level=info msg="[GNB][NGAP] Receive Downlink NAS Transport"
time="2026-08-11T21:23:25+08:00" level=info msg="[UE][NAS] Message with security header"
time="2026-08-11T21:23:25+08:00" level=info msg="[UE][NAS] Message with integrity and with NEW 5G NAS SECURITY CONTEXT"
time="2026-08-11T21:23:25+08:00" level=info msg="[UE][NAS] successful NAS MAC verification"
time="2026-08-11T21:23:25+08:00" level=info msg="[UE][NAS] Receive Security Mode Command"
time="2026-08-11T21:23:25+08:00" level=info msg="[UE][NAS] Type of ciphering algorithm is 5G-EA0"
time="2026-08-11T21:23:25+08:00" level=info msg="[UE][NAS] Type of integrity protection algorithm is 128-5G-IA2"
time="2026-08-11T21:23:25+08:00" level=info msg="[GNB][SCTP] Receive message in 0 stream\n"
time="2026-08-11T21:23:25+08:00" level=info msg="[GNB][NGAP] Receive Initial Context Setup Request"
time="2026-08-11T21:23:25+08:00" level=info msg="[GNB][UE] UE Context was created with successful"
time="2026-08-11T21:23:25+08:00" level=info msg="[GNB][UE] UE RAN ID 40"
time="2026-08-11T21:23:25+08:00" level=info msg="[GNB][UE] UE AMF ID 39"
time="2026-08-11T21:23:25+08:00" level=info msg="[GNB][UE] UE Mobility Restrict --Plmn-- Mcc: 208 Mnc: 93"
time="2026-08-11T21:23:25+08:00" level=info msg="[GNB][UE] UE Masked Imeisv: 1110000000ffff00"
time="2026-08-11T21:23:25+08:00" level=info msg="[GNB][UE] Allowed Nssai-- Sst: [01 01] Sd: [010203 112233]"
time="2026-08-11T21:23:25+08:00" level=info msg="[GNB][NGAP][AMF] Send Initial Context Setup Response."
time="2026-08-11T21:23:25+08:00" level=info msg="[GNB] Initiating Initial Context Setup Response"
time="2026-08-11T21:23:25+08:00" level=info msg="[GNB][NGAP] No PDU Session to set up in InitialContextSetupResponse."
time="2026-08-11T21:23:25+08:00" level=info msg="[UE][NAS] Message with security header"
time="2026-08-11T21:23:25+08:00" level=info msg="[UE][NAS] Message with integrity and ciphered"
time="2026-08-11T21:23:25+08:00" level=info msg="[UE][NAS] successful NAS CIPHERING"
time="2026-08-11T21:23:25+08:00" level=info msg="[UE][NAS] successful NAS MAC verification"
time="2026-08-11T21:23:25+08:00" level=info msg="[UE][NAS] Receive Registration Accept"
time="2026-08-11T21:23:25+08:00" level=info msg="[UE][NAS] UE 5G GUTI: &{119 11 [242 2 248 57 202 254 0 0 0 2 129]}"
time="2026-08-11T21:23:25+08:00" level=info msg="[UE] Switched from state 2 to state 3"
time="2026-08-11T21:23:25+08:00" level=info msg="[GNB][SCTP] Receive message in 0 stream\n"
time="2026-08-11T21:23:25+08:00" level=info msg="[GNB][NGAP] Receive Initial Context Setup Request"
time="2026-08-11T21:23:25+08:00" level=info msg="[GNB][UE] UE Context was created with successful"
time="2026-08-11T21:23:25+08:00" level=info msg="[GNB][UE] UE RAN ID 51"
time="2026-08-11T21:23:25+08:00" level=info msg="[GNB][UE] UE AMF ID 50"
time="2026-08-11T21:23:25+08:00" level=info msg="[GNB][UE] UE Mobility Restrict --Plmn-- Mcc: 208 Mnc: 93"
time="2026-08-11T21:23:25+08:00" level=info msg="[GNB][UE] UE Masked Imeisv: 1110000000ffff00"
time="2026-08-11T21:23:25+08:00" level=info msg="[GNB][UE] Allowed Nssai-- Sst: [01 01] Sd: [010203 112233]"
time="2026-08-11T21:23:25+08:00" level=info msg="[GNB][NGAP][AMF] Send Initial Context Setup Response."
time="2026-08-11T21:23:25+08:00" level=info msg="[GNB] Initiating Initial Context Setup Response"
time="2026-08-11T21:23:25+08:00" level=info msg="[GNB][NGAP] No PDU Session to set up in InitialContextSetupResponse."
time="2026-08-11T21:23:25+08:00" level=info msg="[UE][NAS] Message with security header"
time="2026-08-11T21:23:25+08:00" level=info msg="[UE][NAS] Message with integrity and ciphered"
time="2026-08-11T21:23:25+08:00" level=info msg="[UE][NAS] successful NAS CIPHERING"
time="2026-08-11T21:23:25+08:00" level=info msg="[UE][NAS] successful NAS MAC verification"
time="2026-08-11T21:23:25+08:00" level=info msg="[UE][NAS] Receive Registration Accept"
time="2026-08-11T21:23:25+08:00" level=info msg="[UE][NAS] UE 5G GUTI: &{119 11 [242 2 248 57 202 254 0 0 0 2 130]}"
time="2026-08-11T21:23:25+08:00" level=info msg="[UE] Switched from state 2 to state 3"
time="2026-08-11T21:23:25+08:00" level=info msg="[GNB][SCTP] Receive message in 0 stream\n"
time="2026-08-11T21:23:25+08:00" level=info msg="[GNB][NGAP] Receive Downlink NAS Transport"
time="2026-08-11T21:23:25+08:00" level=info msg="[UE][NAS] Message with security header"
time="2026-08-11T21:23:25+08:00" level=info msg="[UE][NAS] Message with integrity and with NEW 5G NAS SECURITY CONTEXT"
time="2026-08-11T21:23:25+08:00" level=info msg="[UE][NAS] successful NAS MAC verification"
time="2026-08-11T21:23:25+08:00" level=info msg="[UE][NAS] Receive Security Mode Command"
time="2026-08-11T21:23:25+08:00" level=info msg="[UE][NAS] Type of ciphering algorithm is 5G-EA0"
time="2026-08-11T21:23:25+08:00" level=info msg="[UE][NAS] Type of integrity protection algorithm is 128-5G-IA2"
time="2026-08-11T21:23:25+08:00" level=info msg="[GNB][SCTP] Receive message in 0 stream\n"
time="2026-08-11T21:23:25+08:00" level=info msg="[GNB][NGAP] Receive Downlink NAS Transport"
time="2026-08-11T21:23:25+08:00" level=info msg="[UE][NAS] Message with security header"
time="2026-08-11T21:23:25+08:00" level=info msg="[UE][NAS] Message with integrity and with NEW 5G NAS SECURITY CONTEXT"
time="2026-08-11T21:23:25+08:00" level=info msg="[UE][NAS] successful NAS MAC verification"
time="2026-08-11T21:23:25+08:00" level=info msg="[UE][NAS] Receive Security Mode Command"
time="2026-08-11T21:23:25+08:00" level=info msg="[UE][NAS] Type of ciphering algorithm is 5G-EA0"
time="2026-08-11T21:23:25+08:00" level=info msg="[UE][NAS] Type of integrity protection algorithm is 128-5G-IA2"
time="2026-08-11T21:23:25+08:00" level=info msg="[GNB][SCTP] Receive message in 0 stream\n"
time="2026-08-11T21:23:25+08:00" level=info msg="[GNB][NGAP] Receive Downlink NAS Transport"
time="2026-08-11T21:23:25+08:00" level=info msg="[UE][NAS] Message with security header"
time="2026-08-11T21:23:25+08:00" level=info msg="[UE][NAS] Message with integrity and with NEW 5G NAS SECURITY CONTEXT"
time="2026-08-11T21:23:25+08:00" level=info msg="[UE][NAS] successful NAS MAC verification"
time="2026-08-11T21:23:25+08:00" level=info msg="[UE][NAS] Receive Security Mode Command"
time="2026-08-11T21:23:25+08:00" level=info msg="[UE][NAS] Type of ciphering algorithm is 5G-EA0"
time="2026-08-11T21:23:25+08:00" level=info msg="[UE][NAS] Type of integrity protection algorithm is 128-5G-IA2"
time="2026-08-11T21:23:25+08:00" level=info msg="[GNB][SCTP] Receive message in 0 stream\n"
time="2026-08-11T21:23:25+08:00" level=info msg="[GNB][NGAP] Receive Initial Context Setup Request"
time="2026-08-11T21:23:25+08:00" level=info msg="[GNB][UE] UE Context was created with successful"
time="2026-08-11T21:23:25+08:00" level=info msg="[GNB][UE] UE RAN ID 65"
time="2026-08-11T21:23:25+08:00" level=info msg="[GNB][UE] UE AMF ID 64"
time="2026-08-11T21:23:25+08:00" level=info msg="[GNB][UE] UE Mobility Restrict --Plmn-- Mcc: 208 Mnc: 93"
time="2026-08-11T21:23:25+08:00" level=info msg="[GNB][UE] UE Masked Imeisv: 1110000000ffff00"
time="2026-08-11T21:23:25+08:00" level=info msg="[GNB][UE] Allowed Nssai-- Sst: [01 01] Sd: [010203 112233]"
time="2026-08-11T21:23:25+08:00" level=info msg="[GNB][NGAP][AMF] Send Initial Context Setup Response."
time="2026-08-11T21:23:25+08:00" level=info msg="[GNB] Initiating Initial Context Setup Response"
time="2026-08-11T21:23:25+08:00" level=info msg="[GNB][NGAP] No PDU Session to set up in InitialContextSetupResponse."
time="2026-08-11T21:23:25+08:00" level=info msg="[GNB][SCTP] Receive message in 0 stream\n"
time="2026-08-11T21:23:25+08:00" level=info msg="[UE][NAS] Message with security header"
time="2026-08-11T21:23:25+08:00" level=info msg="[UE][NAS] Message with integrity and ciphered"
time="2026-08-11T21:23:25+08:00" level=info msg="[UE][NAS] successful NAS CIPHERING"
time="2026-08-11T21:23:25+08:00" level=info msg="[UE][NAS] successful NAS MAC verification"
time="2026-08-11T21:23:25+08:00" level=info msg="[UE][NAS] Receive Registration Accept"
time="2026-08-11T21:23:25+08:00" level=info msg="[UE][NAS] UE 5G GUTI: &{119 11 [242 2 248 57 202 254 0 0 0 2 138]}"
time="2026-08-11T21:23:25+08:00" level=info msg="[GNB][SCTP] Receive message in 0 stream\n"
time="2026-08-11T21:23:25+08:00" level=info msg="[UE] Switched from state 2 to state 3"
time="2026-08-11T21:23:25+08:00" level=info msg="[GNB][NGAP] Receive Downlink NAS Transport"
time="2026-08-11T21:23:25+08:00" level=info msg="[UE][NAS] Message with security header"
time="2026-08-11T21:23:25+08:00" level=info msg="[UE][NAS] Message with integrity and ciphered"
time="2026-08-11T21:23:25+08:00" level=info msg="[UE][NAS] successful NAS CIPHERING"
time="2026-08-11T21:23:25+08:00" level=info msg="[UE][NAS] successful NAS MAC verification"
time="2026-08-11T21:23:25+08:00" level=info msg="[UE][NAS] Receive Configuration Update Command"
time="2026-08-11T21:23:25+08:00" level=info msg="[UE] Initiating Configuration Update Complete"
time="2026-08-11T21:23:25+08:00" level=info msg="[GNB][NGAP] Receive Initial Context Setup Request"
time="2026-08-11T21:23:25+08:00" level=info msg="[GNB][UE] UE Context was created with successful"
time="2026-08-11T21:23:25+08:00" level=info msg="[GNB][UE] UE RAN ID 63"
time="2026-08-11T21:23:25+08:00" level=info msg="[GNB][UE] UE AMF ID 62"
time="2026-08-11T21:23:25+08:00" level=info msg="[GNB][UE] UE Mobility Restrict --Plmn-- Mcc: 208 Mnc: 93"
time="2026-08-11T21:23:25+08:00" level=info msg="[GNB][UE] UE Masked Imeisv: 1110000000ffff00"
time="2026-08-11T21:23:25+08:00" level=info msg="[GNB][UE] Allowed Nssai-- Sst: [01 01] Sd: [010203 112233]"
time="2026-08-11T21:23:25+08:00" level=info msg="[GNB][SCTP] Receive message in 0 stream\n"
time="2026-08-11T21:23:25+08:00" level=info msg="[GNB][NGAP][AMF] Send Initial Context Setup Response."
time="2026-08-11T21:23:25+08:00" level=info msg="[GNB] Initiating Initial Context Setup Response"
time="2026-08-11T21:23:25+08:00" level=info msg="[GNB][NGAP] No PDU Session to set up in InitialContextSetupResponse."
time="2026-08-11T21:23:25+08:00" level=info msg="[GNB][NGAP] Receive Downlink NAS Transport"
time="2026-08-11T21:23:25+08:00" level=info msg="[UE][NAS] Message with security header"
time="2026-08-11T21:23:25+08:00" level=info msg="[UE][NAS] Message with integrity and ciphered"
time="2026-08-11T21:23:25+08:00" level=info msg="[UE][NAS] successful NAS CIPHERING"
time="2026-08-11T21:23:25+08:00" level=info msg="[UE][NAS] successful NAS MAC verification"
time="2026-08-11T21:23:25+08:00" level=info msg="[UE][NAS] Receive Configuration Update Command"
time="2026-08-11T21:23:25+08:00" level=info msg="[UE] Initiating Configuration Update Complete"
time="2026-08-11T21:23:25+08:00" level=info msg="[UE][NAS] Message with security header"
time="2026-08-11T21:23:25+08:00" level=info msg="[UE][NAS] Message with integrity and ciphered"
time="2026-08-11T21:23:25+08:00" level=info msg="[UE][NAS] successful NAS CIPHERING"
time="2026-08-11T21:23:25+08:00" level=info msg="[UE][NAS] successful NAS MAC verification"
time="2026-08-11T21:23:25+08:00" level=info msg="[UE][NAS] Receive Registration Accept"
time="2026-08-11T21:23:25+08:00" level=info msg="[UE][NAS] UE 5G GUTI: &{119 11 [242 2 248 57 202 254 0 0 0 2 146]}"
time="2026-08-11T21:23:25+08:00" level=info msg="[UE] Switched from state 2 to state 3"
time="2026-08-11T21:23:25+08:00" level=info msg="[GNB][SCTP] Receive message in 0 stream\n"
time="2026-08-11T21:23:25+08:00" level=info msg="[GNB][NGAP] Receive Initial Context Setup Request"
time="2026-08-11T21:23:25+08:00" level=info msg="[GNB][UE] UE Context was created with successful"
time="2026-08-11T21:23:25+08:00" level=info msg="[GNB][UE] UE RAN ID 56"
time="2026-08-11T21:23:25+08:00" level=info msg="[GNB][UE] UE AMF ID 55"
time="2026-08-11T21:23:25+08:00" level=info msg="[GNB][UE] UE Mobility Restrict --Plmn-- Mcc: 208 Mnc: 93"
time="2026-08-11T21:23:25+08:00" level=info msg="[GNB][UE] UE Masked Imeisv: 1110000000ffff00"
time="2026-08-11T21:23:25+08:00" level=info msg="[GNB][UE] Allowed Nssai-- Sst: [01 01] Sd: [010203 112233]"
time="2026-08-11T21:23:25+08:00" level=info msg="[GNB][NGAP][AMF] Send Initial Context Setup Response."
time="2026-08-11T21:23:25+08:00" level=info msg="[GNB] Initiating Initial Context Setup Response"
time="2026-08-11T21:23:25+08:00" level=info msg="[GNB][NGAP] No PDU Session to set up in InitialContextSetupResponse."
time="2026-08-11T21:23:25+08:00" level=info msg="[UE][NAS] Message with security header"
time="2026-08-11T21:23:25+08:00" level=info msg="[UE][NAS] Message with integrity and ciphered"
time="2026-08-11T21:23:25+08:00" level=info msg="[UE][NAS] successful NAS CIPHERING"
time="2026-08-11T21:23:25+08:00" level=info msg="[UE][NAS] successful NAS MAC verification"
time="2026-08-11T21:23:25+08:00" level=info msg="[UE][NAS] Receive Registration Accept"
time="2026-08-11T21:23:25+08:00" level=info msg="[UE][NAS] UE 5G GUTI: &{119 11 [242 2 248 57 202 254 0 0 0 2 135]}"
time="2026-08-11T21:23:25+08:00" level=info msg="[UE] Switched from state 2 to state 3"
time="2026-08-11T21:23:26+08:00" level=info msg="[GNB][SCTP] Receive message in 0 stream\n"
time="2026-08-11T21:23:26+08:00" level=info msg="[GNB][NGAP] Receive Initial Context Setup Request"
time="2026-08-11T21:23:26+08:00" level=info msg="[GNB][UE] UE Context was created with successful"
time="2026-08-11T21:23:26+08:00" level=info msg="[GNB][UE] UE RAN ID 49"
time="2026-08-11T21:23:26+08:00" level=info msg="[GNB][UE] UE AMF ID 48"
time="2026-08-11T21:23:26+08:00" level=info msg="[GNB][UE] UE Mobility Restrict --Plmn-- Mcc: 208 Mnc: 93"
time="2026-08-11T21:23:26+08:00" level=info msg="[GNB][UE] UE Masked Imeisv: 1110000000ffff00"
time="2026-08-11T21:23:26+08:00" level=info msg="[GNB][UE] Allowed Nssai-- Sst: [01 01] Sd: [010203 112233]"
time="2026-08-11T21:23:26+08:00" level=info msg="[GNB][NGAP][AMF] Send Initial Context Setup Response."
time="2026-08-11T21:23:26+08:00" level=info msg="[GNB] Initiating Initial Context Setup Response"
time="2026-08-11T21:23:26+08:00" level=info msg="[GNB][NGAP] No PDU Session to set up in InitialContextSetupResponse."
time="2026-08-11T21:23:26+08:00" level=info msg="[UE][NAS] Message with security header"
time="2026-08-11T21:23:26+08:00" level=info msg="[UE][NAS] Message with integrity and ciphered"
time="2026-08-11T21:23:26+08:00" level=info msg="[UE][NAS] successful NAS CIPHERING"
time="2026-08-11T21:23:26+08:00" level=info msg="[UE][NAS] successful NAS MAC verification"
time="2026-08-11T21:23:26+08:00" level=info msg="[UE][NAS] Receive Registration Accept"
time="2026-08-11T21:23:26+08:00" level=info msg="[UE][NAS] UE 5G GUTI: &{119 11 [242 2 248 57 202 254 0 0 0 2 136]}"
time="2026-08-11T21:23:26+08:00" level=info msg="[UE] Switched from state 2 to state 3"
time="2026-08-11T21:23:26+08:00" level=info msg="[GNB][SCTP] Receive message in 0 stream\n"
time="2026-08-11T21:23:26+08:00" level=info msg="[GNB][NGAP] Receive Initial Context Setup Request"
time="2026-08-11T21:23:26+08:00" level=info msg="[GNB][UE] UE Context was created with successful"
time="2026-08-11T21:23:26+08:00" level=info msg="[GNB][UE] UE RAN ID 28"
time="2026-08-11T21:23:26+08:00" level=info msg="[GNB][UE] UE AMF ID 27"
time="2026-08-11T21:23:26+08:00" level=info msg="[GNB][UE] UE Mobility Restrict --Plmn-- Mcc: 208 Mnc: 93"
time="2026-08-11T21:23:26+08:00" level=info msg="[GNB][UE] UE Masked Imeisv: 1110000000ffff00"
time="2026-08-11T21:23:26+08:00" level=info msg="[GNB][UE] Allowed Nssai-- Sst: [01 01] Sd: [010203 112233]"
time="2026-08-11T21:23:26+08:00" level=info msg="[GNB][NGAP][AMF] Send Initial Context Setup Response."
time="2026-08-11T21:23:26+08:00" level=info msg="[GNB] Initiating Initial Context Setup Response"
time="2026-08-11T21:23:26+08:00" level=info msg="[GNB][NGAP] No PDU Session to set up in InitialContextSetupResponse."
time="2026-08-11T21:23:26+08:00" level=info msg="[UE][NAS] Message with security header"
time="2026-08-11T21:23:26+08:00" level=info msg="[UE][NAS] Message with integrity and ciphered"
time="2026-08-11T21:23:26+08:00" level=info msg="[UE][NAS] successful NAS CIPHERING"
time="2026-08-11T21:23:26+08:00" level=info msg="[UE][NAS] successful NAS MAC verification"
time="2026-08-11T21:23:26+08:00" level=info msg="[UE][NAS] Receive Registration Accept"
time="2026-08-11T21:23:26+08:00" level=info msg="[UE][NAS] UE 5G GUTI: &{119 11 [242 2 248 57 202 254 0 0 0 2 121]}"
time="2026-08-11T21:23:26+08:00" level=info msg="[UE] Switched from state 2 to state 3"
time="2026-08-11T21:23:26+08:00" level=info msg="[GNB][SCTP] Receive message in 0 stream\n"
time="2026-08-11T21:23:26+08:00" level=info msg="[GNB][NGAP] Receive Initial Context Setup Request"
time="2026-08-11T21:23:26+08:00" level=info msg="[GNB][UE] UE Context was created with successful"
time="2026-08-11T21:23:26+08:00" level=info msg="[GNB][UE] UE RAN ID 71"
time="2026-08-11T21:23:26+08:00" level=info msg="[GNB][UE] UE AMF ID 70"
time="2026-08-11T21:23:26+08:00" level=info msg="[GNB][UE] UE Mobility Restrict --Plmn-- Mcc: 208 Mnc: 93"
time="2026-08-11T21:23:26+08:00" level=info msg="[GNB][UE] UE Masked Imeisv: 1110000000ffff00"
time="2026-08-11T21:23:26+08:00" level=info msg="[GNB][UE] Allowed Nssai-- Sst: [01 01] Sd: [010203 112233]"
time="2026-08-11T21:23:26+08:00" level=info msg="[GNB][NGAP][AMF] Send Initial Context Setup Response."
time="2026-08-11T21:23:26+08:00" level=info msg="[GNB] Initiating Initial Context Setup Response"
time="2026-08-11T21:23:26+08:00" level=info msg="[GNB][NGAP] No PDU Session to set up in InitialContextSetupResponse."
time="2026-08-11T21:23:26+08:00" level=info msg="[UE][NAS] Message with security header"
time="2026-08-11T21:23:26+08:00" level=info msg="[UE][NAS] Message with integrity and ciphered"
time="2026-08-11T21:23:26+08:00" level=info msg="[UE][NAS] successful NAS CIPHERING"
time="2026-08-11T21:23:26+08:00" level=info msg="[UE][NAS] successful NAS MAC verification"
time="2026-08-11T21:23:26+08:00" level=info msg="[UE][NAS] Receive Registration Accept"
time="2026-08-11T21:23:26+08:00" level=info msg="[UE][NAS] UE 5G GUTI: &{119 11 [242 2 248 57 202 254 0 0 0 2 141]}"
time="2026-08-11T21:23:26+08:00" level=info msg="[UE] Switched from state 2 to state 3"
time="2026-08-11T21:23:26+08:00" level=info msg="[GNB][SCTP] Receive message in 0 stream\n"
time="2026-08-11T21:23:26+08:00" level=info msg="[GNB][NGAP] Receive Initial Context Setup Request"
time="2026-08-11T21:23:26+08:00" level=info msg="[GNB][UE] UE Context was created with successful"
time="2026-08-11T21:23:26+08:00" level=info msg="[GNB][UE] UE RAN ID 66"
time="2026-08-11T21:23:26+08:00" level=info msg="[GNB][UE] UE AMF ID 65"
time="2026-08-11T21:23:26+08:00" level=info msg="[GNB][UE] UE Mobility Restrict --Plmn-- Mcc: 208 Mnc: 93"
time="2026-08-11T21:23:26+08:00" level=info msg="[GNB][UE] UE Masked Imeisv: 1110000000ffff00"
time="2026-08-11T21:23:26+08:00" level=info msg="[GNB][UE] Allowed Nssai-- Sst: [01 01] Sd: [010203 112233]"
time="2026-08-11T21:23:26+08:00" level=info msg="[GNB][NGAP][AMF] Send Initial Context Setup Response."
time="2026-08-11T21:23:26+08:00" level=info msg="[GNB] Initiating Initial Context Setup Response"
time="2026-08-11T21:23:26+08:00" level=info msg="[GNB][NGAP] No PDU Session to set up in InitialContextSetupResponse."
time="2026-08-11T21:23:26+08:00" level=info msg="[UE][NAS] Message with security header"
time="2026-08-11T21:23:26+08:00" level=info msg="[UE][NAS] Message with integrity and ciphered"
time="2026-08-11T21:23:26+08:00" level=info msg="[UE][NAS] successful NAS CIPHERING"
time="2026-08-11T21:23:26+08:00" level=info msg="[UE][NAS] successful NAS MAC verification"
time="2026-08-11T21:23:26+08:00" level=info msg="[UE][NAS] Receive Registration Accept"
time="2026-08-11T21:23:26+08:00" level=info msg="[UE][NAS] UE 5G GUTI: &{119 11 [242 2 248 57 202 254 0 0 0 2 152]}"
time="2026-08-11T21:23:26+08:00" level=info msg="[UE] Switched from state 2 to state 3"
time="2026-08-11T21:23:26+08:00" level=info msg="[GNB][SCTP] Receive message in 0 stream\n"
time="2026-08-11T21:23:26+08:00" level=info msg="[GNB][NGAP] Receive Initial Context Setup Request"
time="2026-08-11T21:23:26+08:00" level=info msg="[GNB][UE] UE Context was created with successful"
time="2026-08-11T21:23:26+08:00" level=info msg="[GNB][UE] UE RAN ID 52"
time="2026-08-11T21:23:26+08:00" level=info msg="[GNB][UE] UE AMF ID 51"
time="2026-08-11T21:23:26+08:00" level=info msg="[GNB][UE] UE Mobility Restrict --Plmn-- Mcc: 208 Mnc: 93"
time="2026-08-11T21:23:26+08:00" level=info msg="[GNB][UE] UE Masked Imeisv: 1110000000ffff00"
time="2026-08-11T21:23:26+08:00" level=info msg="[GNB][UE] Allowed Nssai-- Sst: [01 01] Sd: [010203 112233]"
time="2026-08-11T21:23:26+08:00" level=info msg="[GNB][NGAP][AMF] Send Initial Context Setup Response."
time="2026-08-11T21:23:26+08:00" level=info msg="[GNB] Initiating Initial Context Setup Response"
time="2026-08-11T21:23:26+08:00" level=info msg="[GNB][NGAP] No PDU Session to set up in InitialContextSetupResponse."
time="2026-08-11T21:23:26+08:00" level=info msg="[UE][NAS] Message with security header"
time="2026-08-11T21:23:26+08:00" level=info msg="[UE][NAS] Message with integrity and ciphered"
time="2026-08-11T21:23:26+08:00" level=info msg="[UE][NAS] successful NAS CIPHERING"
time="2026-08-11T21:23:26+08:00" level=info msg="[UE][NAS] successful NAS MAC verification"
time="2026-08-11T21:23:26+08:00" level=info msg="[UE][NAS] Receive Registration Accept"
time="2026-08-11T21:23:26+08:00" level=info msg="[UE][NAS] UE 5G GUTI: &{119 11 [242 2 248 57 202 254 0 0 0 2 144]}"
time="2026-08-11T21:23:26+08:00" level=info msg="[UE] Switched from state 2 to state 3"
time="2026-08-11T21:23:26+08:00" level=info msg="[GNB][SCTP] Receive message in 0 stream\n"
time="2026-08-11T21:23:26+08:00" level=info msg="[GNB][NGAP] Receive Downlink NAS Transport"
time="2026-08-11T21:23:26+08:00" level=info msg="[UE][NAS] Message with security header"
time="2026-08-11T21:23:26+08:00" level=info msg="[UE][NAS] Message with integrity and with NEW 5G NAS SECURITY CONTEXT"
time="2026-08-11T21:23:26+08:00" level=info msg="[UE][NAS] successful NAS MAC verification"
time="2026-08-11T21:23:26+08:00" level=info msg="[UE][NAS] Receive Security Mode Command"
time="2026-08-11T21:23:26+08:00" level=info msg="[UE][NAS] Type of ciphering algorithm is 5G-EA0"
time="2026-08-11T21:23:26+08:00" level=info msg="[UE][NAS] Type of integrity protection algorithm is 128-5G-IA2"
time="2026-08-11T21:23:26+08:00" level=info msg="[GNB][SCTP] Receive message in 0 stream\n"
time="2026-08-11T21:23:26+08:00" level=info msg="[GNB][NGAP] Receive Downlink NAS Transport"
time="2026-08-11T21:23:26+08:00" level=info msg="[UE][NAS] Message with security header"
time="2026-08-11T21:23:26+08:00" level=info msg="[UE][NAS] Message with integrity and with NEW 5G NAS SECURITY CONTEXT"
time="2026-08-11T21:23:26+08:00" level=info msg="[UE][NAS] successful NAS MAC verification"
time="2026-08-11T21:23:26+08:00" level=info msg="[UE][NAS] Receive Security Mode Command"
time="2026-08-11T21:23:26+08:00" level=info msg="[UE][NAS] Type of ciphering algorithm is 5G-EA0"
time="2026-08-11T21:23:26+08:00" level=info msg="[UE][NAS] Type of integrity protection algorithm is 128-5G-IA2"
time="2026-08-11T21:23:26+08:00" level=info msg="[GNB][SCTP] Receive message in 0 stream\n"
time="2026-08-11T21:23:26+08:00" level=info msg="[GNB][NGAP] Receive Downlink NAS Transport"
time="2026-08-11T21:23:26+08:00" level=info msg="[UE][NAS] Message with security header"
time="2026-08-11T21:23:26+08:00" level=info msg="[UE][NAS] Message with integrity and ciphered"
time="2026-08-11T21:23:26+08:00" level=info msg="[UE][NAS] successful NAS CIPHERING"
time="2026-08-11T21:23:26+08:00" level=info msg="[UE][NAS] successful NAS MAC verification"
time="2026-08-11T21:23:26+08:00" level=info msg="[UE][NAS] Receive Configuration Update Command"
time="2026-08-11T21:23:26+08:00" level=info msg="[UE] Initiating Configuration Update Complete"
time="2026-08-11T21:23:26+08:00" level=info msg="[GNB][SCTP] Receive message in 0 stream\n"
time="2026-08-11T21:23:26+08:00" level=info msg="[GNB][NGAP] Receive Downlink NAS Transport"
time="2026-08-11T21:23:26+08:00" level=info msg="[UE][NAS] Message with security header"
time="2026-08-11T21:23:26+08:00" level=info msg="[UE][NAS] Message with integrity and ciphered"
time="2026-08-11T21:23:26+08:00" level=info msg="[UE][NAS] successful NAS CIPHERING"
time="2026-08-11T21:23:26+08:00" level=info msg="[UE][NAS] successful NAS MAC verification"
time="2026-08-11T21:23:26+08:00" level=info msg="[UE][NAS] Receive Configuration Update Command"
time="2026-08-11T21:23:26+08:00" level=info msg="[UE] Initiating Configuration Update Complete"
time="2026-08-11T21:23:26+08:00" level=info msg="[GNB][SCTP] Receive message in 0 stream\n"
time="2026-08-11T21:23:26+08:00" level=info msg="[GNB][NGAP] Receive Initial Context Setup Request"
time="2026-08-11T21:23:26+08:00" level=info msg="[GNB][UE] UE Context was created with successful"
time="2026-08-11T21:23:26+08:00" level=info msg="[GNB][UE] UE RAN ID 57"
time="2026-08-11T21:23:26+08:00" level=info msg="[GNB][UE] UE AMF ID 56"
time="2026-08-11T21:23:26+08:00" level=info msg="[GNB][UE] UE Mobility Restrict --Plmn-- Mcc: 208 Mnc: 93"
time="2026-08-11T21:23:26+08:00" level=info msg="[GNB][UE] UE Masked Imeisv: 1110000000ffff00"
time="2026-08-11T21:23:26+08:00" level=info msg="[GNB][UE] Allowed Nssai-- Sst: [01 01] Sd: [010203 112233]"
time="2026-08-11T21:23:26+08:00" level=info msg="[GNB][NGAP][AMF] Send Initial Context Setup Response."
time="2026-08-11T21:23:26+08:00" level=info msg="[GNB] Initiating Initial Context Setup Response"
time="2026-08-11T21:23:26+08:00" level=info msg="[GNB][NGAP] No PDU Session to set up in InitialContextSetupResponse."
time="2026-08-11T21:23:26+08:00" level=info msg="[UE][NAS] Message with security header"
time="2026-08-11T21:23:26+08:00" level=info msg="[UE][NAS] Message with integrity and ciphered"
time="2026-08-11T21:23:26+08:00" level=info msg="[UE][NAS] successful NAS CIPHERING"
time="2026-08-11T21:23:26+08:00" level=info msg="[UE][NAS] successful NAS MAC verification"
time="2026-08-11T21:23:26+08:00" level=info msg="[UE][NAS] Receive Registration Accept"
time="2026-08-11T21:23:26+08:00" level=info msg="[UE][NAS] UE 5G GUTI: &{119 11 [242 2 248 57 202 254 0 0 0 2 142]}"
time="2026-08-11T21:23:26+08:00" level=info msg="[UE] Switched from state 2 to state 3"
time="2026-08-11T21:23:26+08:00" level=info msg="[GNB][SCTP] Receive message in 0 stream\n"
time="2026-08-11T21:23:26+08:00" level=info msg="[GNB][NGAP] Receive Initial Context Setup Request"
time="2026-08-11T21:23:26+08:00" level=info msg="[GNB][UE] UE Context was created with successful"
time="2026-08-11T21:23:26+08:00" level=info msg="[GNB][UE] UE RAN ID 64"
time="2026-08-11T21:23:26+08:00" level=info msg="[GNB][UE] UE AMF ID 63"
time="2026-08-11T21:23:26+08:00" level=info msg="[GNB][UE] UE Mobility Restrict --Plmn-- Mcc: 208 Mnc: 93"
time="2026-08-11T21:23:26+08:00" level=info msg="[GNB][UE] UE Masked Imeisv: 1110000000ffff00"
time="2026-08-11T21:23:26+08:00" level=info msg="[GNB][UE] Allowed Nssai-- Sst: [01 01] Sd: [010203 112233]"
time="2026-08-11T21:23:26+08:00" level=info msg="[UE][NAS] Message with security header"
time="2026-08-11T21:23:26+08:00" level=info msg="[UE][NAS] Message with integrity and ciphered"
time="2026-08-11T21:23:26+08:00" level=info msg="[UE][NAS] successful NAS CIPHERING"
time="2026-08-11T21:23:26+08:00" level=info msg="[UE][NAS] successful NAS MAC verification"
time="2026-08-11T21:23:26+08:00" level=info msg="[UE][NAS] Receive Registration Accept"
time="2026-08-11T21:23:26+08:00" level=info msg="[UE][NAS] UE 5G GUTI: &{119 11 [242 2 248 57 202 254 0 0 0 2 158]}"
time="2026-08-11T21:23:26+08:00" level=info msg="[UE] Switched from state 2 to state 3"
time="2026-08-11T21:23:26+08:00" level=info msg="[GNB][NGAP][AMF] Send Initial Context Setup Response."
time="2026-08-11T21:23:26+08:00" level=info msg="[GNB] Initiating Initial Context Setup Response"
time="2026-08-11T21:23:26+08:00" level=info msg="[GNB][NGAP] No PDU Session to set up in InitialContextSetupResponse."
time="2026-08-11T21:23:26+08:00" level=info msg="[GNB][SCTP] Receive message in 0 stream\n"
time="2026-08-11T21:23:26+08:00" level=info msg="[GNB][SCTP] Receive message in 0 stream\n"
time="2026-08-11T21:23:26+08:00" level=info msg="[GNB][NGAP] Receive Downlink NAS Transport"
time="2026-08-11T21:23:26+08:00" level=info msg="[UE][NAS] Message with security header"
time="2026-08-11T21:23:26+08:00" level=info msg="[UE][NAS] Message with integrity and ciphered"
time="2026-08-11T21:23:26+08:00" level=info msg="[UE][NAS] successful NAS CIPHERING"
time="2026-08-11T21:23:26+08:00" level=info msg="[UE][NAS] successful NAS MAC verification"
time="2026-08-11T21:23:26+08:00" level=info msg="[UE][NAS] Receive Configuration Update Command"
time="2026-08-11T21:23:26+08:00" level=info msg="[UE] Initiating Configuration Update Complete"
time="2026-08-11T21:23:26+08:00" level=info msg="[GNB][NGAP] Receive Initial Context Setup Request"
time="2026-08-11T21:23:26+08:00" level=info msg="[GNB][UE] UE Context was created with successful"
time="2026-08-11T21:23:26+08:00" level=info msg="[GNB][UE] UE RAN ID 74"
time="2026-08-11T21:23:26+08:00" level=info msg="[GNB][UE] UE AMF ID 73"
time="2026-08-11T21:23:26+08:00" level=info msg="[GNB][UE] UE Mobility Restrict --Plmn-- Mcc: 208 Mnc: 93"
time="2026-08-11T21:23:26+08:00" level=info msg="[GNB][UE] UE Masked Imeisv: 1110000000ffff00"
time="2026-08-11T21:23:26+08:00" level=info msg="[GNB][UE] Allowed Nssai-- Sst: [01 01] Sd: [010203 112233]"
time="2026-08-11T21:23:26+08:00" level=info msg="[GNB][NGAP][AMF] Send Initial Context Setup Response."
time="2026-08-11T21:23:26+08:00" level=info msg="[GNB] Initiating Initial Context Setup Response"
time="2026-08-11T21:23:26+08:00" level=info msg="[GNB][NGAP] No PDU Session to set up in InitialContextSetupResponse."
time="2026-08-11T21:23:26+08:00" level=info msg="[UE][NAS] Message with security header"
time="2026-08-11T21:23:26+08:00" level=info msg="[UE][NAS] Message with integrity and ciphered"
time="2026-08-11T21:23:26+08:00" level=info msg="[UE][NAS] successful NAS CIPHERING"
time="2026-08-11T21:23:26+08:00" level=info msg="[UE][NAS] successful NAS MAC verification"
time="2026-08-11T21:23:26+08:00" level=info msg="[UE][NAS] Receive Registration Accept"
time="2026-08-11T21:23:26+08:00" level=info msg="[UE][NAS] UE 5G GUTI: &{119 11 [242 2 248 57 202 254 0 0 0 2 150]}"
time="2026-08-11T21:23:26+08:00" level=info msg="[UE] Switched from state 2 to state 3"
time="2026-08-11T21:23:26+08:00" level=info msg="[GNB][SCTP] Receive message in 0 stream\n"
time="2026-08-11T21:23:26+08:00" level=info msg="[GNB][NGAP] Receive Initial Context Setup Request"
time="2026-08-11T21:23:26+08:00" level=info msg="[GNB][UE] UE Context was created with successful"
time="2026-08-11T21:23:26+08:00" level=info msg="[GNB][UE] UE RAN ID 42"
time="2026-08-11T21:23:26+08:00" level=info msg="[GNB][UE] UE AMF ID 41"
time="2026-08-11T21:23:26+08:00" level=info msg="[GNB][UE] UE Mobility Restrict --Plmn-- Mcc: 208 Mnc: 93"
time="2026-08-11T21:23:26+08:00" level=info msg="[GNB][UE] UE Masked Imeisv: 1110000000ffff00"
time="2026-08-11T21:23:26+08:00" level=info msg="[GNB][UE] Allowed Nssai-- Sst: [01 01] Sd: [010203 112233]"
time="2026-08-11T21:23:26+08:00" level=info msg="[GNB][NGAP][AMF] Send Initial Context Setup Response."
time="2026-08-11T21:23:26+08:00" level=info msg="[GNB] Initiating Initial Context Setup Response"
time="2026-08-11T21:23:26+08:00" level=info msg="[GNB][NGAP] No PDU Session to set up in InitialContextSetupResponse."
time="2026-08-11T21:23:26+08:00" level=info msg="[UE][NAS] Message with security header"
time="2026-08-11T21:23:26+08:00" level=info msg="[UE][NAS] Message with integrity and ciphered"
time="2026-08-11T21:23:26+08:00" level=info msg="[UE][NAS] successful NAS CIPHERING"
time="2026-08-11T21:23:26+08:00" level=info msg="[UE][NAS] successful NAS MAC verification"
time="2026-08-11T21:23:26+08:00" level=info msg="[UE][NAS] Receive Registration Accept"
time="2026-08-11T21:23:26+08:00" level=info msg="[UE][NAS] UE 5G GUTI: &{119 11 [242 2 248 57 202 254 0 0 0 2 137]}"
time="2026-08-11T21:23:26+08:00" level=info msg="[UE] Switched from state 2 to state 3"
time="2026-08-11T21:23:26+08:00" level=info msg="[GNB][SCTP] Receive message in 0 stream\n"
time="2026-08-11T21:23:26+08:00" level=info msg="[GNB][NGAP] Receive Downlink NAS Transport"
time="2026-08-11T21:23:26+08:00" level=info msg="[UE][NAS] Message with security header"
time="2026-08-11T21:23:26+08:00" level=info msg="[UE][NAS] Message with integrity and with NEW 5G NAS SECURITY CONTEXT"
time="2026-08-11T21:23:26+08:00" level=info msg="[UE][NAS] successful NAS MAC verification"
time="2026-08-11T21:23:26+08:00" level=info msg="[UE][NAS] Receive Security Mode Command"
time="2026-08-11T21:23:26+08:00" level=info msg="[UE][NAS] Type of ciphering algorithm is 5G-EA0"
time="2026-08-11T21:23:26+08:00" level=info msg="[UE][NAS] Type of integrity protection algorithm is 128-5G-IA2"
time="2026-08-11T21:23:26+08:00" level=info msg="[GNB][SCTP] Receive message in 0 stream\n"
time="2026-08-11T21:23:26+08:00" level=info msg="[GNB][NGAP] Receive Downlink NAS Transport"
time="2026-08-11T21:23:26+08:00" level=info msg="[UE][NAS] Message with security header"
time="2026-08-11T21:23:26+08:00" level=info msg="[UE][NAS] Message with integrity and ciphered"
time="2026-08-11T21:23:26+08:00" level=info msg="[UE][NAS] successful NAS CIPHERING"
time="2026-08-11T21:23:26+08:00" level=info msg="[UE][NAS] successful NAS MAC verification"
time="2026-08-11T21:23:26+08:00" level=info msg="[UE][NAS] Receive Configuration Update Command"
time="2026-08-11T21:23:26+08:00" level=info msg="[UE] Initiating Configuration Update Complete"
time="2026-08-11T21:23:26+08:00" level=info msg="[GNB][SCTP] Receive message in 0 stream\n"
time="2026-08-11T21:23:26+08:00" level=info msg="[GNB][NGAP] Receive Downlink NAS Transport"
time="2026-08-11T21:23:26+08:00" level=info msg="[UE][NAS] Message with security header"
time="2026-08-11T21:23:26+08:00" level=info msg="[UE][NAS] Message with integrity and with NEW 5G NAS SECURITY CONTEXT"
time="2026-08-11T21:23:26+08:00" level=info msg="[UE][NAS] successful NAS MAC verification"
time="2026-08-11T21:23:26+08:00" level=info msg="[UE][NAS] Receive Security Mode Command"
time="2026-08-11T21:23:26+08:00" level=info msg="[UE][NAS] Type of ciphering algorithm is 5G-EA0"
time="2026-08-11T21:23:26+08:00" level=info msg="[UE][NAS] Type of integrity protection algorithm is 128-5G-IA2"
time="2026-08-11T21:23:27+08:00" level=info msg="[GNB][SCTP] Receive message in 0 stream\n"
time="2026-08-11T21:23:27+08:00" level=info msg="[GNB][NGAP] Receive Initial Context Setup Request"
time="2026-08-11T21:23:27+08:00" level=info msg="[GNB][UE] UE Context was created with successful"
time="2026-08-11T21:23:27+08:00" level=info msg="[GNB][UE] UE RAN ID 37"
time="2026-08-11T21:23:27+08:00" level=info msg="[GNB][UE] UE AMF ID 36"
time="2026-08-11T21:23:27+08:00" level=info msg="[GNB][UE] UE Mobility Restrict --Plmn-- Mcc: 208 Mnc: 93"
time="2026-08-11T21:23:27+08:00" level=info msg="[GNB][UE] UE Masked Imeisv: 1110000000ffff00"
time="2026-08-11T21:23:27+08:00" level=info msg="[GNB][UE] Allowed Nssai-- Sst: [01 01] Sd: [010203 112233]"
time="2026-08-11T21:23:27+08:00" level=info msg="[GNB][NGAP][AMF] Send Initial Context Setup Response."
time="2026-08-11T21:23:27+08:00" level=info msg="[GNB] Initiating Initial Context Setup Response"
time="2026-08-11T21:23:27+08:00" level=info msg="[GNB][NGAP] No PDU Session to set up in InitialContextSetupResponse."
time="2026-08-11T21:23:27+08:00" level=info msg="[UE][NAS] Message with security header"
time="2026-08-11T21:23:27+08:00" level=info msg="[UE][NAS] Message with integrity and ciphered"
time="2026-08-11T21:23:27+08:00" level=info msg="[UE][NAS] successful NAS CIPHERING"
time="2026-08-11T21:23:27+08:00" level=info msg="[UE][NAS] successful NAS MAC verification"
time="2026-08-11T21:23:27+08:00" level=info msg="[UE][NAS] Receive Registration Accept"
time="2026-08-11T21:23:27+08:00" level=info msg="[UE][NAS] UE 5G GUTI: &{119 11 [242 2 248 57 202 254 0 0 0 2 127]}"
time="2026-08-11T21:23:27+08:00" level=info msg="[UE] Switched from state 2 to state 3"
time="2026-08-11T21:23:27+08:00" level=info msg="[GNB][SCTP] Receive message in 0 stream\n"
time="2026-08-11T21:23:27+08:00" level=info msg="[GNB][NGAP] Receive Initial Context Setup Request"
time="2026-08-11T21:23:27+08:00" level=info msg="[GNB][UE] UE Context was created with successful"
time="2026-08-11T21:23:27+08:00" level=info msg="[GNB][UE] UE RAN ID 58"
time="2026-08-11T21:23:27+08:00" level=info msg="[GNB][UE] UE AMF ID 57"
time="2026-08-11T21:23:27+08:00" level=info msg="[GNB][UE] UE Mobility Restrict --Plmn-- Mcc: 208 Mnc: 93"
time="2026-08-11T21:23:27+08:00" level=info msg="[GNB][UE] UE Masked Imeisv: 1110000000ffff00"
time="2026-08-11T21:23:27+08:00" level=info msg="[GNB][UE] Allowed Nssai-- Sst: [01 01] Sd: [010203 112233]"
time="2026-08-11T21:23:27+08:00" level=info msg="[GNB][NGAP][AMF] Send Initial Context Setup Response."
time="2026-08-11T21:23:27+08:00" level=info msg="[GNB] Initiating Initial Context Setup Response"
time="2026-08-11T21:23:27+08:00" level=info msg="[GNB][NGAP] No PDU Session to set up in InitialContextSetupResponse."
time="2026-08-11T21:23:27+08:00" level=info msg="[GNB][SCTP] Receive message in 0 stream\n"
time="2026-08-11T21:23:27+08:00" level=info msg="[UE][NAS] Message with security header"
time="2026-08-11T21:23:27+08:00" level=info msg="[UE][NAS] Message with integrity and ciphered"
time="2026-08-11T21:23:27+08:00" level=info msg="[UE][NAS] successful NAS CIPHERING"
time="2026-08-11T21:23:27+08:00" level=info msg="[UE][NAS] successful NAS MAC verification"
time="2026-08-11T21:23:27+08:00" level=info msg="[UE][NAS] Receive Registration Accept"
time="2026-08-11T21:23:27+08:00" level=info msg="[UE][NAS] UE 5G GUTI: &{119 11 [242 2 248 57 202 254 0 0 0 2 147]}"
time="2026-08-11T21:23:27+08:00" level=info msg="[GNB][NGAP] Receive Downlink NAS Transport"
time="2026-08-11T21:23:27+08:00" level=info msg="[UE][NAS] Message with security header"
time="2026-08-11T21:23:27+08:00" level=info msg="[UE][NAS] Message with integrity and ciphered"
time="2026-08-11T21:23:27+08:00" level=info msg="[UE][NAS] successful NAS CIPHERING"
time="2026-08-11T21:23:27+08:00" level=info msg="[UE][NAS] successful NAS MAC verification"
time="2026-08-11T21:23:27+08:00" level=info msg="[UE][NAS] Receive Configuration Update Command"
time="2026-08-11T21:23:27+08:00" level=info msg="[UE] Initiating Configuration Update Complete"
time="2026-08-11T21:23:27+08:00" level=info msg="[UE] Switched from state 2 to state 3"
time="2026-08-11T21:23:27+08:00" level=info msg="[GNB][SCTP] Receive message in 0 stream\n"
time="2026-08-11T21:23:27+08:00" level=info msg="[GNB][NGAP] Receive Downlink NAS Transport"
time="2026-08-11T21:23:27+08:00" level=info msg="[UE][NAS] Message with security header"
time="2026-08-11T21:23:27+08:00" level=info msg="[UE][NAS] Message with integrity and with NEW 5G NAS SECURITY CONTEXT"
time="2026-08-11T21:23:27+08:00" level=info msg="[UE][NAS] successful NAS MAC verification"
time="2026-08-11T21:23:27+08:00" level=info msg="[UE][NAS] Receive Security Mode Command"
time="2026-08-11T21:23:27+08:00" level=info msg="[UE][NAS] Type of ciphering algorithm is 5G-EA0"
time="2026-08-11T21:23:27+08:00" level=info msg="[UE][NAS] Type of integrity protection algorithm is 128-5G-IA2"
time="2026-08-11T21:23:27+08:00" level=info msg="[GNB][SCTP] Receive message in 0 stream\n"
time="2026-08-11T21:23:27+08:00" level=info msg="[GNB][NGAP] Receive Downlink NAS Transport"
time="2026-08-11T21:23:27+08:00" level=info msg="[UE][NAS] Message with security header"
time="2026-08-11T21:23:27+08:00" level=info msg="[UE][NAS] Message with integrity and ciphered"
time="2026-08-11T21:23:27+08:00" level=info msg="[UE][NAS] successful NAS CIPHERING"
time="2026-08-11T21:23:27+08:00" level=info msg="[UE][NAS] successful NAS MAC verification"
time="2026-08-11T21:23:27+08:00" level=info msg="[UE][NAS] Receive Configuration Update Command"
time="2026-08-11T21:23:27+08:00" level=info msg="[UE] Initiating Configuration Update Complete"
time="2026-08-11T21:23:27+08:00" level=info msg="[GNB][SCTP] Receive message in 0 stream\n"
time="2026-08-11T21:23:27+08:00" level=info msg="[GNB][NGAP] Receive Downlink NAS Transport"
time="2026-08-11T21:23:27+08:00" level=info msg="[UE][NAS] Message with security header"
time="2026-08-11T21:23:27+08:00" level=info msg="[UE][NAS] Message with integrity and with NEW 5G NAS SECURITY CONTEXT"
time="2026-08-11T21:23:27+08:00" level=info msg="[UE][NAS] successful NAS MAC verification"
time="2026-08-11T21:23:27+08:00" level=info msg="[UE][NAS] Receive Security Mode Command"
time="2026-08-11T21:23:27+08:00" level=info msg="[UE][NAS] Type of ciphering algorithm is 5G-EA0"
time="2026-08-11T21:23:27+08:00" level=info msg="[UE][NAS] Type of integrity protection algorithm is 128-5G-IA2"
time="2026-08-11T21:23:27+08:00" level=info msg="[GNB][SCTP] Receive message in 0 stream\n"
time="2026-08-11T21:23:27+08:00" level=info msg="[GNB][NGAP] Receive Initial Context Setup Request"
time="2026-08-11T21:23:27+08:00" level=info msg="[GNB][UE] UE Context was created with successful"
time="2026-08-11T21:23:27+08:00" level=info msg="[GNB][UE] UE RAN ID 55"
time="2026-08-11T21:23:27+08:00" level=info msg="[GNB][UE] UE AMF ID 54"
time="2026-08-11T21:23:27+08:00" level=info msg="[GNB][UE] UE Mobility Restrict --Plmn-- Mcc: 208 Mnc: 93"
time="2026-08-11T21:23:27+08:00" level=info msg="[GNB][UE] UE Masked Imeisv: 1110000000ffff00"
time="2026-08-11T21:23:27+08:00" level=info msg="[GNB][UE] Allowed Nssai-- Sst: [01 01] Sd: [010203 112233]"
time="2026-08-11T21:23:27+08:00" level=info msg="[GNB][NGAP][AMF] Send Initial Context Setup Response."
time="2026-08-11T21:23:27+08:00" level=info msg="[GNB] Initiating Initial Context Setup Response"
time="2026-08-11T21:23:27+08:00" level=info msg="[GNB][NGAP] No PDU Session to set up in InitialContextSetupResponse."
time="2026-08-11T21:23:27+08:00" level=info msg="[UE][NAS] Message with security header"
time="2026-08-11T21:23:27+08:00" level=info msg="[UE][NAS] Message with integrity and ciphered"
time="2026-08-11T21:23:27+08:00" level=info msg="[UE][NAS] successful NAS CIPHERING"
time="2026-08-11T21:23:27+08:00" level=info msg="[UE][NAS] successful NAS MAC verification"
time="2026-08-11T21:23:27+08:00" level=info msg="[UE][NAS] Receive Registration Accept"
time="2026-08-11T21:23:27+08:00" level=info msg="[UE][NAS] UE 5G GUTI: &{119 11 [242 2 248 57 202 254 0 0 0 2 148]}"
time="2026-08-11T21:23:27+08:00" level=info msg="[UE] Switched from state 2 to state 3"
time="2026-08-11T21:23:27+08:00" level=info msg="[GNB][SCTP] Receive message in 0 stream\n"
time="2026-08-11T21:23:27+08:00" level=info msg="[GNB][SCTP] Receive message in 0 stream\n"
time="2026-08-11T21:23:27+08:00" level=info msg="[GNB][NGAP] Receive Initial Context Setup Request"
time="2026-08-11T21:23:27+08:00" level=info msg="[GNB][UE] UE Context was created with successful"
time="2026-08-11T21:23:27+08:00" level=info msg="[GNB][UE] UE RAN ID 68"
time="2026-08-11T21:23:27+08:00" level=info msg="[GNB][UE] UE AMF ID 67"
time="2026-08-11T21:23:27+08:00" level=info msg="[GNB][UE] UE Mobility Restrict --Plmn-- Mcc: 208 Mnc: 93"
time="2026-08-11T21:23:27+08:00" level=info msg="[GNB][UE] UE Masked Imeisv: 1110000000ffff00"
time="2026-08-11T21:23:27+08:00" level=info msg="[GNB][UE] Allowed Nssai-- Sst: [01 01] Sd: [010203 112233]"
time="2026-08-11T21:23:27+08:00" level=info msg="[GNB][NGAP][AMF] Send Initial Context Setup Response."
time="2026-08-11T21:23:27+08:00" level=info msg="[GNB] Initiating Initial Context Setup Response"
time="2026-08-11T21:23:27+08:00" level=info msg="[GNB][NGAP] No PDU Session to set up in InitialContextSetupResponse."
time="2026-08-11T21:23:27+08:00" level=info msg="[UE][NAS] Message with security header"
time="2026-08-11T21:23:27+08:00" level=info msg="[UE][NAS] Message with integrity and ciphered"
time="2026-08-11T21:23:27+08:00" level=info msg="[UE][NAS] successful NAS CIPHERING"
time="2026-08-11T21:23:27+08:00" level=info msg="[UE][NAS] successful NAS MAC verification"
time="2026-08-11T21:23:27+08:00" level=info msg="[UE][NAS] Receive Registration Accept"
time="2026-08-11T21:23:27+08:00" level=info msg="[UE][NAS] UE 5G GUTI: &{119 11 [242 2 248 57 202 254 0 0 0 2 143]}"
time="2026-08-11T21:23:27+08:00" level=info msg="[UE] Switched from state 2 to state 3"
time="2026-08-11T21:23:27+08:00" level=info msg="[GNB][SCTP] Receive message in 0 stream\n"
time="2026-08-11T21:23:27+08:00" level=info msg="[GNB][NGAP] Receive Initial Context Setup Request"
time="2026-08-11T21:23:27+08:00" level=info msg="[GNB][UE] UE Context was created with successful"
time="2026-08-11T21:23:27+08:00" level=info msg="[GNB][UE] UE RAN ID 73"
time="2026-08-11T21:23:27+08:00" level=info msg="[GNB][UE] UE AMF ID 72"
time="2026-08-11T21:23:27+08:00" level=info msg="[GNB][UE] UE Mobility Restrict --Plmn-- Mcc: 208 Mnc: 93"
time="2026-08-11T21:23:27+08:00" level=info msg="[GNB][UE] UE Masked Imeisv: 1110000000ffff00"
time="2026-08-11T21:23:27+08:00" level=info msg="[GNB][UE] Allowed Nssai-- Sst: [01 01] Sd: [010203 112233]"
time="2026-08-11T21:23:27+08:00" level=info msg="[GNB][NGAP][AMF] Send Initial Context Setup Response."
time="2026-08-11T21:23:27+08:00" level=info msg="[GNB] Initiating Initial Context Setup Response"
time="2026-08-11T21:23:27+08:00" level=info msg="[GNB][NGAP] No PDU Session to set up in InitialContextSetupResponse."
time="2026-08-11T21:23:27+08:00" level=info msg="[GNB][NGAP] Receive Downlink NAS Transport"
time="2026-08-11T21:23:27+08:00" level=info msg="[UE][NAS] Message with security header"
time="2026-08-11T21:23:27+08:00" level=info msg="[UE][NAS] Message with integrity and ciphered"
time="2026-08-11T21:23:27+08:00" level=info msg="[UE][NAS] successful NAS CIPHERING"
time="2026-08-11T21:23:27+08:00" level=info msg="[UE][NAS] successful NAS MAC verification"
time="2026-08-11T21:23:27+08:00" level=info msg="[UE][NAS] Receive Configuration Update Command"
time="2026-08-11T21:23:27+08:00" level=info msg="[UE] Initiating Configuration Update Complete"
time="2026-08-11T21:23:27+08:00" level=info msg="[UE][NAS] Message with security header"
time="2026-08-11T21:23:27+08:00" level=info msg="[UE][NAS] Message with integrity and ciphered"
time="2026-08-11T21:23:27+08:00" level=info msg="[UE][NAS] successful NAS CIPHERING"
time="2026-08-11T21:23:27+08:00" level=info msg="[UE][NAS] successful NAS MAC verification"
time="2026-08-11T21:23:27+08:00" level=info msg="[UE][NAS] Receive Registration Accept"
time="2026-08-11T21:23:27+08:00" level=info msg="[UE][NAS] UE 5G GUTI: &{119 11 [242 2 248 57 202 254 0 0 0 2 164]}"
time="2026-08-11T21:23:27+08:00" level=info msg="[UE] Switched from state 2 to state 3"
time="2026-08-11T21:23:27+08:00" level=info msg="[GNB][SCTP] Receive message in 0 stream\n"
time="2026-08-11T21:23:27+08:00" level=info msg="[GNB][SCTP] Receive message in 0 stream\n"
time="2026-08-11T21:23:27+08:00" level=info msg="[GNB][NGAP] Receive Downlink NAS Transport"
time="2026-08-11T21:23:27+08:00" level=info msg="[UE][NAS] Message with security header"
time="2026-08-11T21:23:27+08:00" level=info msg="[UE][NAS] Message with integrity and ciphered"
time="2026-08-11T21:23:27+08:00" level=info msg="[UE][NAS] successful NAS CIPHERING"
time="2026-08-11T21:23:27+08:00" level=info msg="[UE][NAS] successful NAS MAC verification"
time="2026-08-11T21:23:27+08:00" level=info msg="[UE][NAS] Receive Configuration Update Command"
time="2026-08-11T21:23:27+08:00" level=info msg="[UE] Initiating Configuration Update Complete"
time="2026-08-11T21:23:27+08:00" level=info msg="[GNB][NGAP] Receive Initial Context Setup Request"
time="2026-08-11T21:23:27+08:00" level=info msg="[GNB][UE] UE Context was created with successful"
time="2026-08-11T21:23:27+08:00" level=info msg="[GNB][UE] UE RAN ID 69"
time="2026-08-11T21:23:27+08:00" level=info msg="[GNB][UE] UE AMF ID 68"
time="2026-08-11T21:23:27+08:00" level=info msg="[GNB][UE] UE Mobility Restrict --Plmn-- Mcc: 208 Mnc: 93"
time="2026-08-11T21:23:27+08:00" level=info msg="[GNB][UE] UE Masked Imeisv: 1110000000ffff00"
time="2026-08-11T21:23:27+08:00" level=info msg="[GNB][UE] Allowed Nssai-- Sst: [01 01] Sd: [010203 112233]"
time="2026-08-11T21:23:27+08:00" level=info msg="[GNB][NGAP][AMF] Send Initial Context Setup Response."
time="2026-08-11T21:23:27+08:00" level=info msg="[GNB] Initiating Initial Context Setup Response"
time="2026-08-11T21:23:27+08:00" level=info msg="[GNB][NGAP] No PDU Session to set up in InitialContextSetupResponse."
time="2026-08-11T21:23:27+08:00" level=info msg="[UE][NAS] Message with security header"
time="2026-08-11T21:23:27+08:00" level=info msg="[UE][NAS] Message with integrity and ciphered"
time="2026-08-11T21:23:27+08:00" level=info msg="[UE][NAS] successful NAS CIPHERING"
time="2026-08-11T21:23:27+08:00" level=info msg="[UE][NAS] successful NAS MAC verification"
time="2026-08-11T21:23:27+08:00" level=info msg="[UE][NAS] Receive Registration Accept"
time="2026-08-11T21:23:27+08:00" level=info msg="[UE][NAS] UE 5G GUTI: &{119 11 [242 2 248 57 202 254 0 0 0 2 156]}"
time="2026-08-11T21:23:27+08:00" level=info msg="[UE] Switched from state 2 to state 3"
time="2026-08-11T21:23:27+08:00" level=info msg="[GNB][SCTP] Receive message in 0 stream\n"
time="2026-08-11T21:23:27+08:00" level=info msg="[GNB][NGAP] Receive Downlink NAS Transport"
time="2026-08-11T21:23:27+08:00" level=info msg="[UE][NAS] Message with security header"
time="2026-08-11T21:23:27+08:00" level=info msg="[UE][NAS] Message with integrity and with NEW 5G NAS SECURITY CONTEXT"
time="2026-08-11T21:23:27+08:00" level=info msg="[UE][NAS] successful NAS MAC verification"
time="2026-08-11T21:23:27+08:00" level=info msg="[UE][NAS] Receive Security Mode Command"
time="2026-08-11T21:23:27+08:00" level=info msg="[UE][NAS] Type of ciphering algorithm is 5G-EA0"
time="2026-08-11T21:23:27+08:00" level=info msg="[UE][NAS] Type of integrity protection algorithm is 128-5G-IA2"
time="2026-08-11T21:23:27+08:00" level=info msg="[GNB][SCTP] Receive message in 0 stream\n"
time="2026-08-11T21:23:27+08:00" level=info msg="[GNB][NGAP] Receive Downlink NAS Transport"
time="2026-08-11T21:23:27+08:00" level=info msg="[UE][NAS] Message with security header"
time="2026-08-11T21:23:27+08:00" level=info msg="[UE][NAS] Message with integrity and ciphered"
time="2026-08-11T21:23:27+08:00" level=info msg="[UE][NAS] successful NAS CIPHERING"
time="2026-08-11T21:23:27+08:00" level=info msg="[UE][NAS] successful NAS MAC verification"
time="2026-08-11T21:23:27+08:00" level=info msg="[UE][NAS] Receive Configuration Update Command"
time="2026-08-11T21:23:27+08:00" level=info msg="[UE] Initiating Configuration Update Complete"
time="2026-08-11T21:23:27+08:00" level=info msg="[GNB][SCTP] Receive message in 0 stream\n"
time="2026-08-11T21:23:27+08:00" level=info msg="[GNB][NGAP] Receive Initial Context Setup Request"
time="2026-08-11T21:23:27+08:00" level=info msg="[GNB][UE] UE Context was created with successful"
time="2026-08-11T21:23:27+08:00" level=info msg="[GNB][UE] UE RAN ID 61"
time="2026-08-11T21:23:27+08:00" level=info msg="[GNB][UE] UE AMF ID 60"
time="2026-08-11T21:23:27+08:00" level=info msg="[GNB][UE] UE Mobility Restrict --Plmn-- Mcc: 208 Mnc: 93"
time="2026-08-11T21:23:27+08:00" level=info msg="[GNB][UE] UE Masked Imeisv: 1110000000ffff00"
time="2026-08-11T21:23:27+08:00" level=info msg="[GNB][UE] Allowed Nssai-- Sst: [01 01] Sd: [010203 112233]"
time="2026-08-11T21:23:27+08:00" level=info msg="[GNB][NGAP][AMF] Send Initial Context Setup Response."
time="2026-08-11T21:23:27+08:00" level=info msg="[GNB] Initiating Initial Context Setup Response"
time="2026-08-11T21:23:27+08:00" level=info msg="[GNB][NGAP] No PDU Session to set up in InitialContextSetupResponse."
time="2026-08-11T21:23:27+08:00" level=info msg="[UE][NAS] Message with security header"
time="2026-08-11T21:23:27+08:00" level=info msg="[UE][NAS] Message with integrity and ciphered"
time="2026-08-11T21:23:27+08:00" level=info msg="[UE][NAS] successful NAS CIPHERING"
time="2026-08-11T21:23:27+08:00" level=info msg="[UE][NAS] successful NAS MAC verification"
time="2026-08-11T21:23:27+08:00" level=info msg="[UE][NAS] Receive Registration Accept"
time="2026-08-11T21:23:27+08:00" level=info msg="[UE][NAS] UE 5G GUTI: &{119 11 [242 2 248 57 202 254 0 0 0 2 153]}"
time="2026-08-11T21:23:27+08:00" level=info msg="[UE] Switched from state 2 to state 3"
time="2026-08-11T21:23:27+08:00" level=info msg="[GNB][SCTP] Receive message in 0 stream\n"
time="2026-08-11T21:23:27+08:00" level=info msg="[GNB][NGAP] Receive Downlink NAS Transport"
time="2026-08-11T21:23:27+08:00" level=info msg="[UE][NAS] Message with security header"
time="2026-08-11T21:23:27+08:00" level=info msg="[UE][NAS] Message with integrity and ciphered"
time="2026-08-11T21:23:27+08:00" level=info msg="[UE][NAS] successful NAS CIPHERING"
time="2026-08-11T21:23:27+08:00" level=info msg="[UE][NAS] successful NAS MAC verification"
time="2026-08-11T21:23:27+08:00" level=info msg="[UE][NAS] Receive Configuration Update Command"
time="2026-08-11T21:23:27+08:00" level=info msg="[UE] Initiating Configuration Update Complete"
time="2026-08-11T21:23:27+08:00" level=info msg="[GNB][SCTP] Receive message in 0 stream\n"
time="2026-08-11T21:23:27+08:00" level=info msg="[GNB][NGAP] Receive Initial Context Setup Request"
time="2026-08-11T21:23:27+08:00" level=info msg="[GNB][UE] UE Context was created with successful"
time="2026-08-11T21:23:27+08:00" level=info msg="[GNB][UE] UE RAN ID 59"
time="2026-08-11T21:23:27+08:00" level=info msg="[GNB][UE] UE AMF ID 58"
time="2026-08-11T21:23:27+08:00" level=info msg="[GNB][UE] UE Mobility Restrict --Plmn-- Mcc: 208 Mnc: 93"
time="2026-08-11T21:23:27+08:00" level=info msg="[GNB][UE] UE Masked Imeisv: 1110000000ffff00"
time="2026-08-11T21:23:27+08:00" level=info msg="[GNB][UE] Allowed Nssai-- Sst: [01 01] Sd: [010203 112233]"
time="2026-08-11T21:23:27+08:00" level=info msg="[GNB][NGAP][AMF] Send Initial Context Setup Response."
time="2026-08-11T21:23:27+08:00" level=info msg="[GNB] Initiating Initial Context Setup Response"
time="2026-08-11T21:23:27+08:00" level=info msg="[GNB][NGAP] No PDU Session to set up in InitialContextSetupResponse."
time="2026-08-11T21:23:27+08:00" level=info msg="[UE][NAS] Message with security header"
time="2026-08-11T21:23:27+08:00" level=info msg="[UE][NAS] Message with integrity and ciphered"
time="2026-08-11T21:23:27+08:00" level=info msg="[UE][NAS] successful NAS CIPHERING"
time="2026-08-11T21:23:27+08:00" level=info msg="[UE][NAS] successful NAS MAC verification"
time="2026-08-11T21:23:27+08:00" level=info msg="[UE][NAS] Receive Registration Accept"
time="2026-08-11T21:23:27+08:00" level=info msg="[UE][NAS] UE 5G GUTI: &{119 11 [242 2 248 57 202 254 0 0 0 2 133]}"
time="2026-08-11T21:23:27+08:00" level=info msg="[UE] Switched from state 2 to state 3"
time="2026-08-11T21:23:27+08:00" level=info msg="[GNB][SCTP] Receive message in 0 stream\n"
time="2026-08-11T21:23:27+08:00" level=info msg="[GNB][NGAP] Receive Initial Context Setup Request"
time="2026-08-11T21:23:27+08:00" level=info msg="[GNB][UE] UE Context was created with successful"
time="2026-08-11T21:23:27+08:00" level=info msg="[GNB][UE] UE RAN ID 83"
time="2026-08-11T21:23:27+08:00" level=info msg="[GNB][UE] UE AMF ID 82"
time="2026-08-11T21:23:27+08:00" level=info msg="[GNB][UE] UE Mobility Restrict --Plmn-- Mcc: 208 Mnc: 93"
time="2026-08-11T21:23:27+08:00" level=info msg="[GNB][UE] UE Masked Imeisv: 1110000000ffff00"
time="2026-08-11T21:23:27+08:00" level=info msg="[GNB][UE] Allowed Nssai-- Sst: [01 01] Sd: [010203 112233]"
time="2026-08-11T21:23:27+08:00" level=info msg="[GNB][NGAP][AMF] Send Initial Context Setup Response."
time="2026-08-11T21:23:27+08:00" level=info msg="[GNB] Initiating Initial Context Setup Response"
time="2026-08-11T21:23:27+08:00" level=info msg="[GNB][NGAP] No PDU Session to set up in InitialContextSetupResponse."
time="2026-08-11T21:23:27+08:00" level=info msg="[UE][NAS] Message with security header"
time="2026-08-11T21:23:27+08:00" level=info msg="[UE][NAS] Message with integrity and ciphered"
time="2026-08-11T21:23:27+08:00" level=info msg="[UE][NAS] successful NAS CIPHERING"
time="2026-08-11T21:23:27+08:00" level=info msg="[GNB][SCTP] Receive message in 0 stream\n"
time="2026-08-11T21:23:27+08:00" level=info msg="[UE][NAS] successful NAS MAC verification"
time="2026-08-11T21:23:27+08:00" level=info msg="[UE][NAS] Receive Registration Accept"
time="2026-08-11T21:23:27+08:00" level=info msg="[UE][NAS] UE 5G GUTI: &{119 11 [242 2 248 57 202 254 0 0 0 2 162]}"
time="2026-08-11T21:23:27+08:00" level=info msg="[UE] Switched from state 2 to state 3"
time="2026-08-11T21:23:27+08:00" level=info msg="[GNB][NGAP] Receive Downlink NAS Transport"
time="2026-08-11T21:23:27+08:00" level=info msg="[UE][NAS] Message with security header"
time="2026-08-11T21:23:27+08:00" level=info msg="[UE][NAS] Message with integrity and ciphered"
time="2026-08-11T21:23:27+08:00" level=info msg="[UE][NAS] successful NAS CIPHERING"
time="2026-08-11T21:23:27+08:00" level=info msg="[UE][NAS] successful NAS MAC verification"
time="2026-08-11T21:23:27+08:00" level=info msg="[UE][NAS] Receive Configuration Update Command"
time="2026-08-11T21:23:27+08:00" level=info msg="[UE] Initiating Configuration Update Complete"
time="2026-08-11T21:23:27+08:00" level=info msg="[GNB][SCTP] Receive message in 0 stream\n"
time="2026-08-11T21:23:27+08:00" level=info msg="[GNB][NGAP] Receive Downlink NAS Transport"
time="2026-08-11T21:23:27+08:00" level=info msg="[UE][NAS] Message with security header"
time="2026-08-11T21:23:27+08:00" level=info msg="[UE][NAS] Message with integrity and with NEW 5G NAS SECURITY CONTEXT"
time="2026-08-11T21:23:27+08:00" level=info msg="[UE][NAS] successful NAS MAC verification"
time="2026-08-11T21:23:27+08:00" level=info msg="[UE][NAS] Receive Security Mode Command"
time="2026-08-11T21:23:27+08:00" level=info msg="[UE][NAS] Type of ciphering algorithm is 5G-EA0"
time="2026-08-11T21:23:27+08:00" level=info msg="[UE][NAS] Type of integrity protection algorithm is 128-5G-IA2"
time="2026-08-11T21:23:27+08:00" level=info msg="[GNB][SCTP] Receive message in 0 stream\n"
time="2026-08-11T21:23:27+08:00" level=info msg="[GNB][NGAP] Receive Initial Context Setup Request"
time="2026-08-11T21:23:27+08:00" level=info msg="[GNB][UE] UE Context was created with successful"
time="2026-08-11T21:23:27+08:00" level=info msg="[GNB][UE] UE RAN ID 79"
time="2026-08-11T21:23:27+08:00" level=info msg="[GNB][UE] UE AMF ID 78"
time="2026-08-11T21:23:27+08:00" level=info msg="[GNB][UE] UE Mobility Restrict --Plmn-- Mcc: 208 Mnc: 93"
time="2026-08-11T21:23:27+08:00" level=info msg="[GNB][UE] UE Masked Imeisv: 1110000000ffff00"
time="2026-08-11T21:23:27+08:00" level=info msg="[GNB][UE] Allowed Nssai-- Sst: [01 01] Sd: [010203 112233]"
time="2026-08-11T21:23:27+08:00" level=info msg="[GNB][NGAP][AMF] Send Initial Context Setup Response."
time="2026-08-11T21:23:27+08:00" level=info msg="[GNB] Initiating Initial Context Setup Response"
time="2026-08-11T21:23:27+08:00" level=info msg="[GNB][NGAP] No PDU Session to set up in InitialContextSetupResponse."
time="2026-08-11T21:23:27+08:00" level=info msg="[UE][NAS] Message with security header"
time="2026-08-11T21:23:27+08:00" level=info msg="[UE][NAS] Message with integrity and ciphered"
time="2026-08-11T21:23:27+08:00" level=info msg="[UE][NAS] successful NAS CIPHERING"
time="2026-08-11T21:23:27+08:00" level=info msg="[UE][NAS] successful NAS MAC verification"
time="2026-08-11T21:23:27+08:00" level=info msg="[UE][NAS] Receive Registration Accept"
time="2026-08-11T21:23:27+08:00" level=info msg="[UE][NAS] UE 5G GUTI: &{119 11 [242 2 248 57 202 254 0 0 0 2 170]}"
time="2026-08-11T21:23:27+08:00" level=info msg="[UE] Switched from state 2 to state 3"
time="2026-08-11T21:23:28+08:00" level=info msg="[GNB][SCTP] Receive message in 0 stream\n"
time="2026-08-11T21:23:28+08:00" level=info msg="[GNB][SCTP] Receive message in 0 stream\n"
time="2026-08-11T21:23:28+08:00" level=info msg="[GNB][NGAP] Receive Initial Context Setup Request"
time="2026-08-11T21:23:28+08:00" level=info msg="[GNB][UE] UE Context was created with successful"
time="2026-08-11T21:23:28+08:00" level=info msg="[GNB][UE] UE RAN ID 60"
time="2026-08-11T21:23:28+08:00" level=info msg="[GNB][UE] UE AMF ID 59"
time="2026-08-11T21:23:28+08:00" level=info msg="[GNB][UE] UE Mobility Restrict --Plmn-- Mcc: 208 Mnc: 93"
time="2026-08-11T21:23:28+08:00" level=info msg="[GNB][UE] UE Masked Imeisv: 1110000000ffff00"
time="2026-08-11T21:23:28+08:00" level=info msg="[GNB][UE] Allowed Nssai-- Sst: [01 01] Sd: [010203 112233]"
time="2026-08-11T21:23:28+08:00" level=info msg="[GNB][NGAP][AMF] Send Initial Context Setup Response."
time="2026-08-11T21:23:28+08:00" level=info msg="[GNB] Initiating Initial Context Setup Response"
time="2026-08-11T21:23:28+08:00" level=info msg="[GNB][NGAP] No PDU Session to set up in InitialContextSetupResponse."
time="2026-08-11T21:23:28+08:00" level=info msg="[UE][NAS] Message with security header"
time="2026-08-11T21:23:28+08:00" level=info msg="[UE][NAS] Message with integrity and ciphered"
time="2026-08-11T21:23:28+08:00" level=info msg="[UE][NAS] successful NAS CIPHERING"
time="2026-08-11T21:23:28+08:00" level=info msg="[UE][NAS] successful NAS MAC verification"
time="2026-08-11T21:23:28+08:00" level=info msg="[UE][NAS] Receive Registration Accept"
time="2026-08-11T21:23:28+08:00" level=info msg="[UE][NAS] UE 5G GUTI: &{119 11 [242 2 248 57 202 254 0 0 0 2 149]}"
time="2026-08-11T21:23:28+08:00" level=info msg="[UE] Switched from state 2 to state 3"
time="2026-08-11T21:23:28+08:00" level=info msg="[GNB][NGAP] Receive Initial Context Setup Request"
time="2026-08-11T21:23:28+08:00" level=info msg="[GNB][UE] UE Context was created with successful"
time="2026-08-11T21:23:28+08:00" level=info msg="[GNB][UE] UE RAN ID 80"
time="2026-08-11T21:23:28+08:00" level=info msg="[GNB][UE] UE AMF ID 79"
time="2026-08-11T21:23:28+08:00" level=info msg="[GNB][UE] UE Mobility Restrict --Plmn-- Mcc: 208 Mnc: 93"
time="2026-08-11T21:23:28+08:00" level=info msg="[GNB][UE] UE Masked Imeisv: 1110000000ffff00"
time="2026-08-11T21:23:28+08:00" level=info msg="[GNB][UE] Allowed Nssai-- Sst: [01 01] Sd: [010203 112233]"
time="2026-08-11T21:23:28+08:00" level=info msg="[GNB][NGAP][AMF] Send Initial Context Setup Response."
time="2026-08-11T21:23:28+08:00" level=info msg="[GNB] Initiating Initial Context Setup Response"
time="2026-08-11T21:23:28+08:00" level=info msg="[GNB][NGAP] No PDU Session to set up in InitialContextSetupResponse."
time="2026-08-11T21:23:28+08:00" level=info msg="[UE][NAS] Message with security header"
time="2026-08-11T21:23:28+08:00" level=info msg="[UE][NAS] Message with integrity and ciphered"
time="2026-08-11T21:23:28+08:00" level=info msg="[UE][NAS] successful NAS CIPHERING"
time="2026-08-11T21:23:28+08:00" level=info msg="[UE][NAS] successful NAS MAC verification"
time="2026-08-11T21:23:28+08:00" level=info msg="[UE][NAS] Receive Registration Accept"
time="2026-08-11T21:23:28+08:00" level=info msg="[UE][NAS] UE 5G GUTI: &{119 11 [242 2 248 57 202 254 0 0 0 2 154]}"
time="2026-08-11T21:23:28+08:00" level=info msg="[UE] Switched from state 2 to state 3"
time="2026-08-11T21:23:28+08:00" level=info msg="[GNB][SCTP] Receive message in 0 stream\n"
time="2026-08-11T21:23:28+08:00" level=info msg="[GNB][SCTP] Receive message in 0 stream\n"
time="2026-08-11T21:23:28+08:00" level=info msg="[GNB][SCTP] Receive message in 0 stream\n"
time="2026-08-11T21:23:28+08:00" level=info msg="[GNB][NGAP] Receive Downlink NAS Transport"
time="2026-08-11T21:23:28+08:00" level=info msg="[UE][NAS] Message with security header"
time="2026-08-11T21:23:28+08:00" level=info msg="[UE][NAS] Message with integrity and ciphered"
time="2026-08-11T21:23:28+08:00" level=info msg="[UE][NAS] successful NAS CIPHERING"
time="2026-08-11T21:23:28+08:00" level=info msg="[UE][NAS] successful NAS MAC verification"
time="2026-08-11T21:23:28+08:00" level=info msg="[UE][NAS] Receive Configuration Update Command"
time="2026-08-11T21:23:28+08:00" level=info msg="[UE] Initiating Configuration Update Complete"
time="2026-08-11T21:23:28+08:00" level=info msg="[GNB][NGAP] Receive Downlink NAS Transport"
time="2026-08-11T21:23:28+08:00" level=info msg="[UE][NAS] Message with security header"
time="2026-08-11T21:23:28+08:00" level=info msg="[UE][NAS] Message with integrity and ciphered"
time="2026-08-11T21:23:28+08:00" level=info msg="[UE][NAS] successful NAS CIPHERING"
time="2026-08-11T21:23:28+08:00" level=info msg="[UE][NAS] successful NAS MAC verification"
time="2026-08-11T21:23:28+08:00" level=info msg="[UE][NAS] Receive Configuration Update Command"
time="2026-08-11T21:23:28+08:00" level=info msg="[UE] Initiating Configuration Update Complete"
time="2026-08-11T21:23:28+08:00" level=info msg="[GNB][NGAP] Receive Initial Context Setup Request"
time="2026-08-11T21:23:28+08:00" level=info msg="[GNB][UE] UE Context was created with successful"
time="2026-08-11T21:23:28+08:00" level=info msg="[GNB][UE] UE RAN ID 86"
time="2026-08-11T21:23:28+08:00" level=info msg="[GNB][UE] UE AMF ID 85"
time="2026-08-11T21:23:28+08:00" level=info msg="[GNB][UE] UE Mobility Restrict --Plmn-- Mcc: 208 Mnc: 93"
time="2026-08-11T21:23:28+08:00" level=info msg="[GNB][UE] UE Masked Imeisv: 1110000000ffff00"
time="2026-08-11T21:23:28+08:00" level=info msg="[GNB][UE] Allowed Nssai-- Sst: [01 01] Sd: [010203 112233]"
time="2026-08-11T21:23:28+08:00" level=info msg="[GNB][NGAP][AMF] Send Initial Context Setup Response."
time="2026-08-11T21:23:28+08:00" level=info msg="[GNB] Initiating Initial Context Setup Response"
time="2026-08-11T21:23:28+08:00" level=info msg="[GNB][NGAP] No PDU Session to set up in InitialContextSetupResponse."
time="2026-08-11T21:23:28+08:00" level=info msg="[UE][NAS] Message with security header"
time="2026-08-11T21:23:28+08:00" level=info msg="[UE][NAS] Message with integrity and ciphered"
time="2026-08-11T21:23:28+08:00" level=info msg="[UE][NAS] successful NAS CIPHERING"
time="2026-08-11T21:23:28+08:00" level=info msg="[UE][NAS] successful NAS MAC verification"
time="2026-08-11T21:23:28+08:00" level=info msg="[UE][NAS] Receive Registration Accept"
time="2026-08-11T21:23:28+08:00" level=info msg="[UE][NAS] UE 5G GUTI: &{119 11 [242 2 248 57 202 254 0 0 0 2 159]}"
time="2026-08-11T21:23:28+08:00" level=info msg="[UE] Switched from state 2 to state 3"
time="2026-08-11T21:23:28+08:00" level=info msg="[GNB][SCTP] Receive message in 0 stream\n"
time="2026-08-11T21:23:28+08:00" level=info msg="[GNB][NGAP] Receive Initial Context Setup Request"
time="2026-08-11T21:23:28+08:00" level=info msg="[GNB][UE] UE Context was created with successful"
time="2026-08-11T21:23:28+08:00" level=info msg="[GNB][UE] UE RAN ID 62"
time="2026-08-11T21:23:28+08:00" level=info msg="[GNB][UE] UE AMF ID 61"
time="2026-08-11T21:23:28+08:00" level=info msg="[GNB][UE] UE Mobility Restrict --Plmn-- Mcc: 208 Mnc: 93"
time="2026-08-11T21:23:28+08:00" level=info msg="[GNB][UE] UE Masked Imeisv: 1110000000ffff00"
time="2026-08-11T21:23:28+08:00" level=info msg="[GNB][UE] Allowed Nssai-- Sst: [01 01] Sd: [010203 112233]"
time="2026-08-11T21:23:28+08:00" level=info msg="[GNB][NGAP][AMF] Send Initial Context Setup Response."
time="2026-08-11T21:23:28+08:00" level=info msg="[GNB] Initiating Initial Context Setup Response"
time="2026-08-11T21:23:28+08:00" level=info msg="[GNB][NGAP] No PDU Session to set up in InitialContextSetupResponse."
time="2026-08-11T21:23:28+08:00" level=info msg="[UE][NAS] Message with security header"
time="2026-08-11T21:23:28+08:00" level=info msg="[UE][NAS] Message with integrity and ciphered"
time="2026-08-11T21:23:28+08:00" level=info msg="[UE][NAS] successful NAS CIPHERING"
time="2026-08-11T21:23:28+08:00" level=info msg="[UE][NAS] successful NAS MAC verification"
time="2026-08-11T21:23:28+08:00" level=info msg="[UE][NAS] Receive Registration Accept"
time="2026-08-11T21:23:28+08:00" level=info msg="[UE][NAS] UE 5G GUTI: &{119 11 [242 2 248 57 202 254 0 0 0 2 139]}"
time="2026-08-11T21:23:28+08:00" level=info msg="[UE] Switched from state 2 to state 3"
time="2026-08-11T21:23:28+08:00" level=info msg="[GNB][SCTP] Receive message in 0 stream\n"
time="2026-08-11T21:23:28+08:00" level=info msg="[GNB][NGAP] Receive Initial Context Setup Request"
time="2026-08-11T21:23:28+08:00" level=info msg="[GNB][UE] UE Context was created with successful"
time="2026-08-11T21:23:28+08:00" level=info msg="[GNB][UE] UE RAN ID 81"
time="2026-08-11T21:23:28+08:00" level=info msg="[GNB][UE] UE AMF ID 80"
time="2026-08-11T21:23:28+08:00" level=info msg="[GNB][UE] UE Mobility Restrict --Plmn-- Mcc: 208 Mnc: 93"
time="2026-08-11T21:23:28+08:00" level=info msg="[GNB][UE] UE Masked Imeisv: 1110000000ffff00"
time="2026-08-11T21:23:28+08:00" level=info msg="[GNB][UE] Allowed Nssai-- Sst: [01 01] Sd: [010203 112233]"
time="2026-08-11T21:23:28+08:00" level=info msg="[GNB][NGAP][AMF] Send Initial Context Setup Response."
time="2026-08-11T21:23:28+08:00" level=info msg="[GNB] Initiating Initial Context Setup Response"
time="2026-08-11T21:23:28+08:00" level=info msg="[GNB][NGAP] No PDU Session to set up in InitialContextSetupResponse."
time="2026-08-11T21:23:28+08:00" level=info msg="[UE][NAS] Message with security header"
time="2026-08-11T21:23:28+08:00" level=info msg="[UE][NAS] Message with integrity and ciphered"
time="2026-08-11T21:23:28+08:00" level=info msg="[UE][NAS] successful NAS CIPHERING"
time="2026-08-11T21:23:28+08:00" level=info msg="[UE][NAS] successful NAS MAC verification"
time="2026-08-11T21:23:28+08:00" level=info msg="[UE][NAS] Receive Registration Accept"
time="2026-08-11T21:23:28+08:00" level=info msg="[UE][NAS] UE 5G GUTI: &{119 11 [242 2 248 57 202 254 0 0 0 2 168]}"
time="2026-08-11T21:23:28+08:00" level=info msg="[UE] Switched from state 2 to state 3"
time="2026-08-11T21:23:28+08:00" level=info msg="[GNB][SCTP] Receive message in 0 stream\n"
time="2026-08-11T21:23:28+08:00" level=info msg="[GNB][SCTP] Receive message in 0 stream\n"
time="2026-08-11T21:23:28+08:00" level=info msg="[GNB][NGAP] Receive Initial Context Setup Request"
time="2026-08-11T21:23:28+08:00" level=info msg="[GNB][UE] UE Context was created with successful"
time="2026-08-11T21:23:28+08:00" level=info msg="[GNB][UE] UE RAN ID 87"
time="2026-08-11T21:23:28+08:00" level=info msg="[GNB][UE] UE AMF ID 86"
time="2026-08-11T21:23:28+08:00" level=info msg="[GNB][UE] UE Mobility Restrict --Plmn-- Mcc: 208 Mnc: 93"
time="2026-08-11T21:23:28+08:00" level=info msg="[GNB][UE] UE Masked Imeisv: 1110000000ffff00"
time="2026-08-11T21:23:28+08:00" level=info msg="[GNB][UE] Allowed Nssai-- Sst: [01 01] Sd: [010203 112233]"
time="2026-08-11T21:23:28+08:00" level=info msg="[GNB][NGAP][AMF] Send Initial Context Setup Response."
time="2026-08-11T21:23:28+08:00" level=info msg="[GNB] Initiating Initial Context Setup Response"
time="2026-08-11T21:23:28+08:00" level=info msg="[GNB][NGAP] No PDU Session to set up in InitialContextSetupResponse."
time="2026-08-11T21:23:28+08:00" level=info msg="[GNB][NGAP] Receive Downlink NAS Transport"
time="2026-08-11T21:23:28+08:00" level=info msg="[UE][NAS] Message with security header"
time="2026-08-11T21:23:28+08:00" level=info msg="[UE][NAS] Message with integrity and ciphered"
time="2026-08-11T21:23:28+08:00" level=info msg="[UE][NAS] successful NAS CIPHERING"
time="2026-08-11T21:23:28+08:00" level=info msg="[UE][NAS] successful NAS MAC verification"
time="2026-08-11T21:23:28+08:00" level=info msg="[UE][NAS] Receive Configuration Update Command"
time="2026-08-11T21:23:28+08:00" level=info msg="[UE] Initiating Configuration Update Complete"
time="2026-08-11T21:23:28+08:00" level=info msg="[UE][NAS] Message with security header"
time="2026-08-11T21:23:28+08:00" level=info msg="[UE][NAS] Message with integrity and ciphered"
time="2026-08-11T21:23:28+08:00" level=info msg="[UE][NAS] successful NAS CIPHERING"
time="2026-08-11T21:23:28+08:00" level=info msg="[UE][NAS] successful NAS MAC verification"
time="2026-08-11T21:23:28+08:00" level=info msg="[UE][NAS] Receive Registration Accept"
time="2026-08-11T21:23:28+08:00" level=info msg="[UE][NAS] UE 5G GUTI: &{119 11 [242 2 248 57 202 254 0 0 0 2 176]}"
time="2026-08-11T21:23:28+08:00" level=info msg="[UE] Switched from state 2 to state 3"
time="2026-08-11T21:23:28+08:00" level=info msg="[GNB][SCTP] Receive message in 0 stream\n"
time="2026-08-11T21:23:28+08:00" level=info msg="[GNB][NGAP] Receive Initial Context Setup Request"
time="2026-08-11T21:23:28+08:00" level=info msg="[GNB][UE] UE Context was created with successful"
time="2026-08-11T21:23:28+08:00" level=info msg="[GNB][UE] UE RAN ID 67"
time="2026-08-11T21:23:28+08:00" level=info msg="[GNB][UE] UE AMF ID 66"
time="2026-08-11T21:23:28+08:00" level=info msg="[GNB][UE] UE Mobility Restrict --Plmn-- Mcc: 208 Mnc: 93"
time="2026-08-11T21:23:28+08:00" level=info msg="[GNB][UE] UE Masked Imeisv: 1110000000ffff00"
time="2026-08-11T21:23:28+08:00" level=info msg="[GNB][UE] Allowed Nssai-- Sst: [01 01] Sd: [010203 112233]"
time="2026-08-11T21:23:28+08:00" level=info msg="[GNB][NGAP][AMF] Send Initial Context Setup Response."
time="2026-08-11T21:23:28+08:00" level=info msg="[GNB] Initiating Initial Context Setup Response"
time="2026-08-11T21:23:28+08:00" level=info msg="[GNB][NGAP] No PDU Session to set up in InitialContextSetupResponse."
time="2026-08-11T21:23:28+08:00" level=info msg="[UE][NAS] Message with security header"
time="2026-08-11T21:23:28+08:00" level=info msg="[UE][NAS] Message with integrity and ciphered"
time="2026-08-11T21:23:28+08:00" level=info msg="[UE][NAS] successful NAS CIPHERING"
time="2026-08-11T21:23:28+08:00" level=info msg="[UE][NAS] successful NAS MAC verification"
time="2026-08-11T21:23:28+08:00" level=info msg="[UE][NAS] Receive Registration Accept"
time="2026-08-11T21:23:28+08:00" level=info msg="[UE][NAS] UE 5G GUTI: &{119 11 [242 2 248 57 202 254 0 0 0 2 155]}"
time="2026-08-11T21:23:28+08:00" level=info msg="[UE] Switched from state 2 to state 3"
time="2026-08-11T21:23:28+08:00" level=info msg="[GNB][SCTP] Receive message in 0 stream\n"
time="2026-08-11T21:23:28+08:00" level=info msg="[GNB][NGAP] Receive Initial Context Setup Request"
time="2026-08-11T21:23:28+08:00" level=info msg="[GNB][UE] UE Context was created with successful"
time="2026-08-11T21:23:28+08:00" level=info msg="[GNB][UE] UE RAN ID 76"
time="2026-08-11T21:23:28+08:00" level=info msg="[GNB][UE] UE AMF ID 75"
time="2026-08-11T21:23:28+08:00" level=info msg="[GNB][UE] UE Mobility Restrict --Plmn-- Mcc: 208 Mnc: 93"
time="2026-08-11T21:23:28+08:00" level=info msg="[GNB][UE] UE Masked Imeisv: 1110000000ffff00"
time="2026-08-11T21:23:28+08:00" level=info msg="[GNB][UE] Allowed Nssai-- Sst: [01 01] Sd: [010203 112233]"
time="2026-08-11T21:23:28+08:00" level=info msg="[GNB][NGAP][AMF] Send Initial Context Setup Response."
time="2026-08-11T21:23:28+08:00" level=info msg="[GNB] Initiating Initial Context Setup Response"
time="2026-08-11T21:23:28+08:00" level=info msg="[GNB][NGAP] No PDU Session to set up in InitialContextSetupResponse."
time="2026-08-11T21:23:28+08:00" level=info msg="[UE][NAS] Message with security header"
time="2026-08-11T21:23:28+08:00" level=info msg="[UE][NAS] Message with integrity and ciphered"
time="2026-08-11T21:23:28+08:00" level=info msg="[UE][NAS] successful NAS CIPHERING"
time="2026-08-11T21:23:28+08:00" level=info msg="[UE][NAS] successful NAS MAC verification"
time="2026-08-11T21:23:28+08:00" level=info msg="[UE][NAS] Receive Registration Accept"
time="2026-08-11T21:23:28+08:00" level=info msg="[UE][NAS] UE 5G GUTI: &{119 11 [242 2 248 57 202 254 0 0 0 2 165]}"
time="2026-08-11T21:23:28+08:00" level=info msg="[UE] Switched from state 2 to state 3"
time="2026-08-11T21:23:28+08:00" level=info msg="[GNB][SCTP] Receive message in 0 stream\n"
time="2026-08-11T21:23:28+08:00" level=info msg="[GNB][NGAP] Receive Downlink NAS Transport"
time="2026-08-11T21:23:28+08:00" level=info msg="[UE][NAS] Message with security header"
time="2026-08-11T21:23:28+08:00" level=info msg="[UE][NAS] Message with integrity and ciphered"
time="2026-08-11T21:23:28+08:00" level=info msg="[UE][NAS] successful NAS CIPHERING"
time="2026-08-11T21:23:28+08:00" level=info msg="[UE][NAS] successful NAS MAC verification"
time="2026-08-11T21:23:28+08:00" level=info msg="[UE][NAS] Receive Configuration Update Command"
time="2026-08-11T21:23:28+08:00" level=info msg="[UE] Initiating Configuration Update Complete"
time="2026-08-11T21:23:28+08:00" level=info msg="[GNB][SCTP] Receive message in 0 stream\n"
time="2026-08-11T21:23:28+08:00" level=info msg="[GNB][SCTP] Receive message in 0 stream\n"
time="2026-08-11T21:23:28+08:00" level=info msg="[GNB][NGAP] Receive Initial Context Setup Request"
time="2026-08-11T21:23:28+08:00" level=info msg="[GNB][UE] UE Context was created with successful"
time="2026-08-11T21:23:28+08:00" level=info msg="[GNB][UE] UE RAN ID 94"
time="2026-08-11T21:23:28+08:00" level=info msg="[GNB][UE] UE AMF ID 93"
time="2026-08-11T21:23:28+08:00" level=info msg="[GNB][UE] UE Mobility Restrict --Plmn-- Mcc: 208 Mnc: 93"
time="2026-08-11T21:23:28+08:00" level=info msg="[GNB][UE] UE Masked Imeisv: 1110000000ffff00"
time="2026-08-11T21:23:28+08:00" level=info msg="[GNB][UE] Allowed Nssai-- Sst: [01 01] Sd: [010203 112233]"
time="2026-08-11T21:23:28+08:00" level=info msg="[GNB][NGAP] Receive Downlink NAS Transport"
time="2026-08-11T21:23:28+08:00" level=info msg="[UE][NAS] Message with security header"
time="2026-08-11T21:23:28+08:00" level=info msg="[UE][NAS] Message with integrity and ciphered"
time="2026-08-11T21:23:28+08:00" level=info msg="[UE][NAS] successful NAS CIPHERING"
time="2026-08-11T21:23:28+08:00" level=info msg="[UE][NAS] successful NAS MAC verification"
time="2026-08-11T21:23:28+08:00" level=info msg="[UE][NAS] Receive Configuration Update Command"
time="2026-08-11T21:23:28+08:00" level=info msg="[UE] Initiating Configuration Update Complete"
time="2026-08-11T21:23:28+08:00" level=info msg="[UE][NAS] Message with security header"
time="2026-08-11T21:23:28+08:00" level=info msg="[UE][NAS] Message with integrity and ciphered"
time="2026-08-11T21:23:28+08:00" level=info msg="[UE][NAS] successful NAS CIPHERING"
time="2026-08-11T21:23:28+08:00" level=info msg="[UE][NAS] successful NAS MAC verification"
time="2026-08-11T21:23:28+08:00" level=info msg="[UE][NAS] Receive Registration Accept"
time="2026-08-11T21:23:28+08:00" level=info msg="[UE][NAS] UE 5G GUTI: &{119 11 [242 2 248 57 202 254 0 0 0 2 182]}"
time="2026-08-11T21:23:28+08:00" level=info msg="[GNB][NGAP][AMF] Send Initial Context Setup Response."
time="2026-08-11T21:23:28+08:00" level=info msg="[GNB] Initiating Initial Context Setup Response"
time="2026-08-11T21:23:28+08:00" level=info msg="[GNB][NGAP] No PDU Session to set up in InitialContextSetupResponse."
time="2026-08-11T21:23:28+08:00" level=info msg="[UE] Switched from state 2 to state 3"
time="2026-08-11T21:23:28+08:00" level=info msg="[GNB][SCTP] Receive message in 0 stream\n"
time="2026-08-11T21:23:28+08:00" level=info msg="[GNB][NGAP] Receive Downlink NAS Transport"
time="2026-08-11T21:23:28+08:00" level=info msg="[UE][NAS] Message with security header"
time="2026-08-11T21:23:28+08:00" level=info msg="[UE][NAS] Message with integrity and ciphered"
time="2026-08-11T21:23:28+08:00" level=info msg="[UE][NAS] successful NAS CIPHERING"
time="2026-08-11T21:23:28+08:00" level=info msg="[UE][NAS] successful NAS MAC verification"
time="2026-08-11T21:23:28+08:00" level=info msg="[UE][NAS] Receive Configuration Update Command"
time="2026-08-11T21:23:28+08:00" level=info msg="[UE] Initiating Configuration Update Complete"
time="2026-08-11T21:23:28+08:00" level=info msg="[GNB][SCTP] Receive message in 0 stream\n"
time="2026-08-11T21:23:28+08:00" level=info msg="[GNB][NGAP] Receive Downlink NAS Transport"
time="2026-08-11T21:23:28+08:00" level=info msg="[UE][NAS] Message with security header"
time="2026-08-11T21:23:28+08:00" level=info msg="[UE][NAS] Message with integrity and ciphered"
time="2026-08-11T21:23:28+08:00" level=info msg="[UE][NAS] successful NAS CIPHERING"
time="2026-08-11T21:23:28+08:00" level=info msg="[UE][NAS] successful NAS MAC verification"
time="2026-08-11T21:23:28+08:00" level=info msg="[UE][NAS] Receive Configuration Update Command"
time="2026-08-11T21:23:28+08:00" level=info msg="[UE] Initiating Configuration Update Complete"
time="2026-08-11T21:23:28+08:00" level=info msg="[GNB][SCTP] Receive message in 0 stream\n"
time="2026-08-11T21:23:28+08:00" level=info msg="[GNB][SCTP] Receive message in 0 stream\n"
time="2026-08-11T21:23:28+08:00" level=info msg="[GNB][SCTP] Receive message in 0 stream\n"
time="2026-08-11T21:23:28+08:00" level=info msg="[GNB][NGAP] Receive Downlink NAS Transport"
time="2026-08-11T21:23:28+08:00" level=info msg="[UE][NAS] Message with security header"
time="2026-08-11T21:23:28+08:00" level=info msg="[UE][NAS] Message with integrity and ciphered"
time="2026-08-11T21:23:28+08:00" level=info msg="[UE][NAS] successful NAS CIPHERING"
time="2026-08-11T21:23:28+08:00" level=info msg="[UE][NAS] successful NAS MAC verification"
time="2026-08-11T21:23:28+08:00" level=info msg="[UE][NAS] Receive Configuration Update Command"
time="2026-08-11T21:23:28+08:00" level=info msg="[UE] Initiating Configuration Update Complete"
time="2026-08-11T21:23:28+08:00" level=info msg="[GNB][NGAP] Receive Downlink NAS Transport"
time="2026-08-11T21:23:28+08:00" level=info msg="[UE][NAS] Message with security header"
time="2026-08-11T21:23:28+08:00" level=info msg="[UE][NAS] Message with integrity and ciphered"
time="2026-08-11T21:23:28+08:00" level=info msg="[UE][NAS] successful NAS CIPHERING"
time="2026-08-11T21:23:28+08:00" level=info msg="[UE][NAS] successful NAS MAC verification"
time="2026-08-11T21:23:28+08:00" level=info msg="[UE][NAS] Receive Configuration Update Command"
time="2026-08-11T21:23:28+08:00" level=info msg="[UE] Initiating Configuration Update Complete"
time="2026-08-11T21:23:28+08:00" level=info msg="[GNB][SCTP] Receive message in 0 stream\n"
time="2026-08-11T21:23:28+08:00" level=info msg="[GNB][NGAP] Receive Downlink NAS Transport"
time="2026-08-11T21:23:28+08:00" level=info msg="[UE][NAS] Message with security header"
time="2026-08-11T21:23:28+08:00" level=info msg="[UE][NAS] Message with integrity and ciphered"
time="2026-08-11T21:23:28+08:00" level=info msg="[UE][NAS] successful NAS CIPHERING"
time="2026-08-11T21:23:28+08:00" level=info msg="[UE][NAS] successful NAS MAC verification"
time="2026-08-11T21:23:28+08:00" level=info msg="[UE][NAS] Receive Configuration Update Command"
time="2026-08-11T21:23:28+08:00" level=info msg="[UE] Initiating Configuration Update Complete"
time="2026-08-11T21:23:28+08:00" level=info msg="[GNB][NGAP] Receive Downlink NAS Transport"
time="2026-08-11T21:23:28+08:00" level=info msg="[UE][NAS] Message with security header"
time="2026-08-11T21:23:28+08:00" level=info msg="[UE][NAS] Message with integrity and ciphered"
time="2026-08-11T21:23:28+08:00" level=info msg="[UE][NAS] successful NAS CIPHERING"
time="2026-08-11T21:23:28+08:00" level=info msg="[UE][NAS] successful NAS MAC verification"
time="2026-08-11T21:23:28+08:00" level=info msg="[UE][NAS] Receive Configuration Update Command"
time="2026-08-11T21:23:28+08:00" level=info msg="[UE] Initiating Configuration Update Complete"
time="2026-08-11T21:23:28+08:00" level=info msg="[GNB][SCTP] Receive message in 0 stream\n"
time="2026-08-11T21:23:28+08:00" level=info msg="[GNB][SCTP] Receive message in 0 stream\n"
time="2026-08-11T21:23:28+08:00" level=info msg="[GNB][NGAP] Receive Initial Context Setup Request"
time="2026-08-11T21:23:28+08:00" level=info msg="[GNB][UE] UE Context was created with successful"
time="2026-08-11T21:23:28+08:00" level=info msg="[GNB][UE] UE RAN ID 54"
time="2026-08-11T21:23:28+08:00" level=info msg="[GNB][UE] UE AMF ID 53"
time="2026-08-11T21:23:28+08:00" level=info msg="[GNB][UE] UE Mobility Restrict --Plmn-- Mcc: 208 Mnc: 93"
time="2026-08-11T21:23:28+08:00" level=info msg="[GNB][UE] UE Masked Imeisv: 1110000000ffff00"
time="2026-08-11T21:23:28+08:00" level=info msg="[GNB][UE] Allowed Nssai-- Sst: [01 01] Sd: [010203 112233]"
time="2026-08-11T21:23:28+08:00" level=info msg="[GNB][NGAP][AMF] Send Initial Context Setup Response."
time="2026-08-11T21:23:28+08:00" level=info msg="[GNB] Initiating Initial Context Setup Response"
time="2026-08-11T21:23:28+08:00" level=info msg="[GNB][NGAP] No PDU Session to set up in InitialContextSetupResponse."
time="2026-08-11T21:23:28+08:00" level=info msg="[GNB][SCTP] Receive message in 0 stream\n"
time="2026-08-11T21:23:28+08:00" level=info msg="[GNB][NGAP] Receive Downlink NAS Transport"
time="2026-08-11T21:23:28+08:00" level=info msg="[UE][NAS] Message with security header"
time="2026-08-11T21:23:28+08:00" level=info msg="[UE][NAS] Message with integrity and ciphered"
time="2026-08-11T21:23:28+08:00" level=info msg="[UE][NAS] successful NAS CIPHERING"
time="2026-08-11T21:23:28+08:00" level=info msg="[UE][NAS] successful NAS MAC verification"
time="2026-08-11T21:23:28+08:00" level=info msg="[UE][NAS] Receive Configuration Update Command"
time="2026-08-11T21:23:28+08:00" level=info msg="[UE] Initiating Configuration Update Complete"
time="2026-08-11T21:23:28+08:00" level=info msg="[UE][NAS] Message with security header"
time="2026-08-11T21:23:28+08:00" level=info msg="[UE][NAS] Message with integrity and ciphered"
time="2026-08-11T21:23:28+08:00" level=info msg="[UE][NAS] successful NAS CIPHERING"
time="2026-08-11T21:23:28+08:00" level=info msg="[UE][NAS] successful NAS MAC verification"
time="2026-08-11T21:23:28+08:00" level=info msg="[UE][NAS] Receive Registration Accept"
time="2026-08-11T21:23:28+08:00" level=info msg="[UE][NAS] UE 5G GUTI: &{119 11 [242 2 248 57 202 254 0 0 0 2 145]}"
time="2026-08-11T21:23:28+08:00" level=info msg="[UE] Switched from state 2 to state 3"
time="2026-08-11T21:23:28+08:00" level=info msg="[GNB][NGAP] Receive Downlink NAS Transport"
time="2026-08-11T21:23:28+08:00" level=info msg="[UE][NAS] Message with security header"
time="2026-08-11T21:23:28+08:00" level=info msg="[UE][NAS] Message with integrity and ciphered"
time="2026-08-11T21:23:28+08:00" level=info msg="[UE][NAS] successful NAS CIPHERING"
time="2026-08-11T21:23:28+08:00" level=info msg="[UE][NAS] successful NAS MAC verification"
time="2026-08-11T21:23:28+08:00" level=info msg="[UE][NAS] Receive Configuration Update Command"
time="2026-08-11T21:23:28+08:00" level=info msg="[UE] Initiating Configuration Update Complete"
time="2026-08-11T21:23:28+08:00" level=info msg="[GNB][SCTP] Receive message in 0 stream\n"
time="2026-08-11T21:23:28+08:00" level=info msg="[GNB][NGAP] Receive Initial Context Setup Request"
time="2026-08-11T21:23:28+08:00" level=info msg="[GNB][UE] UE Context was created with successful"
time="2026-08-11T21:23:28+08:00" level=info msg="[GNB][UE] UE RAN ID 85"
time="2026-08-11T21:23:28+08:00" level=info msg="[GNB][UE] UE AMF ID 84"
time="2026-08-11T21:23:28+08:00" level=info msg="[GNB][UE] UE Mobility Restrict --Plmn-- Mcc: 208 Mnc: 93"
time="2026-08-11T21:23:28+08:00" level=info msg="[GNB][UE] UE Masked Imeisv: 1110000000ffff00"
time="2026-08-11T21:23:28+08:00" level=info msg="[GNB][UE] Allowed Nssai-- Sst: [01 01] Sd: [010203 112233]"
time="2026-08-11T21:23:28+08:00" level=info msg="[GNB][NGAP][AMF] Send Initial Context Setup Response."
time="2026-08-11T21:23:28+08:00" level=info msg="[GNB] Initiating Initial Context Setup Response"
time="2026-08-11T21:23:28+08:00" level=info msg="[GNB][NGAP] No PDU Session to set up in InitialContextSetupResponse."
time="2026-08-11T21:23:28+08:00" level=info msg="[UE][NAS] Message with security header"
time="2026-08-11T21:23:28+08:00" level=info msg="[UE][NAS] Message with integrity and ciphered"
time="2026-08-11T21:23:28+08:00" level=info msg="[UE][NAS] successful NAS CIPHERING"
time="2026-08-11T21:23:28+08:00" level=info msg="[UE][NAS] successful NAS MAC verification"
time="2026-08-11T21:23:28+08:00" level=info msg="[UE][NAS] Receive Registration Accept"
time="2026-08-11T21:23:29+08:00" level=info msg="[UE][NAS] UE 5G GUTI: &{119 11 [242 2 248 57 202 254 0 0 0 2 174]}"
time="2026-08-11T21:23:29+08:00" level=info msg="[UE] Switched from state 2 to state 3"
time="2026-08-11T21:23:29+08:00" level=info msg="[GNB][SCTP] Receive message in 0 stream\n"
time="2026-08-11T21:23:29+08:00" level=info msg="[GNB][NGAP] Receive Downlink NAS Transport"
time="2026-08-11T21:23:29+08:00" level=info msg="[UE][NAS] Message with security header"
time="2026-08-11T21:23:29+08:00" level=info msg="[UE][NAS] Message with integrity and ciphered"
time="2026-08-11T21:23:29+08:00" level=info msg="[UE][NAS] successful NAS CIPHERING"
time="2026-08-11T21:23:29+08:00" level=info msg="[UE][NAS] successful NAS MAC verification"
time="2026-08-11T21:23:29+08:00" level=info msg="[UE][NAS] Receive Configuration Update Command"
time="2026-08-11T21:23:29+08:00" level=info msg="[UE] Initiating Configuration Update Complete"
time="2026-08-11T21:23:29+08:00" level=info msg="[GNB][SCTP] Receive message in 0 stream\n"
time="2026-08-11T21:23:29+08:00" level=info msg="[GNB][SCTP] Receive message in 0 stream\n"
time="2026-08-11T21:23:29+08:00" level=info msg="[GNB][NGAP] Receive Initial Context Setup Request"
time="2026-08-11T21:23:29+08:00" level=info msg="[GNB][UE] UE Context was created with successful"
time="2026-08-11T21:23:29+08:00" level=info msg="[GNB][UE] UE RAN ID 82"
time="2026-08-11T21:23:29+08:00" level=info msg="[GNB][UE] UE AMF ID 81"
time="2026-08-11T21:23:29+08:00" level=info msg="[GNB][UE] UE Mobility Restrict --Plmn-- Mcc: 208 Mnc: 93"
time="2026-08-11T21:23:29+08:00" level=info msg="[GNB][UE] UE Masked Imeisv: 1110000000ffff00"
time="2026-08-11T21:23:29+08:00" level=info msg="[GNB][UE] Allowed Nssai-- Sst: [01 01] Sd: [010203 112233]"
time="2026-08-11T21:23:29+08:00" level=info msg="[GNB][NGAP][AMF] Send Initial Context Setup Response."
time="2026-08-11T21:23:29+08:00" level=info msg="[GNB] Initiating Initial Context Setup Response"
time="2026-08-11T21:23:29+08:00" level=info msg="[GNB][NGAP] No PDU Session to set up in InitialContextSetupResponse."
time="2026-08-11T21:23:29+08:00" level=info msg="[GNB][NGAP] Receive Downlink NAS Transport"
time="2026-08-11T21:23:29+08:00" level=info msg="[UE][NAS] Message with security header"
time="2026-08-11T21:23:29+08:00" level=info msg="[UE][NAS] Message with integrity and ciphered"
time="2026-08-11T21:23:29+08:00" level=info msg="[UE][NAS] successful NAS CIPHERING"
time="2026-08-11T21:23:29+08:00" level=info msg="[UE][NAS] successful NAS MAC verification"
time="2026-08-11T21:23:29+08:00" level=info msg="[UE][NAS] Receive Configuration Update Command"
time="2026-08-11T21:23:29+08:00" level=info msg="[UE] Initiating Configuration Update Complete"
time="2026-08-11T21:23:29+08:00" level=info msg="[UE][NAS] Message with security header"
time="2026-08-11T21:23:29+08:00" level=info msg="[UE][NAS] Message with integrity and ciphered"
time="2026-08-11T21:23:29+08:00" level=info msg="[UE][NAS] successful NAS CIPHERING"
time="2026-08-11T21:23:29+08:00" level=info msg="[UE][NAS] successful NAS MAC verification"
time="2026-08-11T21:23:29+08:00" level=info msg="[UE][NAS] Receive Registration Accept"
time="2026-08-11T21:23:29+08:00" level=info msg="[UE][NAS] UE 5G GUTI: &{119 11 [242 2 248 57 202 254 0 0 0 2 171]}"
time="2026-08-11T21:23:29+08:00" level=info msg="[UE] Switched from state 2 to state 3"
time="2026-08-11T21:23:29+08:00" level=info msg="[GNB][SCTP] Receive message in 0 stream\n"
time="2026-08-11T21:23:29+08:00" level=info msg="[GNB][SCTP] Receive message in 0 stream\n"
time="2026-08-11T21:23:29+08:00" level=info msg="[GNB][SCTP] Receive message in 0 stream\n"
time="2026-08-11T21:23:29+08:00" level=info msg="[GNB][NGAP] Receive Downlink NAS Transport"
time="2026-08-11T21:23:29+08:00" level=info msg="[UE][NAS] Message with security header"
time="2026-08-11T21:23:29+08:00" level=info msg="[UE][NAS] Message with integrity and ciphered"
time="2026-08-11T21:23:29+08:00" level=info msg="[UE][NAS] successful NAS CIPHERING"
time="2026-08-11T21:23:29+08:00" level=info msg="[UE][NAS] successful NAS MAC verification"
time="2026-08-11T21:23:29+08:00" level=info msg="[UE][NAS] Receive Configuration Update Command"
time="2026-08-11T21:23:29+08:00" level=info msg="[UE] Initiating Configuration Update Complete"
time="2026-08-11T21:23:29+08:00" level=info msg="[GNB][NGAP] Receive Initial Context Setup Request"
time="2026-08-11T21:23:29+08:00" level=info msg="[GNB][UE] UE Context was created with successful"
time="2026-08-11T21:23:29+08:00" level=info msg="[GNB][UE] UE RAN ID 75"
time="2026-08-11T21:23:29+08:00" level=info msg="[GNB][UE] UE AMF ID 74"
time="2026-08-11T21:23:29+08:00" level=info msg="[GNB][UE] UE Mobility Restrict --Plmn-- Mcc: 208 Mnc: 93"
time="2026-08-11T21:23:29+08:00" level=info msg="[GNB][UE] UE Masked Imeisv: 1110000000ffff00"
time="2026-08-11T21:23:29+08:00" level=info msg="[GNB][UE] Allowed Nssai-- Sst: [01 01] Sd: [010203 112233]"
time="2026-08-11T21:23:29+08:00" level=info msg="[GNB][NGAP][AMF] Send Initial Context Setup Response."
time="2026-08-11T21:23:29+08:00" level=info msg="[GNB] Initiating Initial Context Setup Response"
time="2026-08-11T21:23:29+08:00" level=info msg="[GNB][NGAP] No PDU Session to set up in InitialContextSetupResponse."
time="2026-08-11T21:23:29+08:00" level=info msg="[GNB][NGAP] Receive Downlink NAS Transport"
time="2026-08-11T21:23:29+08:00" level=info msg="[UE][NAS] Message with security header"
time="2026-08-11T21:23:29+08:00" level=info msg="[UE][NAS] Message with integrity and ciphered"
time="2026-08-11T21:23:29+08:00" level=info msg="[UE][NAS] successful NAS CIPHERING"
time="2026-08-11T21:23:29+08:00" level=info msg="[UE][NAS] successful NAS MAC verification"
time="2026-08-11T21:23:29+08:00" level=info msg="[UE][NAS] Receive Configuration Update Command"
time="2026-08-11T21:23:29+08:00" level=info msg="[UE] Initiating Configuration Update Complete"
time="2026-08-11T21:23:29+08:00" level=info msg="[UE][NAS] Message with security header"
time="2026-08-11T21:23:29+08:00" level=info msg="[UE][NAS] Message with integrity and ciphered"
time="2026-08-11T21:23:29+08:00" level=info msg="[UE][NAS] successful NAS CIPHERING"
time="2026-08-11T21:23:29+08:00" level=info msg="[UE][NAS] successful NAS MAC verification"
time="2026-08-11T21:23:29+08:00" level=info msg="[UE][NAS] Receive Registration Accept"
time="2026-08-11T21:23:29+08:00" level=info msg="[UE][NAS] UE 5G GUTI: &{119 11 [242 2 248 57 202 254 0 0 0 2 161]}"
time="2026-08-11T21:23:29+08:00" level=info msg="[UE] Switched from state 2 to state 3"
time="2026-08-11T21:23:29+08:00" level=info msg="[GNB][SCTP] Receive message in 0 stream\n"
time="2026-08-11T21:23:29+08:00" level=info msg="[GNB][NGAP] Receive Initial Context Setup Request"
time="2026-08-11T21:23:29+08:00" level=info msg="[GNB][UE] UE Context was created with successful"
time="2026-08-11T21:23:29+08:00" level=info msg="[GNB][UE] UE RAN ID 77"
time="2026-08-11T21:23:29+08:00" level=info msg="[GNB][UE] UE AMF ID 76"
time="2026-08-11T21:23:29+08:00" level=info msg="[GNB][UE] UE Mobility Restrict --Plmn-- Mcc: 208 Mnc: 93"
time="2026-08-11T21:23:29+08:00" level=info msg="[GNB][UE] UE Masked Imeisv: 1110000000ffff00"
time="2026-08-11T21:23:29+08:00" level=info msg="[GNB][UE] Allowed Nssai-- Sst: [01 01] Sd: [010203 112233]"
time="2026-08-11T21:23:29+08:00" level=info msg="[GNB][NGAP][AMF] Send Initial Context Setup Response."
time="2026-08-11T21:23:29+08:00" level=info msg="[GNB] Initiating Initial Context Setup Response"
time="2026-08-11T21:23:29+08:00" level=info msg="[GNB][NGAP] No PDU Session to set up in InitialContextSetupResponse."
time="2026-08-11T21:23:29+08:00" level=info msg="[UE][NAS] Message with security header"
time="2026-08-11T21:23:29+08:00" level=info msg="[UE][NAS] Message with integrity and ciphered"
time="2026-08-11T21:23:29+08:00" level=info msg="[UE][NAS] successful NAS CIPHERING"
time="2026-08-11T21:23:29+08:00" level=info msg="[UE][NAS] successful NAS MAC verification"
time="2026-08-11T21:23:29+08:00" level=info msg="[UE][NAS] Receive Registration Accept"
time="2026-08-11T21:23:29+08:00" level=info msg="[UE][NAS] UE 5G GUTI: &{119 11 [242 2 248 57 202 254 0 0 0 2 151]}"
time="2026-08-11T21:23:29+08:00" level=info msg="[UE] Switched from state 2 to state 3"
time="2026-08-11T21:23:29+08:00" level=info msg="[GNB][SCTP] Receive message in 0 stream\n"
time="2026-08-11T21:23:29+08:00" level=info msg="[GNB][NGAP] Receive Initial Context Setup Request"
time="2026-08-11T21:23:29+08:00" level=info msg="[GNB][UE] UE Context was created with successful"
time="2026-08-11T21:23:29+08:00" level=info msg="[GNB][UE] UE RAN ID 93"
time="2026-08-11T21:23:29+08:00" level=info msg="[GNB][UE] UE AMF ID 92"
time="2026-08-11T21:23:29+08:00" level=info msg="[GNB][UE] UE Mobility Restrict --Plmn-- Mcc: 208 Mnc: 93"
time="2026-08-11T21:23:29+08:00" level=info msg="[GNB][UE] UE Masked Imeisv: 1110000000ffff00"
time="2026-08-11T21:23:29+08:00" level=info msg="[GNB][UE] Allowed Nssai-- Sst: [01 01] Sd: [010203 112233]"
time="2026-08-11T21:23:29+08:00" level=info msg="[GNB][NGAP][AMF] Send Initial Context Setup Response."
time="2026-08-11T21:23:29+08:00" level=info msg="[GNB] Initiating Initial Context Setup Response"
time="2026-08-11T21:23:29+08:00" level=info msg="[GNB][NGAP] No PDU Session to set up in InitialContextSetupResponse."
time="2026-08-11T21:23:29+08:00" level=info msg="[UE][NAS] Message with security header"
time="2026-08-11T21:23:29+08:00" level=info msg="[UE][NAS] Message with integrity and ciphered"
time="2026-08-11T21:23:29+08:00" level=info msg="[UE][NAS] successful NAS CIPHERING"
time="2026-08-11T21:23:29+08:00" level=info msg="[UE][NAS] successful NAS MAC verification"
time="2026-08-11T21:23:29+08:00" level=info msg="[UE][NAS] Receive Registration Accept"
time="2026-08-11T21:23:29+08:00" level=info msg="[UE][NAS] UE 5G GUTI: &{119 11 [242 2 248 57 202 254 0 0 0 2 180]}"
time="2026-08-11T21:23:29+08:00" level=info msg="[UE] Switched from state 2 to state 3"
time="2026-08-11T21:23:29+08:00" level=info msg="[GNB][SCTP] Receive message in 0 stream\n"
time="2026-08-11T21:23:29+08:00" level=info msg="[GNB][SCTP] Receive message in 0 stream\n"
time="2026-08-11T21:23:29+08:00" level=info msg="[GNB][NGAP] Receive Downlink NAS Transport"
time="2026-08-11T21:23:29+08:00" level=info msg="[UE][NAS] Message with security header"
time="2026-08-11T21:23:29+08:00" level=info msg="[UE][NAS] Message with integrity and ciphered"
time="2026-08-11T21:23:29+08:00" level=info msg="[UE][NAS] successful NAS CIPHERING"
time="2026-08-11T21:23:29+08:00" level=info msg="[UE][NAS] successful NAS MAC verification"
time="2026-08-11T21:23:29+08:00" level=info msg="[UE][NAS] Receive Configuration Update Command"
time="2026-08-11T21:23:29+08:00" level=info msg="[UE] Initiating Configuration Update Complete"
time="2026-08-11T21:23:29+08:00" level=info msg="[GNB][NGAP] Receive Downlink NAS Transport"
time="2026-08-11T21:23:29+08:00" level=info msg="[UE][NAS] Message with security header"
time="2026-08-11T21:23:29+08:00" level=info msg="[UE][NAS] Message with integrity and ciphered"
time="2026-08-11T21:23:29+08:00" level=info msg="[UE][NAS] successful NAS CIPHERING"
time="2026-08-11T21:23:29+08:00" level=info msg="[UE][NAS] successful NAS MAC verification"
time="2026-08-11T21:23:29+08:00" level=info msg="[UE][NAS] Receive Configuration Update Command"
time="2026-08-11T21:23:29+08:00" level=info msg="[UE] Initiating Configuration Update Complete"
time="2026-08-11T21:23:29+08:00" level=info msg="[GNB][SCTP] Receive message in 0 stream\n"
time="2026-08-11T21:23:29+08:00" level=info msg="[GNB][NGAP] Receive Downlink NAS Transport"
time="2026-08-11T21:23:29+08:00" level=info msg="[UE][NAS] Message with security header"
time="2026-08-11T21:23:29+08:00" level=info msg="[UE][NAS] Message with integrity and ciphered"
time="2026-08-11T21:23:29+08:00" level=info msg="[UE][NAS] successful NAS CIPHERING"
time="2026-08-11T21:23:29+08:00" level=info msg="[UE][NAS] successful NAS MAC verification"
time="2026-08-11T21:23:29+08:00" level=info msg="[UE][NAS] Receive Configuration Update Command"
time="2026-08-11T21:23:29+08:00" level=info msg="[UE] Initiating Configuration Update Complete"
time="2026-08-11T21:23:29+08:00" level=info msg="[GNB][SCTP] Receive message in 0 stream\n"
time="2026-08-11T21:23:29+08:00" level=info msg="[GNB][SCTP] Receive message in 0 stream\n"
time="2026-08-11T21:23:29+08:00" level=info msg="[GNB][NGAP] Receive Downlink NAS Transport"
time="2026-08-11T21:23:29+08:00" level=info msg="[UE][NAS] Message with security header"
time="2026-08-11T21:23:29+08:00" level=info msg="[UE][NAS] Message with integrity and ciphered"
time="2026-08-11T21:23:29+08:00" level=info msg="[UE][NAS] successful NAS CIPHERING"
time="2026-08-11T21:23:29+08:00" level=info msg="[UE][NAS] successful NAS MAC verification"
time="2026-08-11T21:23:29+08:00" level=info msg="[UE][NAS] Receive Configuration Update Command"
time="2026-08-11T21:23:29+08:00" level=info msg="[UE] Initiating Configuration Update Complete"
time="2026-08-11T21:23:29+08:00" level=info msg="[GNB][NGAP] Receive Downlink NAS Transport"
time="2026-08-11T21:23:29+08:00" level=info msg="[UE][NAS] Message with security header"
time="2026-08-11T21:23:29+08:00" level=info msg="[UE][NAS] Message with integrity and ciphered"
time="2026-08-11T21:23:29+08:00" level=info msg="[UE][NAS] successful NAS CIPHERING"
time="2026-08-11T21:23:29+08:00" level=info msg="[UE][NAS] successful NAS MAC verification"
time="2026-08-11T21:23:29+08:00" level=info msg="[UE][NAS] Receive Configuration Update Command"
time="2026-08-11T21:23:29+08:00" level=info msg="[UE] Initiating Configuration Update Complete"
time="2026-08-11T21:23:29+08:00" level=info msg="[GNB][SCTP] Receive message in 0 stream\n"
time="2026-08-11T21:23:29+08:00" level=info msg="[GNB][NGAP] Receive Downlink NAS Transport"
time="2026-08-11T21:23:29+08:00" level=info msg="[UE][NAS] Message with security header"
time="2026-08-11T21:23:29+08:00" level=info msg="[UE][NAS] Message with integrity and ciphered"
time="2026-08-11T21:23:29+08:00" level=info msg="[UE][NAS] successful NAS CIPHERING"
time="2026-08-11T21:23:29+08:00" level=info msg="[UE][NAS] successful NAS MAC verification"
time="2026-08-11T21:23:29+08:00" level=info msg="[UE][NAS] Receive Configuration Update Command"
time="2026-08-11T21:23:29+08:00" level=info msg="[UE] Initiating Configuration Update Complete"
time="2026-08-11T21:23:29+08:00" level=info msg="[GNB][SCTP] Receive message in 0 stream\n"
time="2026-08-11T21:23:29+08:00" level=info msg="[GNB][NGAP] Receive Downlink NAS Transport"
time="2026-08-11T21:23:29+08:00" level=info msg="[UE][NAS] Message with security header"
time="2026-08-11T21:23:29+08:00" level=info msg="[UE][NAS] Message with integrity and ciphered"
time="2026-08-11T21:23:29+08:00" level=info msg="[UE][NAS] successful NAS CIPHERING"
time="2026-08-11T21:23:29+08:00" level=info msg="[UE][NAS] successful NAS MAC verification"
time="2026-08-11T21:23:29+08:00" level=info msg="[UE][NAS] Receive Configuration Update Command"
time="2026-08-11T21:23:29+08:00" level=info msg="[UE] Initiating Configuration Update Complete"
time="2026-08-11T21:23:29+08:00" level=info msg="[GNB][SCTP] Receive message in 0 stream\n"
time="2026-08-11T21:23:29+08:00" level=info msg="[GNB][NGAP] Receive Downlink NAS Transport"
time="2026-08-11T21:23:29+08:00" level=info msg="[UE][NAS] Message with security header"
time="2026-08-11T21:23:29+08:00" level=info msg="[UE][NAS] Message with integrity and ciphered"
time="2026-08-11T21:23:29+08:00" level=info msg="[UE][NAS] successful NAS CIPHERING"
time="2026-08-11T21:23:29+08:00" level=info msg="[UE][NAS] successful NAS MAC verification"
time="2026-08-11T21:23:29+08:00" level=info msg="[UE][NAS] Receive Configuration Update Command"
time="2026-08-11T21:23:29+08:00" level=info msg="[UE] Initiating Configuration Update Complete"
time="2026-08-11T21:23:29+08:00" level=info msg="[GNB][SCTP] Receive message in 0 stream\n"
time="2026-08-11T21:23:29+08:00" level=info msg="[GNB][NGAP] Receive Initial Context Setup Request"
time="2026-08-11T21:23:29+08:00" level=info msg="[GNB][UE] UE Context was created with successful"
time="2026-08-11T21:23:29+08:00" level=info msg="[GNB][UE] UE RAN ID 99"
time="2026-08-11T21:23:29+08:00" level=info msg="[GNB][UE] UE AMF ID 98"
time="2026-08-11T21:23:29+08:00" level=info msg="[GNB][UE] UE Mobility Restrict --Plmn-- Mcc: 208 Mnc: 93"
time="2026-08-11T21:23:29+08:00" level=info msg="[GNB][UE] UE Masked Imeisv: 1110000000ffff00"
time="2026-08-11T21:23:29+08:00" level=info msg="[GNB][UE] Allowed Nssai-- Sst: [01 01] Sd: [010203 112233]"
time="2026-08-11T21:23:29+08:00" level=info msg="[GNB][NGAP][AMF] Send Initial Context Setup Response."
time="2026-08-11T21:23:29+08:00" level=info msg="[GNB] Initiating Initial Context Setup Response"
time="2026-08-11T21:23:29+08:00" level=info msg="[GNB][NGAP] No PDU Session to set up in InitialContextSetupResponse."
time="2026-08-11T21:23:29+08:00" level=info msg="[UE][NAS] Message with security header"
time="2026-08-11T21:23:29+08:00" level=info msg="[UE][NAS] Message with integrity and ciphered"
time="2026-08-11T21:23:29+08:00" level=info msg="[UE][NAS] successful NAS CIPHERING"
time="2026-08-11T21:23:29+08:00" level=info msg="[UE][NAS] successful NAS MAC verification"
time="2026-08-11T21:23:29+08:00" level=info msg="[UE][NAS] Receive Registration Accept"
time="2026-08-11T21:23:29+08:00" level=info msg="[UE][NAS] UE 5G GUTI: &{119 11 [242 2 248 57 202 254 0 0 0 2 183]}"
time="2026-08-11T21:23:29+08:00" level=info msg="[UE] Switched from state 2 to state 3"
time="2026-08-11T21:23:29+08:00" level=info msg="[GNB][SCTP] Receive message in 0 stream\n"
time="2026-08-11T21:23:29+08:00" level=info msg="[GNB][NGAP] Receive Downlink NAS Transport"
time="2026-08-11T21:23:29+08:00" level=info msg="[UE][NAS] Message with security header"
time="2026-08-11T21:23:29+08:00" level=info msg="[UE][NAS] Message with integrity and ciphered"
time="2026-08-11T21:23:29+08:00" level=info msg="[UE][NAS] successful NAS CIPHERING"
time="2026-08-11T21:23:29+08:00" level=info msg="[UE][NAS] successful NAS MAC verification"
time="2026-08-11T21:23:29+08:00" level=info msg="[UE][NAS] Receive Configuration Update Command"
time="2026-08-11T21:23:29+08:00" level=info msg="[UE] Initiating Configuration Update Complete"
time="2026-08-11T21:23:29+08:00" level=info msg="[GNB][SCTP] Receive message in 0 stream\n"
time="2026-08-11T21:23:29+08:00" level=info msg="[GNB][NGAP] Receive Downlink NAS Transport"
time="2026-08-11T21:23:29+08:00" level=info msg="[UE][NAS] Message with security header"
time="2026-08-11T21:23:29+08:00" level=info msg="[UE][NAS] Message with integrity and ciphered"
time="2026-08-11T21:23:29+08:00" level=info msg="[UE][NAS] successful NAS CIPHERING"
time="2026-08-11T21:23:29+08:00" level=info msg="[UE][NAS] successful NAS MAC verification"
time="2026-08-11T21:23:29+08:00" level=info msg="[UE][NAS] Receive Configuration Update Command"
time="2026-08-11T21:23:29+08:00" level=info msg="[UE] Initiating Configuration Update Complete"
time="2026-08-11T21:23:29+08:00" level=info msg="[GNB][SCTP] Receive message in 0 stream\n"
time="2026-08-11T21:23:29+08:00" level=info msg="[GNB][SCTP] Receive message in 0 stream\n"
time="2026-08-11T21:23:29+08:00" level=info msg="[GNB][SCTP] Receive message in 0 stream\n"
time="2026-08-11T21:23:29+08:00" level=info msg="[GNB][SCTP] Receive message in 0 stream\n"
time="2026-08-11T21:23:29+08:00" level=info msg="[GNB][NGAP] Receive Downlink NAS Transport"
time="2026-08-11T21:23:29+08:00" level=info msg="[UE][NAS] Message with security header"
time="2026-08-11T21:23:29+08:00" level=info msg="[UE][NAS] Message with integrity and ciphered"
time="2026-08-11T21:23:29+08:00" level=info msg="[UE][NAS] successful NAS CIPHERING"
time="2026-08-11T21:23:29+08:00" level=info msg="[GNB][NGAP] Receive Downlink NAS Transport"
time="2026-08-11T21:23:29+08:00" level=info msg="[UE][NAS] Message with security header"
time="2026-08-11T21:23:29+08:00" level=info msg="[UE][NAS] Message with integrity and ciphered"
time="2026-08-11T21:23:29+08:00" level=info msg="[UE][NAS] successful NAS CIPHERING"
time="2026-08-11T21:23:29+08:00" level=info msg="[UE][NAS] successful NAS MAC verification"
time="2026-08-11T21:23:29+08:00" level=info msg="[UE][NAS] Receive Configuration Update Command"
time="2026-08-11T21:23:29+08:00" level=info msg="[UE] Initiating Configuration Update Complete"
time="2026-08-11T21:23:29+08:00" level=info msg="[UE][NAS] successful NAS MAC verification"
time="2026-08-11T21:23:29+08:00" level=info msg="[UE][NAS] Receive Configuration Update Command"
time="2026-08-11T21:23:29+08:00" level=info msg="[UE] Initiating Configuration Update Complete"
time="2026-08-11T21:23:29+08:00" level=info msg="[GNB][NGAP] Receive Initial Context Setup Request"
time="2026-08-11T21:23:29+08:00" level=info msg="[GNB][UE] UE Context was created with successful"
time="2026-08-11T21:23:29+08:00" level=info msg="[GNB][UE] UE RAN ID 78"
time="2026-08-11T21:23:29+08:00" level=info msg="[GNB][UE] UE AMF ID 77"
time="2026-08-11T21:23:29+08:00" level=info msg="[GNB][UE] UE Mobility Restrict --Plmn-- Mcc: 208 Mnc: 93"
time="2026-08-11T21:23:29+08:00" level=info msg="[GNB][UE] UE Masked Imeisv: 1110000000ffff00"
time="2026-08-11T21:23:29+08:00" level=info msg="[GNB][UE] Allowed Nssai-- Sst: [01 01] Sd: [010203 112233]"
time="2026-08-11T21:23:29+08:00" level=info msg="[GNB][NGAP][AMF] Send Initial Context Setup Response."
time="2026-08-11T21:23:29+08:00" level=info msg="[GNB] Initiating Initial Context Setup Response"
time="2026-08-11T21:23:29+08:00" level=info msg="[GNB][NGAP] No PDU Session to set up in InitialContextSetupResponse."
time="2026-08-11T21:23:29+08:00" level=info msg="[GNB][SCTP] Receive message in 0 stream\n"
time="2026-08-11T21:23:29+08:00" level=info msg="[UE][NAS] Message with security header"
time="2026-08-11T21:23:29+08:00" level=info msg="[UE][NAS] Message with integrity and ciphered"
time="2026-08-11T21:23:29+08:00" level=info msg="[UE][NAS] successful NAS CIPHERING"
time="2026-08-11T21:23:29+08:00" level=info msg="[UE][NAS] successful NAS MAC verification"
time="2026-08-11T21:23:29+08:00" level=info msg="[UE][NAS] Receive Registration Accept"
time="2026-08-11T21:23:29+08:00" level=info msg="[UE][NAS] UE 5G GUTI: &{119 11 [242 2 248 57 202 254 0 0 0 2 160]}"
time="2026-08-11T21:23:29+08:00" level=info msg="[UE] Switched from state 2 to state 3"
time="2026-08-11T21:23:29+08:00" level=info msg="[GNB][SCTP] Receive message in 0 stream\n"
time="2026-08-11T21:23:29+08:00" level=info msg="[GNB][NGAP] Receive Downlink NAS Transport"
time="2026-08-11T21:23:29+08:00" level=info msg="[UE][NAS] Message with security header"
time="2026-08-11T21:23:29+08:00" level=info msg="[UE][NAS] Message with integrity and ciphered"
time="2026-08-11T21:23:29+08:00" level=info msg="[UE][NAS] successful NAS CIPHERING"
time="2026-08-11T21:23:29+08:00" level=info msg="[UE][NAS] successful NAS MAC verification"
time="2026-08-11T21:23:29+08:00" level=info msg="[UE][NAS] Receive Configuration Update Command"
time="2026-08-11T21:23:29+08:00" level=info msg="[UE] Initiating Configuration Update Complete"
time="2026-08-11T21:23:29+08:00" level=info msg="[GNB][SCTP] Receive message in 0 stream\n"
time="2026-08-11T21:23:29+08:00" level=info msg="[GNB][NGAP] Receive Downlink NAS Transport"
time="2026-08-11T21:23:29+08:00" level=info msg="[GNB][NGAP] Receive Initial Context Setup Request"
time="2026-08-11T21:23:29+08:00" level=info msg="[GNB][UE] UE Context was created with successful"
time="2026-08-11T21:23:29+08:00" level=info msg="[GNB][UE] UE RAN ID 89"
time="2026-08-11T21:23:29+08:00" level=info msg="[GNB][UE] UE AMF ID 88"
time="2026-08-11T21:23:29+08:00" level=info msg="[GNB][UE] UE Mobility Restrict --Plmn-- Mcc: 208 Mnc: 93"
time="2026-08-11T21:23:29+08:00" level=info msg="[GNB][UE] UE Masked Imeisv: 1110000000ffff00"
time="2026-08-11T21:23:29+08:00" level=info msg="[GNB][UE] Allowed Nssai-- Sst: [01 01] Sd: [010203 112233]"
time="2026-08-11T21:23:29+08:00" level=info msg="[GNB][NGAP][AMF] Send Initial Context Setup Response."
time="2026-08-11T21:23:29+08:00" level=info msg="[GNB] Initiating Initial Context Setup Response"
time="2026-08-11T21:23:29+08:00" level=info msg="[GNB][NGAP] No PDU Session to set up in InitialContextSetupResponse."
time="2026-08-11T21:23:29+08:00" level=info msg="[UE][NAS] Message with security header"
time="2026-08-11T21:23:29+08:00" level=info msg="[UE][NAS] Message with integrity and ciphered"
time="2026-08-11T21:23:29+08:00" level=info msg="[UE][NAS] successful NAS CIPHERING"
time="2026-08-11T21:23:29+08:00" level=info msg="[UE][NAS] successful NAS MAC verification"
time="2026-08-11T21:23:29+08:00" level=info msg="[UE][NAS] Receive Configuration Update Command"
time="2026-08-11T21:23:29+08:00" level=info msg="[UE] Initiating Configuration Update Complete"
time="2026-08-11T21:23:29+08:00" level=info msg="[UE][NAS] Message with security header"
time="2026-08-11T21:23:29+08:00" level=info msg="[UE][NAS] Message with integrity and ciphered"
time="2026-08-11T21:23:29+08:00" level=info msg="[UE][NAS] successful NAS CIPHERING"
time="2026-08-11T21:23:29+08:00" level=info msg="[UE][NAS] successful NAS MAC verification"
time="2026-08-11T21:23:29+08:00" level=info msg="[UE][NAS] Receive Registration Accept"
time="2026-08-11T21:23:29+08:00" level=info msg="[UE][NAS] UE 5G GUTI: &{119 11 [242 2 248 57 202 254 0 0 0 2 167]}"
time="2026-08-11T21:23:29+08:00" level=info msg="[UE] Switched from state 2 to state 3"
time="2026-08-11T21:23:29+08:00" level=info msg="[GNB][NGAP] Receive Downlink NAS Transport"
time="2026-08-11T21:23:29+08:00" level=info msg="[UE][NAS] Message with security header"
time="2026-08-11T21:23:29+08:00" level=info msg="[UE][NAS] Message with integrity and ciphered"
time="2026-08-11T21:23:29+08:00" level=info msg="[UE][NAS] successful NAS CIPHERING"
time="2026-08-11T21:23:29+08:00" level=info msg="[UE][NAS] successful NAS MAC verification"
time="2026-08-11T21:23:29+08:00" level=info msg="[UE][NAS] Receive Configuration Update Command"
time="2026-08-11T21:23:29+08:00" level=info msg="[UE] Initiating Configuration Update Complete"
time="2026-08-11T21:23:29+08:00" level=info msg="[GNB][SCTP] Receive message in 0 stream\n"
time="2026-08-11T21:23:29+08:00" level=info msg="[GNB][NGAP] Receive Initial Context Setup Request"
time="2026-08-11T21:23:29+08:00" level=info msg="[GNB][UE] UE Context was created with successful"
time="2026-08-11T21:23:29+08:00" level=info msg="[GNB][UE] UE RAN ID 72"
time="2026-08-11T21:23:29+08:00" level=info msg="[GNB][UE] UE AMF ID 71"
time="2026-08-11T21:23:29+08:00" level=info msg="[GNB][UE] UE Mobility Restrict --Plmn-- Mcc: 208 Mnc: 93"
time="2026-08-11T21:23:29+08:00" level=info msg="[GNB][UE] UE Masked Imeisv: 1110000000ffff00"
time="2026-08-11T21:23:29+08:00" level=info msg="[GNB][SCTP] Receive message in 0 stream\n"
time="2026-08-11T21:23:29+08:00" level=info msg="[GNB][NGAP] Receive Downlink NAS Transport"
time="2026-08-11T21:23:29+08:00" level=info msg="[UE][NAS] Message with security header"
time="2026-08-11T21:23:29+08:00" level=info msg="[UE][NAS] Message with integrity and ciphered"
time="2026-08-11T21:23:29+08:00" level=info msg="[UE][NAS] successful NAS CIPHERING"
time="2026-08-11T21:23:29+08:00" level=info msg="[UE][NAS] successful NAS MAC verification"
time="2026-08-11T21:23:29+08:00" level=info msg="[UE][NAS] Receive Configuration Update Command"
time="2026-08-11T21:23:29+08:00" level=info msg="[UE] Initiating Configuration Update Complete"
time="2026-08-11T21:23:29+08:00" level=info msg="[GNB][UE] Allowed Nssai-- Sst: [01 01] Sd: [010203 112233]"
time="2026-08-11T21:23:29+08:00" level=info msg="[GNB][NGAP][AMF] Send Initial Context Setup Response."
time="2026-08-11T21:23:29+08:00" level=info msg="[GNB] Initiating Initial Context Setup Response"
time="2026-08-11T21:23:29+08:00" level=info msg="[GNB][NGAP] No PDU Session to set up in InitialContextSetupResponse."
time="2026-08-11T21:23:29+08:00" level=info msg="[UE][NAS] Message with security header"
time="2026-08-11T21:23:29+08:00" level=info msg="[UE][NAS] Message with integrity and ciphered"
time="2026-08-11T21:23:29+08:00" level=info msg="[UE][NAS] successful NAS CIPHERING"
time="2026-08-11T21:23:29+08:00" level=info msg="[UE][NAS] successful NAS MAC verification"
time="2026-08-11T21:23:29+08:00" level=info msg="[UE][NAS] Receive Registration Accept"
time="2026-08-11T21:23:29+08:00" level=info msg="[UE][NAS] UE 5G GUTI: &{119 11 [242 2 248 57 202 254 0 0 0 2 157]}"
time="2026-08-11T21:23:29+08:00" level=info msg="[UE] Switched from state 2 to state 3"
time="2026-08-11T21:23:29+08:00" level=info msg="[GNB][SCTP] Receive message in 0 stream\n"
time="2026-08-11T21:23:29+08:00" level=info msg="[GNB][SCTP] Receive message in 0 stream\n"
time="2026-08-11T21:23:29+08:00" level=info msg="[GNB][NGAP] Receive Initial Context Setup Request"
time="2026-08-11T21:23:29+08:00" level=info msg="[GNB][UE] UE Context was created with successful"
time="2026-08-11T21:23:29+08:00" level=info msg="[GNB][UE] UE RAN ID 98"
time="2026-08-11T21:23:29+08:00" level=info msg="[GNB][UE] UE AMF ID 97"
time="2026-08-11T21:23:29+08:00" level=info msg="[GNB][UE] UE Mobility Restrict --Plmn-- Mcc: 208 Mnc: 93"
time="2026-08-11T21:23:29+08:00" level=info msg="[GNB][UE] UE Masked Imeisv: 1110000000ffff00"
time="2026-08-11T21:23:29+08:00" level=info msg="[GNB][UE] Allowed Nssai-- Sst: [01 01] Sd: [010203 112233]"
time="2026-08-11T21:23:29+08:00" level=info msg="[GNB][NGAP][AMF] Send Initial Context Setup Response."
time="2026-08-11T21:23:29+08:00" level=info msg="[GNB] Initiating Initial Context Setup Response"
time="2026-08-11T21:23:29+08:00" level=info msg="[GNB][NGAP] No PDU Session to set up in InitialContextSetupResponse."
time="2026-08-11T21:23:29+08:00" level=info msg="[GNB][NGAP] Receive Downlink NAS Transport"
time="2026-08-11T21:23:29+08:00" level=info msg="[UE][NAS] Message with security header"
time="2026-08-11T21:23:29+08:00" level=info msg="[UE][NAS] Message with integrity and ciphered"
time="2026-08-11T21:23:29+08:00" level=info msg="[UE][NAS] successful NAS CIPHERING"
time="2026-08-11T21:23:29+08:00" level=info msg="[UE][NAS] successful NAS MAC verification"
time="2026-08-11T21:23:29+08:00" level=info msg="[UE][NAS] Receive Configuration Update Command"
time="2026-08-11T21:23:29+08:00" level=info msg="[UE] Initiating Configuration Update Complete"
time="2026-08-11T21:23:29+08:00" level=info msg="[UE][NAS] Message with security header"
time="2026-08-11T21:23:29+08:00" level=info msg="[UE][NAS] Message with integrity and ciphered"
time="2026-08-11T21:23:29+08:00" level=info msg="[UE][NAS] successful NAS CIPHERING"
time="2026-08-11T21:23:29+08:00" level=info msg="[UE][NAS] successful NAS MAC verification"
time="2026-08-11T21:23:29+08:00" level=info msg="[UE][NAS] Receive Registration Accept"
time="2026-08-11T21:23:29+08:00" level=info msg="[UE][NAS] UE 5G GUTI: &{119 11 [242 2 248 57 202 254 0 0 0 2 173]}"
time="2026-08-11T21:23:29+08:00" level=info msg="[GNB][SCTP] Receive message in 0 stream\n"
time="2026-08-11T21:23:29+08:00" level=info msg="[UE] Switched from state 2 to state 3"
time="2026-08-11T21:23:29+08:00" level=info msg="[GNB][NGAP] Receive Initial Context Setup Request"
time="2026-08-11T21:23:29+08:00" level=info msg="[GNB][UE] UE Context was created with successful"
time="2026-08-11T21:23:29+08:00" level=info msg="[GNB][UE] UE RAN ID 92"
time="2026-08-11T21:23:29+08:00" level=info msg="[GNB][UE] UE AMF ID 91"
time="2026-08-11T21:23:29+08:00" level=info msg="[GNB][UE] UE Mobility Restrict --Plmn-- Mcc: 208 Mnc: 93"
time="2026-08-11T21:23:29+08:00" level=info msg="[GNB][UE] UE Masked Imeisv: 1110000000ffff00"
time="2026-08-11T21:23:29+08:00" level=info msg="[GNB][UE] Allowed Nssai-- Sst: [01 01] Sd: [010203 112233]"
time="2026-08-11T21:23:29+08:00" level=info msg="[GNB][NGAP][AMF] Send Initial Context Setup Response."
time="2026-08-11T21:23:29+08:00" level=info msg="[GNB] Initiating Initial Context Setup Response"
time="2026-08-11T21:23:29+08:00" level=info msg="[GNB][NGAP] No PDU Session to set up in InitialContextSetupResponse."
time="2026-08-11T21:23:29+08:00" level=info msg="[UE][NAS] Message with security header"
time="2026-08-11T21:23:29+08:00" level=info msg="[UE][NAS] Message with integrity and ciphered"
time="2026-08-11T21:23:29+08:00" level=info msg="[UE][NAS] successful NAS CIPHERING"
time="2026-08-11T21:23:29+08:00" level=info msg="[UE][NAS] successful NAS MAC verification"
time="2026-08-11T21:23:29+08:00" level=info msg="[UE][NAS] Receive Registration Accept"
time="2026-08-11T21:23:29+08:00" level=info msg="[UE][NAS] UE 5G GUTI: &{119 11 [242 2 248 57 202 254 0 0 0 2 166]}"
time="2026-08-11T21:23:29+08:00" level=info msg="[UE] Switched from state 2 to state 3"
time="2026-08-11T21:23:29+08:00" level=info msg="[GNB][SCTP] Receive message in 0 stream\n"
time="2026-08-11T21:23:29+08:00" level=info msg="[GNB][NGAP] Receive Downlink NAS Transport"
time="2026-08-11T21:23:29+08:00" level=info msg="[UE][NAS] Message with security header"
time="2026-08-11T21:23:29+08:00" level=info msg="[UE][NAS] Message with integrity and ciphered"
time="2026-08-11T21:23:29+08:00" level=info msg="[UE][NAS] successful NAS CIPHERING"
time="2026-08-11T21:23:29+08:00" level=info msg="[UE][NAS] successful NAS MAC verification"
time="2026-08-11T21:23:29+08:00" level=info msg="[UE][NAS] Receive Configuration Update Command"
time="2026-08-11T21:23:29+08:00" level=info msg="[UE] Initiating Configuration Update Complete"
time="2026-08-11T21:23:29+08:00" level=info msg="[GNB][SCTP] Receive message in 0 stream\n"
time="2026-08-11T21:23:29+08:00" level=info msg="[GNB][SCTP] Receive message in 0 stream\n"
time="2026-08-11T21:23:29+08:00" level=info msg="[GNB][NGAP] Receive Downlink NAS Transport"
time="2026-08-11T21:23:29+08:00" level=info msg="[UE][NAS] Message with security header"
time="2026-08-11T21:23:29+08:00" level=info msg="[UE][NAS] Message with integrity and ciphered"
time="2026-08-11T21:23:29+08:00" level=info msg="[UE][NAS] successful NAS CIPHERING"
time="2026-08-11T21:23:29+08:00" level=info msg="[UE][NAS] successful NAS MAC verification"
time="2026-08-11T21:23:29+08:00" level=info msg="[UE][NAS] Receive Configuration Update Command"
time="2026-08-11T21:23:29+08:00" level=info msg="[UE] Initiating Configuration Update Complete"
time="2026-08-11T21:23:29+08:00" level=info msg="[GNB][NGAP] Receive Initial Context Setup Request"
time="2026-08-11T21:23:29+08:00" level=info msg="[GNB][UE] UE Context was created with successful"
time="2026-08-11T21:23:29+08:00" level=info msg="[GNB][UE] UE RAN ID 70"
time="2026-08-11T21:23:29+08:00" level=info msg="[GNB][UE] UE AMF ID 69"
time="2026-08-11T21:23:29+08:00" level=info msg="[GNB][UE] UE Mobility Restrict --Plmn-- Mcc: 208 Mnc: 93"
time="2026-08-11T21:23:29+08:00" level=info msg="[GNB][UE] UE Masked Imeisv: 1110000000ffff00"
time="2026-08-11T21:23:29+08:00" level=info msg="[GNB][UE] Allowed Nssai-- Sst: [01 01] Sd: [010203 112233]"
time="2026-08-11T21:23:29+08:00" level=info msg="[GNB][NGAP][AMF] Send Initial Context Setup Response."
time="2026-08-11T21:23:29+08:00" level=info msg="[GNB] Initiating Initial Context Setup Response"
time="2026-08-11T21:23:29+08:00" level=info msg="[GNB][NGAP] No PDU Session to set up in InitialContextSetupResponse."
time="2026-08-11T21:23:29+08:00" level=info msg="[UE][NAS] Message with security header"
time="2026-08-11T21:23:29+08:00" level=info msg="[UE][NAS] Message with integrity and ciphered"
time="2026-08-11T21:23:29+08:00" level=info msg="[UE][NAS] successful NAS CIPHERING"
time="2026-08-11T21:23:29+08:00" level=info msg="[UE][NAS] successful NAS MAC verification"
time="2026-08-11T21:23:29+08:00" level=info msg="[UE][NAS] Receive Registration Accept"
time="2026-08-11T21:23:29+08:00" level=info msg="[UE][NAS] UE 5G GUTI: &{119 11 [242 2 248 57 202 254 0 0 0 2 163]}"
time="2026-08-11T21:23:29+08:00" level=info msg="[GNB][SCTP] Receive message in 0 stream\n"
time="2026-08-11T21:23:29+08:00" level=info msg="[UE] Switched from state 2 to state 3"
time="2026-08-11T21:23:29+08:00" level=info msg="[GNB][NGAP] Receive Downlink NAS Transport"
time="2026-08-11T21:23:29+08:00" level=info msg="[UE][NAS] Message with security header"
time="2026-08-11T21:23:29+08:00" level=info msg="[UE][NAS] Message with integrity and ciphered"
time="2026-08-11T21:23:29+08:00" level=info msg="[UE][NAS] successful NAS CIPHERING"
time="2026-08-11T21:23:29+08:00" level=info msg="[UE][NAS] successful NAS MAC verification"
time="2026-08-11T21:23:29+08:00" level=info msg="[UE][NAS] Receive Configuration Update Command"
time="2026-08-11T21:23:29+08:00" level=info msg="[UE] Initiating Configuration Update Complete"
time="2026-08-11T21:23:30+08:00" level=info msg="[GNB][SCTP] Receive message in 0 stream\n"
time="2026-08-11T21:23:30+08:00" level=info msg="[GNB][NGAP] Receive Initial Context Setup Request"
time="2026-08-11T21:23:30+08:00" level=info msg="[GNB][UE] UE Context was created with successful"
time="2026-08-11T21:23:30+08:00" level=info msg="[GNB][UE] UE RAN ID 88"
time="2026-08-11T21:23:30+08:00" level=info msg="[GNB][UE] UE AMF ID 87"
time="2026-08-11T21:23:30+08:00" level=info msg="[GNB][UE] UE Mobility Restrict --Plmn-- Mcc: 208 Mnc: 93"
time="2026-08-11T21:23:30+08:00" level=info msg="[GNB][UE] UE Masked Imeisv: 1110000000ffff00"
time="2026-08-11T21:23:30+08:00" level=info msg="[GNB][UE] Allowed Nssai-- Sst: [01 01] Sd: [010203 112233]"
time="2026-08-11T21:23:30+08:00" level=info msg="[GNB][NGAP][AMF] Send Initial Context Setup Response."
time="2026-08-11T21:23:30+08:00" level=info msg="[GNB] Initiating Initial Context Setup Response"
time="2026-08-11T21:23:30+08:00" level=info msg="[GNB][NGAP] No PDU Session to set up in InitialContextSetupResponse."
time="2026-08-11T21:23:30+08:00" level=info msg="[UE][NAS] Message with security header"
time="2026-08-11T21:23:30+08:00" level=info msg="[UE][NAS] Message with integrity and ciphered"
time="2026-08-11T21:23:30+08:00" level=info msg="[UE][NAS] successful NAS CIPHERING"
time="2026-08-11T21:23:30+08:00" level=info msg="[UE][NAS] successful NAS MAC verification"
time="2026-08-11T21:23:30+08:00" level=info msg="[UE][NAS] Receive Registration Accept"
time="2026-08-11T21:23:30+08:00" level=info msg="[UE][NAS] UE 5G GUTI: &{119 11 [242 2 248 57 202 254 0 0 0 2 179]}"
time="2026-08-11T21:23:30+08:00" level=info msg="[UE] Switched from state 2 to state 3"
time="2026-08-11T21:23:30+08:00" level=info msg="[GNB][SCTP] Receive message in 0 stream\n"
time="2026-08-11T21:23:30+08:00" level=info msg="[GNB][NGAP] Receive Downlink NAS Transport"
time="2026-08-11T21:23:30+08:00" level=info msg="[UE][NAS] Message with security header"
time="2026-08-11T21:23:30+08:00" level=info msg="[UE][NAS] Message with integrity and ciphered"
time="2026-08-11T21:23:30+08:00" level=info msg="[UE][NAS] successful NAS CIPHERING"
time="2026-08-11T21:23:30+08:00" level=info msg="[UE][NAS] successful NAS MAC verification"
time="2026-08-11T21:23:30+08:00" level=info msg="[UE][NAS] Receive Configuration Update Command"
time="2026-08-11T21:23:30+08:00" level=info msg="[UE] Initiating Configuration Update Complete"
time="2026-08-11T21:23:30+08:00" level=info msg="[GNB][SCTP] Receive message in 0 stream\n"
time="2026-08-11T21:23:30+08:00" level=info msg="[GNB][NGAP] Receive Downlink NAS Transport"
time="2026-08-11T21:23:30+08:00" level=info msg="[UE][NAS] Message with security header"
time="2026-08-11T21:23:30+08:00" level=info msg="[UE][NAS] Message with integrity and ciphered"
time="2026-08-11T21:23:30+08:00" level=info msg="[UE][NAS] successful NAS CIPHERING"
time="2026-08-11T21:23:30+08:00" level=info msg="[UE][NAS] successful NAS MAC verification"
time="2026-08-11T21:23:30+08:00" level=info msg="[UE][NAS] Receive Configuration Update Command"
time="2026-08-11T21:23:30+08:00" level=info msg="[UE] Initiating Configuration Update Complete"
time="2026-08-11T21:23:30+08:00" level=info msg="[GNB][SCTP] Receive message in 0 stream\n"
time="2026-08-11T21:23:30+08:00" level=info msg="[GNB][NGAP] Receive Downlink NAS Transport"
time="2026-08-11T21:23:30+08:00" level=info msg="[UE][NAS] Message with security header"
time="2026-08-11T21:23:30+08:00" level=info msg="[UE][NAS] Message with integrity and ciphered"
time="2026-08-11T21:23:30+08:00" level=info msg="[UE][NAS] successful NAS CIPHERING"
time="2026-08-11T21:23:30+08:00" level=info msg="[UE][NAS] successful NAS MAC verification"
time="2026-08-11T21:23:30+08:00" level=info msg="[UE][NAS] Receive Configuration Update Command"
time="2026-08-11T21:23:30+08:00" level=info msg="[UE] Initiating Configuration Update Complete"
time="2026-08-11T21:23:30+08:00" level=info msg="[GNB][SCTP] Receive message in 0 stream\n"
time="2026-08-11T21:23:30+08:00" level=info msg="[GNB][NGAP] Receive Initial Context Setup Request"
time="2026-08-11T21:23:30+08:00" level=info msg="[GNB][UE] UE Context was created with successful"
time="2026-08-11T21:23:30+08:00" level=info msg="[GNB][UE] UE RAN ID 84"
time="2026-08-11T21:23:30+08:00" level=info msg="[GNB][UE] UE AMF ID 83"
time="2026-08-11T21:23:30+08:00" level=info msg="[GNB][UE] UE Mobility Restrict --Plmn-- Mcc: 208 Mnc: 93"
time="2026-08-11T21:23:30+08:00" level=info msg="[GNB][UE] UE Masked Imeisv: 1110000000ffff00"
time="2026-08-11T21:23:30+08:00" level=info msg="[GNB][UE] Allowed Nssai-- Sst: [01 01] Sd: [010203 112233]"
time="2026-08-11T21:23:30+08:00" level=info msg="[GNB][NGAP][AMF] Send Initial Context Setup Response."
time="2026-08-11T21:23:30+08:00" level=info msg="[GNB] Initiating Initial Context Setup Response"
time="2026-08-11T21:23:30+08:00" level=info msg="[GNB][NGAP] No PDU Session to set up in InitialContextSetupResponse."
time="2026-08-11T21:23:30+08:00" level=info msg="[UE][NAS] Message with security header"
time="2026-08-11T21:23:30+08:00" level=info msg="[UE][NAS] Message with integrity and ciphered"
time="2026-08-11T21:23:30+08:00" level=info msg="[UE][NAS] successful NAS CIPHERING"
time="2026-08-11T21:23:30+08:00" level=info msg="[UE][NAS] successful NAS MAC verification"
time="2026-08-11T21:23:30+08:00" level=info msg="[UE][NAS] Receive Registration Accept"
time="2026-08-11T21:23:30+08:00" level=info msg="[GNB][SCTP] Receive message in 0 stream\n"
time="2026-08-11T21:23:30+08:00" level=info msg="[UE] Switched from state 2 to state 3"
time="2026-08-11T21:23:30+08:00" level=info msg="[UE][NAS] UE 5G GUTI: &{119 11 [242 2 248 57 202 254 0 0 0 2 169]}"
time="2026-08-11T21:23:30+08:00" level=info msg="[GNB][SCTP] Receive message in 0 stream\n"
time="2026-08-11T21:23:30+08:00" level=info msg="[GNB][NGAP] Receive Downlink NAS Transport"
time="2026-08-11T21:23:30+08:00" level=info msg="[UE][NAS] Message with security header"
time="2026-08-11T21:23:30+08:00" level=info msg="[UE][NAS] Message with integrity and ciphered"
time="2026-08-11T21:23:30+08:00" level=info msg="[UE][NAS] successful NAS CIPHERING"
time="2026-08-11T21:23:30+08:00" level=info msg="[UE][NAS] successful NAS MAC verification"
time="2026-08-11T21:23:30+08:00" level=info msg="[UE][NAS] Receive Configuration Update Command"
time="2026-08-11T21:23:30+08:00" level=info msg="[UE] Initiating Configuration Update Complete"
time="2026-08-11T21:23:30+08:00" level=info msg="[GNB][NGAP] Receive Downlink NAS Transport"
time="2026-08-11T21:23:30+08:00" level=info msg="[GNB][SCTP] Receive message in 0 stream\n"
time="2026-08-11T21:23:30+08:00" level=info msg="[GNB][SCTP] Receive message in 0 stream\n"
time="2026-08-11T21:23:30+08:00" level=info msg="[UE][NAS] Message with security header"
time="2026-08-11T21:23:30+08:00" level=info msg="[UE][NAS] Message with integrity and ciphered"
time="2026-08-11T21:23:30+08:00" level=info msg="[UE][NAS] successful NAS CIPHERING"
time="2026-08-11T21:23:30+08:00" level=info msg="[UE][NAS] successful NAS MAC verification"
time="2026-08-11T21:23:30+08:00" level=info msg="[UE][NAS] Receive Configuration Update Command"
time="2026-08-11T21:23:30+08:00" level=info msg="[UE] Initiating Configuration Update Complete"
time="2026-08-11T21:23:30+08:00" level=info msg="[GNB][NGAP] Receive Downlink NAS Transport"
time="2026-08-11T21:23:30+08:00" level=info msg="[UE][NAS] Message with security header"
time="2026-08-11T21:23:30+08:00" level=info msg="[UE][NAS] Message with integrity and ciphered"
time="2026-08-11T21:23:30+08:00" level=info msg="[UE][NAS] successful NAS CIPHERING"
time="2026-08-11T21:23:30+08:00" level=info msg="[UE][NAS] successful NAS MAC verification"
time="2026-08-11T21:23:30+08:00" level=info msg="[UE][NAS] Receive Configuration Update Command"
time="2026-08-11T21:23:30+08:00" level=info msg="[UE] Initiating Configuration Update Complete"
time="2026-08-11T21:23:30+08:00" level=info msg="[GNB][NGAP] Receive Initial Context Setup Request"
time="2026-08-11T21:23:30+08:00" level=info msg="[GNB][UE] UE Context was created with successful"
time="2026-08-11T21:23:30+08:00" level=info msg="[GNB][UE] UE RAN ID 90"
time="2026-08-11T21:23:30+08:00" level=info msg="[GNB][UE] UE AMF ID 89"
time="2026-08-11T21:23:30+08:00" level=info msg="[GNB][UE] UE Mobility Restrict --Plmn-- Mcc: 208 Mnc: 93"
time="2026-08-11T21:23:30+08:00" level=info msg="[GNB][UE] UE Masked Imeisv: 1110000000ffff00"
time="2026-08-11T21:23:30+08:00" level=info msg="[GNB][UE] Allowed Nssai-- Sst: [01 01] Sd: [010203 112233]"
time="2026-08-11T21:23:30+08:00" level=info msg="[GNB][NGAP][AMF] Send Initial Context Setup Response."
time="2026-08-11T21:23:30+08:00" level=info msg="[GNB] Initiating Initial Context Setup Response"
time="2026-08-11T21:23:30+08:00" level=info msg="[GNB][NGAP] No PDU Session to set up in InitialContextSetupResponse."
time="2026-08-11T21:23:30+08:00" level=info msg="[UE][NAS] Message with security header"
time="2026-08-11T21:23:30+08:00" level=info msg="[UE][NAS] Message with integrity and ciphered"
time="2026-08-11T21:23:30+08:00" level=info msg="[UE][NAS] successful NAS CIPHERING"
time="2026-08-11T21:23:30+08:00" level=info msg="[UE][NAS] successful NAS MAC verification"
time="2026-08-11T21:23:30+08:00" level=info msg="[UE][NAS] Receive Registration Accept"
time="2026-08-11T21:23:30+08:00" level=info msg="[UE][NAS] UE 5G GUTI: &{119 11 [242 2 248 57 202 254 0 0 0 2 172]}"
time="2026-08-11T21:23:30+08:00" level=info msg="[UE] Switched from state 2 to state 3"
time="2026-08-11T21:23:30+08:00" level=info msg="[GNB][SCTP] Receive message in 0 stream\n"
time="2026-08-11T21:23:30+08:00" level=info msg="[GNB][NGAP] Receive Initial Context Setup Request"
time="2026-08-11T21:23:30+08:00" level=info msg="[GNB][UE] UE Context was created with successful"
time="2026-08-11T21:23:30+08:00" level=info msg="[GNB][UE] UE RAN ID 91"
time="2026-08-11T21:23:30+08:00" level=info msg="[GNB][UE] UE AMF ID 90"
time="2026-08-11T21:23:30+08:00" level=info msg="[GNB][UE] UE Mobility Restrict --Plmn-- Mcc: 208 Mnc: 93"
time="2026-08-11T21:23:30+08:00" level=info msg="[GNB][UE] UE Masked Imeisv: 1110000000ffff00"
time="2026-08-11T21:23:30+08:00" level=info msg="[GNB][UE] Allowed Nssai-- Sst: [01 01] Sd: [010203 112233]"
time="2026-08-11T21:23:30+08:00" level=info msg="[GNB][NGAP][AMF] Send Initial Context Setup Response."
time="2026-08-11T21:23:30+08:00" level=info msg="[GNB] Initiating Initial Context Setup Response"
time="2026-08-11T21:23:30+08:00" level=info msg="[GNB][NGAP] No PDU Session to set up in InitialContextSetupResponse."
time="2026-08-11T21:23:30+08:00" level=info msg="[UE][NAS] Message with security header"
time="2026-08-11T21:23:30+08:00" level=info msg="[UE][NAS] Message with integrity and ciphered"
time="2026-08-11T21:23:30+08:00" level=info msg="[UE][NAS] successful NAS CIPHERING"
time="2026-08-11T21:23:30+08:00" level=info msg="[UE][NAS] successful NAS MAC verification"
time="2026-08-11T21:23:30+08:00" level=info msg="[UE][NAS] Receive Registration Accept"
time="2026-08-11T21:23:30+08:00" level=info msg="[UE][NAS] UE 5G GUTI: &{119 11 [242 2 248 57 202 254 0 0 0 2 178]}"
time="2026-08-11T21:23:30+08:00" level=info msg="[GNB][SCTP] Receive message in 0 stream\n"
time="2026-08-11T21:23:30+08:00" level=info msg="[UE] Switched from state 2 to state 3"
time="2026-08-11T21:23:30+08:00" level=info msg="[GNB][NGAP] Receive Downlink NAS Transport"
time="2026-08-11T21:23:30+08:00" level=info msg="[UE][NAS] Message with security header"
time="2026-08-11T21:23:30+08:00" level=info msg="[UE][NAS] Message with integrity and ciphered"
time="2026-08-11T21:23:30+08:00" level=info msg="[UE][NAS] successful NAS CIPHERING"
time="2026-08-11T21:23:30+08:00" level=info msg="[UE][NAS] successful NAS MAC verification"
time="2026-08-11T21:23:30+08:00" level=info msg="[UE][NAS] Receive Configuration Update Command"
time="2026-08-11T21:23:30+08:00" level=info msg="[UE] Initiating Configuration Update Complete"
time="2026-08-11T21:23:30+08:00" level=info msg="[GNB][SCTP] Receive message in 0 stream\n"
time="2026-08-11T21:23:30+08:00" level=info msg="[GNB][NGAP] Receive Downlink NAS Transport"
time="2026-08-11T21:23:30+08:00" level=info msg="[UE][NAS] Message with security header"
time="2026-08-11T21:23:30+08:00" level=info msg="[UE][NAS] Message with integrity and ciphered"
time="2026-08-11T21:23:30+08:00" level=info msg="[UE][NAS] successful NAS CIPHERING"
time="2026-08-11T21:23:30+08:00" level=info msg="[UE][NAS] successful NAS MAC verification"
time="2026-08-11T21:23:30+08:00" level=info msg="[UE][NAS] Receive Configuration Update Command"
time="2026-08-11T21:23:30+08:00" level=info msg="[UE] Initiating Configuration Update Complete"
time="2026-08-11T21:23:30+08:00" level=info msg="[GNB][SCTP] Receive message in 0 stream\n"
time="2026-08-11T21:23:30+08:00" level=info msg="[GNB][SCTP] Receive message in 0 stream\n"
time="2026-08-11T21:23:30+08:00" level=info msg="[GNB][NGAP] Receive Downlink NAS Transport"
time="2026-08-11T21:23:30+08:00" level=info msg="[UE][NAS] Message with security header"
time="2026-08-11T21:23:30+08:00" level=info msg="[UE][NAS] Message with integrity and ciphered"
time="2026-08-11T21:23:30+08:00" level=info msg="[UE][NAS] successful NAS CIPHERING"
time="2026-08-11T21:23:30+08:00" level=info msg="[UE][NAS] successful NAS MAC verification"
time="2026-08-11T21:23:30+08:00" level=info msg="[UE][NAS] Receive Configuration Update Command"
time="2026-08-11T21:23:30+08:00" level=info msg="[UE] Initiating Configuration Update Complete"
time="2026-08-11T21:23:30+08:00" level=info msg="[GNB][NGAP] Receive Initial Context Setup Request"
time="2026-08-11T21:23:30+08:00" level=info msg="[GNB][UE] UE Context was created with successful"
time="2026-08-11T21:23:30+08:00" level=info msg="[GNB][UE] UE RAN ID 96"
time="2026-08-11T21:23:30+08:00" level=info msg="[GNB][UE] UE AMF ID 95"
time="2026-08-11T21:23:30+08:00" level=info msg="[GNB][UE] UE Mobility Restrict --Plmn-- Mcc: 208 Mnc: 93"
time="2026-08-11T21:23:30+08:00" level=info msg="[GNB][UE] UE Masked Imeisv: 1110000000ffff00"
time="2026-08-11T21:23:30+08:00" level=info msg="[GNB][UE] Allowed Nssai-- Sst: [01 01] Sd: [010203 112233]"
time="2026-08-11T21:23:30+08:00" level=info msg="[GNB][NGAP][AMF] Send Initial Context Setup Response."
time="2026-08-11T21:23:30+08:00" level=info msg="[GNB] Initiating Initial Context Setup Response"
time="2026-08-11T21:23:30+08:00" level=info msg="[GNB][NGAP] No PDU Session to set up in InitialContextSetupResponse."
time="2026-08-11T21:23:30+08:00" level=info msg="[UE][NAS] Message with security header"
time="2026-08-11T21:23:30+08:00" level=info msg="[UE][NAS] Message with integrity and ciphered"
time="2026-08-11T21:23:30+08:00" level=info msg="[UE][NAS] successful NAS CIPHERING"
time="2026-08-11T21:23:30+08:00" level=info msg="[UE][NAS] successful NAS MAC verification"
time="2026-08-11T21:23:30+08:00" level=info msg="[UE][NAS] Receive Registration Accept"
time="2026-08-11T21:23:30+08:00" level=info msg="[UE][NAS] UE 5G GUTI: &{119 11 [242 2 248 57 202 254 0 0 0 2 175]}"
time="2026-08-11T21:23:30+08:00" level=info msg="[UE] Switched from state 2 to state 3"
time="2026-08-11T21:23:30+08:00" level=info msg="[GNB][SCTP] Receive message in 0 stream\n"
time="2026-08-11T21:23:30+08:00" level=info msg="[GNB][SCTP] Receive message in 0 stream\n"
time="2026-08-11T21:23:30+08:00" level=info msg="[GNB][NGAP] Receive Downlink NAS Transport"
time="2026-08-11T21:23:30+08:00" level=info msg="[UE][NAS] Message with security header"
time="2026-08-11T21:23:30+08:00" level=info msg="[UE][NAS] Message with integrity and ciphered"
time="2026-08-11T21:23:30+08:00" level=info msg="[UE][NAS] successful NAS CIPHERING"
time="2026-08-11T21:23:30+08:00" level=info msg="[UE][NAS] successful NAS MAC verification"
time="2026-08-11T21:23:30+08:00" level=info msg="[UE][NAS] Receive Configuration Update Command"
time="2026-08-11T21:23:30+08:00" level=info msg="[UE] Initiating Configuration Update Complete"
time="2026-08-11T21:23:30+08:00" level=info msg="[GNB][NGAP] Receive Initial Context Setup Request"
time="2026-08-11T21:23:30+08:00" level=info msg="[GNB][UE] UE Context was created with successful"
time="2026-08-11T21:23:30+08:00" level=info msg="[GNB][UE] UE RAN ID 100"
time="2026-08-11T21:23:30+08:00" level=info msg="[GNB][UE] UE AMF ID 99"
time="2026-08-11T21:23:30+08:00" level=info msg="[GNB][UE] UE Mobility Restrict --Plmn-- Mcc: 208 Mnc: 93"
time="2026-08-11T21:23:30+08:00" level=info msg="[GNB][UE] UE Masked Imeisv: 1110000000ffff00"
time="2026-08-11T21:23:30+08:00" level=info msg="[GNB][UE] Allowed Nssai-- Sst: [01 01] Sd: [010203 112233]"
time="2026-08-11T21:23:30+08:00" level=info msg="[GNB][NGAP][AMF] Send Initial Context Setup Response."
time="2026-08-11T21:23:30+08:00" level=info msg="[GNB] Initiating Initial Context Setup Response"
time="2026-08-11T21:23:30+08:00" level=info msg="[GNB][NGAP] No PDU Session to set up in InitialContextSetupResponse."
time="2026-08-11T21:23:30+08:00" level=info msg="[UE][NAS] Message with security header"
time="2026-08-11T21:23:30+08:00" level=info msg="[UE][NAS] Message with integrity and ciphered"
time="2026-08-11T21:23:30+08:00" level=info msg="[UE][NAS] successful NAS CIPHERING"
time="2026-08-11T21:23:30+08:00" level=info msg="[UE][NAS] successful NAS MAC verification"
time="2026-08-11T21:23:30+08:00" level=info msg="[UE][NAS] Receive Registration Accept"
time="2026-08-11T21:23:30+08:00" level=info msg="[UE][NAS] UE 5G GUTI: &{119 11 [242 2 248 57 202 254 0 0 0 2 184]}"
time="2026-08-11T21:23:30+08:00" level=info msg="[GNB][SCTP] Receive message in 0 stream\n"
time="2026-08-11T21:23:30+08:00" level=info msg="[GNB][SCTP] Receive message in 0 stream\n"
time="2026-08-11T21:23:30+08:00" level=info msg="[GNB][SCTP] Receive message in 0 stream\n"
time="2026-08-11T21:23:30+08:00" level=info msg="[UE] Switched from state 2 to state 3"
time="2026-08-11T21:23:30+08:00" level=info msg="[GNB][SCTP] Receive message in 0 stream\n"
time="2026-08-11T21:23:30+08:00" level=info msg="[GNB][SCTP] Receive message in 0 stream\n"
time="2026-08-11T21:23:30+08:00" level=info msg="[GNB][NGAP] Receive Downlink NAS Transport"
time="2026-08-11T21:23:30+08:00" level=info msg="[UE][NAS] Message with security header"
time="2026-08-11T21:23:30+08:00" level=info msg="[UE][NAS] Message with integrity and ciphered"
time="2026-08-11T21:23:30+08:00" level=info msg="[UE][NAS] successful NAS CIPHERING"
time="2026-08-11T21:23:30+08:00" level=info msg="[UE][NAS] successful NAS MAC verification"
time="2026-08-11T21:23:30+08:00" level=info msg="[UE][NAS] Receive Configuration Update Command"
time="2026-08-11T21:23:30+08:00" level=info msg="[UE] Initiating Configuration Update Complete"
time="2026-08-11T21:23:30+08:00" level=info msg="[GNB][NGAP] Receive Downlink NAS Transport"
time="2026-08-11T21:23:30+08:00" level=info msg="[UE][NAS] Message with security header"
time="2026-08-11T21:23:30+08:00" level=info msg="[UE][NAS] Message with integrity and ciphered"
time="2026-08-11T21:23:30+08:00" level=info msg="[UE][NAS] successful NAS CIPHERING"
time="2026-08-11T21:23:30+08:00" level=info msg="[UE][NAS] successful NAS MAC verification"
time="2026-08-11T21:23:30+08:00" level=info msg="[UE][NAS] Receive Configuration Update Command"
time="2026-08-11T21:23:30+08:00" level=info msg="[UE] Initiating Configuration Update Complete"
time="2026-08-11T21:23:30+08:00" level=info msg="[GNB][NGAP] Receive Downlink NAS Transport"
time="2026-08-11T21:23:30+08:00" level=info msg="[UE][NAS] Message with security header"
time="2026-08-11T21:23:30+08:00" level=info msg="[UE][NAS] Message with integrity and ciphered"
time="2026-08-11T21:23:30+08:00" level=info msg="[UE][NAS] successful NAS CIPHERING"
time="2026-08-11T21:23:30+08:00" level=info msg="[UE][NAS] successful NAS MAC verification"
time="2026-08-11T21:23:30+08:00" level=info msg="[UE][NAS] Receive Configuration Update Command"
time="2026-08-11T21:23:30+08:00" level=info msg="[UE] Initiating Configuration Update Complete"
time="2026-08-11T21:23:30+08:00" level=info msg="[GNB][NGAP] Receive Downlink NAS Transport"
time="2026-08-11T21:23:30+08:00" level=info msg="[UE][NAS] Message with security header"
time="2026-08-11T21:23:30+08:00" level=info msg="[UE][NAS] Message with integrity and ciphered"
time="2026-08-11T21:23:30+08:00" level=info msg="[UE][NAS] successful NAS CIPHERING"
time="2026-08-11T21:23:30+08:00" level=info msg="[UE][NAS] successful NAS MAC verification"
time="2026-08-11T21:23:30+08:00" level=info msg="[UE][NAS] Receive Configuration Update Command"
time="2026-08-11T21:23:30+08:00" level=info msg="[UE] Initiating Configuration Update Complete"
time="2026-08-11T21:23:30+08:00" level=info msg="[GNB][NGAP] Receive Downlink NAS Transport"
time="2026-08-11T21:23:30+08:00" level=info msg="[UE][NAS] Message with security header"
time="2026-08-11T21:23:30+08:00" level=info msg="[UE][NAS] Message with integrity and ciphered"
time="2026-08-11T21:23:30+08:00" level=info msg="[UE][NAS] successful NAS CIPHERING"
time="2026-08-11T21:23:30+08:00" level=info msg="[UE][NAS] successful NAS MAC verification"
time="2026-08-11T21:23:30+08:00" level=info msg="[UE][NAS] Receive Configuration Update Command"
time="2026-08-11T21:23:30+08:00" level=info msg="[UE] Initiating Configuration Update Complete"
time="2026-08-11T21:23:30+08:00" level=info msg="[GNB][SCTP] Receive message in 0 stream\n"
time="2026-08-11T21:23:30+08:00" level=info msg="[GNB][SCTP] Receive message in 0 stream\n"
time="2026-08-11T21:23:30+08:00" level=info msg="[GNB][NGAP] Receive Downlink NAS Transport"
time="2026-08-11T21:23:30+08:00" level=info msg="[UE][NAS] Message with security header"
time="2026-08-11T21:23:30+08:00" level=info msg="[UE][NAS] Message with integrity and ciphered"
time="2026-08-11T21:23:30+08:00" level=info msg="[UE][NAS] successful NAS CIPHERING"
time="2026-08-11T21:23:30+08:00" level=info msg="[UE][NAS] successful NAS MAC verification"
time="2026-08-11T21:23:30+08:00" level=info msg="[UE][NAS] Receive Configuration Update Command"
time="2026-08-11T21:23:30+08:00" level=info msg="[UE] Initiating Configuration Update Complete"
time="2026-08-11T21:23:30+08:00" level=info msg="[GNB][NGAP] Receive Initial Context Setup Request"
time="2026-08-11T21:23:30+08:00" level=info msg="[GNB][UE] UE Context was created with successful"
time="2026-08-11T21:23:30+08:00" level=info msg="[GNB][UE] UE RAN ID 97"
time="2026-08-11T21:23:30+08:00" level=info msg="[GNB][UE] UE AMF ID 96"
time="2026-08-11T21:23:30+08:00" level=info msg="[GNB][UE] UE Mobility Restrict --Plmn-- Mcc: 208 Mnc: 93"
time="2026-08-11T21:23:30+08:00" level=info msg="[GNB][UE] UE Masked Imeisv: 1110000000ffff00"
time="2026-08-11T21:23:30+08:00" level=info msg="[GNB][UE] Allowed Nssai-- Sst: [01 01] Sd: [010203 112233]"
time="2026-08-11T21:23:30+08:00" level=info msg="[GNB][NGAP][AMF] Send Initial Context Setup Response."
time="2026-08-11T21:23:30+08:00" level=info msg="[GNB] Initiating Initial Context Setup Response"
time="2026-08-11T21:23:30+08:00" level=info msg="[GNB][NGAP] No PDU Session to set up in InitialContextSetupResponse."
time="2026-08-11T21:23:30+08:00" level=info msg="[UE][NAS] Message with security header"
time="2026-08-11T21:23:30+08:00" level=info msg="[UE][NAS] Message with integrity and ciphered"
time="2026-08-11T21:23:30+08:00" level=info msg="[UE][NAS] successful NAS CIPHERING"
time="2026-08-11T21:23:30+08:00" level=info msg="[UE][NAS] successful NAS MAC verification"
time="2026-08-11T21:23:30+08:00" level=info msg="[UE][NAS] Receive Registration Accept"
time="2026-08-11T21:23:30+08:00" level=info msg="[GNB][SCTP] Receive message in 0 stream\n"
time="2026-08-11T21:23:30+08:00" level=info msg="[UE][NAS] UE 5G GUTI: &{119 11 [242 2 248 57 202 254 0 0 0 2 181]}"
time="2026-08-11T21:23:30+08:00" level=info msg="[UE] Switched from state 2 to state 3"
time="2026-08-11T21:23:30+08:00" level=info msg="[GNB][NGAP] Receive Downlink NAS Transport"
time="2026-08-11T21:23:30+08:00" level=info msg="[UE][NAS] Message with security header"
time="2026-08-11T21:23:30+08:00" level=info msg="[UE][NAS] Message with integrity and ciphered"
time="2026-08-11T21:23:30+08:00" level=info msg="[UE][NAS] successful NAS CIPHERING"
time="2026-08-11T21:23:30+08:00" level=info msg="[UE][NAS] successful NAS MAC verification"
time="2026-08-11T21:23:30+08:00" level=info msg="[UE][NAS] Receive Configuration Update Command"
time="2026-08-11T21:23:30+08:00" level=info msg="[UE] Initiating Configuration Update Complete"
time="2026-08-11T21:23:30+08:00" level=info msg="[GNB][SCTP] Receive message in 0 stream\n"
time="2026-08-11T21:23:30+08:00" level=info msg="[GNB][SCTP] Receive message in 0 stream\n"
time="2026-08-11T21:23:30+08:00" level=info msg="[GNB][SCTP] Receive message in 0 stream\n"
time="2026-08-11T21:23:30+08:00" level=info msg="[GNB][SCTP] Receive message in 0 stream\n"
time="2026-08-11T21:23:30+08:00" level=info msg="[GNB][SCTP] Receive message in 0 stream\n"
time="2026-08-11T21:23:30+08:00" level=info msg="[GNB][SCTP] Receive message in 0 stream\n"
time="2026-08-11T21:23:30+08:00" level=info msg="[GNB][NGAP] Receive Downlink NAS Transport"
time="2026-08-11T21:23:30+08:00" level=info msg="[UE][NAS] Message with security header"
time="2026-08-11T21:23:30+08:00" level=info msg="[UE][NAS] Message with integrity and ciphered"
time="2026-08-11T21:23:30+08:00" level=info msg="[UE][NAS] successful NAS CIPHERING"
time="2026-08-11T21:23:30+08:00" level=info msg="[UE][NAS] successful NAS MAC verification"
time="2026-08-11T21:23:30+08:00" level=info msg="[UE][NAS] Receive Configuration Update Command"
time="2026-08-11T21:23:30+08:00" level=info msg="[UE] Initiating Configuration Update Complete"
time="2026-08-11T21:23:30+08:00" level=info msg="[GNB][NGAP] Receive Downlink NAS Transport"
time="2026-08-11T21:23:30+08:00" level=info msg="[UE][NAS] Message with security header"
time="2026-08-11T21:23:30+08:00" level=info msg="[UE][NAS] Message with integrity and ciphered"
time="2026-08-11T21:23:30+08:00" level=info msg="[UE][NAS] successful NAS CIPHERING"
time="2026-08-11T21:23:30+08:00" level=info msg="[UE][NAS] successful NAS MAC verification"
time="2026-08-11T21:23:30+08:00" level=info msg="[UE][NAS] Receive Configuration Update Command"
time="2026-08-11T21:23:30+08:00" level=info msg="[UE] Initiating Configuration Update Complete"
time="2026-08-11T21:23:30+08:00" level=info msg="[GNB][NGAP] Receive Downlink NAS Transport"
time="2026-08-11T21:23:30+08:00" level=info msg="[UE][NAS] Message with security header"
time="2026-08-11T21:23:30+08:00" level=info msg="[UE][NAS] Message with integrity and ciphered"
time="2026-08-11T21:23:30+08:00" level=info msg="[UE][NAS] successful NAS CIPHERING"
time="2026-08-11T21:23:30+08:00" level=info msg="[UE][NAS] successful NAS MAC verification"
time="2026-08-11T21:23:30+08:00" level=info msg="[UE][NAS] Receive Configuration Update Command"
time="2026-08-11T21:23:30+08:00" level=info msg="[UE] Initiating Configuration Update Complete"
time="2026-08-11T21:23:30+08:00" level=info msg="[GNB][NGAP] Receive Downlink NAS Transport"
time="2026-08-11T21:23:30+08:00" level=info msg="[UE][NAS] Message with security header"
time="2026-08-11T21:23:30+08:00" level=info msg="[UE][NAS] Message with integrity and ciphered"
time="2026-08-11T21:23:30+08:00" level=info msg="[UE][NAS] successful NAS CIPHERING"
time="2026-08-11T21:23:30+08:00" level=info msg="[UE][NAS] successful NAS MAC verification"
time="2026-08-11T21:23:30+08:00" level=info msg="[UE][NAS] Receive Configuration Update Command"
time="2026-08-11T21:23:30+08:00" level=info msg="[UE] Initiating Configuration Update Complete"
time="2026-08-11T21:23:30+08:00" level=info msg="[GNB][NGAP] Receive Downlink NAS Transport"
time="2026-08-11T21:23:30+08:00" level=info msg="[UE][NAS] Message with security header"
time="2026-08-11T21:23:30+08:00" level=info msg="[UE][NAS] Message with integrity and ciphered"
time="2026-08-11T21:23:30+08:00" level=info msg="[UE][NAS] successful NAS CIPHERING"
time="2026-08-11T21:23:30+08:00" level=info msg="[UE][NAS] successful NAS MAC verification"
time="2026-08-11T21:23:30+08:00" level=info msg="[UE][NAS] Receive Configuration Update Command"
time="2026-08-11T21:23:30+08:00" level=info msg="[UE] Initiating Configuration Update Complete"
time="2026-08-11T21:23:30+08:00" level=info msg="[GNB][NGAP] Receive Downlink NAS Transport"
time="2026-08-11T21:23:30+08:00" level=info msg="[UE][NAS] Message with security header"
time="2026-08-11T21:23:30+08:00" level=info msg="[UE][NAS] Message with integrity and ciphered"
time="2026-08-11T21:23:30+08:00" level=info msg="[UE][NAS] successful NAS CIPHERING"
time="2026-08-11T21:23:30+08:00" level=info msg="[UE][NAS] successful NAS MAC verification"
time="2026-08-11T21:23:30+08:00" level=info msg="[UE][NAS] Receive Configuration Update Command"
time="2026-08-11T21:23:30+08:00" level=info msg="[UE] Initiating Configuration Update Complete"
time="2026-08-11T21:23:30+08:00" level=info msg="[GNB][SCTP] Receive message in 0 stream\n"
time="2026-08-11T21:23:30+08:00" level=info msg="[GNB][NGAP] Receive Downlink NAS Transport"
time="2026-08-11T21:23:30+08:00" level=info msg="[UE][NAS] Message with security header"
time="2026-08-11T21:23:30+08:00" level=info msg="[UE][NAS] Message with integrity and ciphered"
time="2026-08-11T21:23:30+08:00" level=info msg="[UE][NAS] successful NAS CIPHERING"
time="2026-08-11T21:23:30+08:00" level=info msg="[UE][NAS] successful NAS MAC verification"
time="2026-08-11T21:23:30+08:00" level=info msg="[UE][NAS] Receive Configuration Update Command"
time="2026-08-11T21:23:30+08:00" level=info msg="[UE] Initiating Configuration Update Complete"
