timestamp,pod,cpu,memory
2026-08-11T19:09:06+08:00,dbpython-free5gc-dbpython-dbpython-7fb488c7fc-8vt7q,32m,1Mi
2026-08-11T19:09:06+08:00,free5gc-free5gc-amf-amf-b475fd8cb-pf7kf,42m,21Mi
2026-08-11T19:09:06+08:00,free5gc-free5gc-ausf-ausf-b5f58bf87-5wdc2,42m,15Mi
2026-08-11T19:09:06+08:00,free5gc-free5gc-chf-chf-6f777c7ff8-8mxhq,43m,12Mi
2026-08-11T19:09:06+08:00,free5gc-free5gc-nef-nef-759f694c89-jh7pd,39m,7Mi
2026-08-11T19:09:06+08:00,free5gc-free5gc-nrf-nrf-5766464855-bm2nv,2m,10Mi
2026-08-11T19:09:06+08:00,free5gc-free5gc-nssf-nssf-7f7767dd45-tvbcj,44m,7Mi
2026-08-11T19:09:06+08:00,free5gc-free5gc-pcf-pcf-769b57775d-crzp7,45m,10Mi
2026-08-11T19:09:06+08:00,free5gc-free5gc-smf-smf-7d94c978bf-bzj5s,44m,10Mi
2026-08-11T19:09:06+08:00,free5gc-free5gc-udm-udm-7fbb989b5c-96rtv,42m,13Mi
2026-08-11T19:09:06+08:00,free5gc-free5gc-udr-udr-788647bbb4-jbz5f,45m,10Mi
2026-08-11T19:09:06+08:00,free5gc-free5gc-webui-webui-6785478d49-lwtrb,2m,12Mi
2026-08-11T19:09:06+08:00,mongodb-0,360m,93Mi
2026-08-11T19:09:06+08:00,open5glos-586975cc59-ck6jz,1m,7Mi
2026-08-11T19:09:08+08:00,dbpython-free5gc-dbpython-dbpython-7fb488c7fc-8vt7q,32m,1Mi
2026-08-11T19:09:08+08:00,free5gc-free5gc-amf-amf-b475fd8cb-pf7kf,42m,21Mi
2026-08-11T19:09:08+08:00,free5gc-free5gc-ausf-ausf-b5f58bf87-5wdc2,42m,15Mi
2026-08-11T19:09:08+08:00,free5gc-free5gc-chf-chf-6f777c7ff8-8mxhq,43m,12Mi
2026-08-11T19:09:08+08:00,free5gc-free5gc-nef-nef-759f694c89-jh7pd,39m,7Mi
2026-08-11T19:09:08+08:00,free5gc-free5gc-nrf-nrf-5766464855-bm2nv,2m,10Mi
2026-08-11T19:09:08+08:00,free5gc-free5gc-nssf-nssf-7f7767dd45-tvbcj,44m,7Mi
2026-08-11T19:09:08+08:00,free5gc-free5gc-pcf-pcf-769b57775d-crzp7,45m,10Mi
2026-08-11T19:09:08+08:00,free5gc-free5gc-smf-smf-7d94c978bf-bzj5s,44m,10Mi
2026-08-11T19:09:08+08:00,free5gc-free5gc-udm-udm-7fbb989b5c-96rtv,42m,13Mi
2026-08-11T19:09:08+08:00,free5gc-free5gc-udr-udr-788647bbb4-jbz5f,45m,10Mi
2026-08-11T19:09:08+08:00,free5gc-free5gc-webui-webui-6785478d49-lwtrb,2m,12Mi
2026-08-11T19:09:08+08:00,mongodb-0,360m,93Mi
2026-08-11T19:09:08+08:00,open5glos-586975cc59-ck6jz,1m,7Mi
2026-08-11T19:09:11+08:00,dbpython-free5gc-dbpython-dbpython-7fb488c7fc-8vt7q,32m,1Mi
2026-08-11T19:09:11+08:00,free5gc-free5gc-amf-amf-b475fd8cb-pf7kf,42m,21Mi
2026-08-11T19:09:11+08:00,free5gc-free5gc-ausf-ausf-b5f58bf87-5wdc2,42m,15Mi
2026-08-11T19:09:11+08:00,free5gc-free5gc-chf-chf-6f777c7ff8-8mxhq,43m,12Mi
2026-08-11T19:09:11+08:00,free5gc-free5gc-nef-nef-759f694c89-jh7pd,39m,7Mi
2026-08-11T19:09:11+08:00,free5gc-free5gc-nrf-nrf-5766464855-bm2nv,2m,10Mi
2026-08-11T19:09:11+08:00,free5gc-free5gc-nssf-nssf-7f7767dd45-tvbcj,44m,7Mi
2026-08-11T19:09:11+08:00,free5gc-free5gc-pcf-pcf-769b57775d-crzp7,45m,10Mi
2026-08-11T19:09:11+08:00,free5gc-free5gc-smf-smf-7d94c978bf-bzj5s,44m,10Mi
2026-08-11T19:09:11+08:00,free5gc-free5gc-udm-udm-7fbb989b5c-96rtv,42m,13Mi
2026-08-11T19:09:11+08:00,free5gc-free5gc-udr-udr-788647bbb4-jbz5f,45m,10Mi
2026-08-11T19:09:11+08:00,free5gc-free5gc-webui-webui-6785478d49-lwtrb,2m,12Mi
2026-08-11T19:09:11+08:00,mongodb-0,360m,93Mi
2026-08-11T19:09:11+08:00,open5glos-586975cc59-ck6jz,1m,7Mi
2026-08-11T19:09:13+08:00,dbpython-free5gc-dbpython-dbpython-7fb488c7fc-8vt7q,32m,1Mi
2026-08-11T19:09:13+08:00,free5gc-free5gc-amf-amf-b475fd8cb-pf7kf,42m,21Mi
2026-08-11T19:09:13+08:00,free5gc-free5gc-ausf-ausf-b5f58bf87-5wdc2,42m,15Mi
2026-08-11T19:09:13+08:00,free5gc-free5gc-chf-chf-6f777c7ff8-8mxhq,43m,12Mi
2026-08-11T19:09:13+08:00,free5gc-free5gc-nef-nef-759f694c89-jh7pd,39m,7Mi
2026-08-11T19:09:13+08:00,free5gc-free5gc-nrf-nrf-5766464855-bm2nv,2m,10Mi
2026-08-11T19:09:13+08:00,free5gc-free5gc-nssf-nssf-7f7767dd45-tvbcj,44m,7Mi
2026-08-11T19:09:13+08:00,free5gc-free5gc-pcf-pcf-769b57775d-crzp7,45m,10Mi
2026-08-11T19:09:13+08:00,free5gc-free5gc-smf-smf-7d94c978bf-bzj5s,44m,10Mi
2026-08-11T19:09:13+08:00,free5gc-free5gc-udm-udm-7fbb989b5c-96rtv,42m,13Mi
2026-08-11T19:09:13+08:00,free5gc-free5gc-udr-udr-788647bbb4-jbz5f,45m,10Mi
2026-08-11T19:09:13+08:00,free5gc-free5gc-webui-webui-6785478d49-lwtrb,2m,12Mi
2026-08-11T19:09:13+08:00,mongodb-0,360m,93Mi
2026-08-11T19:09:13+08:00,open5glos-586975cc59-ck6jz,1m,7Mi
2026-08-11T19:09:15+08:00,dbpython-free5gc-dbpython-dbpython-7fb488c7fc-8vt7q,32m,1Mi
2026-08-11T19:09:15+08:00,free5gc-free5gc-amf-amf-b475fd8cb-pf7kf,42m,21Mi
2026-08-11T19:09:15+08:00,free5gc-free5gc-ausf-ausf-b5f58bf87-5wdc2,42m,15Mi
2026-08-11T19:09:15+08:00,free5gc-free5gc-chf-chf-6f777c7ff8-8mxhq,43m,12Mi
2026-08-11T19:09:15+08:00,free5gc-free5gc-nef-nef-759f694c89-jh7pd,39m,7Mi
2026-08-11T19:09:15+08:00,free5gc-free5gc-nrf-nrf-5766464855-bm2nv,2m,10Mi
2026-08-11T19:09:15+08:00,free5gc-free5gc-nssf-nssf-7f7767dd45-tvbcj,44m,7Mi
2026-08-11T19:09:15+08:00,free5gc-free5gc-pcf-pcf-769b57775d-crzp7,45m,10Mi
2026-08-11T19:09:15+08:00,free5gc-free5gc-smf-smf-7d94c978bf-bzj5s,44m,10Mi
2026-08-11T19:09:15+08:00,free5gc-free5gc-udm-udm-7fbb989b5c-96rtv,42m,13Mi
2026-08-11T19:09:15+08:00,free5gc-free5gc-udr-udr-788647bbb4-jbz5f,45m,10Mi
2026-08-11T19:09:15+08:00,free5gc-free5gc-webui-webui-6785478d49-lwtrb,2m,12Mi
2026-08-11T19:09:15+08:00,mongodb-0,360m,93Mi
2026-08-11T19:09:15+08:00,open5glos-586975cc59-ck6jz,1m,7Mi
2026-08-11T19:09:17+08:00,dbpython-free5gc-dbpython-dbpython-7fb488c7fc-8vt7q,32m,1Mi
2026-08-11T19:09:17+08:00,free5gc-free5gc-amf-amf-b475fd8cb-pf7kf,42m,21Mi
2026-08-11T19:09:17+08:00,free5gc-free5gc-ausf-ausf-b5f58bf87-5wdc2,42m,15Mi
2026-08-11T19:09:17+08:00,free5gc-free5gc-chf-chf-6f777c7ff8-8mxhq,43m,12Mi
2026-08-11T19:09:17+08:00,free5gc-free5gc-nef-nef-759f694c89-jh7pd,39m,7Mi
2026-08-11T19:09:17+08:00,free5gc-free5gc-nrf-nrf-5766464855-bm2nv,2m,10Mi
2026-08-11T19:09:17+08:00,free5gc-free5gc-nssf-nssf-7f7767dd45-tvbcj,44m,7Mi
2026-08-11T19:09:17+08:00,free5gc-free5gc-pcf-pcf-769b57775d-crzp7,45m,10Mi
2026-08-11T19:09:17+08:00,free5gc-free5gc-smf-smf-7d94c978bf-bzj5s,44m,10Mi
2026-08-11T19:09:17+08:00,free5gc-free5gc-udm-udm-7fbb989b5c-96rtv,42m,13Mi
2026-08-11T19:09:17+08:00,free5gc-free5gc-udr-udr-788647bbb4-jbz5f,45m,10Mi
2026-08-11T19:09:17+08:00,free5gc-free5gc-webui-webui-6785478d49-lwtrb,2m,12Mi
2026-08-11T19:09:17+08:00,mongodb-0,360m,93Mi
2026-08-11T19:09:17+08:00,open5glos-586975cc59-ck6jz,1m,7Mi
2026-08-11T19:09:19+08:00,dbpython-free5gc-dbpython-dbpython-7fb488c7fc-8vt7q,30m,0Mi
2026-08-11T19:09:19+08:00,free5gc-free5gc-amf-amf-b475fd8cb-pf7kf,54m,21Mi
2026-08-11T19:09:19+08:00,free5gc-free5gc-ausf-ausf-b5f58bf87-5wdc2,45m,15Mi
2026-08-11T19:09:19+08:00,free5gc-free5gc-chf-chf-6f777c7ff8-8mxhq,44m,13Mi
2026-08-11T19:09:19+08:00,free5gc-free5gc-nef-nef-759f694c89-jh7pd,43m,10Mi
2026-08-11T19:09:19+08:00,free5gc-free5gc-nrf-nrf-5766464855-bm2nv,35m,12Mi
2026-08-11T19:09:19+08:00,free5gc-free5gc-nssf-nssf-7f7767dd45-tvbcj,37m,7Mi
2026-08-11T19:09:19+08:00,free5gc-free5gc-pcf-pcf-769b57775d-crzp7,46m,10Mi
2026-08-11T19:09:19+08:00,free5gc-free5gc-smf-smf-7d94c978bf-bzj5s,42m,10Mi
2026-08-11T19:09:19+08:00,free5gc-free5gc-udm-udm-7fbb989b5c-96rtv,68m,14Mi
2026-08-11T19:09:19+08:00,free5gc-free5gc-udr-udr-788647bbb4-jbz5f,42m,10Mi
2026-08-11T19:09:19+08:00,free5gc-free5gc-webui-webui-6785478d49-lwtrb,2m,12Mi
2026-08-11T19:09:19+08:00,mongodb-0,159m,93Mi
2026-08-11T19:09:19+08:00,open5glos-586975cc59-ck6jz,1m,7Mi
2026-08-11T19:09:19+08:00,open5glos-7bb755b95f-bstb4,11m,5Mi
2026-08-11T19:09:22+08:00,dbpython-free5gc-dbpython-dbpython-7fb488c7fc-8vt7q,30m,0Mi
2026-08-11T19:09:22+08:00,free5gc-free5gc-amf-amf-b475fd8cb-pf7kf,54m,21Mi
2026-08-11T19:09:22+08:00,free5gc-free5gc-ausf-ausf-b5f58bf87-5wdc2,45m,15Mi
2026-08-11T19:09:22+08:00,free5gc-free5gc-chf-chf-6f777c7ff8-8mxhq,44m,13Mi
2026-08-11T19:09:22+08:00,free5gc-free5gc-nef-nef-759f694c89-jh7pd,43m,10Mi
2026-08-11T19:09:22+08:00,free5gc-free5gc-nrf-nrf-5766464855-bm2nv,35m,12Mi
2026-08-11T19:09:22+08:00,free5gc-free5gc-nssf-nssf-7f7767dd45-tvbcj,37m,7Mi
2026-08-11T19:09:22+08:00,free5gc-free5gc-pcf-pcf-769b57775d-crzp7,46m,10Mi
2026-08-11T19:09:22+08:00,free5gc-free5gc-smf-smf-7d94c978bf-bzj5s,42m,10Mi
2026-08-11T19:09:22+08:00,free5gc-free5gc-udm-udm-7fbb989b5c-96rtv,68m,14Mi
2026-08-11T19:09:22+08:00,free5gc-free5gc-udr-udr-788647bbb4-jbz5f,42m,10Mi
2026-08-11T19:09:22+08:00,free5gc-free5gc-webui-webui-6785478d49-lwtrb,2m,12Mi
2026-08-11T19:09:22+08:00,mongodb-0,159m,93Mi
2026-08-11T19:09:22+08:00,open5glos-586975cc59-ck6jz,1m,7Mi
2026-08-11T19:09:22+08:00,open5glos-7bb755b95f-bstb4,11m,5Mi
2026-08-11T19:09:24+08:00,dbpython-free5gc-dbpython-dbpython-7fb488c7fc-8vt7q,30m,0Mi
2026-08-11T19:09:24+08:00,free5gc-free5gc-amf-amf-b475fd8cb-pf7kf,54m,21Mi
2026-08-11T19:09:24+08:00,free5gc-free5gc-ausf-ausf-b5f58bf87-5wdc2,45m,15Mi
2026-08-11T19:09:24+08:00,free5gc-free5gc-chf-chf-6f777c7ff8-8mxhq,44m,13Mi
2026-08-11T19:09:24+08:00,free5gc-free5gc-nef-nef-759f694c89-jh7pd,43m,10Mi
2026-08-11T19:09:24+08:00,free5gc-free5gc-nrf-nrf-5766464855-bm2nv,35m,12Mi
2026-08-11T19:09:24+08:00,free5gc-free5gc-nssf-nssf-7f7767dd45-tvbcj,37m,7Mi
2026-08-11T19:09:24+08:00,free5gc-free5gc-pcf-pcf-769b57775d-crzp7,46m,10Mi
2026-08-11T19:09:24+08:00,free5gc-free5gc-smf-smf-7d94c978bf-bzj5s,42m,10Mi
2026-08-11T19:09:24+08:00,free5gc-free5gc-udm-udm-7fbb989b5c-96rtv,68m,14Mi
2026-08-11T19:09:24+08:00,free5gc-free5gc-udr-udr-788647bbb4-jbz5f,42m,10Mi
2026-08-11T19:09:24+08:00,free5gc-free5gc-webui-webui-6785478d49-lwtrb,2m,12Mi
2026-08-11T19:09:24+08:00,mongodb-0,159m,93Mi
2026-08-11T19:09:24+08:00,open5glos-586975cc59-ck6jz,1m,7Mi
2026-08-11T19:09:24+08:00,open5glos-7bb755b95f-bstb4,11m,5Mi
2026-08-11T19:09:26+08:00,dbpython-free5gc-dbpython-dbpython-7fb488c7fc-8vt7q,30m,0Mi
2026-08-11T19:09:26+08:00,free5gc-free5gc-amf-amf-b475fd8cb-pf7kf,54m,21Mi
2026-08-11T19:09:26+08:00,free5gc-free5gc-ausf-ausf-b5f58bf87-5wdc2,45m,15Mi
2026-08-11T19:09:26+08:00,free5gc-free5gc-chf-chf-6f777c7ff8-8mxhq,44m,13Mi
2026-08-11T19:09:26+08:00,free5gc-free5gc-nef-nef-759f694c89-jh7pd,43m,10Mi
2026-08-11T19:09:26+08:00,free5gc-free5gc-nrf-nrf-5766464855-bm2nv,35m,12Mi
2026-08-11T19:09:26+08:00,free5gc-free5gc-nssf-nssf-7f7767dd45-tvbcj,37m,7Mi
2026-08-11T19:09:26+08:00,free5gc-free5gc-pcf-pcf-769b57775d-crzp7,46m,10Mi
2026-08-11T19:09:26+08:00,free5gc-free5gc-smf-smf-7d94c978bf-bzj5s,42m,10Mi
2026-08-11T19:09:26+08:00,free5gc-free5gc-udm-udm-7fbb989b5c-96rtv,68m,14Mi
2026-08-11T19:09:26+08:00,free5gc-free5gc-udr-udr-788647bbb4-jbz5f,42m,10Mi
2026-08-11T19:09:26+08:00,free5gc-free5gc-webui-webui-6785478d49-lwtrb,2m,12Mi
2026-08-11T19:09:26+08:00,mongodb-0,159m,93Mi
2026-08-11T19:09:26+08:00,open5glos-7bb755b95f-bstb4,11m,5Mi
2026-08-11T19:09:28+08:00,dbpython-free5gc-dbpython-dbpython-7fb488c7fc-8vt7q,30m,0Mi
2026-08-11T19:09:28+08:00,free5gc-free5gc-amf-amf-b475fd8cb-pf7kf,54m,21Mi
2026-08-11T19:09:28+08:00,free5gc-free5gc-ausf-ausf-b5f58bf87-5wdc2,45m,15Mi
2026-08-11T19:09:28+08:00,free5gc-free5gc-chf-chf-6f777c7ff8-8mxhq,44m,13Mi
2026-08-11T19:09:28+08:00,free5gc-free5gc-nef-nef-759f694c89-jh7pd,43m,10Mi
2026-08-11T19:09:28+08:00,free5gc-free5gc-nrf-nrf-5766464855-bm2nv,35m,12Mi
2026-08-11T19:09:28+08:00,free5gc-free5gc-nssf-nssf-7f7767dd45-tvbcj,37m,7Mi
2026-08-11T19:09:28+08:00,free5gc-free5gc-pcf-pcf-769b57775d-crzp7,46m,10Mi
2026-08-11T19:09:28+08:00,free5gc-free5gc-smf-smf-7d94c978bf-bzj5s,42m,10Mi
2026-08-11T19:09:28+08:00,free5gc-free5gc-udm-udm-7fbb989b5c-96rtv,68m,14Mi
2026-08-11T19:09:28+08:00,free5gc-free5gc-udr-udr-788647bbb4-jbz5f,42m,10Mi
2026-08-11T19:09:28+08:00,free5gc-free5gc-webui-webui-6785478d49-lwtrb,2m,12Mi
2026-08-11T19:09:28+08:00,mongodb-0,159m,93Mi
2026-08-11T19:09:28+08:00,open5glos-7bb755b95f-bstb4,11m,5Mi
2026-08-11T19:09:30+08:00,dbpython-free5gc-dbpython-dbpython-7fb488c7fc-8vt7q,30m,0Mi
2026-08-11T19:09:30+08:00,free5gc-free5gc-amf-amf-b475fd8cb-pf7kf,54m,21Mi
2026-08-11T19:09:30+08:00,free5gc-free5gc-ausf-ausf-b5f58bf87-5wdc2,45m,15Mi
2026-08-11T19:09:30+08:00,free5gc-free5gc-chf-chf-6f777c7ff8-8mxhq,44m,13Mi
2026-08-11T19:09:30+08:00,free5gc-free5gc-nef-nef-759f694c89-jh7pd,43m,10Mi
2026-08-11T19:09:30+08:00,free5gc-free5gc-nrf-nrf-5766464855-bm2nv,35m,12Mi
2026-08-11T19:09:30+08:00,free5gc-free5gc-nssf-nssf-7f7767dd45-tvbcj,37m,7Mi
2026-08-11T19:09:30+08:00,free5gc-free5gc-pcf-pcf-769b57775d-crzp7,46m,10Mi
2026-08-11T19:09:30+08:00,free5gc-free5gc-smf-smf-7d94c978bf-bzj5s,42m,10Mi
2026-08-11T19:09:30+08:00,free5gc-free5gc-udm-udm-7fbb989b5c-96rtv,68m,14Mi
2026-08-11T19:09:30+08:00,free5gc-free5gc-udr-udr-788647bbb4-jbz5f,42m,10Mi
2026-08-11T19:09:30+08:00,free5gc-free5gc-webui-webui-6785478d49-lwtrb,2m,12Mi
2026-08-11T19:09:30+08:00,mongodb-0,159m,93Mi
2026-08-11T19:09:30+08:00,open5glos-7bb755b95f-bstb4,11m,5Mi
2026-08-11T19:09:32+08:00,dbpython-free5gc-dbpython-dbpython-7fb488c7fc-8vt7q,31m,0Mi
2026-08-11T19:09:32+08:00,free5gc-free5gc-amf-amf-b475fd8cb-pf7kf,208m,54Mi
2026-08-11T19:09:32+08:00,free5gc-free5gc-ausf-ausf-b5f58bf87-5wdc2,112m,21Mi
2026-08-11T19:09:32+08:00,free5gc-free5gc-chf-chf-6f777c7ff8-8mxhq,39m,12Mi
2026-08-11T19:09:32+08:00,free5gc-free5gc-nef-nef-759f694c89-jh7pd,41m,7Mi
2026-08-11T19:09:32+08:00,free5gc-free5gc-nrf-nrf-5766464855-bm2nv,122m,13Mi
2026-08-11T19:09:32+08:00,free5gc-free5gc-nssf-nssf-7f7767dd45-tvbcj,43m,7Mi
2026-08-11T19:09:32+08:00,free5gc-free5gc-pcf-pcf-769b57775d-crzp7,99m,13Mi
2026-08-11T19:09:32+08:00,free5gc-free5gc-smf-smf-7d94c978bf-bzj5s,45m,10Mi
2026-08-11T19:09:32+08:00,free5gc-free5gc-udm-udm-7fbb989b5c-96rtv,184m,17Mi
2026-08-11T19:09:32+08:00,free5gc-free5gc-udr-udr-788647bbb4-jbz5f,142m,13Mi
2026-08-11T19:09:32+08:00,free5gc-free5gc-webui-webui-6785478d49-lwtrb,2m,12Mi
2026-08-11T19:09:32+08:00,mongodb-0,291m,94Mi
2026-08-11T19:09:32+08:00,open5glos-7bb755b95f-bstb4,36m,8Mi
2026-08-11T19:09:35+08:00,dbpython-free5gc-dbpython-dbpython-7fb488c7fc-8vt7q,31m,0Mi
2026-08-11T19:09:35+08:00,free5gc-free5gc-amf-amf-b475fd8cb-pf7kf,208m,54Mi
2026-08-11T19:09:35+08:00,free5gc-free5gc-ausf-ausf-b5f58bf87-5wdc2,112m,21Mi
2026-08-11T19:09:35+08:00,free5gc-free5gc-chf-chf-6f777c7ff8-8mxhq,39m,12Mi
2026-08-11T19:09:35+08:00,free5gc-free5gc-nef-nef-759f694c89-jh7pd,41m,7Mi
2026-08-11T19:09:35+08:00,free5gc-free5gc-nrf-nrf-5766464855-bm2nv,122m,13Mi
2026-08-11T19:09:35+08:00,free5gc-free5gc-nssf-nssf-7f7767dd45-tvbcj,43m,7Mi
2026-08-11T19:09:35+08:00,free5gc-free5gc-pcf-pcf-769b57775d-crzp7,99m,13Mi
2026-08-11T19:09:35+08:00,free5gc-free5gc-smf-smf-7d94c978bf-bzj5s,45m,10Mi
2026-08-11T19:09:35+08:00,free5gc-free5gc-udm-udm-7fbb989b5c-96rtv,184m,17Mi
2026-08-11T19:09:35+08:00,free5gc-free5gc-udr-udr-788647bbb4-jbz5f,142m,13Mi
2026-08-11T19:09:35+08:00,free5gc-free5gc-webui-webui-6785478d49-lwtrb,2m,12Mi
2026-08-11T19:09:35+08:00,mongodb-0,291m,94Mi
2026-08-11T19:09:35+08:00,open5glos-7bb755b95f-bstb4,36m,8Mi
2026-08-11T19:09:37+08:00,dbpython-free5gc-dbpython-dbpython-7fb488c7fc-8vt7q,31m,0Mi
2026-08-11T19:09:37+08:00,free5gc-free5gc-amf-amf-b475fd8cb-pf7kf,208m,54Mi
2026-08-11T19:09:37+08:00,free5gc-free5gc-ausf-ausf-b5f58bf87-5wdc2,112m,21Mi
2026-08-11T19:09:37+08:00,free5gc-free5gc-chf-chf-6f777c7ff8-8mxhq,39m,12Mi
2026-08-11T19:09:37+08:00,free5gc-free5gc-nef-nef-759f694c89-jh7pd,41m,7Mi
2026-08-11T19:09:37+08:00,free5gc-free5gc-nrf-nrf-5766464855-bm2nv,122m,13Mi
2026-08-11T19:09:37+08:00,free5gc-free5gc-nssf-nssf-7f7767dd45-tvbcj,43m,7Mi
2026-08-11T19:09:37+08:00,free5gc-free5gc-pcf-pcf-769b57775d-crzp7,99m,13Mi
2026-08-11T19:09:37+08:00,free5gc-free5gc-smf-smf-7d94c978bf-bzj5s,45m,10Mi
2026-08-11T19:09:37+08:00,free5gc-free5gc-udm-udm-7fbb989b5c-96rtv,184m,17Mi
2026-08-11T19:09:37+08:00,free5gc-free5gc-udr-udr-788647bbb4-jbz5f,142m,13Mi
2026-08-11T19:09:37+08:00,free5gc-free5gc-webui-webui-6785478d49-lwtrb,2m,12Mi
2026-08-11T19:09:37+08:00,mongodb-0,291m,94Mi
2026-08-11T19:09:37+08:00,open5glos-7bb755b95f-bstb4,36m,8Mi
2026-08-11T19:09:39+08:00,dbpython-free5gc-dbpython-dbpython-7fb488c7fc-8vt7q,31m,0Mi
2026-08-11T19:09:39+08:00,free5gc-free5gc-amf-amf-b475fd8cb-pf7kf,208m,54Mi
2026-08-11T19:09:39+08:00,free5gc-free5gc-ausf-ausf-b5f58bf87-5wdc2,112m,21Mi
2026-08-11T19:09:39+08:00,free5gc-free5gc-chf-chf-6f777c7ff8-8mxhq,39m,12Mi
2026-08-11T19:09:39+08:00,free5gc-free5gc-nef-nef-759f694c89-jh7pd,41m,7Mi
2026-08-11T19:09:39+08:00,free5gc-free5gc-nrf-nrf-5766464855-bm2nv,122m,13Mi
2026-08-11T19:09:39+08:00,free5gc-free5gc-nssf-nssf-7f7767dd45-tvbcj,43m,7Mi
2026-08-11T19:09:39+08:00,free5gc-free5gc-pcf-pcf-769b57775d-crzp7,99m,13Mi
2026-08-11T19:09:39+08:00,free5gc-free5gc-smf-smf-7d94c978bf-bzj5s,45m,10Mi
2026-08-11T19:09:39+08:00,free5gc-free5gc-udm-udm-7fbb989b5c-96rtv,184m,17Mi
2026-08-11T19:09:39+08:00,free5gc-free5gc-udr-udr-788647bbb4-jbz5f,142m,13Mi
2026-08-11T19:09:39+08:00,free5gc-free5gc-webui-webui-6785478d49-lwtrb,2m,12Mi
2026-08-11T19:09:39+08:00,mongodb-0,291m,94Mi
2026-08-11T19:09:39+08:00,open5glos-7bb755b95f-bstb4,36m,8Mi
2026-08-11T19:09:41+08:00,dbpython-free5gc-dbpython-dbpython-7fb488c7fc-8vt7q,31m,0Mi
2026-08-11T19:09:41+08:00,free5gc-free5gc-amf-amf-b475fd8cb-pf7kf,208m,54Mi
2026-08-11T19:09:41+08:00,free5gc-free5gc-ausf-ausf-b5f58bf87-5wdc2,112m,21Mi
2026-08-11T19:09:41+08:00,free5gc-free5gc-chf-chf-6f777c7ff8-8mxhq,39m,12Mi
2026-08-11T19:09:41+08:00,free5gc-free5gc-nef-nef-759f694c89-jh7pd,41m,7Mi
2026-08-11T19:09:41+08:00,free5gc-free5gc-nrf-nrf-5766464855-bm2nv,122m,13Mi
2026-08-11T19:09:41+08:00,free5gc-free5gc-nssf-nssf-7f7767dd45-tvbcj,43m,7Mi
2026-08-11T19:09:41+08:00,free5gc-free5gc-pcf-pcf-769b57775d-crzp7,99m,13Mi
2026-08-11T19:09:41+08:00,free5gc-free5gc-smf-smf-7d94c978bf-bzj5s,45m,10Mi
2026-08-11T19:09:41+08:00,free5gc-free5gc-udm-udm-7fbb989b5c-96rtv,184m,17Mi
2026-08-11T19:09:41+08:00,free5gc-free5gc-udr-udr-788647bbb4-jbz5f,142m,13Mi
2026-08-11T19:09:41+08:00,free5gc-free5gc-webui-webui-6785478d49-lwtrb,2m,12Mi
2026-08-11T19:09:41+08:00,mongodb-0,291m,94Mi
2026-08-11T19:09:41+08:00,open5glos-7bb755b95f-bstb4,36m,8Mi
2026-08-11T19:09:43+08:00,dbpython-free5gc-dbpython-dbpython-7fb488c7fc-8vt7q,31m,0Mi
2026-08-11T19:09:43+08:00,free5gc-free5gc-amf-amf-b475fd8cb-pf7kf,208m,54Mi
2026-08-11T19:09:43+08:00,free5gc-free5gc-ausf-ausf-b5f58bf87-5wdc2,112m,21Mi
2026-08-11T19:09:43+08:00,free5gc-free5gc-chf-chf-6f777c7ff8-8mxhq,39m,12Mi
2026-08-11T19:09:43+08:00,free5gc-free5gc-nef-nef-759f694c89-jh7pd,41m,7Mi
2026-08-11T19:09:43+08:00,free5gc-free5gc-nrf-nrf-5766464855-bm2nv,122m,13Mi
2026-08-11T19:09:43+08:00,free5gc-free5gc-nssf-nssf-7f7767dd45-tvbcj,43m,7Mi
2026-08-11T19:09:43+08:00,free5gc-free5gc-pcf-pcf-769b57775d-crzp7,99m,13Mi
2026-08-11T19:09:43+08:00,free5gc-free5gc-smf-smf-7d94c978bf-bzj5s,45m,10Mi
2026-08-11T19:09:43+08:00,free5gc-free5gc-udm-udm-7fbb989b5c-96rtv,184m,17Mi
2026-08-11T19:09:43+08:00,free5gc-free5gc-udr-udr-788647bbb4-jbz5f,142m,13Mi
2026-08-11T19:09:43+08:00,free5gc-free5gc-webui-webui-6785478d49-lwtrb,2m,12Mi
2026-08-11T19:09:43+08:00,mongodb-0,291m,94Mi
2026-08-11T19:09:43+08:00,open5glos-7bb755b95f-bstb4,36m,8Mi
2026-08-11T19:09:45+08:00,dbpython-free5gc-dbpython-dbpython-7fb488c7fc-8vt7q,31m,0Mi
2026-08-11T19:09:45+08:00,free5gc-free5gc-amf-amf-b475fd8cb-pf7kf,208m,54Mi
2026-08-11T19:09:45+08:00,free5gc-free5gc-ausf-ausf-b5f58bf87-5wdc2,112m,21Mi
2026-08-11T19:09:45+08:00,free5gc-free5gc-chf-chf-6f777c7ff8-8mxhq,39m,12Mi
2026-08-11T19:09:45+08:00,free5gc-free5gc-nef-nef-759f694c89-jh7pd,41m,7Mi
2026-08-11T19:09:45+08:00,free5gc-free5gc-nrf-nrf-5766464855-bm2nv,122m,13Mi
2026-08-11T19:09:45+08:00,free5gc-free5gc-nssf-nssf-7f7767dd45-tvbcj,43m,7Mi
2026-08-11T19:09:45+08:00,free5gc-free5gc-pcf-pcf-769b57775d-crzp7,99m,13Mi
2026-08-11T19:09:45+08:00,free5gc-free5gc-smf-smf-7d94c978bf-bzj5s,45m,10Mi
2026-08-11T19:09:45+08:00,free5gc-free5gc-udm-udm-7fbb989b5c-96rtv,184m,17Mi
2026-08-11T19:09:45+08:00,free5gc-free5gc-udr-udr-788647bbb4-jbz5f,142m,13Mi
2026-08-11T19:09:45+08:00,free5gc-free5gc-webui-webui-6785478d49-lwtrb,2m,12Mi
2026-08-11T19:09:45+08:00,mongodb-0,291m,94Mi
2026-08-11T19:09:45+08:00,open5glos-7bb755b95f-bstb4,36m,8Mi
2026-08-11T19:09:48+08:00,dbpython-free5gc-dbpython-dbpython-7fb488c7fc-8vt7q,29m,0Mi
2026-08-11T19:09:48+08:00,free5gc-free5gc-amf-amf-b475fd8cb-pf7kf,115m,69Mi
2026-08-11T19:09:48+08:00,free5gc-free5gc-ausf-ausf-b5f58bf87-5wdc2,49m,21Mi
2026-08-11T19:09:48+08:00,free5gc-free5gc-chf-chf-6f777c7ff8-8mxhq,45m,12Mi
2026-08-11T19:09:48+08:00,free5gc-free5gc-nef-nef-759f694c89-jh7pd,39m,7Mi
2026-08-11T19:09:48+08:00,free5gc-free5gc-nrf-nrf-5766464855-bm2nv,2m,12Mi
2026-08-11T19:09:48+08:00,free5gc-free5gc-nssf-nssf-7f7767dd45-tvbcj,44m,7Mi
2026-08-11T19:09:48+08:00,free5gc-free5gc-pcf-pcf-769b57775d-crzp7,57m,13Mi
2026-08-11T19:09:48+08:00,free5gc-free5gc-smf-smf-7d94c978bf-bzj5s,46m,10Mi
2026-08-11T19:09:48+08:00,free5gc-free5gc-udm-udm-7fbb989b5c-96rtv,60m,17Mi
2026-08-11T19:09:48+08:00,free5gc-free5gc-udr-udr-788647bbb4-jbz5f,74m,13Mi
2026-08-11T19:09:48+08:00,free5gc-free5gc-webui-webui-6785478d49-lwtrb,3m,12Mi
2026-08-11T19:09:48+08:00,mongodb-0,197m,234Mi
2026-08-11T19:09:48+08:00,open5glos-7bb755b95f-bstb4,3m,8Mi
2026-08-11T19:09:50+08:00,dbpython-free5gc-dbpython-dbpython-7fb488c7fc-8vt7q,29m,0Mi
2026-08-11T19:09:50+08:00,free5gc-free5gc-amf-amf-b475fd8cb-pf7kf,115m,69Mi
2026-08-11T19:09:50+08:00,free5gc-free5gc-ausf-ausf-b5f58bf87-5wdc2,49m,21Mi
2026-08-11T19:09:50+08:00,free5gc-free5gc-chf-chf-6f777c7ff8-8mxhq,45m,12Mi
2026-08-11T19:09:50+08:00,free5gc-free5gc-nef-nef-759f694c89-jh7pd,39m,7Mi
2026-08-11T19:09:50+08:00,free5gc-free5gc-nrf-nrf-5766464855-bm2nv,2m,12Mi
2026-08-11T19:09:50+08:00,free5gc-free5gc-nssf-nssf-7f7767dd45-tvbcj,44m,7Mi
2026-08-11T19:09:50+08:00,free5gc-free5gc-pcf-pcf-769b57775d-crzp7,57m,13Mi
2026-08-11T19:09:50+08:00,free5gc-free5gc-smf-smf-7d94c978bf-bzj5s,46m,10Mi
2026-08-11T19:09:50+08:00,free5gc-free5gc-udm-udm-7fbb989b5c-96rtv,60m,17Mi
2026-08-11T19:09:50+08:00,free5gc-free5gc-udr-udr-788647bbb4-jbz5f,74m,13Mi
2026-08-11T19:09:50+08:00,free5gc-free5gc-webui-webui-6785478d49-lwtrb,3m,12Mi
2026-08-11T19:09:50+08:00,mongodb-0,197m,234Mi
2026-08-11T19:09:50+08:00,open5glos-7bb755b95f-bstb4,3m,8Mi
2026-08-11T19:09:52+08:00,dbpython-free5gc-dbpython-dbpython-7fb488c7fc-8vt7q,29m,0Mi
2026-08-11T19:09:52+08:00,free5gc-free5gc-amf-amf-b475fd8cb-pf7kf,115m,69Mi
2026-08-11T19:09:52+08:00,free5gc-free5gc-ausf-ausf-b5f58bf87-5wdc2,49m,21Mi
2026-08-11T19:09:52+08:00,free5gc-free5gc-chf-chf-6f777c7ff8-8mxhq,45m,12Mi
2026-08-11T19:09:52+08:00,free5gc-free5gc-nef-nef-759f694c89-jh7pd,39m,7Mi
2026-08-11T19:09:52+08:00,free5gc-free5gc-nrf-nrf-5766464855-bm2nv,2m,12Mi
2026-08-11T19:09:52+08:00,free5gc-free5gc-nssf-nssf-7f7767dd45-tvbcj,44m,7Mi
2026-08-11T19:09:52+08:00,free5gc-free5gc-pcf-pcf-769b57775d-crzp7,57m,13Mi
2026-08-11T19:09:52+08:00,free5gc-free5gc-smf-smf-7d94c978bf-bzj5s,46m,10Mi
2026-08-11T19:09:52+08:00,free5gc-free5gc-udm-udm-7fbb989b5c-96rtv,60m,17Mi
2026-08-11T19:09:52+08:00,free5gc-free5gc-udr-udr-788647bbb4-jbz5f,74m,13Mi
2026-08-11T19:09:52+08:00,free5gc-free5gc-webui-webui-6785478d49-lwtrb,3m,12Mi
2026-08-11T19:09:52+08:00,mongodb-0,197m,234Mi
2026-08-11T19:09:52+08:00,open5glos-7bb755b95f-bstb4,3m,8Mi
2026-08-11T19:09:54+08:00,dbpython-free5gc-dbpython-dbpython-7fb488c7fc-8vt7q,29m,0Mi
2026-08-11T19:09:54+08:00,free5gc-free5gc-amf-amf-b475fd8cb-pf7kf,115m,69Mi
2026-08-11T19:09:54+08:00,free5gc-free5gc-ausf-ausf-b5f58bf87-5wdc2,49m,21Mi
2026-08-11T19:09:54+08:00,free5gc-free5gc-chf-chf-6f777c7ff8-8mxhq,45m,12Mi
2026-08-11T19:09:54+08:00,free5gc-free5gc-nef-nef-759f694c89-jh7pd,39m,7Mi
2026-08-11T19:09:54+08:00,free5gc-free5gc-nrf-nrf-5766464855-bm2nv,2m,12Mi
2026-08-11T19:09:54+08:00,free5gc-free5gc-nssf-nssf-7f7767dd45-tvbcj,44m,7Mi
2026-08-11T19:09:54+08:00,free5gc-free5gc-pcf-pcf-769b57775d-crzp7,57m,13Mi
2026-08-11T19:09:54+08:00,free5gc-free5gc-smf-smf-7d94c978bf-bzj5s,46m,10Mi
2026-08-11T19:09:54+08:00,free5gc-free5gc-udm-udm-7fbb989b5c-96rtv,60m,17Mi
2026-08-11T19:09:54+08:00,free5gc-free5gc-udr-udr-788647bbb4-jbz5f,74m,13Mi
2026-08-11T19:09:54+08:00,free5gc-free5gc-webui-webui-6785478d49-lwtrb,3m,12Mi
2026-08-11T19:09:54+08:00,mongodb-0,197m,234Mi
2026-08-11T19:09:54+08:00,open5glos-7bb755b95f-bstb4,3m,8Mi
2026-08-11T19:09:56+08:00,dbpython-free5gc-dbpython-dbpython-7fb488c7fc-8vt7q,29m,0Mi
2026-08-11T19:09:56+08:00,free5gc-free5gc-amf-amf-b475fd8cb-pf7kf,115m,69Mi
2026-08-11T19:09:56+08:00,free5gc-free5gc-ausf-ausf-b5f58bf87-5wdc2,49m,21Mi
2026-08-11T19:09:56+08:00,free5gc-free5gc-chf-chf-6f777c7ff8-8mxhq,45m,12Mi
2026-08-11T19:09:56+08:00,free5gc-free5gc-nef-nef-759f694c89-jh7pd,39m,7Mi
2026-08-11T19:09:56+08:00,free5gc-free5gc-nrf-nrf-5766464855-bm2nv,2m,12Mi
2026-08-11T19:09:56+08:00,free5gc-free5gc-nssf-nssf-7f7767dd45-tvbcj,44m,7Mi
2026-08-11T19:09:56+08:00,free5gc-free5gc-pcf-pcf-769b57775d-crzp7,57m,13Mi
2026-08-11T19:09:56+08:00,free5gc-free5gc-smf-smf-7d94c978bf-bzj5s,46m,10Mi
2026-08-11T19:09:56+08:00,free5gc-free5gc-udm-udm-7fbb989b5c-96rtv,60m,17Mi
2026-08-11T19:09:56+08:00,free5gc-free5gc-udr-udr-788647bbb4-jbz5f,74m,13Mi
2026-08-11T19:09:56+08:00,free5gc-free5gc-webui-webui-6785478d49-lwtrb,3m,12Mi
2026-08-11T19:09:56+08:00,mongodb-0,197m,234Mi
2026-08-11T19:09:56+08:00,open5glos-7bb755b95f-bstb4,3m,8Mi
2026-08-11T19:09:58+08:00,dbpython-free5gc-dbpython-dbpython-7fb488c7fc-8vt7q,29m,0Mi
2026-08-11T19:09:58+08:00,free5gc-free5gc-amf-amf-b475fd8cb-pf7kf,115m,69Mi
2026-08-11T19:09:58+08:00,free5gc-free5gc-ausf-ausf-b5f58bf87-5wdc2,49m,21Mi
2026-08-11T19:09:58+08:00,free5gc-free5gc-chf-chf-6f777c7ff8-8mxhq,45m,12Mi
2026-08-11T19:09:58+08:00,free5gc-free5gc-nef-nef-759f694c89-jh7pd,39m,7Mi
2026-08-11T19:09:58+08:00,free5gc-free5gc-nrf-nrf-5766464855-bm2nv,2m,12Mi
2026-08-11T19:09:58+08:00,free5gc-free5gc-nssf-nssf-7f7767dd45-tvbcj,44m,7Mi
2026-08-11T19:09:58+08:00,free5gc-free5gc-pcf-pcf-769b57775d-crzp7,57m,13Mi
2026-08-11T19:09:58+08:00,free5gc-free5gc-smf-smf-7d94c978bf-bzj5s,46m,10Mi
2026-08-11T19:09:58+08:00,free5gc-free5gc-udm-udm-7fbb989b5c-96rtv,60m,17Mi
2026-08-11T19:09:58+08:00,free5gc-free5gc-udr-udr-788647bbb4-jbz5f,74m,13Mi
2026-08-11T19:09:58+08:00,free5gc-free5gc-webui-webui-6785478d49-lwtrb,3m,12Mi
2026-08-11T19:09:58+08:00,mongodb-0,197m,234Mi
2026-08-11T19:09:58+08:00,open5glos-7bb755b95f-bstb4,3m,8Mi
2026-08-11T19:10:01+08:00,dbpython-free5gc-dbpython-dbpython-7fb488c7fc-8vt7q,29m,0Mi
2026-08-11T19:10:01+08:00,free5gc-free5gc-amf-amf-b475fd8cb-pf7kf,115m,69Mi
2026-08-11T19:10:01+08:00,free5gc-free5gc-ausf-ausf-b5f58bf87-5wdc2,49m,21Mi
2026-08-11T19:10:01+08:00,free5gc-free5gc-chf-chf-6f777c7ff8-8mxhq,45m,12Mi
2026-08-11T19:10:01+08:00,free5gc-free5gc-nef-nef-759f694c89-jh7pd,39m,7Mi
2026-08-11T19:10:01+08:00,free5gc-free5gc-nrf-nrf-5766464855-bm2nv,2m,12Mi
2026-08-11T19:10:01+08:00,free5gc-free5gc-nssf-nssf-7f7767dd45-tvbcj,44m,7Mi
2026-08-11T19:10:01+08:00,free5gc-free5gc-pcf-pcf-769b57775d-crzp7,57m,13Mi
2026-08-11T19:10:01+08:00,free5gc-free5gc-smf-smf-7d94c978bf-bzj5s,46m,10Mi
2026-08-11T19:10:01+08:00,free5gc-free5gc-udm-udm-7fbb989b5c-96rtv,60m,17Mi
2026-08-11T19:10:01+08:00,free5gc-free5gc-udr-udr-788647bbb4-jbz5f,74m,13Mi
2026-08-11T19:10:01+08:00,free5gc-free5gc-webui-webui-6785478d49-lwtrb,3m,12Mi
2026-08-11T19:10:01+08:00,mongodb-0,197m,234Mi
2026-08-11T19:10:01+08:00,open5glos-7bb755b95f-bstb4,3m,8Mi
2026-08-11T19:10:03+08:00,dbpython-free5gc-dbpython-dbpython-7fb488c7fc-8vt7q,32m,3Mi
2026-08-11T19:10:03+08:00,free5gc-free5gc-amf-amf-b475fd8cb-pf7kf,51m,49Mi
2026-08-11T19:10:03+08:00,free5gc-free5gc-ausf-ausf-b5f58bf87-5wdc2,44m,23Mi
2026-08-11T19:10:03+08:00,free5gc-free5gc-chf-chf-6f777c7ff8-8mxhq,42m,12Mi
2026-08-11T19:10:03+08:00,free5gc-free5gc-nef-nef-759f694c89-jh7pd,42m,7Mi
2026-08-11T19:10:03+08:00,free5gc-free5gc-nrf-nrf-5766464855-bm2nv,2m,12Mi
2026-08-11T19:10:03+08:00,free5gc-free5gc-nssf-nssf-7f7767dd45-tvbcj,43m,7Mi
2026-08-11T19:10:03+08:00,free5gc-free5gc-pcf-pcf-769b57775d-crzp7,44m,13Mi
2026-08-11T19:10:03+08:00,free5gc-free5gc-smf-smf-7d94c978bf-bzj5s,44m,10Mi
2026-08-11T19:10:03+08:00,free5gc-free5gc-udm-udm-7fbb989b5c-96rtv,48m,17Mi
2026-08-11T19:10:03+08:00,free5gc-free5gc-udr-udr-788647bbb4-jbz5f,38m,13Mi
2026-08-11T19:10:03+08:00,free5gc-free5gc-webui-webui-6785478d49-lwtrb,3m,12Mi
2026-08-11T19:10:03+08:00,mongodb-0,143m,244Mi
2026-08-11T19:10:03+08:00,open5glos-7bb755b95f-bstb4,1m,8Mi
2026-08-11T19:10:05+08:00,dbpython-free5gc-dbpython-dbpython-7fb488c7fc-8vt7q,32m,3Mi
2026-08-11T19:10:05+08:00,free5gc-free5gc-amf-amf-b475fd8cb-pf7kf,51m,49Mi
2026-08-11T19:10:05+08:00,free5gc-free5gc-ausf-ausf-b5f58bf87-5wdc2,44m,23Mi
2026-08-11T19:10:05+08:00,free5gc-free5gc-chf-chf-6f777c7ff8-8mxhq,42m,12Mi
2026-08-11T19:10:05+08:00,free5gc-free5gc-nef-nef-759f694c89-jh7pd,42m,7Mi
2026-08-11T19:10:05+08:00,free5gc-free5gc-nrf-nrf-5766464855-bm2nv,2m,12Mi
2026-08-11T19:10:05+08:00,free5gc-free5gc-nssf-nssf-7f7767dd45-tvbcj,43m,7Mi
2026-08-11T19:10:05+08:00,free5gc-free5gc-pcf-pcf-769b57775d-crzp7,44m,13Mi
2026-08-11T19:10:05+08:00,free5gc-free5gc-smf-smf-7d94c978bf-bzj5s,44m,10Mi
2026-08-11T19:10:05+08:00,free5gc-free5gc-udm-udm-7fbb989b5c-96rtv,48m,17Mi
2026-08-11T19:10:05+08:00,free5gc-free5gc-udr-udr-788647bbb4-jbz5f,38m,13Mi
2026-08-11T19:10:05+08:00,free5gc-free5gc-webui-webui-6785478d49-lwtrb,3m,12Mi
2026-08-11T19:10:05+08:00,mongodb-0,143m,244Mi
2026-08-11T19:10:05+08:00,open5glos-7bb755b95f-bstb4,1m,8Mi
2026-08-11T19:10:07+08:00,dbpython-free5gc-dbpython-dbpython-7fb488c7fc-8vt7q,32m,3Mi
2026-08-11T19:10:07+08:00,free5gc-free5gc-amf-amf-b475fd8cb-pf7kf,51m,49Mi
2026-08-11T19:10:07+08:00,free5gc-free5gc-ausf-ausf-b5f58bf87-5wdc2,44m,23Mi
2026-08-11T19:10:07+08:00,free5gc-free5gc-chf-chf-6f777c7ff8-8mxhq,42m,12Mi
2026-08-11T19:10:07+08:00,free5gc-free5gc-nef-nef-759f694c89-jh7pd,42m,7Mi
2026-08-11T19:10:07+08:00,free5gc-free5gc-nrf-nrf-5766464855-bm2nv,2m,12Mi
2026-08-11T19:10:07+08:00,free5gc-free5gc-nssf-nssf-7f7767dd45-tvbcj,43m,7Mi
2026-08-11T19:10:07+08:00,free5gc-free5gc-pcf-pcf-769b57775d-crzp7,44m,13Mi
2026-08-11T19:10:07+08:00,free5gc-free5gc-smf-smf-7d94c978bf-bzj5s,44m,10Mi
2026-08-11T19:10:07+08:00,free5gc-free5gc-udm-udm-7fbb989b5c-96rtv,48m,17Mi
2026-08-11T19:10:07+08:00,free5gc-free5gc-udr-udr-788647bbb4-jbz5f,38m,13Mi
2026-08-11T19:10:07+08:00,free5gc-free5gc-webui-webui-6785478d49-lwtrb,3m,12Mi
2026-08-11T19:10:07+08:00,mongodb-0,143m,244Mi
2026-08-11T19:10:07+08:00,open5glos-7bb755b95f-bstb4,1m,8Mi
2026-08-11T19:10:09+08:00,dbpython-free5gc-dbpython-dbpython-7fb488c7fc-8vt7q,32m,3Mi
2026-08-11T19:10:09+08:00,free5gc-free5gc-amf-amf-b475fd8cb-pf7kf,51m,49Mi
2026-08-11T19:10:09+08:00,free5gc-free5gc-ausf-ausf-b5f58bf87-5wdc2,44m,23Mi
2026-08-11T19:10:09+08:00,free5gc-free5gc-chf-chf-6f777c7ff8-8mxhq,42m,12Mi
2026-08-11T19:10:09+08:00,free5gc-free5gc-nef-nef-759f694c89-jh7pd,42m,7Mi
2026-08-11T19:10:09+08:00,free5gc-free5gc-nrf-nrf-5766464855-bm2nv,2m,12Mi
2026-08-11T19:10:09+08:00,free5gc-free5gc-nssf-nssf-7f7767dd45-tvbcj,43m,7Mi
2026-08-11T19:10:09+08:00,free5gc-free5gc-pcf-pcf-769b57775d-crzp7,44m,13Mi
2026-08-11T19:10:09+08:00,free5gc-free5gc-smf-smf-7d94c978bf-bzj5s,44m,10Mi
2026-08-11T19:10:09+08:00,free5gc-free5gc-udm-udm-7fbb989b5c-96rtv,48m,17Mi
2026-08-11T19:10:09+08:00,free5gc-free5gc-udr-udr-788647bbb4-jbz5f,38m,13Mi
2026-08-11T19:10:09+08:00,free5gc-free5gc-webui-webui-6785478d49-lwtrb,3m,12Mi
2026-08-11T19:10:09+08:00,mongodb-0,143m,244Mi
2026-08-11T19:10:09+08:00,open5glos-7bb755b95f-bstb4,1m,8Mi
2026-08-11T19:10:11+08:00,dbpython-free5gc-dbpython-dbpython-7fb488c7fc-8vt7q,32m,3Mi
2026-08-11T19:10:11+08:00,free5gc-free5gc-amf-amf-b475fd8cb-pf7kf,51m,49Mi
2026-08-11T19:10:11+08:00,free5gc-free5gc-ausf-ausf-b5f58bf87-5wdc2,44m,23Mi
2026-08-11T19:10:11+08:00,free5gc-free5gc-chf-chf-6f777c7ff8-8mxhq,42m,12Mi
2026-08-11T19:10:11+08:00,free5gc-free5gc-nef-nef-759f694c89-jh7pd,42m,7Mi
2026-08-11T19:10:11+08:00,free5gc-free5gc-nrf-nrf-5766464855-bm2nv,2m,12Mi
2026-08-11T19:10:11+08:00,free5gc-free5gc-nssf-nssf-7f7767dd45-tvbcj,43m,7Mi
2026-08-11T19:10:11+08:00,free5gc-free5gc-pcf-pcf-769b57775d-crzp7,44m,13Mi
2026-08-11T19:10:11+08:00,free5gc-free5gc-smf-smf-7d94c978bf-bzj5s,44m,10Mi
2026-08-11T19:10:11+08:00,free5gc-free5gc-udm-udm-7fbb989b5c-96rtv,48m,17Mi
2026-08-11T19:10:11+08:00,free5gc-free5gc-udr-udr-788647bbb4-jbz5f,38m,13Mi
2026-08-11T19:10:11+08:00,free5gc-free5gc-webui-webui-6785478d49-lwtrb,3m,12Mi
2026-08-11T19:10:11+08:00,mongodb-0,143m,244Mi
2026-08-11T19:10:11+08:00,open5glos-7bb755b95f-bstb4,1m,8Mi
2026-08-11T19:10:13+08:00,dbpython-free5gc-dbpython-dbpython-7fb488c7fc-8vt7q,32m,3Mi
2026-08-11T19:10:13+08:00,free5gc-free5gc-amf-amf-b475fd8cb-pf7kf,51m,49Mi
2026-08-11T19:10:13+08:00,free5gc-free5gc-ausf-ausf-b5f58bf87-5wdc2,44m,23Mi
2026-08-11T19:10:13+08:00,free5gc-free5gc-chf-chf-6f777c7ff8-8mxhq,42m,12Mi
2026-08-11T19:10:13+08:00,free5gc-free5gc-nef-nef-759f694c89-jh7pd,42m,7Mi
2026-08-11T19:10:13+08:00,free5gc-free5gc-nrf-nrf-5766464855-bm2nv,2m,12Mi
2026-08-11T19:10:13+08:00,free5gc-free5gc-nssf-nssf-7f7767dd45-tvbcj,43m,7Mi
2026-08-11T19:10:13+08:00,free5gc-free5gc-pcf-pcf-769b57775d-crzp7,44m,13Mi
2026-08-11T19:10:13+08:00,free5gc-free5gc-smf-smf-7d94c978bf-bzj5s,44m,10Mi
2026-08-11T19:10:13+08:00,free5gc-free5gc-udm-udm-7fbb989b5c-96rtv,48m,17Mi
2026-08-11T19:10:13+08:00,free5gc-free5gc-udr-udr-788647bbb4-jbz5f,38m,13Mi
2026-08-11T19:10:13+08:00,free5gc-free5gc-webui-webui-6785478d49-lwtrb,3m,12Mi
2026-08-11T19:10:13+08:00,mongodb-0,143m,244Mi
2026-08-11T19:10:13+08:00,open5glos-7bb755b95f-bstb4,1m,8Mi
2026-08-11T19:10:16+08:00,dbpython-free5gc-dbpython-dbpython-7fb488c7fc-8vt7q,32m,3Mi
2026-08-11T19:10:16+08:00,free5gc-free5gc-amf-amf-b475fd8cb-pf7kf,51m,49Mi
2026-08-11T19:10:16+08:00,free5gc-free5gc-ausf-ausf-b5f58bf87-5wdc2,44m,23Mi
2026-08-11T19:10:16+08:00,free5gc-free5gc-chf-chf-6f777c7ff8-8mxhq,42m,12Mi
2026-08-11T19:10:16+08:00,free5gc-free5gc-nef-nef-759f694c89-jh7pd,42m,7Mi
2026-08-11T19:10:16+08:00,free5gc-free5gc-nrf-nrf-5766464855-bm2nv,2m,12Mi
2026-08-11T19:10:16+08:00,free5gc-free5gc-nssf-nssf-7f7767dd45-tvbcj,43m,7Mi
2026-08-11T19:10:16+08:00,free5gc-free5gc-pcf-pcf-769b57775d-crzp7,44m,13Mi
2026-08-11T19:10:16+08:00,free5gc-free5gc-smf-smf-7d94c978bf-bzj5s,44m,10Mi
2026-08-11T19:10:16+08:00,free5gc-free5gc-udm-udm-7fbb989b5c-96rtv,48m,17Mi
2026-08-11T19:10:16+08:00,free5gc-free5gc-udr-udr-788647bbb4-jbz5f,38m,13Mi
2026-08-11T19:10:16+08:00,free5gc-free5gc-webui-webui-6785478d49-lwtrb,3m,12Mi
2026-08-11T19:10:16+08:00,mongodb-0,143m,244Mi
2026-08-11T19:10:16+08:00,open5glos-7bb755b95f-bstb4,1m,8Mi
2026-08-11T19:10:18+08:00,dbpython-free5gc-dbpython-dbpython-7fb488c7fc-8vt7q,28m,0Mi
2026-08-11T19:10:18+08:00,free5gc-free5gc-amf-amf-b475fd8cb-pf7kf,48m,49Mi
2026-08-11T19:10:18+08:00,free5gc-free5gc-ausf-ausf-b5f58bf87-5wdc2,49m,21Mi
2026-08-11T19:10:18+08:00,free5gc-free5gc-chf-chf-6f777c7ff8-8mxhq,44m,12Mi
2026-08-11T19:10:18+08:00,free5gc-free5gc-nef-nef-759f694c89-jh7pd,42m,7Mi
2026-08-11T19:10:18+08:00,free5gc-free5gc-nrf-nrf-5766464855-bm2nv,2m,12Mi
2026-08-11T19:10:18+08:00,free5gc-free5gc-nssf-nssf-7f7767dd45-tvbcj,42m,7Mi
2026-08-11T19:10:18+08:00,free5gc-free5gc-pcf-pcf-769b57775d-crzp7,41m,14Mi
2026-08-11T19:10:18+08:00,free5gc-free5gc-smf-smf-7d94c978bf-bzj5s,44m,10Mi
2026-08-11T19:10:18+08:00,free5gc-free5gc-udm-udm-7fbb989b5c-96rtv,48m,17Mi
2026-08-11T19:10:18+08:00,free5gc-free5gc-udr-udr-788647bbb4-jbz5f,38m,13Mi
2026-08-11T19:10:18+08:00,free5gc-free5gc-webui-webui-6785478d49-lwtrb,2m,12Mi
2026-08-11T19:10:18+08:00,mongodb-0,96m,95Mi
2026-08-11T19:10:18+08:00,open5glos-7bb755b95f-bstb4,1m,8Mi
2026-08-11T19:10:20+08:00,dbpython-free5gc-dbpython-dbpython-7fb488c7fc-8vt7q,28m,0Mi
2026-08-11T19:10:20+08:00,free5gc-free5gc-amf-amf-b475fd8cb-pf7kf,48m,49Mi
2026-08-11T19:10:20+08:00,free5gc-free5gc-ausf-ausf-b5f58bf87-5wdc2,49m,21Mi
2026-08-11T19:10:20+08:00,free5gc-free5gc-chf-chf-6f777c7ff8-8mxhq,44m,12Mi
2026-08-11T19:10:20+08:00,free5gc-free5gc-nef-nef-759f694c89-jh7pd,42m,7Mi
2026-08-11T19:10:20+08:00,free5gc-free5gc-nrf-nrf-5766464855-bm2nv,2m,12Mi
2026-08-11T19:10:20+08:00,free5gc-free5gc-nssf-nssf-7f7767dd45-tvbcj,42m,7Mi
2026-08-11T19:10:20+08:00,free5gc-free5gc-pcf-pcf-769b57775d-crzp7,41m,14Mi
2026-08-11T19:10:20+08:00,free5gc-free5gc-smf-smf-7d94c978bf-bzj5s,44m,10Mi
2026-08-11T19:10:20+08:00,free5gc-free5gc-udm-udm-7fbb989b5c-96rtv,48m,17Mi
2026-08-11T19:10:20+08:00,free5gc-free5gc-udr-udr-788647bbb4-jbz5f,38m,13Mi
2026-08-11T19:10:20+08:00,free5gc-free5gc-webui-webui-6785478d49-lwtrb,2m,12Mi
2026-08-11T19:10:20+08:00,mongodb-0,96m,95Mi
2026-08-11T19:10:20+08:00,open5glos-7bb755b95f-bstb4,1m,8Mi
2026-08-11T19:10:22+08:00,dbpython-free5gc-dbpython-dbpython-7fb488c7fc-8vt7q,28m,0Mi
2026-08-11T19:10:22+08:00,free5gc-free5gc-amf-amf-b475fd8cb-pf7kf,48m,49Mi
2026-08-11T19:10:22+08:00,free5gc-free5gc-ausf-ausf-b5f58bf87-5wdc2,49m,21Mi
2026-08-11T19:10:22+08:00,free5gc-free5gc-chf-chf-6f777c7ff8-8mxhq,44m,12Mi
2026-08-11T19:10:22+08:00,free5gc-free5gc-nef-nef-759f694c89-jh7pd,42m,7Mi
2026-08-11T19:10:22+08:00,free5gc-free5gc-nrf-nrf-5766464855-bm2nv,2m,12Mi
2026-08-11T19:10:22+08:00,free5gc-free5gc-nssf-nssf-7f7767dd45-tvbcj,42m,7Mi
2026-08-11T19:10:22+08:00,free5gc-free5gc-pcf-pcf-769b57775d-crzp7,41m,14Mi
2026-08-11T19:10:22+08:00,free5gc-free5gc-smf-smf-7d94c978bf-bzj5s,44m,10Mi
2026-08-11T19:10:22+08:00,free5gc-free5gc-udm-udm-7fbb989b5c-96rtv,48m,17Mi
2026-08-11T19:10:22+08:00,free5gc-free5gc-udr-udr-788647bbb4-jbz5f,38m,13Mi
2026-08-11T19:10:22+08:00,free5gc-free5gc-webui-webui-6785478d49-lwtrb,2m,12Mi
2026-08-11T19:10:22+08:00,mongodb-0,96m,95Mi
2026-08-11T19:10:22+08:00,open5glos-7bb755b95f-bstb4,1m,8Mi
2026-08-11T19:10:24+08:00,dbpython-free5gc-dbpython-dbpython-7fb488c7fc-8vt7q,28m,0Mi
2026-08-11T19:10:24+08:00,free5gc-free5gc-amf-amf-b475fd8cb-pf7kf,48m,49Mi
2026-08-11T19:10:24+08:00,free5gc-free5gc-ausf-ausf-b5f58bf87-5wdc2,49m,21Mi
2026-08-11T19:10:24+08:00,free5gc-free5gc-chf-chf-6f777c7ff8-8mxhq,44m,12Mi
2026-08-11T19:10:24+08:00,free5gc-free5gc-nef-nef-759f694c89-jh7pd,42m,7Mi
2026-08-11T19:10:24+08:00,free5gc-free5gc-nrf-nrf-5766464855-bm2nv,2m,12Mi
2026-08-11T19:10:24+08:00,free5gc-free5gc-nssf-nssf-7f7767dd45-tvbcj,42m,7Mi
2026-08-11T19:10:24+08:00,free5gc-free5gc-pcf-pcf-769b57775d-crzp7,41m,14Mi
2026-08-11T19:10:24+08:00,free5gc-free5gc-smf-smf-7d94c978bf-bzj5s,44m,10Mi
2026-08-11T19:10:24+08:00,free5gc-free5gc-udm-udm-7fbb989b5c-96rtv,48m,17Mi
2026-08-11T19:10:24+08:00,free5gc-free5gc-udr-udr-788647bbb4-jbz5f,38m,13Mi
2026-08-11T19:10:24+08:00,free5gc-free5gc-webui-webui-6785478d49-lwtrb,2m,12Mi
2026-08-11T19:10:24+08:00,mongodb-0,96m,95Mi
2026-08-11T19:10:24+08:00,open5glos-7bb755b95f-bstb4,1m,8Mi
2026-08-11T19:10:26+08:00,dbpython-free5gc-dbpython-dbpython-7fb488c7fc-8vt7q,28m,0Mi
2026-08-11T19:10:26+08:00,free5gc-free5gc-amf-amf-b475fd8cb-pf7kf,48m,49Mi
2026-08-11T19:10:26+08:00,free5gc-free5gc-ausf-ausf-b5f58bf87-5wdc2,49m,21Mi
2026-08-11T19:10:26+08:00,free5gc-free5gc-chf-chf-6f777c7ff8-8mxhq,44m,12Mi
2026-08-11T19:10:26+08:00,free5gc-free5gc-nef-nef-759f694c89-jh7pd,42m,7Mi
2026-08-11T19:10:26+08:00,free5gc-free5gc-nrf-nrf-5766464855-bm2nv,2m,12Mi
2026-08-11T19:10:26+08:00,free5gc-free5gc-nssf-nssf-7f7767dd45-tvbcj,42m,7Mi
2026-08-11T19:10:26+08:00,free5gc-free5gc-pcf-pcf-769b57775d-crzp7,41m,14Mi
2026-08-11T19:10:26+08:00,free5gc-free5gc-smf-smf-7d94c978bf-bzj5s,44m,10Mi
2026-08-11T19:10:26+08:00,free5gc-free5gc-udm-udm-7fbb989b5c-96rtv,48m,17Mi
2026-08-11T19:10:26+08:00,free5gc-free5gc-udr-udr-788647bbb4-jbz5f,38m,13Mi
2026-08-11T19:10:26+08:00,free5gc-free5gc-webui-webui-6785478d49-lwtrb,2m,12Mi
2026-08-11T19:10:26+08:00,mongodb-0,96m,95Mi
2026-08-11T19:10:26+08:00,open5glos-7bb755b95f-bstb4,1m,8Mi
2026-08-11T19:10:29+08:00,dbpython-free5gc-dbpython-dbpython-7fb488c7fc-8vt7q,28m,0Mi
2026-08-11T19:10:29+08:00,free5gc-free5gc-amf-amf-b475fd8cb-pf7kf,48m,49Mi
2026-08-11T19:10:29+08:00,free5gc-free5gc-ausf-ausf-b5f58bf87-5wdc2,49m,21Mi
2026-08-11T19:10:29+08:00,free5gc-free5gc-chf-chf-6f777c7ff8-8mxhq,44m,12Mi
2026-08-11T19:10:29+08:00,free5gc-free5gc-nef-nef-759f694c89-jh7pd,42m,7Mi
2026-08-11T19:10:29+08:00,free5gc-free5gc-nrf-nrf-5766464855-bm2nv,2m,12Mi
2026-08-11T19:10:29+08:00,free5gc-free5gc-nssf-nssf-7f7767dd45-tvbcj,42m,7Mi
2026-08-11T19:10:29+08:00,free5gc-free5gc-pcf-pcf-769b57775d-crzp7,41m,14Mi
2026-08-11T19:10:29+08:00,free5gc-free5gc-smf-smf-7d94c978bf-bzj5s,44m,10Mi
2026-08-11T19:10:29+08:00,free5gc-free5gc-udm-udm-7fbb989b5c-96rtv,48m,17Mi
2026-08-11T19:10:29+08:00,free5gc-free5gc-udr-udr-788647bbb4-jbz5f,38m,13Mi
2026-08-11T19:10:29+08:00,free5gc-free5gc-webui-webui-6785478d49-lwtrb,2m,12Mi
2026-08-11T19:10:29+08:00,mongodb-0,96m,95Mi
2026-08-11T19:10:29+08:00,open5glos-7bb755b95f-bstb4,1m,8Mi
2026-08-11T19:10:31+08:00,dbpython-free5gc-dbpython-dbpython-7fb488c7fc-8vt7q,28m,0Mi
2026-08-11T19:10:31+08:00,free5gc-free5gc-amf-amf-b475fd8cb-pf7kf,48m,49Mi
2026-08-11T19:10:31+08:00,free5gc-free5gc-ausf-ausf-b5f58bf87-5wdc2,49m,21Mi
2026-08-11T19:10:31+08:00,free5gc-free5gc-chf-chf-6f777c7ff8-8mxhq,44m,12Mi
2026-08-11T19:10:31+08:00,free5gc-free5gc-nef-nef-759f694c89-jh7pd,42m,7Mi
2026-08-11T19:10:31+08:00,free5gc-free5gc-nrf-nrf-5766464855-bm2nv,2m,12Mi
2026-08-11T19:10:31+08:00,free5gc-free5gc-nssf-nssf-7f7767dd45-tvbcj,42m,7Mi
2026-08-11T19:10:31+08:00,free5gc-free5gc-pcf-pcf-769b57775d-crzp7,41m,14Mi
2026-08-11T19:10:31+08:00,free5gc-free5gc-smf-smf-7d94c978bf-bzj5s,44m,10Mi
2026-08-11T19:10:31+08:00,free5gc-free5gc-udm-udm-7fbb989b5c-96rtv,48m,17Mi
2026-08-11T19:10:31+08:00,free5gc-free5gc-udr-udr-788647bbb4-jbz5f,38m,13Mi
2026-08-11T19:10:31+08:00,free5gc-free5gc-webui-webui-6785478d49-lwtrb,2m,12Mi
2026-08-11T19:10:31+08:00,mongodb-0,96m,95Mi
2026-08-11T19:10:31+08:00,open5glos-7bb755b95f-bstb4,1m,8Mi
2026-08-11T19:10:33+08:00,dbpython-free5gc-dbpython-dbpython-7fb488c7fc-8vt7q,30m,0Mi
2026-08-11T19:10:33+08:00,free5gc-free5gc-amf-amf-b475fd8cb-pf7kf,46m,49Mi
2026-08-11T19:10:33+08:00,free5gc-free5gc-ausf-ausf-b5f58bf87-5wdc2,40m,21Mi
2026-08-11T19:10:33+08:00,free5gc-free5gc-chf-chf-6f777c7ff8-8mxhq,41m,12Mi
2026-08-11T19:10:33+08:00,free5gc-free5gc-nef-nef-759f694c89-jh7pd,39m,7Mi
2026-08-11T19:10:33+08:00,free5gc-free5gc-nrf-nrf-5766464855-bm2nv,2m,12Mi
2026-08-11T19:10:33+08:00,free5gc-free5gc-nssf-nssf-7f7767dd45-tvbcj,42m,7Mi
2026-08-11T19:10:33+08:00,free5gc-free5gc-pcf-pcf-769b57775d-crzp7,43m,13Mi
2026-08-11T19:10:33+08:00,free5gc-free5gc-smf-smf-7d94c978bf-bzj5s,41m,10Mi
2026-08-11T19:10:33+08:00,free5gc-free5gc-udm-udm-7fbb989b5c-96rtv,48m,17Mi
2026-08-11T19:10:33+08:00,free5gc-free5gc-udr-udr-788647bbb4-jbz5f,36m,13Mi
2026-08-11T19:10:33+08:00,free5gc-free5gc-webui-webui-6785478d49-lwtrb,3m,12Mi
2026-08-11T19:10:33+08:00,mongodb-0,164m,95Mi
2026-08-11T19:10:33+08:00,open5glos-7bb755b95f-bstb4,1m,8Mi
2026-08-11T19:10:35+08:00,dbpython-free5gc-dbpython-dbpython-7fb488c7fc-8vt7q,30m,0Mi
2026-08-11T19:10:35+08:00,free5gc-free5gc-amf-amf-b475fd8cb-pf7kf,46m,49Mi
2026-08-11T19:10:35+08:00,free5gc-free5gc-ausf-ausf-b5f58bf87-5wdc2,40m,21Mi
2026-08-11T19:10:35+08:00,free5gc-free5gc-chf-chf-6f777c7ff8-8mxhq,41m,12Mi
2026-08-11T19:10:35+08:00,free5gc-free5gc-nef-nef-759f694c89-jh7pd,39m,7Mi
2026-08-11T19:10:35+08:00,free5gc-free5gc-nrf-nrf-5766464855-bm2nv,2m,12Mi
2026-08-11T19:10:35+08:00,free5gc-free5gc-nssf-nssf-7f7767dd45-tvbcj,42m,7Mi
2026-08-11T19:10:35+08:00,free5gc-free5gc-pcf-pcf-769b57775d-crzp7,43m,13Mi
2026-08-11T19:10:35+08:00,free5gc-free5gc-smf-smf-7d94c978bf-bzj5s,41m,10Mi
2026-08-11T19:10:35+08:00,free5gc-free5gc-udm-udm-7fbb989b5c-96rtv,48m,17Mi
2026-08-11T19:10:35+08:00,free5gc-free5gc-udr-udr-788647bbb4-jbz5f,36m,13Mi
2026-08-11T19:10:35+08:00,free5gc-free5gc-webui-webui-6785478d49-lwtrb,3m,12Mi
2026-08-11T19:10:35+08:00,mongodb-0,164m,95Mi
2026-08-11T19:10:35+08:00,open5glos-7bb755b95f-bstb4,1m,8Mi
2026-08-11T19:10:37+08:00,dbpython-free5gc-dbpython-dbpython-7fb488c7fc-8vt7q,30m,0Mi
2026-08-11T19:10:37+08:00,free5gc-free5gc-amf-amf-b475fd8cb-pf7kf,46m,49Mi
2026-08-11T19:10:37+08:00,free5gc-free5gc-ausf-ausf-b5f58bf87-5wdc2,40m,21Mi
2026-08-11T19:10:37+08:00,free5gc-free5gc-chf-chf-6f777c7ff8-8mxhq,41m,12Mi
2026-08-11T19:10:37+08:00,free5gc-free5gc-nef-nef-759f694c89-jh7pd,39m,7Mi
2026-08-11T19:10:37+08:00,free5gc-free5gc-nrf-nrf-5766464855-bm2nv,2m,12Mi
2026-08-11T19:10:37+08:00,free5gc-free5gc-nssf-nssf-7f7767dd45-tvbcj,42m,7Mi
2026-08-11T19:10:37+08:00,free5gc-free5gc-pcf-pcf-769b57775d-crzp7,43m,13Mi
2026-08-11T19:10:37+08:00,free5gc-free5gc-smf-smf-7d94c978bf-bzj5s,41m,10Mi
2026-08-11T19:10:37+08:00,free5gc-free5gc-udm-udm-7fbb989b5c-96rtv,48m,17Mi
2026-08-11T19:10:37+08:00,free5gc-free5gc-udr-udr-788647bbb4-jbz5f,36m,13Mi
2026-08-11T19:10:37+08:00,free5gc-free5gc-webui-webui-6785478d49-lwtrb,3m,12Mi
2026-08-11T19:10:37+08:00,mongodb-0,164m,95Mi
2026-08-11T19:10:37+08:00,open5glos-7bb755b95f-bstb4,1m,8Mi
2026-08-11T19:10:39+08:00,dbpython-free5gc-dbpython-dbpython-7fb488c7fc-8vt7q,30m,0Mi
2026-08-11T19:10:39+08:00,free5gc-free5gc-amf-amf-b475fd8cb-pf7kf,46m,49Mi
2026-08-11T19:10:39+08:00,free5gc-free5gc-ausf-ausf-b5f58bf87-5wdc2,40m,21Mi
2026-08-11T19:10:39+08:00,free5gc-free5gc-chf-chf-6f777c7ff8-8mxhq,41m,12Mi
2026-08-11T19:10:39+08:00,free5gc-free5gc-nef-nef-759f694c89-jh7pd,39m,7Mi
2026-08-11T19:10:39+08:00,free5gc-free5gc-nrf-nrf-5766464855-bm2nv,2m,12Mi
2026-08-11T19:10:39+08:00,free5gc-free5gc-nssf-nssf-7f7767dd45-tvbcj,42m,7Mi
2026-08-11T19:10:39+08:00,free5gc-free5gc-pcf-pcf-769b57775d-crzp7,43m,13Mi
2026-08-11T19:10:39+08:00,free5gc-free5gc-smf-smf-7d94c978bf-bzj5s,41m,10Mi
2026-08-11T19:10:39+08:00,free5gc-free5gc-udm-udm-7fbb989b5c-96rtv,48m,17Mi
2026-08-11T19:10:39+08:00,free5gc-free5gc-udr-udr-788647bbb4-jbz5f,36m,13Mi
2026-08-11T19:10:39+08:00,free5gc-free5gc-webui-webui-6785478d49-lwtrb,3m,12Mi
2026-08-11T19:10:39+08:00,mongodb-0,164m,95Mi
2026-08-11T19:10:39+08:00,open5glos-7bb755b95f-bstb4,1m,8Mi
2026-08-11T19:10:42+08:00,dbpython-free5gc-dbpython-dbpython-7fb488c7fc-8vt7q,30m,0Mi
2026-08-11T19:10:42+08:00,free5gc-free5gc-amf-amf-b475fd8cb-pf7kf,46m,49Mi
2026-08-11T19:10:42+08:00,free5gc-free5gc-ausf-ausf-b5f58bf87-5wdc2,40m,21Mi
2026-08-11T19:10:42+08:00,free5gc-free5gc-chf-chf-6f777c7ff8-8mxhq,41m,12Mi
2026-08-11T19:10:42+08:00,free5gc-free5gc-nef-nef-759f694c89-jh7pd,39m,7Mi
2026-08-11T19:10:42+08:00,free5gc-free5gc-nrf-nrf-5766464855-bm2nv,2m,12Mi
2026-08-11T19:10:42+08:00,free5gc-free5gc-nssf-nssf-7f7767dd45-tvbcj,42m,7Mi
2026-08-11T19:10:42+08:00,free5gc-free5gc-pcf-pcf-769b57775d-crzp7,43m,13Mi
2026-08-11T19:10:42+08:00,free5gc-free5gc-smf-smf-7d94c978bf-bzj5s,41m,10Mi
2026-08-11T19:10:42+08:00,free5gc-free5gc-udm-udm-7fbb989b5c-96rtv,48m,17Mi
2026-08-11T19:10:42+08:00,free5gc-free5gc-udr-udr-788647bbb4-jbz5f,36m,13Mi
2026-08-11T19:10:42+08:00,free5gc-free5gc-webui-webui-6785478d49-lwtrb,3m,12Mi
2026-08-11T19:10:42+08:00,mongodb-0,164m,95Mi
2026-08-11T19:10:42+08:00,open5glos-7bb755b95f-bstb4,1m,8Mi
2026-08-11T19:10:44+08:00,dbpython-free5gc-dbpython-dbpython-7fb488c7fc-8vt7q,30m,0Mi
2026-08-11T19:10:44+08:00,free5gc-free5gc-amf-amf-b475fd8cb-pf7kf,46m,49Mi
2026-08-11T19:10:44+08:00,free5gc-free5gc-ausf-ausf-b5f58bf87-5wdc2,40m,21Mi
2026-08-11T19:10:44+08:00,free5gc-free5gc-chf-chf-6f777c7ff8-8mxhq,41m,12Mi
2026-08-11T19:10:44+08:00,free5gc-free5gc-nef-nef-759f694c89-jh7pd,39m,7Mi
2026-08-11T19:10:44+08:00,free5gc-free5gc-nrf-nrf-5766464855-bm2nv,2m,12Mi
2026-08-11T19:10:44+08:00,free5gc-free5gc-nssf-nssf-7f7767dd45-tvbcj,42m,7Mi
2026-08-11T19:10:44+08:00,free5gc-free5gc-pcf-pcf-769b57775d-crzp7,43m,13Mi
2026-08-11T19:10:44+08:00,free5gc-free5gc-smf-smf-7d94c978bf-bzj5s,41m,10Mi
2026-08-11T19:10:44+08:00,free5gc-free5gc-udm-udm-7fbb989b5c-96rtv,48m,17Mi
2026-08-11T19:10:44+08:00,free5gc-free5gc-udr-udr-788647bbb4-jbz5f,36m,13Mi
2026-08-11T19:10:44+08:00,free5gc-free5gc-webui-webui-6785478d49-lwtrb,3m,12Mi
2026-08-11T19:10:44+08:00,mongodb-0,164m,95Mi
2026-08-11T19:10:44+08:00,open5glos-7bb755b95f-bstb4,1m,8Mi
2026-08-11T19:10:46+08:00,dbpython-free5gc-dbpython-dbpython-7fb488c7fc-8vt7q,30m,0Mi
2026-08-11T19:10:46+08:00,free5gc-free5gc-amf-amf-b475fd8cb-pf7kf,46m,49Mi
2026-08-11T19:10:46+08:00,free5gc-free5gc-ausf-ausf-b5f58bf87-5wdc2,40m,21Mi
2026-08-11T19:10:46+08:00,free5gc-free5gc-chf-chf-6f777c7ff8-8mxhq,41m,12Mi
2026-08-11T19:10:46+08:00,free5gc-free5gc-nef-nef-759f694c89-jh7pd,39m,7Mi
2026-08-11T19:10:46+08:00,free5gc-free5gc-nrf-nrf-5766464855-bm2nv,2m,12Mi
2026-08-11T19:10:46+08:00,free5gc-free5gc-nssf-nssf-7f7767dd45-tvbcj,42m,7Mi
2026-08-11T19:10:46+08:00,free5gc-free5gc-pcf-pcf-769b57775d-crzp7,43m,13Mi
2026-08-11T19:10:46+08:00,free5gc-free5gc-smf-smf-7d94c978bf-bzj5s,41m,10Mi
2026-08-11T19:10:46+08:00,free5gc-free5gc-udm-udm-7fbb989b5c-96rtv,48m,17Mi
2026-08-11T19:10:46+08:00,free5gc-free5gc-udr-udr-788647bbb4-jbz5f,36m,13Mi
2026-08-11T19:10:46+08:00,free5gc-free5gc-webui-webui-6785478d49-lwtrb,3m,12Mi
2026-08-11T19:10:46+08:00,mongodb-0,164m,95Mi
2026-08-11T19:10:46+08:00,open5glos-7bb755b95f-bstb4,1m,8Mi
2026-08-11T19:10:48+08:00,dbpython-free5gc-dbpython-dbpython-7fb488c7fc-8vt7q,30m,0Mi
2026-08-11T19:10:48+08:00,free5gc-free5gc-amf-amf-b475fd8cb-pf7kf,41m,25Mi
2026-08-11T19:10:48+08:00,free5gc-free5gc-ausf-ausf-b5f58bf87-5wdc2,46m,21Mi
2026-08-11T19:10:48+08:00,free5gc-free5gc-chf-chf-6f777c7ff8-8mxhq,40m,12Mi
2026-08-11T19:10:48+08:00,free5gc-free5gc-nef-nef-759f694c89-jh7pd,42m,7Mi
2026-08-11T19:10:48+08:00,free5gc-free5gc-nrf-nrf-5766464855-bm2nv,2m,12Mi
2026-08-11T19:10:48+08:00,free5gc-free5gc-nssf-nssf-7f7767dd45-tvbcj,42m,7Mi
2026-08-11T19:10:48+08:00,free5gc-free5gc-pcf-pcf-769b57775d-crzp7,42m,13Mi
2026-08-11T19:10:48+08:00,free5gc-free5gc-smf-smf-7d94c978bf-bzj5s,47m,10Mi
2026-08-11T19:10:48+08:00,free5gc-free5gc-udm-udm-7fbb989b5c-96rtv,45m,17Mi
2026-08-11T19:10:48+08:00,free5gc-free5gc-udr-udr-788647bbb4-jbz5f,44m,13Mi
2026-08-11T19:10:48+08:00,free5gc-free5gc-webui-webui-6785478d49-lwtrb,3m,12Mi
2026-08-11T19:10:48+08:00,mongodb-0,162m,95Mi
2026-08-11T19:10:48+08:00,open5glos-7bb755b95f-bstb4,1m,8Mi
2026-08-11T19:10:50+08:00,dbpython-free5gc-dbpython-dbpython-7fb488c7fc-8vt7q,30m,0Mi
2026-08-11T19:10:50+08:00,free5gc-free5gc-amf-amf-b475fd8cb-pf7kf,41m,25Mi
2026-08-11T19:10:50+08:00,free5gc-free5gc-ausf-ausf-b5f58bf87-5wdc2,46m,21Mi
2026-08-11T19:10:50+08:00,free5gc-free5gc-chf-chf-6f777c7ff8-8mxhq,40m,12Mi
2026-08-11T19:10:50+08:00,free5gc-free5gc-nef-nef-759f694c89-jh7pd,42m,7Mi
2026-08-11T19:10:50+08:00,free5gc-free5gc-nrf-nrf-5766464855-bm2nv,2m,12Mi
2026-08-11T19:10:50+08:00,free5gc-free5gc-nssf-nssf-7f7767dd45-tvbcj,42m,7Mi
2026-08-11T19:10:50+08:00,free5gc-free5gc-pcf-pcf-769b57775d-crzp7,42m,13Mi
2026-08-11T19:10:50+08:00,free5gc-free5gc-smf-smf-7d94c978bf-bzj5s,47m,10Mi
2026-08-11T19:10:50+08:00,free5gc-free5gc-udm-udm-7fbb989b5c-96rtv,45m,17Mi
2026-08-11T19:10:50+08:00,free5gc-free5gc-udr-udr-788647bbb4-jbz5f,44m,13Mi
2026-08-11T19:10:50+08:00,free5gc-free5gc-webui-webui-6785478d49-lwtrb,3m,12Mi
2026-08-11T19:10:50+08:00,mongodb-0,162m,95Mi
2026-08-11T19:10:50+08:00,open5glos-7bb755b95f-bstb4,1m,8Mi
2026-08-11T19:10:52+08:00,dbpython-free5gc-dbpython-dbpython-7fb488c7fc-8vt7q,30m,0Mi
2026-08-11T19:10:52+08:00,free5gc-free5gc-amf-amf-b475fd8cb-pf7kf,41m,25Mi
2026-08-11T19:10:52+08:00,free5gc-free5gc-ausf-ausf-b5f58bf87-5wdc2,46m,21Mi
2026-08-11T19:10:52+08:00,free5gc-free5gc-chf-chf-6f777c7ff8-8mxhq,40m,12Mi
2026-08-11T19:10:52+08:00,free5gc-free5gc-nef-nef-759f694c89-jh7pd,42m,7Mi
2026-08-11T19:10:52+08:00,free5gc-free5gc-nrf-nrf-5766464855-bm2nv,2m,12Mi
2026-08-11T19:10:52+08:00,free5gc-free5gc-nssf-nssf-7f7767dd45-tvbcj,42m,7Mi
2026-08-11T19:10:52+08:00,free5gc-free5gc-pcf-pcf-769b57775d-crzp7,42m,13Mi
2026-08-11T19:10:52+08:00,free5gc-free5gc-smf-smf-7d94c978bf-bzj5s,47m,10Mi
2026-08-11T19:10:52+08:00,free5gc-free5gc-udm-udm-7fbb989b5c-96rtv,45m,17Mi
2026-08-11T19:10:52+08:00,free5gc-free5gc-udr-udr-788647bbb4-jbz5f,44m,13Mi
2026-08-11T19:10:52+08:00,free5gc-free5gc-webui-webui-6785478d49-lwtrb,3m,12Mi
2026-08-11T19:10:52+08:00,mongodb-0,162m,95Mi
2026-08-11T19:10:52+08:00,open5glos-7bb755b95f-bstb4,1m,8Mi
2026-08-11T19:10:55+08:00,dbpython-free5gc-dbpython-dbpython-7fb488c7fc-8vt7q,30m,0Mi
2026-08-11T19:10:55+08:00,free5gc-free5gc-amf-amf-b475fd8cb-pf7kf,41m,25Mi
2026-08-11T19:10:55+08:00,free5gc-free5gc-ausf-ausf-b5f58bf87-5wdc2,46m,21Mi
2026-08-11T19:10:55+08:00,free5gc-free5gc-chf-chf-6f777c7ff8-8mxhq,40m,12Mi
2026-08-11T19:10:55+08:00,free5gc-free5gc-nef-nef-759f694c89-jh7pd,42m,7Mi
2026-08-11T19:10:55+08:00,free5gc-free5gc-nrf-nrf-5766464855-bm2nv,2m,12Mi
2026-08-11T19:10:55+08:00,free5gc-free5gc-nssf-nssf-7f7767dd45-tvbcj,42m,7Mi
2026-08-11T19:10:55+08:00,free5gc-free5gc-pcf-pcf-769b57775d-crzp7,42m,13Mi
2026-08-11T19:10:55+08:00,free5gc-free5gc-smf-smf-7d94c978bf-bzj5s,47m,10Mi
2026-08-11T19:10:55+08:00,free5gc-free5gc-udm-udm-7fbb989b5c-96rtv,45m,17Mi
2026-08-11T19:10:55+08:00,free5gc-free5gc-udr-udr-788647bbb4-jbz5f,44m,13Mi
2026-08-11T19:10:55+08:00,free5gc-free5gc-webui-webui-6785478d49-lwtrb,3m,12Mi
2026-08-11T19:10:55+08:00,mongodb-0,162m,95Mi
2026-08-11T19:10:55+08:00,open5glos-7bb755b95f-bstb4,1m,8Mi
2026-08-11T19:10:57+08:00,dbpython-free5gc-dbpython-dbpython-7fb488c7fc-8vt7q,30m,0Mi
2026-08-11T19:10:57+08:00,free5gc-free5gc-amf-amf-b475fd8cb-pf7kf,41m,25Mi
2026-08-11T19:10:57+08:00,free5gc-free5gc-ausf-ausf-b5f58bf87-5wdc2,46m,21Mi
2026-08-11T19:10:57+08:00,free5gc-free5gc-chf-chf-6f777c7ff8-8mxhq,40m,12Mi
2026-08-11T19:10:57+08:00,free5gc-free5gc-nef-nef-759f694c89-jh7pd,42m,7Mi
2026-08-11T19:10:57+08:00,free5gc-free5gc-nrf-nrf-5766464855-bm2nv,2m,12Mi
2026-08-11T19:10:57+08:00,free5gc-free5gc-nssf-nssf-7f7767dd45-tvbcj,42m,7Mi
2026-08-11T19:10:57+08:00,free5gc-free5gc-pcf-pcf-769b57775d-crzp7,42m,13Mi
2026-08-11T19:10:57+08:00,free5gc-free5gc-smf-smf-7d94c978bf-bzj5s,47m,10Mi
2026-08-11T19:10:57+08:00,free5gc-free5gc-udm-udm-7fbb989b5c-96rtv,45m,17Mi
2026-08-11T19:10:57+08:00,free5gc-free5gc-udr-udr-788647bbb4-jbz5f,44m,13Mi
2026-08-11T19:10:57+08:00,free5gc-free5gc-webui-webui-6785478d49-lwtrb,3m,12Mi
2026-08-11T19:10:57+08:00,mongodb-0,162m,95Mi
2026-08-11T19:10:57+08:00,open5glos-7bb755b95f-bstb4,1m,8Mi
2026-08-11T19:10:59+08:00,dbpython-free5gc-dbpython-dbpython-7fb488c7fc-8vt7q,30m,0Mi
2026-08-11T19:10:59+08:00,free5gc-free5gc-amf-amf-b475fd8cb-pf7kf,41m,25Mi
2026-08-11T19:10:59+08:00,free5gc-free5gc-ausf-ausf-b5f58bf87-5wdc2,46m,21Mi
2026-08-11T19:10:59+08:00,free5gc-free5gc-chf-chf-6f777c7ff8-8mxhq,40m,12Mi
2026-08-11T19:10:59+08:00,free5gc-free5gc-nef-nef-759f694c89-jh7pd,42m,7Mi
2026-08-11T19:10:59+08:00,free5gc-free5gc-nrf-nrf-5766464855-bm2nv,2m,12Mi
2026-08-11T19:10:59+08:00,free5gc-free5gc-nssf-nssf-7f7767dd45-tvbcj,42m,7Mi
2026-08-11T19:10:59+08:00,free5gc-free5gc-pcf-pcf-769b57775d-crzp7,42m,13Mi
2026-08-11T19:10:59+08:00,free5gc-free5gc-smf-smf-7d94c978bf-bzj5s,47m,10Mi
2026-08-11T19:10:59+08:00,free5gc-free5gc-udm-udm-7fbb989b5c-96rtv,45m,17Mi
2026-08-11T19:10:59+08:00,free5gc-free5gc-udr-udr-788647bbb4-jbz5f,44m,13Mi
2026-08-11T19:10:59+08:00,free5gc-free5gc-webui-webui-6785478d49-lwtrb,3m,12Mi
2026-08-11T19:10:59+08:00,mongodb-0,162m,95Mi
2026-08-11T19:10:59+08:00,open5glos-7bb755b95f-bstb4,1m,8Mi
2026-08-11T19:11:01+08:00,dbpython-free5gc-dbpython-dbpython-7fb488c7fc-8vt7q,30m,0Mi
2026-08-11T19:11:01+08:00,free5gc-free5gc-amf-amf-b475fd8cb-pf7kf,41m,25Mi
2026-08-11T19:11:01+08:00,free5gc-free5gc-ausf-ausf-b5f58bf87-5wdc2,46m,21Mi
2026-08-11T19:11:01+08:00,free5gc-free5gc-chf-chf-6f777c7ff8-8mxhq,40m,12Mi
2026-08-11T19:11:01+08:00,free5gc-free5gc-nef-nef-759f694c89-jh7pd,42m,7Mi
2026-08-11T19:11:01+08:00,free5gc-free5gc-nrf-nrf-5766464855-bm2nv,2m,12Mi
2026-08-11T19:11:01+08:00,free5gc-free5gc-nssf-nssf-7f7767dd45-tvbcj,42m,7Mi
2026-08-11T19:11:01+08:00,free5gc-free5gc-pcf-pcf-769b57775d-crzp7,42m,13Mi
2026-08-11T19:11:01+08:00,free5gc-free5gc-smf-smf-7d94c978bf-bzj5s,47m,10Mi
2026-08-11T19:11:01+08:00,free5gc-free5gc-udm-udm-7fbb989b5c-96rtv,45m,17Mi
2026-08-11T19:11:01+08:00,free5gc-free5gc-udr-udr-788647bbb4-jbz5f,44m,13Mi
2026-08-11T19:11:01+08:00,free5gc-free5gc-webui-webui-6785478d49-lwtrb,3m,12Mi
2026-08-11T19:11:01+08:00,mongodb-0,162m,95Mi
2026-08-11T19:11:01+08:00,open5glos-7bb755b95f-bstb4,1m,8Mi
2026-08-11T19:11:03+08:00,dbpython-free5gc-dbpython-dbpython-7fb488c7fc-8vt7q,31m,0Mi
2026-08-11T19:11:03+08:00,free5gc-free5gc-amf-amf-b475fd8cb-pf7kf,46m,25Mi
2026-08-11T19:11:03+08:00,free5gc-free5gc-ausf-ausf-b5f58bf87-5wdc2,39m,21Mi
2026-08-11T19:11:03+08:00,free5gc-free5gc-chf-chf-6f777c7ff8-8mxhq,42m,12Mi
2026-08-11T19:11:03+08:00,free5gc-free5gc-nef-nef-759f694c89-jh7pd,43m,7Mi
2026-08-11T19:11:03+08:00,free5gc-free5gc-nrf-nrf-5766464855-bm2nv,2m,12Mi
2026-08-11T19:11:03+08:00,free5gc-free5gc-nssf-nssf-7f7767dd45-tvbcj,42m,11Mi
2026-08-11T19:11:03+08:00,free5gc-free5gc-pcf-pcf-769b57775d-crzp7,42m,13Mi
2026-08-11T19:11:03+08:00,free5gc-free5gc-smf-smf-7d94c978bf-bzj5s,45m,10Mi
2026-08-11T19:11:03+08:00,free5gc-free5gc-udm-udm-7fbb989b5c-96rtv,42m,17Mi
2026-08-11T19:11:03+08:00,free5gc-free5gc-udr-udr-788647bbb4-jbz5f,40m,13Mi
2026-08-11T19:11:03+08:00,free5gc-free5gc-webui-webui-6785478d49-lwtrb,3m,12Mi
2026-08-11T19:11:03+08:00,mongodb-0,139m,95Mi
2026-08-11T19:11:03+08:00,open5glos-7bb755b95f-bstb4,1m,8Mi
2026-08-11T19:11:05+08:00,dbpython-free5gc-dbpython-dbpython-7fb488c7fc-8vt7q,31m,0Mi
2026-08-11T19:11:05+08:00,free5gc-free5gc-amf-amf-b475fd8cb-pf7kf,46m,25Mi
2026-08-11T19:11:05+08:00,free5gc-free5gc-ausf-ausf-b5f58bf87-5wdc2,39m,21Mi
2026-08-11T19:11:05+08:00,free5gc-free5gc-chf-chf-6f777c7ff8-8mxhq,42m,12Mi
2026-08-11T19:11:05+08:00,free5gc-free5gc-nef-nef-759f694c89-jh7pd,43m,7Mi
2026-08-11T19:11:05+08:00,free5gc-free5gc-nrf-nrf-5766464855-bm2nv,2m,12Mi
2026-08-11T19:11:05+08:00,free5gc-free5gc-nssf-nssf-7f7767dd45-tvbcj,42m,11Mi
2026-08-11T19:11:05+08:00,free5gc-free5gc-pcf-pcf-769b57775d-crzp7,42m,13Mi
2026-08-11T19:11:05+08:00,free5gc-free5gc-smf-smf-7d94c978bf-bzj5s,45m,10Mi
2026-08-11T19:11:05+08:00,free5gc-free5gc-udm-udm-7fbb989b5c-96rtv,42m,17Mi
2026-08-11T19:11:05+08:00,free5gc-free5gc-udr-udr-788647bbb4-jbz5f,40m,13Mi
2026-08-11T19:11:05+08:00,free5gc-free5gc-webui-webui-6785478d49-lwtrb,3m,12Mi
2026-08-11T19:11:05+08:00,mongodb-0,139m,95Mi
2026-08-11T19:11:05+08:00,open5glos-7bb755b95f-bstb4,1m,8Mi
2026-08-11T19:11:08+08:00,dbpython-free5gc-dbpython-dbpython-7fb488c7fc-8vt7q,31m,0Mi
2026-08-11T19:11:08+08:00,free5gc-free5gc-amf-amf-b475fd8cb-pf7kf,46m,25Mi
2026-08-11T19:11:08+08:00,free5gc-free5gc-ausf-ausf-b5f58bf87-5wdc2,39m,21Mi
2026-08-11T19:11:08+08:00,free5gc-free5gc-chf-chf-6f777c7ff8-8mxhq,42m,12Mi
2026-08-11T19:11:08+08:00,free5gc-free5gc-nef-nef-759f694c89-jh7pd,43m,7Mi
2026-08-11T19:11:08+08:00,free5gc-free5gc-nrf-nrf-5766464855-bm2nv,2m,12Mi
2026-08-11T19:11:08+08:00,free5gc-free5gc-nssf-nssf-7f7767dd45-tvbcj,42m,11Mi
2026-08-11T19:11:08+08:00,free5gc-free5gc-pcf-pcf-769b57775d-crzp7,42m,13Mi
2026-08-11T19:11:08+08:00,free5gc-free5gc-smf-smf-7d94c978bf-bzj5s,45m,10Mi
2026-08-11T19:11:08+08:00,free5gc-free5gc-udm-udm-7fbb989b5c-96rtv,42m,17Mi
2026-08-11T19:11:08+08:00,free5gc-free5gc-udr-udr-788647bbb4-jbz5f,40m,13Mi
2026-08-11T19:11:08+08:00,free5gc-free5gc-webui-webui-6785478d49-lwtrb,3m,12Mi
2026-08-11T19:11:08+08:00,mongodb-0,139m,95Mi
2026-08-11T19:11:08+08:00,open5glos-7bb755b95f-bstb4,1m,8Mi
2026-08-11T19:11:10+08:00,dbpython-free5gc-dbpython-dbpython-7fb488c7fc-8vt7q,31m,0Mi
2026-08-11T19:11:10+08:00,free5gc-free5gc-amf-amf-b475fd8cb-pf7kf,46m,25Mi
2026-08-11T19:11:10+08:00,free5gc-free5gc-ausf-ausf-b5f58bf87-5wdc2,39m,21Mi
2026-08-11T19:11:10+08:00,free5gc-free5gc-chf-chf-6f777c7ff8-8mxhq,42m,12Mi
2026-08-11T19:11:10+08:00,free5gc-free5gc-nef-nef-759f694c89-jh7pd,43m,7Mi
2026-08-11T19:11:10+08:00,free5gc-free5gc-nrf-nrf-5766464855-bm2nv,2m,12Mi
2026-08-11T19:11:10+08:00,free5gc-free5gc-nssf-nssf-7f7767dd45-tvbcj,42m,11Mi
2026-08-11T19:11:10+08:00,free5gc-free5gc-pcf-pcf-769b57775d-crzp7,42m,13Mi
2026-08-11T19:11:10+08:00,free5gc-free5gc-smf-smf-7d94c978bf-bzj5s,45m,10Mi
2026-08-11T19:11:10+08:00,free5gc-free5gc-udm-udm-7fbb989b5c-96rtv,42m,17Mi
2026-08-11T19:11:10+08:00,free5gc-free5gc-udr-udr-788647bbb4-jbz5f,40m,13Mi
2026-08-11T19:11:10+08:00,free5gc-free5gc-webui-webui-6785478d49-lwtrb,3m,12Mi
2026-08-11T19:11:10+08:00,mongodb-0,139m,95Mi
2026-08-11T19:11:10+08:00,open5glos-7bb755b95f-bstb4,1m,8Mi
2026-08-11T19:11:12+08:00,dbpython-free5gc-dbpython-dbpython-7fb488c7fc-8vt7q,31m,0Mi
2026-08-11T19:11:12+08:00,free5gc-free5gc-amf-amf-b475fd8cb-pf7kf,46m,25Mi
2026-08-11T19:11:12+08:00,free5gc-free5gc-ausf-ausf-b5f58bf87-5wdc2,39m,21Mi
2026-08-11T19:11:12+08:00,free5gc-free5gc-chf-chf-6f777c7ff8-8mxhq,42m,12Mi
2026-08-11T19:11:12+08:00,free5gc-free5gc-nef-nef-759f694c89-jh7pd,43m,7Mi
2026-08-11T19:11:12+08:00,free5gc-free5gc-nrf-nrf-5766464855-bm2nv,2m,12Mi
2026-08-11T19:11:12+08:00,free5gc-free5gc-nssf-nssf-7f7767dd45-tvbcj,42m,11Mi
2026-08-11T19:11:12+08:00,free5gc-free5gc-pcf-pcf-769b57775d-crzp7,42m,13Mi
2026-08-11T19:11:12+08:00,free5gc-free5gc-smf-smf-7d94c978bf-bzj5s,45m,10Mi
2026-08-11T19:11:12+08:00,free5gc-free5gc-udm-udm-7fbb989b5c-96rtv,42m,17Mi
2026-08-11T19:11:12+08:00,free5gc-free5gc-udr-udr-788647bbb4-jbz5f,40m,13Mi
2026-08-11T19:11:12+08:00,free5gc-free5gc-webui-webui-6785478d49-lwtrb,3m,12Mi
2026-08-11T19:11:12+08:00,mongodb-0,139m,95Mi
2026-08-11T19:11:12+08:00,open5glos-7bb755b95f-bstb4,1m,8Mi
2026-08-11T19:11:14+08:00,dbpython-free5gc-dbpython-dbpython-7fb488c7fc-8vt7q,31m,0Mi
2026-08-11T19:11:14+08:00,free5gc-free5gc-amf-amf-b475fd8cb-pf7kf,46m,25Mi
2026-08-11T19:11:14+08:00,free5gc-free5gc-ausf-ausf-b5f58bf87-5wdc2,39m,21Mi
2026-08-11T19:11:14+08:00,free5gc-free5gc-chf-chf-6f777c7ff8-8mxhq,42m,12Mi
2026-08-11T19:11:14+08:00,free5gc-free5gc-nef-nef-759f694c89-jh7pd,43m,7Mi
2026-08-11T19:11:14+08:00,free5gc-free5gc-nrf-nrf-5766464855-bm2nv,2m,12Mi
2026-08-11T19:11:14+08:00,free5gc-free5gc-nssf-nssf-7f7767dd45-tvbcj,42m,11Mi
2026-08-11T19:11:14+08:00,free5gc-free5gc-pcf-pcf-769b57775d-crzp7,42m,13Mi
2026-08-11T19:11:14+08:00,free5gc-free5gc-smf-smf-7d94c978bf-bzj5s,45m,10Mi
2026-08-11T19:11:14+08:00,free5gc-free5gc-udm-udm-7fbb989b5c-96rtv,42m,17Mi
2026-08-11T19:11:14+08:00,free5gc-free5gc-udr-udr-788647bbb4-jbz5f,40m,13Mi
2026-08-11T19:11:14+08:00,free5gc-free5gc-webui-webui-6785478d49-lwtrb,3m,12Mi
2026-08-11T19:11:14+08:00,mongodb-0,139m,95Mi
2026-08-11T19:11:14+08:00,open5glos-7bb755b95f-bstb4,1m,8Mi
2026-08-11T19:11:16+08:00,dbpython-free5gc-dbpython-dbpython-7fb488c7fc-8vt7q,31m,0Mi
2026-08-11T19:11:16+08:00,free5gc-free5gc-amf-amf-b475fd8cb-pf7kf,46m,25Mi
2026-08-11T19:11:16+08:00,free5gc-free5gc-ausf-ausf-b5f58bf87-5wdc2,39m,21Mi
2026-08-11T19:11:16+08:00,free5gc-free5gc-chf-chf-6f777c7ff8-8mxhq,42m,12Mi
2026-08-11T19:11:16+08:00,free5gc-free5gc-nef-nef-759f694c89-jh7pd,43m,7Mi
2026-08-11T19:11:16+08:00,free5gc-free5gc-nrf-nrf-5766464855-bm2nv,2m,12Mi
2026-08-11T19:11:16+08:00,free5gc-free5gc-nssf-nssf-7f7767dd45-tvbcj,42m,11Mi
2026-08-11T19:11:16+08:00,free5gc-free5gc-pcf-pcf-769b57775d-crzp7,42m,13Mi
2026-08-11T19:11:16+08:00,free5gc-free5gc-smf-smf-7d94c978bf-bzj5s,45m,10Mi
2026-08-11T19:11:16+08:00,free5gc-free5gc-udm-udm-7fbb989b5c-96rtv,42m,17Mi
2026-08-11T19:11:16+08:00,free5gc-free5gc-udr-udr-788647bbb4-jbz5f,40m,13Mi
2026-08-11T19:11:16+08:00,free5gc-free5gc-webui-webui-6785478d49-lwtrb,3m,12Mi
2026-08-11T19:11:16+08:00,mongodb-0,139m,95Mi
2026-08-11T19:11:16+08:00,open5glos-7bb755b95f-bstb4,1m,8Mi
2026-08-11T19:11:19+08:00,dbpython-free5gc-dbpython-dbpython-7fb488c7fc-8vt7q,33m,0Mi
2026-08-11T19:11:19+08:00,free5gc-free5gc-amf-amf-b475fd8cb-pf7kf,42m,25Mi
2026-08-11T19:11:19+08:00,free5gc-free5gc-ausf-ausf-b5f58bf87-5wdc2,47m,21Mi
2026-08-11T19:11:19+08:00,free5gc-free5gc-chf-chf-6f777c7ff8-8mxhq,42m,12Mi
2026-08-11T19:11:19+08:00,free5gc-free5gc-nef-nef-759f694c89-jh7pd,47m,7Mi
2026-08-11T19:11:19+08:00,free5gc-free5gc-nrf-nrf-5766464855-bm2nv,2m,12Mi
2026-08-11T19:11:19+08:00,free5gc-free5gc-nssf-nssf-7f7767dd45-tvbcj,40m,7Mi
2026-08-11T19:11:19+08:00,free5gc-free5gc-pcf-pcf-769b57775d-crzp7,46m,16Mi
2026-08-11T19:11:19+08:00,free5gc-free5gc-smf-smf-7d94c978bf-bzj5s,50m,10Mi
2026-08-11T19:11:19+08:00,free5gc-free5gc-udm-udm-7fbb989b5c-96rtv,43m,17Mi
2026-08-11T19:11:19+08:00,free5gc-free5gc-udr-udr-788647bbb4-jbz5f,50m,13Mi
2026-08-11T19:11:19+08:00,free5gc-free5gc-webui-webui-6785478d49-lwtrb,2m,12Mi
2026-08-11T19:11:19+08:00,mongodb-0,158m,95Mi
2026-08-11T19:11:19+08:00,open5glos-7bb755b95f-bstb4,1m,8Mi
2026-08-11T19:11:21+08:00,dbpython-free5gc-dbpython-dbpython-7fb488c7fc-8vt7q,33m,0Mi
2026-08-11T19:11:21+08:00,free5gc-free5gc-amf-amf-b475fd8cb-pf7kf,42m,25Mi
2026-08-11T19:11:21+08:00,free5gc-free5gc-ausf-ausf-b5f58bf87-5wdc2,47m,21Mi
2026-08-11T19:11:21+08:00,free5gc-free5gc-chf-chf-6f777c7ff8-8mxhq,42m,12Mi
2026-08-11T19:11:21+08:00,free5gc-free5gc-nef-nef-759f694c89-jh7pd,47m,7Mi
2026-08-11T19:11:21+08:00,free5gc-free5gc-nrf-nrf-5766464855-bm2nv,2m,12Mi
2026-08-11T19:11:21+08:00,free5gc-free5gc-nssf-nssf-7f7767dd45-tvbcj,40m,7Mi
2026-08-11T19:11:21+08:00,free5gc-free5gc-pcf-pcf-769b57775d-crzp7,46m,16Mi
2026-08-11T19:11:21+08:00,free5gc-free5gc-smf-smf-7d94c978bf-bzj5s,50m,10Mi
2026-08-11T19:11:21+08:00,free5gc-free5gc-udm-udm-7fbb989b5c-96rtv,43m,17Mi
2026-08-11T19:11:21+08:00,free5gc-free5gc-udr-udr-788647bbb4-jbz5f,50m,13Mi
2026-08-11T19:11:21+08:00,free5gc-free5gc-webui-webui-6785478d49-lwtrb,2m,12Mi
2026-08-11T19:11:21+08:00,mongodb-0,158m,95Mi
2026-08-11T19:11:21+08:00,open5glos-7bb755b95f-bstb4,1m,8Mi
2026-08-11T19:11:23+08:00,dbpython-free5gc-dbpython-dbpython-7fb488c7fc-8vt7q,33m,0Mi
2026-08-11T19:11:23+08:00,free5gc-free5gc-amf-amf-b475fd8cb-pf7kf,42m,25Mi
2026-08-11T19:11:23+08:00,free5gc-free5gc-ausf-ausf-b5f58bf87-5wdc2,47m,21Mi
2026-08-11T19:11:23+08:00,free5gc-free5gc-chf-chf-6f777c7ff8-8mxhq,42m,12Mi
2026-08-11T19:11:23+08:00,free5gc-free5gc-nef-nef-759f694c89-jh7pd,47m,7Mi
2026-08-11T19:11:23+08:00,free5gc-free5gc-nrf-nrf-5766464855-bm2nv,2m,12Mi
2026-08-11T19:11:23+08:00,free5gc-free5gc-nssf-nssf-7f7767dd45-tvbcj,40m,7Mi
2026-08-11T19:11:23+08:00,free5gc-free5gc-pcf-pcf-769b57775d-crzp7,46m,16Mi
2026-08-11T19:11:23+08:00,free5gc-free5gc-smf-smf-7d94c978bf-bzj5s,50m,10Mi
2026-08-11T19:11:23+08:00,free5gc-free5gc-udm-udm-7fbb989b5c-96rtv,43m,17Mi
2026-08-11T19:11:23+08:00,free5gc-free5gc-udr-udr-788647bbb4-jbz5f,50m,13Mi
2026-08-11T19:11:23+08:00,free5gc-free5gc-webui-webui-6785478d49-lwtrb,2m,12Mi
2026-08-11T19:11:23+08:00,mongodb-0,158m,95Mi
2026-08-11T19:11:23+08:00,open5glos-7bb755b95f-bstb4,1m,8Mi
2026-08-11T19:11:25+08:00,dbpython-free5gc-dbpython-dbpython-7fb488c7fc-8vt7q,33m,0Mi
2026-08-11T19:11:25+08:00,free5gc-free5gc-amf-amf-b475fd8cb-pf7kf,42m,25Mi
2026-08-11T19:11:25+08:00,free5gc-free5gc-ausf-ausf-b5f58bf87-5wdc2,47m,21Mi
2026-08-11T19:11:25+08:00,free5gc-free5gc-chf-chf-6f777c7ff8-8mxhq,42m,12Mi
2026-08-11T19:11:25+08:00,free5gc-free5gc-nef-nef-759f694c89-jh7pd,47m,7Mi
2026-08-11T19:11:25+08:00,free5gc-free5gc-nrf-nrf-5766464855-bm2nv,2m,12Mi
2026-08-11T19:11:25+08:00,free5gc-free5gc-nssf-nssf-7f7767dd45-tvbcj,40m,7Mi
2026-08-11T19:11:25+08:00,free5gc-free5gc-pcf-pcf-769b57775d-crzp7,46m,16Mi
2026-08-11T19:11:25+08:00,free5gc-free5gc-smf-smf-7d94c978bf-bzj5s,50m,10Mi
2026-08-11T19:11:25+08:00,free5gc-free5gc-udm-udm-7fbb989b5c-96rtv,43m,17Mi
2026-08-11T19:11:25+08:00,free5gc-free5gc-udr-udr-788647bbb4-jbz5f,50m,13Mi
2026-08-11T19:11:25+08:00,free5gc-free5gc-webui-webui-6785478d49-lwtrb,2m,12Mi
2026-08-11T19:11:25+08:00,mongodb-0,158m,95Mi
2026-08-11T19:11:25+08:00,open5glos-7bb755b95f-bstb4,1m,8Mi
2026-08-11T19:11:27+08:00,dbpython-free5gc-dbpython-dbpython-7fb488c7fc-8vt7q,33m,0Mi
2026-08-11T19:11:27+08:00,free5gc-free5gc-amf-amf-b475fd8cb-pf7kf,42m,25Mi
2026-08-11T19:11:27+08:00,free5gc-free5gc-ausf-ausf-b5f58bf87-5wdc2,47m,21Mi
2026-08-11T19:11:27+08:00,free5gc-free5gc-chf-chf-6f777c7ff8-8mxhq,42m,12Mi
2026-08-11T19:11:27+08:00,free5gc-free5gc-nef-nef-759f694c89-jh7pd,47m,7Mi
2026-08-11T19:11:27+08:00,free5gc-free5gc-nrf-nrf-5766464855-bm2nv,2m,12Mi
2026-08-11T19:11:27+08:00,free5gc-free5gc-nssf-nssf-7f7767dd45-tvbcj,40m,7Mi
2026-08-11T19:11:27+08:00,free5gc-free5gc-pcf-pcf-769b57775d-crzp7,46m,16Mi
2026-08-11T19:11:27+08:00,free5gc-free5gc-smf-smf-7d94c978bf-bzj5s,50m,10Mi
2026-08-11T19:11:27+08:00,free5gc-free5gc-udm-udm-7fbb989b5c-96rtv,43m,17Mi
2026-08-11T19:11:27+08:00,free5gc-free5gc-udr-udr-788647bbb4-jbz5f,50m,13Mi
2026-08-11T19:11:27+08:00,free5gc-free5gc-webui-webui-6785478d49-lwtrb,2m,12Mi
2026-08-11T19:11:27+08:00,mongodb-0,158m,95Mi
2026-08-11T19:11:27+08:00,open5glos-7bb755b95f-bstb4,1m,8Mi
2026-08-11T19:11:29+08:00,dbpython-free5gc-dbpython-dbpython-7fb488c7fc-8vt7q,33m,0Mi
2026-08-11T19:11:29+08:00,free5gc-free5gc-amf-amf-b475fd8cb-pf7kf,42m,25Mi
2026-08-11T19:11:29+08:00,free5gc-free5gc-ausf-ausf-b5f58bf87-5wdc2,47m,21Mi
2026-08-11T19:11:29+08:00,free5gc-free5gc-chf-chf-6f777c7ff8-8mxhq,42m,12Mi
2026-08-11T19:11:29+08:00,free5gc-free5gc-nef-nef-759f694c89-jh7pd,47m,7Mi
2026-08-11T19:11:29+08:00,free5gc-free5gc-nrf-nrf-5766464855-bm2nv,2m,12Mi
2026-08-11T19:11:29+08:00,free5gc-free5gc-nssf-nssf-7f7767dd45-tvbcj,40m,7Mi
2026-08-11T19:11:29+08:00,free5gc-free5gc-pcf-pcf-769b57775d-crzp7,46m,16Mi
2026-08-11T19:11:29+08:00,free5gc-free5gc-smf-smf-7d94c978bf-bzj5s,50m,10Mi
2026-08-11T19:11:29+08:00,free5gc-free5gc-udm-udm-7fbb989b5c-96rtv,43m,17Mi
2026-08-11T19:11:29+08:00,free5gc-free5gc-udr-udr-788647bbb4-jbz5f,50m,13Mi
2026-08-11T19:11:29+08:00,free5gc-free5gc-webui-webui-6785478d49-lwtrb,2m,12Mi
2026-08-11T19:11:29+08:00,mongodb-0,158m,95Mi
2026-08-11T19:11:29+08:00,open5glos-7bb755b95f-bstb4,1m,8Mi
2026-08-11T19:11:31+08:00,dbpython-free5gc-dbpython-dbpython-7fb488c7fc-8vt7q,33m,0Mi
2026-08-11T19:11:31+08:00,free5gc-free5gc-amf-amf-b475fd8cb-pf7kf,42m,25Mi
2026-08-11T19:11:31+08:00,free5gc-free5gc-ausf-ausf-b5f58bf87-5wdc2,47m,21Mi
2026-08-11T19:11:31+08:00,free5gc-free5gc-chf-chf-6f777c7ff8-8mxhq,42m,12Mi
2026-08-11T19:11:31+08:00,free5gc-free5gc-nef-nef-759f694c89-jh7pd,47m,7Mi
2026-08-11T19:11:31+08:00,free5gc-free5gc-nrf-nrf-5766464855-bm2nv,2m,12Mi
2026-08-11T19:11:31+08:00,free5gc-free5gc-nssf-nssf-7f7767dd45-tvbcj,40m,7Mi
2026-08-11T19:11:31+08:00,free5gc-free5gc-pcf-pcf-769b57775d-crzp7,46m,16Mi
2026-08-11T19:11:31+08:00,free5gc-free5gc-smf-smf-7d94c978bf-bzj5s,50m,10Mi
2026-08-11T19:11:31+08:00,free5gc-free5gc-udm-udm-7fbb989b5c-96rtv,43m,17Mi
2026-08-11T19:11:31+08:00,free5gc-free5gc-udr-udr-788647bbb4-jbz5f,50m,13Mi
2026-08-11T19:11:31+08:00,free5gc-free5gc-webui-webui-6785478d49-lwtrb,2m,12Mi
2026-08-11T19:11:31+08:00,mongodb-0,158m,95Mi
2026-08-11T19:11:31+08:00,open5glos-7bb755b95f-bstb4,1m,8Mi
2026-08-11T19:11:34+08:00,dbpython-free5gc-dbpython-dbpython-7fb488c7fc-8vt7q,35m,0Mi
2026-08-11T19:11:34+08:00,free5gc-free5gc-amf-amf-b475fd8cb-pf7kf,45m,24Mi
2026-08-11T19:11:34+08:00,free5gc-free5gc-ausf-ausf-b5f58bf87-5wdc2,43m,21Mi
2026-08-11T19:11:34+08:00,free5gc-free5gc-chf-chf-6f777c7ff8-8mxhq,44m,12Mi
2026-08-11T19:11:34+08:00,free5gc-free5gc-nef-nef-759f694c89-jh7pd,41m,7Mi
2026-08-11T19:11:34+08:00,free5gc-free5gc-nrf-nrf-5766464855-bm2nv,3m,11Mi
2026-08-11T19:11:34+08:00,free5gc-free5gc-nssf-nssf-7f7767dd45-tvbcj,46m,7Mi
2026-08-11T19:11:34+08:00,free5gc-free5gc-pcf-pcf-769b57775d-crzp7,46m,13Mi
2026-08-11T19:11:34+08:00,free5gc-free5gc-smf-smf-7d94c978bf-bzj5s,46m,10Mi
2026-08-11T19:11:34+08:00,free5gc-free5gc-udm-udm-7fbb989b5c-96rtv,46m,17Mi
2026-08-11T19:11:34+08:00,free5gc-free5gc-udr-udr-788647bbb4-jbz5f,44m,13Mi
2026-08-11T19:11:34+08:00,free5gc-free5gc-webui-webui-6785478d49-lwtrb,3m,12Mi
2026-08-11T19:11:34+08:00,mongodb-0,167m,95Mi
2026-08-11T19:11:34+08:00,open5glos-7bb755b95f-bstb4,1m,8Mi
2026-08-11T19:11:36+08:00,dbpython-free5gc-dbpython-dbpython-7fb488c7fc-8vt7q,35m,0Mi
2026-08-11T19:11:36+08:00,free5gc-free5gc-amf-amf-b475fd8cb-pf7kf,45m,24Mi
2026-08-11T19:11:36+08:00,free5gc-free5gc-ausf-ausf-b5f58bf87-5wdc2,43m,21Mi
2026-08-11T19:11:36+08:00,free5gc-free5gc-chf-chf-6f777c7ff8-8mxhq,44m,12Mi
2026-08-11T19:11:36+08:00,free5gc-free5gc-nef-nef-759f694c89-jh7pd,41m,7Mi
2026-08-11T19:11:36+08:00,free5gc-free5gc-nrf-nrf-5766464855-bm2nv,3m,11Mi
2026-08-11T19:11:36+08:00,free5gc-free5gc-nssf-nssf-7f7767dd45-tvbcj,46m,7Mi
2026-08-11T19:11:36+08:00,free5gc-free5gc-pcf-pcf-769b57775d-crzp7,46m,13Mi
2026-08-11T19:11:36+08:00,free5gc-free5gc-smf-smf-7d94c978bf-bzj5s,46m,10Mi
2026-08-11T19:11:36+08:00,free5gc-free5gc-udm-udm-7fbb989b5c-96rtv,46m,17Mi
2026-08-11T19:11:36+08:00,free5gc-free5gc-udr-udr-788647bbb4-jbz5f,44m,13Mi
2026-08-11T19:11:36+08:00,free5gc-free5gc-webui-webui-6785478d49-lwtrb,3m,12Mi
2026-08-11T19:11:36+08:00,mongodb-0,167m,95Mi
2026-08-11T19:11:36+08:00,open5glos-7bb755b95f-bstb4,1m,8Mi
2026-08-11T19:11:38+08:00,dbpython-free5gc-dbpython-dbpython-7fb488c7fc-8vt7q,35m,0Mi
2026-08-11T19:11:38+08:00,free5gc-free5gc-amf-amf-b475fd8cb-pf7kf,45m,24Mi
2026-08-11T19:11:38+08:00,free5gc-free5gc-ausf-ausf-b5f58bf87-5wdc2,43m,21Mi
2026-08-11T19:11:38+08:00,free5gc-free5gc-chf-chf-6f777c7ff8-8mxhq,44m,12Mi
2026-08-11T19:11:38+08:00,free5gc-free5gc-nef-nef-759f694c89-jh7pd,41m,7Mi
2026-08-11T19:11:38+08:00,free5gc-free5gc-nrf-nrf-5766464855-bm2nv,3m,11Mi
2026-08-11T19:11:38+08:00,free5gc-free5gc-nssf-nssf-7f7767dd45-tvbcj,46m,7Mi
2026-08-11T19:11:38+08:00,free5gc-free5gc-pcf-pcf-769b57775d-crzp7,46m,13Mi
2026-08-11T19:11:38+08:00,free5gc-free5gc-smf-smf-7d94c978bf-bzj5s,46m,10Mi
2026-08-11T19:11:38+08:00,free5gc-free5gc-udm-udm-7fbb989b5c-96rtv,46m,17Mi
2026-08-11T19:11:38+08:00,free5gc-free5gc-udr-udr-788647bbb4-jbz5f,44m,13Mi
2026-08-11T19:11:38+08:00,free5gc-free5gc-webui-webui-6785478d49-lwtrb,3m,12Mi
2026-08-11T19:11:38+08:00,mongodb-0,167m,95Mi
2026-08-11T19:11:38+08:00,open5glos-7bb755b95f-bstb4,1m,8Mi
2026-08-11T19:11:40+08:00,dbpython-free5gc-dbpython-dbpython-7fb488c7fc-8vt7q,35m,0Mi
2026-08-11T19:11:40+08:00,free5gc-free5gc-amf-amf-b475fd8cb-pf7kf,45m,24Mi
2026-08-11T19:11:40+08:00,free5gc-free5gc-ausf-ausf-b5f58bf87-5wdc2,43m,21Mi
2026-08-11T19:11:40+08:00,free5gc-free5gc-chf-chf-6f777c7ff8-8mxhq,44m,12Mi
2026-08-11T19:11:40+08:00,free5gc-free5gc-nef-nef-759f694c89-jh7pd,41m,7Mi
2026-08-11T19:11:40+08:00,free5gc-free5gc-nrf-nrf-5766464855-bm2nv,3m,11Mi
2026-08-11T19:11:40+08:00,free5gc-free5gc-nssf-nssf-7f7767dd45-tvbcj,46m,7Mi
2026-08-11T19:11:40+08:00,free5gc-free5gc-pcf-pcf-769b57775d-crzp7,46m,13Mi
2026-08-11T19:11:40+08:00,free5gc-free5gc-smf-smf-7d94c978bf-bzj5s,46m,10Mi
2026-08-11T19:11:40+08:00,free5gc-free5gc-udm-udm-7fbb989b5c-96rtv,46m,17Mi
2026-08-11T19:11:40+08:00,free5gc-free5gc-udr-udr-788647bbb4-jbz5f,44m,13Mi
2026-08-11T19:11:40+08:00,free5gc-free5gc-webui-webui-6785478d49-lwtrb,3m,12Mi
2026-08-11T19:11:40+08:00,mongodb-0,167m,95Mi
2026-08-11T19:11:40+08:00,open5glos-7bb755b95f-bstb4,1m,8Mi
2026-08-11T19:11:42+08:00,dbpython-free5gc-dbpython-dbpython-7fb488c7fc-8vt7q,35m,0Mi
2026-08-11T19:11:42+08:00,free5gc-free5gc-amf-amf-b475fd8cb-pf7kf,45m,24Mi
2026-08-11T19:11:42+08:00,free5gc-free5gc-ausf-ausf-b5f58bf87-5wdc2,43m,21Mi
2026-08-11T19:11:42+08:00,free5gc-free5gc-chf-chf-6f777c7ff8-8mxhq,44m,12Mi
2026-08-11T19:11:42+08:00,free5gc-free5gc-nef-nef-759f694c89-jh7pd,41m,7Mi
2026-08-11T19:11:42+08:00,free5gc-free5gc-nrf-nrf-5766464855-bm2nv,3m,11Mi
2026-08-11T19:11:42+08:00,free5gc-free5gc-nssf-nssf-7f7767dd45-tvbcj,46m,7Mi
2026-08-11T19:11:42+08:00,free5gc-free5gc-pcf-pcf-769b57775d-crzp7,46m,13Mi
2026-08-11T19:11:42+08:00,free5gc-free5gc-smf-smf-7d94c978bf-bzj5s,46m,10Mi
2026-08-11T19:11:42+08:00,free5gc-free5gc-udm-udm-7fbb989b5c-96rtv,46m,17Mi
2026-08-11T19:11:42+08:00,free5gc-free5gc-udr-udr-788647bbb4-jbz5f,44m,13Mi
2026-08-11T19:11:42+08:00,free5gc-free5gc-webui-webui-6785478d49-lwtrb,3m,12Mi
2026-08-11T19:11:42+08:00,mongodb-0,167m,95Mi
2026-08-11T19:11:42+08:00,open5glos-7bb755b95f-bstb4,1m,8Mi
2026-08-11T19:11:45+08:00,dbpython-free5gc-dbpython-dbpython-7fb488c7fc-8vt7q,35m,0Mi
2026-08-11T19:11:45+08:00,free5gc-free5gc-amf-amf-b475fd8cb-pf7kf,45m,24Mi
2026-08-11T19:11:45+08:00,free5gc-free5gc-ausf-ausf-b5f58bf87-5wdc2,43m,21Mi
2026-08-11T19:11:45+08:00,free5gc-free5gc-chf-chf-6f777c7ff8-8mxhq,44m,12Mi
2026-08-11T19:11:45+08:00,free5gc-free5gc-nef-nef-759f694c89-jh7pd,41m,7Mi
2026-08-11T19:11:45+08:00,free5gc-free5gc-nrf-nrf-5766464855-bm2nv,3m,11Mi
2026-08-11T19:11:45+08:00,free5gc-free5gc-nssf-nssf-7f7767dd45-tvbcj,46m,7Mi
2026-08-11T19:11:45+08:00,free5gc-free5gc-pcf-pcf-769b57775d-crzp7,46m,13Mi
2026-08-11T19:11:45+08:00,free5gc-free5gc-smf-smf-7d94c978bf-bzj5s,46m,10Mi
2026-08-11T19:11:45+08:00,free5gc-free5gc-udm-udm-7fbb989b5c-96rtv,46m,17Mi
2026-08-11T19:11:45+08:00,free5gc-free5gc-udr-udr-788647bbb4-jbz5f,44m,13Mi
2026-08-11T19:11:45+08:00,free5gc-free5gc-webui-webui-6785478d49-lwtrb,3m,12Mi
2026-08-11T19:11:45+08:00,mongodb-0,167m,95Mi
2026-08-11T19:11:45+08:00,open5glos-7bb755b95f-bstb4,1m,8Mi
2026-08-11T19:11:47+08:00,dbpython-free5gc-dbpython-dbpython-7fb488c7fc-8vt7q,35m,0Mi
2026-08-11T19:11:47+08:00,free5gc-free5gc-amf-amf-b475fd8cb-pf7kf,45m,24Mi
2026-08-11T19:11:47+08:00,free5gc-free5gc-ausf-ausf-b5f58bf87-5wdc2,43m,21Mi
2026-08-11T19:11:47+08:00,free5gc-free5gc-chf-chf-6f777c7ff8-8mxhq,44m,12Mi
2026-08-11T19:11:47+08:00,free5gc-free5gc-nef-nef-759f694c89-jh7pd,41m,7Mi
2026-08-11T19:11:47+08:00,free5gc-free5gc-nrf-nrf-5766464855-bm2nv,3m,11Mi
2026-08-11T19:11:47+08:00,free5gc-free5gc-nssf-nssf-7f7767dd45-tvbcj,46m,7Mi
2026-08-11T19:11:47+08:00,free5gc-free5gc-pcf-pcf-769b57775d-crzp7,46m,13Mi
2026-08-11T19:11:47+08:00,free5gc-free5gc-smf-smf-7d94c978bf-bzj5s,46m,10Mi
2026-08-11T19:11:47+08:00,free5gc-free5gc-udm-udm-7fbb989b5c-96rtv,46m,17Mi
2026-08-11T19:11:47+08:00,free5gc-free5gc-udr-udr-788647bbb4-jbz5f,44m,13Mi
2026-08-11T19:11:47+08:00,free5gc-free5gc-webui-webui-6785478d49-lwtrb,3m,12Mi
2026-08-11T19:11:47+08:00,mongodb-0,167m,95Mi
2026-08-11T19:11:47+08:00,open5glos-7bb755b95f-bstb4,1m,8Mi
2026-08-11T19:11:49+08:00,dbpython-free5gc-dbpython-dbpython-7fb488c7fc-8vt7q,31m,0Mi
2026-08-11T19:11:49+08:00,free5gc-free5gc-amf-amf-b475fd8cb-pf7kf,40m,24Mi
2026-08-11T19:11:49+08:00,free5gc-free5gc-ausf-ausf-b5f58bf87-5wdc2,45m,21Mi
2026-08-11T19:11:49+08:00,free5gc-free5gc-chf-chf-6f777c7ff8-8mxhq,40m,12Mi
2026-08-11T19:11:49+08:00,free5gc-free5gc-nef-nef-759f694c89-jh7pd,43m,7Mi
2026-08-11T19:11:49+08:00,free5gc-free5gc-nrf-nrf-5766464855-bm2nv,2m,11Mi
2026-08-11T19:11:49+08:00,free5gc-free5gc-nssf-nssf-7f7767dd45-tvbcj,44m,7Mi
2026-08-11T19:11:49+08:00,free5gc-free5gc-pcf-pcf-769b57775d-crzp7,44m,12Mi
2026-08-11T19:11:49+08:00,free5gc-free5gc-smf-smf-7d94c978bf-bzj5s,46m,13Mi
2026-08-11T19:11:49+08:00,free5gc-free5gc-udm-udm-7fbb989b5c-96rtv,40m,17Mi
2026-08-11T19:11:49+08:00,free5gc-free5gc-udr-udr-788647bbb4-jbz5f,47m,13Mi
2026-08-11T19:11:49+08:00,free5gc-free5gc-webui-webui-6785478d49-lwtrb,3m,12Mi
2026-08-11T19:11:49+08:00,mongodb-0,167m,95Mi
2026-08-11T19:11:49+08:00,open5glos-7bb755b95f-bstb4,1m,8Mi
2026-08-11T19:11:51+08:00,dbpython-free5gc-dbpython-dbpython-7fb488c7fc-8vt7q,31m,0Mi
2026-08-11T19:11:51+08:00,free5gc-free5gc-amf-amf-b475fd8cb-pf7kf,40m,24Mi
2026-08-11T19:11:51+08:00,free5gc-free5gc-ausf-ausf-b5f58bf87-5wdc2,45m,21Mi
2026-08-11T19:11:51+08:00,free5gc-free5gc-chf-chf-6f777c7ff8-8mxhq,40m,12Mi
2026-08-11T19:11:51+08:00,free5gc-free5gc-nef-nef-759f694c89-jh7pd,43m,7Mi
2026-08-11T19:11:51+08:00,free5gc-free5gc-nrf-nrf-5766464855-bm2nv,2m,11Mi
2026-08-11T19:11:51+08:00,free5gc-free5gc-nssf-nssf-7f7767dd45-tvbcj,44m,7Mi
2026-08-11T19:11:51+08:00,free5gc-free5gc-pcf-pcf-769b57775d-crzp7,44m,12Mi
2026-08-11T19:11:51+08:00,free5gc-free5gc-smf-smf-7d94c978bf-bzj5s,46m,13Mi
2026-08-11T19:11:51+08:00,free5gc-free5gc-udm-udm-7fbb989b5c-96rtv,40m,17Mi
2026-08-11T19:11:51+08:00,free5gc-free5gc-udr-udr-788647bbb4-jbz5f,47m,13Mi
2026-08-11T19:11:51+08:00,free5gc-free5gc-webui-webui-6785478d49-lwtrb,3m,12Mi
2026-08-11T19:11:51+08:00,mongodb-0,167m,95Mi
2026-08-11T19:11:51+08:00,open5glos-7bb755b95f-bstb4,1m,8Mi
2026-08-11T19:11:53+08:00,dbpython-free5gc-dbpython-dbpython-7fb488c7fc-8vt7q,31m,0Mi
2026-08-11T19:11:53+08:00,free5gc-free5gc-amf-amf-b475fd8cb-pf7kf,40m,24Mi
2026-08-11T19:11:53+08:00,free5gc-free5gc-ausf-ausf-b5f58bf87-5wdc2,45m,21Mi
2026-08-11T19:11:53+08:00,free5gc-free5gc-chf-chf-6f777c7ff8-8mxhq,40m,12Mi
2026-08-11T19:11:53+08:00,free5gc-free5gc-nef-nef-759f694c89-jh7pd,43m,7Mi
2026-08-11T19:11:53+08:00,free5gc-free5gc-nrf-nrf-5766464855-bm2nv,2m,11Mi
2026-08-11T19:11:53+08:00,free5gc-free5gc-nssf-nssf-7f7767dd45-tvbcj,44m,7Mi
2026-08-11T19:11:53+08:00,free5gc-free5gc-pcf-pcf-769b57775d-crzp7,44m,12Mi
2026-08-11T19:11:53+08:00,free5gc-free5gc-smf-smf-7d94c978bf-bzj5s,46m,13Mi
2026-08-11T19:11:53+08:00,free5gc-free5gc-udm-udm-7fbb989b5c-96rtv,40m,17Mi
2026-08-11T19:11:53+08:00,free5gc-free5gc-udr-udr-788647bbb4-jbz5f,47m,13Mi
2026-08-11T19:11:53+08:00,free5gc-free5gc-webui-webui-6785478d49-lwtrb,3m,12Mi
2026-08-11T19:11:53+08:00,mongodb-0,167m,95Mi
2026-08-11T19:11:53+08:00,open5glos-7bb755b95f-bstb4,1m,8Mi
2026-08-11T19:11:55+08:00,dbpython-free5gc-dbpython-dbpython-7fb488c7fc-8vt7q,31m,0Mi
2026-08-11T19:11:55+08:00,free5gc-free5gc-amf-amf-b475fd8cb-pf7kf,40m,24Mi
2026-08-11T19:11:55+08:00,free5gc-free5gc-ausf-ausf-b5f58bf87-5wdc2,45m,21Mi
2026-08-11T19:11:55+08:00,free5gc-free5gc-chf-chf-6f777c7ff8-8mxhq,40m,12Mi
2026-08-11T19:11:55+08:00,free5gc-free5gc-nef-nef-759f694c89-jh7pd,43m,7Mi
2026-08-11T19:11:55+08:00,free5gc-free5gc-nrf-nrf-5766464855-bm2nv,2m,11Mi
2026-08-11T19:11:55+08:00,free5gc-free5gc-nssf-nssf-7f7767dd45-tvbcj,44m,7Mi
2026-08-11T19:11:55+08:00,free5gc-free5gc-pcf-pcf-769b57775d-crzp7,44m,12Mi
2026-08-11T19:11:55+08:00,free5gc-free5gc-smf-smf-7d94c978bf-bzj5s,46m,13Mi
2026-08-11T19:11:55+08:00,free5gc-free5gc-udm-udm-7fbb989b5c-96rtv,40m,17Mi
2026-08-11T19:11:55+08:00,free5gc-free5gc-udr-udr-788647bbb4-jbz5f,47m,13Mi
2026-08-11T19:11:55+08:00,free5gc-free5gc-webui-webui-6785478d49-lwtrb,3m,12Mi
2026-08-11T19:11:55+08:00,mongodb-0,167m,95Mi
2026-08-11T19:11:55+08:00,open5glos-7bb755b95f-bstb4,1m,8Mi
2026-08-11T19:11:57+08:00,dbpython-free5gc-dbpython-dbpython-7fb488c7fc-8vt7q,31m,0Mi
2026-08-11T19:11:57+08:00,free5gc-free5gc-amf-amf-b475fd8cb-pf7kf,40m,24Mi
2026-08-11T19:11:57+08:00,free5gc-free5gc-ausf-ausf-b5f58bf87-5wdc2,45m,21Mi
2026-08-11T19:11:57+08:00,free5gc-free5gc-chf-chf-6f777c7ff8-8mxhq,40m,12Mi
2026-08-11T19:11:57+08:00,free5gc-free5gc-nef-nef-759f694c89-jh7pd,43m,7Mi
2026-08-11T19:11:57+08:00,free5gc-free5gc-nrf-nrf-5766464855-bm2nv,2m,11Mi
2026-08-11T19:11:57+08:00,free5gc-free5gc-nssf-nssf-7f7767dd45-tvbcj,44m,7Mi
2026-08-11T19:11:57+08:00,free5gc-free5gc-pcf-pcf-769b57775d-crzp7,44m,12Mi
2026-08-11T19:11:57+08:00,free5gc-free5gc-smf-smf-7d94c978bf-bzj5s,46m,13Mi
2026-08-11T19:11:57+08:00,free5gc-free5gc-udm-udm-7fbb989b5c-96rtv,40m,17Mi
2026-08-11T19:11:57+08:00,free5gc-free5gc-udr-udr-788647bbb4-jbz5f,47m,13Mi
2026-08-11T19:11:57+08:00,free5gc-free5gc-webui-webui-6785478d49-lwtrb,3m,12Mi
2026-08-11T19:11:57+08:00,mongodb-0,167m,95Mi
2026-08-11T19:11:57+08:00,open5glos-7bb755b95f-bstb4,1m,8Mi
2026-08-11T19:12:00+08:00,dbpython-free5gc-dbpython-dbpython-7fb488c7fc-8vt7q,31m,0Mi
2026-08-11T19:12:00+08:00,free5gc-free5gc-amf-amf-b475fd8cb-pf7kf,40m,24Mi
2026-08-11T19:12:00+08:00,free5gc-free5gc-ausf-ausf-b5f58bf87-5wdc2,45m,21Mi
2026-08-11T19:12:00+08:00,free5gc-free5gc-chf-chf-6f777c7ff8-8mxhq,40m,12Mi
2026-08-11T19:12:00+08:00,free5gc-free5gc-nef-nef-759f694c89-jh7pd,43m,7Mi
2026-08-11T19:12:00+08:00,free5gc-free5gc-nrf-nrf-5766464855-bm2nv,2m,11Mi
2026-08-11T19:12:00+08:00,free5gc-free5gc-nssf-nssf-7f7767dd45-tvbcj,44m,7Mi
2026-08-11T19:12:00+08:00,free5gc-free5gc-pcf-pcf-769b57775d-crzp7,44m,12Mi
2026-08-11T19:12:00+08:00,free5gc-free5gc-smf-smf-7d94c978bf-bzj5s,46m,13Mi
2026-08-11T19:12:00+08:00,free5gc-free5gc-udm-udm-7fbb989b5c-96rtv,40m,17Mi
2026-08-11T19:12:00+08:00,free5gc-free5gc-udr-udr-788647bbb4-jbz5f,47m,13Mi
2026-08-11T19:12:00+08:00,free5gc-free5gc-webui-webui-6785478d49-lwtrb,3m,12Mi
2026-08-11T19:12:00+08:00,mongodb-0,167m,95Mi
2026-08-11T19:12:00+08:00,open5glos-7bb755b95f-bstb4,1m,8Mi
2026-08-11T19:12:02+08:00,dbpython-free5gc-dbpython-dbpython-7fb488c7fc-8vt7q,31m,0Mi
2026-08-11T19:12:02+08:00,free5gc-free5gc-amf-amf-b475fd8cb-pf7kf,40m,24Mi
2026-08-11T19:12:02+08:00,free5gc-free5gc-ausf-ausf-b5f58bf87-5wdc2,45m,21Mi
2026-08-11T19:12:02+08:00,free5gc-free5gc-chf-chf-6f777c7ff8-8mxhq,40m,12Mi
2026-08-11T19:12:02+08:00,free5gc-free5gc-nef-nef-759f694c89-jh7pd,43m,7Mi
2026-08-11T19:12:02+08:00,free5gc-free5gc-nrf-nrf-5766464855-bm2nv,2m,11Mi
2026-08-11T19:12:02+08:00,free5gc-free5gc-nssf-nssf-7f7767dd45-tvbcj,44m,7Mi
2026-08-11T19:12:02+08:00,free5gc-free5gc-pcf-pcf-769b57775d-crzp7,44m,12Mi
2026-08-11T19:12:02+08:00,free5gc-free5gc-smf-smf-7d94c978bf-bzj5s,46m,13Mi
2026-08-11T19:12:02+08:00,free5gc-free5gc-udm-udm-7fbb989b5c-96rtv,40m,17Mi
2026-08-11T19:12:02+08:00,free5gc-free5gc-udr-udr-788647bbb4-jbz5f,47m,13Mi
2026-08-11T19:12:02+08:00,free5gc-free5gc-webui-webui-6785478d49-lwtrb,3m,12Mi
2026-08-11T19:12:02+08:00,mongodb-0,167m,95Mi
2026-08-11T19:12:02+08:00,open5glos-7bb755b95f-bstb4,1m,8Mi
2026-08-11T19:12:04+08:00,dbpython-free5gc-dbpython-dbpython-7fb488c7fc-8vt7q,30m,0Mi
2026-08-11T19:12:04+08:00,free5gc-free5gc-amf-amf-b475fd8cb-pf7kf,44m,24Mi
2026-08-11T19:12:04+08:00,free5gc-free5gc-ausf-ausf-b5f58bf87-5wdc2,42m,24Mi
2026-08-11T19:12:04+08:00,free5gc-free5gc-chf-chf-6f777c7ff8-8mxhq,40m,12Mi
2026-08-11T19:12:04+08:00,free5gc-free5gc-nef-nef-759f694c89-jh7pd,43m,7Mi
2026-08-11T19:12:04+08:00,free5gc-free5gc-nrf-nrf-5766464855-bm2nv,2m,11Mi
2026-08-11T19:12:04+08:00,free5gc-free5gc-nssf-nssf-7f7767dd45-tvbcj,44m,7Mi
2026-08-11T19:12:04+08:00,free5gc-free5gc-pcf-pcf-769b57775d-crzp7,47m,15Mi
2026-08-11T19:12:04+08:00,free5gc-free5gc-smf-smf-7d94c978bf-bzj5s,46m,13Mi
2026-08-11T19:12:04+08:00,free5gc-free5gc-udm-udm-7fbb989b5c-96rtv,45m,17Mi
2026-08-11T19:12:04+08:00,free5gc-free5gc-udr-udr-788647bbb4-jbz5f,42m,12Mi
2026-08-11T19:12:04+08:00,free5gc-free5gc-webui-webui-6785478d49-lwtrb,3m,12Mi
2026-08-11T19:12:04+08:00,mongodb-0,145m,233Mi
2026-08-11T19:12:04+08:00,open5glos-7bb755b95f-bstb4,1m,8Mi
2026-08-11T19:12:06+08:00,dbpython-free5gc-dbpython-dbpython-7fb488c7fc-8vt7q,30m,0Mi
2026-08-11T19:12:06+08:00,free5gc-free5gc-amf-amf-b475fd8cb-pf7kf,44m,24Mi
2026-08-11T19:12:06+08:00,free5gc-free5gc-ausf-ausf-b5f58bf87-5wdc2,42m,24Mi
2026-08-11T19:12:06+08:00,free5gc-free5gc-chf-chf-6f777c7ff8-8mxhq,40m,12Mi
2026-08-11T19:12:06+08:00,free5gc-free5gc-nef-nef-759f694c89-jh7pd,43m,7Mi
2026-08-11T19:12:06+08:00,free5gc-free5gc-nrf-nrf-5766464855-bm2nv,2m,11Mi
2026-08-11T19:12:06+08:00,free5gc-free5gc-nssf-nssf-7f7767dd45-tvbcj,44m,7Mi
2026-08-11T19:12:06+08:00,free5gc-free5gc-pcf-pcf-769b57775d-crzp7,47m,15Mi
2026-08-11T19:12:06+08:00,free5gc-free5gc-smf-smf-7d94c978bf-bzj5s,46m,13Mi
2026-08-11T19:12:06+08:00,free5gc-free5gc-udm-udm-7fbb989b5c-96rtv,45m,17Mi
2026-08-11T19:12:06+08:00,free5gc-free5gc-udr-udr-788647bbb4-jbz5f,42m,12Mi
2026-08-11T19:12:06+08:00,free5gc-free5gc-webui-webui-6785478d49-lwtrb,3m,12Mi
2026-08-11T19:12:06+08:00,mongodb-0,145m,233Mi
2026-08-11T19:12:06+08:00,open5glos-7bb755b95f-bstb4,1m,8Mi
2026-08-11T19:12:08+08:00,dbpython-free5gc-dbpython-dbpython-7fb488c7fc-8vt7q,30m,0Mi
2026-08-11T19:12:08+08:00,free5gc-free5gc-amf-amf-b475fd8cb-pf7kf,44m,24Mi
2026-08-11T19:12:08+08:00,free5gc-free5gc-ausf-ausf-b5f58bf87-5wdc2,42m,24Mi
2026-08-11T19:12:08+08:00,free5gc-free5gc-chf-chf-6f777c7ff8-8mxhq,40m,12Mi
2026-08-11T19:12:08+08:00,free5gc-free5gc-nef-nef-759f694c89-jh7pd,43m,7Mi
2026-08-11T19:12:08+08:00,free5gc-free5gc-nrf-nrf-5766464855-bm2nv,2m,11Mi
2026-08-11T19:12:08+08:00,free5gc-free5gc-nssf-nssf-7f7767dd45-tvbcj,44m,7Mi
2026-08-11T19:12:08+08:00,free5gc-free5gc-pcf-pcf-769b57775d-crzp7,47m,15Mi
2026-08-11T19:12:08+08:00,free5gc-free5gc-smf-smf-7d94c978bf-bzj5s,46m,13Mi
2026-08-11T19:12:08+08:00,free5gc-free5gc-udm-udm-7fbb989b5c-96rtv,45m,17Mi
2026-08-11T19:12:08+08:00,free5gc-free5gc-udr-udr-788647bbb4-jbz5f,42m,12Mi
2026-08-11T19:12:08+08:00,free5gc-free5gc-webui-webui-6785478d49-lwtrb,3m,12Mi
2026-08-11T19:12:08+08:00,mongodb-0,145m,233Mi
2026-08-11T19:12:08+08:00,open5glos-7bb755b95f-bstb4,1m,8Mi
2026-08-11T19:12:10+08:00,dbpython-free5gc-dbpython-dbpython-7fb488c7fc-8vt7q,30m,0Mi
2026-08-11T19:12:10+08:00,free5gc-free5gc-amf-amf-b475fd8cb-pf7kf,44m,24Mi
2026-08-11T19:12:10+08:00,free5gc-free5gc-ausf-ausf-b5f58bf87-5wdc2,42m,24Mi
2026-08-11T19:12:10+08:00,free5gc-free5gc-chf-chf-6f777c7ff8-8mxhq,40m,12Mi
2026-08-11T19:12:10+08:00,free5gc-free5gc-nef-nef-759f694c89-jh7pd,43m,7Mi
2026-08-11T19:12:10+08:00,free5gc-free5gc-nrf-nrf-5766464855-bm2nv,2m,11Mi
2026-08-11T19:12:10+08:00,free5gc-free5gc-nssf-nssf-7f7767dd45-tvbcj,44m,7Mi
2026-08-11T19:12:10+08:00,free5gc-free5gc-pcf-pcf-769b57775d-crzp7,47m,15Mi
2026-08-11T19:12:10+08:00,free5gc-free5gc-smf-smf-7d94c978bf-bzj5s,46m,13Mi
2026-08-11T19:12:10+08:00,free5gc-free5gc-udm-udm-7fbb989b5c-96rtv,45m,17Mi
2026-08-11T19:12:10+08:00,free5gc-free5gc-udr-udr-788647bbb4-jbz5f,42m,12Mi
2026-08-11T19:12:10+08:00,free5gc-free5gc-webui-webui-6785478d49-lwtrb,3m,12Mi
2026-08-11T19:12:10+08:00,mongodb-0,145m,233Mi
2026-08-11T19:12:10+08:00,open5glos-7bb755b95f-bstb4,1m,8Mi
2026-08-11T19:12:13+08:00,dbpython-free5gc-dbpython-dbpython-7fb488c7fc-8vt7q,30m,0Mi
2026-08-11T19:12:13+08:00,free5gc-free5gc-amf-amf-b475fd8cb-pf7kf,44m,24Mi
2026-08-11T19:12:13+08:00,free5gc-free5gc-ausf-ausf-b5f58bf87-5wdc2,42m,24Mi
2026-08-11T19:12:13+08:00,free5gc-free5gc-chf-chf-6f777c7ff8-8mxhq,40m,12Mi
2026-08-11T19:12:13+08:00,free5gc-free5gc-nef-nef-759f694c89-jh7pd,43m,7Mi
2026-08-11T19:12:13+08:00,free5gc-free5gc-nrf-nrf-5766464855-bm2nv,2m,11Mi
2026-08-11T19:12:13+08:00,free5gc-free5gc-nssf-nssf-7f7767dd45-tvbcj,44m,7Mi
2026-08-11T19:12:13+08:00,free5gc-free5gc-pcf-pcf-769b57775d-crzp7,47m,15Mi
2026-08-11T19:12:13+08:00,free5gc-free5gc-smf-smf-7d94c978bf-bzj5s,46m,13Mi
2026-08-11T19:12:13+08:00,free5gc-free5gc-udm-udm-7fbb989b5c-96rtv,45m,17Mi
2026-08-11T19:12:13+08:00,free5gc-free5gc-udr-udr-788647bbb4-jbz5f,42m,12Mi
2026-08-11T19:12:13+08:00,free5gc-free5gc-webui-webui-6785478d49-lwtrb,3m,12Mi
2026-08-11T19:12:13+08:00,mongodb-0,145m,233Mi
2026-08-11T19:12:13+08:00,open5glos-7bb755b95f-bstb4,1m,8Mi
2026-08-11T19:12:15+08:00,dbpython-free5gc-dbpython-dbpython-7fb488c7fc-8vt7q,30m,0Mi
2026-08-11T19:12:15+08:00,free5gc-free5gc-amf-amf-b475fd8cb-pf7kf,44m,24Mi
2026-08-11T19:12:15+08:00,free5gc-free5gc-ausf-ausf-b5f58bf87-5wdc2,42m,24Mi
2026-08-11T19:12:15+08:00,free5gc-free5gc-chf-chf-6f777c7ff8-8mxhq,40m,12Mi
2026-08-11T19:12:15+08:00,free5gc-free5gc-nef-nef-759f694c89-jh7pd,43m,7Mi
2026-08-11T19:12:15+08:00,free5gc-free5gc-nrf-nrf-5766464855-bm2nv,2m,11Mi
2026-08-11T19:12:15+08:00,free5gc-free5gc-nssf-nssf-7f7767dd45-tvbcj,44m,7Mi
2026-08-11T19:12:15+08:00,free5gc-free5gc-pcf-pcf-769b57775d-crzp7,47m,15Mi
2026-08-11T19:12:15+08:00,free5gc-free5gc-smf-smf-7d94c978bf-bzj5s,46m,13Mi
2026-08-11T19:12:15+08:00,free5gc-free5gc-udm-udm-7fbb989b5c-96rtv,45m,17Mi
2026-08-11T19:12:15+08:00,free5gc-free5gc-udr-udr-788647bbb4-jbz5f,42m,12Mi
2026-08-11T19:12:15+08:00,free5gc-free5gc-webui-webui-6785478d49-lwtrb,3m,12Mi
2026-08-11T19:12:15+08:00,mongodb-0,145m,233Mi
2026-08-11T19:12:15+08:00,open5glos-7bb755b95f-bstb4,1m,8Mi
2026-08-11T19:12:17+08:00,dbpython-free5gc-dbpython-dbpython-7fb488c7fc-8vt7q,30m,0Mi
2026-08-11T19:12:17+08:00,free5gc-free5gc-amf-amf-b475fd8cb-pf7kf,44m,24Mi
2026-08-11T19:12:17+08:00,free5gc-free5gc-ausf-ausf-b5f58bf87-5wdc2,42m,24Mi
2026-08-11T19:12:17+08:00,free5gc-free5gc-chf-chf-6f777c7ff8-8mxhq,40m,12Mi
2026-08-11T19:12:17+08:00,free5gc-free5gc-nef-nef-759f694c89-jh7pd,43m,7Mi
2026-08-11T19:12:17+08:00,free5gc-free5gc-nrf-nrf-5766464855-bm2nv,2m,11Mi
2026-08-11T19:12:17+08:00,free5gc-free5gc-nssf-nssf-7f7767dd45-tvbcj,44m,7Mi
2026-08-11T19:12:17+08:00,free5gc-free5gc-pcf-pcf-769b57775d-crzp7,47m,15Mi
2026-08-11T19:12:17+08:00,free5gc-free5gc-smf-smf-7d94c978bf-bzj5s,46m,13Mi
2026-08-11T19:12:17+08:00,free5gc-free5gc-udm-udm-7fbb989b5c-96rtv,45m,17Mi
2026-08-11T19:12:17+08:00,free5gc-free5gc-udr-udr-788647bbb4-jbz5f,42m,12Mi
2026-08-11T19:12:17+08:00,free5gc-free5gc-webui-webui-6785478d49-lwtrb,3m,12Mi
2026-08-11T19:12:17+08:00,mongodb-0,145m,233Mi
2026-08-11T19:12:17+08:00,open5glos-7bb755b95f-bstb4,1m,8Mi
2026-08-11T19:12:19+08:00,dbpython-free5gc-dbpython-dbpython-7fb488c7fc-8vt7q,31m,0Mi
2026-08-11T19:12:19+08:00,free5gc-free5gc-amf-amf-b475fd8cb-pf7kf,41m,24Mi
2026-08-11T19:12:19+08:00,free5gc-free5gc-ausf-ausf-b5f58bf87-5wdc2,44m,21Mi
2026-08-11T19:12:19+08:00,free5gc-free5gc-chf-chf-6f777c7ff8-8mxhq,44m,12Mi
2026-08-11T19:12:19+08:00,free5gc-free5gc-nef-nef-759f694c89-jh7pd,43m,7Mi
2026-08-11T19:12:19+08:00,free5gc-free5gc-nrf-nrf-5766464855-bm2nv,2m,11Mi
2026-08-11T19:12:19+08:00,free5gc-free5gc-nssf-nssf-7f7767dd45-tvbcj,42m,7Mi
2026-08-11T19:12:19+08:00,free5gc-free5gc-pcf-pcf-769b57775d-crzp7,43m,12Mi
2026-08-11T19:12:19+08:00,free5gc-free5gc-smf-smf-7d94c978bf-bzj5s,42m,10Mi
2026-08-11T19:12:19+08:00,free5gc-free5gc-udm-udm-7fbb989b5c-96rtv,45m,17Mi
2026-08-11T19:12:19+08:00,free5gc-free5gc-udr-udr-788647bbb4-jbz5f,44m,12Mi
2026-08-11T19:12:19+08:00,free5gc-free5gc-webui-webui-6785478d49-lwtrb,2m,12Mi
2026-08-11T19:12:19+08:00,mongodb-0,140m,95Mi
2026-08-11T19:12:19+08:00,open5glos-7bb755b95f-bstb4,1m,8Mi
2026-08-11T19:12:21+08:00,dbpython-free5gc-dbpython-dbpython-7fb488c7fc-8vt7q,31m,0Mi
2026-08-11T19:12:21+08:00,free5gc-free5gc-amf-amf-b475fd8cb-pf7kf,41m,24Mi
2026-08-11T19:12:21+08:00,free5gc-free5gc-ausf-ausf-b5f58bf87-5wdc2,44m,21Mi
2026-08-11T19:12:21+08:00,free5gc-free5gc-chf-chf-6f777c7ff8-8mxhq,44m,12Mi
2026-08-11T19:12:21+08:00,free5gc-free5gc-nef-nef-759f694c89-jh7pd,43m,7Mi
2026-08-11T19:12:21+08:00,free5gc-free5gc-nrf-nrf-5766464855-bm2nv,2m,11Mi
2026-08-11T19:12:21+08:00,free5gc-free5gc-nssf-nssf-7f7767dd45-tvbcj,42m,7Mi
2026-08-11T19:12:21+08:00,free5gc-free5gc-pcf-pcf-769b57775d-crzp7,43m,12Mi
2026-08-11T19:12:21+08:00,free5gc-free5gc-smf-smf-7d94c978bf-bzj5s,42m,10Mi
2026-08-11T19:12:21+08:00,free5gc-free5gc-udm-udm-7fbb989b5c-96rtv,45m,17Mi
2026-08-11T19:12:21+08:00,free5gc-free5gc-udr-udr-788647bbb4-jbz5f,44m,12Mi
2026-08-11T19:12:21+08:00,free5gc-free5gc-webui-webui-6785478d49-lwtrb,2m,12Mi
2026-08-11T19:12:21+08:00,mongodb-0,140m,95Mi
2026-08-11T19:12:21+08:00,open5glos-7bb755b95f-bstb4,1m,8Mi
2026-08-11T19:12:23+08:00,dbpython-free5gc-dbpython-dbpython-7fb488c7fc-8vt7q,31m,0Mi
2026-08-11T19:12:23+08:00,free5gc-free5gc-amf-amf-b475fd8cb-pf7kf,41m,24Mi
2026-08-11T19:12:23+08:00,free5gc-free5gc-ausf-ausf-b5f58bf87-5wdc2,44m,21Mi
2026-08-11T19:12:23+08:00,free5gc-free5gc-chf-chf-6f777c7ff8-8mxhq,44m,12Mi
2026-08-11T19:12:23+08:00,free5gc-free5gc-nef-nef-759f694c89-jh7pd,43m,7Mi
2026-08-11T19:12:23+08:00,free5gc-free5gc-nrf-nrf-5766464855-bm2nv,2m,11Mi
2026-08-11T19:12:23+08:00,free5gc-free5gc-nssf-nssf-7f7767dd45-tvbcj,42m,7Mi
2026-08-11T19:12:23+08:00,free5gc-free5gc-pcf-pcf-769b57775d-crzp7,43m,12Mi
2026-08-11T19:12:23+08:00,free5gc-free5gc-smf-smf-7d94c978bf-bzj5s,42m,10Mi
2026-08-11T19:12:23+08:00,free5gc-free5gc-udm-udm-7fbb989b5c-96rtv,45m,17Mi
2026-08-11T19:12:23+08:00,free5gc-free5gc-udr-udr-788647bbb4-jbz5f,44m,12Mi
2026-08-11T19:12:23+08:00,free5gc-free5gc-webui-webui-6785478d49-lwtrb,2m,12Mi
2026-08-11T19:12:23+08:00,mongodb-0,140m,95Mi
2026-08-11T19:12:23+08:00,open5glos-7bb755b95f-bstb4,1m,8Mi
2026-08-11T19:12:26+08:00,dbpython-free5gc-dbpython-dbpython-7fb488c7fc-8vt7q,31m,0Mi
2026-08-11T19:12:26+08:00,free5gc-free5gc-amf-amf-b475fd8cb-pf7kf,41m,24Mi
2026-08-11T19:12:26+08:00,free5gc-free5gc-ausf-ausf-b5f58bf87-5wdc2,44m,21Mi
2026-08-11T19:12:26+08:00,free5gc-free5gc-chf-chf-6f777c7ff8-8mxhq,44m,12Mi
2026-08-11T19:12:26+08:00,free5gc-free5gc-nef-nef-759f694c89-jh7pd,43m,7Mi
2026-08-11T19:12:26+08:00,free5gc-free5gc-nrf-nrf-5766464855-bm2nv,2m,11Mi
2026-08-11T19:12:26+08:00,free5gc-free5gc-nssf-nssf-7f7767dd45-tvbcj,42m,7Mi
2026-08-11T19:12:26+08:00,free5gc-free5gc-pcf-pcf-769b57775d-crzp7,43m,12Mi
2026-08-11T19:12:26+08:00,free5gc-free5gc-smf-smf-7d94c978bf-bzj5s,42m,10Mi
2026-08-11T19:12:26+08:00,free5gc-free5gc-udm-udm-7fbb989b5c-96rtv,45m,17Mi
2026-08-11T19:12:26+08:00,free5gc-free5gc-udr-udr-788647bbb4-jbz5f,44m,12Mi
2026-08-11T19:12:26+08:00,free5gc-free5gc-webui-webui-6785478d49-lwtrb,2m,12Mi
2026-08-11T19:12:26+08:00,mongodb-0,140m,95Mi
2026-08-11T19:12:26+08:00,open5glos-7bb755b95f-bstb4,1m,8Mi
2026-08-11T19:12:28+08:00,dbpython-free5gc-dbpython-dbpython-7fb488c7fc-8vt7q,31m,0Mi
2026-08-11T19:12:28+08:00,free5gc-free5gc-amf-amf-b475fd8cb-pf7kf,41m,24Mi
2026-08-11T19:12:28+08:00,free5gc-free5gc-ausf-ausf-b5f58bf87-5wdc2,44m,21Mi
2026-08-11T19:12:28+08:00,free5gc-free5gc-chf-chf-6f777c7ff8-8mxhq,44m,12Mi
2026-08-11T19:12:28+08:00,free5gc-free5gc-nef-nef-759f694c89-jh7pd,43m,7Mi
2026-08-11T19:12:28+08:00,free5gc-free5gc-nrf-nrf-5766464855-bm2nv,2m,11Mi
2026-08-11T19:12:28+08:00,free5gc-free5gc-nssf-nssf-7f7767dd45-tvbcj,42m,7Mi
2026-08-11T19:12:28+08:00,free5gc-free5gc-pcf-pcf-769b57775d-crzp7,43m,12Mi
2026-08-11T19:12:28+08:00,free5gc-free5gc-smf-smf-7d94c978bf-bzj5s,42m,10Mi
2026-08-11T19:12:28+08:00,free5gc-free5gc-udm-udm-7fbb989b5c-96rtv,45m,17Mi
2026-08-11T19:12:28+08:00,free5gc-free5gc-udr-udr-788647bbb4-jbz5f,44m,12Mi
2026-08-11T19:12:28+08:00,free5gc-free5gc-webui-webui-6785478d49-lwtrb,2m,12Mi
2026-08-11T19:12:28+08:00,mongodb-0,140m,95Mi
2026-08-11T19:12:28+08:00,open5glos-7bb755b95f-bstb4,1m,8Mi
2026-08-11T19:12:30+08:00,dbpython-free5gc-dbpython-dbpython-7fb488c7fc-8vt7q,31m,0Mi
2026-08-11T19:12:30+08:00,free5gc-free5gc-amf-amf-b475fd8cb-pf7kf,41m,24Mi
2026-08-11T19:12:30+08:00,free5gc-free5gc-ausf-ausf-b5f58bf87-5wdc2,44m,21Mi
2026-08-11T19:12:30+08:00,free5gc-free5gc-chf-chf-6f777c7ff8-8mxhq,44m,12Mi
2026-08-11T19:12:30+08:00,free5gc-free5gc-nef-nef-759f694c89-jh7pd,43m,7Mi
2026-08-11T19:12:30+08:00,free5gc-free5gc-nrf-nrf-5766464855-bm2nv,2m,11Mi
2026-08-11T19:12:30+08:00,free5gc-free5gc-nssf-nssf-7f7767dd45-tvbcj,42m,7Mi
2026-08-11T19:12:30+08:00,free5gc-free5gc-pcf-pcf-769b57775d-crzp7,43m,12Mi
2026-08-11T19:12:30+08:00,free5gc-free5gc-smf-smf-7d94c978bf-bzj5s,42m,10Mi
2026-08-11T19:12:30+08:00,free5gc-free5gc-udm-udm-7fbb989b5c-96rtv,45m,17Mi
2026-08-11T19:12:30+08:00,free5gc-free5gc-udr-udr-788647bbb4-jbz5f,44m,12Mi
2026-08-11T19:12:30+08:00,free5gc-free5gc-webui-webui-6785478d49-lwtrb,2m,12Mi
2026-08-11T19:12:30+08:00,mongodb-0,140m,95Mi
2026-08-11T19:12:30+08:00,open5glos-7bb755b95f-bstb4,1m,8Mi
2026-08-11T19:12:32+08:00,dbpython-free5gc-dbpython-dbpython-7fb488c7fc-8vt7q,31m,0Mi
2026-08-11T19:12:32+08:00,free5gc-free5gc-amf-amf-b475fd8cb-pf7kf,41m,24Mi
2026-08-11T19:12:32+08:00,free5gc-free5gc-ausf-ausf-b5f58bf87-5wdc2,44m,21Mi
2026-08-11T19:12:32+08:00,free5gc-free5gc-chf-chf-6f777c7ff8-8mxhq,44m,12Mi
2026-08-11T19:12:32+08:00,free5gc-free5gc-nef-nef-759f694c89-jh7pd,43m,7Mi
2026-08-11T19:12:32+08:00,free5gc-free5gc-nrf-nrf-5766464855-bm2nv,2m,11Mi
2026-08-11T19:12:32+08:00,free5gc-free5gc-nssf-nssf-7f7767dd45-tvbcj,42m,7Mi
2026-08-11T19:12:32+08:00,free5gc-free5gc-pcf-pcf-769b57775d-crzp7,43m,12Mi
2026-08-11T19:12:32+08:00,free5gc-free5gc-smf-smf-7d94c978bf-bzj5s,42m,10Mi
2026-08-11T19:12:32+08:00,free5gc-free5gc-udm-udm-7fbb989b5c-96rtv,45m,17Mi
2026-08-11T19:12:32+08:00,free5gc-free5gc-udr-udr-788647bbb4-jbz5f,44m,12Mi
2026-08-11T19:12:32+08:00,free5gc-free5gc-webui-webui-6785478d49-lwtrb,2m,12Mi
2026-08-11T19:12:32+08:00,mongodb-0,140m,95Mi
2026-08-11T19:12:32+08:00,open5glos-7bb755b95f-bstb4,1m,8Mi
2026-08-11T19:12:34+08:00,dbpython-free5gc-dbpython-dbpython-7fb488c7fc-8vt7q,33m,0Mi
2026-08-11T19:12:34+08:00,free5gc-free5gc-amf-amf-b475fd8cb-pf7kf,42m,24Mi
2026-08-11T19:12:34+08:00,free5gc-free5gc-ausf-ausf-b5f58bf87-5wdc2,46m,21Mi
2026-08-11T19:12:34+08:00,free5gc-free5gc-chf-chf-6f777c7ff8-8mxhq,44m,12Mi
2026-08-11T19:12:34+08:00,free5gc-free5gc-nef-nef-759f694c89-jh7pd,40m,7Mi
2026-08-11T19:12:34+08:00,free5gc-free5gc-nrf-nrf-5766464855-bm2nv,3m,11Mi
2026-08-11T19:12:34+08:00,free5gc-free5gc-nssf-nssf-7f7767dd45-tvbcj,42m,7Mi
2026-08-11T19:12:34+08:00,free5gc-free5gc-pcf-pcf-769b57775d-crzp7,44m,13Mi
2026-08-11T19:12:34+08:00,free5gc-free5gc-smf-smf-7d94c978bf-bzj5s,46m,10Mi
2026-08-11T19:12:34+08:00,free5gc-free5gc-udm-udm-7fbb989b5c-96rtv,45m,17Mi
2026-08-11T19:12:34+08:00,free5gc-free5gc-udr-udr-788647bbb4-jbz5f,40m,12Mi
2026-08-11T19:12:34+08:00,free5gc-free5gc-webui-webui-6785478d49-lwtrb,3m,12Mi
2026-08-11T19:12:34+08:00,mongodb-0,181m,95Mi
2026-08-11T19:12:34+08:00,open5glos-7bb755b95f-bstb4,1m,8Mi
2026-08-11T19:12:36+08:00,dbpython-free5gc-dbpython-dbpython-7fb488c7fc-8vt7q,33m,0Mi
2026-08-11T19:12:36+08:00,free5gc-free5gc-amf-amf-b475fd8cb-pf7kf,42m,24Mi
2026-08-11T19:12:36+08:00,free5gc-free5gc-ausf-ausf-b5f58bf87-5wdc2,46m,21Mi
2026-08-11T19:12:36+08:00,free5gc-free5gc-chf-chf-6f777c7ff8-8mxhq,44m,12Mi
2026-08-11T19:12:36+08:00,free5gc-free5gc-nef-nef-759f694c89-jh7pd,40m,7Mi
2026-08-11T19:12:36+08:00,free5gc-free5gc-nrf-nrf-5766464855-bm2nv,3m,11Mi
2026-08-11T19:12:36+08:00,free5gc-free5gc-nssf-nssf-7f7767dd45-tvbcj,42m,7Mi
2026-08-11T19:12:36+08:00,free5gc-free5gc-pcf-pcf-769b57775d-crzp7,44m,13Mi
2026-08-11T19:12:36+08:00,free5gc-free5gc-smf-smf-7d94c978bf-bzj5s,46m,10Mi
2026-08-11T19:12:36+08:00,free5gc-free5gc-udm-udm-7fbb989b5c-96rtv,45m,17Mi
2026-08-11T19:12:36+08:00,free5gc-free5gc-udr-udr-788647bbb4-jbz5f,40m,12Mi
2026-08-11T19:12:36+08:00,free5gc-free5gc-webui-webui-6785478d49-lwtrb,3m,12Mi
2026-08-11T19:12:36+08:00,mongodb-0,181m,95Mi
2026-08-11T19:12:36+08:00,open5glos-7bb755b95f-bstb4,1m,8Mi
2026-08-11T19:12:39+08:00,dbpython-free5gc-dbpython-dbpython-7fb488c7fc-8vt7q,33m,0Mi
2026-08-11T19:12:39+08:00,free5gc-free5gc-amf-amf-b475fd8cb-pf7kf,42m,24Mi
2026-08-11T19:12:39+08:00,free5gc-free5gc-ausf-ausf-b5f58bf87-5wdc2,46m,21Mi
2026-08-11T19:12:39+08:00,free5gc-free5gc-chf-chf-6f777c7ff8-8mxhq,44m,12Mi
2026-08-11T19:12:39+08:00,free5gc-free5gc-nef-nef-759f694c89-jh7pd,40m,7Mi
2026-08-11T19:12:39+08:00,free5gc-free5gc-nrf-nrf-5766464855-bm2nv,3m,11Mi
2026-08-11T19:12:39+08:00,free5gc-free5gc-nssf-nssf-7f7767dd45-tvbcj,42m,7Mi
2026-08-11T19:12:39+08:00,free5gc-free5gc-pcf-pcf-769b57775d-crzp7,44m,13Mi
2026-08-11T19:12:39+08:00,free5gc-free5gc-smf-smf-7d94c978bf-bzj5s,46m,10Mi
2026-08-11T19:12:39+08:00,free5gc-free5gc-udm-udm-7fbb989b5c-96rtv,45m,17Mi
2026-08-11T19:12:39+08:00,free5gc-free5gc-udr-udr-788647bbb4-jbz5f,40m,12Mi
2026-08-11T19:12:39+08:00,free5gc-free5gc-webui-webui-6785478d49-lwtrb,3m,12Mi
2026-08-11T19:12:39+08:00,mongodb-0,181m,95Mi
2026-08-11T19:12:39+08:00,open5glos-7bb755b95f-bstb4,1m,8Mi
2026-08-11T19:12:41+08:00,dbpython-free5gc-dbpython-dbpython-7fb488c7fc-8vt7q,33m,0Mi
2026-08-11T19:12:41+08:00,free5gc-free5gc-amf-amf-b475fd8cb-pf7kf,42m,24Mi
2026-08-11T19:12:41+08:00,free5gc-free5gc-ausf-ausf-b5f58bf87-5wdc2,46m,21Mi
2026-08-11T19:12:41+08:00,free5gc-free5gc-chf-chf-6f777c7ff8-8mxhq,44m,12Mi
2026-08-11T19:12:41+08:00,free5gc-free5gc-nef-nef-759f694c89-jh7pd,40m,7Mi
2026-08-11T19:12:41+08:00,free5gc-free5gc-nrf-nrf-5766464855-bm2nv,3m,11Mi
2026-08-11T19:12:41+08:00,free5gc-free5gc-nssf-nssf-7f7767dd45-tvbcj,42m,7Mi
2026-08-11T19:12:41+08:00,free5gc-free5gc-pcf-pcf-769b57775d-crzp7,44m,13Mi
2026-08-11T19:12:41+08:00,free5gc-free5gc-smf-smf-7d94c978bf-bzj5s,46m,10Mi
2026-08-11T19:12:41+08:00,free5gc-free5gc-udm-udm-7fbb989b5c-96rtv,45m,17Mi
2026-08-11T19:12:41+08:00,free5gc-free5gc-udr-udr-788647bbb4-jbz5f,40m,12Mi
2026-08-11T19:12:41+08:00,free5gc-free5gc-webui-webui-6785478d49-lwtrb,3m,12Mi
2026-08-11T19:12:41+08:00,mongodb-0,181m,95Mi
2026-08-11T19:12:41+08:00,open5glos-7bb755b95f-bstb4,1m,8Mi
2026-08-11T19:12:43+08:00,dbpython-free5gc-dbpython-dbpython-7fb488c7fc-8vt7q,33m,0Mi
2026-08-11T19:12:43+08:00,free5gc-free5gc-amf-amf-b475fd8cb-pf7kf,42m,24Mi
2026-08-11T19:12:43+08:00,free5gc-free5gc-ausf-ausf-b5f58bf87-5wdc2,46m,21Mi
2026-08-11T19:12:43+08:00,free5gc-free5gc-chf-chf-6f777c7ff8-8mxhq,44m,12Mi
2026-08-11T19:12:43+08:00,free5gc-free5gc-nef-nef-759f694c89-jh7pd,40m,7Mi
2026-08-11T19:12:43+08:00,free5gc-free5gc-nrf-nrf-5766464855-bm2nv,3m,11Mi
2026-08-11T19:12:43+08:00,free5gc-free5gc-nssf-nssf-7f7767dd45-tvbcj,42m,7Mi
2026-08-11T19:12:43+08:00,free5gc-free5gc-pcf-pcf-769b57775d-crzp7,44m,13Mi
2026-08-11T19:12:43+08:00,free5gc-free5gc-smf-smf-7d94c978bf-bzj5s,46m,10Mi
2026-08-11T19:12:43+08:00,free5gc-free5gc-udm-udm-7fbb989b5c-96rtv,45m,17Mi
2026-08-11T19:12:43+08:00,free5gc-free5gc-udr-udr-788647bbb4-jbz5f,40m,12Mi
2026-08-11T19:12:43+08:00,free5gc-free5gc-webui-webui-6785478d49-lwtrb,3m,12Mi
2026-08-11T19:12:43+08:00,mongodb-0,181m,95Mi
2026-08-11T19:12:43+08:00,open5glos-7bb755b95f-bstb4,1m,8Mi
2026-08-11T19:12:45+08:00,dbpython-free5gc-dbpython-dbpython-7fb488c7fc-8vt7q,33m,0Mi
2026-08-11T19:12:45+08:00,free5gc-free5gc-amf-amf-b475fd8cb-pf7kf,42m,24Mi
2026-08-11T19:12:45+08:00,free5gc-free5gc-ausf-ausf-b5f58bf87-5wdc2,46m,21Mi
2026-08-11T19:12:45+08:00,free5gc-free5gc-chf-chf-6f777c7ff8-8mxhq,44m,12Mi
2026-08-11T19:12:45+08:00,free5gc-free5gc-nef-nef-759f694c89-jh7pd,40m,7Mi
2026-08-11T19:12:45+08:00,free5gc-free5gc-nrf-nrf-5766464855-bm2nv,3m,11Mi
2026-08-11T19:12:45+08:00,free5gc-free5gc-nssf-nssf-7f7767dd45-tvbcj,42m,7Mi
2026-08-11T19:12:45+08:00,free5gc-free5gc-pcf-pcf-769b57775d-crzp7,44m,13Mi
2026-08-11T19:12:45+08:00,free5gc-free5gc-smf-smf-7d94c978bf-bzj5s,46m,10Mi
2026-08-11T19:12:45+08:00,free5gc-free5gc-udm-udm-7fbb989b5c-96rtv,45m,17Mi
2026-08-11T19:12:45+08:00,free5gc-free5gc-udr-udr-788647bbb4-jbz5f,40m,12Mi
2026-08-11T19:12:45+08:00,free5gc-free5gc-webui-webui-6785478d49-lwtrb,3m,12Mi
2026-08-11T19:12:45+08:00,mongodb-0,181m,95Mi
2026-08-11T19:12:45+08:00,open5glos-7bb755b95f-bstb4,1m,8Mi
2026-08-11T19:12:47+08:00,dbpython-free5gc-dbpython-dbpython-7fb488c7fc-8vt7q,29m,0Mi
2026-08-11T19:12:47+08:00,free5gc-free5gc-amf-amf-b475fd8cb-pf7kf,44m,24Mi
2026-08-11T19:12:47+08:00,free5gc-free5gc-ausf-ausf-b5f58bf87-5wdc2,43m,21Mi
2026-08-11T19:12:47+08:00,free5gc-free5gc-chf-chf-6f777c7ff8-8mxhq,40m,12Mi
2026-08-11T19:12:47+08:00,free5gc-free5gc-nef-nef-759f694c89-jh7pd,41m,7Mi
2026-08-11T19:12:47+08:00,free5gc-free5gc-nrf-nrf-5766464855-bm2nv,2m,11Mi
2026-08-11T19:12:47+08:00,free5gc-free5gc-nssf-nssf-7f7767dd45-tvbcj,42m,10Mi
2026-08-11T19:12:47+08:00,free5gc-free5gc-pcf-pcf-769b57775d-crzp7,42m,12Mi
2026-08-11T19:12:47+08:00,free5gc-free5gc-smf-smf-7d94c978bf-bzj5s,44m,12Mi
2026-08-11T19:12:47+08:00,free5gc-free5gc-udm-udm-7fbb989b5c-96rtv,46m,15Mi
2026-08-11T19:12:47+08:00,free5gc-free5gc-udr-udr-788647bbb4-jbz5f,43m,12Mi
2026-08-11T19:12:47+08:00,free5gc-free5gc-webui-webui-6785478d49-lwtrb,3m,12Mi
2026-08-11T19:12:47+08:00,mongodb-0,164m,95Mi
2026-08-11T19:12:47+08:00,open5glos-7bb755b95f-bstb4,1m,8Mi
2026-08-11T19:12:49+08:00,dbpython-free5gc-dbpython-dbpython-7fb488c7fc-8vt7q,29m,0Mi
2026-08-11T19:12:49+08:00,free5gc-free5gc-amf-amf-b475fd8cb-pf7kf,44m,24Mi
2026-08-11T19:12:49+08:00,free5gc-free5gc-ausf-ausf-b5f58bf87-5wdc2,43m,21Mi
2026-08-11T19:12:49+08:00,free5gc-free5gc-chf-chf-6f777c7ff8-8mxhq,40m,12Mi
2026-08-11T19:12:49+08:00,free5gc-free5gc-nef-nef-759f694c89-jh7pd,41m,7Mi
2026-08-11T19:12:49+08:00,free5gc-free5gc-nrf-nrf-5766464855-bm2nv,2m,11Mi
2026-08-11T19:12:49+08:00,free5gc-free5gc-nssf-nssf-7f7767dd45-tvbcj,42m,10Mi
2026-08-11T19:12:49+08:00,free5gc-free5gc-pcf-pcf-769b57775d-crzp7,42m,12Mi
2026-08-11T19:12:49+08:00,free5gc-free5gc-smf-smf-7d94c978bf-bzj5s,44m,12Mi
2026-08-11T19:12:49+08:00,free5gc-free5gc-udm-udm-7fbb989b5c-96rtv,46m,15Mi
2026-08-11T19:12:49+08:00,free5gc-free5gc-udr-udr-788647bbb4-jbz5f,43m,12Mi
2026-08-11T19:12:49+08:00,free5gc-free5gc-webui-webui-6785478d49-lwtrb,3m,12Mi
2026-08-11T19:12:49+08:00,mongodb-0,164m,95Mi
2026-08-11T19:12:49+08:00,open5glos-7bb755b95f-bstb4,1m,8Mi
2026-08-11T19:12:52+08:00,dbpython-free5gc-dbpython-dbpython-7fb488c7fc-8vt7q,29m,0Mi
2026-08-11T19:12:52+08:00,free5gc-free5gc-amf-amf-b475fd8cb-pf7kf,44m,24Mi
2026-08-11T19:12:52+08:00,free5gc-free5gc-ausf-ausf-b5f58bf87-5wdc2,43m,21Mi
2026-08-11T19:12:52+08:00,free5gc-free5gc-chf-chf-6f777c7ff8-8mxhq,40m,12Mi
2026-08-11T19:12:52+08:00,free5gc-free5gc-nef-nef-759f694c89-jh7pd,41m,7Mi
2026-08-11T19:12:52+08:00,free5gc-free5gc-nrf-nrf-5766464855-bm2nv,2m,11Mi
2026-08-11T19:12:52+08:00,free5gc-free5gc-nssf-nssf-7f7767dd45-tvbcj,42m,10Mi
2026-08-11T19:12:52+08:00,free5gc-free5gc-pcf-pcf-769b57775d-crzp7,42m,12Mi
2026-08-11T19:12:52+08:00,free5gc-free5gc-smf-smf-7d94c978bf-bzj5s,44m,12Mi
2026-08-11T19:12:52+08:00,free5gc-free5gc-udm-udm-7fbb989b5c-96rtv,46m,15Mi
2026-08-11T19:12:52+08:00,free5gc-free5gc-udr-udr-788647bbb4-jbz5f,43m,12Mi
2026-08-11T19:12:52+08:00,free5gc-free5gc-webui-webui-6785478d49-lwtrb,3m,12Mi
2026-08-11T19:12:52+08:00,mongodb-0,164m,95Mi
2026-08-11T19:12:52+08:00,open5glos-7bb755b95f-bstb4,1m,8Mi
2026-08-11T19:12:54+08:00,dbpython-free5gc-dbpython-dbpython-7fb488c7fc-8vt7q,29m,0Mi
2026-08-11T19:12:54+08:00,free5gc-free5gc-amf-amf-b475fd8cb-pf7kf,44m,24Mi
2026-08-11T19:12:54+08:00,free5gc-free5gc-ausf-ausf-b5f58bf87-5wdc2,43m,21Mi
2026-08-11T19:12:54+08:00,free5gc-free5gc-chf-chf-6f777c7ff8-8mxhq,40m,12Mi
2026-08-11T19:12:54+08:00,free5gc-free5gc-nef-nef-759f694c89-jh7pd,41m,7Mi
2026-08-11T19:12:54+08:00,free5gc-free5gc-nrf-nrf-5766464855-bm2nv,2m,11Mi
2026-08-11T19:12:54+08:00,free5gc-free5gc-nssf-nssf-7f7767dd45-tvbcj,42m,10Mi
2026-08-11T19:12:54+08:00,free5gc-free5gc-pcf-pcf-769b57775d-crzp7,42m,12Mi
2026-08-11T19:12:54+08:00,free5gc-free5gc-smf-smf-7d94c978bf-bzj5s,44m,12Mi
2026-08-11T19:12:54+08:00,free5gc-free5gc-udm-udm-7fbb989b5c-96rtv,46m,15Mi
2026-08-11T19:12:54+08:00,free5gc-free5gc-udr-udr-788647bbb4-jbz5f,43m,12Mi
2026-08-11T19:12:54+08:00,free5gc-free5gc-webui-webui-6785478d49-lwtrb,3m,12Mi
2026-08-11T19:12:54+08:00,mongodb-0,164m,95Mi
2026-08-11T19:12:54+08:00,open5glos-7bb755b95f-bstb4,1m,8Mi
2026-08-11T19:12:56+08:00,dbpython-free5gc-dbpython-dbpython-7fb488c7fc-8vt7q,29m,0Mi
2026-08-11T19:12:56+08:00,free5gc-free5gc-amf-amf-b475fd8cb-pf7kf,44m,24Mi
2026-08-11T19:12:56+08:00,free5gc-free5gc-ausf-ausf-b5f58bf87-5wdc2,43m,21Mi
2026-08-11T19:12:56+08:00,free5gc-free5gc-chf-chf-6f777c7ff8-8mxhq,40m,12Mi
2026-08-11T19:12:56+08:00,free5gc-free5gc-nef-nef-759f694c89-jh7pd,41m,7Mi
2026-08-11T19:12:56+08:00,free5gc-free5gc-nrf-nrf-5766464855-bm2nv,2m,11Mi
2026-08-11T19:12:56+08:00,free5gc-free5gc-nssf-nssf-7f7767dd45-tvbcj,42m,10Mi
2026-08-11T19:12:56+08:00,free5gc-free5gc-pcf-pcf-769b57775d-crzp7,42m,12Mi
2026-08-11T19:12:56+08:00,free5gc-free5gc-smf-smf-7d94c978bf-bzj5s,44m,12Mi
2026-08-11T19:12:56+08:00,free5gc-free5gc-udm-udm-7fbb989b5c-96rtv,46m,15Mi
2026-08-11T19:12:56+08:00,free5gc-free5gc-udr-udr-788647bbb4-jbz5f,43m,12Mi
2026-08-11T19:12:56+08:00,free5gc-free5gc-webui-webui-6785478d49-lwtrb,3m,12Mi
2026-08-11T19:12:56+08:00,mongodb-0,164m,95Mi
2026-08-11T19:12:56+08:00,open5glos-7bb755b95f-bstb4,1m,8Mi
2026-08-11T19:12:58+08:00,dbpython-free5gc-dbpython-dbpython-7fb488c7fc-8vt7q,29m,0Mi
2026-08-11T19:12:58+08:00,free5gc-free5gc-amf-amf-b475fd8cb-pf7kf,44m,24Mi
2026-08-11T19:12:58+08:00,free5gc-free5gc-ausf-ausf-b5f58bf87-5wdc2,43m,21Mi
2026-08-11T19:12:58+08:00,free5gc-free5gc-chf-chf-6f777c7ff8-8mxhq,40m,12Mi
2026-08-11T19:12:58+08:00,free5gc-free5gc-nef-nef-759f694c89-jh7pd,41m,7Mi
2026-08-11T19:12:58+08:00,free5gc-free5gc-nrf-nrf-5766464855-bm2nv,2m,11Mi
2026-08-11T19:12:58+08:00,free5gc-free5gc-nssf-nssf-7f7767dd45-tvbcj,42m,10Mi
2026-08-11T19:12:58+08:00,free5gc-free5gc-pcf-pcf-769b57775d-crzp7,42m,12Mi
2026-08-11T19:12:58+08:00,free5gc-free5gc-smf-smf-7d94c978bf-bzj5s,44m,12Mi
2026-08-11T19:12:58+08:00,free5gc-free5gc-udm-udm-7fbb989b5c-96rtv,46m,15Mi
2026-08-11T19:12:58+08:00,free5gc-free5gc-udr-udr-788647bbb4-jbz5f,43m,12Mi
2026-08-11T19:12:58+08:00,free5gc-free5gc-webui-webui-6785478d49-lwtrb,3m,12Mi
2026-08-11T19:12:58+08:00,mongodb-0,164m,95Mi
2026-08-11T19:12:58+08:00,open5glos-7bb755b95f-bstb4,1m,8Mi
2026-08-11T19:13:00+08:00,dbpython-free5gc-dbpython-dbpython-7fb488c7fc-8vt7q,29m,0Mi
2026-08-11T19:13:00+08:00,free5gc-free5gc-amf-amf-b475fd8cb-pf7kf,44m,24Mi
2026-08-11T19:13:00+08:00,free5gc-free5gc-ausf-ausf-b5f58bf87-5wdc2,43m,21Mi
2026-08-11T19:13:00+08:00,free5gc-free5gc-chf-chf-6f777c7ff8-8mxhq,40m,12Mi
2026-08-11T19:13:00+08:00,free5gc-free5gc-nef-nef-759f694c89-jh7pd,41m,7Mi
2026-08-11T19:13:00+08:00,free5gc-free5gc-nrf-nrf-5766464855-bm2nv,2m,11Mi
2026-08-11T19:13:00+08:00,free5gc-free5gc-nssf-nssf-7f7767dd45-tvbcj,42m,10Mi
2026-08-11T19:13:00+08:00,free5gc-free5gc-pcf-pcf-769b57775d-crzp7,42m,12Mi
2026-08-11T19:13:00+08:00,free5gc-free5gc-smf-smf-7d94c978bf-bzj5s,44m,12Mi
2026-08-11T19:13:00+08:00,free5gc-free5gc-udm-udm-7fbb989b5c-96rtv,46m,15Mi
2026-08-11T19:13:00+08:00,free5gc-free5gc-udr-udr-788647bbb4-jbz5f,43m,12Mi
2026-08-11T19:13:00+08:00,free5gc-free5gc-webui-webui-6785478d49-lwtrb,3m,12Mi
2026-08-11T19:13:00+08:00,mongodb-0,164m,95Mi
2026-08-11T19:13:00+08:00,open5glos-7bb755b95f-bstb4,1m,8Mi
2026-08-11T19:13:02+08:00,dbpython-free5gc-dbpython-dbpython-7fb488c7fc-8vt7q,32m,0Mi
2026-08-11T19:13:02+08:00,free5gc-free5gc-amf-amf-b475fd8cb-pf7kf,43m,24Mi
2026-08-11T19:13:02+08:00,free5gc-free5gc-ausf-ausf-b5f58bf87-5wdc2,42m,21Mi
2026-08-11T19:13:02+08:00,free5gc-free5gc-chf-chf-6f777c7ff8-8mxhq,43m,12Mi
2026-08-11T19:13:02+08:00,free5gc-free5gc-nef-nef-759f694c89-jh7pd,45m,7Mi
2026-08-11T19:13:02+08:00,free5gc-free5gc-nrf-nrf-5766464855-bm2nv,2m,11Mi
2026-08-11T19:13:02+08:00,free5gc-free5gc-nssf-nssf-7f7767dd45-tvbcj,47m,7Mi
2026-08-11T19:13:02+08:00,free5gc-free5gc-pcf-pcf-769b57775d-crzp7,45m,12Mi
2026-08-11T19:13:02+08:00,free5gc-free5gc-smf-smf-7d94c978bf-bzj5s,47m,10Mi
2026-08-11T19:13:02+08:00,free5gc-free5gc-udm-udm-7fbb989b5c-96rtv,43m,15Mi
2026-08-11T19:13:02+08:00,free5gc-free5gc-udr-udr-788647bbb4-jbz5f,45m,12Mi
2026-08-11T19:13:02+08:00,free5gc-free5gc-webui-webui-6785478d49-lwtrb,3m,12Mi
2026-08-11T19:13:02+08:00,mongodb-0,154m,95Mi
2026-08-11T19:13:02+08:00,open5glos-7bb755b95f-bstb4,1m,8Mi
2026-08-11T19:13:05+08:00,dbpython-free5gc-dbpython-dbpython-7fb488c7fc-8vt7q,32m,0Mi
2026-08-11T19:13:05+08:00,free5gc-free5gc-amf-amf-b475fd8cb-pf7kf,43m,24Mi
2026-08-11T19:13:05+08:00,free5gc-free5gc-ausf-ausf-b5f58bf87-5wdc2,42m,21Mi
2026-08-11T19:13:05+08:00,free5gc-free5gc-chf-chf-6f777c7ff8-8mxhq,43m,12Mi
2026-08-11T19:13:05+08:00,free5gc-free5gc-nef-nef-759f694c89-jh7pd,45m,7Mi
2026-08-11T19:13:05+08:00,free5gc-free5gc-nrf-nrf-5766464855-bm2nv,2m,11Mi
2026-08-11T19:13:05+08:00,free5gc-free5gc-nssf-nssf-7f7767dd45-tvbcj,47m,7Mi
2026-08-11T19:13:05+08:00,free5gc-free5gc-pcf-pcf-769b57775d-crzp7,45m,12Mi
2026-08-11T19:13:05+08:00,free5gc-free5gc-smf-smf-7d94c978bf-bzj5s,47m,10Mi
2026-08-11T19:13:05+08:00,free5gc-free5gc-udm-udm-7fbb989b5c-96rtv,43m,15Mi
2026-08-11T19:13:05+08:00,free5gc-free5gc-udr-udr-788647bbb4-jbz5f,45m,12Mi
2026-08-11T19:13:05+08:00,free5gc-free5gc-webui-webui-6785478d49-lwtrb,3m,12Mi
2026-08-11T19:13:05+08:00,mongodb-0,154m,95Mi
2026-08-11T19:13:05+08:00,open5glos-7bb755b95f-bstb4,1m,8Mi
