time="2026-08-16T17:53:18+08:00" level=info msg="Loaded config at: /tmp/dasaco-auto-parallel-100.yml"
time="2026-08-16T17:53:18+08:00" level=info msg="PacketRusher version 1.0.1"
time="2026-08-16T17:53:18+08:00" level=info msg=---------------------------------------
time="2026-08-16T17:53:18+08:00" level=info msg="[TESTER] Starting test function: Testing registration of multiple UEs"
time="2026-08-16T17:53:18+08:00" level=info msg="[TESTER][UE] Number of UEs: 100"
time="2026-08-16T17:53:18+08:00" level=info msg="[TESTER][GNB] gNodeB control interface IP/Port: 172.18.0.1:9487~"
time="2026-08-16T17:53:18+08:00" level=info msg="[TESTER][GNB] gNodeB data interface IP/Port: 172.18.0.1:2152"
time="2026-08-16T17:53:18+08:00" level=info msg="[TESTER][AMF] AMF IP/Port: 172.18.0.2:30412"
time="2026-08-16T17:53:18+08:00" level=info msg=---------------------------------------
time="2026-08-16T17:53:18+08:00" level=info msg="[GNB] InitGnb called with N2 IP: 172.18.0.1:9487"
time="2026-08-16T17:53:18+08:00" level=info msg="[GNB] Attempting connection with N2 IP: 172.18.0.1:9487"
time="2026-08-16T17:53:18+08:00" level=info msg="[GNB][SCTP] Initializing connection: local=172.18.0.1:9487 remote=172.18.0.2:30412"
time="2026-08-16T17:53:18+08:00" level=info msg="[GNB][SCTP] Attempting SCTP dial..."
time="2026-08-16T17:53:18+08:00" level=info msg="[GNB][SCTP] SCTP connection established successfully"
time="2026-08-16T17:53:18+08:00" level=info msg="[GNB][SCTP] Starting GnbListen goroutine..."
time="2026-08-16T17:53:18+08:00" level=info msg="[GNB] SCTP/NGAP service is running"
time="2026-08-16T17:53:18+08:00" level=info msg="[GNB] Sending NG Setup Request..."
time="2026-08-16T17:53:18+08:00" level=info msg="[GNB] Initiating NG Setup Request"
time="2026-08-16T17:53:18+08:00" level=info msg="[GNB] NG Setup Request sent, waiting for response..."
time="2026-08-16T17:53:18+08:00" level=info msg="[GNB][SCTP] Receive message in 0 stream\n"
time="2026-08-16T17:53:18+08:00" level=info msg="[GNB][NGAP] Receive NG Setup Response"
time="2026-08-16T17:53:18+08:00" level=info msg="[GNB][AMF] AMF Name: AMF000"
time="2026-08-16T17:53:18+08:00" level=info msg="[GNB][AMF] State of AMF: Active"
time="2026-08-16T17:53:18+08:00" level=info msg="[GNB][AMF] Capacity of AMF: 255"
time="2026-08-16T17:53:18+08:00" level=info msg="[GNB][AMF] PLMNs Identities Supported by AMF -- mcc: 208 mnc:93"
time="2026-08-16T17:53:18+08:00" level=info msg="[GNB][AMF] List of AMF slices Supported by AMF -- sst:01 sd:010203"
time="2026-08-16T17:53:18+08:00" level=info msg="[GNB] NG Setup successful with N2 IP: 172.18.0.1:9487"
time="2026-08-16T17:53:19+08:00" level=info msg="[TESTER] TESTING REGISTRATION USING IMSI 0000018001 UE"
time="2026-08-16T17:53:19+08:00" level=info msg="[GNB] Received incoming connection from new UE"
time="2026-08-16T17:53:19+08:00" level=info msg="[UE] Initiating Registration"
time="2026-08-16T17:53:19+08:00" level=info msg="[UE] Switched from state 0 to state 1"
time="2026-08-16T17:53:19+08:00" level=info msg="[TESTER] TESTING REGISTRATION USING IMSI 0000018002 UE"
time="2026-08-16T17:53:19+08:00" level=info msg="[GNB] Received incoming connection from new UE"
time="2026-08-16T17:53:19+08:00" level=info msg="[UE] Initiating Registration"
time="2026-08-16T17:53:19+08:00" level=info msg="[UE] Switched from state 0 to state 1"
time="2026-08-16T17:53:19+08:00" level=info msg="[TESTER] TESTING REGISTRATION USING IMSI 0000018003 UE"
time="2026-08-16T17:53:19+08:00" level=info msg="[GNB] Received incoming connection from new UE"
time="2026-08-16T17:53:19+08:00" level=info msg="[UE] Initiating Registration"
time="2026-08-16T17:53:19+08:00" level=info msg="[UE] Switched from state 0 to state 1"
time="2026-08-16T17:53:19+08:00" level=info msg="[TESTER] TESTING REGISTRATION USING IMSI 0000018004 UE"
time="2026-08-16T17:53:19+08:00" level=info msg="[GNB] Received incoming connection from new UE"
time="2026-08-16T17:53:19+08:00" level=info msg="[UE] Initiating Registration"
time="2026-08-16T17:53:19+08:00" level=info msg="[UE] Switched from state 0 to state 1"
time="2026-08-16T17:53:19+08:00" level=info msg="[TESTER] TESTING REGISTRATION USING IMSI 0000018005 UE"
time="2026-08-16T17:53:19+08:00" level=info msg="[GNB] Received incoming connection from new UE"
time="2026-08-16T17:53:19+08:00" level=info msg="[UE] Initiating Registration"
time="2026-08-16T17:53:19+08:00" level=info msg="[UE] Switched from state 0 to state 1"
time="2026-08-16T17:53:19+08:00" level=info msg="[TESTER] TESTING REGISTRATION USING IMSI 0000018006 UE"
time="2026-08-16T17:53:19+08:00" level=info msg="[GNB] Received incoming connection from new UE"
time="2026-08-16T17:53:19+08:00" level=info msg="[UE] Initiating Registration"
time="2026-08-16T17:53:19+08:00" level=info msg="[UE] Switched from state 0 to state 1"
time="2026-08-16T17:53:19+08:00" level=info msg="[TESTER] TESTING REGISTRATION USING IMSI 0000018007 UE"
time="2026-08-16T17:53:19+08:00" level=info msg="[GNB] Received incoming connection from new UE"
time="2026-08-16T17:53:19+08:00" level=info msg="[UE] Initiating Registration"
time="2026-08-16T17:53:19+08:00" level=info msg="[UE] Switched from state 0 to state 1"
time="2026-08-16T17:53:19+08:00" level=info msg="[TESTER] TESTING REGISTRATION USING IMSI 0000018008 UE"
time="2026-08-16T17:53:19+08:00" level=info msg="[GNB] Received incoming connection from new UE"
time="2026-08-16T17:53:19+08:00" level=info msg="[UE] Initiating Registration"
time="2026-08-16T17:53:19+08:00" level=info msg="[UE] Switched from state 0 to state 1"
time="2026-08-16T17:53:19+08:00" level=info msg="[TESTER] TESTING REGISTRATION USING IMSI 0000018009 UE"
time="2026-08-16T17:53:19+08:00" level=info msg="[GNB] Received incoming connection from new UE"
time="2026-08-16T17:53:19+08:00" level=info msg="[UE] Initiating Registration"
time="2026-08-16T17:53:19+08:00" level=info msg="[UE] Switched from state 0 to state 1"
time="2026-08-16T17:53:19+08:00" level=info msg="[TESTER] TESTING REGISTRATION USING IMSI 0000018010 UE"
time="2026-08-16T17:53:19+08:00" level=info msg="[GNB] Received incoming connection from new UE"
time="2026-08-16T17:53:19+08:00" level=info msg="[UE] Initiating Registration"
time="2026-08-16T17:53:19+08:00" level=info msg="[UE] Switched from state 0 to state 1"
time="2026-08-16T17:53:19+08:00" level=info msg="[TESTER] TESTING REGISTRATION USING IMSI 0000018011 UE"
time="2026-08-16T17:53:19+08:00" level=info msg="[GNB] Received incoming connection from new UE"
time="2026-08-16T17:53:19+08:00" level=info msg="[UE] Initiating Registration"
time="2026-08-16T17:53:19+08:00" level=info msg="[UE] Switched from state 0 to state 1"
time="2026-08-16T17:53:19+08:00" level=info msg="[TESTER] TESTING REGISTRATION USING IMSI 0000018012 UE"
time="2026-08-16T17:53:19+08:00" level=info msg="[GNB] Received incoming connection from new UE"
time="2026-08-16T17:53:19+08:00" level=info msg="[UE] Initiating Registration"
time="2026-08-16T17:53:19+08:00" level=info msg="[UE] Switched from state 0 to state 1"
time="2026-08-16T17:53:19+08:00" level=info msg="[TESTER] TESTING REGISTRATION USING IMSI 0000018013 UE"
time="2026-08-16T17:53:19+08:00" level=info msg="[GNB] Received incoming connection from new UE"
time="2026-08-16T17:53:19+08:00" level=info msg="[UE] Initiating Registration"
time="2026-08-16T17:53:19+08:00" level=info msg="[UE] Switched from state 0 to state 1"
time="2026-08-16T17:53:19+08:00" level=info msg="[TESTER] TESTING REGISTRATION USING IMSI 0000018014 UE"
time="2026-08-16T17:53:19+08:00" level=info msg="[GNB] Received incoming connection from new UE"
time="2026-08-16T17:53:19+08:00" level=info msg="[UE] Initiating Registration"
time="2026-08-16T17:53:19+08:00" level=info msg="[UE] Switched from state 0 to state 1"
time="2026-08-16T17:53:20+08:00" level=info msg="[TESTER] TESTING REGISTRATION USING IMSI 0000018015 UE"
time="2026-08-16T17:53:20+08:00" level=info msg="[GNB] Received incoming connection from new UE"
time="2026-08-16T17:53:20+08:00" level=info msg="[UE] Initiating Registration"
time="2026-08-16T17:53:20+08:00" level=info msg="[UE] Switched from state 0 to state 1"
time="2026-08-16T17:53:20+08:00" level=info msg="[TESTER] TESTING REGISTRATION USING IMSI 0000018016 UE"
time="2026-08-16T17:53:20+08:00" level=info msg="[GNB] Received incoming connection from new UE"
time="2026-08-16T17:53:20+08:00" level=info msg="[UE] Initiating Registration"
time="2026-08-16T17:53:20+08:00" level=info msg="[UE] Switched from state 0 to state 1"
time="2026-08-16T17:53:20+08:00" level=info msg="[TESTER] TESTING REGISTRATION USING IMSI 0000018017 UE"
time="2026-08-16T17:53:20+08:00" level=info msg="[GNB] Received incoming connection from new UE"
time="2026-08-16T17:53:20+08:00" level=info msg="[UE] Initiating Registration"
time="2026-08-16T17:53:20+08:00" level=info msg="[UE] Switched from state 0 to state 1"
time="2026-08-16T17:53:20+08:00" level=info msg="[TESTER] TESTING REGISTRATION USING IMSI 0000018018 UE"
time="2026-08-16T17:53:20+08:00" level=info msg="[GNB] Received incoming connection from new UE"
time="2026-08-16T17:53:20+08:00" level=info msg="[UE] Initiating Registration"
time="2026-08-16T17:53:20+08:00" level=info msg="[UE] Switched from state 0 to state 1"
time="2026-08-16T17:53:20+08:00" level=info msg="[TESTER] TESTING REGISTRATION USING IMSI 0000018019 UE"
time="2026-08-16T17:53:20+08:00" level=info msg="[GNB] Received incoming connection from new UE"
time="2026-08-16T17:53:20+08:00" level=info msg="[UE] Initiating Registration"
time="2026-08-16T17:53:20+08:00" level=info msg="[UE] Switched from state 0 to state 1"
time="2026-08-16T17:53:20+08:00" level=info msg="[TESTER] TESTING REGISTRATION USING IMSI 0000018020 UE"
time="2026-08-16T17:53:20+08:00" level=info msg="[GNB] Received incoming connection from new UE"
time="2026-08-16T17:53:20+08:00" level=info msg="[UE] Initiating Registration"
time="2026-08-16T17:53:20+08:00" level=info msg="[UE] Switched from state 0 to state 1"
time="2026-08-16T17:53:20+08:00" level=info msg="[TESTER] TESTING REGISTRATION USING IMSI 0000018021 UE"
time="2026-08-16T17:53:20+08:00" level=info msg="[GNB] Received incoming connection from new UE"
time="2026-08-16T17:53:20+08:00" level=info msg="[UE] Initiating Registration"
time="2026-08-16T17:53:20+08:00" level=info msg="[UE] Switched from state 0 to state 1"
time="2026-08-16T17:53:20+08:00" level=info msg="[TESTER] TESTING REGISTRATION USING IMSI 0000018022 UE"
time="2026-08-16T17:53:20+08:00" level=info msg="[GNB] Received incoming connection from new UE"
time="2026-08-16T17:53:20+08:00" level=info msg="[UE] Initiating Registration"
time="2026-08-16T17:53:20+08:00" level=info msg="[UE] Switched from state 0 to state 1"
time="2026-08-16T17:53:20+08:00" level=info msg="[TESTER] TESTING REGISTRATION USING IMSI 0000018023 UE"
time="2026-08-16T17:53:20+08:00" level=info msg="[GNB] Received incoming connection from new UE"
time="2026-08-16T17:53:20+08:00" level=info msg="[UE] Initiating Registration"
time="2026-08-16T17:53:20+08:00" level=info msg="[UE] Switched from state 0 to state 1"
time="2026-08-16T17:53:20+08:00" level=info msg="[TESTER] TESTING REGISTRATION USING IMSI 0000018024 UE"
time="2026-08-16T17:53:20+08:00" level=info msg="[GNB] Received incoming connection from new UE"
time="2026-08-16T17:53:20+08:00" level=info msg="[UE] Initiating Registration"
time="2026-08-16T17:53:20+08:00" level=info msg="[UE] Switched from state 0 to state 1"
time="2026-08-16T17:53:20+08:00" level=info msg="[TESTER] TESTING REGISTRATION USING IMSI 0000018025 UE"
time="2026-08-16T17:53:20+08:00" level=info msg="[GNB] Received incoming connection from new UE"
time="2026-08-16T17:53:20+08:00" level=info msg="[UE] Initiating Registration"
time="2026-08-16T17:53:20+08:00" level=info msg="[UE] Switched from state 0 to state 1"
time="2026-08-16T17:53:20+08:00" level=info msg="[TESTER] TESTING REGISTRATION USING IMSI 0000018026 UE"
time="2026-08-16T17:53:20+08:00" level=info msg="[GNB] Received incoming connection from new UE"
time="2026-08-16T17:53:20+08:00" level=info msg="[UE] Initiating Registration"
time="2026-08-16T17:53:20+08:00" level=info msg="[UE] Switched from state 0 to state 1"
time="2026-08-16T17:53:20+08:00" level=info msg="[TESTER] TESTING REGISTRATION USING IMSI 0000018027 UE"
time="2026-08-16T17:53:20+08:00" level=info msg="[GNB] Received incoming connection from new UE"
time="2026-08-16T17:53:20+08:00" level=info msg="[UE] Initiating Registration"
time="2026-08-16T17:53:20+08:00" level=info msg="[UE] Switched from state 0 to state 1"
time="2026-08-16T17:53:20+08:00" level=info msg="[TESTER] TESTING REGISTRATION USING IMSI 0000018028 UE"
time="2026-08-16T17:53:20+08:00" level=info msg="[GNB] Received incoming connection from new UE"
time="2026-08-16T17:53:20+08:00" level=info msg="[UE] Initiating Registration"
time="2026-08-16T17:53:20+08:00" level=info msg="[UE] Switched from state 0 to state 1"
time="2026-08-16T17:53:20+08:00" level=info msg="[TESTER] TESTING REGISTRATION USING IMSI 0000018029 UE"
time="2026-08-16T17:53:20+08:00" level=info msg="[GNB] Received incoming connection from new UE"
time="2026-08-16T17:53:20+08:00" level=info msg="[UE] Initiating Registration"
time="2026-08-16T17:53:20+08:00" level=info msg="[UE] Switched from state 0 to state 1"
time="2026-08-16T17:53:20+08:00" level=info msg="[TESTER] TESTING REGISTRATION USING IMSI 0000018030 UE"
time="2026-08-16T17:53:20+08:00" level=info msg="[GNB] Received incoming connection from new UE"
time="2026-08-16T17:53:20+08:00" level=info msg="[UE] Initiating Registration"
time="2026-08-16T17:53:20+08:00" level=info msg="[UE] Switched from state 0 to state 1"
time="2026-08-16T17:53:20+08:00" level=info msg="[TESTER] TESTING REGISTRATION USING IMSI 0000018031 UE"
time="2026-08-16T17:53:20+08:00" level=info msg="[GNB] Received incoming connection from new UE"
time="2026-08-16T17:53:20+08:00" level=info msg="[UE] Initiating Registration"
time="2026-08-16T17:53:20+08:00" level=info msg="[UE] Switched from state 0 to state 1"
time="2026-08-16T17:53:20+08:00" level=info msg="[TESTER] TESTING REGISTRATION USING IMSI 0000018032 UE"
time="2026-08-16T17:53:20+08:00" level=info msg="[GNB] Received incoming connection from new UE"
time="2026-08-16T17:53:20+08:00" level=info msg="[UE] Initiating Registration"
time="2026-08-16T17:53:20+08:00" level=info msg="[UE] Switched from state 0 to state 1"
time="2026-08-16T17:53:20+08:00" level=info msg="[TESTER] TESTING REGISTRATION USING IMSI 0000018033 UE"
time="2026-08-16T17:53:20+08:00" level=info msg="[GNB] Received incoming connection from new UE"
time="2026-08-16T17:53:20+08:00" level=info msg="[UE] Initiating Registration"
time="2026-08-16T17:53:20+08:00" level=info msg="[UE] Switched from state 0 to state 1"
time="2026-08-16T17:53:21+08:00" level=info msg="[TESTER] TESTING REGISTRATION USING IMSI 0000018034 UE"
time="2026-08-16T17:53:21+08:00" level=info msg="[GNB] Received incoming connection from new UE"
time="2026-08-16T17:53:21+08:00" level=info msg="[UE] Initiating Registration"
time="2026-08-16T17:53:21+08:00" level=info msg="[UE] Switched from state 0 to state 1"
time="2026-08-16T17:53:21+08:00" level=info msg="[TESTER] TESTING REGISTRATION USING IMSI 0000018035 UE"
time="2026-08-16T17:53:21+08:00" level=info msg="[GNB] Received incoming connection from new UE"
time="2026-08-16T17:53:21+08:00" level=info msg="[UE] Initiating Registration"
time="2026-08-16T17:53:21+08:00" level=info msg="[UE] Switched from state 0 to state 1"
time="2026-08-16T17:53:21+08:00" level=info msg="[TESTER] TESTING REGISTRATION USING IMSI 0000018036 UE"
time="2026-08-16T17:53:21+08:00" level=info msg="[GNB] Received incoming connection from new UE"
time="2026-08-16T17:53:21+08:00" level=info msg="[UE] Initiating Registration"
time="2026-08-16T17:53:21+08:00" level=info msg="[UE] Switched from state 0 to state 1"
time="2026-08-16T17:53:21+08:00" level=info msg="[TESTER] TESTING REGISTRATION USING IMSI 0000018037 UE"
time="2026-08-16T17:53:21+08:00" level=info msg="[GNB] Received incoming connection from new UE"
time="2026-08-16T17:53:21+08:00" level=info msg="[UE] Initiating Registration"
time="2026-08-16T17:53:21+08:00" level=info msg="[UE] Switched from state 0 to state 1"
time="2026-08-16T17:53:21+08:00" level=info msg="[TESTER] TESTING REGISTRATION USING IMSI 0000018038 UE"
time="2026-08-16T17:53:21+08:00" level=info msg="[GNB] Received incoming connection from new UE"
time="2026-08-16T17:53:21+08:00" level=info msg="[UE] Initiating Registration"
time="2026-08-16T17:53:21+08:00" level=info msg="[UE] Switched from state 0 to state 1"
time="2026-08-16T17:53:21+08:00" level=info msg="[TESTER] TESTING REGISTRATION USING IMSI 0000018039 UE"
time="2026-08-16T17:53:21+08:00" level=info msg="[GNB] Received incoming connection from new UE"
time="2026-08-16T17:53:21+08:00" level=info msg="[UE] Initiating Registration"
time="2026-08-16T17:53:21+08:00" level=info msg="[UE] Switched from state 0 to state 1"
time="2026-08-16T17:53:21+08:00" level=info msg="[TESTER] TESTING REGISTRATION USING IMSI 0000018040 UE"
time="2026-08-16T17:53:21+08:00" level=info msg="[GNB] Received incoming connection from new UE"
time="2026-08-16T17:53:21+08:00" level=info msg="[UE] Initiating Registration"
time="2026-08-16T17:53:21+08:00" level=info msg="[UE] Switched from state 0 to state 1"
time="2026-08-16T17:53:21+08:00" level=info msg="[TESTER] TESTING REGISTRATION USING IMSI 0000018041 UE"
time="2026-08-16T17:53:21+08:00" level=info msg="[GNB] Received incoming connection from new UE"
time="2026-08-16T17:53:21+08:00" level=info msg="[UE] Initiating Registration"
time="2026-08-16T17:53:21+08:00" level=info msg="[UE] Switched from state 0 to state 1"
time="2026-08-16T17:53:21+08:00" level=info msg="[TESTER] TESTING REGISTRATION USING IMSI 0000018042 UE"
time="2026-08-16T17:53:21+08:00" level=info msg="[GNB] Received incoming connection from new UE"
time="2026-08-16T17:53:21+08:00" level=info msg="[UE] Initiating Registration"
time="2026-08-16T17:53:21+08:00" level=info msg="[UE] Switched from state 0 to state 1"
time="2026-08-16T17:53:21+08:00" level=info msg="[TESTER] TESTING REGISTRATION USING IMSI 0000018043 UE"
time="2026-08-16T17:53:21+08:00" level=info msg="[GNB] Received incoming connection from new UE"
time="2026-08-16T17:53:21+08:00" level=info msg="[UE] Initiating Registration"
time="2026-08-16T17:53:21+08:00" level=info msg="[UE] Switched from state 0 to state 1"
time="2026-08-16T17:53:21+08:00" level=info msg="[TESTER] TESTING REGISTRATION USING IMSI 0000018044 UE"
time="2026-08-16T17:53:21+08:00" level=info msg="[GNB] Received incoming connection from new UE"
time="2026-08-16T17:53:21+08:00" level=info msg="[UE] Initiating Registration"
time="2026-08-16T17:53:21+08:00" level=info msg="[UE] Switched from state 0 to state 1"
time="2026-08-16T17:53:21+08:00" level=info msg="[TESTER] TESTING REGISTRATION USING IMSI 0000018045 UE"
time="2026-08-16T17:53:21+08:00" level=info msg="[GNB] Received incoming connection from new UE"
time="2026-08-16T17:53:21+08:00" level=info msg="[UE] Initiating Registration"
time="2026-08-16T17:53:21+08:00" level=info msg="[UE] Switched from state 0 to state 1"
time="2026-08-16T17:53:21+08:00" level=info msg="[TESTER] TESTING REGISTRATION USING IMSI 0000018046 UE"
time="2026-08-16T17:53:21+08:00" level=info msg="[GNB] Received incoming connection from new UE"
time="2026-08-16T17:53:21+08:00" level=info msg="[UE] Initiating Registration"
time="2026-08-16T17:53:21+08:00" level=info msg="[UE] Switched from state 0 to state 1"
time="2026-08-16T17:53:21+08:00" level=info msg="[TESTER] TESTING REGISTRATION USING IMSI 0000018047 UE"
time="2026-08-16T17:53:21+08:00" level=info msg="[GNB] Received incoming connection from new UE"
time="2026-08-16T17:53:21+08:00" level=info msg="[UE] Initiating Registration"
time="2026-08-16T17:53:21+08:00" level=info msg="[UE] Switched from state 0 to state 1"
time="2026-08-16T17:53:21+08:00" level=info msg="[TESTER] TESTING REGISTRATION USING IMSI 0000018048 UE"
time="2026-08-16T17:53:21+08:00" level=info msg="[GNB] Received incoming connection from new UE"
time="2026-08-16T17:53:21+08:00" level=info msg="[UE] Initiating Registration"
time="2026-08-16T17:53:21+08:00" level=info msg="[UE] Switched from state 0 to state 1"
time="2026-08-16T17:53:21+08:00" level=info msg="[TESTER] TESTING REGISTRATION USING IMSI 0000018049 UE"
time="2026-08-16T17:53:21+08:00" level=info msg="[GNB] Received incoming connection from new UE"
time="2026-08-16T17:53:21+08:00" level=info msg="[UE] Initiating Registration"
time="2026-08-16T17:53:21+08:00" level=info msg="[UE] Switched from state 0 to state 1"
time="2026-08-16T17:53:21+08:00" level=info msg="[TESTER] TESTING REGISTRATION USING IMSI 0000018050 UE"
time="2026-08-16T17:53:21+08:00" level=info msg="[GNB] Received incoming connection from new UE"
time="2026-08-16T17:53:21+08:00" level=info msg="[UE] Initiating Registration"
time="2026-08-16T17:53:21+08:00" level=info msg="[UE] Switched from state 0 to state 1"
time="2026-08-16T17:53:21+08:00" level=info msg="[TESTER] TESTING REGISTRATION USING IMSI 0000018051 UE"
time="2026-08-16T17:53:21+08:00" level=info msg="[GNB] Received incoming connection from new UE"
time="2026-08-16T17:53:21+08:00" level=info msg="[UE] Initiating Registration"
time="2026-08-16T17:53:21+08:00" level=info msg="[UE] Switched from state 0 to state 1"
time="2026-08-16T17:53:21+08:00" level=info msg="[TESTER] TESTING REGISTRATION USING IMSI 0000018052 UE"
time="2026-08-16T17:53:21+08:00" level=info msg="[GNB] Received incoming connection from new UE"
time="2026-08-16T17:53:21+08:00" level=info msg="[UE] Initiating Registration"
time="2026-08-16T17:53:21+08:00" level=info msg="[UE] Switched from state 0 to state 1"
time="2026-08-16T17:53:22+08:00" level=info msg="[TESTER] TESTING REGISTRATION USING IMSI 0000018053 UE"
time="2026-08-16T17:53:22+08:00" level=info msg="[GNB] Received incoming connection from new UE"
time="2026-08-16T17:53:22+08:00" level=info msg="[UE] Initiating Registration"
time="2026-08-16T17:53:22+08:00" level=info msg="[UE] Switched from state 0 to state 1"
time="2026-08-16T17:53:22+08:00" level=info msg="[TESTER] TESTING REGISTRATION USING IMSI 0000018054 UE"
time="2026-08-16T17:53:22+08:00" level=info msg="[GNB] Received incoming connection from new UE"
time="2026-08-16T17:53:22+08:00" level=info msg="[UE] Initiating Registration"
time="2026-08-16T17:53:22+08:00" level=info msg="[UE] Switched from state 0 to state 1"
time="2026-08-16T17:53:22+08:00" level=info msg="[TESTER] TESTING REGISTRATION USING IMSI 0000018055 UE"
time="2026-08-16T17:53:22+08:00" level=info msg="[GNB] Received incoming connection from new UE"
time="2026-08-16T17:53:22+08:00" level=info msg="[UE] Initiating Registration"
time="2026-08-16T17:53:22+08:00" level=info msg="[UE] Switched from state 0 to state 1"
time="2026-08-16T17:53:22+08:00" level=info msg="[TESTER] TESTING REGISTRATION USING IMSI 0000018056 UE"
time="2026-08-16T17:53:22+08:00" level=info msg="[GNB] Received incoming connection from new UE"
time="2026-08-16T17:53:22+08:00" level=info msg="[UE] Initiating Registration"
time="2026-08-16T17:53:22+08:00" level=info msg="[UE] Switched from state 0 to state 1"
time="2026-08-16T17:53:22+08:00" level=info msg="[TESTER] TESTING REGISTRATION USING IMSI 0000018057 UE"
time="2026-08-16T17:53:22+08:00" level=info msg="[GNB] Received incoming connection from new UE"
time="2026-08-16T17:53:22+08:00" level=info msg="[UE] Initiating Registration"
time="2026-08-16T17:53:22+08:00" level=info msg="[UE] Switched from state 0 to state 1"
time="2026-08-16T17:53:22+08:00" level=info msg="[TESTER] TESTING REGISTRATION USING IMSI 0000018058 UE"
time="2026-08-16T17:53:22+08:00" level=info msg="[GNB] Received incoming connection from new UE"
time="2026-08-16T17:53:22+08:00" level=info msg="[UE] Initiating Registration"
time="2026-08-16T17:53:22+08:00" level=info msg="[UE] Switched from state 0 to state 1"
time="2026-08-16T17:53:22+08:00" level=info msg="[TESTER] TESTING REGISTRATION USING IMSI 0000018059 UE"
time="2026-08-16T17:53:22+08:00" level=info msg="[GNB] Received incoming connection from new UE"
time="2026-08-16T17:53:22+08:00" level=info msg="[UE] Initiating Registration"
time="2026-08-16T17:53:22+08:00" level=info msg="[UE] Switched from state 0 to state 1"
time="2026-08-16T17:53:22+08:00" level=info msg="[TESTER] TESTING REGISTRATION USING IMSI 0000018060 UE"
time="2026-08-16T17:53:22+08:00" level=info msg="[GNB] Received incoming connection from new UE"
time="2026-08-16T17:53:22+08:00" level=info msg="[UE] Initiating Registration"
time="2026-08-16T17:53:22+08:00" level=info msg="[UE] Switched from state 0 to state 1"
time="2026-08-16T17:53:22+08:00" level=info msg="[TESTER] TESTING REGISTRATION USING IMSI 0000018061 UE"
time="2026-08-16T17:53:22+08:00" level=info msg="[GNB] Received incoming connection from new UE"
time="2026-08-16T17:53:22+08:00" level=info msg="[UE] Initiating Registration"
time="2026-08-16T17:53:22+08:00" level=info msg="[UE] Switched from state 0 to state 1"
time="2026-08-16T17:53:22+08:00" level=info msg="[TESTER] TESTING REGISTRATION USING IMSI 0000018062 UE"
time="2026-08-16T17:53:22+08:00" level=info msg="[GNB] Received incoming connection from new UE"
time="2026-08-16T17:53:22+08:00" level=info msg="[UE] Initiating Registration"
time="2026-08-16T17:53:22+08:00" level=info msg="[UE] Switched from state 0 to state 1"
time="2026-08-16T17:53:22+08:00" level=info msg="[TESTER] TESTING REGISTRATION USING IMSI 0000018063 UE"
time="2026-08-16T17:53:22+08:00" level=info msg="[GNB] Received incoming connection from new UE"
time="2026-08-16T17:53:22+08:00" level=info msg="[UE] Initiating Registration"
time="2026-08-16T17:53:22+08:00" level=info msg="[UE] Switched from state 0 to state 1"
time="2026-08-16T17:53:22+08:00" level=info msg="[TESTER] TESTING REGISTRATION USING IMSI 0000018064 UE"
time="2026-08-16T17:53:22+08:00" level=info msg="[GNB] Received incoming connection from new UE"
time="2026-08-16T17:53:22+08:00" level=info msg="[UE] Initiating Registration"
time="2026-08-16T17:53:22+08:00" level=info msg="[UE] Switched from state 0 to state 1"
time="2026-08-16T17:53:22+08:00" level=info msg="[TESTER] TESTING REGISTRATION USING IMSI 0000018065 UE"
time="2026-08-16T17:53:22+08:00" level=info msg="[GNB] Received incoming connection from new UE"
time="2026-08-16T17:53:22+08:00" level=info msg="[UE] Initiating Registration"
time="2026-08-16T17:53:22+08:00" level=info msg="[UE] Switched from state 0 to state 1"
time="2026-08-16T17:53:22+08:00" level=info msg="[TESTER] TESTING REGISTRATION USING IMSI 0000018066 UE"
time="2026-08-16T17:53:22+08:00" level=info msg="[GNB] Received incoming connection from new UE"
time="2026-08-16T17:53:22+08:00" level=info msg="[UE] Initiating Registration"
time="2026-08-16T17:53:22+08:00" level=info msg="[UE] Switched from state 0 to state 1"
time="2026-08-16T17:53:22+08:00" level=info msg="[TESTER] TESTING REGISTRATION USING IMSI 0000018067 UE"
time="2026-08-16T17:53:22+08:00" level=info msg="[GNB] Received incoming connection from new UE"
time="2026-08-16T17:53:22+08:00" level=info msg="[UE] Initiating Registration"
time="2026-08-16T17:53:22+08:00" level=info msg="[UE] Switched from state 0 to state 1"
time="2026-08-16T17:53:22+08:00" level=info msg="[TESTER] TESTING REGISTRATION USING IMSI 0000018068 UE"
time="2026-08-16T17:53:22+08:00" level=info msg="[GNB] Received incoming connection from new UE"
time="2026-08-16T17:53:22+08:00" level=info msg="[UE] Initiating Registration"
time="2026-08-16T17:53:22+08:00" level=info msg="[UE] Switched from state 0 to state 1"
time="2026-08-16T17:53:22+08:00" level=info msg="[TESTER] TESTING REGISTRATION USING IMSI 0000018069 UE"
time="2026-08-16T17:53:22+08:00" level=info msg="[GNB] Received incoming connection from new UE"
time="2026-08-16T17:53:22+08:00" level=info msg="[UE] Initiating Registration"
time="2026-08-16T17:53:22+08:00" level=info msg="[UE] Switched from state 0 to state 1"
time="2026-08-16T17:53:22+08:00" level=info msg="[TESTER] TESTING REGISTRATION USING IMSI 0000018070 UE"
time="2026-08-16T17:53:22+08:00" level=info msg="[GNB] Received incoming connection from new UE"
time="2026-08-16T17:53:22+08:00" level=info msg="[UE] Initiating Registration"
time="2026-08-16T17:53:22+08:00" level=info msg="[UE] Switched from state 0 to state 1"
time="2026-08-16T17:53:22+08:00" level=info msg="[TESTER] TESTING REGISTRATION USING IMSI 0000018071 UE"
time="2026-08-16T17:53:22+08:00" level=info msg="[GNB] Received incoming connection from new UE"
time="2026-08-16T17:53:22+08:00" level=info msg="[UE] Initiating Registration"
time="2026-08-16T17:53:22+08:00" level=info msg="[UE] Switched from state 0 to state 1"
time="2026-08-16T17:53:22+08:00" level=info msg="[TESTER] TESTING REGISTRATION USING IMSI 0000018072 UE"
time="2026-08-16T17:53:22+08:00" level=info msg="[GNB] Received incoming connection from new UE"
time="2026-08-16T17:53:22+08:00" level=info msg="[UE] Initiating Registration"
time="2026-08-16T17:53:22+08:00" level=info msg="[UE] Switched from state 0 to state 1"
time="2026-08-16T17:53:23+08:00" level=info msg="[TESTER] TESTING REGISTRATION USING IMSI 0000018073 UE"
time="2026-08-16T17:53:23+08:00" level=info msg="[GNB] Received incoming connection from new UE"
time="2026-08-16T17:53:23+08:00" level=info msg="[UE] Initiating Registration"
time="2026-08-16T17:53:23+08:00" level=info msg="[UE] Switched from state 0 to state 1"
time="2026-08-16T17:53:23+08:00" level=info msg="[TESTER] TESTING REGISTRATION USING IMSI 0000018074 UE"
time="2026-08-16T17:53:23+08:00" level=info msg="[GNB] Received incoming connection from new UE"
time="2026-08-16T17:53:23+08:00" level=info msg="[UE] Initiating Registration"
time="2026-08-16T17:53:23+08:00" level=info msg="[UE] Switched from state 0 to state 1"
time="2026-08-16T17:53:23+08:00" level=info msg="[TESTER] TESTING REGISTRATION USING IMSI 0000018075 UE"
time="2026-08-16T17:53:23+08:00" level=info msg="[GNB] Received incoming connection from new UE"
time="2026-08-16T17:53:23+08:00" level=info msg="[UE] Initiating Registration"
time="2026-08-16T17:53:23+08:00" level=info msg="[UE] Switched from state 0 to state 1"
time="2026-08-16T17:53:23+08:00" level=info msg="[TESTER] TESTING REGISTRATION USING IMSI 0000018076 UE"
time="2026-08-16T17:53:23+08:00" level=info msg="[GNB] Received incoming connection from new UE"
time="2026-08-16T17:53:23+08:00" level=info msg="[UE] Initiating Registration"
time="2026-08-16T17:53:23+08:00" level=info msg="[UE] Switched from state 0 to state 1"
time="2026-08-16T17:53:23+08:00" level=info msg="[TESTER] TESTING REGISTRATION USING IMSI 0000018077 UE"
time="2026-08-16T17:53:23+08:00" level=info msg="[GNB] Received incoming connection from new UE"
time="2026-08-16T17:53:23+08:00" level=info msg="[UE] Initiating Registration"
time="2026-08-16T17:53:23+08:00" level=info msg="[UE] Switched from state 0 to state 1"
time="2026-08-16T17:53:23+08:00" level=info msg="[TESTER] TESTING REGISTRATION USING IMSI 0000018078 UE"
time="2026-08-16T17:53:23+08:00" level=info msg="[GNB] Received incoming connection from new UE"
time="2026-08-16T17:53:23+08:00" level=info msg="[UE] Initiating Registration"
time="2026-08-16T17:53:23+08:00" level=info msg="[UE] Switched from state 0 to state 1"
time="2026-08-16T17:53:23+08:00" level=info msg="[TESTER] TESTING REGISTRATION USING IMSI 0000018079 UE"
time="2026-08-16T17:53:23+08:00" level=info msg="[GNB] Received incoming connection from new UE"
time="2026-08-16T17:53:23+08:00" level=info msg="[UE] Initiating Registration"
time="2026-08-16T17:53:23+08:00" level=info msg="[UE] Switched from state 0 to state 1"
time="2026-08-16T17:53:23+08:00" level=info msg="[TESTER] TESTING REGISTRATION USING IMSI 0000018080 UE"
time="2026-08-16T17:53:23+08:00" level=info msg="[GNB] Received incoming connection from new UE"
time="2026-08-16T17:53:23+08:00" level=info msg="[UE] Initiating Registration"
time="2026-08-16T17:53:23+08:00" level=info msg="[UE] Switched from state 0 to state 1"
time="2026-08-16T17:53:23+08:00" level=info msg="[TESTER] TESTING REGISTRATION USING IMSI 0000018081 UE"
time="2026-08-16T17:53:23+08:00" level=info msg="[GNB] Received incoming connection from new UE"
time="2026-08-16T17:53:23+08:00" level=info msg="[UE] Initiating Registration"
time="2026-08-16T17:53:23+08:00" level=info msg="[UE] Switched from state 0 to state 1"
time="2026-08-16T17:53:23+08:00" level=info msg="[TESTER] TESTING REGISTRATION USING IMSI 0000018082 UE"
time="2026-08-16T17:53:23+08:00" level=info msg="[GNB] Received incoming connection from new UE"
time="2026-08-16T17:53:23+08:00" level=info msg="[UE] Initiating Registration"
time="2026-08-16T17:53:23+08:00" level=info msg="[UE] Switched from state 0 to state 1"
time="2026-08-16T17:53:23+08:00" level=info msg="[TESTER] TESTING REGISTRATION USING IMSI 0000018083 UE"
time="2026-08-16T17:53:23+08:00" level=info msg="[GNB] Received incoming connection from new UE"
time="2026-08-16T17:53:23+08:00" level=info msg="[UE] Initiating Registration"
time="2026-08-16T17:53:23+08:00" level=info msg="[UE] Switched from state 0 to state 1"
time="2026-08-16T17:53:23+08:00" level=info msg="[TESTER] TESTING REGISTRATION USING IMSI 0000018084 UE"
time="2026-08-16T17:53:23+08:00" level=info msg="[GNB] Received incoming connection from new UE"
time="2026-08-16T17:53:23+08:00" level=info msg="[UE] Initiating Registration"
time="2026-08-16T17:53:23+08:00" level=info msg="[UE] Switched from state 0 to state 1"
time="2026-08-16T17:53:23+08:00" level=info msg="[TESTER] TESTING REGISTRATION USING IMSI 0000018085 UE"
time="2026-08-16T17:53:23+08:00" level=info msg="[GNB] Received incoming connection from new UE"
time="2026-08-16T17:53:23+08:00" level=info msg="[UE] Initiating Registration"
time="2026-08-16T17:53:23+08:00" level=info msg="[UE] Switched from state 0 to state 1"
time="2026-08-16T17:53:23+08:00" level=info msg="[TESTER] TESTING REGISTRATION USING IMSI 0000018086 UE"
time="2026-08-16T17:53:23+08:00" level=info msg="[GNB] Received incoming connection from new UE"
time="2026-08-16T17:53:23+08:00" level=info msg="[UE] Initiating Registration"
time="2026-08-16T17:53:23+08:00" level=info msg="[UE] Switched from state 0 to state 1"
time="2026-08-16T17:53:23+08:00" level=info msg="[TESTER] TESTING REGISTRATION USING IMSI 0000018087 UE"
time="2026-08-16T17:53:23+08:00" level=info msg="[GNB] Received incoming connection from new UE"
time="2026-08-16T17:53:23+08:00" level=info msg="[UE] Initiating Registration"
time="2026-08-16T17:53:23+08:00" level=info msg="[UE] Switched from state 0 to state 1"
time="2026-08-16T17:53:23+08:00" level=info msg="[TESTER] TESTING REGISTRATION USING IMSI 0000018088 UE"
time="2026-08-16T17:53:23+08:00" level=info msg="[GNB] Received incoming connection from new UE"
time="2026-08-16T17:53:23+08:00" level=info msg="[UE] Initiating Registration"
time="2026-08-16T17:53:23+08:00" level=info msg="[UE] Switched from state 0 to state 1"
time="2026-08-16T17:53:23+08:00" level=info msg="[TESTER] TESTING REGISTRATION USING IMSI 0000018089 UE"
time="2026-08-16T17:53:23+08:00" level=info msg="[GNB] Received incoming connection from new UE"
time="2026-08-16T17:53:23+08:00" level=info msg="[UE] Initiating Registration"
time="2026-08-16T17:53:23+08:00" level=info msg="[UE] Switched from state 0 to state 1"
time="2026-08-16T17:53:23+08:00" level=info msg="[TESTER] TESTING REGISTRATION USING IMSI 0000018090 UE"
time="2026-08-16T17:53:23+08:00" level=info msg="[GNB] Received incoming connection from new UE"
time="2026-08-16T17:53:23+08:00" level=info msg="[UE] Initiating Registration"
time="2026-08-16T17:53:23+08:00" level=info msg="[UE] Switched from state 0 to state 1"
time="2026-08-16T17:53:23+08:00" level=info msg="[TESTER] TESTING REGISTRATION USING IMSI 0000018091 UE"
time="2026-08-16T17:53:23+08:00" level=info msg="[GNB] Received incoming connection from new UE"
time="2026-08-16T17:53:23+08:00" level=info msg="[UE] Initiating Registration"
time="2026-08-16T17:53:23+08:00" level=info msg="[UE] Switched from state 0 to state 1"
time="2026-08-16T17:53:23+08:00" level=info msg="[TESTER] TESTING REGISTRATION USING IMSI 0000018092 UE"
time="2026-08-16T17:53:23+08:00" level=info msg="[GNB] Received incoming connection from new UE"
time="2026-08-16T17:53:23+08:00" level=info msg="[UE] Initiating Registration"
time="2026-08-16T17:53:23+08:00" level=info msg="[UE] Switched from state 0 to state 1"
time="2026-08-16T17:53:24+08:00" level=info msg="[TESTER] TESTING REGISTRATION USING IMSI 0000018093 UE"
time="2026-08-16T17:53:24+08:00" level=info msg="[GNB] Received incoming connection from new UE"
time="2026-08-16T17:53:24+08:00" level=info msg="[UE] Initiating Registration"
time="2026-08-16T17:53:24+08:00" level=info msg="[UE] Switched from state 0 to state 1"
time="2026-08-16T17:53:24+08:00" level=info msg="[TESTER] TESTING REGISTRATION USING IMSI 0000018094 UE"
time="2026-08-16T17:53:24+08:00" level=info msg="[GNB] Received incoming connection from new UE"
time="2026-08-16T17:53:24+08:00" level=info msg="[UE] Initiating Registration"
time="2026-08-16T17:53:24+08:00" level=info msg="[UE] Switched from state 0 to state 1"
time="2026-08-16T17:53:24+08:00" level=info msg="[TESTER] TESTING REGISTRATION USING IMSI 0000018095 UE"
time="2026-08-16T17:53:24+08:00" level=info msg="[GNB] Received incoming connection from new UE"
time="2026-08-16T17:53:24+08:00" level=info msg="[UE] Initiating Registration"
time="2026-08-16T17:53:24+08:00" level=info msg="[UE] Switched from state 0 to state 1"
time="2026-08-16T17:53:24+08:00" level=info msg="[TESTER] TESTING REGISTRATION USING IMSI 0000018096 UE"
time="2026-08-16T17:53:24+08:00" level=info msg="[GNB] Received incoming connection from new UE"
time="2026-08-16T17:53:24+08:00" level=info msg="[UE] Initiating Registration"
time="2026-08-16T17:53:24+08:00" level=info msg="[UE] Switched from state 0 to state 1"
time="2026-08-16T17:53:24+08:00" level=info msg="[TESTER] TESTING REGISTRATION USING IMSI 0000018097 UE"
time="2026-08-16T17:53:24+08:00" level=info msg="[GNB] Received incoming connection from new UE"
time="2026-08-16T17:53:24+08:00" level=info msg="[UE] Initiating Registration"
time="2026-08-16T17:53:24+08:00" level=info msg="[UE] Switched from state 0 to state 1"
time="2026-08-16T17:53:24+08:00" level=info msg="[TESTER] TESTING REGISTRATION USING IMSI 0000018098 UE"
time="2026-08-16T17:53:24+08:00" level=info msg="[GNB] Received incoming connection from new UE"
time="2026-08-16T17:53:24+08:00" level=info msg="[UE] Initiating Registration"
time="2026-08-16T17:53:24+08:00" level=info msg="[UE] Switched from state 0 to state 1"
time="2026-08-16T17:53:24+08:00" level=info msg="[TESTER] TESTING REGISTRATION USING IMSI 0000018099 UE"
time="2026-08-16T17:53:24+08:00" level=info msg="[GNB] Received incoming connection from new UE"
time="2026-08-16T17:53:24+08:00" level=info msg="[UE] Initiating Registration"
time="2026-08-16T17:53:24+08:00" level=info msg="[UE] Switched from state 0 to state 1"
time="2026-08-16T17:53:24+08:00" level=info msg="[TESTER] TESTING REGISTRATION USING IMSI 0000018100 UE"
time="2026-08-16T17:53:24+08:00" level=info msg="[GNB] Received incoming connection from new UE"
time="2026-08-16T17:53:24+08:00" level=info msg="[UE] Initiating Registration"
time="2026-08-16T17:53:24+08:00" level=info msg="[UE] Switched from state 0 to state 1"
time="2026-08-16T17:53:29+08:00" level=info msg="[GNB][SCTP] Receive message in 0 stream\n"
time="2026-08-16T17:53:29+08:00" level=info msg="[GNB][NGAP] Receive Downlink NAS Transport"
time="2026-08-16T17:53:29+08:00" level=info msg="[UE][NAS] Message without security header"
time="2026-08-16T17:53:29+08:00" level=info msg="[UE][NAS] Receive Authentication Request"
time="2026-08-16T17:53:29+08:00" level=info msg="[UE][NAS][MAC] Authenticity of the authentication request message: OK"
time="2026-08-16T17:53:29+08:00" level=info msg="[UE][NAS][SQN] SQN of the authentication request message: VALID"
time="2026-08-16T17:53:29+08:00" level=info msg="[UE][NAS] Send authentication response"
time="2026-08-16T17:53:29+08:00" level=info msg="[UE] Switched from state 1 to state 2"
time="2026-08-16T17:53:30+08:00" level=info msg="[GNB][SCTP] Receive message in 0 stream\n"
time="2026-08-16T17:53:30+08:00" level=info msg="[GNB][NGAP] Receive Downlink NAS Transport"
time="2026-08-16T17:53:30+08:00" level=info msg="[UE][NAS] Message without security header"
time="2026-08-16T17:53:30+08:00" level=info msg="[UE][NAS] Receive Authentication Request"
time="2026-08-16T17:53:30+08:00" level=info msg="[UE][NAS][MAC] Authenticity of the authentication request message: OK"
time="2026-08-16T17:53:30+08:00" level=info msg="[UE][NAS][SQN] SQN of the authentication request message: VALID"
time="2026-08-16T17:53:30+08:00" level=info msg="[UE][NAS] Send authentication response"
time="2026-08-16T17:53:30+08:00" level=info msg="[UE] Switched from state 1 to state 2"
time="2026-08-16T17:53:30+08:00" level=info msg="[GNB][SCTP] Receive message in 0 stream\n"
time="2026-08-16T17:53:30+08:00" level=info msg="[GNB][NGAP] Receive Downlink NAS Transport"
time="2026-08-16T17:53:30+08:00" level=info msg="[UE][NAS] Message without security header"
time="2026-08-16T17:53:30+08:00" level=error msg="[UE][NAS] Receive Registration Reject"
time="2026-08-16T17:53:30+08:00" level=error msg="[UE][NAS] UE received a 5GMM Failure, cause: Congestion"
time="2026-08-16T17:53:30+08:00" level=info msg="[GNB][SCTP] Receive message in 0 stream\n"
time="2026-08-16T17:53:30+08:00" level=info msg="[GNB][SCTP] Receive message in 0 stream\n"
time="2026-08-16T17:53:30+08:00" level=info msg="[GNB][SCTP] Receive message in 0 stream\n"
time="2026-08-16T17:53:30+08:00" level=info msg="[GNB][SCTP] Receive message in 0 stream\n"
time="2026-08-16T17:53:30+08:00" level=info msg="[GNB][SCTP] Receive message in 0 stream\n"
time="2026-08-16T17:53:30+08:00" level=info msg="[GNB][SCTP] Receive message in 0 stream\n"
time="2026-08-16T17:53:30+08:00" level=info msg="[GNB][SCTP] Receive message in 0 stream\n"
time="2026-08-16T17:53:30+08:00" level=info msg="[GNB][SCTP] Receive message in 0 stream\n"
time="2026-08-16T17:53:30+08:00" level=info msg="[GNB][SCTP] Receive message in 0 stream\n"
time="2026-08-16T17:53:30+08:00" level=info msg="[GNB][NGAP] Receive Downlink NAS Transport"
time="2026-08-16T17:53:30+08:00" level=info msg="[UE][NAS] Message without security header"
time="2026-08-16T17:53:30+08:00" level=error msg="[UE][NAS] Receive Registration Reject"
time="2026-08-16T17:53:30+08:00" level=error msg="[UE][NAS] UE received a 5GMM Failure, cause: Tracking area not allowed"
time="2026-08-16T17:53:30+08:00" level=info msg="[GNB][NGAP] Receive Downlink NAS Transport"
time="2026-08-16T17:53:30+08:00" level=info msg="[UE][NAS] Message without security header"
time="2026-08-16T17:53:30+08:00" level=error msg="[UE][NAS] Receive Registration Reject"
time="2026-08-16T17:53:30+08:00" level=error msg="[UE][NAS] UE received a 5GMM Failure, cause: Tracking area not allowed"
time="2026-08-16T17:53:30+08:00" level=info msg="[GNB][NGAP] Receive Downlink NAS Transport"
time="2026-08-16T17:53:30+08:00" level=info msg="[UE][NAS] Message without security header"
time="2026-08-16T17:53:30+08:00" level=error msg="[UE][NAS] Receive Registration Reject"
time="2026-08-16T17:53:30+08:00" level=error msg="[UE][NAS] UE received a 5GMM Failure, cause: Congestion"
time="2026-08-16T17:53:30+08:00" level=info msg="[GNB][NGAP] Receive Downlink NAS Transport"
time="2026-08-16T17:53:30+08:00" level=info msg="[UE][NAS] Message without security header"
time="2026-08-16T17:53:30+08:00" level=error msg="[UE][NAS] Receive Registration Reject"
time="2026-08-16T17:53:30+08:00" level=error msg="[UE][NAS] UE received a 5GMM Failure, cause: Tracking area not allowed"
time="2026-08-16T17:53:30+08:00" level=info msg="[GNB][NGAP] Receive Downlink NAS Transport"
time="2026-08-16T17:53:30+08:00" level=info msg="[UE][NAS] Message without security header"
time="2026-08-16T17:53:30+08:00" level=error msg="[UE][NAS] Receive Registration Reject"
time="2026-08-16T17:53:30+08:00" level=error msg="[UE][NAS] UE received a 5GMM Failure, cause: Congestion"
time="2026-08-16T17:53:30+08:00" level=info msg="[GNB][NGAP] Receive Downlink NAS Transport"
time="2026-08-16T17:53:30+08:00" level=info msg="[UE][NAS] Message without security header"
time="2026-08-16T17:53:30+08:00" level=error msg="[UE][NAS] Receive Registration Reject"
time="2026-08-16T17:53:30+08:00" level=error msg="[UE][NAS] UE received a 5GMM Failure, cause: Tracking area not allowed"
time="2026-08-16T17:53:30+08:00" level=info msg="[GNB][NGAP] Receive Downlink NAS Transport"
time="2026-08-16T17:53:30+08:00" level=info msg="[UE][NAS] Message without security header"
time="2026-08-16T17:53:30+08:00" level=error msg="[UE][NAS] Receive Registration Reject"
time="2026-08-16T17:53:30+08:00" level=error msg="[UE][NAS] UE received a 5GMM Failure, cause: Tracking area not allowed"
time="2026-08-16T17:53:30+08:00" level=info msg="[GNB][NGAP] Receive Downlink NAS Transport"
time="2026-08-16T17:53:30+08:00" level=info msg="[UE][NAS] Message without security header"
time="2026-08-16T17:53:30+08:00" level=error msg="[UE][NAS] Receive Registration Reject"
time="2026-08-16T17:53:30+08:00" level=error msg="[UE][NAS] UE received a 5GMM Failure, cause: Congestion"
time="2026-08-16T17:53:30+08:00" level=info msg="[GNB][NGAP] Receive Downlink NAS Transport"
time="2026-08-16T17:53:30+08:00" level=info msg="[UE][NAS] Message without security header"
time="2026-08-16T17:53:30+08:00" level=error msg="[UE][NAS] Receive Registration Reject"
time="2026-08-16T17:53:30+08:00" level=error msg="[UE][NAS] UE received a 5GMM Failure, cause: Congestion"
time="2026-08-16T17:53:30+08:00" level=info msg="[GNB][SCTP] Receive message in 0 stream\n"
time="2026-08-16T17:53:30+08:00" level=info msg="[GNB][NGAP] Receive Downlink NAS Transport"
time="2026-08-16T17:53:30+08:00" level=info msg="[UE][NAS] Message without security header"
time="2026-08-16T17:53:30+08:00" level=info msg="[UE][NAS] Receive Authentication Request"
time="2026-08-16T17:53:30+08:00" level=info msg="[UE][NAS][MAC] Authenticity of the authentication request message: OK"
time="2026-08-16T17:53:30+08:00" level=info msg="[UE][NAS][SQN] SQN of the authentication request message: VALID"
time="2026-08-16T17:53:30+08:00" level=info msg="[UE][NAS] Send authentication response"
time="2026-08-16T17:53:30+08:00" level=info msg="[UE] Switched from state 1 to state 2"
time="2026-08-16T17:53:30+08:00" level=info msg="[GNB][SCTP] Receive message in 0 stream\n"
time="2026-08-16T17:53:30+08:00" level=info msg="[GNB][NGAP] Receive Downlink NAS Transport"
time="2026-08-16T17:53:30+08:00" level=info msg="[UE][NAS] Message without security header"
time="2026-08-16T17:53:30+08:00" level=info msg="[UE][NAS] Receive Authentication Request"
time="2026-08-16T17:53:30+08:00" level=info msg="[UE][NAS][MAC] Authenticity of the authentication request message: OK"
time="2026-08-16T17:53:30+08:00" level=info msg="[UE][NAS][SQN] SQN of the authentication request message: VALID"
time="2026-08-16T17:53:30+08:00" level=info msg="[UE][NAS] Send authentication response"
time="2026-08-16T17:53:30+08:00" level=info msg="[UE] Switched from state 1 to state 2"
time="2026-08-16T17:53:30+08:00" level=info msg="[GNB][SCTP] Receive message in 0 stream\n"
time="2026-08-16T17:53:30+08:00" level=info msg="[GNB][NGAP] Receive Downlink NAS Transport"
time="2026-08-16T17:53:30+08:00" level=info msg="[UE][NAS] Message without security header"
time="2026-08-16T17:53:30+08:00" level=info msg="[UE][NAS] Receive Authentication Request"
time="2026-08-16T17:53:30+08:00" level=info msg="[UE][NAS][MAC] Authenticity of the authentication request message: OK"
time="2026-08-16T17:53:30+08:00" level=info msg="[UE][NAS][SQN] SQN of the authentication request message: VALID"
time="2026-08-16T17:53:30+08:00" level=info msg="[UE][NAS] Send authentication response"
time="2026-08-16T17:53:30+08:00" level=info msg="[UE] Switched from state 1 to state 2"
time="2026-08-16T17:53:31+08:00" level=info msg="[GNB][SCTP] Receive message in 0 stream\n"
time="2026-08-16T17:53:31+08:00" level=info msg="[GNB][NGAP] Receive Downlink NAS Transport"
time="2026-08-16T17:53:31+08:00" level=info msg="[UE][NAS] Message without security header"
time="2026-08-16T17:53:31+08:00" level=info msg="[UE][NAS] Receive Authentication Request"
time="2026-08-16T17:53:31+08:00" level=info msg="[UE][NAS][MAC] Authenticity of the authentication request message: OK"
time="2026-08-16T17:53:31+08:00" level=info msg="[UE][NAS][SQN] SQN of the authentication request message: VALID"
time="2026-08-16T17:53:31+08:00" level=info msg="[UE][NAS] Send authentication response"
time="2026-08-16T17:53:31+08:00" level=info msg="[UE] Switched from state 1 to state 2"
time="2026-08-16T17:53:31+08:00" level=info msg="[GNB][SCTP] Receive message in 0 stream\n"
time="2026-08-16T17:53:31+08:00" level=info msg="[GNB][NGAP] Receive Downlink NAS Transport"
time="2026-08-16T17:53:31+08:00" level=info msg="[UE][NAS] Message without security header"
time="2026-08-16T17:53:31+08:00" level=info msg="[UE][NAS] Receive Authentication Request"
time="2026-08-16T17:53:31+08:00" level=info msg="[UE][NAS][MAC] Authenticity of the authentication request message: OK"
time="2026-08-16T17:53:31+08:00" level=info msg="[UE][NAS][SQN] SQN of the authentication request message: VALID"
time="2026-08-16T17:53:31+08:00" level=info msg="[UE][NAS] Send authentication response"
time="2026-08-16T17:53:31+08:00" level=info msg="[UE] Switched from state 1 to state 2"
time="2026-08-16T17:53:31+08:00" level=info msg="[GNB][SCTP] Receive message in 0 stream\n"
time="2026-08-16T17:53:31+08:00" level=info msg="[GNB][NGAP] Receive Downlink NAS Transport"
time="2026-08-16T17:53:31+08:00" level=info msg="[UE][NAS] Message without security header"
time="2026-08-16T17:53:31+08:00" level=info msg="[UE][NAS] Receive Authentication Request"
time="2026-08-16T17:53:31+08:00" level=info msg="[UE][NAS][MAC] Authenticity of the authentication request message: OK"
time="2026-08-16T17:53:31+08:00" level=info msg="[UE][NAS][SQN] SQN of the authentication request message: VALID"
time="2026-08-16T17:53:31+08:00" level=info msg="[UE][NAS] Send authentication response"
time="2026-08-16T17:53:31+08:00" level=info msg="[UE] Switched from state 1 to state 2"
time="2026-08-16T17:53:31+08:00" level=info msg="[GNB][SCTP] Receive message in 0 stream\n"
time="2026-08-16T17:53:31+08:00" level=info msg="[GNB][NGAP] Receive Downlink NAS Transport"
time="2026-08-16T17:53:31+08:00" level=info msg="[UE][NAS] Message without security header"
time="2026-08-16T17:53:31+08:00" level=info msg="[UE][NAS] Receive Authentication Request"
time="2026-08-16T17:53:31+08:00" level=info msg="[UE][NAS][MAC] Authenticity of the authentication request message: OK"
time="2026-08-16T17:53:31+08:00" level=info msg="[UE][NAS][SQN] SQN of the authentication request message: VALID"
time="2026-08-16T17:53:31+08:00" level=info msg="[UE][NAS] Send authentication response"
time="2026-08-16T17:53:31+08:00" level=info msg="[UE] Switched from state 1 to state 2"
time="2026-08-16T17:53:31+08:00" level=info msg="[GNB][SCTP] Receive message in 0 stream\n"
time="2026-08-16T17:53:31+08:00" level=info msg="[GNB][NGAP] Receive Downlink NAS Transport"
time="2026-08-16T17:53:31+08:00" level=info msg="[UE][NAS] Message without security header"
time="2026-08-16T17:53:31+08:00" level=info msg="[UE][NAS] Receive Authentication Request"
time="2026-08-16T17:53:31+08:00" level=info msg="[UE][NAS][MAC] Authenticity of the authentication request message: OK"
time="2026-08-16T17:53:31+08:00" level=info msg="[UE][NAS][SQN] SQN of the authentication request message: VALID"
time="2026-08-16T17:53:31+08:00" level=info msg="[UE][NAS] Send authentication response"
time="2026-08-16T17:53:31+08:00" level=info msg="[UE] Switched from state 1 to state 2"
time="2026-08-16T17:53:31+08:00" level=info msg="[GNB][SCTP] Receive message in 0 stream\n"
time="2026-08-16T17:53:31+08:00" level=info msg="[GNB][NGAP] Receive Downlink NAS Transport"
time="2026-08-16T17:53:31+08:00" level=info msg="[UE][NAS] Message without security header"
time="2026-08-16T17:53:31+08:00" level=info msg="[UE][NAS] Receive Authentication Request"
time="2026-08-16T17:53:31+08:00" level=info msg="[UE][NAS][MAC] Authenticity of the authentication request message: OK"
time="2026-08-16T17:53:31+08:00" level=info msg="[UE][NAS][SQN] SQN of the authentication request message: VALID"
time="2026-08-16T17:53:31+08:00" level=info msg="[UE][NAS] Send authentication response"
time="2026-08-16T17:53:31+08:00" level=info msg="[UE] Switched from state 1 to state 2"
time="2026-08-16T17:53:31+08:00" level=info msg="[GNB][SCTP] Receive message in 0 stream\n"
time="2026-08-16T17:53:31+08:00" level=info msg="[GNB][NGAP] Receive Downlink NAS Transport"
time="2026-08-16T17:53:31+08:00" level=info msg="[UE][NAS] Message without security header"
time="2026-08-16T17:53:31+08:00" level=info msg="[UE][NAS] Receive Authentication Request"
time="2026-08-16T17:53:31+08:00" level=info msg="[UE][NAS][MAC] Authenticity of the authentication request message: OK"
time="2026-08-16T17:53:31+08:00" level=info msg="[UE][NAS][SQN] SQN of the authentication request message: VALID"
time="2026-08-16T17:53:31+08:00" level=info msg="[UE][NAS] Send authentication response"
time="2026-08-16T17:53:31+08:00" level=info msg="[UE] Switched from state 1 to state 2"
time="2026-08-16T17:53:31+08:00" level=info msg="[GNB][SCTP] Receive message in 0 stream\n"
time="2026-08-16T17:53:31+08:00" level=info msg="[GNB][NGAP] Receive Downlink NAS Transport"
time="2026-08-16T17:53:31+08:00" level=info msg="[UE][NAS] Message without security header"
time="2026-08-16T17:53:31+08:00" level=info msg="[UE][NAS] Receive Authentication Request"
time="2026-08-16T17:53:31+08:00" level=info msg="[UE][NAS][MAC] Authenticity of the authentication request message: OK"
time="2026-08-16T17:53:31+08:00" level=info msg="[UE][NAS][SQN] SQN of the authentication request message: VALID"
time="2026-08-16T17:53:31+08:00" level=info msg="[UE][NAS] Send authentication response"
time="2026-08-16T17:53:31+08:00" level=info msg="[UE] Switched from state 1 to state 2"
time="2026-08-16T17:53:31+08:00" level=info msg="[GNB][SCTP] Receive message in 0 stream\n"
time="2026-08-16T17:53:31+08:00" level=info msg="[GNB][NGAP] Receive Downlink NAS Transport"
time="2026-08-16T17:53:31+08:00" level=info msg="[UE][NAS] Message without security header"
time="2026-08-16T17:53:31+08:00" level=info msg="[UE][NAS] Receive Authentication Request"
time="2026-08-16T17:53:31+08:00" level=info msg="[UE][NAS][MAC] Authenticity of the authentication request message: OK"
time="2026-08-16T17:53:31+08:00" level=info msg="[UE][NAS][SQN] SQN of the authentication request message: VALID"
time="2026-08-16T17:53:31+08:00" level=info msg="[UE][NAS] Send authentication response"
time="2026-08-16T17:53:31+08:00" level=info msg="[UE] Switched from state 1 to state 2"
time="2026-08-16T17:53:31+08:00" level=info msg="[GNB][SCTP] Receive message in 0 stream\n"
time="2026-08-16T17:53:31+08:00" level=info msg="[GNB][NGAP] Receive Downlink NAS Transport"
time="2026-08-16T17:53:31+08:00" level=info msg="[UE][NAS] Message without security header"
time="2026-08-16T17:53:31+08:00" level=info msg="[UE][NAS] Receive Authentication Request"
time="2026-08-16T17:53:31+08:00" level=info msg="[UE][NAS][MAC] Authenticity of the authentication request message: OK"
time="2026-08-16T17:53:31+08:00" level=info msg="[UE][NAS][SQN] SQN of the authentication request message: VALID"
time="2026-08-16T17:53:31+08:00" level=info msg="[UE][NAS] Send authentication response"
time="2026-08-16T17:53:31+08:00" level=info msg="[UE] Switched from state 1 to state 2"
time="2026-08-16T17:53:31+08:00" level=info msg="[GNB][SCTP] Receive message in 0 stream\n"
time="2026-08-16T17:53:31+08:00" level=info msg="[GNB][NGAP] Receive Downlink NAS Transport"
time="2026-08-16T17:53:31+08:00" level=info msg="[UE][NAS] Message without security header"
time="2026-08-16T17:53:31+08:00" level=info msg="[UE][NAS] Receive Authentication Request"
time="2026-08-16T17:53:31+08:00" level=info msg="[UE][NAS][MAC] Authenticity of the authentication request message: OK"
time="2026-08-16T17:53:31+08:00" level=info msg="[UE][NAS][SQN] SQN of the authentication request message: VALID"
time="2026-08-16T17:53:31+08:00" level=info msg="[UE][NAS] Send authentication response"
time="2026-08-16T17:53:31+08:00" level=info msg="[UE] Switched from state 1 to state 2"
time="2026-08-16T17:53:31+08:00" level=info msg="[GNB][SCTP] Receive message in 0 stream\n"
time="2026-08-16T17:53:31+08:00" level=info msg="[GNB][NGAP] Receive Downlink NAS Transport"
time="2026-08-16T17:53:31+08:00" level=info msg="[UE][NAS] Message without security header"
time="2026-08-16T17:53:31+08:00" level=info msg="[UE][NAS] Receive Authentication Request"
time="2026-08-16T17:53:31+08:00" level=info msg="[UE][NAS][MAC] Authenticity of the authentication request message: OK"
time="2026-08-16T17:53:31+08:00" level=info msg="[UE][NAS][SQN] SQN of the authentication request message: VALID"
time="2026-08-16T17:53:31+08:00" level=info msg="[UE][NAS] Send authentication response"
time="2026-08-16T17:53:31+08:00" level=info msg="[UE] Switched from state 1 to state 2"
time="2026-08-16T17:53:31+08:00" level=info msg="[GNB][SCTP] Receive message in 0 stream\n"
time="2026-08-16T17:53:31+08:00" level=info msg="[GNB][NGAP] Receive Downlink NAS Transport"
time="2026-08-16T17:53:31+08:00" level=info msg="[UE][NAS] Message without security header"
time="2026-08-16T17:53:31+08:00" level=info msg="[UE][NAS] Receive Authentication Request"
time="2026-08-16T17:53:31+08:00" level=info msg="[UE][NAS][MAC] Authenticity of the authentication request message: OK"
time="2026-08-16T17:53:31+08:00" level=info msg="[UE][NAS][SQN] SQN of the authentication request message: VALID"
time="2026-08-16T17:53:31+08:00" level=info msg="[UE][NAS] Send authentication response"
time="2026-08-16T17:53:31+08:00" level=info msg="[UE] Switched from state 1 to state 2"
time="2026-08-16T17:53:31+08:00" level=info msg="[GNB][SCTP] Receive message in 0 stream\n"
time="2026-08-16T17:53:31+08:00" level=info msg="[GNB][NGAP] Receive Downlink NAS Transport"
time="2026-08-16T17:53:31+08:00" level=info msg="[UE][NAS] Message without security header"
time="2026-08-16T17:53:31+08:00" level=info msg="[UE][NAS] Receive Authentication Request"
time="2026-08-16T17:53:31+08:00" level=info msg="[UE][NAS][MAC] Authenticity of the authentication request message: OK"
time="2026-08-16T17:53:31+08:00" level=info msg="[UE][NAS][SQN] SQN of the authentication request message: VALID"
time="2026-08-16T17:53:31+08:00" level=info msg="[UE][NAS] Send authentication response"
time="2026-08-16T17:53:31+08:00" level=info msg="[UE] Switched from state 1 to state 2"
time="2026-08-16T17:53:31+08:00" level=info msg="[GNB][SCTP] Receive message in 0 stream\n"
time="2026-08-16T17:53:31+08:00" level=info msg="[GNB][NGAP] Receive Downlink NAS Transport"
time="2026-08-16T17:53:31+08:00" level=info msg="[UE][NAS] Message without security header"
time="2026-08-16T17:53:31+08:00" level=info msg="[UE][NAS] Receive Authentication Request"
time="2026-08-16T17:53:31+08:00" level=info msg="[UE][NAS][MAC] Authenticity of the authentication request message: OK"
time="2026-08-16T17:53:31+08:00" level=info msg="[UE][NAS][SQN] SQN of the authentication request message: VALID"
time="2026-08-16T17:53:31+08:00" level=info msg="[UE][NAS] Send authentication response"
time="2026-08-16T17:53:31+08:00" level=info msg="[UE] Switched from state 1 to state 2"
time="2026-08-16T17:53:31+08:00" level=info msg="[GNB][SCTP] Receive message in 0 stream\n"
time="2026-08-16T17:53:31+08:00" level=info msg="[GNB][NGAP] Receive Downlink NAS Transport"
time="2026-08-16T17:53:31+08:00" level=info msg="[UE][NAS] Message without security header"
time="2026-08-16T17:53:31+08:00" level=info msg="[UE][NAS] Receive Authentication Request"
time="2026-08-16T17:53:31+08:00" level=info msg="[UE][NAS][MAC] Authenticity of the authentication request message: OK"
time="2026-08-16T17:53:31+08:00" level=info msg="[UE][NAS][SQN] SQN of the authentication request message: VALID"
time="2026-08-16T17:53:31+08:00" level=info msg="[UE][NAS] Send authentication response"
time="2026-08-16T17:53:31+08:00" level=info msg="[UE] Switched from state 1 to state 2"
time="2026-08-16T17:53:31+08:00" level=info msg="[GNB][SCTP] Receive message in 0 stream\n"
time="2026-08-16T17:53:31+08:00" level=info msg="[GNB][NGAP] Receive Downlink NAS Transport"
time="2026-08-16T17:53:31+08:00" level=info msg="[UE][NAS] Message without security header"
time="2026-08-16T17:53:31+08:00" level=info msg="[UE][NAS] Receive Authentication Request"
time="2026-08-16T17:53:31+08:00" level=info msg="[UE][NAS][MAC] Authenticity of the authentication request message: OK"
time="2026-08-16T17:53:31+08:00" level=info msg="[UE][NAS][SQN] SQN of the authentication request message: VALID"
time="2026-08-16T17:53:31+08:00" level=info msg="[UE][NAS] Send authentication response"
time="2026-08-16T17:53:31+08:00" level=info msg="[UE] Switched from state 1 to state 2"
time="2026-08-16T17:53:31+08:00" level=info msg="[GNB][SCTP] Receive message in 0 stream\n"
time="2026-08-16T17:53:31+08:00" level=info msg="[GNB][NGAP] Receive Downlink NAS Transport"
time="2026-08-16T17:53:31+08:00" level=info msg="[UE][NAS] Message without security header"
time="2026-08-16T17:53:31+08:00" level=info msg="[UE][NAS] Receive Authentication Request"
time="2026-08-16T17:53:31+08:00" level=info msg="[UE][NAS][MAC] Authenticity of the authentication request message: OK"
time="2026-08-16T17:53:31+08:00" level=info msg="[UE][NAS][SQN] SQN of the authentication request message: VALID"
time="2026-08-16T17:53:31+08:00" level=info msg="[UE][NAS] Send authentication response"
time="2026-08-16T17:53:31+08:00" level=info msg="[UE] Switched from state 1 to state 2"
time="2026-08-16T17:53:31+08:00" level=info msg="[GNB][SCTP] Receive message in 0 stream\n"
time="2026-08-16T17:53:31+08:00" level=info msg="[GNB][NGAP] Receive Downlink NAS Transport"
time="2026-08-16T17:53:31+08:00" level=info msg="[UE][NAS] Message without security header"
time="2026-08-16T17:53:31+08:00" level=info msg="[UE][NAS] Receive Authentication Request"
time="2026-08-16T17:53:31+08:00" level=info msg="[UE][NAS][MAC] Authenticity of the authentication request message: OK"
time="2026-08-16T17:53:31+08:00" level=info msg="[UE][NAS][SQN] SQN of the authentication request message: VALID"
time="2026-08-16T17:53:31+08:00" level=info msg="[UE][NAS] Send authentication response"
time="2026-08-16T17:53:31+08:00" level=info msg="[UE] Switched from state 1 to state 2"
time="2026-08-16T17:53:31+08:00" level=info msg="[GNB][SCTP] Receive message in 0 stream\n"
time="2026-08-16T17:53:31+08:00" level=info msg="[GNB][NGAP] Receive Downlink NAS Transport"
time="2026-08-16T17:53:31+08:00" level=info msg="[UE][NAS] Message without security header"
time="2026-08-16T17:53:31+08:00" level=info msg="[UE][NAS] Receive Authentication Request"
time="2026-08-16T17:53:31+08:00" level=info msg="[UE][NAS][MAC] Authenticity of the authentication request message: OK"
time="2026-08-16T17:53:31+08:00" level=info msg="[UE][NAS][SQN] SQN of the authentication request message: VALID"
time="2026-08-16T17:53:31+08:00" level=info msg="[UE][NAS] Send authentication response"
time="2026-08-16T17:53:31+08:00" level=info msg="[UE] Switched from state 1 to state 2"
time="2026-08-16T17:53:31+08:00" level=info msg="[GNB][SCTP] Receive message in 0 stream\n"
time="2026-08-16T17:53:31+08:00" level=info msg="[GNB][NGAP] Receive Downlink NAS Transport"
time="2026-08-16T17:53:31+08:00" level=info msg="[UE][NAS] Message without security header"
time="2026-08-16T17:53:31+08:00" level=info msg="[UE][NAS] Receive Authentication Request"
time="2026-08-16T17:53:31+08:00" level=info msg="[UE][NAS][MAC] Authenticity of the authentication request message: OK"
time="2026-08-16T17:53:31+08:00" level=info msg="[UE][NAS][SQN] SQN of the authentication request message: VALID"
time="2026-08-16T17:53:31+08:00" level=info msg="[UE][NAS] Send authentication response"
time="2026-08-16T17:53:31+08:00" level=info msg="[UE] Switched from state 1 to state 2"
time="2026-08-16T17:53:32+08:00" level=info msg="[GNB][SCTP] Receive message in 0 stream\n"
time="2026-08-16T17:53:32+08:00" level=info msg="[GNB][NGAP] Receive Downlink NAS Transport"
time="2026-08-16T17:53:32+08:00" level=info msg="[UE][NAS] Message without security header"
time="2026-08-16T17:53:32+08:00" level=info msg="[UE][NAS] Receive Authentication Request"
time="2026-08-16T17:53:32+08:00" level=info msg="[UE][NAS][MAC] Authenticity of the authentication request message: OK"
time="2026-08-16T17:53:32+08:00" level=info msg="[UE][NAS][SQN] SQN of the authentication request message: VALID"
time="2026-08-16T17:53:32+08:00" level=info msg="[UE][NAS] Send authentication response"
time="2026-08-16T17:53:32+08:00" level=info msg="[UE] Switched from state 1 to state 2"
time="2026-08-16T17:53:32+08:00" level=info msg="[GNB][SCTP] Receive message in 0 stream\n"
time="2026-08-16T17:53:32+08:00" level=info msg="[GNB][NGAP] Receive Downlink NAS Transport"
time="2026-08-16T17:53:32+08:00" level=info msg="[UE][NAS] Message without security header"
time="2026-08-16T17:53:32+08:00" level=info msg="[UE][NAS] Receive Authentication Request"
time="2026-08-16T17:53:32+08:00" level=info msg="[UE][NAS][MAC] Authenticity of the authentication request message: OK"
time="2026-08-16T17:53:32+08:00" level=info msg="[UE][NAS][SQN] SQN of the authentication request message: VALID"
time="2026-08-16T17:53:32+08:00" level=info msg="[UE][NAS] Send authentication response"
time="2026-08-16T17:53:32+08:00" level=info msg="[UE] Switched from state 1 to state 2"
time="2026-08-16T17:53:32+08:00" level=info msg="[GNB][SCTP] Receive message in 0 stream\n"
time="2026-08-16T17:53:32+08:00" level=info msg="[GNB][NGAP] Receive Downlink NAS Transport"
time="2026-08-16T17:53:32+08:00" level=info msg="[UE][NAS] Message without security header"
time="2026-08-16T17:53:32+08:00" level=info msg="[UE][NAS] Receive Authentication Request"
time="2026-08-16T17:53:32+08:00" level=info msg="[UE][NAS][MAC] Authenticity of the authentication request message: OK"
time="2026-08-16T17:53:32+08:00" level=info msg="[UE][NAS][SQN] SQN of the authentication request message: VALID"
time="2026-08-16T17:53:32+08:00" level=info msg="[UE][NAS] Send authentication response"
time="2026-08-16T17:53:32+08:00" level=info msg="[UE] Switched from state 1 to state 2"
time="2026-08-16T17:53:32+08:00" level=info msg="[GNB][SCTP] Receive message in 0 stream\n"
time="2026-08-16T17:53:32+08:00" level=info msg="[GNB][NGAP] Receive Downlink NAS Transport"
time="2026-08-16T17:53:32+08:00" level=info msg="[UE][NAS] Message without security header"
time="2026-08-16T17:53:32+08:00" level=info msg="[UE][NAS] Receive Authentication Request"
time="2026-08-16T17:53:32+08:00" level=info msg="[UE][NAS][MAC] Authenticity of the authentication request message: OK"
time="2026-08-16T17:53:32+08:00" level=info msg="[UE][NAS][SQN] SQN of the authentication request message: VALID"
time="2026-08-16T17:53:32+08:00" level=info msg="[UE][NAS] Send authentication response"
time="2026-08-16T17:53:32+08:00" level=info msg="[UE] Switched from state 1 to state 2"
time="2026-08-16T17:53:32+08:00" level=info msg="[GNB][SCTP] Receive message in 0 stream\n"
time="2026-08-16T17:53:32+08:00" level=info msg="[GNB][NGAP] Receive Downlink NAS Transport"
time="2026-08-16T17:53:32+08:00" level=info msg="[UE][NAS] Message without security header"
time="2026-08-16T17:53:32+08:00" level=info msg="[UE][NAS] Receive Authentication Request"
time="2026-08-16T17:53:32+08:00" level=info msg="[UE][NAS][MAC] Authenticity of the authentication request message: OK"
time="2026-08-16T17:53:32+08:00" level=info msg="[UE][NAS][SQN] SQN of the authentication request message: VALID"
time="2026-08-16T17:53:32+08:00" level=info msg="[UE][NAS] Send authentication response"
time="2026-08-16T17:53:32+08:00" level=info msg="[UE] Switched from state 1 to state 2"
time="2026-08-16T17:53:32+08:00" level=info msg="[GNB][SCTP] Receive message in 0 stream\n"
time="2026-08-16T17:53:32+08:00" level=info msg="[GNB][NGAP] Receive Downlink NAS Transport"
time="2026-08-16T17:53:32+08:00" level=info msg="[UE][NAS] Message without security header"
time="2026-08-16T17:53:32+08:00" level=info msg="[UE][NAS] Receive Authentication Request"
time="2026-08-16T17:53:32+08:00" level=info msg="[UE][NAS][MAC] Authenticity of the authentication request message: OK"
time="2026-08-16T17:53:32+08:00" level=info msg="[UE][NAS][SQN] SQN of the authentication request message: VALID"
time="2026-08-16T17:53:32+08:00" level=info msg="[UE][NAS] Send authentication response"
time="2026-08-16T17:53:32+08:00" level=info msg="[UE] Switched from state 1 to state 2"
time="2026-08-16T17:53:32+08:00" level=info msg="[GNB][SCTP] Receive message in 0 stream\n"
time="2026-08-16T17:53:32+08:00" level=info msg="[GNB][NGAP] Receive Downlink NAS Transport"
time="2026-08-16T17:53:32+08:00" level=info msg="[UE][NAS] Message without security header"
time="2026-08-16T17:53:32+08:00" level=info msg="[UE][NAS] Receive Authentication Request"
time="2026-08-16T17:53:32+08:00" level=info msg="[UE][NAS][MAC] Authenticity of the authentication request message: OK"
time="2026-08-16T17:53:32+08:00" level=info msg="[UE][NAS][SQN] SQN of the authentication request message: VALID"
time="2026-08-16T17:53:32+08:00" level=info msg="[UE][NAS] Send authentication response"
time="2026-08-16T17:53:32+08:00" level=info msg="[UE] Switched from state 1 to state 2"
time="2026-08-16T17:53:32+08:00" level=info msg="[GNB][SCTP] Receive message in 0 stream\n"
time="2026-08-16T17:53:32+08:00" level=info msg="[GNB][NGAP] Receive Downlink NAS Transport"
time="2026-08-16T17:53:32+08:00" level=info msg="[UE][NAS] Message without security header"
time="2026-08-16T17:53:32+08:00" level=info msg="[UE][NAS] Receive Authentication Request"
time="2026-08-16T17:53:32+08:00" level=info msg="[UE][NAS][MAC] Authenticity of the authentication request message: OK"
time="2026-08-16T17:53:32+08:00" level=info msg="[UE][NAS][SQN] SQN of the authentication request message: VALID"
time="2026-08-16T17:53:32+08:00" level=info msg="[UE][NAS] Send authentication response"
time="2026-08-16T17:53:32+08:00" level=info msg="[UE] Switched from state 1 to state 2"
time="2026-08-16T17:53:32+08:00" level=info msg="[GNB][SCTP] Receive message in 0 stream\n"
time="2026-08-16T17:53:32+08:00" level=info msg="[GNB][NGAP] Receive Downlink NAS Transport"
time="2026-08-16T17:53:32+08:00" level=info msg="[UE][NAS] Message without security header"
time="2026-08-16T17:53:32+08:00" level=info msg="[UE][NAS] Receive Authentication Request"
time="2026-08-16T17:53:32+08:00" level=info msg="[UE][NAS][MAC] Authenticity of the authentication request message: OK"
time="2026-08-16T17:53:32+08:00" level=info msg="[UE][NAS][SQN] SQN of the authentication request message: VALID"
time="2026-08-16T17:53:32+08:00" level=info msg="[UE][NAS] Send authentication response"
time="2026-08-16T17:53:32+08:00" level=info msg="[GNB][SCTP] Receive message in 0 stream\n"
time="2026-08-16T17:53:32+08:00" level=info msg="[UE] Switched from state 1 to state 2"
time="2026-08-16T17:53:32+08:00" level=info msg="[GNB][NGAP] Receive Downlink NAS Transport"
time="2026-08-16T17:53:32+08:00" level=info msg="[UE][NAS] Message without security header"
time="2026-08-16T17:53:32+08:00" level=info msg="[UE][NAS] Receive Authentication Request"
time="2026-08-16T17:53:32+08:00" level=info msg="[UE][NAS][MAC] Authenticity of the authentication request message: OK"
time="2026-08-16T17:53:32+08:00" level=info msg="[UE][NAS][SQN] SQN of the authentication request message: VALID"
time="2026-08-16T17:53:32+08:00" level=info msg="[UE][NAS] Send authentication response"
time="2026-08-16T17:53:32+08:00" level=info msg="[UE] Switched from state 1 to state 2"
time="2026-08-16T17:53:32+08:00" level=info msg="[GNB][SCTP] Receive message in 0 stream\n"
time="2026-08-16T17:53:32+08:00" level=info msg="[GNB][NGAP] Receive Downlink NAS Transport"
time="2026-08-16T17:53:32+08:00" level=info msg="[UE][NAS] Message without security header"
time="2026-08-16T17:53:32+08:00" level=info msg="[UE][NAS] Receive Authentication Request"
time="2026-08-16T17:53:32+08:00" level=info msg="[UE][NAS][MAC] Authenticity of the authentication request message: OK"
time="2026-08-16T17:53:32+08:00" level=info msg="[UE][NAS][SQN] SQN of the authentication request message: VALID"
time="2026-08-16T17:53:32+08:00" level=info msg="[UE][NAS] Send authentication response"
time="2026-08-16T17:53:32+08:00" level=info msg="[UE] Switched from state 1 to state 2"
time="2026-08-16T17:53:32+08:00" level=info msg="[GNB][SCTP] Receive message in 0 stream\n"
time="2026-08-16T17:53:32+08:00" level=info msg="[GNB][NGAP] Receive Downlink NAS Transport"
time="2026-08-16T17:53:32+08:00" level=info msg="[UE][NAS] Message without security header"
time="2026-08-16T17:53:32+08:00" level=info msg="[UE][NAS] Receive Authentication Request"
time="2026-08-16T17:53:32+08:00" level=info msg="[UE][NAS][MAC] Authenticity of the authentication request message: OK"
time="2026-08-16T17:53:32+08:00" level=info msg="[UE][NAS][SQN] SQN of the authentication request message: VALID"
time="2026-08-16T17:53:32+08:00" level=info msg="[UE][NAS] Send authentication response"
time="2026-08-16T17:53:32+08:00" level=info msg="[UE] Switched from state 1 to state 2"
time="2026-08-16T17:53:32+08:00" level=info msg="[GNB][SCTP] Receive message in 0 stream\n"
time="2026-08-16T17:53:32+08:00" level=info msg="[GNB][NGAP] Receive Downlink NAS Transport"
time="2026-08-16T17:53:32+08:00" level=info msg="[UE][NAS] Message without security header"
time="2026-08-16T17:53:32+08:00" level=info msg="[UE][NAS] Receive Authentication Request"
time="2026-08-16T17:53:32+08:00" level=info msg="[UE][NAS][MAC] Authenticity of the authentication request message: OK"
time="2026-08-16T17:53:32+08:00" level=info msg="[UE][NAS][SQN] SQN of the authentication request message: VALID"
time="2026-08-16T17:53:32+08:00" level=info msg="[UE][NAS] Send authentication response"
time="2026-08-16T17:53:32+08:00" level=info msg="[UE] Switched from state 1 to state 2"
time="2026-08-16T17:53:32+08:00" level=info msg="[GNB][SCTP] Receive message in 0 stream\n"
time="2026-08-16T17:53:32+08:00" level=info msg="[GNB][NGAP] Receive Downlink NAS Transport"
time="2026-08-16T17:53:32+08:00" level=info msg="[UE][NAS] Message without security header"
time="2026-08-16T17:53:32+08:00" level=info msg="[UE][NAS] Receive Authentication Request"
time="2026-08-16T17:53:32+08:00" level=info msg="[UE][NAS][MAC] Authenticity of the authentication request message: OK"
time="2026-08-16T17:53:32+08:00" level=info msg="[UE][NAS][SQN] SQN of the authentication request message: VALID"
time="2026-08-16T17:53:32+08:00" level=info msg="[UE][NAS] Send authentication response"
time="2026-08-16T17:53:32+08:00" level=info msg="[UE] Switched from state 1 to state 2"
time="2026-08-16T17:53:32+08:00" level=info msg="[GNB][SCTP] Receive message in 0 stream\n"
time="2026-08-16T17:53:32+08:00" level=info msg="[GNB][NGAP] Receive Downlink NAS Transport"
time="2026-08-16T17:53:32+08:00" level=info msg="[UE][NAS] Message without security header"
time="2026-08-16T17:53:32+08:00" level=info msg="[UE][NAS] Receive Authentication Request"
time="2026-08-16T17:53:32+08:00" level=info msg="[UE][NAS][MAC] Authenticity of the authentication request message: OK"
time="2026-08-16T17:53:32+08:00" level=info msg="[UE][NAS][SQN] SQN of the authentication request message: VALID"
time="2026-08-16T17:53:32+08:00" level=info msg="[UE][NAS] Send authentication response"
time="2026-08-16T17:53:32+08:00" level=info msg="[UE] Switched from state 1 to state 2"
time="2026-08-16T17:53:32+08:00" level=info msg="[GNB][SCTP] Receive message in 0 stream\n"
time="2026-08-16T17:53:32+08:00" level=info msg="[GNB][NGAP] Receive Downlink NAS Transport"
time="2026-08-16T17:53:32+08:00" level=info msg="[UE][NAS] Message without security header"
time="2026-08-16T17:53:32+08:00" level=info msg="[UE][NAS] Receive Authentication Request"
time="2026-08-16T17:53:32+08:00" level=info msg="[UE][NAS][MAC] Authenticity of the authentication request message: OK"
time="2026-08-16T17:53:32+08:00" level=info msg="[UE][NAS][SQN] SQN of the authentication request message: VALID"
time="2026-08-16T17:53:32+08:00" level=info msg="[UE][NAS] Send authentication response"
time="2026-08-16T17:53:32+08:00" level=info msg="[UE] Switched from state 1 to state 2"
time="2026-08-16T17:53:33+08:00" level=info msg="[GNB][SCTP] Receive message in 0 stream\n"
time="2026-08-16T17:53:33+08:00" level=info msg="[GNB][NGAP] Receive Downlink NAS Transport"
time="2026-08-16T17:53:33+08:00" level=info msg="[UE][NAS] Message without security header"
time="2026-08-16T17:53:33+08:00" level=info msg="[UE][NAS] Receive Authentication Request"
time="2026-08-16T17:53:33+08:00" level=info msg="[UE][NAS][MAC] Authenticity of the authentication request message: OK"
time="2026-08-16T17:53:33+08:00" level=info msg="[UE][NAS][SQN] SQN of the authentication request message: VALID"
time="2026-08-16T17:53:33+08:00" level=info msg="[UE][NAS] Send authentication response"
time="2026-08-16T17:53:33+08:00" level=info msg="[UE] Switched from state 1 to state 2"
time="2026-08-16T17:53:33+08:00" level=info msg="[GNB][SCTP] Receive message in 0 stream\n"
time="2026-08-16T17:53:33+08:00" level=info msg="[GNB][NGAP] Receive Downlink NAS Transport"
time="2026-08-16T17:53:33+08:00" level=info msg="[UE][NAS] Message without security header"
time="2026-08-16T17:53:33+08:00" level=info msg="[UE][NAS] Receive Authentication Request"
time="2026-08-16T17:53:33+08:00" level=info msg="[UE][NAS][MAC] Authenticity of the authentication request message: OK"
time="2026-08-16T17:53:33+08:00" level=info msg="[UE][NAS][SQN] SQN of the authentication request message: VALID"
time="2026-08-16T17:53:33+08:00" level=info msg="[UE][NAS] Send authentication response"
time="2026-08-16T17:53:33+08:00" level=info msg="[UE] Switched from state 1 to state 2"
time="2026-08-16T17:53:33+08:00" level=info msg="[GNB][SCTP] Receive message in 0 stream\n"
time="2026-08-16T17:53:33+08:00" level=info msg="[GNB][NGAP] Receive Downlink NAS Transport"
time="2026-08-16T17:53:33+08:00" level=info msg="[UE][NAS] Message without security header"
time="2026-08-16T17:53:33+08:00" level=info msg="[UE][NAS] Receive Authentication Request"
time="2026-08-16T17:53:33+08:00" level=info msg="[UE][NAS][MAC] Authenticity of the authentication request message: OK"
time="2026-08-16T17:53:33+08:00" level=info msg="[UE][NAS][SQN] SQN of the authentication request message: VALID"
time="2026-08-16T17:53:33+08:00" level=info msg="[UE][NAS] Send authentication response"
time="2026-08-16T17:53:33+08:00" level=info msg="[UE] Switched from state 1 to state 2"
time="2026-08-16T17:53:33+08:00" level=info msg="[GNB][SCTP] Receive message in 0 stream\n"
time="2026-08-16T17:53:33+08:00" level=info msg="[GNB][NGAP] Receive Downlink NAS Transport"
time="2026-08-16T17:53:33+08:00" level=info msg="[UE][NAS] Message without security header"
time="2026-08-16T17:53:33+08:00" level=info msg="[UE][NAS] Receive Authentication Request"
time="2026-08-16T17:53:33+08:00" level=info msg="[UE][NAS][MAC] Authenticity of the authentication request message: OK"
time="2026-08-16T17:53:33+08:00" level=info msg="[UE][NAS][SQN] SQN of the authentication request message: VALID"
time="2026-08-16T17:53:33+08:00" level=info msg="[UE][NAS] Send authentication response"
time="2026-08-16T17:53:33+08:00" level=info msg="[UE] Switched from state 1 to state 2"
time="2026-08-16T17:53:33+08:00" level=info msg="[GNB][SCTP] Receive message in 0 stream\n"
time="2026-08-16T17:53:33+08:00" level=info msg="[GNB][NGAP] Receive Downlink NAS Transport"
time="2026-08-16T17:53:33+08:00" level=info msg="[UE][NAS] Message without security header"
time="2026-08-16T17:53:33+08:00" level=info msg="[UE][NAS] Receive Authentication Request"
time="2026-08-16T17:53:33+08:00" level=info msg="[UE][NAS][MAC] Authenticity of the authentication request message: OK"
time="2026-08-16T17:53:33+08:00" level=info msg="[UE][NAS][SQN] SQN of the authentication request message: VALID"
time="2026-08-16T17:53:33+08:00" level=info msg="[UE][NAS] Send authentication response"
time="2026-08-16T17:53:33+08:00" level=info msg="[UE] Switched from state 1 to state 2"
time="2026-08-16T17:53:33+08:00" level=info msg="[GNB][SCTP] Receive message in 0 stream\n"
time="2026-08-16T17:53:33+08:00" level=info msg="[GNB][NGAP] Receive Downlink NAS Transport"
time="2026-08-16T17:53:33+08:00" level=info msg="[UE][NAS] Message without security header"
time="2026-08-16T17:53:33+08:00" level=info msg="[UE][NAS] Receive Authentication Request"
time="2026-08-16T17:53:33+08:00" level=info msg="[UE][NAS][MAC] Authenticity of the authentication request message: OK"
time="2026-08-16T17:53:33+08:00" level=info msg="[UE][NAS][SQN] SQN of the authentication request message: VALID"
time="2026-08-16T17:53:33+08:00" level=info msg="[UE][NAS] Send authentication response"
time="2026-08-16T17:53:33+08:00" level=info msg="[UE] Switched from state 1 to state 2"
time="2026-08-16T17:53:33+08:00" level=info msg="[GNB][SCTP] Receive message in 0 stream\n"
time="2026-08-16T17:53:33+08:00" level=info msg="[GNB][NGAP] Receive Downlink NAS Transport"
time="2026-08-16T17:53:33+08:00" level=info msg="[UE][NAS] Message without security header"
time="2026-08-16T17:53:33+08:00" level=info msg="[UE][NAS] Receive Authentication Request"
time="2026-08-16T17:53:33+08:00" level=info msg="[UE][NAS][MAC] Authenticity of the authentication request message: OK"
time="2026-08-16T17:53:33+08:00" level=info msg="[UE][NAS][SQN] SQN of the authentication request message: VALID"
time="2026-08-16T17:53:33+08:00" level=info msg="[UE][NAS] Send authentication response"
time="2026-08-16T17:53:33+08:00" level=info msg="[UE] Switched from state 1 to state 2"
time="2026-08-16T17:53:33+08:00" level=info msg="[GNB][SCTP] Receive message in 0 stream\n"
time="2026-08-16T17:53:33+08:00" level=info msg="[GNB][NGAP] Receive Downlink NAS Transport"
time="2026-08-16T17:53:33+08:00" level=info msg="[UE][NAS] Message without security header"
time="2026-08-16T17:53:33+08:00" level=info msg="[UE][NAS] Receive Authentication Request"
time="2026-08-16T17:53:33+08:00" level=info msg="[UE][NAS][MAC] Authenticity of the authentication request message: OK"
time="2026-08-16T17:53:33+08:00" level=info msg="[UE][NAS][SQN] SQN of the authentication request message: VALID"
time="2026-08-16T17:53:33+08:00" level=info msg="[UE][NAS] Send authentication response"
time="2026-08-16T17:53:33+08:00" level=info msg="[UE] Switched from state 1 to state 2"
time="2026-08-16T17:53:33+08:00" level=info msg="[GNB][SCTP] Receive message in 0 stream\n"
time="2026-08-16T17:53:33+08:00" level=info msg="[GNB][NGAP] Receive Downlink NAS Transport"
time="2026-08-16T17:53:33+08:00" level=info msg="[UE][NAS] Message without security header"
time="2026-08-16T17:53:33+08:00" level=info msg="[UE][NAS] Receive Authentication Request"
time="2026-08-16T17:53:33+08:00" level=info msg="[UE][NAS][MAC] Authenticity of the authentication request message: OK"
time="2026-08-16T17:53:33+08:00" level=info msg="[UE][NAS][SQN] SQN of the authentication request message: VALID"
time="2026-08-16T17:53:33+08:00" level=info msg="[UE][NAS] Send authentication response"
time="2026-08-16T17:53:33+08:00" level=info msg="[UE] Switched from state 1 to state 2"
time="2026-08-16T17:53:33+08:00" level=info msg="[GNB][SCTP] Receive message in 0 stream\n"
time="2026-08-16T17:53:33+08:00" level=info msg="[GNB][NGAP] Receive Downlink NAS Transport"
time="2026-08-16T17:53:33+08:00" level=info msg="[UE][NAS] Message without security header"
time="2026-08-16T17:53:33+08:00" level=info msg="[UE][NAS] Receive Authentication Request"
time="2026-08-16T17:53:33+08:00" level=info msg="[UE][NAS][MAC] Authenticity of the authentication request message: OK"
time="2026-08-16T17:53:33+08:00" level=info msg="[UE][NAS][SQN] SQN of the authentication request message: VALID"
time="2026-08-16T17:53:33+08:00" level=info msg="[UE][NAS] Send authentication response"
time="2026-08-16T17:53:33+08:00" level=info msg="[UE] Switched from state 1 to state 2"
time="2026-08-16T17:53:33+08:00" level=info msg="[GNB][SCTP] Receive message in 0 stream\n"
time="2026-08-16T17:53:33+08:00" level=info msg="[GNB][NGAP] Receive Downlink NAS Transport"
time="2026-08-16T17:53:33+08:00" level=info msg="[UE][NAS] Message without security header"
time="2026-08-16T17:53:33+08:00" level=info msg="[UE][NAS] Receive Authentication Request"
time="2026-08-16T17:53:33+08:00" level=info msg="[UE][NAS][MAC] Authenticity of the authentication request message: OK"
time="2026-08-16T17:53:33+08:00" level=info msg="[UE][NAS][SQN] SQN of the authentication request message: VALID"
time="2026-08-16T17:53:33+08:00" level=info msg="[UE][NAS] Send authentication response"
time="2026-08-16T17:53:33+08:00" level=info msg="[UE] Switched from state 1 to state 2"
time="2026-08-16T17:53:33+08:00" level=info msg="[GNB][SCTP] Receive message in 0 stream\n"
time="2026-08-16T17:53:33+08:00" level=info msg="[GNB][NGAP] Receive Downlink NAS Transport"
time="2026-08-16T17:53:33+08:00" level=info msg="[UE][NAS] Message without security header"
time="2026-08-16T17:53:33+08:00" level=info msg="[UE][NAS] Receive Authentication Request"
time="2026-08-16T17:53:33+08:00" level=info msg="[UE][NAS][MAC] Authenticity of the authentication request message: OK"
time="2026-08-16T17:53:33+08:00" level=info msg="[UE][NAS][SQN] SQN of the authentication request message: VALID"
time="2026-08-16T17:53:33+08:00" level=info msg="[UE][NAS] Send authentication response"
time="2026-08-16T17:53:33+08:00" level=info msg="[UE] Switched from state 1 to state 2"
time="2026-08-16T17:53:33+08:00" level=info msg="[GNB][SCTP] Receive message in 0 stream\n"
time="2026-08-16T17:53:33+08:00" level=info msg="[GNB][NGAP] Receive Downlink NAS Transport"
time="2026-08-16T17:53:33+08:00" level=info msg="[UE][NAS] Message without security header"
time="2026-08-16T17:53:33+08:00" level=info msg="[UE][NAS] Receive Authentication Request"
time="2026-08-16T17:53:33+08:00" level=info msg="[UE][NAS][MAC] Authenticity of the authentication request message: OK"
time="2026-08-16T17:53:33+08:00" level=info msg="[UE][NAS][SQN] SQN of the authentication request message: VALID"
time="2026-08-16T17:53:33+08:00" level=info msg="[UE][NAS] Send authentication response"
time="2026-08-16T17:53:33+08:00" level=info msg="[UE] Switched from state 1 to state 2"
time="2026-08-16T17:53:33+08:00" level=info msg="[GNB][SCTP] Receive message in 0 stream\n"
time="2026-08-16T17:53:33+08:00" level=info msg="[GNB][NGAP] Receive Downlink NAS Transport"
time="2026-08-16T17:53:33+08:00" level=info msg="[UE][NAS] Message without security header"
time="2026-08-16T17:53:33+08:00" level=info msg="[UE][NAS] Receive Authentication Request"
time="2026-08-16T17:53:33+08:00" level=info msg="[UE][NAS][MAC] Authenticity of the authentication request message: OK"
time="2026-08-16T17:53:33+08:00" level=info msg="[UE][NAS][SQN] SQN of the authentication request message: VALID"
time="2026-08-16T17:53:33+08:00" level=info msg="[UE][NAS] Send authentication response"
time="2026-08-16T17:53:33+08:00" level=info msg="[UE] Switched from state 1 to state 2"
time="2026-08-16T17:53:33+08:00" level=info msg="[GNB][SCTP] Receive message in 0 stream\n"
time="2026-08-16T17:53:33+08:00" level=info msg="[GNB][NGAP] Receive Downlink NAS Transport"
time="2026-08-16T17:53:33+08:00" level=info msg="[UE][NAS] Message without security header"
time="2026-08-16T17:53:33+08:00" level=info msg="[UE][NAS] Receive Authentication Request"
time="2026-08-16T17:53:33+08:00" level=info msg="[UE][NAS][MAC] Authenticity of the authentication request message: OK"
time="2026-08-16T17:53:33+08:00" level=info msg="[UE][NAS][SQN] SQN of the authentication request message: VALID"
time="2026-08-16T17:53:33+08:00" level=info msg="[UE][NAS] Send authentication response"
time="2026-08-16T17:53:33+08:00" level=info msg="[UE] Switched from state 1 to state 2"
time="2026-08-16T17:53:33+08:00" level=info msg="[GNB][SCTP] Receive message in 0 stream\n"
time="2026-08-16T17:53:33+08:00" level=info msg="[GNB][NGAP] Receive Downlink NAS Transport"
time="2026-08-16T17:53:33+08:00" level=info msg="[UE][NAS] Message without security header"
time="2026-08-16T17:53:33+08:00" level=info msg="[UE][NAS] Receive Authentication Request"
time="2026-08-16T17:53:33+08:00" level=info msg="[UE][NAS][MAC] Authenticity of the authentication request message: OK"
time="2026-08-16T17:53:33+08:00" level=info msg="[UE][NAS][SQN] SQN of the authentication request message: VALID"
time="2026-08-16T17:53:33+08:00" level=info msg="[UE][NAS] Send authentication response"
time="2026-08-16T17:53:33+08:00" level=info msg="[UE] Switched from state 1 to state 2"
time="2026-08-16T17:53:33+08:00" level=info msg="[GNB][SCTP] Receive message in 0 stream\n"
time="2026-08-16T17:53:33+08:00" level=info msg="[GNB][NGAP] Receive Downlink NAS Transport"
time="2026-08-16T17:53:33+08:00" level=info msg="[UE][NAS] Message without security header"
time="2026-08-16T17:53:33+08:00" level=info msg="[UE][NAS] Receive Authentication Request"
time="2026-08-16T17:53:33+08:00" level=info msg="[UE][NAS][MAC] Authenticity of the authentication request message: OK"
time="2026-08-16T17:53:33+08:00" level=info msg="[UE][NAS][SQN] SQN of the authentication request message: VALID"
time="2026-08-16T17:53:33+08:00" level=info msg="[UE][NAS] Send authentication response"
time="2026-08-16T17:53:33+08:00" level=info msg="[UE] Switched from state 1 to state 2"
time="2026-08-16T17:53:33+08:00" level=info msg="[GNB][SCTP] Receive message in 0 stream\n"
time="2026-08-16T17:53:33+08:00" level=info msg="[GNB][NGAP] Receive Downlink NAS Transport"
time="2026-08-16T17:53:33+08:00" level=info msg="[UE][NAS] Message without security header"
time="2026-08-16T17:53:33+08:00" level=info msg="[UE][NAS] Receive Authentication Request"
time="2026-08-16T17:53:33+08:00" level=info msg="[UE][NAS][MAC] Authenticity of the authentication request message: OK"
time="2026-08-16T17:53:33+08:00" level=info msg="[UE][NAS][SQN] SQN of the authentication request message: VALID"
time="2026-08-16T17:53:33+08:00" level=info msg="[UE][NAS] Send authentication response"
time="2026-08-16T17:53:33+08:00" level=info msg="[UE] Switched from state 1 to state 2"
time="2026-08-16T17:53:33+08:00" level=info msg="[GNB][SCTP] Receive message in 0 stream\n"
time="2026-08-16T17:53:33+08:00" level=info msg="[GNB][NGAP] Receive Downlink NAS Transport"
time="2026-08-16T17:53:33+08:00" level=info msg="[UE][NAS] Message without security header"
time="2026-08-16T17:53:33+08:00" level=info msg="[UE][NAS] Receive Authentication Request"
time="2026-08-16T17:53:33+08:00" level=info msg="[UE][NAS][MAC] Authenticity of the authentication request message: OK"
time="2026-08-16T17:53:33+08:00" level=info msg="[UE][NAS][SQN] SQN of the authentication request message: VALID"
time="2026-08-16T17:53:33+08:00" level=info msg="[UE][NAS] Send authentication response"
time="2026-08-16T17:53:33+08:00" level=info msg="[UE] Switched from state 1 to state 2"
time="2026-08-16T17:53:33+08:00" level=info msg="[GNB][SCTP] Receive message in 0 stream\n"
time="2026-08-16T17:53:33+08:00" level=info msg="[GNB][NGAP] Receive Downlink NAS Transport"
time="2026-08-16T17:53:33+08:00" level=info msg="[UE][NAS] Message without security header"
time="2026-08-16T17:53:33+08:00" level=info msg="[UE][NAS] Receive Authentication Request"
time="2026-08-16T17:53:33+08:00" level=info msg="[UE][NAS][MAC] Authenticity of the authentication request message: OK"
time="2026-08-16T17:53:33+08:00" level=info msg="[UE][NAS][SQN] SQN of the authentication request message: VALID"
time="2026-08-16T17:53:33+08:00" level=info msg="[UE][NAS] Send authentication response"
time="2026-08-16T17:53:33+08:00" level=info msg="[UE] Switched from state 1 to state 2"
time="2026-08-16T17:53:33+08:00" level=info msg="[GNB][SCTP] Receive message in 0 stream\n"
time="2026-08-16T17:53:33+08:00" level=info msg="[GNB][NGAP] Receive Downlink NAS Transport"
time="2026-08-16T17:53:33+08:00" level=info msg="[UE][NAS] Message without security header"
time="2026-08-16T17:53:33+08:00" level=info msg="[UE][NAS] Receive Authentication Request"
time="2026-08-16T17:53:33+08:00" level=info msg="[UE][NAS][MAC] Authenticity of the authentication request message: OK"
time="2026-08-16T17:53:33+08:00" level=info msg="[UE][NAS][SQN] SQN of the authentication request message: VALID"
time="2026-08-16T17:53:33+08:00" level=info msg="[UE][NAS] Send authentication response"
time="2026-08-16T17:53:33+08:00" level=info msg="[UE] Switched from state 1 to state 2"
time="2026-08-16T17:53:33+08:00" level=info msg="[GNB][SCTP] Receive message in 0 stream\n"
time="2026-08-16T17:53:33+08:00" level=info msg="[GNB][NGAP] Receive Downlink NAS Transport"
time="2026-08-16T17:53:33+08:00" level=info msg="[UE][NAS] Message without security header"
time="2026-08-16T17:53:33+08:00" level=info msg="[UE][NAS] Receive Authentication Request"
time="2026-08-16T17:53:33+08:00" level=info msg="[UE][NAS][MAC] Authenticity of the authentication request message: OK"
time="2026-08-16T17:53:33+08:00" level=info msg="[UE][NAS][SQN] SQN of the authentication request message: VALID"
time="2026-08-16T17:53:33+08:00" level=info msg="[UE][NAS] Send authentication response"
time="2026-08-16T17:53:33+08:00" level=info msg="[UE] Switched from state 1 to state 2"
time="2026-08-16T17:53:33+08:00" level=info msg="[GNB][SCTP] Receive message in 0 stream\n"
time="2026-08-16T17:53:33+08:00" level=info msg="[GNB][NGAP] Receive Downlink NAS Transport"
time="2026-08-16T17:53:33+08:00" level=info msg="[UE][NAS] Message without security header"
time="2026-08-16T17:53:33+08:00" level=info msg="[UE][NAS] Receive Authentication Request"
time="2026-08-16T17:53:33+08:00" level=info msg="[UE][NAS][MAC] Authenticity of the authentication request message: OK"
time="2026-08-16T17:53:33+08:00" level=info msg="[UE][NAS][SQN] SQN of the authentication request message: VALID"
time="2026-08-16T17:53:33+08:00" level=info msg="[UE][NAS] Send authentication response"
time="2026-08-16T17:53:33+08:00" level=info msg="[UE] Switched from state 1 to state 2"
time="2026-08-16T17:53:34+08:00" level=info msg="[GNB][SCTP] Receive message in 0 stream\n"
time="2026-08-16T17:53:34+08:00" level=info msg="[GNB][NGAP] Receive Downlink NAS Transport"
time="2026-08-16T17:53:34+08:00" level=info msg="[UE][NAS] Message with security header"
time="2026-08-16T17:53:34+08:00" level=info msg="[UE][NAS] Message with integrity and with NEW 5G NAS SECURITY CONTEXT"
time="2026-08-16T17:53:34+08:00" level=info msg="[UE][NAS] successful NAS MAC verification"
time="2026-08-16T17:53:34+08:00" level=info msg="[UE][NAS] Receive Security Mode Command"
time="2026-08-16T17:53:34+08:00" level=info msg="[UE][NAS] Type of ciphering algorithm is 5G-EA0"
time="2026-08-16T17:53:34+08:00" level=info msg="[UE][NAS] Type of integrity protection algorithm is 128-5G-IA2"
time="2026-08-16T17:53:34+08:00" level=info msg="[GNB][SCTP] Receive message in 0 stream\n"
time="2026-08-16T17:53:34+08:00" level=info msg="[GNB][NGAP] Receive Downlink NAS Transport"
time="2026-08-16T17:53:34+08:00" level=info msg="[UE][NAS] Message without security header"
time="2026-08-16T17:53:34+08:00" level=info msg="[UE][NAS] Receive Authentication Request"
time="2026-08-16T17:53:34+08:00" level=info msg="[UE][NAS][MAC] Authenticity of the authentication request message: OK"
time="2026-08-16T17:53:34+08:00" level=info msg="[UE][NAS][SQN] SQN of the authentication request message: VALID"
time="2026-08-16T17:53:34+08:00" level=info msg="[UE][NAS] Send authentication response"
time="2026-08-16T17:53:34+08:00" level=info msg="[UE] Switched from state 1 to state 2"
time="2026-08-16T17:53:34+08:00" level=info msg="[GNB][SCTP] Receive message in 0 stream\n"
time="2026-08-16T17:53:34+08:00" level=info msg="[GNB][NGAP] Receive Downlink NAS Transport"
time="2026-08-16T17:53:34+08:00" level=info msg="[UE][NAS] Message with security header"
time="2026-08-16T17:53:34+08:00" level=info msg="[UE][NAS] Message with integrity and with NEW 5G NAS SECURITY CONTEXT"
time="2026-08-16T17:53:34+08:00" level=info msg="[UE][NAS] successful NAS MAC verification"
time="2026-08-16T17:53:34+08:00" level=info msg="[UE][NAS] Receive Security Mode Command"
time="2026-08-16T17:53:34+08:00" level=info msg="[UE][NAS] Type of ciphering algorithm is 5G-EA0"
time="2026-08-16T17:53:34+08:00" level=info msg="[UE][NAS] Type of integrity protection algorithm is 128-5G-IA2"
time="2026-08-16T17:53:34+08:00" level=info msg="[GNB][SCTP] Receive message in 0 stream\n"
time="2026-08-16T17:53:34+08:00" level=info msg="[GNB][NGAP] Receive Downlink NAS Transport"
time="2026-08-16T17:53:34+08:00" level=info msg="[UE][NAS] Message with security header"
time="2026-08-16T17:53:34+08:00" level=info msg="[UE][NAS] Message with integrity and with NEW 5G NAS SECURITY CONTEXT"
time="2026-08-16T17:53:34+08:00" level=info msg="[UE][NAS] successful NAS MAC verification"
time="2026-08-16T17:53:34+08:00" level=info msg="[UE][NAS] Receive Security Mode Command"
time="2026-08-16T17:53:34+08:00" level=info msg="[UE][NAS] Type of ciphering algorithm is 5G-EA0"
time="2026-08-16T17:53:34+08:00" level=info msg="[UE][NAS] Type of integrity protection algorithm is 128-5G-IA2"
time="2026-08-16T17:53:34+08:00" level=info msg="[GNB][SCTP] Receive message in 0 stream\n"
time="2026-08-16T17:53:34+08:00" level=info msg="[GNB][NGAP] Receive Downlink NAS Transport"
time="2026-08-16T17:53:34+08:00" level=info msg="[UE][NAS] Message with security header"
time="2026-08-16T17:53:34+08:00" level=info msg="[UE][NAS] Message with integrity and with NEW 5G NAS SECURITY CONTEXT"
time="2026-08-16T17:53:34+08:00" level=info msg="[UE][NAS] successful NAS MAC verification"
time="2026-08-16T17:53:34+08:00" level=info msg="[UE][NAS] Receive Security Mode Command"
time="2026-08-16T17:53:34+08:00" level=info msg="[UE][NAS] Type of ciphering algorithm is 5G-EA0"
time="2026-08-16T17:53:34+08:00" level=info msg="[UE][NAS] Type of integrity protection algorithm is 128-5G-IA2"
time="2026-08-16T17:53:34+08:00" level=info msg="[GNB][SCTP] Receive message in 0 stream\n"
time="2026-08-16T17:53:34+08:00" level=info msg="[GNB][NGAP] Receive Downlink NAS Transport"
time="2026-08-16T17:53:34+08:00" level=info msg="[UE][NAS] Message with security header"
time="2026-08-16T17:53:34+08:00" level=info msg="[UE][NAS] Message with integrity and with NEW 5G NAS SECURITY CONTEXT"
time="2026-08-16T17:53:34+08:00" level=info msg="[UE][NAS] successful NAS MAC verification"
time="2026-08-16T17:53:34+08:00" level=info msg="[UE][NAS] Receive Security Mode Command"
time="2026-08-16T17:53:34+08:00" level=info msg="[UE][NAS] Type of ciphering algorithm is 5G-EA0"
time="2026-08-16T17:53:34+08:00" level=info msg="[UE][NAS] Type of integrity protection algorithm is 128-5G-IA2"
time="2026-08-16T17:53:34+08:00" level=info msg="[GNB][SCTP] Receive message in 0 stream\n"
time="2026-08-16T17:53:34+08:00" level=info msg="[GNB][NGAP] Receive Downlink NAS Transport"
time="2026-08-16T17:53:34+08:00" level=info msg="[UE][NAS] Message with security header"
time="2026-08-16T17:53:34+08:00" level=info msg="[UE][NAS] Message with integrity and with NEW 5G NAS SECURITY CONTEXT"
time="2026-08-16T17:53:34+08:00" level=info msg="[UE][NAS] successful NAS MAC verification"
time="2026-08-16T17:53:34+08:00" level=info msg="[UE][NAS] Receive Security Mode Command"
time="2026-08-16T17:53:34+08:00" level=info msg="[UE][NAS] Type of ciphering algorithm is 5G-EA0"
time="2026-08-16T17:53:34+08:00" level=info msg="[UE][NAS] Type of integrity protection algorithm is 128-5G-IA2"
time="2026-08-16T17:53:34+08:00" level=info msg="[GNB][SCTP] Receive message in 0 stream\n"
time="2026-08-16T17:53:34+08:00" level=info msg="[GNB][NGAP] Receive Downlink NAS Transport"
time="2026-08-16T17:53:34+08:00" level=info msg="[UE][NAS] Message with security header"
time="2026-08-16T17:53:34+08:00" level=info msg="[UE][NAS] Message with integrity and with NEW 5G NAS SECURITY CONTEXT"
time="2026-08-16T17:53:34+08:00" level=info msg="[UE][NAS] successful NAS MAC verification"
time="2026-08-16T17:53:34+08:00" level=info msg="[UE][NAS] Receive Security Mode Command"
time="2026-08-16T17:53:34+08:00" level=info msg="[UE][NAS] Type of ciphering algorithm is 5G-EA0"
time="2026-08-16T17:53:34+08:00" level=info msg="[UE][NAS] Type of integrity protection algorithm is 128-5G-IA2"
time="2026-08-16T17:53:34+08:00" level=info msg="[GNB][SCTP] Receive message in 0 stream\n"
time="2026-08-16T17:53:34+08:00" level=info msg="[GNB][NGAP] Receive Downlink NAS Transport"
time="2026-08-16T17:53:34+08:00" level=info msg="[UE][NAS] Message with security header"
time="2026-08-16T17:53:34+08:00" level=info msg="[UE][NAS] Message with integrity and with NEW 5G NAS SECURITY CONTEXT"
time="2026-08-16T17:53:34+08:00" level=info msg="[UE][NAS] successful NAS MAC verification"
time="2026-08-16T17:53:34+08:00" level=info msg="[UE][NAS] Receive Security Mode Command"
time="2026-08-16T17:53:34+08:00" level=info msg="[UE][NAS] Type of ciphering algorithm is 5G-EA0"
time="2026-08-16T17:53:34+08:00" level=info msg="[UE][NAS] Type of integrity protection algorithm is 128-5G-IA2"
time="2026-08-16T17:53:34+08:00" level=info msg="[GNB][SCTP] Receive message in 0 stream\n"
time="2026-08-16T17:53:34+08:00" level=info msg="[GNB][NGAP] Receive Downlink NAS Transport"
time="2026-08-16T17:53:34+08:00" level=info msg="[UE][NAS] Message without security header"
time="2026-08-16T17:53:34+08:00" level=info msg="[UE][NAS] Receive Authentication Request"
time="2026-08-16T17:53:34+08:00" level=info msg="[UE][NAS][MAC] Authenticity of the authentication request message: OK"
time="2026-08-16T17:53:34+08:00" level=info msg="[UE][NAS][SQN] SQN of the authentication request message: VALID"
time="2026-08-16T17:53:34+08:00" level=info msg="[UE][NAS] Send authentication response"
time="2026-08-16T17:53:34+08:00" level=info msg="[UE] Switched from state 1 to state 2"
time="2026-08-16T17:53:34+08:00" level=info msg="[GNB][SCTP] Receive message in 0 stream\n"
time="2026-08-16T17:53:34+08:00" level=info msg="[GNB][NGAP] Receive Downlink NAS Transport"
time="2026-08-16T17:53:34+08:00" level=info msg="[UE][NAS] Message with security header"
time="2026-08-16T17:53:34+08:00" level=info msg="[UE][NAS] Message with integrity and with NEW 5G NAS SECURITY CONTEXT"
time="2026-08-16T17:53:34+08:00" level=info msg="[UE][NAS] successful NAS MAC verification"
time="2026-08-16T17:53:34+08:00" level=info msg="[UE][NAS] Receive Security Mode Command"
time="2026-08-16T17:53:34+08:00" level=info msg="[UE][NAS] Type of ciphering algorithm is 5G-EA0"
time="2026-08-16T17:53:34+08:00" level=info msg="[UE][NAS] Type of integrity protection algorithm is 128-5G-IA2"
time="2026-08-16T17:53:34+08:00" level=info msg="[GNB][SCTP] Receive message in 0 stream\n"
time="2026-08-16T17:53:34+08:00" level=info msg="[GNB][NGAP] Receive Downlink NAS Transport"
time="2026-08-16T17:53:34+08:00" level=info msg="[UE][NAS] Message without security header"
time="2026-08-16T17:53:34+08:00" level=info msg="[UE][NAS] Receive Authentication Request"
time="2026-08-16T17:53:34+08:00" level=info msg="[UE][NAS][MAC] Authenticity of the authentication request message: OK"
time="2026-08-16T17:53:34+08:00" level=info msg="[UE][NAS][SQN] SQN of the authentication request message: VALID"
time="2026-08-16T17:53:34+08:00" level=info msg="[UE][NAS] Send authentication response"
time="2026-08-16T17:53:34+08:00" level=info msg="[UE] Switched from state 1 to state 2"
time="2026-08-16T17:53:34+08:00" level=info msg="[GNB][SCTP] Receive message in 0 stream\n"
time="2026-08-16T17:53:34+08:00" level=info msg="[GNB][NGAP] Receive Downlink NAS Transport"
time="2026-08-16T17:53:34+08:00" level=info msg="[UE][NAS] Message with security header"
time="2026-08-16T17:53:34+08:00" level=info msg="[UE][NAS] Message with integrity and with NEW 5G NAS SECURITY CONTEXT"
time="2026-08-16T17:53:34+08:00" level=info msg="[UE][NAS] successful NAS MAC verification"
time="2026-08-16T17:53:34+08:00" level=info msg="[UE][NAS] Receive Security Mode Command"
time="2026-08-16T17:53:34+08:00" level=info msg="[UE][NAS] Type of ciphering algorithm is 5G-EA0"
time="2026-08-16T17:53:34+08:00" level=info msg="[UE][NAS] Type of integrity protection algorithm is 128-5G-IA2"
time="2026-08-16T17:53:34+08:00" level=info msg="[GNB][SCTP] Receive message in 0 stream\n"
time="2026-08-16T17:53:34+08:00" level=info msg="[GNB][SCTP] Receive message in 0 stream\n"
time="2026-08-16T17:53:34+08:00" level=info msg="[GNB][NGAP] Receive Downlink NAS Transport"
time="2026-08-16T17:53:34+08:00" level=info msg="[UE][NAS] Message with security header"
time="2026-08-16T17:53:34+08:00" level=info msg="[UE][NAS] Message with integrity and with NEW 5G NAS SECURITY CONTEXT"
time="2026-08-16T17:53:34+08:00" level=info msg="[UE][NAS] successful NAS MAC verification"
time="2026-08-16T17:53:34+08:00" level=info msg="[UE][NAS] Receive Security Mode Command"
time="2026-08-16T17:53:34+08:00" level=info msg="[UE][NAS] Type of ciphering algorithm is 5G-EA0"
time="2026-08-16T17:53:34+08:00" level=info msg="[UE][NAS] Type of integrity protection algorithm is 128-5G-IA2"
time="2026-08-16T17:53:34+08:00" level=info msg="[GNB][NGAP] Receive Downlink NAS Transport"
time="2026-08-16T17:53:34+08:00" level=info msg="[UE][NAS] Message with security header"
time="2026-08-16T17:53:34+08:00" level=info msg="[UE][NAS] Message with integrity and with NEW 5G NAS SECURITY CONTEXT"
time="2026-08-16T17:53:34+08:00" level=info msg="[UE][NAS] successful NAS MAC verification"
time="2026-08-16T17:53:34+08:00" level=info msg="[UE][NAS] Receive Security Mode Command"
time="2026-08-16T17:53:34+08:00" level=info msg="[UE][NAS] Type of ciphering algorithm is 5G-EA0"
time="2026-08-16T17:53:34+08:00" level=info msg="[UE][NAS] Type of integrity protection algorithm is 128-5G-IA2"
time="2026-08-16T17:53:34+08:00" level=info msg="[GNB][SCTP] Receive message in 0 stream\n"
time="2026-08-16T17:53:34+08:00" level=info msg="[GNB][SCTP] Receive message in 0 stream\n"
time="2026-08-16T17:53:34+08:00" level=info msg="[GNB][NGAP] Receive Downlink NAS Transport"
time="2026-08-16T17:53:34+08:00" level=info msg="[UE][NAS] Message with security header"
time="2026-08-16T17:53:34+08:00" level=info msg="[UE][NAS] Message with integrity and with NEW 5G NAS SECURITY CONTEXT"
time="2026-08-16T17:53:34+08:00" level=info msg="[UE][NAS] successful NAS MAC verification"
time="2026-08-16T17:53:34+08:00" level=info msg="[UE][NAS] Receive Security Mode Command"
time="2026-08-16T17:53:34+08:00" level=info msg="[UE][NAS] Type of ciphering algorithm is 5G-EA0"
time="2026-08-16T17:53:34+08:00" level=info msg="[UE][NAS] Type of integrity protection algorithm is 128-5G-IA2"
time="2026-08-16T17:53:34+08:00" level=info msg="[GNB][NGAP] Receive Downlink NAS Transport"
time="2026-08-16T17:53:34+08:00" level=info msg="[UE][NAS] Message with security header"
time="2026-08-16T17:53:34+08:00" level=info msg="[UE][NAS] Message with integrity and with NEW 5G NAS SECURITY CONTEXT"
time="2026-08-16T17:53:34+08:00" level=info msg="[UE][NAS] successful NAS MAC verification"
time="2026-08-16T17:53:34+08:00" level=info msg="[UE][NAS] Receive Security Mode Command"
time="2026-08-16T17:53:34+08:00" level=info msg="[UE][NAS] Type of ciphering algorithm is 5G-EA0"
time="2026-08-16T17:53:34+08:00" level=info msg="[UE][NAS] Type of integrity protection algorithm is 128-5G-IA2"
time="2026-08-16T17:53:34+08:00" level=info msg="[GNB][SCTP] Receive message in 0 stream\n"
time="2026-08-16T17:53:34+08:00" level=info msg="[GNB][NGAP] Receive Downlink NAS Transport"
time="2026-08-16T17:53:34+08:00" level=info msg="[UE][NAS] Message with security header"
time="2026-08-16T17:53:34+08:00" level=info msg="[UE][NAS] Message with integrity and with NEW 5G NAS SECURITY CONTEXT"
time="2026-08-16T17:53:34+08:00" level=info msg="[UE][NAS] successful NAS MAC verification"
time="2026-08-16T17:53:34+08:00" level=info msg="[UE][NAS] Receive Security Mode Command"
time="2026-08-16T17:53:34+08:00" level=info msg="[UE][NAS] Type of ciphering algorithm is 5G-EA0"
time="2026-08-16T17:53:34+08:00" level=info msg="[UE][NAS] Type of integrity protection algorithm is 128-5G-IA2"
time="2026-08-16T17:53:34+08:00" level=info msg="[GNB][SCTP] Receive message in 0 stream\n"
time="2026-08-16T17:53:34+08:00" level=info msg="[GNB][NGAP] Receive Downlink NAS Transport"
time="2026-08-16T17:53:34+08:00" level=info msg="[UE][NAS] Message with security header"
time="2026-08-16T17:53:34+08:00" level=info msg="[UE][NAS] Message with integrity and with NEW 5G NAS SECURITY CONTEXT"
time="2026-08-16T17:53:34+08:00" level=info msg="[UE][NAS] successful NAS MAC verification"
time="2026-08-16T17:53:34+08:00" level=info msg="[UE][NAS] Receive Security Mode Command"
time="2026-08-16T17:53:34+08:00" level=info msg="[UE][NAS] Type of ciphering algorithm is 5G-EA0"
time="2026-08-16T17:53:34+08:00" level=info msg="[UE][NAS] Type of integrity protection algorithm is 128-5G-IA2"
time="2026-08-16T17:53:34+08:00" level=info msg="[GNB][SCTP] Receive message in 0 stream\n"
time="2026-08-16T17:53:34+08:00" level=info msg="[GNB][NGAP] Receive Downlink NAS Transport"
time="2026-08-16T17:53:34+08:00" level=info msg="[UE][NAS] Message with security header"
time="2026-08-16T17:53:34+08:00" level=info msg="[UE][NAS] Message with integrity and with NEW 5G NAS SECURITY CONTEXT"
time="2026-08-16T17:53:34+08:00" level=info msg="[UE][NAS] successful NAS MAC verification"
time="2026-08-16T17:53:34+08:00" level=info msg="[UE][NAS] Receive Security Mode Command"
time="2026-08-16T17:53:34+08:00" level=info msg="[UE][NAS] Type of ciphering algorithm is 5G-EA0"
time="2026-08-16T17:53:34+08:00" level=info msg="[UE][NAS] Type of integrity protection algorithm is 128-5G-IA2"
time="2026-08-16T17:53:34+08:00" level=info msg="[GNB][SCTP] Receive message in 0 stream\n"
time="2026-08-16T17:53:34+08:00" level=info msg="[GNB][NGAP] Receive Downlink NAS Transport"
time="2026-08-16T17:53:34+08:00" level=info msg="[UE][NAS] Message with security header"
time="2026-08-16T17:53:34+08:00" level=info msg="[UE][NAS] Message with integrity and with NEW 5G NAS SECURITY CONTEXT"
time="2026-08-16T17:53:34+08:00" level=info msg="[UE][NAS] successful NAS MAC verification"
time="2026-08-16T17:53:34+08:00" level=info msg="[UE][NAS] Receive Security Mode Command"
time="2026-08-16T17:53:34+08:00" level=info msg="[UE][NAS] Type of ciphering algorithm is 5G-EA0"
time="2026-08-16T17:53:34+08:00" level=info msg="[UE][NAS] Type of integrity protection algorithm is 128-5G-IA2"
time="2026-08-16T17:53:34+08:00" level=info msg="[GNB][SCTP] Receive message in 0 stream\n"
time="2026-08-16T17:53:34+08:00" level=info msg="[GNB][NGAP] Receive Downlink NAS Transport"
time="2026-08-16T17:53:34+08:00" level=info msg="[UE][NAS] Message with security header"
time="2026-08-16T17:53:34+08:00" level=info msg="[UE][NAS] Message with integrity and with NEW 5G NAS SECURITY CONTEXT"
time="2026-08-16T17:53:34+08:00" level=info msg="[UE][NAS] successful NAS MAC verification"
time="2026-08-16T17:53:34+08:00" level=info msg="[UE][NAS] Receive Security Mode Command"
time="2026-08-16T17:53:34+08:00" level=info msg="[UE][NAS] Type of ciphering algorithm is 5G-EA0"
time="2026-08-16T17:53:34+08:00" level=info msg="[UE][NAS] Type of integrity protection algorithm is 128-5G-IA2"
time="2026-08-16T17:53:34+08:00" level=info msg="[GNB][SCTP] Receive message in 0 stream\n"
time="2026-08-16T17:53:34+08:00" level=info msg="[GNB][NGAP] Receive Downlink NAS Transport"
time="2026-08-16T17:53:34+08:00" level=info msg="[UE][NAS] Message with security header"
time="2026-08-16T17:53:34+08:00" level=info msg="[UE][NAS] Message with integrity and with NEW 5G NAS SECURITY CONTEXT"
time="2026-08-16T17:53:34+08:00" level=info msg="[UE][NAS] successful NAS MAC verification"
time="2026-08-16T17:53:34+08:00" level=info msg="[UE][NAS] Receive Security Mode Command"
time="2026-08-16T17:53:34+08:00" level=info msg="[UE][NAS] Type of ciphering algorithm is 5G-EA0"
time="2026-08-16T17:53:34+08:00" level=info msg="[UE][NAS] Type of integrity protection algorithm is 128-5G-IA2"
time="2026-08-16T17:53:34+08:00" level=info msg="[GNB][SCTP] Receive message in 0 stream\n"
time="2026-08-16T17:53:34+08:00" level=info msg="[GNB][NGAP] Receive Downlink NAS Transport"
time="2026-08-16T17:53:34+08:00" level=info msg="[UE][NAS] Message with security header"
time="2026-08-16T17:53:34+08:00" level=info msg="[UE][NAS] Message with integrity and with NEW 5G NAS SECURITY CONTEXT"
time="2026-08-16T17:53:34+08:00" level=info msg="[UE][NAS] successful NAS MAC verification"
time="2026-08-16T17:53:34+08:00" level=info msg="[UE][NAS] Receive Security Mode Command"
time="2026-08-16T17:53:34+08:00" level=info msg="[UE][NAS] Type of ciphering algorithm is 5G-EA0"
time="2026-08-16T17:53:34+08:00" level=info msg="[UE][NAS] Type of integrity protection algorithm is 128-5G-IA2"
time="2026-08-16T17:53:34+08:00" level=info msg="[GNB][SCTP] Receive message in 0 stream\n"
time="2026-08-16T17:53:34+08:00" level=info msg="[GNB][NGAP] Receive Downlink NAS Transport"
time="2026-08-16T17:53:34+08:00" level=info msg="[UE][NAS] Message with security header"
time="2026-08-16T17:53:34+08:00" level=info msg="[UE][NAS] Message with integrity and with NEW 5G NAS SECURITY CONTEXT"
time="2026-08-16T17:53:34+08:00" level=info msg="[UE][NAS] successful NAS MAC verification"
time="2026-08-16T17:53:34+08:00" level=info msg="[UE][NAS] Receive Security Mode Command"
time="2026-08-16T17:53:34+08:00" level=info msg="[UE][NAS] Type of ciphering algorithm is 5G-EA0"
time="2026-08-16T17:53:34+08:00" level=info msg="[UE][NAS] Type of integrity protection algorithm is 128-5G-IA2"
time="2026-08-16T17:53:34+08:00" level=info msg="[GNB][SCTP] Receive message in 0 stream\n"
time="2026-08-16T17:53:34+08:00" level=info msg="[GNB][SCTP] Receive message in 0 stream\n"
time="2026-08-16T17:53:34+08:00" level=info msg="[GNB][NGAP] Receive Downlink NAS Transport"
time="2026-08-16T17:53:34+08:00" level=info msg="[UE][NAS] Message with security header"
time="2026-08-16T17:53:34+08:00" level=info msg="[UE][NAS] Message with integrity and with NEW 5G NAS SECURITY CONTEXT"
time="2026-08-16T17:53:34+08:00" level=info msg="[UE][NAS] successful NAS MAC verification"
time="2026-08-16T17:53:34+08:00" level=info msg="[UE][NAS] Receive Security Mode Command"
time="2026-08-16T17:53:34+08:00" level=info msg="[UE][NAS] Type of ciphering algorithm is 5G-EA0"
time="2026-08-16T17:53:34+08:00" level=info msg="[UE][NAS] Type of integrity protection algorithm is 128-5G-IA2"
time="2026-08-16T17:53:34+08:00" level=info msg="[GNB][NGAP] Receive Downlink NAS Transport"
time="2026-08-16T17:53:34+08:00" level=info msg="[UE][NAS] Message with security header"
time="2026-08-16T17:53:34+08:00" level=info msg="[UE][NAS] Message with integrity and with NEW 5G NAS SECURITY CONTEXT"
time="2026-08-16T17:53:34+08:00" level=info msg="[UE][NAS] successful NAS MAC verification"
time="2026-08-16T17:53:34+08:00" level=info msg="[UE][NAS] Receive Security Mode Command"
time="2026-08-16T17:53:34+08:00" level=info msg="[UE][NAS] Type of ciphering algorithm is 5G-EA0"
time="2026-08-16T17:53:34+08:00" level=info msg="[UE][NAS] Type of integrity protection algorithm is 128-5G-IA2"
time="2026-08-16T17:53:34+08:00" level=info msg="[GNB][SCTP] Receive message in 0 stream\n"
time="2026-08-16T17:53:34+08:00" level=info msg="[GNB][NGAP] Receive Downlink NAS Transport"
time="2026-08-16T17:53:34+08:00" level=info msg="[UE][NAS] Message with security header"
time="2026-08-16T17:53:34+08:00" level=info msg="[UE][NAS] Message with integrity and with NEW 5G NAS SECURITY CONTEXT"
time="2026-08-16T17:53:34+08:00" level=info msg="[UE][NAS] successful NAS MAC verification"
time="2026-08-16T17:53:34+08:00" level=info msg="[UE][NAS] Receive Security Mode Command"
time="2026-08-16T17:53:34+08:00" level=info msg="[UE][NAS] Type of ciphering algorithm is 5G-EA0"
time="2026-08-16T17:53:34+08:00" level=info msg="[UE][NAS] Type of integrity protection algorithm is 128-5G-IA2"
time="2026-08-16T17:53:34+08:00" level=info msg="[GNB][SCTP] Receive message in 0 stream\n"
time="2026-08-16T17:53:34+08:00" level=info msg="[GNB][NGAP] Receive Downlink NAS Transport"
time="2026-08-16T17:53:34+08:00" level=info msg="[UE][NAS] Message with security header"
time="2026-08-16T17:53:34+08:00" level=info msg="[UE][NAS] Message with integrity and with NEW 5G NAS SECURITY CONTEXT"
time="2026-08-16T17:53:34+08:00" level=info msg="[UE][NAS] successful NAS MAC verification"
time="2026-08-16T17:53:34+08:00" level=info msg="[UE][NAS] Receive Security Mode Command"
time="2026-08-16T17:53:34+08:00" level=info msg="[UE][NAS] Type of ciphering algorithm is 5G-EA0"
time="2026-08-16T17:53:34+08:00" level=info msg="[UE][NAS] Type of integrity protection algorithm is 128-5G-IA2"
time="2026-08-16T17:53:34+08:00" level=info msg="[GNB][SCTP] Receive message in 0 stream\n"
time="2026-08-16T17:53:34+08:00" level=info msg="[GNB][NGAP] Receive Downlink NAS Transport"
time="2026-08-16T17:53:34+08:00" level=info msg="[UE][NAS] Message without security header"
time="2026-08-16T17:53:34+08:00" level=info msg="[UE][NAS] Receive Authentication Request"
time="2026-08-16T17:53:34+08:00" level=info msg="[UE][NAS][MAC] Authenticity of the authentication request message: OK"
time="2026-08-16T17:53:34+08:00" level=info msg="[UE][NAS][SQN] SQN of the authentication request message: VALID"
time="2026-08-16T17:53:34+08:00" level=info msg="[UE][NAS] Send authentication response"
time="2026-08-16T17:53:34+08:00" level=info msg="[UE] Switched from state 1 to state 2"
time="2026-08-16T17:53:34+08:00" level=info msg="[GNB][SCTP] Receive message in 0 stream\n"
time="2026-08-16T17:53:34+08:00" level=info msg="[GNB][NGAP] Receive Downlink NAS Transport"
time="2026-08-16T17:53:34+08:00" level=info msg="[UE][NAS] Message without security header"
time="2026-08-16T17:53:34+08:00" level=info msg="[UE][NAS] Receive Authentication Request"
time="2026-08-16T17:53:34+08:00" level=info msg="[UE][NAS][MAC] Authenticity of the authentication request message: OK"
time="2026-08-16T17:53:34+08:00" level=info msg="[UE][NAS][SQN] SQN of the authentication request message: VALID"
time="2026-08-16T17:53:34+08:00" level=info msg="[UE][NAS] Send authentication response"
time="2026-08-16T17:53:34+08:00" level=info msg="[UE] Switched from state 1 to state 2"
time="2026-08-16T17:53:34+08:00" level=info msg="[GNB][SCTP] Receive message in 0 stream\n"
time="2026-08-16T17:53:34+08:00" level=info msg="[GNB][NGAP] Receive Downlink NAS Transport"
time="2026-08-16T17:53:34+08:00" level=info msg="[UE][NAS] Message with security header"
time="2026-08-16T17:53:34+08:00" level=info msg="[UE][NAS] Message with integrity and with NEW 5G NAS SECURITY CONTEXT"
time="2026-08-16T17:53:34+08:00" level=info msg="[UE][NAS] successful NAS MAC verification"
time="2026-08-16T17:53:34+08:00" level=info msg="[UE][NAS] Receive Security Mode Command"
time="2026-08-16T17:53:34+08:00" level=info msg="[UE][NAS] Type of ciphering algorithm is 5G-EA0"
time="2026-08-16T17:53:34+08:00" level=info msg="[UE][NAS] Type of integrity protection algorithm is 128-5G-IA2"
time="2026-08-16T17:53:34+08:00" level=info msg="[GNB][SCTP] Receive message in 0 stream\n"
time="2026-08-16T17:53:34+08:00" level=info msg="[GNB][SCTP] Receive message in 0 stream\n"
time="2026-08-16T17:53:34+08:00" level=info msg="[GNB][NGAP] Receive Downlink NAS Transport"
time="2026-08-16T17:53:34+08:00" level=info msg="[UE][NAS] Message with security header"
time="2026-08-16T17:53:34+08:00" level=info msg="[UE][NAS] Message with integrity and with NEW 5G NAS SECURITY CONTEXT"
time="2026-08-16T17:53:34+08:00" level=info msg="[UE][NAS] successful NAS MAC verification"
time="2026-08-16T17:53:34+08:00" level=info msg="[UE][NAS] Receive Security Mode Command"
time="2026-08-16T17:53:34+08:00" level=info msg="[UE][NAS] Type of ciphering algorithm is 5G-EA0"
time="2026-08-16T17:53:34+08:00" level=info msg="[UE][NAS] Type of integrity protection algorithm is 128-5G-IA2"
time="2026-08-16T17:53:34+08:00" level=info msg="[GNB][NGAP] Receive Downlink NAS Transport"
time="2026-08-16T17:53:34+08:00" level=info msg="[UE][NAS] Message with security header"
time="2026-08-16T17:53:34+08:00" level=info msg="[UE][NAS] Message with integrity and with NEW 5G NAS SECURITY CONTEXT"
time="2026-08-16T17:53:34+08:00" level=info msg="[UE][NAS] successful NAS MAC verification"
time="2026-08-16T17:53:34+08:00" level=info msg="[UE][NAS] Receive Security Mode Command"
time="2026-08-16T17:53:34+08:00" level=info msg="[UE][NAS] Type of ciphering algorithm is 5G-EA0"
time="2026-08-16T17:53:34+08:00" level=info msg="[UE][NAS] Type of integrity protection algorithm is 128-5G-IA2"
time="2026-08-16T17:53:34+08:00" level=info msg="[GNB][SCTP] Receive message in 0 stream\n"
time="2026-08-16T17:53:34+08:00" level=info msg="[GNB][NGAP] Receive Downlink NAS Transport"
time="2026-08-16T17:53:34+08:00" level=info msg="[UE][NAS] Message with security header"
time="2026-08-16T17:53:34+08:00" level=info msg="[UE][NAS] Message with integrity and with NEW 5G NAS SECURITY CONTEXT"
time="2026-08-16T17:53:34+08:00" level=info msg="[UE][NAS] successful NAS MAC verification"
time="2026-08-16T17:53:34+08:00" level=info msg="[UE][NAS] Receive Security Mode Command"
time="2026-08-16T17:53:34+08:00" level=info msg="[UE][NAS] Type of ciphering algorithm is 5G-EA0"
time="2026-08-16T17:53:34+08:00" level=info msg="[UE][NAS] Type of integrity protection algorithm is 128-5G-IA2"
time="2026-08-16T17:53:34+08:00" level=info msg="[GNB][SCTP] Receive message in 0 stream\n"
time="2026-08-16T17:53:34+08:00" level=info msg="[GNB][NGAP] Receive Downlink NAS Transport"
time="2026-08-16T17:53:34+08:00" level=info msg="[UE][NAS] Message with security header"
time="2026-08-16T17:53:34+08:00" level=info msg="[UE][NAS] Message with integrity and with NEW 5G NAS SECURITY CONTEXT"
time="2026-08-16T17:53:34+08:00" level=info msg="[UE][NAS] successful NAS MAC verification"
time="2026-08-16T17:53:34+08:00" level=info msg="[UE][NAS] Receive Security Mode Command"
time="2026-08-16T17:53:34+08:00" level=info msg="[UE][NAS] Type of ciphering algorithm is 5G-EA0"
time="2026-08-16T17:53:34+08:00" level=info msg="[UE][NAS] Type of integrity protection algorithm is 128-5G-IA2"
time="2026-08-16T17:53:34+08:00" level=info msg="[GNB][SCTP] Receive message in 0 stream\n"
time="2026-08-16T17:53:34+08:00" level=info msg="[GNB][NGAP] Receive Downlink NAS Transport"
time="2026-08-16T17:53:34+08:00" level=info msg="[UE][NAS] Message with security header"
time="2026-08-16T17:53:34+08:00" level=info msg="[UE][NAS] Message with integrity and with NEW 5G NAS SECURITY CONTEXT"
time="2026-08-16T17:53:34+08:00" level=info msg="[UE][NAS] successful NAS MAC verification"
time="2026-08-16T17:53:34+08:00" level=info msg="[UE][NAS] Receive Security Mode Command"
time="2026-08-16T17:53:34+08:00" level=info msg="[UE][NAS] Type of ciphering algorithm is 5G-EA0"
time="2026-08-16T17:53:34+08:00" level=info msg="[UE][NAS] Type of integrity protection algorithm is 128-5G-IA2"
time="2026-08-16T17:53:34+08:00" level=info msg="[GNB][SCTP] Receive message in 0 stream\n"
time="2026-08-16T17:53:34+08:00" level=info msg="[GNB][NGAP] Receive Downlink NAS Transport"
time="2026-08-16T17:53:34+08:00" level=info msg="[UE][NAS] Message with security header"
time="2026-08-16T17:53:34+08:00" level=info msg="[UE][NAS] Message with integrity and with NEW 5G NAS SECURITY CONTEXT"
time="2026-08-16T17:53:34+08:00" level=info msg="[UE][NAS] successful NAS MAC verification"
time="2026-08-16T17:53:34+08:00" level=info msg="[UE][NAS] Receive Security Mode Command"
time="2026-08-16T17:53:34+08:00" level=info msg="[UE][NAS] Type of ciphering algorithm is 5G-EA0"
time="2026-08-16T17:53:34+08:00" level=info msg="[UE][NAS] Type of integrity protection algorithm is 128-5G-IA2"
time="2026-08-16T17:53:34+08:00" level=info msg="[GNB][SCTP] Receive message in 0 stream\n"
time="2026-08-16T17:53:34+08:00" level=info msg="[GNB][NGAP] Receive Downlink NAS Transport"
time="2026-08-16T17:53:34+08:00" level=info msg="[UE][NAS] Message with security header"
time="2026-08-16T17:53:34+08:00" level=info msg="[UE][NAS] Message with integrity and with NEW 5G NAS SECURITY CONTEXT"
time="2026-08-16T17:53:34+08:00" level=info msg="[UE][NAS] successful NAS MAC verification"
time="2026-08-16T17:53:34+08:00" level=info msg="[UE][NAS] Receive Security Mode Command"
time="2026-08-16T17:53:34+08:00" level=info msg="[UE][NAS] Type of ciphering algorithm is 5G-EA0"
time="2026-08-16T17:53:34+08:00" level=info msg="[UE][NAS] Type of integrity protection algorithm is 128-5G-IA2"
time="2026-08-16T17:53:34+08:00" level=info msg="[GNB][SCTP] Receive message in 0 stream\n"
time="2026-08-16T17:53:34+08:00" level=info msg="[GNB][NGAP] Receive Downlink NAS Transport"
time="2026-08-16T17:53:34+08:00" level=info msg="[UE][NAS] Message without security header"
time="2026-08-16T17:53:34+08:00" level=info msg="[UE][NAS] Receive Authentication Request"
time="2026-08-16T17:53:34+08:00" level=info msg="[UE][NAS][MAC] Authenticity of the authentication request message: OK"
time="2026-08-16T17:53:34+08:00" level=info msg="[UE][NAS][SQN] SQN of the authentication request message: VALID"
time="2026-08-16T17:53:34+08:00" level=info msg="[UE][NAS] Send authentication response"
time="2026-08-16T17:53:34+08:00" level=info msg="[UE] Switched from state 1 to state 2"
time="2026-08-16T17:53:34+08:00" level=info msg="[GNB][SCTP] Receive message in 0 stream\n"
time="2026-08-16T17:53:34+08:00" level=info msg="[GNB][NGAP] Receive Downlink NAS Transport"
time="2026-08-16T17:53:34+08:00" level=info msg="[UE][NAS] Message with security header"
time="2026-08-16T17:53:34+08:00" level=info msg="[UE][NAS] Message with integrity and with NEW 5G NAS SECURITY CONTEXT"
time="2026-08-16T17:53:34+08:00" level=info msg="[UE][NAS] successful NAS MAC verification"
time="2026-08-16T17:53:34+08:00" level=info msg="[UE][NAS] Receive Security Mode Command"
time="2026-08-16T17:53:34+08:00" level=info msg="[UE][NAS] Type of ciphering algorithm is 5G-EA0"
time="2026-08-16T17:53:34+08:00" level=info msg="[UE][NAS] Type of integrity protection algorithm is 128-5G-IA2"
time="2026-08-16T17:53:34+08:00" level=info msg="[GNB][SCTP] Receive message in 0 stream\n"
time="2026-08-16T17:53:34+08:00" level=info msg="[GNB][NGAP] Receive Downlink NAS Transport"
time="2026-08-16T17:53:34+08:00" level=info msg="[UE][NAS] Message with security header"
time="2026-08-16T17:53:34+08:00" level=info msg="[UE][NAS] Message with integrity and with NEW 5G NAS SECURITY CONTEXT"
time="2026-08-16T17:53:34+08:00" level=info msg="[UE][NAS] successful NAS MAC verification"
time="2026-08-16T17:53:34+08:00" level=info msg="[UE][NAS] Receive Security Mode Command"
time="2026-08-16T17:53:34+08:00" level=info msg="[UE][NAS] Type of ciphering algorithm is 5G-EA0"
time="2026-08-16T17:53:34+08:00" level=info msg="[UE][NAS] Type of integrity protection algorithm is 128-5G-IA2"
time="2026-08-16T17:53:34+08:00" level=info msg="[GNB][SCTP] Receive message in 0 stream\n"
time="2026-08-16T17:53:34+08:00" level=info msg="[GNB][NGAP] Receive Downlink NAS Transport"
time="2026-08-16T17:53:34+08:00" level=info msg="[UE][NAS] Message with security header"
time="2026-08-16T17:53:34+08:00" level=info msg="[UE][NAS] Message with integrity and with NEW 5G NAS SECURITY CONTEXT"
time="2026-08-16T17:53:34+08:00" level=info msg="[UE][NAS] successful NAS MAC verification"
time="2026-08-16T17:53:34+08:00" level=info msg="[UE][NAS] Receive Security Mode Command"
time="2026-08-16T17:53:34+08:00" level=info msg="[UE][NAS] Type of ciphering algorithm is 5G-EA0"
time="2026-08-16T17:53:34+08:00" level=info msg="[UE][NAS] Type of integrity protection algorithm is 128-5G-IA2"
time="2026-08-16T17:53:34+08:00" level=info msg="[GNB][SCTP] Receive message in 0 stream\n"
time="2026-08-16T17:53:34+08:00" level=info msg="[GNB][NGAP] Receive UE Context Release Command"
time="2026-08-16T17:53:34+08:00" level=warning msg="[GNB][NGAP] AMF is trying to free the context of an unknown UE with RANUEID 607, ignoring"
time="2026-08-16T17:53:34+08:00" level=info msg="[GNB][SCTP] Receive message in 0 stream\n"
time="2026-08-16T17:53:34+08:00" level=info msg="[GNB][NGAP] Receive Downlink NAS Transport"
time="2026-08-16T17:53:34+08:00" level=info msg="[UE][NAS] Message with security header"
time="2026-08-16T17:53:34+08:00" level=info msg="[UE][NAS] Message with integrity and with NEW 5G NAS SECURITY CONTEXT"
time="2026-08-16T17:53:34+08:00" level=info msg="[UE][NAS] successful NAS MAC verification"
time="2026-08-16T17:53:34+08:00" level=info msg="[UE][NAS] Receive Security Mode Command"
time="2026-08-16T17:53:34+08:00" level=info msg="[UE][NAS] Type of ciphering algorithm is 5G-EA0"
time="2026-08-16T17:53:34+08:00" level=info msg="[UE][NAS] Type of integrity protection algorithm is 128-5G-IA2"
time="2026-08-16T17:53:34+08:00" level=info msg="[GNB][SCTP] Receive message in 0 stream\n"
time="2026-08-16T17:53:34+08:00" level=info msg="[GNB][NGAP] Receive Downlink NAS Transport"
time="2026-08-16T17:53:34+08:00" level=info msg="[UE][NAS] Message with security header"
time="2026-08-16T17:53:34+08:00" level=info msg="[UE][NAS] Message with integrity and with NEW 5G NAS SECURITY CONTEXT"
time="2026-08-16T17:53:34+08:00" level=info msg="[UE][NAS] successful NAS MAC verification"
time="2026-08-16T17:53:34+08:00" level=info msg="[UE][NAS] Receive Security Mode Command"
time="2026-08-16T17:53:34+08:00" level=info msg="[UE][NAS] Type of ciphering algorithm is 5G-EA0"
time="2026-08-16T17:53:34+08:00" level=info msg="[UE][NAS] Type of integrity protection algorithm is 128-5G-IA2"
time="2026-08-16T17:53:34+08:00" level=info msg="[GNB][SCTP] Receive message in 0 stream\n"
time="2026-08-16T17:53:34+08:00" level=info msg="[GNB][NGAP] Receive Downlink NAS Transport"
time="2026-08-16T17:53:34+08:00" level=info msg="[UE][NAS] Message without security header"
time="2026-08-16T17:53:34+08:00" level=info msg="[UE][NAS] Receive Authentication Request"
time="2026-08-16T17:53:34+08:00" level=info msg="[UE][NAS][MAC] Authenticity of the authentication request message: OK"
time="2026-08-16T17:53:34+08:00" level=info msg="[UE][NAS][SQN] SQN of the authentication request message: VALID"
time="2026-08-16T17:53:34+08:00" level=info msg="[UE][NAS] Send authentication response"
time="2026-08-16T17:53:34+08:00" level=info msg="[UE] Switched from state 1 to state 2"
time="2026-08-16T17:53:34+08:00" level=info msg="[GNB][SCTP] Receive message in 0 stream\n"
time="2026-08-16T17:53:34+08:00" level=info msg="[GNB][NGAP] Receive Downlink NAS Transport"
time="2026-08-16T17:53:34+08:00" level=info msg="[UE][NAS] Message with security header"
time="2026-08-16T17:53:34+08:00" level=info msg="[UE][NAS] Message with integrity and with NEW 5G NAS SECURITY CONTEXT"
time="2026-08-16T17:53:34+08:00" level=info msg="[UE][NAS] successful NAS MAC verification"
time="2026-08-16T17:53:34+08:00" level=info msg="[UE][NAS] Receive Security Mode Command"
time="2026-08-16T17:53:34+08:00" level=info msg="[UE][NAS] Type of ciphering algorithm is 5G-EA0"
time="2026-08-16T17:53:34+08:00" level=info msg="[UE][NAS] Type of integrity protection algorithm is 128-5G-IA2"
time="2026-08-16T17:53:35+08:00" level=info msg="[GNB][SCTP] Receive message in 0 stream\n"
time="2026-08-16T17:53:35+08:00" level=info msg="[GNB][NGAP] Receive Downlink NAS Transport"
time="2026-08-16T17:53:35+08:00" level=info msg="[UE][NAS] Message with security header"
time="2026-08-16T17:53:35+08:00" level=info msg="[UE][NAS] Message with integrity and with NEW 5G NAS SECURITY CONTEXT"
time="2026-08-16T17:53:35+08:00" level=info msg="[UE][NAS] successful NAS MAC verification"
time="2026-08-16T17:53:35+08:00" level=info msg="[UE][NAS] Receive Security Mode Command"
time="2026-08-16T17:53:35+08:00" level=info msg="[UE][NAS] Type of ciphering algorithm is 5G-EA0"
time="2026-08-16T17:53:35+08:00" level=info msg="[UE][NAS] Type of integrity protection algorithm is 128-5G-IA2"
time="2026-08-16T17:53:35+08:00" level=info msg="[GNB][SCTP] Receive message in 0 stream\n"
time="2026-08-16T17:53:35+08:00" level=info msg="[GNB][NGAP] Receive UE Context Release Command"
time="2026-08-16T17:53:35+08:00" level=warning msg="[GNB][NGAP] AMF is trying to free the context of an unknown UE with RANUEID 612, ignoring"
time="2026-08-16T17:53:35+08:00" level=info msg="[GNB][SCTP] Receive message in 0 stream\n"
time="2026-08-16T17:53:35+08:00" level=info msg="[GNB][NGAP] Receive Downlink NAS Transport"
time="2026-08-16T17:53:35+08:00" level=info msg="[UE][NAS] Message with security header"
time="2026-08-16T17:53:35+08:00" level=info msg="[UE][NAS] Message with integrity and with NEW 5G NAS SECURITY CONTEXT"
time="2026-08-16T17:53:35+08:00" level=info msg="[UE][NAS] successful NAS MAC verification"
time="2026-08-16T17:53:35+08:00" level=info msg="[UE][NAS] Receive Security Mode Command"
time="2026-08-16T17:53:35+08:00" level=info msg="[UE][NAS] Type of ciphering algorithm is 5G-EA0"
time="2026-08-16T17:53:35+08:00" level=info msg="[UE][NAS] Type of integrity protection algorithm is 128-5G-IA2"
time="2026-08-16T17:53:35+08:00" level=info msg="[GNB][SCTP] Receive message in 0 stream\n"
time="2026-08-16T17:53:35+08:00" level=info msg="[GNB][NGAP] Receive Downlink NAS Transport"
time="2026-08-16T17:53:35+08:00" level=info msg="[UE][NAS] Message with security header"
time="2026-08-16T17:53:35+08:00" level=info msg="[UE][NAS] Message with integrity and with NEW 5G NAS SECURITY CONTEXT"
time="2026-08-16T17:53:35+08:00" level=info msg="[UE][NAS] successful NAS MAC verification"
time="2026-08-16T17:53:35+08:00" level=info msg="[UE][NAS] Receive Security Mode Command"
time="2026-08-16T17:53:35+08:00" level=info msg="[UE][NAS] Type of ciphering algorithm is 5G-EA0"
time="2026-08-16T17:53:35+08:00" level=info msg="[UE][NAS] Type of integrity protection algorithm is 128-5G-IA2"
time="2026-08-16T17:53:35+08:00" level=info msg="[GNB][SCTP] Receive message in 0 stream\n"
time="2026-08-16T17:53:35+08:00" level=info msg="[GNB][SCTP] Receive message in 0 stream\n"
time="2026-08-16T17:53:35+08:00" level=info msg="[GNB][SCTP] Receive message in 0 stream\n"
time="2026-08-16T17:53:35+08:00" level=info msg="[GNB][SCTP] Receive message in 0 stream\n"
time="2026-08-16T17:53:35+08:00" level=info msg="[GNB][SCTP] Receive message in 0 stream\n"
time="2026-08-16T17:53:35+08:00" level=info msg="[GNB][NGAP] Receive Downlink NAS Transport"
time="2026-08-16T17:53:35+08:00" level=info msg="[UE][NAS] Message without security header"
time="2026-08-16T17:53:35+08:00" level=info msg="[UE][NAS] Receive Authentication Request"
time="2026-08-16T17:53:35+08:00" level=info msg="[UE][NAS][MAC] Authenticity of the authentication request message: OK"
time="2026-08-16T17:53:35+08:00" level=info msg="[UE][NAS][SQN] SQN of the authentication request message: VALID"
time="2026-08-16T17:53:35+08:00" level=info msg="[UE][NAS] Send authentication response"
time="2026-08-16T17:53:35+08:00" level=info msg="[GNB][NGAP] Receive UE Context Release Command"
time="2026-08-16T17:53:35+08:00" level=warning msg="[GNB][NGAP] AMF is trying to free the context of an unknown UE with RANUEID 613, ignoring"
time="2026-08-16T17:53:35+08:00" level=info msg="[UE] Switched from state 1 to state 2"
time="2026-08-16T17:53:35+08:00" level=info msg="[GNB][NGAP] Receive Downlink NAS Transport"
time="2026-08-16T17:53:35+08:00" level=info msg="[UE][NAS] Message with security header"
time="2026-08-16T17:53:35+08:00" level=info msg="[UE][NAS] Message with integrity and with NEW 5G NAS SECURITY CONTEXT"
time="2026-08-16T17:53:35+08:00" level=info msg="[UE][NAS] successful NAS MAC verification"
time="2026-08-16T17:53:35+08:00" level=info msg="[UE][NAS] Receive Security Mode Command"
time="2026-08-16T17:53:35+08:00" level=info msg="[UE][NAS] Type of ciphering algorithm is 5G-EA0"
time="2026-08-16T17:53:35+08:00" level=info msg="[UE][NAS] Type of integrity protection algorithm is 128-5G-IA2"
time="2026-08-16T17:53:35+08:00" level=info msg="[GNB][NGAP] Receive UE Context Release Command"
time="2026-08-16T17:53:35+08:00" level=warning msg="[GNB][NGAP] AMF is trying to free the context of an unknown UE with RANUEID 600, ignoring"
time="2026-08-16T17:53:35+08:00" level=info msg="[GNB][NGAP] Receive Downlink NAS Transport"
time="2026-08-16T17:53:35+08:00" level=info msg="[UE][NAS] Message with security header"
time="2026-08-16T17:53:35+08:00" level=info msg="[UE][NAS] Message with integrity and with NEW 5G NAS SECURITY CONTEXT"
time="2026-08-16T17:53:35+08:00" level=info msg="[UE][NAS] successful NAS MAC verification"
time="2026-08-16T17:53:35+08:00" level=info msg="[UE][NAS] Receive Security Mode Command"
time="2026-08-16T17:53:35+08:00" level=info msg="[UE][NAS] Type of ciphering algorithm is 5G-EA0"
time="2026-08-16T17:53:35+08:00" level=info msg="[UE][NAS] Type of integrity protection algorithm is 128-5G-IA2"
time="2026-08-16T17:53:35+08:00" level=info msg="[GNB][SCTP] Receive message in 0 stream\n"
time="2026-08-16T17:53:35+08:00" level=info msg="[GNB][NGAP] Receive Downlink NAS Transport"
time="2026-08-16T17:53:35+08:00" level=info msg="[UE][NAS] Message without security header"
time="2026-08-16T17:53:35+08:00" level=info msg="[UE][NAS] Receive Authentication Request"
time="2026-08-16T17:53:35+08:00" level=info msg="[UE][NAS][MAC] Authenticity of the authentication request message: OK"
time="2026-08-16T17:53:35+08:00" level=info msg="[UE][NAS][SQN] SQN of the authentication request message: VALID"
time="2026-08-16T17:53:35+08:00" level=info msg="[UE][NAS] Send authentication response"
time="2026-08-16T17:53:35+08:00" level=info msg="[UE] Switched from state 1 to state 2"
time="2026-08-16T17:53:35+08:00" level=info msg="[GNB][SCTP] Receive message in 0 stream\n"
time="2026-08-16T17:53:35+08:00" level=info msg="[GNB][NGAP] Receive Downlink NAS Transport"
time="2026-08-16T17:53:35+08:00" level=info msg="[UE][NAS] Message without security header"
time="2026-08-16T17:53:35+08:00" level=info msg="[UE][NAS] Receive Authentication Request"
time="2026-08-16T17:53:35+08:00" level=info msg="[UE][NAS][MAC] Authenticity of the authentication request message: OK"
time="2026-08-16T17:53:35+08:00" level=info msg="[UE][NAS][SQN] SQN of the authentication request message: VALID"
time="2026-08-16T17:53:35+08:00" level=info msg="[UE][NAS] Send authentication response"
time="2026-08-16T17:53:35+08:00" level=info msg="[UE] Switched from state 1 to state 2"
time="2026-08-16T17:53:35+08:00" level=info msg="[GNB][SCTP] Receive message in 0 stream\n"
time="2026-08-16T17:53:35+08:00" level=info msg="[GNB][NGAP] Receive Downlink NAS Transport"
time="2026-08-16T17:53:35+08:00" level=info msg="[UE][NAS] Message without security header"
time="2026-08-16T17:53:35+08:00" level=info msg="[UE][NAS] Receive Authentication Request"
time="2026-08-16T17:53:35+08:00" level=info msg="[UE][NAS][MAC] Authenticity of the authentication request message: OK"
time="2026-08-16T17:53:35+08:00" level=info msg="[UE][NAS][SQN] SQN of the authentication request message: VALID"
time="2026-08-16T17:53:35+08:00" level=info msg="[UE][NAS] Send authentication response"
time="2026-08-16T17:53:35+08:00" level=info msg="[UE] Switched from state 1 to state 2"
time="2026-08-16T17:53:35+08:00" level=info msg="[GNB][SCTP] Receive message in 0 stream\n"
time="2026-08-16T17:53:35+08:00" level=info msg="[GNB][NGAP] Receive Downlink NAS Transport"
time="2026-08-16T17:53:35+08:00" level=info msg="[UE][NAS] Message without security header"
time="2026-08-16T17:53:35+08:00" level=info msg="[UE][NAS] Receive Authentication Request"
time="2026-08-16T17:53:35+08:00" level=info msg="[UE][NAS][MAC] Authenticity of the authentication request message: OK"
time="2026-08-16T17:53:35+08:00" level=info msg="[UE][NAS][SQN] SQN of the authentication request message: VALID"
time="2026-08-16T17:53:35+08:00" level=info msg="[UE][NAS] Send authentication response"
time="2026-08-16T17:53:35+08:00" level=info msg="[UE] Switched from state 1 to state 2"
time="2026-08-16T17:53:35+08:00" level=info msg="[GNB][SCTP] Receive message in 0 stream\n"
time="2026-08-16T17:53:35+08:00" level=info msg="[GNB][NGAP] Receive Downlink NAS Transport"
time="2026-08-16T17:53:35+08:00" level=info msg="[UE][NAS] Message without security header"
time="2026-08-16T17:53:35+08:00" level=info msg="[UE][NAS] Receive Authentication Request"
time="2026-08-16T17:53:35+08:00" level=info msg="[UE][NAS][MAC] Authenticity of the authentication request message: OK"
time="2026-08-16T17:53:35+08:00" level=info msg="[UE][NAS][SQN] SQN of the authentication request message: VALID"
time="2026-08-16T17:53:35+08:00" level=info msg="[UE][NAS] Send authentication response"
time="2026-08-16T17:53:35+08:00" level=info msg="[UE] Switched from state 1 to state 2"
time="2026-08-16T17:53:35+08:00" level=info msg="[GNB][SCTP] Receive message in 0 stream\n"
time="2026-08-16T17:53:35+08:00" level=info msg="[GNB][NGAP] Receive Downlink NAS Transport"
time="2026-08-16T17:53:35+08:00" level=info msg="[UE][NAS] Message without security header"
time="2026-08-16T17:53:35+08:00" level=info msg="[UE][NAS] Receive Authentication Request"
time="2026-08-16T17:53:35+08:00" level=info msg="[UE][NAS][MAC] Authenticity of the authentication request message: OK"
time="2026-08-16T17:53:35+08:00" level=info msg="[UE][NAS][SQN] SQN of the authentication request message: VALID"
time="2026-08-16T17:53:35+08:00" level=info msg="[UE][NAS] Send authentication response"
time="2026-08-16T17:53:35+08:00" level=info msg="[UE] Switched from state 1 to state 2"
time="2026-08-16T17:53:35+08:00" level=info msg="[GNB][SCTP] Receive message in 0 stream\n"
time="2026-08-16T17:53:35+08:00" level=info msg="[GNB][NGAP] Receive Downlink NAS Transport"
time="2026-08-16T17:53:35+08:00" level=info msg="[UE][NAS] Message without security header"
time="2026-08-16T17:53:35+08:00" level=info msg="[UE][NAS] Receive Authentication Request"
time="2026-08-16T17:53:35+08:00" level=info msg="[UE][NAS][MAC] Authenticity of the authentication request message: OK"
time="2026-08-16T17:53:35+08:00" level=info msg="[UE][NAS][SQN] SQN of the authentication request message: VALID"
time="2026-08-16T17:53:35+08:00" level=info msg="[UE][NAS] Send authentication response"
time="2026-08-16T17:53:35+08:00" level=info msg="[UE] Switched from state 1 to state 2"
time="2026-08-16T17:53:35+08:00" level=info msg="[GNB][SCTP] Receive message in 0 stream\n"
time="2026-08-16T17:53:35+08:00" level=info msg="[GNB][NGAP] Receive Downlink NAS Transport"
time="2026-08-16T17:53:35+08:00" level=info msg="[UE][NAS] Message without security header"
time="2026-08-16T17:53:35+08:00" level=info msg="[UE][NAS] Receive Authentication Request"
time="2026-08-16T17:53:35+08:00" level=info msg="[UE][NAS][MAC] Authenticity of the authentication request message: OK"
time="2026-08-16T17:53:35+08:00" level=info msg="[UE][NAS][SQN] SQN of the authentication request message: VALID"
time="2026-08-16T17:53:35+08:00" level=info msg="[UE][NAS] Send authentication response"
time="2026-08-16T17:53:35+08:00" level=info msg="[UE] Switched from state 1 to state 2"
time="2026-08-16T17:53:36+08:00" level=info msg="[GNB][SCTP] Receive message in 0 stream\n"
time="2026-08-16T17:53:36+08:00" level=info msg="[GNB][NGAP] Receive Downlink NAS Transport"
time="2026-08-16T17:53:36+08:00" level=info msg="[UE][NAS] Message without security header"
time="2026-08-16T17:53:36+08:00" level=info msg="[UE][NAS] Receive Authentication Request"
time="2026-08-16T17:53:36+08:00" level=info msg="[UE][NAS][MAC] Authenticity of the authentication request message: OK"
time="2026-08-16T17:53:36+08:00" level=info msg="[UE][NAS][SQN] SQN of the authentication request message: VALID"
time="2026-08-16T17:53:36+08:00" level=info msg="[UE][NAS] Send authentication response"
time="2026-08-16T17:53:36+08:00" level=info msg="[UE] Switched from state 1 to state 2"
time="2026-08-16T17:53:36+08:00" level=info msg="[GNB][SCTP] Receive message in 0 stream\n"
time="2026-08-16T17:53:36+08:00" level=info msg="[GNB][NGAP] Receive Downlink NAS Transport"
time="2026-08-16T17:53:36+08:00" level=info msg="[UE][NAS] Message without security header"
time="2026-08-16T17:53:36+08:00" level=info msg="[UE][NAS] Receive Authentication Request"
time="2026-08-16T17:53:36+08:00" level=info msg="[UE][NAS][MAC] Authenticity of the authentication request message: OK"
time="2026-08-16T17:53:36+08:00" level=info msg="[UE][NAS][SQN] SQN of the authentication request message: VALID"
time="2026-08-16T17:53:36+08:00" level=info msg="[UE][NAS] Send authentication response"
time="2026-08-16T17:53:36+08:00" level=info msg="[UE] Switched from state 1 to state 2"
time="2026-08-16T17:53:36+08:00" level=info msg="[GNB][SCTP] Receive message in 0 stream\n"
time="2026-08-16T17:53:36+08:00" level=info msg="[GNB][NGAP] Receive Downlink NAS Transport"
time="2026-08-16T17:53:36+08:00" level=info msg="[UE][NAS] Message without security header"
time="2026-08-16T17:53:36+08:00" level=info msg="[UE][NAS] Receive Authentication Request"
time="2026-08-16T17:53:36+08:00" level=info msg="[UE][NAS][MAC] Authenticity of the authentication request message: OK"
time="2026-08-16T17:53:36+08:00" level=info msg="[UE][NAS][SQN] SQN of the authentication request message: VALID"
time="2026-08-16T17:53:36+08:00" level=info msg="[UE][NAS] Send authentication response"
time="2026-08-16T17:53:36+08:00" level=info msg="[UE] Switched from state 1 to state 2"
time="2026-08-16T17:53:36+08:00" level=info msg="[GNB][SCTP] Receive message in 0 stream\n"
time="2026-08-16T17:53:36+08:00" level=info msg="[GNB][NGAP] Receive Downlink NAS Transport"
time="2026-08-16T17:53:36+08:00" level=info msg="[UE][NAS] Message without security header"
time="2026-08-16T17:53:36+08:00" level=info msg="[UE][NAS] Receive Authentication Request"
time="2026-08-16T17:53:36+08:00" level=info msg="[UE][NAS][MAC] Authenticity of the authentication request message: OK"
time="2026-08-16T17:53:36+08:00" level=info msg="[UE][NAS][SQN] SQN of the authentication request message: VALID"
time="2026-08-16T17:53:36+08:00" level=info msg="[UE][NAS] Send authentication response"
time="2026-08-16T17:53:36+08:00" level=info msg="[UE] Switched from state 1 to state 2"
time="2026-08-16T17:53:36+08:00" level=info msg="[GNB][SCTP] Receive message in 0 stream\n"
time="2026-08-16T17:53:36+08:00" level=info msg="[GNB][NGAP] Receive Downlink NAS Transport"
time="2026-08-16T17:53:36+08:00" level=info msg="[UE][NAS] Message without security header"
time="2026-08-16T17:53:36+08:00" level=info msg="[UE][NAS] Receive Authentication Request"
time="2026-08-16T17:53:36+08:00" level=info msg="[UE][NAS][MAC] Authenticity of the authentication request message: OK"
time="2026-08-16T17:53:36+08:00" level=info msg="[UE][NAS][SQN] SQN of the authentication request message: VALID"
time="2026-08-16T17:53:36+08:00" level=info msg="[UE][NAS] Send authentication response"
time="2026-08-16T17:53:36+08:00" level=info msg="[UE] Switched from state 1 to state 2"
time="2026-08-16T17:53:36+08:00" level=info msg="[GNB][SCTP] Receive message in 0 stream\n"
time="2026-08-16T17:53:36+08:00" level=info msg="[GNB][NGAP] Receive Downlink NAS Transport"
time="2026-08-16T17:53:36+08:00" level=info msg="[UE][NAS] Message without security header"
time="2026-08-16T17:53:36+08:00" level=info msg="[UE][NAS] Receive Authentication Request"
time="2026-08-16T17:53:36+08:00" level=info msg="[UE][NAS][MAC] Authenticity of the authentication request message: OK"
time="2026-08-16T17:53:36+08:00" level=info msg="[UE][NAS][SQN] SQN of the authentication request message: VALID"
time="2026-08-16T17:53:36+08:00" level=info msg="[UE][NAS] Send authentication response"
time="2026-08-16T17:53:36+08:00" level=info msg="[UE] Switched from state 1 to state 2"
time="2026-08-16T17:53:36+08:00" level=info msg="[GNB][SCTP] Receive message in 0 stream\n"
time="2026-08-16T17:53:36+08:00" level=info msg="[GNB][NGAP] Receive Downlink NAS Transport"
time="2026-08-16T17:53:36+08:00" level=info msg="[UE][NAS] Message without security header"
time="2026-08-16T17:53:36+08:00" level=info msg="[UE][NAS] Receive Authentication Request"
time="2026-08-16T17:53:36+08:00" level=info msg="[UE][NAS][MAC] Authenticity of the authentication request message: OK"
time="2026-08-16T17:53:36+08:00" level=info msg="[UE][NAS][SQN] SQN of the authentication request message: VALID"
time="2026-08-16T17:53:36+08:00" level=info msg="[UE][NAS] Send authentication response"
time="2026-08-16T17:53:36+08:00" level=info msg="[UE] Switched from state 1 to state 2"
time="2026-08-16T17:53:36+08:00" level=info msg="[GNB][SCTP] Receive message in 0 stream\n"
time="2026-08-16T17:53:36+08:00" level=info msg="[GNB][NGAP] Receive Downlink NAS Transport"
time="2026-08-16T17:53:36+08:00" level=info msg="[UE][NAS] Message without security header"
time="2026-08-16T17:53:36+08:00" level=info msg="[UE][NAS] Receive Authentication Request"
time="2026-08-16T17:53:36+08:00" level=info msg="[UE][NAS][MAC] Authenticity of the authentication request message: OK"
time="2026-08-16T17:53:36+08:00" level=info msg="[UE][NAS][SQN] SQN of the authentication request message: VALID"
time="2026-08-16T17:53:36+08:00" level=info msg="[UE][NAS] Send authentication response"
time="2026-08-16T17:53:36+08:00" level=info msg="[UE] Switched from state 1 to state 2"
time="2026-08-16T17:53:36+08:00" level=info msg="[GNB][SCTP] Receive message in 0 stream\n"
time="2026-08-16T17:53:36+08:00" level=info msg="[GNB][NGAP] Receive Downlink NAS Transport"
time="2026-08-16T17:53:36+08:00" level=info msg="[UE][NAS] Message with security header"
time="2026-08-16T17:53:36+08:00" level=info msg="[UE][NAS] Message with integrity and with NEW 5G NAS SECURITY CONTEXT"
time="2026-08-16T17:53:36+08:00" level=info msg="[UE][NAS] successful NAS MAC verification"
time="2026-08-16T17:53:36+08:00" level=info msg="[UE][NAS] Receive Security Mode Command"
time="2026-08-16T17:53:36+08:00" level=info msg="[UE][NAS] Type of ciphering algorithm is 5G-EA0"
time="2026-08-16T17:53:36+08:00" level=info msg="[UE][NAS] Type of integrity protection algorithm is 128-5G-IA2"
time="2026-08-16T17:53:36+08:00" level=info msg="[GNB][SCTP] Receive message in 0 stream\n"
time="2026-08-16T17:53:36+08:00" level=info msg="[GNB][NGAP] Receive Downlink NAS Transport"
time="2026-08-16T17:53:36+08:00" level=info msg="[UE][NAS] Message with security header"
time="2026-08-16T17:53:36+08:00" level=info msg="[UE][NAS] Message with integrity and with NEW 5G NAS SECURITY CONTEXT"
time="2026-08-16T17:53:36+08:00" level=info msg="[UE][NAS] successful NAS MAC verification"
time="2026-08-16T17:53:36+08:00" level=info msg="[UE][NAS] Receive Security Mode Command"
time="2026-08-16T17:53:36+08:00" level=info msg="[UE][NAS] Type of ciphering algorithm is 5G-EA0"
time="2026-08-16T17:53:36+08:00" level=info msg="[UE][NAS] Type of integrity protection algorithm is 128-5G-IA2"
time="2026-08-16T17:53:36+08:00" level=info msg="[GNB][SCTP] Receive message in 0 stream\n"
time="2026-08-16T17:53:36+08:00" level=info msg="[GNB][NGAP] Receive Downlink NAS Transport"
time="2026-08-16T17:53:36+08:00" level=info msg="[UE][NAS] Message with security header"
time="2026-08-16T17:53:36+08:00" level=info msg="[UE][NAS] Message with integrity and with NEW 5G NAS SECURITY CONTEXT"
time="2026-08-16T17:53:36+08:00" level=info msg="[UE][NAS] successful NAS MAC verification"
time="2026-08-16T17:53:36+08:00" level=info msg="[UE][NAS] Receive Security Mode Command"
time="2026-08-16T17:53:36+08:00" level=info msg="[UE][NAS] Type of ciphering algorithm is 5G-EA0"
time="2026-08-16T17:53:36+08:00" level=info msg="[UE][NAS] Type of integrity protection algorithm is 128-5G-IA2"
time="2026-08-16T17:53:36+08:00" level=info msg="[GNB][SCTP] Receive message in 0 stream\n"
time="2026-08-16T17:53:36+08:00" level=info msg="[GNB][NGAP] Receive Downlink NAS Transport"
time="2026-08-16T17:53:36+08:00" level=info msg="[UE][NAS] Message without security header"
time="2026-08-16T17:53:36+08:00" level=info msg="[UE][NAS] Receive Authentication Request"
time="2026-08-16T17:53:36+08:00" level=info msg="[UE][NAS][MAC] Authenticity of the authentication request message: OK"
time="2026-08-16T17:53:36+08:00" level=info msg="[UE][NAS][SQN] SQN of the authentication request message: VALID"
time="2026-08-16T17:53:36+08:00" level=info msg="[UE][NAS] Send authentication response"
time="2026-08-16T17:53:36+08:00" level=info msg="[UE] Switched from state 1 to state 2"
time="2026-08-16T17:53:36+08:00" level=info msg="[GNB][SCTP] Receive message in 0 stream\n"
time="2026-08-16T17:53:36+08:00" level=info msg="[GNB][NGAP] Receive Downlink NAS Transport"
time="2026-08-16T17:53:36+08:00" level=info msg="[UE][NAS] Message with security header"
time="2026-08-16T17:53:36+08:00" level=info msg="[UE][NAS] Message with integrity and with NEW 5G NAS SECURITY CONTEXT"
time="2026-08-16T17:53:36+08:00" level=info msg="[UE][NAS] successful NAS MAC verification"
time="2026-08-16T17:53:36+08:00" level=info msg="[UE][NAS] Receive Security Mode Command"
time="2026-08-16T17:53:36+08:00" level=info msg="[UE][NAS] Type of ciphering algorithm is 5G-EA0"
time="2026-08-16T17:53:36+08:00" level=info msg="[UE][NAS] Type of integrity protection algorithm is 128-5G-IA2"
time="2026-08-16T17:53:36+08:00" level=info msg="[GNB][SCTP] Receive message in 0 stream\n"
time="2026-08-16T17:53:36+08:00" level=info msg="[GNB][NGAP] Receive Downlink NAS Transport"
time="2026-08-16T17:53:36+08:00" level=info msg="[UE][NAS] Message with security header"
time="2026-08-16T17:53:36+08:00" level=info msg="[UE][NAS] Message with integrity and with NEW 5G NAS SECURITY CONTEXT"
time="2026-08-16T17:53:36+08:00" level=info msg="[UE][NAS] successful NAS MAC verification"
time="2026-08-16T17:53:36+08:00" level=info msg="[UE][NAS] Receive Security Mode Command"
time="2026-08-16T17:53:36+08:00" level=info msg="[UE][NAS] Type of ciphering algorithm is 5G-EA0"
time="2026-08-16T17:53:36+08:00" level=info msg="[UE][NAS] Type of integrity protection algorithm is 128-5G-IA2"
time="2026-08-16T17:53:36+08:00" level=info msg="[GNB][SCTP] Receive message in 0 stream\n"
time="2026-08-16T17:53:36+08:00" level=info msg="[GNB][NGAP] Receive Downlink NAS Transport"
time="2026-08-16T17:53:36+08:00" level=info msg="[UE][NAS] Message with security header"
time="2026-08-16T17:53:36+08:00" level=info msg="[UE][NAS] Message with integrity and with NEW 5G NAS SECURITY CONTEXT"
time="2026-08-16T17:53:36+08:00" level=info msg="[UE][NAS] successful NAS MAC verification"
time="2026-08-16T17:53:36+08:00" level=info msg="[UE][NAS] Receive Security Mode Command"
time="2026-08-16T17:53:36+08:00" level=info msg="[UE][NAS] Type of ciphering algorithm is 5G-EA0"
time="2026-08-16T17:53:36+08:00" level=info msg="[UE][NAS] Type of integrity protection algorithm is 128-5G-IA2"
time="2026-08-16T17:53:36+08:00" level=info msg="[GNB][SCTP] Receive message in 0 stream\n"
time="2026-08-16T17:53:36+08:00" level=info msg="[GNB][NGAP] Receive Downlink NAS Transport"
time="2026-08-16T17:53:36+08:00" level=info msg="[UE][NAS] Message without security header"
time="2026-08-16T17:53:36+08:00" level=info msg="[UE][NAS] Receive Authentication Request"
time="2026-08-16T17:53:36+08:00" level=info msg="[UE][NAS][MAC] Authenticity of the authentication request message: OK"
time="2026-08-16T17:53:36+08:00" level=info msg="[UE][NAS][SQN] SQN of the authentication request message: VALID"
time="2026-08-16T17:53:36+08:00" level=info msg="[UE][NAS] Send authentication response"
time="2026-08-16T17:53:36+08:00" level=info msg="[UE] Switched from state 1 to state 2"
time="2026-08-16T17:53:36+08:00" level=info msg="[GNB][SCTP] Receive message in 0 stream\n"
time="2026-08-16T17:53:36+08:00" level=info msg="[GNB][NGAP] Receive Downlink NAS Transport"
time="2026-08-16T17:53:36+08:00" level=info msg="[UE][NAS] Message with security header"
time="2026-08-16T17:53:36+08:00" level=info msg="[UE][NAS] Message with integrity and with NEW 5G NAS SECURITY CONTEXT"
time="2026-08-16T17:53:36+08:00" level=info msg="[UE][NAS] successful NAS MAC verification"
time="2026-08-16T17:53:36+08:00" level=info msg="[UE][NAS] Receive Security Mode Command"
time="2026-08-16T17:53:36+08:00" level=info msg="[UE][NAS] Type of ciphering algorithm is 5G-EA0"
time="2026-08-16T17:53:36+08:00" level=info msg="[UE][NAS] Type of integrity protection algorithm is 128-5G-IA2"
time="2026-08-16T17:53:36+08:00" level=info msg="[GNB][SCTP] Receive message in 0 stream\n"
time="2026-08-16T17:53:36+08:00" level=info msg="[GNB][NGAP] Receive Downlink NAS Transport"
time="2026-08-16T17:53:36+08:00" level=info msg="[UE][NAS] Message with security header"
time="2026-08-16T17:53:36+08:00" level=info msg="[UE][NAS] Message with integrity and with NEW 5G NAS SECURITY CONTEXT"
time="2026-08-16T17:53:36+08:00" level=info msg="[UE][NAS] successful NAS MAC verification"
time="2026-08-16T17:53:36+08:00" level=info msg="[UE][NAS] Receive Security Mode Command"
time="2026-08-16T17:53:36+08:00" level=info msg="[UE][NAS] Type of ciphering algorithm is 5G-EA0"
time="2026-08-16T17:53:36+08:00" level=info msg="[UE][NAS] Type of integrity protection algorithm is 128-5G-IA2"
time="2026-08-16T17:53:36+08:00" level=info msg="[GNB][SCTP] Receive message in 0 stream\n"
time="2026-08-16T17:53:36+08:00" level=info msg="[GNB][NGAP] Receive Downlink NAS Transport"
time="2026-08-16T17:53:36+08:00" level=info msg="[UE][NAS] Message without security header"
time="2026-08-16T17:53:36+08:00" level=info msg="[UE][NAS] Receive Authentication Request"
time="2026-08-16T17:53:36+08:00" level=info msg="[UE][NAS][MAC] Authenticity of the authentication request message: OK"
time="2026-08-16T17:53:36+08:00" level=info msg="[UE][NAS][SQN] SQN of the authentication request message: VALID"
time="2026-08-16T17:53:36+08:00" level=info msg="[UE][NAS] Send authentication response"
time="2026-08-16T17:53:36+08:00" level=info msg="[UE] Switched from state 1 to state 2"
time="2026-08-16T17:53:36+08:00" level=info msg="[GNB][SCTP] Receive message in 0 stream\n"
time="2026-08-16T17:53:36+08:00" level=info msg="[GNB][NGAP] Receive Downlink NAS Transport"
time="2026-08-16T17:53:36+08:00" level=info msg="[UE][NAS] Message with security header"
time="2026-08-16T17:53:36+08:00" level=info msg="[UE][NAS] Message with integrity and with NEW 5G NAS SECURITY CONTEXT"
time="2026-08-16T17:53:36+08:00" level=info msg="[UE][NAS] successful NAS MAC verification"
time="2026-08-16T17:53:36+08:00" level=info msg="[UE][NAS] Receive Security Mode Command"
time="2026-08-16T17:53:36+08:00" level=info msg="[UE][NAS] Type of ciphering algorithm is 5G-EA0"
time="2026-08-16T17:53:36+08:00" level=info msg="[UE][NAS] Type of integrity protection algorithm is 128-5G-IA2"
time="2026-08-16T17:53:36+08:00" level=info msg="[GNB][SCTP] Receive message in 0 stream\n"
time="2026-08-16T17:53:36+08:00" level=info msg="[GNB][NGAP] Receive Downlink NAS Transport"
time="2026-08-16T17:53:36+08:00" level=info msg="[UE][NAS] Message without security header"
time="2026-08-16T17:53:36+08:00" level=info msg="[UE][NAS] Receive Authentication Request"
time="2026-08-16T17:53:36+08:00" level=info msg="[UE][NAS][MAC] Authenticity of the authentication request message: OK"
time="2026-08-16T17:53:36+08:00" level=info msg="[UE][NAS][SQN] SQN of the authentication request message: VALID"
time="2026-08-16T17:53:36+08:00" level=info msg="[UE][NAS] Send authentication response"
time="2026-08-16T17:53:36+08:00" level=info msg="[UE] Switched from state 1 to state 2"
time="2026-08-16T17:53:36+08:00" level=info msg="[GNB][SCTP] Receive message in 0 stream\n"
time="2026-08-16T17:53:36+08:00" level=info msg="[GNB][NGAP] Receive Downlink NAS Transport"
time="2026-08-16T17:53:36+08:00" level=info msg="[UE][NAS] Message with security header"
time="2026-08-16T17:53:36+08:00" level=info msg="[UE][NAS] Message with integrity and with NEW 5G NAS SECURITY CONTEXT"
time="2026-08-16T17:53:36+08:00" level=info msg="[UE][NAS] successful NAS MAC verification"
time="2026-08-16T17:53:36+08:00" level=info msg="[UE][NAS] Receive Security Mode Command"
time="2026-08-16T17:53:36+08:00" level=info msg="[UE][NAS] Type of ciphering algorithm is 5G-EA0"
time="2026-08-16T17:53:36+08:00" level=info msg="[UE][NAS] Type of integrity protection algorithm is 128-5G-IA2"
time="2026-08-16T17:53:36+08:00" level=info msg="[GNB][SCTP] Receive message in 0 stream\n"
time="2026-08-16T17:53:36+08:00" level=info msg="[GNB][NGAP] Receive Downlink NAS Transport"
time="2026-08-16T17:53:36+08:00" level=info msg="[UE][NAS] Message with security header"
time="2026-08-16T17:53:36+08:00" level=info msg="[UE][NAS] Message with integrity and with NEW 5G NAS SECURITY CONTEXT"
time="2026-08-16T17:53:36+08:00" level=info msg="[UE][NAS] successful NAS MAC verification"
time="2026-08-16T17:53:36+08:00" level=info msg="[UE][NAS] Receive Security Mode Command"
time="2026-08-16T17:53:36+08:00" level=info msg="[UE][NAS] Type of ciphering algorithm is 5G-EA0"
time="2026-08-16T17:53:36+08:00" level=info msg="[UE][NAS] Type of integrity protection algorithm is 128-5G-IA2"
time="2026-08-16T17:53:36+08:00" level=info msg="[GNB][SCTP] Receive message in 0 stream\n"
time="2026-08-16T17:53:36+08:00" level=info msg="[GNB][NGAP] Receive Downlink NAS Transport"
time="2026-08-16T17:53:36+08:00" level=info msg="[UE][NAS] Message without security header"
time="2026-08-16T17:53:36+08:00" level=info msg="[UE][NAS] Receive Authentication Request"
time="2026-08-16T17:53:36+08:00" level=info msg="[UE][NAS][MAC] Authenticity of the authentication request message: OK"
time="2026-08-16T17:53:36+08:00" level=info msg="[UE][NAS][SQN] SQN of the authentication request message: VALID"
time="2026-08-16T17:53:36+08:00" level=info msg="[UE][NAS] Send authentication response"
time="2026-08-16T17:53:36+08:00" level=info msg="[UE] Switched from state 2 to state 2"
time="2026-08-16T17:53:37+08:00" level=info msg="[GNB][SCTP] Receive message in 0 stream\n"
time="2026-08-16T17:53:37+08:00" level=info msg="[GNB][NGAP] Receive Initial Context Setup Request"
time="2026-08-16T17:53:37+08:00" level=info msg="[GNB][UE] UE Context was created with successful"
time="2026-08-16T17:53:37+08:00" level=info msg="[GNB][UE] UE RAN ID 8"
time="2026-08-16T17:53:37+08:00" level=info msg="[GNB][UE] UE AMF ID 807"
time="2026-08-16T17:53:37+08:00" level=info msg="[GNB][UE] UE Mobility Restrict --Plmn-- Mcc: 208 Mnc: 93"
time="2026-08-16T17:53:37+08:00" level=info msg="[GNB][UE] UE Masked Imeisv: 1110000000ffff00"
time="2026-08-16T17:53:37+08:00" level=info msg="[GNB][UE] Allowed Nssai-- Sst: [01 01] Sd: [010203 112233]"
time="2026-08-16T17:53:37+08:00" level=info msg="[GNB][NGAP][AMF] Send Initial Context Setup Response."
time="2026-08-16T17:53:37+08:00" level=info msg="[GNB] Initiating Initial Context Setup Response"
time="2026-08-16T17:53:37+08:00" level=info msg="[UE][NAS] Message with security header"
time="2026-08-16T17:53:37+08:00" level=info msg="[UE][NAS] Message with integrity and ciphered"
time="2026-08-16T17:53:37+08:00" level=info msg="[UE][NAS] successful NAS CIPHERING"
time="2026-08-16T17:53:37+08:00" level=info msg="[UE][NAS] successful NAS MAC verification"
time="2026-08-16T17:53:37+08:00" level=info msg="[UE][NAS] Receive Registration Accept"
time="2026-08-16T17:53:37+08:00" level=info msg="[GNB][NGAP] No PDU Session to set up in InitialContextSetupResponse."
time="2026-08-16T17:53:37+08:00" level=info msg="[UE][NAS] UE 5G GUTI: &{119 11 [242 2 248 57 202 254 0 0 0 2 14]}"
time="2026-08-16T17:53:37+08:00" level=info msg="[UE] Switched from state 2 to state 3"
time="2026-08-16T17:53:37+08:00" level=info msg="[GNB][SCTP] Receive message in 0 stream\n"
time="2026-08-16T17:53:37+08:00" level=info msg="[GNB][NGAP] Receive UE Context Release Command"
time="2026-08-16T17:53:37+08:00" level=warning msg="[GNB][NGAP] AMF is trying to free the context of an unknown UE with RANUEID 615, ignoring"
time="2026-08-16T17:53:37+08:00" level=info msg="[GNB][SCTP] Receive message in 0 stream\n"
time="2026-08-16T17:53:37+08:00" level=info msg="[GNB][NGAP] Receive Downlink NAS Transport"
time="2026-08-16T17:53:37+08:00" level=info msg="[UE][NAS] Message without security header"
time="2026-08-16T17:53:37+08:00" level=info msg="[UE][NAS] Receive Authentication Request"
time="2026-08-16T17:53:37+08:00" level=info msg="[UE][NAS][MAC] Authenticity of the authentication request message: OK"
time="2026-08-16T17:53:37+08:00" level=info msg="[UE][NAS][SQN] SQN of the authentication request message: VALID"
time="2026-08-16T17:53:37+08:00" level=info msg="[UE][NAS] Send authentication response"
time="2026-08-16T17:53:37+08:00" level=info msg="[UE] Switched from state 1 to state 2"
time="2026-08-16T17:53:37+08:00" level=info msg="[GNB][SCTP] Receive message in 0 stream\n"
time="2026-08-16T17:53:37+08:00" level=info msg="[GNB][NGAP] Receive Downlink NAS Transport"
time="2026-08-16T17:53:37+08:00" level=info msg="[UE][NAS] Message with security header"
time="2026-08-16T17:53:37+08:00" level=info msg="[UE][NAS] Message with integrity and with NEW 5G NAS SECURITY CONTEXT"
time="2026-08-16T17:53:37+08:00" level=info msg="[UE][NAS] successful NAS MAC verification"
time="2026-08-16T17:53:37+08:00" level=info msg="[UE][NAS] Receive Security Mode Command"
time="2026-08-16T17:53:37+08:00" level=info msg="[UE][NAS] Type of ciphering algorithm is 5G-EA0"
time="2026-08-16T17:53:37+08:00" level=info msg="[UE][NAS] Type of integrity protection algorithm is 128-5G-IA2"
time="2026-08-16T17:53:37+08:00" level=info msg="[GNB][SCTP] Receive message in 0 stream\n"
time="2026-08-16T17:53:37+08:00" level=info msg="[GNB][NGAP] Receive Initial Context Setup Request"
time="2026-08-16T17:53:37+08:00" level=info msg="[GNB][UE] UE Context was created with successful"
time="2026-08-16T17:53:37+08:00" level=info msg="[GNB][UE] UE RAN ID 1"
time="2026-08-16T17:53:37+08:00" level=info msg="[GNB][UE] UE AMF ID 800"
time="2026-08-16T17:53:37+08:00" level=info msg="[GNB][UE] UE Mobility Restrict --Plmn-- Mcc: 208 Mnc: 93"
time="2026-08-16T17:53:37+08:00" level=info msg="[GNB][UE] UE Masked Imeisv: 1110000000ffff00"
time="2026-08-16T17:53:37+08:00" level=info msg="[GNB][UE] Allowed Nssai-- Sst: [01 01] Sd: [010203 112233]"
time="2026-08-16T17:53:37+08:00" level=info msg="[GNB][NGAP][AMF] Send Initial Context Setup Response."
time="2026-08-16T17:53:37+08:00" level=info msg="[GNB] Initiating Initial Context Setup Response"
time="2026-08-16T17:53:37+08:00" level=info msg="[GNB][NGAP] No PDU Session to set up in InitialContextSetupResponse."
time="2026-08-16T17:53:37+08:00" level=info msg="[UE][NAS] Message with security header"
time="2026-08-16T17:53:37+08:00" level=info msg="[UE][NAS] Message with integrity and ciphered"
time="2026-08-16T17:53:37+08:00" level=info msg="[UE][NAS] successful NAS CIPHERING"
time="2026-08-16T17:53:37+08:00" level=info msg="[UE][NAS] successful NAS MAC verification"
time="2026-08-16T17:53:37+08:00" level=info msg="[UE][NAS] Receive Registration Accept"
time="2026-08-16T17:53:37+08:00" level=info msg="[UE][NAS] UE 5G GUTI: &{119 11 [242 2 248 57 202 254 0 0 0 2 3]}"
time="2026-08-16T17:53:37+08:00" level=info msg="[GNB][SCTP] Receive message in 0 stream\n"
time="2026-08-16T17:53:37+08:00" level=info msg="[UE] Switched from state 2 to state 3"
time="2026-08-16T17:53:37+08:00" level=info msg="[GNB][NGAP] Receive UE Context Release Command"
time="2026-08-16T17:53:37+08:00" level=warning msg="[GNB][NGAP] AMF is trying to free the context of an unknown UE with RANUEID 606, ignoring"
time="2026-08-16T17:53:37+08:00" level=info msg="[GNB][SCTP] Receive message in 0 stream\n"
time="2026-08-16T17:53:37+08:00" level=info msg="[GNB][NGAP] Receive Initial Context Setup Request"
time="2026-08-16T17:53:37+08:00" level=info msg="[GNB][UE] UE Context was created with successful"
time="2026-08-16T17:53:37+08:00" level=info msg="[GNB][UE] UE RAN ID 14"
time="2026-08-16T17:53:37+08:00" level=info msg="[GNB][UE] UE AMF ID 813"
time="2026-08-16T17:53:37+08:00" level=info msg="[GNB][UE] UE Mobility Restrict --Plmn-- Mcc: 208 Mnc: 93"
time="2026-08-16T17:53:37+08:00" level=info msg="[GNB][UE] UE Masked Imeisv: 1110000000ffff00"
time="2026-08-16T17:53:37+08:00" level=info msg="[GNB][UE] Allowed Nssai-- Sst: [01 01] Sd: [010203 112233]"
time="2026-08-16T17:53:37+08:00" level=info msg="[GNB][NGAP][AMF] Send Initial Context Setup Response."
time="2026-08-16T17:53:37+08:00" level=info msg="[GNB] Initiating Initial Context Setup Response"
time="2026-08-16T17:53:37+08:00" level=info msg="[GNB][NGAP] No PDU Session to set up in InitialContextSetupResponse."
time="2026-08-16T17:53:37+08:00" level=info msg="[UE][NAS] Message with security header"
time="2026-08-16T17:53:37+08:00" level=info msg="[UE][NAS] Message with integrity and ciphered"
time="2026-08-16T17:53:37+08:00" level=info msg="[UE][NAS] successful NAS CIPHERING"
time="2026-08-16T17:53:37+08:00" level=info msg="[UE][NAS] successful NAS MAC verification"
time="2026-08-16T17:53:37+08:00" level=info msg="[UE][NAS] Receive Registration Accept"
time="2026-08-16T17:53:37+08:00" level=info msg="[UE][NAS] UE 5G GUTI: &{119 11 [242 2 248 57 202 254 0 0 0 2 18]}"
time="2026-08-16T17:53:37+08:00" level=info msg="[UE] Switched from state 2 to state 3"
time="2026-08-16T17:53:37+08:00" level=info msg="[GNB][SCTP] Receive message in 0 stream\n"
time="2026-08-16T17:53:37+08:00" level=info msg="[GNB][SCTP] Receive message in 0 stream\n"
time="2026-08-16T17:53:37+08:00" level=info msg="[GNB][SCTP] Receive message in 0 stream\n"
time="2026-08-16T17:53:37+08:00" level=info msg="[GNB][NGAP] Receive UE Context Release Command"
time="2026-08-16T17:53:37+08:00" level=warning msg="[GNB][NGAP] AMF is trying to free the context of an unknown UE with RANUEID 608, ignoring"
time="2026-08-16T17:53:37+08:00" level=info msg="[GNB][NGAP] Receive UE Context Release Command"
time="2026-08-16T17:53:37+08:00" level=warning msg="[GNB][NGAP] AMF is trying to free the context of an unknown UE with RANUEID 616, ignoring"
time="2026-08-16T17:53:37+08:00" level=info msg="[GNB][NGAP] Receive Initial Context Setup Request"
time="2026-08-16T17:53:37+08:00" level=info msg="[GNB][UE] UE Context was created with successful"
time="2026-08-16T17:53:37+08:00" level=info msg="[GNB][UE] UE RAN ID 13"
time="2026-08-16T17:53:37+08:00" level=info msg="[GNB][UE] UE AMF ID 812"
time="2026-08-16T17:53:37+08:00" level=info msg="[GNB][UE] UE Mobility Restrict --Plmn-- Mcc: 208 Mnc: 93"
time="2026-08-16T17:53:37+08:00" level=info msg="[GNB][UE] UE Masked Imeisv: 1110000000ffff00"
time="2026-08-16T17:53:37+08:00" level=info msg="[GNB][UE] Allowed Nssai-- Sst: [01 01] Sd: [010203 112233]"
time="2026-08-16T17:53:37+08:00" level=info msg="[GNB][NGAP][AMF] Send Initial Context Setup Response."
time="2026-08-16T17:53:37+08:00" level=info msg="[GNB] Initiating Initial Context Setup Response"
time="2026-08-16T17:53:37+08:00" level=info msg="[GNB][NGAP] No PDU Session to set up in InitialContextSetupResponse."
time="2026-08-16T17:53:37+08:00" level=info msg="[UE][NAS] Message with security header"
time="2026-08-16T17:53:37+08:00" level=info msg="[UE][NAS] Message with integrity and ciphered"
time="2026-08-16T17:53:37+08:00" level=info msg="[UE][NAS] successful NAS CIPHERING"
time="2026-08-16T17:53:37+08:00" level=info msg="[UE][NAS] successful NAS MAC verification"
time="2026-08-16T17:53:37+08:00" level=info msg="[UE][NAS] Receive Registration Accept"
time="2026-08-16T17:53:37+08:00" level=info msg="[UE][NAS] UE 5G GUTI: &{119 11 [242 2 248 57 202 254 0 0 0 2 10]}"
time="2026-08-16T17:53:37+08:00" level=info msg="[UE] Switched from state 2 to state 3"
time="2026-08-16T17:53:37+08:00" level=info msg="[GNB][SCTP] Receive message in 0 stream\n"
time="2026-08-16T17:53:37+08:00" level=info msg="[GNB][NGAP] Receive Downlink NAS Transport"
time="2026-08-16T17:53:37+08:00" level=info msg="[UE][NAS] Message with security header"
time="2026-08-16T17:53:37+08:00" level=info msg="[UE][NAS] Message with integrity and with NEW 5G NAS SECURITY CONTEXT"
time="2026-08-16T17:53:37+08:00" level=info msg="[UE][NAS] successful NAS MAC verification"
time="2026-08-16T17:53:37+08:00" level=info msg="[UE][NAS] Receive Security Mode Command"
time="2026-08-16T17:53:37+08:00" level=info msg="[UE][NAS] Type of ciphering algorithm is 5G-EA0"
time="2026-08-16T17:53:37+08:00" level=info msg="[UE][NAS] Type of integrity protection algorithm is 128-5G-IA2"
time="2026-08-16T17:53:37+08:00" level=info msg="[GNB][SCTP] Receive message in 0 stream\n"
time="2026-08-16T17:53:37+08:00" level=info msg="[GNB][NGAP] Receive Downlink NAS Transport"
time="2026-08-16T17:53:37+08:00" level=info msg="[UE][NAS] Message without security header"
time="2026-08-16T17:53:37+08:00" level=info msg="[UE][NAS] Receive Authentication Request"
time="2026-08-16T17:53:37+08:00" level=info msg="[UE][NAS][MAC] Authenticity of the authentication request message: OK"
time="2026-08-16T17:53:37+08:00" level=info msg="[UE][NAS][SQN] SQN of the authentication request message: VALID"
time="2026-08-16T17:53:37+08:00" level=info msg="[UE][NAS] Send authentication response"
time="2026-08-16T17:53:37+08:00" level=info msg="[UE] Switched from state 2 to state 2"
time="2026-08-16T17:53:37+08:00" level=info msg="[GNB][SCTP] Receive message in 0 stream\n"
time="2026-08-16T17:53:37+08:00" level=info msg="[GNB][SCTP] Receive message in 0 stream\n"
time="2026-08-16T17:53:37+08:00" level=info msg="[GNB][NGAP] Receive Downlink NAS Transport"
time="2026-08-16T17:53:37+08:00" level=info msg="[UE][NAS] Message with security header"
time="2026-08-16T17:53:37+08:00" level=info msg="[UE][NAS] Message with integrity and with NEW 5G NAS SECURITY CONTEXT"
time="2026-08-16T17:53:37+08:00" level=info msg="[UE][NAS] successful NAS MAC verification"
time="2026-08-16T17:53:37+08:00" level=info msg="[UE][NAS] Receive Security Mode Command"
time="2026-08-16T17:53:37+08:00" level=info msg="[UE][NAS] Type of ciphering algorithm is 5G-EA0"
time="2026-08-16T17:53:37+08:00" level=info msg="[UE][NAS] Type of integrity protection algorithm is 128-5G-IA2"
time="2026-08-16T17:53:37+08:00" level=info msg="[GNB][NGAP] Receive UE Context Release Command"
time="2026-08-16T17:53:37+08:00" level=warning msg="[GNB][NGAP] AMF is trying to free the context of an unknown UE with RANUEID 609, ignoring"
time="2026-08-16T17:53:37+08:00" level=info msg="[GNB][SCTP] Receive message in 0 stream\n"
time="2026-08-16T17:53:37+08:00" level=info msg="[GNB][NGAP] Receive Downlink NAS Transport"
time="2026-08-16T17:53:37+08:00" level=info msg="[UE][NAS] Message without security header"
time="2026-08-16T17:53:37+08:00" level=info msg="[UE][NAS] Receive Authentication Request"
time="2026-08-16T17:53:37+08:00" level=info msg="[UE][NAS][MAC] Authenticity of the authentication request message: OK"
time="2026-08-16T17:53:37+08:00" level=info msg="[UE][NAS][SQN] SQN of the authentication request message: VALID"
time="2026-08-16T17:53:37+08:00" level=info msg="[UE][NAS] Send authentication response"
time="2026-08-16T17:53:37+08:00" level=info msg="[UE] Switched from state 1 to state 2"
time="2026-08-16T17:53:37+08:00" level=info msg="[GNB][SCTP] Receive message in 0 stream\n"
time="2026-08-16T17:53:37+08:00" level=info msg="[GNB][NGAP] Receive Initial Context Setup Request"
time="2026-08-16T17:53:37+08:00" level=info msg="[GNB][UE] UE Context was created with successful"
time="2026-08-16T17:53:37+08:00" level=info msg="[GNB][UE] UE RAN ID 7"
time="2026-08-16T17:53:37+08:00" level=info msg="[GNB][UE] UE AMF ID 806"
time="2026-08-16T17:53:37+08:00" level=info msg="[GNB][UE] UE Mobility Restrict --Plmn-- Mcc: 208 Mnc: 93"
time="2026-08-16T17:53:37+08:00" level=info msg="[GNB][UE] UE Masked Imeisv: 1110000000ffff00"
time="2026-08-16T17:53:37+08:00" level=info msg="[GNB][UE] Allowed Nssai-- Sst: [01 01] Sd: [010203 112233]"
time="2026-08-16T17:53:37+08:00" level=info msg="[GNB][NGAP][AMF] Send Initial Context Setup Response."
time="2026-08-16T17:53:37+08:00" level=info msg="[GNB] Initiating Initial Context Setup Response"
time="2026-08-16T17:53:37+08:00" level=info msg="[GNB][NGAP] No PDU Session to set up in InitialContextSetupResponse."
time="2026-08-16T17:53:37+08:00" level=info msg="[UE][NAS] Message with security header"
time="2026-08-16T17:53:37+08:00" level=info msg="[UE][NAS] Message with integrity and ciphered"
time="2026-08-16T17:53:37+08:00" level=info msg="[UE][NAS] successful NAS CIPHERING"
time="2026-08-16T17:53:37+08:00" level=info msg="[UE][NAS] successful NAS MAC verification"
time="2026-08-16T17:53:37+08:00" level=info msg="[UE][NAS] Receive Registration Accept"
time="2026-08-16T17:53:37+08:00" level=info msg="[UE][NAS] UE 5G GUTI: &{119 11 [242 2 248 57 202 254 0 0 0 2 9]}"
time="2026-08-16T17:53:37+08:00" level=info msg="[UE] Switched from state 2 to state 3"
time="2026-08-16T17:53:37+08:00" level=info msg="[GNB][SCTP] Receive message in 0 stream\n"
time="2026-08-16T17:53:37+08:00" level=info msg="[GNB][NGAP] Receive UE Context Release Command"
time="2026-08-16T17:53:37+08:00" level=warning msg="[GNB][NGAP] AMF is trying to free the context of an unknown UE with RANUEID 611, ignoring"
time="2026-08-16T17:53:37+08:00" level=info msg="[GNB][SCTP] Receive message in 0 stream\n"
time="2026-08-16T17:53:37+08:00" level=info msg="[GNB][NGAP] Receive Initial Context Setup Request"
time="2026-08-16T17:53:37+08:00" level=info msg="[GNB][UE] UE Context was created with successful"
time="2026-08-16T17:53:37+08:00" level=info msg="[GNB][UE] UE RAN ID 16"
time="2026-08-16T17:53:37+08:00" level=info msg="[GNB][UE] UE AMF ID 815"
time="2026-08-16T17:53:37+08:00" level=info msg="[GNB][UE] UE Mobility Restrict --Plmn-- Mcc: 208 Mnc: 93"
time="2026-08-16T17:53:37+08:00" level=info msg="[GNB][UE] UE Masked Imeisv: 1110000000ffff00"
time="2026-08-16T17:53:37+08:00" level=info msg="[GNB][UE] Allowed Nssai-- Sst: [01 01] Sd: [010203 112233]"
time="2026-08-16T17:53:37+08:00" level=info msg="[GNB][NGAP][AMF] Send Initial Context Setup Response."
time="2026-08-16T17:53:37+08:00" level=info msg="[GNB] Initiating Initial Context Setup Response"
time="2026-08-16T17:53:37+08:00" level=info msg="[GNB][NGAP] No PDU Session to set up in InitialContextSetupResponse."
time="2026-08-16T17:53:37+08:00" level=info msg="[UE][NAS] Message with security header"
time="2026-08-16T17:53:37+08:00" level=info msg="[UE][NAS] Message with integrity and ciphered"
time="2026-08-16T17:53:37+08:00" level=info msg="[UE][NAS] successful NAS CIPHERING"
time="2026-08-16T17:53:37+08:00" level=info msg="[GNB][SCTP] Receive message in 0 stream\n"
time="2026-08-16T17:53:37+08:00" level=info msg="[UE][NAS] successful NAS MAC verification"
time="2026-08-16T17:53:37+08:00" level=info msg="[UE][NAS] Receive Registration Accept"
time="2026-08-16T17:53:37+08:00" level=info msg="[UE][NAS] UE 5G GUTI: &{119 11 [242 2 248 57 202 254 0 0 0 2 20]}"
time="2026-08-16T17:53:37+08:00" level=info msg="[UE] Switched from state 2 to state 3"
time="2026-08-16T17:53:37+08:00" level=info msg="[GNB][NGAP] Receive UE Context Release Command"
time="2026-08-16T17:53:37+08:00" level=warning msg="[GNB][NGAP] AMF is trying to free the context of an unknown UE with RANUEID 623, ignoring"
time="2026-08-16T17:53:37+08:00" level=info msg="[GNB][SCTP] Receive message in 0 stream\n"
time="2026-08-16T17:53:37+08:00" level=info msg="[GNB][NGAP] Receive Downlink NAS Transport"
time="2026-08-16T17:53:37+08:00" level=info msg="[UE][NAS] Message with security header"
time="2026-08-16T17:53:37+08:00" level=info msg="[UE][NAS] Message with integrity and with NEW 5G NAS SECURITY CONTEXT"
time="2026-08-16T17:53:37+08:00" level=info msg="[UE][NAS] successful NAS MAC verification"
time="2026-08-16T17:53:37+08:00" level=info msg="[UE][NAS] Receive Security Mode Command"
time="2026-08-16T17:53:37+08:00" level=info msg="[UE][NAS] Type of ciphering algorithm is 5G-EA0"
time="2026-08-16T17:53:37+08:00" level=info msg="[UE][NAS] Type of integrity protection algorithm is 128-5G-IA2"
time="2026-08-16T17:53:37+08:00" level=info msg="[GNB][SCTP] Receive message in 0 stream\n"
time="2026-08-16T17:53:37+08:00" level=info msg="[GNB][NGAP] Receive Initial Context Setup Request"
time="2026-08-16T17:53:37+08:00" level=info msg="[GNB][UE] UE Context was created with successful"
time="2026-08-16T17:53:37+08:00" level=info msg="[GNB][UE] UE RAN ID 9"
time="2026-08-16T17:53:37+08:00" level=info msg="[GNB][UE] UE AMF ID 808"
time="2026-08-16T17:53:37+08:00" level=info msg="[GNB][UE] UE Mobility Restrict --Plmn-- Mcc: 208 Mnc: 93"
time="2026-08-16T17:53:37+08:00" level=info msg="[GNB][UE] UE Masked Imeisv: 1110000000ffff00"
time="2026-08-16T17:53:37+08:00" level=info msg="[GNB][UE] Allowed Nssai-- Sst: [01 01] Sd: [010203 112233]"
time="2026-08-16T17:53:37+08:00" level=info msg="[GNB][NGAP][AMF] Send Initial Context Setup Response."
time="2026-08-16T17:53:37+08:00" level=info msg="[GNB] Initiating Initial Context Setup Response"
time="2026-08-16T17:53:37+08:00" level=info msg="[GNB][NGAP] No PDU Session to set up in InitialContextSetupResponse."
time="2026-08-16T17:53:37+08:00" level=info msg="[UE][NAS] Message with security header"
time="2026-08-16T17:53:37+08:00" level=info msg="[UE][NAS] Message with integrity and ciphered"
time="2026-08-16T17:53:37+08:00" level=info msg="[UE][NAS] successful NAS CIPHERING"
time="2026-08-16T17:53:37+08:00" level=info msg="[UE][NAS] successful NAS MAC verification"
time="2026-08-16T17:53:37+08:00" level=info msg="[UE][NAS] Receive Registration Accept"
time="2026-08-16T17:53:37+08:00" level=info msg="[UE][NAS] UE 5G GUTI: &{119 11 [242 2 248 57 202 254 0 0 0 2 11]}"
time="2026-08-16T17:53:37+08:00" level=info msg="[UE] Switched from state 2 to state 3"
time="2026-08-16T17:53:37+08:00" level=info msg="[GNB][SCTP] Receive message in 0 stream\n"
time="2026-08-16T17:53:37+08:00" level=info msg="[GNB][NGAP] Receive UE Context Release Command"
time="2026-08-16T17:53:37+08:00" level=warning msg="[GNB][NGAP] AMF is trying to free the context of an unknown UE with RANUEID 629, ignoring"
time="2026-08-16T17:53:37+08:00" level=info msg="[GNB][SCTP] Receive message in 0 stream\n"
time="2026-08-16T17:53:37+08:00" level=info msg="[GNB][NGAP] Receive Downlink NAS Transport"
time="2026-08-16T17:53:37+08:00" level=info msg="[UE][NAS] Message with security header"
time="2026-08-16T17:53:37+08:00" level=info msg="[UE][NAS] Message with integrity and with NEW 5G NAS SECURITY CONTEXT"
time="2026-08-16T17:53:37+08:00" level=info msg="[UE][NAS] successful NAS MAC verification"
time="2026-08-16T17:53:37+08:00" level=info msg="[UE][NAS] Receive Security Mode Command"
time="2026-08-16T17:53:37+08:00" level=info msg="[UE][NAS] Type of ciphering algorithm is 5G-EA0"
time="2026-08-16T17:53:37+08:00" level=info msg="[UE][NAS] Type of integrity protection algorithm is 128-5G-IA2"
time="2026-08-16T17:53:37+08:00" level=info msg="[GNB][SCTP] Receive message in 0 stream\n"
time="2026-08-16T17:53:37+08:00" level=info msg="[GNB][NGAP] Receive Downlink NAS Transport"
time="2026-08-16T17:53:37+08:00" level=info msg="[UE][NAS] Message with security header"
time="2026-08-16T17:53:37+08:00" level=info msg="[UE][NAS] Message with integrity and with NEW 5G NAS SECURITY CONTEXT"
time="2026-08-16T17:53:37+08:00" level=info msg="[UE][NAS] successful NAS MAC verification"
time="2026-08-16T17:53:37+08:00" level=info msg="[UE][NAS] Receive Security Mode Command"
time="2026-08-16T17:53:37+08:00" level=info msg="[UE][NAS] Type of ciphering algorithm is 5G-EA0"
time="2026-08-16T17:53:37+08:00" level=info msg="[UE][NAS] Type of integrity protection algorithm is 128-5G-IA2"
time="2026-08-16T17:53:37+08:00" level=info msg="[GNB][SCTP] Receive message in 0 stream\n"
time="2026-08-16T17:53:37+08:00" level=info msg="[GNB][NGAP] Receive Initial Context Setup Request"
time="2026-08-16T17:53:37+08:00" level=info msg="[GNB][UE] UE Context was created with successful"
time="2026-08-16T17:53:37+08:00" level=info msg="[GNB][UE] UE RAN ID 10"
time="2026-08-16T17:53:37+08:00" level=info msg="[GNB][UE] UE AMF ID 809"
time="2026-08-16T17:53:37+08:00" level=info msg="[GNB][UE] UE Mobility Restrict --Plmn-- Mcc: 208 Mnc: 93"
time="2026-08-16T17:53:37+08:00" level=info msg="[GNB][UE] UE Masked Imeisv: 1110000000ffff00"
time="2026-08-16T17:53:37+08:00" level=info msg="[GNB][UE] Allowed Nssai-- Sst: [01 01] Sd: [010203 112233]"
time="2026-08-16T17:53:37+08:00" level=info msg="[GNB][NGAP][AMF] Send Initial Context Setup Response."
time="2026-08-16T17:53:37+08:00" level=info msg="[GNB] Initiating Initial Context Setup Response"
time="2026-08-16T17:53:37+08:00" level=info msg="[GNB][NGAP] No PDU Session to set up in InitialContextSetupResponse."
time="2026-08-16T17:53:37+08:00" level=info msg="[UE][NAS] Message with security header"
time="2026-08-16T17:53:37+08:00" level=info msg="[UE][NAS] Message with integrity and ciphered"
time="2026-08-16T17:53:37+08:00" level=info msg="[UE][NAS] successful NAS CIPHERING"
time="2026-08-16T17:53:37+08:00" level=info msg="[UE][NAS] successful NAS MAC verification"
time="2026-08-16T17:53:37+08:00" level=info msg="[UE][NAS] Receive Registration Accept"
time="2026-08-16T17:53:37+08:00" level=info msg="[UE][NAS] UE 5G GUTI: &{119 11 [242 2 248 57 202 254 0 0 0 2 13]}"
time="2026-08-16T17:53:37+08:00" level=info msg="[UE] Switched from state 2 to state 3"
time="2026-08-16T17:53:37+08:00" level=info msg="[GNB][SCTP] Receive message in 0 stream\n"
time="2026-08-16T17:53:37+08:00" level=info msg="[GNB][NGAP] Receive UE Context Release Command"
time="2026-08-16T17:53:37+08:00" level=warning msg="[GNB][NGAP] AMF is trying to free the context of an unknown UE with RANUEID 617, ignoring"
time="2026-08-16T17:53:37+08:00" level=info msg="[GNB][SCTP] Receive message in 0 stream\n"
time="2026-08-16T17:53:37+08:00" level=info msg="[GNB][NGAP] Receive Initial Context Setup Request"
time="2026-08-16T17:53:37+08:00" level=info msg="[GNB][UE] UE Context was created with successful"
time="2026-08-16T17:53:37+08:00" level=info msg="[GNB][UE] UE RAN ID 30"
time="2026-08-16T17:53:37+08:00" level=info msg="[GNB][UE] UE AMF ID 829"
time="2026-08-16T17:53:37+08:00" level=info msg="[GNB][UE] UE Mobility Restrict --Plmn-- Mcc: 208 Mnc: 93"
time="2026-08-16T17:53:37+08:00" level=info msg="[GNB][UE] UE Masked Imeisv: 1110000000ffff00"
time="2026-08-16T17:53:37+08:00" level=info msg="[GNB][UE] Allowed Nssai-- Sst: [01 01] Sd: [010203 112233]"
time="2026-08-16T17:53:37+08:00" level=info msg="[GNB][NGAP][AMF] Send Initial Context Setup Response."
time="2026-08-16T17:53:37+08:00" level=info msg="[GNB] Initiating Initial Context Setup Response"
time="2026-08-16T17:53:37+08:00" level=info msg="[GNB][NGAP] No PDU Session to set up in InitialContextSetupResponse."
time="2026-08-16T17:53:37+08:00" level=info msg="[UE][NAS] Message with security header"
time="2026-08-16T17:53:37+08:00" level=info msg="[UE][NAS] Message with integrity and ciphered"
time="2026-08-16T17:53:37+08:00" level=info msg="[UE][NAS] successful NAS CIPHERING"
time="2026-08-16T17:53:37+08:00" level=info msg="[UE][NAS] successful NAS MAC verification"
time="2026-08-16T17:53:37+08:00" level=info msg="[UE][NAS] Receive Registration Accept"
time="2026-08-16T17:53:37+08:00" level=info msg="[UE][NAS] UE 5G GUTI: &{119 11 [242 2 248 57 202 254 0 0 0 2 30]}"
time="2026-08-16T17:53:37+08:00" level=info msg="[UE] Switched from state 2 to state 3"
time="2026-08-16T17:53:37+08:00" level=info msg="[GNB][SCTP] Receive message in 0 stream\n"
time="2026-08-16T17:53:37+08:00" level=info msg="[GNB][NGAP] Receive UE Context Release Command"
time="2026-08-16T17:53:37+08:00" level=warning msg="[GNB][NGAP] AMF is trying to free the context of an unknown UE with RANUEID 648, ignoring"
time="2026-08-16T17:53:37+08:00" level=info msg="[GNB][SCTP] Receive message in 0 stream\n"
time="2026-08-16T17:53:37+08:00" level=info msg="[GNB][NGAP] Receive Downlink NAS Transport"
time="2026-08-16T17:53:37+08:00" level=info msg="[UE][NAS] Message with security header"
time="2026-08-16T17:53:37+08:00" level=info msg="[UE][NAS] Message with integrity and with NEW 5G NAS SECURITY CONTEXT"
time="2026-08-16T17:53:37+08:00" level=info msg="[UE][NAS] successful NAS MAC verification"
time="2026-08-16T17:53:37+08:00" level=info msg="[UE][NAS] Receive Security Mode Command"
time="2026-08-16T17:53:37+08:00" level=info msg="[UE][NAS] Type of ciphering algorithm is 5G-EA0"
time="2026-08-16T17:53:37+08:00" level=info msg="[UE][NAS] Type of integrity protection algorithm is 128-5G-IA2"
time="2026-08-16T17:53:37+08:00" level=info msg="[GNB][SCTP] Receive message in 0 stream\n"
time="2026-08-16T17:53:37+08:00" level=info msg="[GNB][NGAP] Receive Initial Context Setup Request"
time="2026-08-16T17:53:37+08:00" level=info msg="[GNB][UE] UE Context was created with successful"
time="2026-08-16T17:53:37+08:00" level=info msg="[GNB][UE] UE RAN ID 24"
time="2026-08-16T17:53:37+08:00" level=info msg="[GNB][UE] UE AMF ID 823"
time="2026-08-16T17:53:37+08:00" level=info msg="[GNB][UE] UE Mobility Restrict --Plmn-- Mcc: 208 Mnc: 93"
time="2026-08-16T17:53:37+08:00" level=info msg="[GNB][UE] UE Masked Imeisv: 1110000000ffff00"
time="2026-08-16T17:53:37+08:00" level=info msg="[GNB][UE] Allowed Nssai-- Sst: [01 01] Sd: [010203 112233]"
time="2026-08-16T17:53:37+08:00" level=info msg="[GNB][NGAP][AMF] Send Initial Context Setup Response."
time="2026-08-16T17:53:37+08:00" level=info msg="[GNB] Initiating Initial Context Setup Response"
time="2026-08-16T17:53:37+08:00" level=info msg="[GNB][NGAP] No PDU Session to set up in InitialContextSetupResponse."
time="2026-08-16T17:53:37+08:00" level=info msg="[UE][NAS] Message with security header"
time="2026-08-16T17:53:37+08:00" level=info msg="[UE][NAS] Message with integrity and ciphered"
time="2026-08-16T17:53:37+08:00" level=info msg="[UE][NAS] successful NAS CIPHERING"
time="2026-08-16T17:53:37+08:00" level=info msg="[UE][NAS] successful NAS MAC verification"
time="2026-08-16T17:53:37+08:00" level=info msg="[UE][NAS] Receive Registration Accept"
time="2026-08-16T17:53:37+08:00" level=info msg="[UE][NAS] UE 5G GUTI: &{119 11 [242 2 248 57 202 254 0 0 0 2 26]}"
time="2026-08-16T17:53:37+08:00" level=info msg="[UE] Switched from state 2 to state 3"
time="2026-08-16T17:53:37+08:00" level=info msg="[GNB][SCTP] Receive message in 0 stream\n"
time="2026-08-16T17:53:37+08:00" level=info msg="[GNB][NGAP] Receive UE Context Release Command"
time="2026-08-16T17:53:37+08:00" level=warning msg="[GNB][NGAP] AMF is trying to free the context of an unknown UE with RANUEID 642, ignoring"
time="2026-08-16T17:53:37+08:00" level=info msg="[GNB][SCTP] Receive message in 0 stream\n"
time="2026-08-16T17:53:37+08:00" level=info msg="[GNB][NGAP] Receive Initial Context Setup Request"
time="2026-08-16T17:53:37+08:00" level=info msg="[GNB][UE] UE Context was created with successful"
time="2026-08-16T17:53:37+08:00" level=info msg="[GNB][UE] UE RAN ID 12"
time="2026-08-16T17:53:37+08:00" level=info msg="[GNB][UE] UE AMF ID 811"
time="2026-08-16T17:53:37+08:00" level=info msg="[GNB][UE] UE Mobility Restrict --Plmn-- Mcc: 208 Mnc: 93"
time="2026-08-16T17:53:37+08:00" level=info msg="[GNB][UE] UE Masked Imeisv: 1110000000ffff00"
time="2026-08-16T17:53:37+08:00" level=info msg="[GNB][UE] Allowed Nssai-- Sst: [01 01] Sd: [010203 112233]"
time="2026-08-16T17:53:37+08:00" level=info msg="[GNB][NGAP][AMF] Send Initial Context Setup Response."
time="2026-08-16T17:53:37+08:00" level=info msg="[GNB] Initiating Initial Context Setup Response"
time="2026-08-16T17:53:37+08:00" level=info msg="[GNB][NGAP] No PDU Session to set up in InitialContextSetupResponse."
time="2026-08-16T17:53:37+08:00" level=info msg="[UE][NAS] Message with security header"
time="2026-08-16T17:53:37+08:00" level=info msg="[UE][NAS] Message with integrity and ciphered"
time="2026-08-16T17:53:37+08:00" level=info msg="[UE][NAS] successful NAS CIPHERING"
time="2026-08-16T17:53:37+08:00" level=info msg="[UE][NAS] successful NAS MAC verification"
time="2026-08-16T17:53:37+08:00" level=info msg="[UE][NAS] Receive Registration Accept"
time="2026-08-16T17:53:37+08:00" level=info msg="[UE][NAS] UE 5G GUTI: &{119 11 [242 2 248 57 202 254 0 0 0 2 15]}"
time="2026-08-16T17:53:37+08:00" level=info msg="[UE] Switched from state 2 to state 3"
time="2026-08-16T17:53:37+08:00" level=info msg="[GNB][SCTP] Receive message in 0 stream\n"
time="2026-08-16T17:53:37+08:00" level=info msg="[GNB][NGAP] Receive UE Context Release Command"
time="2026-08-16T17:53:37+08:00" level=warning msg="[GNB][NGAP] AMF is trying to free the context of an unknown UE with RANUEID 624, ignoring"
time="2026-08-16T17:53:37+08:00" level=info msg="[GNB][SCTP] Receive message in 0 stream\n"
time="2026-08-16T17:53:37+08:00" level=info msg="[GNB][NGAP] Receive Downlink NAS Transport"
time="2026-08-16T17:53:37+08:00" level=info msg="[UE][NAS] Message with security header"
time="2026-08-16T17:53:37+08:00" level=info msg="[UE][NAS] Message with integrity and with NEW 5G NAS SECURITY CONTEXT"
time="2026-08-16T17:53:37+08:00" level=info msg="[UE][NAS] successful NAS MAC verification"
time="2026-08-16T17:53:37+08:00" level=info msg="[UE][NAS] Receive Security Mode Command"
time="2026-08-16T17:53:37+08:00" level=info msg="[UE][NAS] Type of ciphering algorithm is 5G-EA0"
time="2026-08-16T17:53:37+08:00" level=info msg="[UE][NAS] Type of integrity protection algorithm is 128-5G-IA2"
time="2026-08-16T17:53:37+08:00" level=info msg="[GNB][SCTP] Receive message in 0 stream\n"
time="2026-08-16T17:53:37+08:00" level=info msg="[GNB][NGAP] Receive Downlink NAS Transport"
time="2026-08-16T17:53:37+08:00" level=info msg="[UE][NAS] Message with security header"
time="2026-08-16T17:53:37+08:00" level=info msg="[UE][NAS] Message with integrity and with NEW 5G NAS SECURITY CONTEXT"
time="2026-08-16T17:53:37+08:00" level=info msg="[UE][NAS] successful NAS MAC verification"
time="2026-08-16T17:53:37+08:00" level=info msg="[UE][NAS] Receive Security Mode Command"
time="2026-08-16T17:53:37+08:00" level=info msg="[UE][NAS] Type of ciphering algorithm is 5G-EA0"
time="2026-08-16T17:53:37+08:00" level=info msg="[UE][NAS] Type of integrity protection algorithm is 128-5G-IA2"
time="2026-08-16T17:53:38+08:00" level=info msg="[GNB][SCTP] Receive message in 0 stream\n"
time="2026-08-16T17:53:38+08:00" level=info msg="[GNB][NGAP] Receive Downlink NAS Transport"
time="2026-08-16T17:53:38+08:00" level=info msg="[UE][NAS] Message with security header"
time="2026-08-16T17:53:38+08:00" level=info msg="[UE][NAS] Message with integrity and with NEW 5G NAS SECURITY CONTEXT"
time="2026-08-16T17:53:38+08:00" level=info msg="[UE][NAS] successful NAS MAC verification"
time="2026-08-16T17:53:38+08:00" level=info msg="[UE][NAS] Receive Security Mode Command"
time="2026-08-16T17:53:38+08:00" level=info msg="[UE][NAS] Type of ciphering algorithm is 5G-EA0"
time="2026-08-16T17:53:38+08:00" level=info msg="[UE][NAS] Type of integrity protection algorithm is 128-5G-IA2"
time="2026-08-16T17:53:38+08:00" level=info msg="[GNB][SCTP] Receive message in 0 stream\n"
time="2026-08-16T17:53:38+08:00" level=info msg="[GNB][NGAP] Receive Downlink NAS Transport"
time="2026-08-16T17:53:38+08:00" level=info msg="[UE][NAS] Message with security header"
time="2026-08-16T17:53:38+08:00" level=info msg="[UE][NAS] Message with integrity and with NEW 5G NAS SECURITY CONTEXT"
time="2026-08-16T17:53:38+08:00" level=info msg="[UE][NAS] successful NAS MAC verification"
time="2026-08-16T17:53:38+08:00" level=info msg="[UE][NAS] Receive Security Mode Command"
time="2026-08-16T17:53:38+08:00" level=info msg="[UE][NAS] Type of ciphering algorithm is 5G-EA0"
time="2026-08-16T17:53:38+08:00" level=info msg="[UE][NAS] Type of integrity protection algorithm is 128-5G-IA2"
time="2026-08-16T17:53:38+08:00" level=info msg="[GNB][SCTP] Receive message in 0 stream\n"
time="2026-08-16T17:53:38+08:00" level=info msg="[GNB][NGAP] Receive Downlink NAS Transport"
time="2026-08-16T17:53:38+08:00" level=info msg="[UE][NAS] Message with security header"
time="2026-08-16T17:53:38+08:00" level=info msg="[UE][NAS] Message with integrity and with NEW 5G NAS SECURITY CONTEXT"
time="2026-08-16T17:53:38+08:00" level=info msg="[UE][NAS] successful NAS MAC verification"
time="2026-08-16T17:53:38+08:00" level=info msg="[UE][NAS] Receive Security Mode Command"
time="2026-08-16T17:53:38+08:00" level=info msg="[UE][NAS] Type of ciphering algorithm is 5G-EA0"
time="2026-08-16T17:53:38+08:00" level=info msg="[UE][NAS] Type of integrity protection algorithm is 128-5G-IA2"
time="2026-08-16T17:53:38+08:00" level=info msg="[GNB][SCTP] Receive message in 0 stream\n"
time="2026-08-16T17:53:38+08:00" level=info msg="[GNB][NGAP] Receive Initial Context Setup Request"
time="2026-08-16T17:53:38+08:00" level=info msg="[GNB][UE] UE Context was created with successful"
time="2026-08-16T17:53:38+08:00" level=info msg="[GNB][UE] UE RAN ID 18"
time="2026-08-16T17:53:38+08:00" level=info msg="[GNB][UE] UE AMF ID 817"
time="2026-08-16T17:53:38+08:00" level=info msg="[GNB][UE] UE Mobility Restrict --Plmn-- Mcc: 208 Mnc: 93"
time="2026-08-16T17:53:38+08:00" level=info msg="[GNB][UE] UE Masked Imeisv: 1110000000ffff00"
time="2026-08-16T17:53:38+08:00" level=info msg="[GNB][UE] Allowed Nssai-- Sst: [01 01] Sd: [010203 112233]"
time="2026-08-16T17:53:38+08:00" level=info msg="[GNB][NGAP][AMF] Send Initial Context Setup Response."
time="2026-08-16T17:53:38+08:00" level=info msg="[GNB] Initiating Initial Context Setup Response"
time="2026-08-16T17:53:38+08:00" level=info msg="[GNB][NGAP] No PDU Session to set up in InitialContextSetupResponse."
time="2026-08-16T17:53:38+08:00" level=info msg="[UE][NAS] Message with security header"
time="2026-08-16T17:53:38+08:00" level=info msg="[UE][NAS] Message with integrity and ciphered"
time="2026-08-16T17:53:38+08:00" level=info msg="[UE][NAS] successful NAS CIPHERING"
time="2026-08-16T17:53:38+08:00" level=info msg="[UE][NAS] successful NAS MAC verification"
time="2026-08-16T17:53:38+08:00" level=info msg="[UE][NAS] Receive Registration Accept"
time="2026-08-16T17:53:38+08:00" level=info msg="[UE][NAS] UE 5G GUTI: &{119 11 [242 2 248 57 202 254 0 0 0 2 19]}"
time="2026-08-16T17:53:38+08:00" level=info msg="[UE] Switched from state 2 to state 3"
time="2026-08-16T17:53:38+08:00" level=info msg="[GNB][SCTP] Receive message in 0 stream\n"
time="2026-08-16T17:53:38+08:00" level=info msg="[GNB][NGAP] Receive UE Context Release Command"
time="2026-08-16T17:53:38+08:00" level=warning msg="[GNB][NGAP] AMF is trying to free the context of an unknown UE with RANUEID 636, ignoring"
time="2026-08-16T17:53:38+08:00" level=info msg="[GNB][SCTP] Receive message in 0 stream\n"
time="2026-08-16T17:53:38+08:00" level=info msg="[GNB][NGAP] Receive Downlink NAS Transport"
time="2026-08-16T17:53:38+08:00" level=info msg="[UE][NAS] Message with security header"
time="2026-08-16T17:53:38+08:00" level=info msg="[UE][NAS] Message with integrity and with NEW 5G NAS SECURITY CONTEXT"
time="2026-08-16T17:53:38+08:00" level=info msg="[UE][NAS] successful NAS MAC verification"
time="2026-08-16T17:53:38+08:00" level=info msg="[UE][NAS] Receive Security Mode Command"
time="2026-08-16T17:53:38+08:00" level=info msg="[UE][NAS] Type of ciphering algorithm is 5G-EA0"
time="2026-08-16T17:53:38+08:00" level=info msg="[UE][NAS] Type of integrity protection algorithm is 128-5G-IA2"
time="2026-08-16T17:53:38+08:00" level=info msg="[GNB][SCTP] Receive message in 0 stream\n"
time="2026-08-16T17:53:38+08:00" level=info msg="[GNB][NGAP] Receive Initial Context Setup Request"
time="2026-08-16T17:53:38+08:00" level=info msg="[GNB][UE] UE Context was created with successful"
time="2026-08-16T17:53:38+08:00" level=info msg="[GNB][UE] UE RAN ID 49"
time="2026-08-16T17:53:38+08:00" level=info msg="[GNB][UE] UE AMF ID 848"
time="2026-08-16T17:53:38+08:00" level=info msg="[GNB][UE] UE Mobility Restrict --Plmn-- Mcc: 208 Mnc: 93"
time="2026-08-16T17:53:38+08:00" level=info msg="[GNB][UE] UE Masked Imeisv: 1110000000ffff00"
time="2026-08-16T17:53:38+08:00" level=info msg="[GNB][UE] Allowed Nssai-- Sst: [01 01] Sd: [010203 112233]"
time="2026-08-16T17:53:38+08:00" level=info msg="[GNB][NGAP][AMF] Send Initial Context Setup Response."
time="2026-08-16T17:53:38+08:00" level=info msg="[GNB] Initiating Initial Context Setup Response"
time="2026-08-16T17:53:38+08:00" level=info msg="[GNB][NGAP] No PDU Session to set up in InitialContextSetupResponse."
time="2026-08-16T17:53:38+08:00" level=info msg="[UE][NAS] Message with security header"
time="2026-08-16T17:53:38+08:00" level=info msg="[UE][NAS] Message with integrity and ciphered"
time="2026-08-16T17:53:38+08:00" level=info msg="[UE][NAS] successful NAS CIPHERING"
time="2026-08-16T17:53:38+08:00" level=info msg="[UE][NAS] successful NAS MAC verification"
time="2026-08-16T17:53:38+08:00" level=info msg="[UE][NAS] Receive Registration Accept"
time="2026-08-16T17:53:38+08:00" level=info msg="[UE][NAS] UE 5G GUTI: &{119 11 [242 2 248 57 202 254 0 0 0 2 36]}"
time="2026-08-16T17:53:38+08:00" level=info msg="[UE] Switched from state 2 to state 3"
time="2026-08-16T17:53:38+08:00" level=info msg="[GNB][SCTP] Receive message in 0 stream\n"
time="2026-08-16T17:53:38+08:00" level=info msg="[GNB][NGAP] Receive Downlink NAS Transport"
time="2026-08-16T17:53:38+08:00" level=info msg="[UE][NAS] Message with security header"
time="2026-08-16T17:53:38+08:00" level=info msg="[UE][NAS] Message with integrity and with NEW 5G NAS SECURITY CONTEXT"
time="2026-08-16T17:53:38+08:00" level=info msg="[UE][NAS] successful NAS MAC verification"
time="2026-08-16T17:53:38+08:00" level=info msg="[UE][NAS] Receive Security Mode Command"
time="2026-08-16T17:53:38+08:00" level=info msg="[UE][NAS] Type of ciphering algorithm is 5G-EA0"
time="2026-08-16T17:53:38+08:00" level=info msg="[UE][NAS] Type of integrity protection algorithm is 128-5G-IA2"
time="2026-08-16T17:53:38+08:00" level=info msg="[GNB][SCTP] Receive message in 0 stream\n"
time="2026-08-16T17:53:38+08:00" level=info msg="[GNB][SCTP] Receive message in 0 stream\n"
time="2026-08-16T17:53:38+08:00" level=info msg="[GNB][NGAP] Receive Initial Context Setup Request"
time="2026-08-16T17:53:38+08:00" level=info msg="[GNB][UE] UE Context was created with successful"
time="2026-08-16T17:53:38+08:00" level=info msg="[GNB][UE] UE RAN ID 43"
time="2026-08-16T17:53:38+08:00" level=info msg="[GNB][UE] UE AMF ID 842"
time="2026-08-16T17:53:38+08:00" level=info msg="[GNB][UE] UE Mobility Restrict --Plmn-- Mcc: 208 Mnc: 93"
time="2026-08-16T17:53:38+08:00" level=info msg="[GNB][UE] UE Masked Imeisv: 1110000000ffff00"
time="2026-08-16T17:53:38+08:00" level=info msg="[GNB][UE] Allowed Nssai-- Sst: [01 01] Sd: [010203 112233]"
time="2026-08-16T17:53:38+08:00" level=info msg="[GNB][NGAP][AMF] Send Initial Context Setup Response."
time="2026-08-16T17:53:38+08:00" level=info msg="[GNB] Initiating Initial Context Setup Response"
time="2026-08-16T17:53:38+08:00" level=info msg="[GNB][NGAP] No PDU Session to set up in InitialContextSetupResponse."
time="2026-08-16T17:53:38+08:00" level=info msg="[UE][NAS] Message with security header"
time="2026-08-16T17:53:38+08:00" level=info msg="[UE][NAS] Message with integrity and ciphered"
time="2026-08-16T17:53:38+08:00" level=info msg="[UE][NAS] successful NAS CIPHERING"
time="2026-08-16T17:53:38+08:00" level=info msg="[UE][NAS] successful NAS MAC verification"
time="2026-08-16T17:53:38+08:00" level=info msg="[UE][NAS] Receive Registration Accept"
time="2026-08-16T17:53:38+08:00" level=info msg="[UE][NAS] UE 5G GUTI: &{119 11 [242 2 248 57 202 254 0 0 0 2 32]}"
time="2026-08-16T17:53:38+08:00" level=info msg="[GNB][SCTP] Receive message in 0 stream\n"
time="2026-08-16T17:53:38+08:00" level=info msg="[UE] Switched from state 2 to state 3"
time="2026-08-16T17:53:38+08:00" level=info msg="[GNB][SCTP] Receive message in 0 stream\n"
time="2026-08-16T17:53:38+08:00" level=info msg="[GNB][SCTP] Receive message in 0 stream\n"
time="2026-08-16T17:53:38+08:00" level=info msg="[GNB][NGAP] Receive Downlink NAS Transport"
time="2026-08-16T17:53:38+08:00" level=info msg="[UE][NAS] Message with security header"
time="2026-08-16T17:53:38+08:00" level=info msg="[UE][NAS] Message with integrity and with NEW 5G NAS SECURITY CONTEXT"
time="2026-08-16T17:53:38+08:00" level=info msg="[UE][NAS] successful NAS MAC verification"
time="2026-08-16T17:53:38+08:00" level=info msg="[UE][NAS] Receive Security Mode Command"
time="2026-08-16T17:53:38+08:00" level=info msg="[UE][NAS] Type of ciphering algorithm is 5G-EA0"
time="2026-08-16T17:53:38+08:00" level=info msg="[UE][NAS] Type of integrity protection algorithm is 128-5G-IA2"
time="2026-08-16T17:53:38+08:00" level=info msg="[GNB][SCTP] Receive message in 0 stream\n"
time="2026-08-16T17:53:38+08:00" level=info msg="[GNB][NGAP] Receive UE Context Release Command"
time="2026-08-16T17:53:38+08:00" level=warning msg="[GNB][NGAP] AMF is trying to free the context of an unknown UE with RANUEID 654, ignoring"
time="2026-08-16T17:53:38+08:00" level=info msg="[GNB][NGAP] Receive UE Context Release Command"
time="2026-08-16T17:53:38+08:00" level=warning msg="[GNB][NGAP] AMF is trying to free the context of an unknown UE with RANUEID 640, ignoring"
time="2026-08-16T17:53:38+08:00" level=info msg="[GNB][NGAP] Receive UE Context Release Command"
time="2026-08-16T17:53:38+08:00" level=warning msg="[GNB][NGAP] AMF is trying to free the context of an unknown UE with RANUEID 630, ignoring"
time="2026-08-16T17:53:38+08:00" level=info msg="[GNB][NGAP] Receive Initial Context Setup Request"
time="2026-08-16T17:53:38+08:00" level=info msg="[GNB][UE] UE Context was created with successful"
time="2026-08-16T17:53:38+08:00" level=info msg="[GNB][UE] UE RAN ID 25"
time="2026-08-16T17:53:38+08:00" level=info msg="[GNB][UE] UE AMF ID 824"
time="2026-08-16T17:53:38+08:00" level=info msg="[GNB][UE] UE Mobility Restrict --Plmn-- Mcc: 208 Mnc: 93"
time="2026-08-16T17:53:38+08:00" level=info msg="[GNB][UE] UE Masked Imeisv: 1110000000ffff00"
time="2026-08-16T17:53:38+08:00" level=info msg="[GNB][UE] Allowed Nssai-- Sst: [01 01] Sd: [010203 112233]"
time="2026-08-16T17:53:38+08:00" level=info msg="[GNB][NGAP][AMF] Send Initial Context Setup Response."
time="2026-08-16T17:53:38+08:00" level=info msg="[GNB] Initiating Initial Context Setup Response"
time="2026-08-16T17:53:38+08:00" level=info msg="[GNB][NGAP] No PDU Session to set up in InitialContextSetupResponse."
time="2026-08-16T17:53:38+08:00" level=info msg="[UE][NAS] Message with security header"
time="2026-08-16T17:53:38+08:00" level=info msg="[UE][NAS] Message with integrity and ciphered"
time="2026-08-16T17:53:38+08:00" level=info msg="[UE][NAS] successful NAS CIPHERING"
time="2026-08-16T17:53:38+08:00" level=info msg="[UE][NAS] successful NAS MAC verification"
time="2026-08-16T17:53:38+08:00" level=info msg="[UE][NAS] Receive Registration Accept"
time="2026-08-16T17:53:38+08:00" level=info msg="[UE][NAS] UE 5G GUTI: &{119 11 [242 2 248 57 202 254 0 0 0 2 21]}"
time="2026-08-16T17:53:38+08:00" level=info msg="[UE] Switched from state 2 to state 3"
time="2026-08-16T17:53:38+08:00" level=info msg="[GNB][SCTP] Receive message in 0 stream\n"
time="2026-08-16T17:53:38+08:00" level=info msg="[GNB][NGAP] Receive Downlink NAS Transport"
time="2026-08-16T17:53:38+08:00" level=info msg="[UE][NAS] Message with security header"
time="2026-08-16T17:53:38+08:00" level=info msg="[UE][NAS] Message with integrity and with NEW 5G NAS SECURITY CONTEXT"
time="2026-08-16T17:53:38+08:00" level=info msg="[UE][NAS] successful NAS MAC verification"
time="2026-08-16T17:53:38+08:00" level=info msg="[UE][NAS] Receive Security Mode Command"
time="2026-08-16T17:53:38+08:00" level=info msg="[UE][NAS] Type of ciphering algorithm is 5G-EA0"
time="2026-08-16T17:53:38+08:00" level=info msg="[UE][NAS] Type of integrity protection algorithm is 128-5G-IA2"
time="2026-08-16T17:53:38+08:00" level=info msg="[GNB][SCTP] Receive message in 0 stream\n"
time="2026-08-16T17:53:38+08:00" level=info msg="[GNB][NGAP] Receive Initial Context Setup Request"
time="2026-08-16T17:53:38+08:00" level=info msg="[GNB][UE] UE Context was created with successful"
time="2026-08-16T17:53:38+08:00" level=info msg="[GNB][UE] UE RAN ID 17"
time="2026-08-16T17:53:38+08:00" level=info msg="[GNB][UE] UE AMF ID 816"
time="2026-08-16T17:53:38+08:00" level=info msg="[GNB][UE] UE Mobility Restrict --Plmn-- Mcc: 208 Mnc: 93"
time="2026-08-16T17:53:38+08:00" level=info msg="[GNB][UE] UE Masked Imeisv: 1110000000ffff00"
time="2026-08-16T17:53:38+08:00" level=info msg="[GNB][UE] Allowed Nssai-- Sst: [01 01] Sd: [010203 112233]"
time="2026-08-16T17:53:38+08:00" level=info msg="[GNB][NGAP][AMF] Send Initial Context Setup Response."
time="2026-08-16T17:53:38+08:00" level=info msg="[GNB] Initiating Initial Context Setup Response"
time="2026-08-16T17:53:38+08:00" level=info msg="[GNB][NGAP] No PDU Session to set up in InitialContextSetupResponse."
time="2026-08-16T17:53:38+08:00" level=info msg="[UE][NAS] Message with security header"
time="2026-08-16T17:53:38+08:00" level=info msg="[UE][NAS] Message with integrity and ciphered"
time="2026-08-16T17:53:38+08:00" level=info msg="[UE][NAS] successful NAS CIPHERING"
time="2026-08-16T17:53:38+08:00" level=info msg="[UE][NAS] successful NAS MAC verification"
time="2026-08-16T17:53:38+08:00" level=info msg="[UE][NAS] Receive Registration Accept"
time="2026-08-16T17:53:38+08:00" level=info msg="[UE][NAS] UE 5G GUTI: &{119 11 [242 2 248 57 202 254 0 0 0 2 16]}"
time="2026-08-16T17:53:38+08:00" level=info msg="[UE] Switched from state 2 to state 3"
time="2026-08-16T17:53:38+08:00" level=info msg="[GNB][SCTP] Receive message in 0 stream\n"
time="2026-08-16T17:53:38+08:00" level=info msg="[GNB][NGAP] Receive UE Context Release Command"
time="2026-08-16T17:53:38+08:00" level=warning msg="[GNB][NGAP] AMF is trying to free the context of an unknown UE with RANUEID 619, ignoring"
time="2026-08-16T17:53:38+08:00" level=info msg="[GNB][SCTP] Receive message in 0 stream\n"
time="2026-08-16T17:53:38+08:00" level=info msg="[GNB][NGAP] Receive Downlink NAS Transport"
time="2026-08-16T17:53:38+08:00" level=info msg="[UE][NAS] Message with security header"
time="2026-08-16T17:53:38+08:00" level=info msg="[UE][NAS] Message with integrity and with NEW 5G NAS SECURITY CONTEXT"
time="2026-08-16T17:53:38+08:00" level=info msg="[UE][NAS] successful NAS MAC verification"
time="2026-08-16T17:53:38+08:00" level=info msg="[UE][NAS] Receive Security Mode Command"
time="2026-08-16T17:53:38+08:00" level=info msg="[UE][NAS] Type of ciphering algorithm is 5G-EA0"
time="2026-08-16T17:53:38+08:00" level=info msg="[UE][NAS] Type of integrity protection algorithm is 128-5G-IA2"
time="2026-08-16T17:53:38+08:00" level=info msg="[GNB][SCTP] Receive message in 0 stream\n"
time="2026-08-16T17:53:38+08:00" level=info msg="[GNB][NGAP] Receive Downlink NAS Transport"
time="2026-08-16T17:53:38+08:00" level=info msg="[UE][NAS] Message with security header"
time="2026-08-16T17:53:38+08:00" level=info msg="[UE][NAS] Message with integrity and with NEW 5G NAS SECURITY CONTEXT"
time="2026-08-16T17:53:38+08:00" level=info msg="[UE][NAS] successful NAS MAC verification"
time="2026-08-16T17:53:38+08:00" level=info msg="[UE][NAS] Receive Security Mode Command"
time="2026-08-16T17:53:38+08:00" level=info msg="[UE][NAS] Type of ciphering algorithm is 5G-EA0"
time="2026-08-16T17:53:38+08:00" level=info msg="[UE][NAS] Type of integrity protection algorithm is 128-5G-IA2"
time="2026-08-16T17:53:38+08:00" level=info msg="[GNB][SCTP] Receive message in 0 stream\n"
time="2026-08-16T17:53:38+08:00" level=info msg="[GNB][NGAP] Receive Initial Context Setup Request"
time="2026-08-16T17:53:38+08:00" level=info msg="[GNB][UE] UE Context was created with successful"
time="2026-08-16T17:53:38+08:00" level=info msg="[GNB][UE] UE RAN ID 37"
time="2026-08-16T17:53:38+08:00" level=info msg="[GNB][UE] UE AMF ID 836"
time="2026-08-16T17:53:38+08:00" level=info msg="[GNB][UE] UE Mobility Restrict --Plmn-- Mcc: 208 Mnc: 93"
time="2026-08-16T17:53:38+08:00" level=info msg="[GNB][UE] UE Masked Imeisv: 1110000000ffff00"
time="2026-08-16T17:53:38+08:00" level=info msg="[GNB][UE] Allowed Nssai-- Sst: [01 01] Sd: [010203 112233]"
time="2026-08-16T17:53:38+08:00" level=info msg="[GNB][NGAP][AMF] Send Initial Context Setup Response."
time="2026-08-16T17:53:38+08:00" level=info msg="[GNB] Initiating Initial Context Setup Response"
time="2026-08-16T17:53:38+08:00" level=info msg="[GNB][NGAP] No PDU Session to set up in InitialContextSetupResponse."
time="2026-08-16T17:53:38+08:00" level=info msg="[UE][NAS] Message with security header"
time="2026-08-16T17:53:38+08:00" level=info msg="[UE][NAS] Message with integrity and ciphered"
time="2026-08-16T17:53:38+08:00" level=info msg="[UE][NAS] successful NAS CIPHERING"
time="2026-08-16T17:53:38+08:00" level=info msg="[UE][NAS] successful NAS MAC verification"
time="2026-08-16T17:53:38+08:00" level=info msg="[UE][NAS] Receive Registration Accept"
time="2026-08-16T17:53:38+08:00" level=info msg="[UE][NAS] UE 5G GUTI: &{119 11 [242 2 248 57 202 254 0 0 0 2 31]}"
time="2026-08-16T17:53:38+08:00" level=info msg="[UE] Switched from state 2 to state 3"
time="2026-08-16T17:53:38+08:00" level=info msg="[GNB][SCTP] Receive message in 0 stream\n"
time="2026-08-16T17:53:38+08:00" level=info msg="[GNB][NGAP] Receive Downlink NAS Transport"
time="2026-08-16T17:53:38+08:00" level=info msg="[UE][NAS] Message with security header"
time="2026-08-16T17:53:38+08:00" level=info msg="[UE][NAS] Message with integrity and with NEW 5G NAS SECURITY CONTEXT"
time="2026-08-16T17:53:38+08:00" level=info msg="[UE][NAS] successful NAS MAC verification"
time="2026-08-16T17:53:38+08:00" level=info msg="[UE][NAS] Receive Security Mode Command"
time="2026-08-16T17:53:38+08:00" level=info msg="[UE][NAS] Type of ciphering algorithm is 5G-EA0"
time="2026-08-16T17:53:38+08:00" level=info msg="[UE][NAS] Type of integrity protection algorithm is 128-5G-IA2"
time="2026-08-16T17:53:38+08:00" level=info msg="[GNB][SCTP] Receive message in 0 stream\n"
time="2026-08-16T17:53:38+08:00" level=info msg="[GNB][NGAP] Receive Initial Context Setup Request"
time="2026-08-16T17:53:38+08:00" level=info msg="[GNB][UE] UE Context was created with successful"
time="2026-08-16T17:53:38+08:00" level=info msg="[GNB][UE] UE RAN ID 55"
time="2026-08-16T17:53:38+08:00" level=info msg="[GNB][UE] UE AMF ID 854"
time="2026-08-16T17:53:38+08:00" level=info msg="[GNB][UE] UE Mobility Restrict --Plmn-- Mcc: 208 Mnc: 93"
time="2026-08-16T17:53:38+08:00" level=info msg="[GNB][UE] UE Masked Imeisv: 1110000000ffff00"
time="2026-08-16T17:53:38+08:00" level=info msg="[GNB][UE] Allowed Nssai-- Sst: [01 01] Sd: [010203 112233]"
time="2026-08-16T17:53:38+08:00" level=info msg="[GNB][NGAP][AMF] Send Initial Context Setup Response."
time="2026-08-16T17:53:38+08:00" level=info msg="[GNB] Initiating Initial Context Setup Response"
time="2026-08-16T17:53:38+08:00" level=info msg="[GNB][NGAP] No PDU Session to set up in InitialContextSetupResponse."
time="2026-08-16T17:53:38+08:00" level=info msg="[UE][NAS] Message with security header"
time="2026-08-16T17:53:38+08:00" level=info msg="[UE][NAS] Message with integrity and ciphered"
time="2026-08-16T17:53:38+08:00" level=info msg="[UE][NAS] successful NAS CIPHERING"
time="2026-08-16T17:53:38+08:00" level=info msg="[UE][NAS] successful NAS MAC verification"
time="2026-08-16T17:53:38+08:00" level=info msg="[UE][NAS] Receive Registration Accept"
time="2026-08-16T17:53:38+08:00" level=info msg="[UE][NAS] UE 5G GUTI: &{119 11 [242 2 248 57 202 254 0 0 0 2 42]}"
time="2026-08-16T17:53:38+08:00" level=info msg="[UE] Switched from state 2 to state 3"
time="2026-08-16T17:53:38+08:00" level=info msg="[GNB][SCTP] Receive message in 0 stream\n"
time="2026-08-16T17:53:38+08:00" level=info msg="[GNB][NGAP] Receive UE Context Release Command"
time="2026-08-16T17:53:38+08:00" level=warning msg="[GNB][NGAP] AMF is trying to free the context of an unknown UE with RANUEID 658, ignoring"
time="2026-08-16T17:53:38+08:00" level=info msg="[GNB][SCTP] Receive message in 0 stream\n"
time="2026-08-16T17:53:38+08:00" level=info msg="[GNB][NGAP] Receive Downlink NAS Transport"
time="2026-08-16T17:53:38+08:00" level=info msg="[UE][NAS] Message with security header"
time="2026-08-16T17:53:38+08:00" level=info msg="[UE][NAS] Message with integrity and with NEW 5G NAS SECURITY CONTEXT"
time="2026-08-16T17:53:38+08:00" level=info msg="[UE][NAS] successful NAS MAC verification"
time="2026-08-16T17:53:38+08:00" level=info msg="[UE][NAS] Receive Security Mode Command"
time="2026-08-16T17:53:38+08:00" level=info msg="[UE][NAS] Type of ciphering algorithm is 5G-EA0"
time="2026-08-16T17:53:38+08:00" level=info msg="[UE][NAS] Type of integrity protection algorithm is 128-5G-IA2"
time="2026-08-16T17:53:38+08:00" level=info msg="[GNB][SCTP] Receive message in 0 stream\n"
time="2026-08-16T17:53:38+08:00" level=info msg="[GNB][NGAP] Receive Downlink NAS Transport"
time="2026-08-16T17:53:38+08:00" level=info msg="[UE][NAS] Message with security header"
time="2026-08-16T17:53:38+08:00" level=info msg="[UE][NAS] Message with integrity and with NEW 5G NAS SECURITY CONTEXT"
time="2026-08-16T17:53:38+08:00" level=info msg="[UE][NAS] successful NAS MAC verification"
time="2026-08-16T17:53:38+08:00" level=info msg="[UE][NAS] Receive Security Mode Command"
time="2026-08-16T17:53:38+08:00" level=info msg="[UE][NAS] Type of ciphering algorithm is 5G-EA0"
time="2026-08-16T17:53:38+08:00" level=info msg="[UE][NAS] Type of integrity protection algorithm is 128-5G-IA2"
time="2026-08-16T17:53:38+08:00" level=info msg="[GNB][SCTP] Receive message in 0 stream\n"
time="2026-08-16T17:53:38+08:00" level=info msg="[GNB][NGAP] Receive UE Context Release Command"
time="2026-08-16T17:53:38+08:00" level=warning msg="[GNB][NGAP] AMF is trying to free the context of an unknown UE with RANUEID 626, ignoring"
time="2026-08-16T17:53:39+08:00" level=info msg="[GNB][SCTP] Receive message in 0 stream\n"
time="2026-08-16T17:53:39+08:00" level=info msg="[GNB][NGAP] Receive UE Context Release Command"
time="2026-08-16T17:53:39+08:00" level=warning msg="[GNB][NGAP] AMF is trying to free the context of an unknown UE with RANUEID 610, ignoring"
time="2026-08-16T17:53:39+08:00" level=info msg="[GNB][SCTP] Receive message in 0 stream\n"
time="2026-08-16T17:53:39+08:00" level=info msg="[GNB][SCTP] Receive message in 0 stream\n"
time="2026-08-16T17:53:39+08:00" level=info msg="[GNB][SCTP] Receive message in 0 stream\n"
time="2026-08-16T17:53:39+08:00" level=info msg="[GNB][SCTP] Receive message in 0 stream\n"
time="2026-08-16T17:53:39+08:00" level=info msg="[GNB][NGAP] Receive UE Context Release Command"
time="2026-08-16T17:53:39+08:00" level=warning msg="[GNB][NGAP] AMF is trying to free the context of an unknown UE with RANUEID 638, ignoring"
time="2026-08-16T17:53:39+08:00" level=info msg="[GNB][NGAP] Receive Initial Context Setup Request"
time="2026-08-16T17:53:39+08:00" level=info msg="[GNB][UE] UE Context was created with successful"
time="2026-08-16T17:53:39+08:00" level=info msg="[GNB][UE] UE RAN ID 41"
time="2026-08-16T17:53:39+08:00" level=info msg="[GNB][UE] UE AMF ID 840"
time="2026-08-16T17:53:39+08:00" level=info msg="[GNB][UE] UE Mobility Restrict --Plmn-- Mcc: 208 Mnc: 93"
time="2026-08-16T17:53:39+08:00" level=info msg="[GNB][UE] UE Masked Imeisv: 1110000000ffff00"
time="2026-08-16T17:53:39+08:00" level=info msg="[GNB][UE] Allowed Nssai-- Sst: [01 01] Sd: [010203 112233]"
time="2026-08-16T17:53:39+08:00" level=info msg="[GNB][NGAP][AMF] Send Initial Context Setup Response."
time="2026-08-16T17:53:39+08:00" level=info msg="[GNB] Initiating Initial Context Setup Response"
time="2026-08-16T17:53:39+08:00" level=info msg="[GNB][NGAP] No PDU Session to set up in InitialContextSetupResponse."
time="2026-08-16T17:53:39+08:00" level=info msg="[GNB][NGAP] Receive Initial Context Setup Request"
time="2026-08-16T17:53:39+08:00" level=info msg="[GNB][UE] UE Context was created with successful"
time="2026-08-16T17:53:39+08:00" level=info msg="[GNB][UE] UE RAN ID 31"
time="2026-08-16T17:53:39+08:00" level=info msg="[GNB][UE] UE AMF ID 830"
time="2026-08-16T17:53:39+08:00" level=info msg="[GNB][UE] UE Mobility Restrict --Plmn-- Mcc: 208 Mnc: 93"
time="2026-08-16T17:53:39+08:00" level=info msg="[GNB][UE] UE Masked Imeisv: 1110000000ffff00"
time="2026-08-16T17:53:39+08:00" level=info msg="[GNB][UE] Allowed Nssai-- Sst: [01 01] Sd: [010203 112233]"
time="2026-08-16T17:53:39+08:00" level=info msg="[GNB][NGAP][AMF] Send Initial Context Setup Response."
time="2026-08-16T17:53:39+08:00" level=info msg="[GNB] Initiating Initial Context Setup Response"
time="2026-08-16T17:53:39+08:00" level=info msg="[GNB][NGAP] No PDU Session to set up in InitialContextSetupResponse."
time="2026-08-16T17:53:39+08:00" level=info msg="[UE][NAS] Message with security header"
time="2026-08-16T17:53:39+08:00" level=info msg="[UE][NAS] Message with integrity and ciphered"
time="2026-08-16T17:53:39+08:00" level=info msg="[UE][NAS] successful NAS CIPHERING"
time="2026-08-16T17:53:39+08:00" level=info msg="[UE][NAS] successful NAS MAC verification"
time="2026-08-16T17:53:39+08:00" level=info msg="[UE][NAS] Receive Registration Accept"
time="2026-08-16T17:53:39+08:00" level=info msg="[UE][NAS] UE 5G GUTI: &{119 11 [242 2 248 57 202 254 0 0 0 2 37]}"
time="2026-08-16T17:53:39+08:00" level=info msg="[GNB][NGAP] Receive UE Context Release Command"
time="2026-08-16T17:53:39+08:00" level=warning msg="[GNB][NGAP] AMF is trying to free the context of an unknown UE with RANUEID 620, ignoring"
time="2026-08-16T17:53:39+08:00" level=info msg="[UE] Switched from state 2 to state 3"
time="2026-08-16T17:53:39+08:00" level=info msg="[UE][NAS] Message with security header"
time="2026-08-16T17:53:39+08:00" level=info msg="[UE][NAS] Message with integrity and ciphered"
time="2026-08-16T17:53:39+08:00" level=info msg="[UE][NAS] successful NAS CIPHERING"
time="2026-08-16T17:53:39+08:00" level=info msg="[UE][NAS] successful NAS MAC verification"
time="2026-08-16T17:53:39+08:00" level=info msg="[UE][NAS] Receive Registration Accept"
time="2026-08-16T17:53:39+08:00" level=info msg="[UE][NAS] UE 5G GUTI: &{119 11 [242 2 248 57 202 254 0 0 0 2 27]}"
time="2026-08-16T17:53:39+08:00" level=info msg="[UE] Switched from state 2 to state 3"
time="2026-08-16T17:53:39+08:00" level=info msg="[GNB][SCTP] Receive message in 0 stream\n"
time="2026-08-16T17:53:39+08:00" level=info msg="[GNB][NGAP] Receive Initial Context Setup Request"
time="2026-08-16T17:53:39+08:00" level=info msg="[GNB][UE] UE Context was created with successful"
time="2026-08-16T17:53:39+08:00" level=info msg="[GNB][UE] UE RAN ID 20"
time="2026-08-16T17:53:39+08:00" level=info msg="[GNB][UE] UE AMF ID 819"
time="2026-08-16T17:53:39+08:00" level=info msg="[GNB][UE] UE Mobility Restrict --Plmn-- Mcc: 208 Mnc: 93"
time="2026-08-16T17:53:39+08:00" level=info msg="[GNB][UE] UE Masked Imeisv: 1110000000ffff00"
time="2026-08-16T17:53:39+08:00" level=info msg="[GNB][UE] Allowed Nssai-- Sst: [01 01] Sd: [010203 112233]"
time="2026-08-16T17:53:39+08:00" level=info msg="[GNB][NGAP][AMF] Send Initial Context Setup Response."
time="2026-08-16T17:53:39+08:00" level=info msg="[GNB] Initiating Initial Context Setup Response"
time="2026-08-16T17:53:39+08:00" level=info msg="[GNB][NGAP] No PDU Session to set up in InitialContextSetupResponse."
time="2026-08-16T17:53:39+08:00" level=info msg="[UE][NAS] Message with security header"
time="2026-08-16T17:53:39+08:00" level=info msg="[UE][NAS] Message with integrity and ciphered"
time="2026-08-16T17:53:39+08:00" level=info msg="[UE][NAS] successful NAS CIPHERING"
time="2026-08-16T17:53:39+08:00" level=info msg="[UE][NAS] successful NAS MAC verification"
time="2026-08-16T17:53:39+08:00" level=info msg="[UE][NAS] Receive Registration Accept"
time="2026-08-16T17:53:39+08:00" level=info msg="[UE][NAS] UE 5G GUTI: &{119 11 [242 2 248 57 202 254 0 0 0 2 22]}"
time="2026-08-16T17:53:39+08:00" level=info msg="[UE] Switched from state 2 to state 3"
time="2026-08-16T17:53:39+08:00" level=info msg="[GNB][SCTP] Receive message in 0 stream\n"
time="2026-08-16T17:53:39+08:00" level=info msg="[GNB][NGAP] Receive Downlink NAS Transport"
time="2026-08-16T17:53:39+08:00" level=info msg="[UE][NAS] Message with security header"
time="2026-08-16T17:53:39+08:00" level=info msg="[UE][NAS] Message with integrity and with NEW 5G NAS SECURITY CONTEXT"
time="2026-08-16T17:53:39+08:00" level=info msg="[UE][NAS] successful NAS MAC verification"
time="2026-08-16T17:53:39+08:00" level=info msg="[UE][NAS] Receive Security Mode Command"
time="2026-08-16T17:53:39+08:00" level=info msg="[UE][NAS] Type of ciphering algorithm is 5G-EA0"
time="2026-08-16T17:53:39+08:00" level=info msg="[UE][NAS] Type of integrity protection algorithm is 128-5G-IA2"
time="2026-08-16T17:53:39+08:00" level=info msg="[GNB][SCTP] Receive message in 0 stream\n"
time="2026-08-16T17:53:39+08:00" level=info msg="[GNB][NGAP] Receive UE Context Release Command"
time="2026-08-16T17:53:39+08:00" level=warning msg="[GNB][NGAP] AMF is trying to free the context of an unknown UE with RANUEID 628, ignoring"
time="2026-08-16T17:53:39+08:00" level=info msg="[GNB][SCTP] Receive message in 0 stream\n"
time="2026-08-16T17:53:39+08:00" level=info msg="[GNB][NGAP] Receive Initial Context Setup Request"
time="2026-08-16T17:53:39+08:00" level=info msg="[GNB][UE] UE Context was created with successful"
time="2026-08-16T17:53:39+08:00" level=info msg="[GNB][UE] UE RAN ID 59"
time="2026-08-16T17:53:39+08:00" level=info msg="[GNB][UE] UE AMF ID 858"
time="2026-08-16T17:53:39+08:00" level=info msg="[GNB][UE] UE Mobility Restrict --Plmn-- Mcc: 208 Mnc: 93"
time="2026-08-16T17:53:39+08:00" level=info msg="[GNB][UE] UE Masked Imeisv: 1110000000ffff00"
time="2026-08-16T17:53:39+08:00" level=info msg="[GNB][UE] Allowed Nssai-- Sst: [01 01] Sd: [010203 112233]"
time="2026-08-16T17:53:39+08:00" level=info msg="[GNB][NGAP][AMF] Send Initial Context Setup Response."
time="2026-08-16T17:53:39+08:00" level=info msg="[GNB] Initiating Initial Context Setup Response"
time="2026-08-16T17:53:39+08:00" level=info msg="[GNB][NGAP] No PDU Session to set up in InitialContextSetupResponse."
time="2026-08-16T17:53:39+08:00" level=info msg="[UE][NAS] Message with security header"
time="2026-08-16T17:53:39+08:00" level=info msg="[UE][NAS] Message with integrity and ciphered"
time="2026-08-16T17:53:39+08:00" level=info msg="[UE][NAS] successful NAS CIPHERING"
time="2026-08-16T17:53:39+08:00" level=info msg="[UE][NAS] successful NAS MAC verification"
time="2026-08-16T17:53:39+08:00" level=info msg="[UE][NAS] Receive Registration Accept"
time="2026-08-16T17:53:39+08:00" level=info msg="[UE][NAS] UE 5G GUTI: &{119 11 [242 2 248 57 202 254 0 0 0 2 48]}"
time="2026-08-16T17:53:39+08:00" level=info msg="[UE] Switched from state 2 to state 3"
time="2026-08-16T17:53:39+08:00" level=info msg="[GNB][SCTP] Receive message in 0 stream\n"
time="2026-08-16T17:53:39+08:00" level=info msg="[GNB][NGAP] Receive Initial Context Setup Request"
time="2026-08-16T17:53:39+08:00" level=info msg="[GNB][UE] UE Context was created with successful"
time="2026-08-16T17:53:39+08:00" level=info msg="[GNB][UE] UE RAN ID 11"
time="2026-08-16T17:53:39+08:00" level=info msg="[GNB][UE] UE AMF ID 810"
time="2026-08-16T17:53:39+08:00" level=info msg="[GNB][UE] UE Mobility Restrict --Plmn-- Mcc: 208 Mnc: 93"
time="2026-08-16T17:53:39+08:00" level=info msg="[GNB][UE] UE Masked Imeisv: 1110000000ffff00"
time="2026-08-16T17:53:39+08:00" level=info msg="[GNB][UE] Allowed Nssai-- Sst: [01 01] Sd: [010203 112233]"
time="2026-08-16T17:53:39+08:00" level=info msg="[GNB][NGAP][AMF] Send Initial Context Setup Response."
time="2026-08-16T17:53:39+08:00" level=info msg="[GNB] Initiating Initial Context Setup Response"
time="2026-08-16T17:53:39+08:00" level=info msg="[GNB][NGAP] No PDU Session to set up in InitialContextSetupResponse."
time="2026-08-16T17:53:39+08:00" level=info msg="[UE][NAS] Message with security header"
time="2026-08-16T17:53:39+08:00" level=info msg="[UE][NAS] Message with integrity and ciphered"
time="2026-08-16T17:53:39+08:00" level=info msg="[UE][NAS] successful NAS CIPHERING"
time="2026-08-16T17:53:39+08:00" level=info msg="[UE][NAS] successful NAS MAC verification"
time="2026-08-16T17:53:39+08:00" level=info msg="[UE][NAS] Receive Registration Accept"
time="2026-08-16T17:53:39+08:00" level=info msg="[UE] Switched from state 2 to state 3"
time="2026-08-16T17:53:39+08:00" level=info msg="[UE][NAS] UE 5G GUTI: &{119 11 [242 2 248 57 202 254 0 0 0 2 12]}"
time="2026-08-16T17:53:39+08:00" level=info msg="[GNB][SCTP] Receive message in 0 stream\n"
time="2026-08-16T17:53:39+08:00" level=info msg="[GNB][NGAP] Receive UE Context Release Command"
time="2026-08-16T17:53:39+08:00" level=warning msg="[GNB][NGAP] AMF is trying to free the context of an unknown UE with RANUEID 618, ignoring"
time="2026-08-16T17:53:39+08:00" level=info msg="[GNB][SCTP] Receive message in 0 stream\n"
time="2026-08-16T17:53:39+08:00" level=info msg="[GNB][NGAP] Receive Initial Context Setup Request"
time="2026-08-16T17:53:39+08:00" level=info msg="[GNB][UE] UE Context was created with successful"
time="2026-08-16T17:53:39+08:00" level=info msg="[GNB][UE] UE RAN ID 27"
time="2026-08-16T17:53:39+08:00" level=info msg="[GNB][UE] UE AMF ID 826"
time="2026-08-16T17:53:39+08:00" level=info msg="[GNB][UE] UE Mobility Restrict --Plmn-- Mcc: 208 Mnc: 93"
time="2026-08-16T17:53:39+08:00" level=info msg="[GNB][UE] UE Masked Imeisv: 1110000000ffff00"
time="2026-08-16T17:53:39+08:00" level=info msg="[GNB][UE] Allowed Nssai-- Sst: [01 01] Sd: [010203 112233]"
time="2026-08-16T17:53:39+08:00" level=info msg="[GNB][SCTP] Receive message in 0 stream\n"
time="2026-08-16T17:53:39+08:00" level=info msg="[GNB][NGAP][AMF] Send Initial Context Setup Response."
time="2026-08-16T17:53:39+08:00" level=info msg="[GNB] Initiating Initial Context Setup Response"
time="2026-08-16T17:53:39+08:00" level=info msg="[GNB][NGAP] No PDU Session to set up in InitialContextSetupResponse."
time="2026-08-16T17:53:39+08:00" level=info msg="[UE][NAS] Message with security header"
time="2026-08-16T17:53:39+08:00" level=info msg="[UE][NAS] Message with integrity and ciphered"
time="2026-08-16T17:53:39+08:00" level=info msg="[UE][NAS] successful NAS CIPHERING"
time="2026-08-16T17:53:39+08:00" level=info msg="[UE][NAS] successful NAS MAC verification"
time="2026-08-16T17:53:39+08:00" level=info msg="[UE][NAS] Receive Registration Accept"
time="2026-08-16T17:53:39+08:00" level=info msg="[UE][NAS] UE 5G GUTI: &{119 11 [242 2 248 57 202 254 0 0 0 2 38]}"
time="2026-08-16T17:53:39+08:00" level=info msg="[GNB][NGAP] Receive UE Context Release Command"
time="2026-08-16T17:53:39+08:00" level=warning msg="[GNB][NGAP] AMF is trying to free the context of an unknown UE with RANUEID 646, ignoring"
time="2026-08-16T17:53:39+08:00" level=info msg="[UE] Switched from state 2 to state 3"
time="2026-08-16T17:53:39+08:00" level=info msg="[GNB][SCTP] Receive message in 0 stream\n"
time="2026-08-16T17:53:39+08:00" level=info msg="[GNB][SCTP] Receive message in 0 stream\n"
time="2026-08-16T17:53:39+08:00" level=info msg="[GNB][NGAP] Receive UE Context Release Command"
time="2026-08-16T17:53:39+08:00" level=warning msg="[GNB][NGAP] AMF is trying to free the context of an unknown UE with RANUEID 666, ignoring"
time="2026-08-16T17:53:39+08:00" level=info msg="[GNB][NGAP] Receive Initial Context Setup Request"
time="2026-08-16T17:53:39+08:00" level=info msg="[GNB][UE] UE Context was created with successful"
time="2026-08-16T17:53:39+08:00" level=info msg="[GNB][UE] UE RAN ID 39"
time="2026-08-16T17:53:39+08:00" level=info msg="[GNB][UE] UE AMF ID 838"
time="2026-08-16T17:53:39+08:00" level=info msg="[GNB][UE] UE Mobility Restrict --Plmn-- Mcc: 208 Mnc: 93"
time="2026-08-16T17:53:39+08:00" level=info msg="[GNB][UE] UE Masked Imeisv: 1110000000ffff00"
time="2026-08-16T17:53:39+08:00" level=info msg="[GNB][UE] Allowed Nssai-- Sst: [01 01] Sd: [010203 112233]"
time="2026-08-16T17:53:39+08:00" level=info msg="[GNB][NGAP][AMF] Send Initial Context Setup Response."
time="2026-08-16T17:53:39+08:00" level=info msg="[GNB] Initiating Initial Context Setup Response"
time="2026-08-16T17:53:39+08:00" level=info msg="[GNB][NGAP] No PDU Session to set up in InitialContextSetupResponse."
time="2026-08-16T17:53:39+08:00" level=info msg="[UE][NAS] Message with security header"
time="2026-08-16T17:53:39+08:00" level=info msg="[UE][NAS] Message with integrity and ciphered"
time="2026-08-16T17:53:39+08:00" level=info msg="[UE][NAS] successful NAS CIPHERING"
time="2026-08-16T17:53:39+08:00" level=info msg="[UE][NAS] successful NAS MAC verification"
time="2026-08-16T17:53:39+08:00" level=info msg="[UE][NAS] Receive Registration Accept"
time="2026-08-16T17:53:39+08:00" level=info msg="[UE][NAS] UE 5G GUTI: &{119 11 [242 2 248 57 202 254 0 0 0 2 45]}"
time="2026-08-16T17:53:39+08:00" level=info msg="[UE] Switched from state 2 to state 3"
time="2026-08-16T17:53:39+08:00" level=info msg="[GNB][SCTP] Receive message in 0 stream\n"
time="2026-08-16T17:53:39+08:00" level=info msg="[GNB][NGAP] Receive Initial Context Setup Request"
time="2026-08-16T17:53:39+08:00" level=info msg="[GNB][UE] UE Context was created with successful"
time="2026-08-16T17:53:39+08:00" level=info msg="[GNB][UE] UE RAN ID 29"
time="2026-08-16T17:53:39+08:00" level=info msg="[GNB][UE] UE AMF ID 828"
time="2026-08-16T17:53:39+08:00" level=info msg="[GNB][UE] UE Mobility Restrict --Plmn-- Mcc: 208 Mnc: 93"
time="2026-08-16T17:53:39+08:00" level=info msg="[GNB][UE] UE Masked Imeisv: 1110000000ffff00"
time="2026-08-16T17:53:39+08:00" level=info msg="[GNB][UE] Allowed Nssai-- Sst: [01 01] Sd: [010203 112233]"
time="2026-08-16T17:53:39+08:00" level=info msg="[GNB][NGAP][AMF] Send Initial Context Setup Response."
time="2026-08-16T17:53:39+08:00" level=info msg="[GNB] Initiating Initial Context Setup Response"
time="2026-08-16T17:53:39+08:00" level=info msg="[GNB][NGAP] No PDU Session to set up in InitialContextSetupResponse."
time="2026-08-16T17:53:39+08:00" level=info msg="[UE][NAS] Message with security header"
time="2026-08-16T17:53:39+08:00" level=info msg="[UE][NAS] Message with integrity and ciphered"
time="2026-08-16T17:53:39+08:00" level=info msg="[UE][NAS] successful NAS CIPHERING"
time="2026-08-16T17:53:39+08:00" level=info msg="[UE][NAS] successful NAS MAC verification"
time="2026-08-16T17:53:39+08:00" level=info msg="[UE][NAS] Receive Registration Accept"
time="2026-08-16T17:53:39+08:00" level=info msg="[UE][NAS] UE 5G GUTI: &{119 11 [242 2 248 57 202 254 0 0 0 2 28]}"
time="2026-08-16T17:53:39+08:00" level=info msg="[UE] Switched from state 2 to state 3"
time="2026-08-16T17:53:39+08:00" level=info msg="[GNB][SCTP] Receive message in 0 stream\n"
time="2026-08-16T17:53:39+08:00" level=info msg="[GNB][NGAP] Receive UE Context Release Command"
time="2026-08-16T17:53:39+08:00" level=warning msg="[GNB][NGAP] AMF is trying to free the context of an unknown UE with RANUEID 635, ignoring"
time="2026-08-16T17:53:39+08:00" level=info msg="[GNB][SCTP] Receive message in 0 stream\n"
time="2026-08-16T17:53:40+08:00" level=info msg="[GNB][NGAP] Receive Initial Context Setup Request"
time="2026-08-16T17:53:40+08:00" level=info msg="[GNB][UE] UE Context was created with successful"
time="2026-08-16T17:53:40+08:00" level=info msg="[GNB][UE] UE RAN ID 47"
time="2026-08-16T17:53:40+08:00" level=info msg="[GNB][UE] UE AMF ID 846"
time="2026-08-16T17:53:40+08:00" level=info msg="[GNB][UE] UE Mobility Restrict --Plmn-- Mcc: 208 Mnc: 93"
time="2026-08-16T17:53:40+08:00" level=info msg="[GNB][UE] UE Masked Imeisv: 1110000000ffff00"
time="2026-08-16T17:53:40+08:00" level=info msg="[GNB][UE] Allowed Nssai-- Sst: [01 01] Sd: [010203 112233]"
time="2026-08-16T17:53:40+08:00" level=info msg="[GNB][NGAP][AMF] Send Initial Context Setup Response."
time="2026-08-16T17:53:40+08:00" level=info msg="[GNB] Initiating Initial Context Setup Response"
time="2026-08-16T17:53:40+08:00" level=info msg="[GNB][NGAP] No PDU Session to set up in InitialContextSetupResponse."
time="2026-08-16T17:53:40+08:00" level=info msg="[UE][NAS] Message with security header"
time="2026-08-16T17:53:40+08:00" level=info msg="[UE][NAS] Message with integrity and ciphered"
time="2026-08-16T17:53:40+08:00" level=info msg="[UE][NAS] successful NAS CIPHERING"
time="2026-08-16T17:53:40+08:00" level=info msg="[UE][NAS] successful NAS MAC verification"
time="2026-08-16T17:53:40+08:00" level=info msg="[UE][NAS] Receive Registration Accept"
time="2026-08-16T17:53:40+08:00" level=info msg="[UE][NAS] UE 5G GUTI: &{119 11 [242 2 248 57 202 254 0 0 0 2 43]}"
time="2026-08-16T17:53:40+08:00" level=info msg="[UE] Switched from state 2 to state 3"
time="2026-08-16T17:53:40+08:00" level=info msg="[GNB][SCTP] Receive message in 0 stream\n"
time="2026-08-16T17:53:40+08:00" level=info msg="[GNB][NGAP] Receive UE Context Release Command"
time="2026-08-16T17:53:40+08:00" level=warning msg="[GNB][NGAP] AMF is trying to free the context of an unknown UE with RANUEID 644, ignoring"
time="2026-08-16T17:53:40+08:00" level=info msg="[GNB][SCTP] Receive message in 0 stream\n"
time="2026-08-16T17:53:40+08:00" level=info msg="[GNB][NGAP] Receive Initial Context Setup Request"
time="2026-08-16T17:53:40+08:00" level=info msg="[GNB][UE] UE Context was created with successful"
time="2026-08-16T17:53:40+08:00" level=info msg="[GNB][UE] UE RAN ID 19"
time="2026-08-16T17:53:40+08:00" level=info msg="[GNB][UE] UE AMF ID 818"
time="2026-08-16T17:53:40+08:00" level=info msg="[GNB][UE] UE Mobility Restrict --Plmn-- Mcc: 208 Mnc: 93"
time="2026-08-16T17:53:40+08:00" level=info msg="[GNB][UE] UE Masked Imeisv: 1110000000ffff00"
time="2026-08-16T17:53:40+08:00" level=info msg="[GNB][UE] Allowed Nssai-- Sst: [01 01] Sd: [010203 112233]"
time="2026-08-16T17:53:40+08:00" level=info msg="[GNB][NGAP][AMF] Send Initial Context Setup Response."
time="2026-08-16T17:53:40+08:00" level=info msg="[GNB] Initiating Initial Context Setup Response"
time="2026-08-16T17:53:40+08:00" level=info msg="[UE][NAS] Message with security header"
time="2026-08-16T17:53:40+08:00" level=info msg="[UE][NAS] Message with integrity and ciphered"
time="2026-08-16T17:53:40+08:00" level=info msg="[UE][NAS] successful NAS CIPHERING"
time="2026-08-16T17:53:40+08:00" level=info msg="[UE][NAS] successful NAS MAC verification"
time="2026-08-16T17:53:40+08:00" level=info msg="[UE][NAS] Receive Registration Accept"
time="2026-08-16T17:53:40+08:00" level=info msg="[UE][NAS] UE 5G GUTI: &{119 11 [242 2 248 57 202 254 0 0 0 2 17]}"
time="2026-08-16T17:53:40+08:00" level=info msg="[UE] Switched from state 2 to state 3"
time="2026-08-16T17:53:40+08:00" level=info msg="[GNB][NGAP] No PDU Session to set up in InitialContextSetupResponse."
time="2026-08-16T17:53:40+08:00" level=info msg="[GNB][SCTP] Receive message in 0 stream\n"
time="2026-08-16T17:53:40+08:00" level=info msg="[GNB][NGAP] Receive Initial Context Setup Request"
time="2026-08-16T17:53:40+08:00" level=info msg="[GNB][UE] UE Context was created with successful"
time="2026-08-16T17:53:40+08:00" level=info msg="[GNB][UE] UE RAN ID 67"
time="2026-08-16T17:53:40+08:00" level=info msg="[GNB][UE] UE AMF ID 866"
time="2026-08-16T17:53:40+08:00" level=info msg="[GNB][UE] UE Mobility Restrict --Plmn-- Mcc: 208 Mnc: 93"
time="2026-08-16T17:53:40+08:00" level=info msg="[GNB][UE] UE Masked Imeisv: 1110000000ffff00"
time="2026-08-16T17:53:40+08:00" level=info msg="[GNB][UE] Allowed Nssai-- Sst: [01 01] Sd: [010203 112233]"
time="2026-08-16T17:53:40+08:00" level=info msg="[GNB][NGAP][AMF] Send Initial Context Setup Response."
time="2026-08-16T17:53:40+08:00" level=info msg="[GNB] Initiating Initial Context Setup Response"
time="2026-08-16T17:53:40+08:00" level=info msg="[GNB][NGAP] No PDU Session to set up in InitialContextSetupResponse."
time="2026-08-16T17:53:40+08:00" level=info msg="[UE][NAS] Message with security header"
time="2026-08-16T17:53:40+08:00" level=info msg="[UE][NAS] Message with integrity and ciphered"
time="2026-08-16T17:53:40+08:00" level=info msg="[UE][NAS] successful NAS CIPHERING"
time="2026-08-16T17:53:40+08:00" level=info msg="[UE][NAS] successful NAS MAC verification"
time="2026-08-16T17:53:40+08:00" level=info msg="[UE][NAS] Receive Registration Accept"
time="2026-08-16T17:53:40+08:00" level=info msg="[UE][NAS] UE 5G GUTI: &{119 11 [242 2 248 57 202 254 0 0 0 2 50]}"
time="2026-08-16T17:53:40+08:00" level=info msg="[UE] Switched from state 2 to state 3"
time="2026-08-16T17:53:40+08:00" level=info msg="[GNB][SCTP] Receive message in 0 stream\n"
time="2026-08-16T17:53:40+08:00" level=info msg="[GNB][SCTP] Receive message in 0 stream\n"
time="2026-08-16T17:53:40+08:00" level=info msg="[GNB][NGAP] Receive UE Context Release Command"
time="2026-08-16T17:53:40+08:00" level=warning msg="[GNB][NGAP] AMF is trying to free the context of an unknown UE with RANUEID 670, ignoring"
time="2026-08-16T17:53:40+08:00" level=info msg="[GNB][NGAP] Receive UE Context Release Command"
time="2026-08-16T17:53:40+08:00" level=warning msg="[GNB][NGAP] AMF is trying to free the context of an unknown UE with RANUEID 622, ignoring"
time="2026-08-16T17:53:40+08:00" level=info msg="[GNB][SCTP] Receive message in 0 stream\n"
time="2026-08-16T17:53:40+08:00" level=info msg="[GNB][NGAP] Receive Initial Context Setup Request"
time="2026-08-16T17:53:40+08:00" level=info msg="[GNB][UE] UE Context was created with successful"
time="2026-08-16T17:53:40+08:00" level=info msg="[GNB][UE] UE RAN ID 36"
time="2026-08-16T17:53:40+08:00" level=info msg="[GNB][UE] UE AMF ID 835"
time="2026-08-16T17:53:40+08:00" level=info msg="[GNB][UE] UE Mobility Restrict --Plmn-- Mcc: 208 Mnc: 93"
time="2026-08-16T17:53:40+08:00" level=info msg="[GNB][UE] UE Masked Imeisv: 1110000000ffff00"
time="2026-08-16T17:53:40+08:00" level=info msg="[GNB][UE] Allowed Nssai-- Sst: [01 01] Sd: [010203 112233]"
time="2026-08-16T17:53:40+08:00" level=info msg="[GNB][NGAP][AMF] Send Initial Context Setup Response."
time="2026-08-16T17:53:40+08:00" level=info msg="[GNB] Initiating Initial Context Setup Response"
time="2026-08-16T17:53:40+08:00" level=info msg="[GNB][NGAP] No PDU Session to set up in InitialContextSetupResponse."
time="2026-08-16T17:53:40+08:00" level=info msg="[UE][NAS] Message with security header"
time="2026-08-16T17:53:40+08:00" level=info msg="[UE][NAS] Message with integrity and ciphered"
time="2026-08-16T17:53:40+08:00" level=info msg="[UE][NAS] successful NAS CIPHERING"
time="2026-08-16T17:53:40+08:00" level=info msg="[UE][NAS] successful NAS MAC verification"
time="2026-08-16T17:53:40+08:00" level=info msg="[UE][NAS] Receive Registration Accept"
time="2026-08-16T17:53:40+08:00" level=info msg="[UE][NAS] UE 5G GUTI: &{119 11 [242 2 248 57 202 254 0 0 0 2 34]}"
time="2026-08-16T17:53:40+08:00" level=info msg="[UE] Switched from state 2 to state 3"
time="2026-08-16T17:53:40+08:00" level=info msg="[GNB][SCTP] Receive message in 0 stream\n"
time="2026-08-16T17:53:40+08:00" level=info msg="[GNB][NGAP] Receive UE Context Release Command"
time="2026-08-16T17:53:40+08:00" level=warning msg="[GNB][NGAP] AMF is trying to free the context of an unknown UE with RANUEID 632, ignoring"
time="2026-08-16T17:53:40+08:00" level=info msg="[GNB][SCTP] Receive message in 0 stream\n"
time="2026-08-16T17:53:40+08:00" level=info msg="[GNB][NGAP] Receive Initial Context Setup Request"
time="2026-08-16T17:53:40+08:00" level=info msg="[GNB][UE] UE Context was created with successful"
time="2026-08-16T17:53:40+08:00" level=info msg="[GNB][UE] UE RAN ID 23"
time="2026-08-16T17:53:40+08:00" level=info msg="[GNB][UE] UE AMF ID 822"
time="2026-08-16T17:53:40+08:00" level=info msg="[GNB][UE] UE Mobility Restrict --Plmn-- Mcc: 208 Mnc: 93"
time="2026-08-16T17:53:40+08:00" level=info msg="[GNB][UE] UE Masked Imeisv: 1110000000ffff00"
time="2026-08-16T17:53:40+08:00" level=info msg="[GNB][UE] Allowed Nssai-- Sst: [01 01] Sd: [010203 112233]"
time="2026-08-16T17:53:40+08:00" level=info msg="[GNB][NGAP][AMF] Send Initial Context Setup Response."
time="2026-08-16T17:53:40+08:00" level=info msg="[GNB] Initiating Initial Context Setup Response"
time="2026-08-16T17:53:40+08:00" level=info msg="[GNB][NGAP] No PDU Session to set up in InitialContextSetupResponse."
time="2026-08-16T17:53:40+08:00" level=info msg="[UE][NAS] Message with security header"
time="2026-08-16T17:53:40+08:00" level=info msg="[UE][NAS] Message with integrity and ciphered"
time="2026-08-16T17:53:40+08:00" level=info msg="[UE][NAS] successful NAS CIPHERING"
time="2026-08-16T17:53:40+08:00" level=info msg="[UE][NAS] successful NAS MAC verification"
time="2026-08-16T17:53:40+08:00" level=info msg="[UE][NAS] Receive Registration Accept"
time="2026-08-16T17:53:40+08:00" level=info msg="[UE][NAS] UE 5G GUTI: &{119 11 [242 2 248 57 202 254 0 0 0 2 23]}"
time="2026-08-16T17:53:40+08:00" level=info msg="[UE] Switched from state 2 to state 3"
time="2026-08-16T17:53:40+08:00" level=info msg="[GNB][SCTP] Receive message in 0 stream\n"
time="2026-08-16T17:53:40+08:00" level=info msg="[GNB][NGAP] Receive UE Context Release Command"
time="2026-08-16T17:53:40+08:00" level=warning msg="[GNB][NGAP] AMF is trying to free the context of an unknown UE with RANUEID 614, ignoring"
time="2026-08-16T17:53:40+08:00" level=info msg="[GNB][SCTP] Receive message in 0 stream\n"
time="2026-08-16T17:53:40+08:00" level=info msg="[GNB][NGAP] Receive Initial Context Setup Request"
time="2026-08-16T17:53:40+08:00" level=info msg="[GNB][UE] UE Context was created with successful"
time="2026-08-16T17:53:40+08:00" level=info msg="[GNB][UE] UE RAN ID 45"
time="2026-08-16T17:53:40+08:00" level=info msg="[GNB][UE] UE AMF ID 844"
time="2026-08-16T17:53:40+08:00" level=info msg="[GNB][UE] UE Mobility Restrict --Plmn-- Mcc: 208 Mnc: 93"
time="2026-08-16T17:53:40+08:00" level=info msg="[GNB][UE] UE Masked Imeisv: 1110000000ffff00"
time="2026-08-16T17:53:40+08:00" level=info msg="[GNB][UE] Allowed Nssai-- Sst: [01 01] Sd: [010203 112233]"
time="2026-08-16T17:53:40+08:00" level=info msg="[GNB][NGAP][AMF] Send Initial Context Setup Response."
time="2026-08-16T17:53:40+08:00" level=info msg="[GNB] Initiating Initial Context Setup Response"
time="2026-08-16T17:53:40+08:00" level=info msg="[GNB][NGAP] No PDU Session to set up in InitialContextSetupResponse."
time="2026-08-16T17:53:40+08:00" level=info msg="[UE][NAS] Message with security header"
time="2026-08-16T17:53:40+08:00" level=info msg="[UE][NAS] Message with integrity and ciphered"
time="2026-08-16T17:53:40+08:00" level=info msg="[UE][NAS] successful NAS CIPHERING"
time="2026-08-16T17:53:40+08:00" level=info msg="[UE][NAS] successful NAS MAC verification"
time="2026-08-16T17:53:40+08:00" level=info msg="[UE][NAS] Receive Registration Accept"
time="2026-08-16T17:53:40+08:00" level=info msg="[UE][NAS] UE 5G GUTI: &{119 11 [242 2 248 57 202 254 0 0 0 2 49]}"
time="2026-08-16T17:53:40+08:00" level=info msg="[UE] Switched from state 2 to state 3"
time="2026-08-16T17:53:40+08:00" level=info msg="[GNB][SCTP] Receive message in 0 stream\n"
time="2026-08-16T17:53:40+08:00" level=info msg="[GNB][NGAP] Receive UE Context Release Command"
time="2026-08-16T17:53:40+08:00" level=warning msg="[GNB][NGAP] AMF is trying to free the context of an unknown UE with RANUEID 650, ignoring"
time="2026-08-16T17:53:40+08:00" level=info msg="[GNB][SCTP] Receive message in 0 stream\n"
time="2026-08-16T17:53:40+08:00" level=info msg="[GNB][NGAP] Receive Initial Context Setup Request"
time="2026-08-16T17:53:40+08:00" level=info msg="[GNB][UE] UE Context was created with successful"
time="2026-08-16T17:53:40+08:00" level=info msg="[GNB][UE] UE RAN ID 71"
time="2026-08-16T17:53:40+08:00" level=info msg="[GNB][UE] UE AMF ID 870"
time="2026-08-16T17:53:40+08:00" level=info msg="[GNB][UE] UE Mobility Restrict --Plmn-- Mcc: 208 Mnc: 93"
time="2026-08-16T17:53:40+08:00" level=info msg="[GNB][UE] UE Masked Imeisv: 1110000000ffff00"
time="2026-08-16T17:53:40+08:00" level=info msg="[GNB][UE] Allowed Nssai-- Sst: [01 01] Sd: [010203 112233]"
time="2026-08-16T17:53:40+08:00" level=info msg="[GNB][NGAP][AMF] Send Initial Context Setup Response."
time="2026-08-16T17:53:40+08:00" level=info msg="[GNB] Initiating Initial Context Setup Response"
time="2026-08-16T17:53:40+08:00" level=info msg="[GNB][NGAP] No PDU Session to set up in InitialContextSetupResponse."
time="2026-08-16T17:53:40+08:00" level=info msg="[UE][NAS] Message with security header"
time="2026-08-16T17:53:40+08:00" level=info msg="[UE][NAS] Message with integrity and ciphered"
time="2026-08-16T17:53:40+08:00" level=info msg="[UE][NAS] successful NAS CIPHERING"
time="2026-08-16T17:53:40+08:00" level=info msg="[UE][NAS] successful NAS MAC verification"
time="2026-08-16T17:53:40+08:00" level=info msg="[UE][NAS] Receive Registration Accept"
time="2026-08-16T17:53:40+08:00" level=info msg="[UE][NAS] UE 5G GUTI: &{119 11 [242 2 248 57 202 254 0 0 0 2 56]}"
time="2026-08-16T17:53:40+08:00" level=info msg="[UE] Switched from state 2 to state 3"
time="2026-08-16T17:53:40+08:00" level=info msg="[GNB][SCTP] Receive message in 0 stream\n"
time="2026-08-16T17:53:40+08:00" level=info msg="[GNB][NGAP] Receive UE Context Release Command"
time="2026-08-16T17:53:40+08:00" level=warning msg="[GNB][NGAP] AMF is trying to free the context of an unknown UE with RANUEID 684, ignoring"
time="2026-08-16T17:53:40+08:00" level=info msg="[GNB][SCTP] Receive message in 0 stream\n"
time="2026-08-16T17:53:40+08:00" level=info msg="[GNB][NGAP] Receive Downlink NAS Transport"
time="2026-08-16T17:53:40+08:00" level=info msg="[UE][NAS] Message with security header"
time="2026-08-16T17:53:40+08:00" level=info msg="[UE][NAS] Message with integrity and with NEW 5G NAS SECURITY CONTEXT"
time="2026-08-16T17:53:40+08:00" level=info msg="[UE][NAS] successful NAS MAC verification"
time="2026-08-16T17:53:40+08:00" level=info msg="[UE][NAS] Receive Security Mode Command"
time="2026-08-16T17:53:40+08:00" level=info msg="[UE][NAS] Type of ciphering algorithm is 5G-EA0"
time="2026-08-16T17:53:40+08:00" level=info msg="[UE][NAS] Type of integrity protection algorithm is 128-5G-IA2"
time="2026-08-16T17:53:40+08:00" level=info msg="[GNB][SCTP] Receive message in 0 stream\n"
time="2026-08-16T17:53:40+08:00" level=info msg="[GNB][NGAP] Receive Initial Context Setup Request"
time="2026-08-16T17:53:40+08:00" level=info msg="[GNB][UE] UE Context was created with successful"
time="2026-08-16T17:53:40+08:00" level=info msg="[GNB][UE] UE RAN ID 21"
time="2026-08-16T17:53:40+08:00" level=info msg="[GNB][UE] UE AMF ID 820"
time="2026-08-16T17:53:40+08:00" level=info msg="[GNB][UE] UE Mobility Restrict --Plmn-- Mcc: 208 Mnc: 93"
time="2026-08-16T17:53:40+08:00" level=info msg="[GNB][UE] UE Masked Imeisv: 1110000000ffff00"
time="2026-08-16T17:53:40+08:00" level=info msg="[GNB][UE] Allowed Nssai-- Sst: [01 01] Sd: [010203 112233]"
time="2026-08-16T17:53:40+08:00" level=info msg="[GNB][NGAP][AMF] Send Initial Context Setup Response."
time="2026-08-16T17:53:40+08:00" level=info msg="[GNB] Initiating Initial Context Setup Response"
time="2026-08-16T17:53:40+08:00" level=info msg="[GNB][NGAP] No PDU Session to set up in InitialContextSetupResponse."
time="2026-08-16T17:53:40+08:00" level=info msg="[UE][NAS] Message with security header"
time="2026-08-16T17:53:40+08:00" level=info msg="[UE][NAS] Message with integrity and ciphered"
time="2026-08-16T17:53:40+08:00" level=info msg="[UE][NAS] successful NAS CIPHERING"
time="2026-08-16T17:53:40+08:00" level=info msg="[UE][NAS] successful NAS MAC verification"
time="2026-08-16T17:53:40+08:00" level=info msg="[UE][NAS] Receive Registration Accept"
time="2026-08-16T17:53:40+08:00" level=info msg="[UE][NAS] UE 5G GUTI: &{119 11 [242 2 248 57 202 254 0 0 0 2 33]}"
time="2026-08-16T17:53:40+08:00" level=info msg="[UE] Switched from state 2 to state 3"
time="2026-08-16T17:53:40+08:00" level=info msg="[GNB][SCTP] Receive message in 0 stream\n"
time="2026-08-16T17:53:40+08:00" level=info msg="[GNB][NGAP] Receive UE Context Release Command"
time="2026-08-16T17:53:40+08:00" level=warning msg="[GNB][NGAP] AMF is trying to free the context of an unknown UE with RANUEID 641, ignoring"
time="2026-08-16T17:53:40+08:00" level=info msg="[GNB][SCTP] Receive message in 0 stream\n"
time="2026-08-16T17:53:40+08:00" level=info msg="[GNB][NGAP] Receive Downlink NAS Transport"
time="2026-08-16T17:53:40+08:00" level=info msg="[UE][NAS] Message with security header"
time="2026-08-16T17:53:40+08:00" level=info msg="[UE][NAS] Message with integrity and with NEW 5G NAS SECURITY CONTEXT"
time="2026-08-16T17:53:40+08:00" level=info msg="[UE][NAS] successful NAS MAC verification"
time="2026-08-16T17:53:40+08:00" level=info msg="[UE][NAS] Receive Security Mode Command"
time="2026-08-16T17:53:40+08:00" level=info msg="[UE][NAS] Type of ciphering algorithm is 5G-EA0"
time="2026-08-16T17:53:40+08:00" level=info msg="[UE][NAS] Type of integrity protection algorithm is 128-5G-IA2"
time="2026-08-16T17:53:40+08:00" level=info msg="[GNB][SCTP] Receive message in 0 stream\n"
time="2026-08-16T17:53:40+08:00" level=info msg="[GNB][NGAP] Receive Downlink NAS Transport"
time="2026-08-16T17:53:40+08:00" level=info msg="[UE][NAS] Message with security header"
time="2026-08-16T17:53:40+08:00" level=info msg="[UE][NAS] Message with integrity and with NEW 5G NAS SECURITY CONTEXT"
time="2026-08-16T17:53:40+08:00" level=info msg="[UE][NAS] successful NAS MAC verification"
time="2026-08-16T17:53:40+08:00" level=info msg="[UE][NAS] Receive Security Mode Command"
time="2026-08-16T17:53:40+08:00" level=info msg="[UE][NAS] Type of ciphering algorithm is 5G-EA0"
time="2026-08-16T17:53:40+08:00" level=info msg="[UE][NAS] Type of integrity protection algorithm is 128-5G-IA2"
time="2026-08-16T17:53:40+08:00" level=info msg="[GNB][SCTP] Receive message in 0 stream\n"
time="2026-08-16T17:53:40+08:00" level=info msg="[GNB][NGAP] Receive Downlink NAS Transport"
time="2026-08-16T17:53:40+08:00" level=info msg="[UE][NAS] Message with security header"
time="2026-08-16T17:53:40+08:00" level=info msg="[UE][NAS] Message with integrity and with NEW 5G NAS SECURITY CONTEXT"
time="2026-08-16T17:53:40+08:00" level=info msg="[UE][NAS] successful NAS MAC verification"
time="2026-08-16T17:53:40+08:00" level=info msg="[UE][NAS] Receive Security Mode Command"
time="2026-08-16T17:53:40+08:00" level=info msg="[UE][NAS] Type of ciphering algorithm is 5G-EA0"
time="2026-08-16T17:53:40+08:00" level=info msg="[UE][NAS] Type of integrity protection algorithm is 128-5G-IA2"
time="2026-08-16T17:53:40+08:00" level=info msg="[GNB][SCTP] Receive message in 0 stream\n"
time="2026-08-16T17:53:40+08:00" level=info msg="[GNB][NGAP] Receive Downlink NAS Transport"
time="2026-08-16T17:53:40+08:00" level=info msg="[UE][NAS] Message with security header"
time="2026-08-16T17:53:40+08:00" level=info msg="[UE][NAS] Message with integrity and with NEW 5G NAS SECURITY CONTEXT"
time="2026-08-16T17:53:40+08:00" level=info msg="[UE][NAS] successful NAS MAC verification"
time="2026-08-16T17:53:40+08:00" level=info msg="[UE][NAS] Receive Security Mode Command"
time="2026-08-16T17:53:40+08:00" level=info msg="[UE][NAS] Type of ciphering algorithm is 5G-EA0"
time="2026-08-16T17:53:40+08:00" level=info msg="[UE][NAS] Type of integrity protection algorithm is 128-5G-IA2"
time="2026-08-16T17:53:40+08:00" level=info msg="[GNB][SCTP] Receive message in 0 stream\n"
time="2026-08-16T17:53:40+08:00" level=info msg="[GNB][NGAP] Receive Downlink NAS Transport"
time="2026-08-16T17:53:40+08:00" level=info msg="[UE][NAS] Message with security header"
time="2026-08-16T17:53:40+08:00" level=info msg="[UE][NAS] Message with integrity and with NEW 5G NAS SECURITY CONTEXT"
time="2026-08-16T17:53:40+08:00" level=info msg="[UE][NAS] successful NAS MAC verification"
time="2026-08-16T17:53:40+08:00" level=info msg="[UE][NAS] Receive Security Mode Command"
time="2026-08-16T17:53:40+08:00" level=info msg="[UE][NAS] Type of ciphering algorithm is 5G-EA0"
time="2026-08-16T17:53:40+08:00" level=info msg="[UE][NAS] Type of integrity protection algorithm is 128-5G-IA2"
time="2026-08-16T17:53:40+08:00" level=info msg="[GNB][SCTP] Receive message in 0 stream\n"
time="2026-08-16T17:53:40+08:00" level=info msg="[GNB][NGAP] Receive Downlink NAS Transport"
time="2026-08-16T17:53:40+08:00" level=info msg="[UE][NAS] Message with security header"
time="2026-08-16T17:53:40+08:00" level=info msg="[UE][NAS] Message with integrity and with NEW 5G NAS SECURITY CONTEXT"
time="2026-08-16T17:53:40+08:00" level=info msg="[UE][NAS] successful NAS MAC verification"
time="2026-08-16T17:53:40+08:00" level=info msg="[UE][NAS] Receive Security Mode Command"
time="2026-08-16T17:53:40+08:00" level=info msg="[UE][NAS] Type of ciphering algorithm is 5G-EA0"
time="2026-08-16T17:53:40+08:00" level=info msg="[UE][NAS] Type of integrity protection algorithm is 128-5G-IA2"
time="2026-08-16T17:53:40+08:00" level=info msg="[GNB][SCTP] Receive message in 0 stream\n"
time="2026-08-16T17:53:40+08:00" level=info msg="[GNB][NGAP] Receive Downlink NAS Transport"
time="2026-08-16T17:53:40+08:00" level=info msg="[UE][NAS] Message with security header"
time="2026-08-16T17:53:40+08:00" level=info msg="[UE][NAS] Message with integrity and with NEW 5G NAS SECURITY CONTEXT"
time="2026-08-16T17:53:40+08:00" level=info msg="[UE][NAS] successful NAS MAC verification"
time="2026-08-16T17:53:40+08:00" level=info msg="[UE][NAS] Receive Security Mode Command"
time="2026-08-16T17:53:40+08:00" level=info msg="[UE][NAS] Type of ciphering algorithm is 5G-EA0"
time="2026-08-16T17:53:40+08:00" level=info msg="[UE][NAS] Type of integrity protection algorithm is 128-5G-IA2"
time="2026-08-16T17:53:40+08:00" level=info msg="[GNB][SCTP] Receive message in 0 stream\n"
time="2026-08-16T17:53:40+08:00" level=info msg="[GNB][NGAP] Receive Downlink NAS Transport"
time="2026-08-16T17:53:40+08:00" level=info msg="[UE][NAS] Message with security header"
time="2026-08-16T17:53:40+08:00" level=info msg="[UE][NAS] Message with integrity and with NEW 5G NAS SECURITY CONTEXT"
time="2026-08-16T17:53:40+08:00" level=info msg="[UE][NAS] successful NAS MAC verification"
time="2026-08-16T17:53:40+08:00" level=info msg="[UE][NAS] Receive Security Mode Command"
time="2026-08-16T17:53:40+08:00" level=info msg="[UE][NAS] Type of ciphering algorithm is 5G-EA0"
time="2026-08-16T17:53:40+08:00" level=info msg="[UE][NAS] Type of integrity protection algorithm is 128-5G-IA2"
time="2026-08-16T17:53:40+08:00" level=info msg="[GNB][SCTP] Receive message in 0 stream\n"
time="2026-08-16T17:53:40+08:00" level=info msg="[GNB][NGAP] Receive Downlink NAS Transport"
time="2026-08-16T17:53:40+08:00" level=info msg="[UE][NAS] Message with security header"
time="2026-08-16T17:53:40+08:00" level=info msg="[UE][NAS] Message with integrity and with NEW 5G NAS SECURITY CONTEXT"
time="2026-08-16T17:53:40+08:00" level=info msg="[UE][NAS] successful NAS MAC verification"
time="2026-08-16T17:53:40+08:00" level=info msg="[UE][NAS] Receive Security Mode Command"
time="2026-08-16T17:53:40+08:00" level=info msg="[UE][NAS] Type of ciphering algorithm is 5G-EA0"
time="2026-08-16T17:53:40+08:00" level=info msg="[UE][NAS] Type of integrity protection algorithm is 128-5G-IA2"
time="2026-08-16T17:53:40+08:00" level=info msg="[GNB][SCTP] Receive message in 0 stream\n"
time="2026-08-16T17:53:40+08:00" level=info msg="[GNB][NGAP] Receive Downlink NAS Transport"
time="2026-08-16T17:53:40+08:00" level=info msg="[UE][NAS] Message with security header"
time="2026-08-16T17:53:40+08:00" level=info msg="[UE][NAS] Message with integrity and with NEW 5G NAS SECURITY CONTEXT"
time="2026-08-16T17:53:40+08:00" level=info msg="[UE][NAS] successful NAS MAC verification"
time="2026-08-16T17:53:40+08:00" level=info msg="[UE][NAS] Receive Security Mode Command"
time="2026-08-16T17:53:40+08:00" level=info msg="[UE][NAS] Type of ciphering algorithm is 5G-EA0"
time="2026-08-16T17:53:40+08:00" level=info msg="[UE][NAS] Type of integrity protection algorithm is 128-5G-IA2"
time="2026-08-16T17:53:40+08:00" level=info msg="[GNB][SCTP] Receive message in 0 stream\n"
time="2026-08-16T17:53:40+08:00" level=info msg="[GNB][NGAP] Receive Downlink NAS Transport"
time="2026-08-16T17:53:40+08:00" level=info msg="[UE][NAS] Message with security header"
time="2026-08-16T17:53:40+08:00" level=info msg="[UE][NAS] Message with integrity and with NEW 5G NAS SECURITY CONTEXT"
time="2026-08-16T17:53:40+08:00" level=info msg="[UE][NAS] successful NAS MAC verification"
time="2026-08-16T17:53:40+08:00" level=info msg="[UE][NAS] Receive Security Mode Command"
time="2026-08-16T17:53:40+08:00" level=info msg="[UE][NAS] Type of ciphering algorithm is 5G-EA0"
time="2026-08-16T17:53:40+08:00" level=info msg="[UE][NAS] Type of integrity protection algorithm is 128-5G-IA2"
time="2026-08-16T17:53:40+08:00" level=info msg="[GNB][SCTP] Receive message in 0 stream\n"
time="2026-08-16T17:53:40+08:00" level=info msg="[GNB][NGAP] Receive Downlink NAS Transport"
time="2026-08-16T17:53:40+08:00" level=info msg="[UE][NAS] Message with security header"
time="2026-08-16T17:53:40+08:00" level=info msg="[UE][NAS] Message with integrity and with NEW 5G NAS SECURITY CONTEXT"
time="2026-08-16T17:53:40+08:00" level=info msg="[UE][NAS] successful NAS MAC verification"
time="2026-08-16T17:53:40+08:00" level=info msg="[UE][NAS] Receive Security Mode Command"
time="2026-08-16T17:53:40+08:00" level=info msg="[UE][NAS] Type of ciphering algorithm is 5G-EA0"
time="2026-08-16T17:53:40+08:00" level=info msg="[UE][NAS] Type of integrity protection algorithm is 128-5G-IA2"
time="2026-08-16T17:53:40+08:00" level=info msg="[GNB][SCTP] Receive message in 0 stream\n"
time="2026-08-16T17:53:40+08:00" level=info msg="[GNB][NGAP] Receive Downlink NAS Transport"
time="2026-08-16T17:53:40+08:00" level=info msg="[UE][NAS] Message without security header"
time="2026-08-16T17:53:40+08:00" level=info msg="[UE][NAS] Receive Authentication Request"
time="2026-08-16T17:53:40+08:00" level=info msg="[UE][NAS][MAC] Authenticity of the authentication request message: OK"
time="2026-08-16T17:53:40+08:00" level=info msg="[UE][NAS][SQN] SQN of the authentication request message: VALID"
time="2026-08-16T17:53:40+08:00" level=info msg="[UE][NAS] Send authentication response"
time="2026-08-16T17:53:40+08:00" level=info msg="[UE] Switched from state 2 to state 2"
time="2026-08-16T17:53:41+08:00" level=info msg="[GNB][SCTP] Receive message in 0 stream\n"
time="2026-08-16T17:53:41+08:00" level=info msg="[GNB][NGAP] Receive Downlink NAS Transport"
time="2026-08-16T17:53:41+08:00" level=info msg="[UE][NAS] Message with security header"
time="2026-08-16T17:53:41+08:00" level=info msg="[UE][NAS] Message with integrity and with NEW 5G NAS SECURITY CONTEXT"
time="2026-08-16T17:53:41+08:00" level=info msg="[UE][NAS] successful NAS MAC verification"
time="2026-08-16T17:53:41+08:00" level=info msg="[UE][NAS] Receive Security Mode Command"
time="2026-08-16T17:53:41+08:00" level=info msg="[UE][NAS] Type of ciphering algorithm is 5G-EA0"
time="2026-08-16T17:53:41+08:00" level=info msg="[UE][NAS] Type of integrity protection algorithm is 128-5G-IA2"
time="2026-08-16T17:53:41+08:00" level=info msg="[GNB][SCTP] Receive message in 0 stream\n"
time="2026-08-16T17:53:41+08:00" level=info msg="[GNB][NGAP] Receive Initial Context Setup Request"
time="2026-08-16T17:53:41+08:00" level=info msg="[GNB][UE] UE Context was created with successful"
time="2026-08-16T17:53:41+08:00" level=info msg="[GNB][UE] UE RAN ID 42"
time="2026-08-16T17:53:41+08:00" level=info msg="[GNB][UE] UE AMF ID 841"
time="2026-08-16T17:53:41+08:00" level=info msg="[GNB][UE] UE Mobility Restrict --Plmn-- Mcc: 208 Mnc: 93"
time="2026-08-16T17:53:41+08:00" level=info msg="[GNB][UE] UE Masked Imeisv: 1110000000ffff00"
time="2026-08-16T17:53:41+08:00" level=info msg="[GNB][UE] Allowed Nssai-- Sst: [01 01] Sd: [010203 112233]"
time="2026-08-16T17:53:41+08:00" level=info msg="[GNB][NGAP][AMF] Send Initial Context Setup Response."
time="2026-08-16T17:53:41+08:00" level=info msg="[GNB] Initiating Initial Context Setup Response"
time="2026-08-16T17:53:41+08:00" level=info msg="[GNB][NGAP] No PDU Session to set up in InitialContextSetupResponse."
time="2026-08-16T17:53:41+08:00" level=info msg="[UE][NAS] Message with security header"
time="2026-08-16T17:53:41+08:00" level=info msg="[UE][NAS] Message with integrity and ciphered"
time="2026-08-16T17:53:41+08:00" level=info msg="[UE][NAS] successful NAS CIPHERING"
time="2026-08-16T17:53:41+08:00" level=info msg="[UE][NAS] successful NAS MAC verification"
time="2026-08-16T17:53:41+08:00" level=info msg="[UE][NAS] Receive Registration Accept"
time="2026-08-16T17:53:41+08:00" level=info msg="[UE][NAS] UE 5G GUTI: &{119 11 [242 2 248 57 202 254 0 0 0 2 39]}"
time="2026-08-16T17:53:41+08:00" level=info msg="[UE] Switched from state 2 to state 3"
time="2026-08-16T17:53:41+08:00" level=info msg="[GNB][SCTP] Receive message in 0 stream\n"
time="2026-08-16T17:53:41+08:00" level=info msg="[GNB][NGAP] Receive UE Context Release Command"
time="2026-08-16T17:53:41+08:00" level=warning msg="[GNB][NGAP] AMF is trying to free the context of an unknown UE with RANUEID 652, ignoring"
time="2026-08-16T17:53:41+08:00" level=info msg="[GNB][SCTP] Receive message in 0 stream\n"
time="2026-08-16T17:53:41+08:00" level=info msg="[GNB][NGAP] Receive Initial Context Setup Request"
time="2026-08-16T17:53:41+08:00" level=info msg="[GNB][UE] UE Context was created with successful"
time="2026-08-16T17:53:41+08:00" level=info msg="[GNB][UE] UE RAN ID 85"
time="2026-08-16T17:53:41+08:00" level=info msg="[GNB][UE] UE AMF ID 884"
time="2026-08-16T17:53:41+08:00" level=info msg="[GNB][UE] UE Mobility Restrict --Plmn-- Mcc: 208 Mnc: 93"
time="2026-08-16T17:53:41+08:00" level=info msg="[GNB][UE] UE Masked Imeisv: 1110000000ffff00"
time="2026-08-16T17:53:41+08:00" level=info msg="[GNB][UE] Allowed Nssai-- Sst: [01 01] Sd: [010203 112233]"
time="2026-08-16T17:53:41+08:00" level=info msg="[GNB][NGAP][AMF] Send Initial Context Setup Response."
time="2026-08-16T17:53:41+08:00" level=info msg="[GNB] Initiating Initial Context Setup Response"
time="2026-08-16T17:53:41+08:00" level=info msg="[GNB][NGAP] No PDU Session to set up in InitialContextSetupResponse."
time="2026-08-16T17:53:41+08:00" level=info msg="[UE][NAS] Message with security header"
time="2026-08-16T17:53:41+08:00" level=info msg="[UE][NAS] Message with integrity and ciphered"
time="2026-08-16T17:53:41+08:00" level=info msg="[UE][NAS] successful NAS CIPHERING"
time="2026-08-16T17:53:41+08:00" level=info msg="[UE][NAS] successful NAS MAC verification"
time="2026-08-16T17:53:41+08:00" level=info msg="[UE][NAS] Receive Registration Accept"
time="2026-08-16T17:53:41+08:00" level=info msg="[UE][NAS] UE 5G GUTI: &{119 11 [242 2 248 57 202 254 0 0 0 2 62]}"
time="2026-08-16T17:53:41+08:00" level=info msg="[UE] Switched from state 2 to state 3"
time="2026-08-16T17:53:41+08:00" level=info msg="[GNB][SCTP] Receive message in 0 stream\n"
time="2026-08-16T17:53:41+08:00" level=info msg="[GNB][NGAP] Receive UE Context Release Command"
time="2026-08-16T17:53:41+08:00" level=warning msg="[GNB][NGAP] AMF is trying to free the context of an unknown UE with RANUEID 688, ignoring"
time="2026-08-16T17:53:41+08:00" level=info msg="[GNB][SCTP] Receive message in 0 stream\n"
time="2026-08-16T17:53:41+08:00" level=info msg="[GNB][NGAP] Receive Downlink NAS Transport"
time="2026-08-16T17:53:41+08:00" level=info msg="[UE][NAS] Message with security header"
time="2026-08-16T17:53:41+08:00" level=info msg="[UE][NAS] Message with integrity and with NEW 5G NAS SECURITY CONTEXT"
time="2026-08-16T17:53:41+08:00" level=info msg="[UE][NAS] successful NAS MAC verification"
time="2026-08-16T17:53:41+08:00" level=info msg="[UE][NAS] Receive Security Mode Command"
time="2026-08-16T17:53:41+08:00" level=info msg="[UE][NAS] Type of ciphering algorithm is 5G-EA0"
time="2026-08-16T17:53:41+08:00" level=info msg="[UE][NAS] Type of integrity protection algorithm is 128-5G-IA2"
time="2026-08-16T17:53:41+08:00" level=info msg="[GNB][SCTP] Receive message in 0 stream\n"
time="2026-08-16T17:53:41+08:00" level=info msg="[GNB][NGAP] Receive Downlink NAS Transport"
time="2026-08-16T17:53:41+08:00" level=info msg="[UE][NAS] Message without security header"
time="2026-08-16T17:53:41+08:00" level=info msg="[UE][NAS] Receive Authentication Request"
time="2026-08-16T17:53:41+08:00" level=info msg="[UE][NAS][MAC] Authenticity of the authentication request message: OK"
time="2026-08-16T17:53:41+08:00" level=info msg="[UE][NAS][SQN] SQN of the authentication request message: VALID"
time="2026-08-16T17:53:41+08:00" level=info msg="[UE][NAS] Send authentication response"
time="2026-08-16T17:53:41+08:00" level=info msg="[UE] Switched from state 2 to state 2"
time="2026-08-16T17:53:41+08:00" level=info msg="[GNB][SCTP] Receive message in 0 stream\n"
time="2026-08-16T17:53:41+08:00" level=info msg="[GNB][NGAP] Receive Downlink NAS Transport"
time="2026-08-16T17:53:41+08:00" level=info msg="[UE][NAS] Message with security header"
time="2026-08-16T17:53:41+08:00" level=info msg="[UE][NAS] Message with integrity and with NEW 5G NAS SECURITY CONTEXT"
time="2026-08-16T17:53:41+08:00" level=info msg="[UE][NAS] successful NAS MAC verification"
time="2026-08-16T17:53:41+08:00" level=info msg="[UE][NAS] Receive Security Mode Command"
time="2026-08-16T17:53:41+08:00" level=info msg="[UE][NAS] Type of ciphering algorithm is 5G-EA0"
time="2026-08-16T17:53:41+08:00" level=info msg="[UE][NAS] Type of integrity protection algorithm is 128-5G-IA2"
time="2026-08-16T17:53:41+08:00" level=info msg="[GNB][SCTP] Receive message in 0 stream\n"
time="2026-08-16T17:53:41+08:00" level=info msg="[GNB][NGAP] Receive Downlink NAS Transport"
time="2026-08-16T17:53:41+08:00" level=info msg="[UE][NAS] Message with security header"
time="2026-08-16T17:53:41+08:00" level=info msg="[UE][NAS] Message with integrity and with NEW 5G NAS SECURITY CONTEXT"
time="2026-08-16T17:53:41+08:00" level=info msg="[UE][NAS] successful NAS MAC verification"
time="2026-08-16T17:53:41+08:00" level=info msg="[UE][NAS] Receive Security Mode Command"
time="2026-08-16T17:53:41+08:00" level=info msg="[UE][NAS] Type of ciphering algorithm is 5G-EA0"
time="2026-08-16T17:53:41+08:00" level=info msg="[UE][NAS] Type of integrity protection algorithm is 128-5G-IA2"
time="2026-08-16T17:53:41+08:00" level=info msg="[GNB][SCTP] Receive message in 0 stream\n"
time="2026-08-16T17:53:41+08:00" level=info msg="[GNB][NGAP] Receive Downlink NAS Transport"
time="2026-08-16T17:53:41+08:00" level=info msg="[UE][NAS] Message with security header"
time="2026-08-16T17:53:41+08:00" level=info msg="[UE][NAS] Message with integrity and with NEW 5G NAS SECURITY CONTEXT"
time="2026-08-16T17:53:41+08:00" level=info msg="[UE][NAS] successful NAS MAC verification"
time="2026-08-16T17:53:41+08:00" level=info msg="[UE][NAS] Receive Security Mode Command"
time="2026-08-16T17:53:41+08:00" level=info msg="[UE][NAS] Type of ciphering algorithm is 5G-EA0"
time="2026-08-16T17:53:41+08:00" level=info msg="[UE][NAS] Type of integrity protection algorithm is 128-5G-IA2"
time="2026-08-16T17:53:41+08:00" level=info msg="[GNB][SCTP] Receive message in 0 stream\n"
time="2026-08-16T17:53:41+08:00" level=info msg="[GNB][NGAP] Receive Downlink NAS Transport"
time="2026-08-16T17:53:41+08:00" level=info msg="[UE][NAS] Message without security header"
time="2026-08-16T17:53:41+08:00" level=info msg="[UE][NAS] Receive Authentication Request"
time="2026-08-16T17:53:41+08:00" level=info msg="[UE][NAS][MAC] Authenticity of the authentication request message: OK"
time="2026-08-16T17:53:41+08:00" level=info msg="[UE][NAS][SQN] SQN of the authentication request message: VALID"
time="2026-08-16T17:53:41+08:00" level=info msg="[UE][NAS] Send authentication response"
time="2026-08-16T17:53:41+08:00" level=info msg="[UE] Switched from state 2 to state 2"
time="2026-08-16T17:53:41+08:00" level=info msg="[GNB][SCTP] Receive message in 0 stream\n"
time="2026-08-16T17:53:41+08:00" level=info msg="[GNB][NGAP] Receive Initial Context Setup Request"
time="2026-08-16T17:53:41+08:00" level=info msg="[GNB][UE] UE Context was created with successful"
time="2026-08-16T17:53:41+08:00" level=info msg="[GNB][UE] UE RAN ID 89"
time="2026-08-16T17:53:41+08:00" level=info msg="[GNB][UE] UE AMF ID 888"
time="2026-08-16T17:53:41+08:00" level=info msg="[GNB][UE] UE Mobility Restrict --Plmn-- Mcc: 208 Mnc: 93"
time="2026-08-16T17:53:41+08:00" level=info msg="[GNB][UE] UE Masked Imeisv: 1110000000ffff00"
time="2026-08-16T17:53:41+08:00" level=info msg="[GNB][UE] Allowed Nssai-- Sst: [01 01] Sd: [010203 112233]"
time="2026-08-16T17:53:41+08:00" level=info msg="[GNB][NGAP][AMF] Send Initial Context Setup Response."
time="2026-08-16T17:53:41+08:00" level=info msg="[GNB] Initiating Initial Context Setup Response"
time="2026-08-16T17:53:41+08:00" level=info msg="[GNB][NGAP] No PDU Session to set up in InitialContextSetupResponse."
time="2026-08-16T17:53:41+08:00" level=info msg="[UE][NAS] Message with security header"
time="2026-08-16T17:53:41+08:00" level=info msg="[UE][NAS] Message with integrity and ciphered"
time="2026-08-16T17:53:41+08:00" level=info msg="[UE][NAS] successful NAS CIPHERING"
time="2026-08-16T17:53:41+08:00" level=info msg="[UE][NAS] successful NAS MAC verification"
time="2026-08-16T17:53:41+08:00" level=info msg="[UE][NAS] Receive Registration Accept"
time="2026-08-16T17:53:41+08:00" level=info msg="[UE][NAS] UE 5G GUTI: &{119 11 [242 2 248 57 202 254 0 0 0 2 68]}"
time="2026-08-16T17:53:41+08:00" level=info msg="[UE] Switched from state 2 to state 3"
time="2026-08-16T17:53:41+08:00" level=info msg="[GNB][SCTP] Receive message in 0 stream\n"
time="2026-08-16T17:53:41+08:00" level=info msg="[GNB][NGAP] Receive UE Context Release Command"
time="2026-08-16T17:53:41+08:00" level=warning msg="[GNB][NGAP] AMF is trying to free the context of an unknown UE with RANUEID 695, ignoring"
time="2026-08-16T17:53:41+08:00" level=info msg="[GNB][SCTP] Receive message in 0 stream\n"
time="2026-08-16T17:53:41+08:00" level=info msg="[GNB][NGAP] Receive Initial Context Setup Request"
time="2026-08-16T17:53:41+08:00" level=info msg="[GNB][UE] UE Context was created with successful"
time="2026-08-16T17:53:41+08:00" level=info msg="[GNB][UE] UE RAN ID 53"
time="2026-08-16T17:53:41+08:00" level=info msg="[GNB][UE] UE AMF ID 852"
time="2026-08-16T17:53:41+08:00" level=info msg="[GNB][UE] UE Mobility Restrict --Plmn-- Mcc: 208 Mnc: 93"
time="2026-08-16T17:53:41+08:00" level=info msg="[GNB][UE] UE Masked Imeisv: 1110000000ffff00"
time="2026-08-16T17:53:41+08:00" level=info msg="[GNB][UE] Allowed Nssai-- Sst: [01 01] Sd: [010203 112233]"
time="2026-08-16T17:53:41+08:00" level=info msg="[GNB][NGAP][AMF] Send Initial Context Setup Response."
time="2026-08-16T17:53:41+08:00" level=info msg="[GNB] Initiating Initial Context Setup Response"
time="2026-08-16T17:53:41+08:00" level=info msg="[GNB][NGAP] No PDU Session to set up in InitialContextSetupResponse."
time="2026-08-16T17:53:41+08:00" level=info msg="[UE][NAS] Message with security header"
time="2026-08-16T17:53:41+08:00" level=info msg="[UE][NAS] Message with integrity and ciphered"
time="2026-08-16T17:53:41+08:00" level=info msg="[UE][NAS] successful NAS CIPHERING"
time="2026-08-16T17:53:41+08:00" level=info msg="[UE][NAS] successful NAS MAC verification"
time="2026-08-16T17:53:41+08:00" level=info msg="[UE][NAS] Receive Registration Accept"
time="2026-08-16T17:53:41+08:00" level=info msg="[UE][NAS] UE 5G GUTI: &{119 11 [242 2 248 57 202 254 0 0 0 2 44]}"
time="2026-08-16T17:53:41+08:00" level=info msg="[UE] Switched from state 2 to state 3"
time="2026-08-16T17:53:41+08:00" level=info msg="[GNB][SCTP] Receive message in 0 stream\n"
time="2026-08-16T17:53:41+08:00" level=info msg="[GNB][NGAP] Receive UE Context Release Command"
time="2026-08-16T17:53:41+08:00" level=warning msg="[GNB][NGAP] AMF is trying to free the context of an unknown UE with RANUEID 659, ignoring"
time="2026-08-16T17:53:41+08:00" level=info msg="[GNB][SCTP] Receive message in 0 stream\n"
time="2026-08-16T17:53:41+08:00" level=info msg="[GNB][NGAP] Receive Initial Context Setup Request"
time="2026-08-16T17:53:41+08:00" level=info msg="[GNB][UE] UE Context was created with successful"
time="2026-08-16T17:53:41+08:00" level=info msg="[GNB][UE] UE RAN ID 60"
time="2026-08-16T17:53:41+08:00" level=info msg="[GNB][UE] UE AMF ID 859"
time="2026-08-16T17:53:41+08:00" level=info msg="[GNB][UE] UE Mobility Restrict --Plmn-- Mcc: 208 Mnc: 93"
time="2026-08-16T17:53:41+08:00" level=info msg="[GNB][UE] UE Masked Imeisv: 1110000000ffff00"
time="2026-08-16T17:53:41+08:00" level=info msg="[GNB][UE] Allowed Nssai-- Sst: [01 01] Sd: [010203 112233]"
time="2026-08-16T17:53:41+08:00" level=info msg="[GNB][NGAP][AMF] Send Initial Context Setup Response."
time="2026-08-16T17:53:41+08:00" level=info msg="[GNB] Initiating Initial Context Setup Response"
time="2026-08-16T17:53:41+08:00" level=info msg="[GNB][NGAP] No PDU Session to set up in InitialContextSetupResponse."
time="2026-08-16T17:53:41+08:00" level=info msg="[UE][NAS] Message with security header"
time="2026-08-16T17:53:41+08:00" level=info msg="[UE][NAS] Message with integrity and ciphered"
time="2026-08-16T17:53:41+08:00" level=info msg="[UE][NAS] successful NAS CIPHERING"
time="2026-08-16T17:53:41+08:00" level=info msg="[UE][NAS] successful NAS MAC verification"
time="2026-08-16T17:53:41+08:00" level=info msg="[UE][NAS] Receive Registration Accept"
time="2026-08-16T17:53:41+08:00" level=info msg="[UE][NAS] UE 5G GUTI: &{119 11 [242 2 248 57 202 254 0 0 0 2 51]}"
time="2026-08-16T17:53:41+08:00" level=info msg="[UE] Switched from state 2 to state 3"
time="2026-08-16T17:53:41+08:00" level=info msg="[GNB][SCTP] Receive message in 0 stream\n"
time="2026-08-16T17:53:41+08:00" level=info msg="[GNB][NGAP] Receive UE Context Release Command"
time="2026-08-16T17:53:41+08:00" level=warning msg="[GNB][NGAP] AMF is trying to free the context of an unknown UE with RANUEID 671, ignoring"
time="2026-08-16T17:53:41+08:00" level=info msg="[GNB][SCTP] Receive message in 0 stream\n"
time="2026-08-16T17:53:41+08:00" level=info msg="[GNB][NGAP] Receive Downlink NAS Transport"
time="2026-08-16T17:53:41+08:00" level=info msg="[UE][NAS] Message with security header"
time="2026-08-16T17:53:41+08:00" level=info msg="[UE][NAS] Message with integrity and with NEW 5G NAS SECURITY CONTEXT"
time="2026-08-16T17:53:41+08:00" level=info msg="[UE][NAS] successful NAS MAC verification"
time="2026-08-16T17:53:41+08:00" level=info msg="[UE][NAS] Receive Security Mode Command"
time="2026-08-16T17:53:41+08:00" level=info msg="[UE][NAS] Type of ciphering algorithm is 5G-EA0"
time="2026-08-16T17:53:41+08:00" level=info msg="[UE][NAS] Type of integrity protection algorithm is 128-5G-IA2"
time="2026-08-16T17:53:41+08:00" level=info msg="[GNB][SCTP] Receive message in 0 stream\n"
time="2026-08-16T17:53:41+08:00" level=info msg="[GNB][NGAP] Receive UE Context Release Command"
time="2026-08-16T17:53:41+08:00" level=warning msg="[GNB][NGAP] AMF is trying to free the context of an unknown UE with RANUEID 665, ignoring"
time="2026-08-16T17:53:41+08:00" level=info msg="[GNB][SCTP] Receive message in 0 stream\n"
time="2026-08-16T17:53:41+08:00" level=info msg="[GNB][NGAP] Receive Downlink NAS Transport"
time="2026-08-16T17:53:41+08:00" level=info msg="[UE][NAS] Message without security header"
time="2026-08-16T17:53:41+08:00" level=info msg="[UE][NAS] Receive Authentication Request"
time="2026-08-16T17:53:41+08:00" level=info msg="[UE][NAS][MAC] Authenticity of the authentication request message: OK"
time="2026-08-16T17:53:41+08:00" level=info msg="[UE][NAS][SQN] SQN of the authentication request message: VALID"
time="2026-08-16T17:53:41+08:00" level=info msg="[UE][NAS] Send authentication response"
time="2026-08-16T17:53:41+08:00" level=info msg="[UE] Switched from state 2 to state 2"
time="2026-08-16T17:53:41+08:00" level=info msg="[GNB][SCTP] Receive message in 0 stream\n"
time="2026-08-16T17:53:41+08:00" level=info msg="[GNB][SCTP] Receive message in 0 stream\n"
time="2026-08-16T17:53:41+08:00" level=info msg="[GNB][SCTP] Receive message in 0 stream\n"
time="2026-08-16T17:53:41+08:00" level=info msg="[GNB][SCTP] Receive message in 0 stream\n"
time="2026-08-16T17:53:41+08:00" level=info msg="[GNB][SCTP] Receive message in 0 stream\n"
time="2026-08-16T17:53:41+08:00" level=info msg="[GNB][NGAP] Receive UE Context Release Command"
time="2026-08-16T17:53:41+08:00" level=warning msg="[GNB][NGAP] AMF is trying to free the context of an unknown UE with RANUEID 677, ignoring"
time="2026-08-16T17:53:41+08:00" level=info msg="[GNB][NGAP] Receive UE Context Release Command"
time="2026-08-16T17:53:41+08:00" level=warning msg="[GNB][NGAP] AMF is trying to free the context of an unknown UE with RANUEID 662, ignoring"
time="2026-08-16T17:53:41+08:00" level=info msg="[GNB][NGAP] Receive Initial Context Setup Request"
time="2026-08-16T17:53:41+08:00" level=info msg="[GNB][UE] UE Context was created with successful"
time="2026-08-16T17:53:41+08:00" level=info msg="[GNB][UE] UE RAN ID 51"
time="2026-08-16T17:53:41+08:00" level=info msg="[GNB][UE] UE AMF ID 850"
time="2026-08-16T17:53:41+08:00" level=info msg="[GNB][UE] UE Mobility Restrict --Plmn-- Mcc: 208 Mnc: 93"
time="2026-08-16T17:53:41+08:00" level=info msg="[GNB][UE] UE Masked Imeisv: 1110000000ffff00"
time="2026-08-16T17:53:41+08:00" level=info msg="[GNB][UE] Allowed Nssai-- Sst: [01 01] Sd: [010203 112233]"
time="2026-08-16T17:53:41+08:00" level=info msg="[GNB][NGAP][AMF] Send Initial Context Setup Response."
time="2026-08-16T17:53:41+08:00" level=info msg="[GNB] Initiating Initial Context Setup Response"
time="2026-08-16T17:53:41+08:00" level=info msg="[GNB][NGAP] No PDU Session to set up in InitialContextSetupResponse."
time="2026-08-16T17:53:41+08:00" level=info msg="[UE][NAS] Message with security header"
time="2026-08-16T17:53:41+08:00" level=info msg="[UE][NAS] Message with integrity and ciphered"
time="2026-08-16T17:53:41+08:00" level=info msg="[UE][NAS] successful NAS CIPHERING"
time="2026-08-16T17:53:41+08:00" level=info msg="[UE][NAS] successful NAS MAC verification"
time="2026-08-16T17:53:41+08:00" level=info msg="[UE][NAS] Receive Registration Accept"
time="2026-08-16T17:53:41+08:00" level=info msg="[UE][NAS] UE 5G GUTI: &{119 11 [242 2 248 57 202 254 0 0 0 2 54]}"
time="2026-08-16T17:53:41+08:00" level=info msg="[GNB][NGAP] Receive Initial Context Setup Request"
time="2026-08-16T17:53:41+08:00" level=info msg="[GNB][UE] UE Context was created with successful"
time="2026-08-16T17:53:41+08:00" level=info msg="[GNB][UE] UE RAN ID 15"
time="2026-08-16T17:53:41+08:00" level=info msg="[GNB][UE] UE AMF ID 814"
time="2026-08-16T17:53:41+08:00" level=info msg="[GNB][UE] UE Mobility Restrict --Plmn-- Mcc: 208 Mnc: 93"
time="2026-08-16T17:53:41+08:00" level=info msg="[GNB][UE] UE Masked Imeisv: 1110000000ffff00"
time="2026-08-16T17:53:41+08:00" level=info msg="[GNB][UE] Allowed Nssai-- Sst: [01 01] Sd: [010203 112233]"
time="2026-08-16T17:53:41+08:00" level=info msg="[GNB][NGAP][AMF] Send Initial Context Setup Response."
time="2026-08-16T17:53:41+08:00" level=info msg="[GNB] Initiating Initial Context Setup Response"
time="2026-08-16T17:53:41+08:00" level=info msg="[GNB][NGAP] No PDU Session to set up in InitialContextSetupResponse."
time="2026-08-16T17:53:41+08:00" level=info msg="[UE] Switched from state 2 to state 3"
time="2026-08-16T17:53:41+08:00" level=info msg="[UE][NAS] Message with security header"
time="2026-08-16T17:53:41+08:00" level=info msg="[UE][NAS] Message with integrity and ciphered"
time="2026-08-16T17:53:41+08:00" level=info msg="[UE][NAS] successful NAS CIPHERING"
time="2026-08-16T17:53:41+08:00" level=info msg="[UE][NAS] successful NAS MAC verification"
time="2026-08-16T17:53:41+08:00" level=info msg="[UE][NAS] Receive Registration Accept"
time="2026-08-16T17:53:41+08:00" level=info msg="[UE][NAS] UE 5G GUTI: &{119 11 [242 2 248 57 202 254 0 0 0 2 29]}"
time="2026-08-16T17:53:41+08:00" level=info msg="[UE] Switched from state 2 to state 3"
time="2026-08-16T17:53:41+08:00" level=info msg="[GNB][NGAP] Receive Initial Context Setup Request"
time="2026-08-16T17:53:41+08:00" level=info msg="[GNB][UE] UE Context was created with successful"
time="2026-08-16T17:53:41+08:00" level=info msg="[GNB][UE] UE RAN ID 72"
time="2026-08-16T17:53:41+08:00" level=info msg="[GNB][UE] UE AMF ID 871"
time="2026-08-16T17:53:41+08:00" level=info msg="[GNB][UE] UE Mobility Restrict --Plmn-- Mcc: 208 Mnc: 93"
time="2026-08-16T17:53:41+08:00" level=info msg="[GNB][UE] UE Masked Imeisv: 1110000000ffff00"
time="2026-08-16T17:53:41+08:00" level=info msg="[GNB][UE] Allowed Nssai-- Sst: [01 01] Sd: [010203 112233]"
time="2026-08-16T17:53:41+08:00" level=info msg="[GNB][NGAP][AMF] Send Initial Context Setup Response."
time="2026-08-16T17:53:41+08:00" level=info msg="[GNB] Initiating Initial Context Setup Response"
time="2026-08-16T17:53:41+08:00" level=info msg="[GNB][NGAP] No PDU Session to set up in InitialContextSetupResponse."
time="2026-08-16T17:53:41+08:00" level=info msg="[GNB][SCTP] Receive message in 0 stream\n"
time="2026-08-16T17:53:41+08:00" level=info msg="[GNB][NGAP] Receive UE Context Release Command"
time="2026-08-16T17:53:41+08:00" level=warning msg="[GNB][NGAP] AMF is trying to free the context of an unknown UE with RANUEID 634, ignoring"
time="2026-08-16T17:53:41+08:00" level=info msg="[UE][NAS] Message with security header"
time="2026-08-16T17:53:41+08:00" level=info msg="[UE][NAS] Message with integrity and ciphered"
time="2026-08-16T17:53:41+08:00" level=info msg="[UE][NAS] successful NAS CIPHERING"
time="2026-08-16T17:53:41+08:00" level=info msg="[UE][NAS] successful NAS MAC verification"
time="2026-08-16T17:53:41+08:00" level=info msg="[UE][NAS] Receive Registration Accept"
time="2026-08-16T17:53:41+08:00" level=info msg="[UE][NAS] UE 5G GUTI: &{119 11 [242 2 248 57 202 254 0 0 0 2 57]}"
time="2026-08-16T17:53:41+08:00" level=info msg="[UE] Switched from state 2 to state 3"
time="2026-08-16T17:53:41+08:00" level=info msg="[GNB][SCTP] Receive message in 0 stream\n"
time="2026-08-16T17:53:41+08:00" level=info msg="[GNB][NGAP] Receive Initial Context Setup Request"
time="2026-08-16T17:53:41+08:00" level=info msg="[GNB][UE] UE Context was created with successful"
time="2026-08-16T17:53:41+08:00" level=info msg="[GNB][UE] UE RAN ID 66"
time="2026-08-16T17:53:41+08:00" level=info msg="[GNB][UE] UE AMF ID 865"
time="2026-08-16T17:53:41+08:00" level=info msg="[GNB][UE] UE Mobility Restrict --Plmn-- Mcc: 208 Mnc: 93"
time="2026-08-16T17:53:41+08:00" level=info msg="[GNB][UE] UE Masked Imeisv: 1110000000ffff00"
time="2026-08-16T17:53:41+08:00" level=info msg="[GNB][UE] Allowed Nssai-- Sst: [01 01] Sd: [010203 112233]"
time="2026-08-16T17:53:41+08:00" level=info msg="[GNB][NGAP][AMF] Send Initial Context Setup Response."
time="2026-08-16T17:53:41+08:00" level=info msg="[GNB] Initiating Initial Context Setup Response"
time="2026-08-16T17:53:41+08:00" level=info msg="[GNB][NGAP] No PDU Session to set up in InitialContextSetupResponse."
time="2026-08-16T17:53:41+08:00" level=info msg="[UE][NAS] Message with security header"
time="2026-08-16T17:53:41+08:00" level=info msg="[UE][NAS] Message with integrity and ciphered"
time="2026-08-16T17:53:41+08:00" level=info msg="[UE][NAS] successful NAS CIPHERING"
time="2026-08-16T17:53:41+08:00" level=info msg="[UE][NAS] successful NAS MAC verification"
time="2026-08-16T17:53:41+08:00" level=info msg="[UE][NAS] Receive Registration Accept"
time="2026-08-16T17:53:41+08:00" level=info msg="[UE][NAS] UE 5G GUTI: &{119 11 [242 2 248 57 202 254 0 0 0 2 53]}"
time="2026-08-16T17:53:41+08:00" level=info msg="[UE] Switched from state 2 to state 3"
time="2026-08-16T17:53:41+08:00" level=info msg="[GNB][SCTP] Receive message in 0 stream\n"
time="2026-08-16T17:53:41+08:00" level=info msg="[GNB][NGAP] Receive UE Context Release Command"
time="2026-08-16T17:53:41+08:00" level=warning msg="[GNB][NGAP] AMF is trying to free the context of an unknown UE with RANUEID 676, ignoring"
time="2026-08-16T17:53:41+08:00" level=info msg="[GNB][SCTP] Receive message in 0 stream\n"
time="2026-08-16T17:53:41+08:00" level=info msg="[GNB][NGAP] Receive Downlink NAS Transport"
time="2026-08-16T17:53:41+08:00" level=info msg="[UE][NAS] Message without security header"
time="2026-08-16T17:53:41+08:00" level=info msg="[UE][NAS] Receive Authentication Request"
time="2026-08-16T17:53:41+08:00" level=info msg="[UE][NAS][MAC] Authenticity of the authentication request message: OK"
time="2026-08-16T17:53:41+08:00" level=info msg="[UE][NAS][SQN] SQN of the authentication request message: VALID"
time="2026-08-16T17:53:41+08:00" level=info msg="[UE][NAS] Send authentication response"
time="2026-08-16T17:53:41+08:00" level=info msg="[UE] Switched from state 2 to state 2"
time="2026-08-16T17:53:41+08:00" level=info msg="[GNB][SCTP] Receive message in 0 stream\n"
time="2026-08-16T17:53:41+08:00" level=info msg="[GNB][NGAP] Receive Downlink NAS Transport"
time="2026-08-16T17:53:41+08:00" level=info msg="[UE][NAS] Message without security header"
time="2026-08-16T17:53:41+08:00" level=info msg="[UE][NAS] Receive Authentication Request"
time="2026-08-16T17:53:41+08:00" level=info msg="[UE][NAS][MAC] Authenticity of the authentication request message: OK"
time="2026-08-16T17:53:41+08:00" level=info msg="[UE][NAS][SQN] SQN of the authentication request message: VALID"
time="2026-08-16T17:53:41+08:00" level=info msg="[UE][NAS] Send authentication response"
time="2026-08-16T17:53:41+08:00" level=info msg="[UE] Switched from state 2 to state 2"
time="2026-08-16T17:53:41+08:00" level=info msg="[GNB][SCTP] Receive message in 0 stream\n"
time="2026-08-16T17:53:41+08:00" level=info msg="[GNB][NGAP] Receive Downlink NAS Transport"
time="2026-08-16T17:53:41+08:00" level=info msg="[UE][NAS] Message without security header"
time="2026-08-16T17:53:41+08:00" level=info msg="[UE][NAS] Receive Authentication Request"
time="2026-08-16T17:53:41+08:00" level=info msg="[UE][NAS][MAC] Authenticity of the authentication request message: OK"
time="2026-08-16T17:53:41+08:00" level=info msg="[UE][NAS][SQN] SQN of the authentication request message: VALID"
time="2026-08-16T17:53:41+08:00" level=info msg="[UE][NAS] Send authentication response"
time="2026-08-16T17:53:41+08:00" level=info msg="[UE] Switched from state 2 to state 2"
time="2026-08-16T17:53:42+08:00" level=info msg="[GNB][SCTP] Receive message in 0 stream\n"
time="2026-08-16T17:53:42+08:00" level=info msg="[GNB][NGAP] Receive Downlink NAS Transport"
time="2026-08-16T17:53:42+08:00" level=info msg="[UE][NAS] Message without security header"
time="2026-08-16T17:53:42+08:00" level=info msg="[UE][NAS] Receive Authentication Request"
time="2026-08-16T17:53:42+08:00" level=info msg="[UE][NAS][MAC] Authenticity of the authentication request message: OK"
time="2026-08-16T17:53:42+08:00" level=info msg="[UE][NAS][SQN] SQN of the authentication request message: VALID"
time="2026-08-16T17:53:42+08:00" level=info msg="[UE][NAS] Send authentication response"
time="2026-08-16T17:53:42+08:00" level=info msg="[UE] Switched from state 2 to state 2"
time="2026-08-16T17:53:42+08:00" level=info msg="[GNB][SCTP] Receive message in 0 stream\n"
time="2026-08-16T17:53:42+08:00" level=info msg="[GNB][NGAP] Receive Downlink NAS Transport"
time="2026-08-16T17:53:42+08:00" level=info msg="[UE][NAS] Message without security header"
time="2026-08-16T17:53:42+08:00" level=info msg="[UE][NAS] Receive Authentication Request"
time="2026-08-16T17:53:42+08:00" level=info msg="[UE][NAS][MAC] Authenticity of the authentication request message: OK"
time="2026-08-16T17:53:42+08:00" level=info msg="[UE][NAS][SQN] SQN of the authentication request message: VALID"
time="2026-08-16T17:53:42+08:00" level=info msg="[UE][NAS] Send authentication response"
time="2026-08-16T17:53:42+08:00" level=info msg="[UE] Switched from state 2 to state 2"
time="2026-08-16T17:53:42+08:00" level=info msg="[GNB][SCTP] Receive message in 0 stream\n"
time="2026-08-16T17:53:42+08:00" level=info msg="[GNB][NGAP] Receive Initial Context Setup Request"
time="2026-08-16T17:53:42+08:00" level=info msg="[GNB][UE] UE Context was created with successful"
time="2026-08-16T17:53:42+08:00" level=info msg="[GNB][UE] UE RAN ID 63"
time="2026-08-16T17:53:42+08:00" level=info msg="[GNB][UE] UE AMF ID 862"
time="2026-08-16T17:53:42+08:00" level=info msg="[GNB][UE] UE Mobility Restrict --Plmn-- Mcc: 208 Mnc: 93"
time="2026-08-16T17:53:42+08:00" level=info msg="[GNB][UE] UE Masked Imeisv: 1110000000ffff00"
time="2026-08-16T17:53:42+08:00" level=info msg="[GNB][UE] Allowed Nssai-- Sst: [01 01] Sd: [010203 112233]"
time="2026-08-16T17:53:42+08:00" level=info msg="[GNB][NGAP][AMF] Send Initial Context Setup Response."
time="2026-08-16T17:53:42+08:00" level=info msg="[GNB] Initiating Initial Context Setup Response"
time="2026-08-16T17:53:42+08:00" level=info msg="[GNB][NGAP] No PDU Session to set up in InitialContextSetupResponse."
time="2026-08-16T17:53:42+08:00" level=info msg="[UE][NAS] Message with security header"
time="2026-08-16T17:53:42+08:00" level=info msg="[UE][NAS] Message with integrity and ciphered"
time="2026-08-16T17:53:42+08:00" level=info msg="[UE][NAS] successful NAS CIPHERING"
time="2026-08-16T17:53:42+08:00" level=info msg="[UE][NAS] successful NAS MAC verification"
time="2026-08-16T17:53:42+08:00" level=info msg="[UE][NAS] Receive Registration Accept"
time="2026-08-16T17:53:42+08:00" level=info msg="[UE][NAS] UE 5G GUTI: &{119 11 [242 2 248 57 202 254 0 0 0 2 61]}"
time="2026-08-16T17:53:42+08:00" level=info msg="[UE] Switched from state 2 to state 3"
time="2026-08-16T17:53:42+08:00" level=info msg="[GNB][SCTP] Receive message in 0 stream\n"
time="2026-08-16T17:53:42+08:00" level=info msg="[GNB][NGAP] Receive UE Context Release Command"
time="2026-08-16T17:53:42+08:00" level=warning msg="[GNB][NGAP] AMF is trying to free the context of an unknown UE with RANUEID 683, ignoring"
time="2026-08-16T17:53:42+08:00" level=info msg="[GNB][SCTP] Receive message in 0 stream\n"
time="2026-08-16T17:53:42+08:00" level=info msg="[GNB][NGAP] Receive Initial Context Setup Request"
time="2026-08-16T17:53:42+08:00" level=info msg="[GNB][UE] UE Context was created with successful"
time="2026-08-16T17:53:42+08:00" level=info msg="[GNB][UE] UE RAN ID 35"
time="2026-08-16T17:53:42+08:00" level=info msg="[GNB][UE] UE AMF ID 834"
time="2026-08-16T17:53:42+08:00" level=info msg="[GNB][UE] UE Mobility Restrict --Plmn-- Mcc: 208 Mnc: 93"
time="2026-08-16T17:53:42+08:00" level=info msg="[GNB][UE] UE Masked Imeisv: 1110000000ffff00"
time="2026-08-16T17:53:42+08:00" level=info msg="[GNB][UE] Allowed Nssai-- Sst: [01 01] Sd: [010203 112233]"
time="2026-08-16T17:53:42+08:00" level=info msg="[GNB][NGAP][AMF] Send Initial Context Setup Response."
time="2026-08-16T17:53:42+08:00" level=info msg="[GNB] Initiating Initial Context Setup Response"
time="2026-08-16T17:53:42+08:00" level=info msg="[GNB][NGAP] No PDU Session to set up in InitialContextSetupResponse."
time="2026-08-16T17:53:42+08:00" level=info msg="[UE][NAS] Message with security header"
time="2026-08-16T17:53:42+08:00" level=info msg="[UE][NAS] Message with integrity and ciphered"
time="2026-08-16T17:53:42+08:00" level=info msg="[UE][NAS] successful NAS CIPHERING"
time="2026-08-16T17:53:42+08:00" level=info msg="[UE][NAS] successful NAS MAC verification"
time="2026-08-16T17:53:42+08:00" level=info msg="[UE][NAS] Receive Registration Accept"
time="2026-08-16T17:53:42+08:00" level=info msg="[UE][NAS] UE 5G GUTI: &{119 11 [242 2 248 57 202 254 0 0 0 2 35]}"
time="2026-08-16T17:53:42+08:00" level=info msg="[UE] Switched from state 2 to state 3"
time="2026-08-16T17:53:42+08:00" level=info msg="[GNB][SCTP] Receive message in 0 stream\n"
time="2026-08-16T17:53:42+08:00" level=info msg="[GNB][NGAP] Receive UE Context Release Command"
time="2026-08-16T17:53:42+08:00" level=warning msg="[GNB][NGAP] AMF is trying to free the context of an unknown UE with RANUEID 647, ignoring"
time="2026-08-16T17:53:42+08:00" level=info msg="[GNB][SCTP] Receive message in 0 stream\n"
time="2026-08-16T17:53:42+08:00" level=info msg="[GNB][NGAP] Receive Initial Context Setup Request"
time="2026-08-16T17:53:42+08:00" level=info msg="[GNB][UE] UE Context was created with successful"
time="2026-08-16T17:53:42+08:00" level=info msg="[GNB][UE] UE RAN ID 77"
time="2026-08-16T17:53:42+08:00" level=info msg="[GNB][UE] UE AMF ID 876"
time="2026-08-16T17:53:42+08:00" level=info msg="[GNB][UE] UE Mobility Restrict --Plmn-- Mcc: 208 Mnc: 93"
time="2026-08-16T17:53:42+08:00" level=info msg="[GNB][UE] UE Masked Imeisv: 1110000000ffff00"
time="2026-08-16T17:53:42+08:00" level=info msg="[GNB][UE] Allowed Nssai-- Sst: [01 01] Sd: [010203 112233]"
time="2026-08-16T17:53:42+08:00" level=info msg="[GNB][NGAP][AMF] Send Initial Context Setup Response."
time="2026-08-16T17:53:42+08:00" level=info msg="[GNB] Initiating Initial Context Setup Response"
time="2026-08-16T17:53:42+08:00" level=info msg="[GNB][NGAP] No PDU Session to set up in InitialContextSetupResponse."
time="2026-08-16T17:53:42+08:00" level=info msg="[UE][NAS] Message with security header"
time="2026-08-16T17:53:42+08:00" level=info msg="[UE][NAS] Message with integrity and ciphered"
time="2026-08-16T17:53:42+08:00" level=info msg="[UE][NAS] successful NAS CIPHERING"
time="2026-08-16T17:53:42+08:00" level=info msg="[UE][NAS] successful NAS MAC verification"
time="2026-08-16T17:53:42+08:00" level=info msg="[UE][NAS] Receive Registration Accept"
time="2026-08-16T17:53:42+08:00" level=info msg="[UE][NAS] UE 5G GUTI: &{119 11 [242 2 248 57 202 254 0 0 0 2 60]}"
time="2026-08-16T17:53:42+08:00" level=info msg="[GNB][SCTP] Receive message in 0 stream\n"
time="2026-08-16T17:53:42+08:00" level=info msg="[UE] Switched from state 2 to state 3"
time="2026-08-16T17:53:42+08:00" level=info msg="[GNB][NGAP] Receive UE Context Release Command"
time="2026-08-16T17:53:42+08:00" level=warning msg="[GNB][NGAP] AMF is trying to free the context of an unknown UE with RANUEID 690, ignoring"
time="2026-08-16T17:53:42+08:00" level=info msg="[GNB][SCTP] Receive message in 0 stream\n"
time="2026-08-16T17:53:42+08:00" level=info msg="[GNB][NGAP] Receive Downlink NAS Transport"
time="2026-08-16T17:53:42+08:00" level=info msg="[UE][NAS] Message without security header"
time="2026-08-16T17:53:42+08:00" level=info msg="[UE][NAS] Receive Authentication Request"
time="2026-08-16T17:53:42+08:00" level=info msg="[UE][NAS][MAC] Authenticity of the authentication request message: OK"
time="2026-08-16T17:53:42+08:00" level=info msg="[UE][NAS][SQN] SQN of the authentication request message: VALID"
time="2026-08-16T17:53:42+08:00" level=info msg="[UE][NAS] Send authentication response"
time="2026-08-16T17:53:42+08:00" level=info msg="[UE] Switched from state 2 to state 2"
time="2026-08-16T17:53:42+08:00" level=info msg="[GNB][SCTP] Receive message in 0 stream\n"
time="2026-08-16T17:53:42+08:00" level=info msg="[GNB][NGAP] Receive Downlink NAS Transport"
time="2026-08-16T17:53:42+08:00" level=info msg="[UE][NAS] Message without security header"
time="2026-08-16T17:53:42+08:00" level=info msg="[UE][NAS] Receive Authentication Request"
time="2026-08-16T17:53:42+08:00" level=info msg="[UE][NAS][MAC] Authenticity of the authentication request message: OK"
time="2026-08-16T17:53:42+08:00" level=info msg="[UE][NAS][SQN] SQN of the authentication request message: VALID"
time="2026-08-16T17:53:42+08:00" level=info msg="[UE][NAS] Send authentication response"
time="2026-08-16T17:53:42+08:00" level=info msg="[UE] Switched from state 2 to state 2"
time="2026-08-16T17:53:42+08:00" level=info msg="[GNB][SCTP] Receive message in 0 stream\n"
time="2026-08-16T17:53:42+08:00" level=info msg="[GNB][NGAP] Receive Initial Context Setup Request"
time="2026-08-16T17:53:42+08:00" level=info msg="[GNB][UE] UE Context was created with successful"
time="2026-08-16T17:53:42+08:00" level=info msg="[GNB][UE] UE RAN ID 84"
time="2026-08-16T17:53:42+08:00" level=info msg="[GNB][UE] UE AMF ID 883"
time="2026-08-16T17:53:42+08:00" level=info msg="[GNB][UE] UE Mobility Restrict --Plmn-- Mcc: 208 Mnc: 93"
time="2026-08-16T17:53:42+08:00" level=info msg="[GNB][UE] UE Masked Imeisv: 1110000000ffff00"
time="2026-08-16T17:53:42+08:00" level=info msg="[GNB][UE] Allowed Nssai-- Sst: [01 01] Sd: [010203 112233]"
time="2026-08-16T17:53:42+08:00" level=info msg="[GNB][NGAP][AMF] Send Initial Context Setup Response."
time="2026-08-16T17:53:42+08:00" level=info msg="[GNB] Initiating Initial Context Setup Response"
time="2026-08-16T17:53:42+08:00" level=info msg="[GNB][NGAP] No PDU Session to set up in InitialContextSetupResponse."
time="2026-08-16T17:53:42+08:00" level=info msg="[UE][NAS] Message with security header"
time="2026-08-16T17:53:42+08:00" level=info msg="[UE][NAS] Message with integrity and ciphered"
time="2026-08-16T17:53:42+08:00" level=info msg="[UE][NAS] successful NAS CIPHERING"
time="2026-08-16T17:53:42+08:00" level=info msg="[UE][NAS] successful NAS MAC verification"
time="2026-08-16T17:53:42+08:00" level=info msg="[UE][NAS] Receive Registration Accept"
time="2026-08-16T17:53:42+08:00" level=info msg="[UE][NAS] UE 5G GUTI: &{119 11 [242 2 248 57 202 254 0 0 0 2 67]}"
time="2026-08-16T17:53:42+08:00" level=info msg="[GNB][SCTP] Receive message in 0 stream\n"
time="2026-08-16T17:53:42+08:00" level=info msg="[GNB][NGAP] Receive UE Context Release Command"
time="2026-08-16T17:53:42+08:00" level=warning msg="[GNB][NGAP] AMF is trying to free the context of an unknown UE with RANUEID 680, ignoring"
time="2026-08-16T17:53:42+08:00" level=info msg="[UE] Switched from state 2 to state 3"
time="2026-08-16T17:53:42+08:00" level=info msg="[GNB][SCTP] Receive message in 0 stream\n"
time="2026-08-16T17:53:42+08:00" level=info msg="[GNB][NGAP] Receive Downlink NAS Transport"
time="2026-08-16T17:53:42+08:00" level=info msg="[UE][NAS] Message without security header"
time="2026-08-16T17:53:42+08:00" level=info msg="[UE][NAS] Receive Authentication Request"
time="2026-08-16T17:53:42+08:00" level=info msg="[UE][NAS][MAC] Authenticity of the authentication request message: OK"
time="2026-08-16T17:53:42+08:00" level=info msg="[UE][NAS][SQN] SQN of the authentication request message: VALID"
time="2026-08-16T17:53:42+08:00" level=info msg="[UE][NAS] Send authentication response"
time="2026-08-16T17:53:42+08:00" level=info msg="[UE] Switched from state 2 to state 2"
time="2026-08-16T17:53:42+08:00" level=info msg="[GNB][SCTP] Receive message in 0 stream\n"
time="2026-08-16T17:53:42+08:00" level=info msg="[GNB][NGAP] Receive Initial Context Setup Request"
time="2026-08-16T17:53:42+08:00" level=info msg="[GNB][UE] UE Context was created with successful"
time="2026-08-16T17:53:42+08:00" level=info msg="[GNB][UE] UE RAN ID 48"
time="2026-08-16T17:53:42+08:00" level=info msg="[GNB][UE] UE AMF ID 847"
time="2026-08-16T17:53:42+08:00" level=info msg="[GNB][UE] UE Mobility Restrict --Plmn-- Mcc: 208 Mnc: 93"
time="2026-08-16T17:53:42+08:00" level=info msg="[GNB][UE] UE Masked Imeisv: 1110000000ffff00"
time="2026-08-16T17:53:42+08:00" level=info msg="[GNB][UE] Allowed Nssai-- Sst: [01 01] Sd: [010203 112233]"
time="2026-08-16T17:53:42+08:00" level=info msg="[GNB][NGAP][AMF] Send Initial Context Setup Response."
time="2026-08-16T17:53:42+08:00" level=info msg="[GNB] Initiating Initial Context Setup Response"
time="2026-08-16T17:53:42+08:00" level=info msg="[GNB][NGAP] No PDU Session to set up in InitialContextSetupResponse."
time="2026-08-16T17:53:42+08:00" level=info msg="[UE][NAS] Message with security header"
time="2026-08-16T17:53:42+08:00" level=info msg="[UE][NAS] Message with integrity and ciphered"
time="2026-08-16T17:53:42+08:00" level=info msg="[UE][NAS] successful NAS CIPHERING"
time="2026-08-16T17:53:42+08:00" level=info msg="[UE][NAS] successful NAS MAC verification"
time="2026-08-16T17:53:42+08:00" level=info msg="[UE][NAS] Receive Registration Accept"
time="2026-08-16T17:53:42+08:00" level=info msg="[UE][NAS] UE 5G GUTI: &{119 11 [242 2 248 57 202 254 0 0 0 2 41]}"
time="2026-08-16T17:53:42+08:00" level=info msg="[UE] Switched from state 2 to state 3"
time="2026-08-16T17:53:42+08:00" level=info msg="[GNB][SCTP] Receive message in 0 stream\n"
time="2026-08-16T17:53:42+08:00" level=info msg="[GNB][NGAP] Receive UE Context Release Command"
time="2026-08-16T17:53:42+08:00" level=warning msg="[GNB][NGAP] AMF is trying to free the context of an unknown UE with RANUEID 653, ignoring"
time="2026-08-16T17:53:42+08:00" level=info msg="[GNB][SCTP] Receive message in 0 stream\n"
time="2026-08-16T17:53:42+08:00" level=info msg="[GNB][NGAP] Receive Initial Context Setup Request"
time="2026-08-16T17:53:42+08:00" level=info msg="[GNB][UE] UE Context was created with successful"
time="2026-08-16T17:53:42+08:00" level=info msg="[GNB][UE] UE RAN ID 91"
time="2026-08-16T17:53:42+08:00" level=info msg="[GNB][UE] UE AMF ID 890"
time="2026-08-16T17:53:42+08:00" level=info msg="[GNB][UE] UE Mobility Restrict --Plmn-- Mcc: 208 Mnc: 93"
time="2026-08-16T17:53:42+08:00" level=info msg="[GNB][UE] UE Masked Imeisv: 1110000000ffff00"
time="2026-08-16T17:53:42+08:00" level=info msg="[GNB][UE] Allowed Nssai-- Sst: [01 01] Sd: [010203 112233]"
time="2026-08-16T17:53:42+08:00" level=info msg="[GNB][NGAP][AMF] Send Initial Context Setup Response."
time="2026-08-16T17:53:42+08:00" level=info msg="[GNB] Initiating Initial Context Setup Response"
time="2026-08-16T17:53:42+08:00" level=info msg="[GNB][NGAP] No PDU Session to set up in InitialContextSetupResponse."
time="2026-08-16T17:53:42+08:00" level=info msg="[UE][NAS] Message with security header"
time="2026-08-16T17:53:42+08:00" level=info msg="[UE][NAS] Message with integrity and ciphered"
time="2026-08-16T17:53:42+08:00" level=info msg="[UE][NAS] successful NAS CIPHERING"
time="2026-08-16T17:53:42+08:00" level=info msg="[UE][NAS] successful NAS MAC verification"
time="2026-08-16T17:53:42+08:00" level=info msg="[UE][NAS] Receive Registration Accept"
time="2026-08-16T17:53:42+08:00" level=info msg="[UE][NAS] UE 5G GUTI: &{119 11 [242 2 248 57 202 254 0 0 0 2 65]}"
time="2026-08-16T17:53:42+08:00" level=info msg="[UE] Switched from state 2 to state 3"
time="2026-08-16T17:53:42+08:00" level=info msg="[GNB][SCTP] Receive message in 0 stream\n"
time="2026-08-16T17:53:42+08:00" level=info msg="[GNB][NGAP] Receive UE Context Release Command"
time="2026-08-16T17:53:42+08:00" level=warning msg="[GNB][NGAP] AMF is trying to free the context of an unknown UE with RANUEID 694, ignoring"
time="2026-08-16T17:53:42+08:00" level=info msg="[GNB][SCTP] Receive message in 0 stream\n"
time="2026-08-16T17:53:42+08:00" level=info msg="[GNB][NGAP] Receive Downlink NAS Transport"
time="2026-08-16T17:53:42+08:00" level=info msg="[UE][NAS] Message without security header"
time="2026-08-16T17:53:42+08:00" level=info msg="[UE][NAS] Receive Authentication Request"
time="2026-08-16T17:53:42+08:00" level=info msg="[UE][NAS][MAC] Authenticity of the authentication request message: OK"
time="2026-08-16T17:53:42+08:00" level=info msg="[UE][NAS][SQN] SQN of the authentication request message: VALID"
time="2026-08-16T17:53:42+08:00" level=info msg="[UE][NAS] Send authentication response"
time="2026-08-16T17:53:42+08:00" level=info msg="[UE] Switched from state 2 to state 2"
time="2026-08-16T17:53:42+08:00" level=info msg="[GNB][SCTP] Receive message in 0 stream\n"
time="2026-08-16T17:53:42+08:00" level=info msg="[GNB][NGAP] Receive Initial Context Setup Request"
time="2026-08-16T17:53:42+08:00" level=info msg="[GNB][UE] UE Context was created with successful"
time="2026-08-16T17:53:42+08:00" level=info msg="[GNB][UE] UE RAN ID 81"
time="2026-08-16T17:53:42+08:00" level=info msg="[GNB][UE] UE AMF ID 880"
time="2026-08-16T17:53:42+08:00" level=info msg="[GNB][UE] UE Mobility Restrict --Plmn-- Mcc: 208 Mnc: 93"
time="2026-08-16T17:53:42+08:00" level=info msg="[GNB][UE] UE Masked Imeisv: 1110000000ffff00"
time="2026-08-16T17:53:42+08:00" level=info msg="[GNB][UE] Allowed Nssai-- Sst: [01 01] Sd: [010203 112233]"
time="2026-08-16T17:53:42+08:00" level=info msg="[GNB][NGAP][AMF] Send Initial Context Setup Response."
time="2026-08-16T17:53:42+08:00" level=info msg="[GNB] Initiating Initial Context Setup Response"
time="2026-08-16T17:53:42+08:00" level=info msg="[GNB][NGAP] No PDU Session to set up in InitialContextSetupResponse."
time="2026-08-16T17:53:42+08:00" level=info msg="[UE][NAS] Message with security header"
time="2026-08-16T17:53:42+08:00" level=info msg="[UE][NAS] Message with integrity and ciphered"
time="2026-08-16T17:53:42+08:00" level=info msg="[UE][NAS] successful NAS CIPHERING"
time="2026-08-16T17:53:42+08:00" level=info msg="[UE][NAS] successful NAS MAC verification"
time="2026-08-16T17:53:42+08:00" level=info msg="[UE][NAS] Receive Registration Accept"
time="2026-08-16T17:53:42+08:00" level=info msg="[UE][NAS] UE 5G GUTI: &{119 11 [242 2 248 57 202 254 0 0 0 2 73]}"
time="2026-08-16T17:53:42+08:00" level=info msg="[UE] Switched from state 2 to state 3"
time="2026-08-16T17:53:42+08:00" level=info msg="[GNB][SCTP] Receive message in 0 stream\n"
time="2026-08-16T17:53:42+08:00" level=info msg="[GNB][NGAP] Receive UE Context Release Command"
time="2026-08-16T17:53:42+08:00" level=warning msg="[GNB][NGAP] AMF is trying to free the context of an unknown UE with RANUEID 625, ignoring"
time="2026-08-16T17:53:42+08:00" level=info msg="[GNB][SCTP] Receive message in 0 stream\n"
time="2026-08-16T17:53:42+08:00" level=info msg="[GNB][NGAP] Receive Downlink NAS Transport"
time="2026-08-16T17:53:42+08:00" level=info msg="[UE][NAS] Message without security header"
time="2026-08-16T17:53:42+08:00" level=info msg="[UE][NAS] Receive Authentication Request"
time="2026-08-16T17:53:42+08:00" level=info msg="[UE][NAS][MAC] Authenticity of the authentication request message: OK"
time="2026-08-16T17:53:42+08:00" level=info msg="[UE][NAS][SQN] SQN of the authentication request message: VALID"
time="2026-08-16T17:53:42+08:00" level=info msg="[UE][NAS] Send authentication response"
time="2026-08-16T17:53:42+08:00" level=info msg="[UE] Switched from state 2 to state 2"
time="2026-08-16T17:53:42+08:00" level=info msg="[GNB][SCTP] Receive message in 0 stream\n"
time="2026-08-16T17:53:42+08:00" level=info msg="[GNB][NGAP] Receive Initial Context Setup Request"
time="2026-08-16T17:53:42+08:00" level=info msg="[GNB][UE] UE Context was created with successful"
time="2026-08-16T17:53:42+08:00" level=info msg="[GNB][UE] UE RAN ID 95"
time="2026-08-16T17:53:42+08:00" level=info msg="[GNB][UE] UE AMF ID 894"
time="2026-08-16T17:53:42+08:00" level=info msg="[GNB][UE] UE Mobility Restrict --Plmn-- Mcc: 208 Mnc: 93"
time="2026-08-16T17:53:42+08:00" level=info msg="[GNB][UE] UE Masked Imeisv: 1110000000ffff00"
time="2026-08-16T17:53:42+08:00" level=info msg="[GNB][UE] Allowed Nssai-- Sst: [01 01] Sd: [010203 112233]"
time="2026-08-16T17:53:42+08:00" level=info msg="[GNB][NGAP][AMF] Send Initial Context Setup Response."
time="2026-08-16T17:53:42+08:00" level=info msg="[GNB] Initiating Initial Context Setup Response"
time="2026-08-16T17:53:42+08:00" level=info msg="[GNB][NGAP] No PDU Session to set up in InitialContextSetupResponse."
time="2026-08-16T17:53:42+08:00" level=info msg="[UE][NAS] Message with security header"
time="2026-08-16T17:53:42+08:00" level=info msg="[UE][NAS] Message with integrity and ciphered"
time="2026-08-16T17:53:42+08:00" level=info msg="[UE][NAS] successful NAS CIPHERING"
time="2026-08-16T17:53:42+08:00" level=info msg="[UE][NAS] successful NAS MAC verification"
time="2026-08-16T17:53:42+08:00" level=info msg="[UE][NAS] Receive Registration Accept"
time="2026-08-16T17:53:42+08:00" level=info msg="[UE][NAS] UE 5G GUTI: &{119 11 [242 2 248 57 202 254 0 0 0 2 72]}"
time="2026-08-16T17:53:42+08:00" level=info msg="[UE] Switched from state 2 to state 3"
time="2026-08-16T17:53:42+08:00" level=info msg="[GNB][SCTP] Receive message in 0 stream\n"
time="2026-08-16T17:53:42+08:00" level=info msg="[GNB][NGAP] Receive Downlink NAS Transport"
time="2026-08-16T17:53:42+08:00" level=info msg="[UE][NAS] Message without security header"
time="2026-08-16T17:53:42+08:00" level=info msg="[UE][NAS] Receive Authentication Request"
time="2026-08-16T17:53:42+08:00" level=info msg="[UE][NAS][MAC] Authenticity of the authentication request message: OK"
time="2026-08-16T17:53:42+08:00" level=info msg="[UE][NAS][SQN] SQN of the authentication request message: VALID"
time="2026-08-16T17:53:42+08:00" level=info msg="[UE][NAS] Send authentication response"
time="2026-08-16T17:53:42+08:00" level=info msg="[UE] Switched from state 2 to state 2"
time="2026-08-16T17:53:42+08:00" level=info msg="[GNB][SCTP] Receive message in 0 stream\n"
time="2026-08-16T17:53:42+08:00" level=info msg="[GNB][SCTP] Receive message in 0 stream\n"
time="2026-08-16T17:53:42+08:00" level=info msg="[GNB][NGAP] Receive Initial Context Setup Request"
time="2026-08-16T17:53:42+08:00" level=info msg="[GNB][UE] UE Context was created with successful"
time="2026-08-16T17:53:42+08:00" level=info msg="[GNB][UE] UE RAN ID 54"
time="2026-08-16T17:53:42+08:00" level=info msg="[GNB][UE] UE AMF ID 853"
time="2026-08-16T17:53:42+08:00" level=info msg="[GNB][UE] UE Mobility Restrict --Plmn-- Mcc: 208 Mnc: 93"
time="2026-08-16T17:53:42+08:00" level=info msg="[GNB][UE] UE Masked Imeisv: 1110000000ffff00"
time="2026-08-16T17:53:42+08:00" level=info msg="[GNB][UE] Allowed Nssai-- Sst: [01 01] Sd: [010203 112233]"
time="2026-08-16T17:53:42+08:00" level=info msg="[GNB][NGAP][AMF] Send Initial Context Setup Response."
time="2026-08-16T17:53:42+08:00" level=info msg="[GNB] Initiating Initial Context Setup Response"
time="2026-08-16T17:53:42+08:00" level=info msg="[GNB][NGAP] No PDU Session to set up in InitialContextSetupResponse."
time="2026-08-16T17:53:42+08:00" level=info msg="[UE][NAS] Message with security header"
time="2026-08-16T17:53:42+08:00" level=info msg="[UE][NAS] Message with integrity and ciphered"
time="2026-08-16T17:53:42+08:00" level=info msg="[UE][NAS] successful NAS CIPHERING"
time="2026-08-16T17:53:42+08:00" level=info msg="[UE][NAS] successful NAS MAC verification"
time="2026-08-16T17:53:42+08:00" level=info msg="[UE][NAS] Receive Registration Accept"
time="2026-08-16T17:53:42+08:00" level=info msg="[UE][NAS] UE 5G GUTI: &{119 11 [242 2 248 57 202 254 0 0 0 2 47]}"
time="2026-08-16T17:53:42+08:00" level=info msg="[GNB][NGAP] Receive UE Context Release Command"
time="2026-08-16T17:53:42+08:00" level=warning msg="[GNB][NGAP] AMF is trying to free the context of an unknown UE with RANUEID 672, ignoring"
time="2026-08-16T17:53:42+08:00" level=info msg="[UE] Switched from state 2 to state 3"
time="2026-08-16T17:53:42+08:00" level=info msg="[GNB][SCTP] Receive message in 0 stream\n"
time="2026-08-16T17:53:42+08:00" level=info msg="[GNB][NGAP] Receive Downlink NAS Transport"
time="2026-08-16T17:53:42+08:00" level=info msg="[UE][NAS] Message with security header"
time="2026-08-16T17:53:42+08:00" level=info msg="[UE][NAS] Message with integrity and with NEW 5G NAS SECURITY CONTEXT"
time="2026-08-16T17:53:42+08:00" level=info msg="[UE][NAS] successful NAS MAC verification"
time="2026-08-16T17:53:42+08:00" level=info msg="[UE][NAS] Receive Security Mode Command"
time="2026-08-16T17:53:42+08:00" level=info msg="[UE][NAS] Type of ciphering algorithm is 5G-EA0"
time="2026-08-16T17:53:42+08:00" level=info msg="[UE][NAS] Type of integrity protection algorithm is 128-5G-IA2"
time="2026-08-16T17:53:42+08:00" level=info msg="[GNB][SCTP] Receive message in 0 stream\n"
time="2026-08-16T17:53:42+08:00" level=info msg="[GNB][NGAP] Receive Downlink NAS Transport"
time="2026-08-16T17:53:42+08:00" level=info msg="[UE][NAS] Message with security header"
time="2026-08-16T17:53:42+08:00" level=info msg="[UE][NAS] Message with integrity and with NEW 5G NAS SECURITY CONTEXT"
time="2026-08-16T17:53:42+08:00" level=info msg="[UE][NAS] successful NAS MAC verification"
time="2026-08-16T17:53:42+08:00" level=info msg="[UE][NAS] Receive Security Mode Command"
time="2026-08-16T17:53:42+08:00" level=info msg="[UE][NAS] Type of ciphering algorithm is 5G-EA0"
time="2026-08-16T17:53:42+08:00" level=info msg="[UE][NAS] Type of integrity protection algorithm is 128-5G-IA2"
time="2026-08-16T17:53:42+08:00" level=info msg="[GNB][SCTP] Receive message in 0 stream\n"
time="2026-08-16T17:53:42+08:00" level=info msg="[GNB][SCTP] Receive message in 0 stream\n"
time="2026-08-16T17:53:42+08:00" level=info msg="[GNB][NGAP] Receive UE Context Release Command"
time="2026-08-16T17:53:42+08:00" level=warning msg="[GNB][NGAP] AMF is trying to free the context of an unknown UE with RANUEID 696, ignoring"
time="2026-08-16T17:53:42+08:00" level=info msg="[GNB][NGAP] Receive Initial Context Setup Request"
time="2026-08-16T17:53:42+08:00" level=info msg="[GNB][UE] UE Context was created with successful"
time="2026-08-16T17:53:42+08:00" level=info msg="[GNB][UE] UE RAN ID 78"
time="2026-08-16T17:53:42+08:00" level=info msg="[GNB][UE] UE AMF ID 877"
time="2026-08-16T17:53:42+08:00" level=info msg="[GNB][UE] UE Mobility Restrict --Plmn-- Mcc: 208 Mnc: 93"
time="2026-08-16T17:53:42+08:00" level=info msg="[GNB][UE] UE Masked Imeisv: 1110000000ffff00"
time="2026-08-16T17:53:42+08:00" level=info msg="[GNB][UE] Allowed Nssai-- Sst: [01 01] Sd: [010203 112233]"
time="2026-08-16T17:53:42+08:00" level=info msg="[GNB][NGAP][AMF] Send Initial Context Setup Response."
time="2026-08-16T17:53:42+08:00" level=info msg="[GNB] Initiating Initial Context Setup Response"
time="2026-08-16T17:53:42+08:00" level=info msg="[GNB][NGAP] No PDU Session to set up in InitialContextSetupResponse."
time="2026-08-16T17:53:42+08:00" level=info msg="[UE][NAS] Message with security header"
time="2026-08-16T17:53:42+08:00" level=info msg="[UE][NAS] Message with integrity and ciphered"
time="2026-08-16T17:53:42+08:00" level=info msg="[UE][NAS] successful NAS CIPHERING"
time="2026-08-16T17:53:42+08:00" level=info msg="[UE][NAS] successful NAS MAC verification"
time="2026-08-16T17:53:42+08:00" level=info msg="[UE][NAS] Receive Registration Accept"
time="2026-08-16T17:53:42+08:00" level=info msg="[UE][NAS] UE 5G GUTI: &{119 11 [242 2 248 57 202 254 0 0 0 2 63]}"
time="2026-08-16T17:53:42+08:00" level=info msg="[UE] Switched from state 2 to state 3"
time="2026-08-16T17:53:42+08:00" level=info msg="[GNB][SCTP] Receive message in 0 stream\n"
time="2026-08-16T17:53:42+08:00" level=info msg="[GNB][SCTP] Receive message in 0 stream\n"
time="2026-08-16T17:53:42+08:00" level=info msg="[GNB][NGAP] Receive Initial Context Setup Request"
time="2026-08-16T17:53:42+08:00" level=info msg="[GNB][UE] UE Context was created with successful"
time="2026-08-16T17:53:42+08:00" level=info msg="[GNB][UE] UE RAN ID 26"
time="2026-08-16T17:53:42+08:00" level=info msg="[GNB][UE] UE AMF ID 825"
time="2026-08-16T17:53:42+08:00" level=info msg="[GNB][UE] UE Mobility Restrict --Plmn-- Mcc: 208 Mnc: 93"
time="2026-08-16T17:53:42+08:00" level=info msg="[GNB][UE] UE Masked Imeisv: 1110000000ffff00"
time="2026-08-16T17:53:42+08:00" level=info msg="[GNB][UE] Allowed Nssai-- Sst: [01 01] Sd: [010203 112233]"
time="2026-08-16T17:53:42+08:00" level=info msg="[GNB][NGAP][AMF] Send Initial Context Setup Response."
time="2026-08-16T17:53:42+08:00" level=info msg="[GNB] Initiating Initial Context Setup Response"
time="2026-08-16T17:53:42+08:00" level=info msg="[GNB][NGAP] No PDU Session to set up in InitialContextSetupResponse."
time="2026-08-16T17:53:42+08:00" level=info msg="[GNB][NGAP] Receive UE Context Release Command"
time="2026-08-16T17:53:42+08:00" level=warning msg="[GNB][NGAP] AMF is trying to free the context of an unknown UE with RANUEID 663, ignoring"
time="2026-08-16T17:53:43+08:00" level=info msg="[UE][NAS] Message with security header"
time="2026-08-16T17:53:43+08:00" level=info msg="[UE][NAS] Message with integrity and ciphered"
time="2026-08-16T17:53:43+08:00" level=info msg="[UE][NAS] successful NAS CIPHERING"
time="2026-08-16T17:53:43+08:00" level=info msg="[UE][NAS] successful NAS MAC verification"
time="2026-08-16T17:53:43+08:00" level=info msg="[UE][NAS] Receive Registration Accept"
time="2026-08-16T17:53:43+08:00" level=info msg="[UE][NAS] UE 5G GUTI: &{119 11 [242 2 248 57 202 254 0 0 0 2 25]}"
time="2026-08-16T17:53:43+08:00" level=info msg="[UE] Switched from state 2 to state 3"
time="2026-08-16T17:53:43+08:00" level=info msg="[GNB][SCTP] Receive message in 0 stream\n"
time="2026-08-16T17:53:43+08:00" level=info msg="[GNB][NGAP] Receive Initial Context Setup Request"
time="2026-08-16T17:53:43+08:00" level=info msg="[GNB][UE] UE Context was created with successful"
time="2026-08-16T17:53:43+08:00" level=info msg="[GNB][UE] UE RAN ID 8"
time="2026-08-16T17:53:43+08:00" level=info msg="[GNB][UE] UE AMF ID 807"
time="2026-08-16T17:53:43+08:00" level=info msg="[GNB][UE] UE Mobility Restrict --Plmn-- Mcc: 208 Mnc: 93"
time="2026-08-16T17:53:43+08:00" level=info msg="[GNB][UE] UE Masked Imeisv: 1110000000ffff00"
time="2026-08-16T17:53:43+08:00" level=info msg="[GNB][UE] Allowed Nssai-- Sst: [01 01] Sd: [010203 112233]"
time="2026-08-16T17:53:43+08:00" level=info msg="[GNB][NGAP][AMF] Send Initial Context Setup Response."
time="2026-08-16T17:53:43+08:00" level=info msg="[GNB] Initiating Initial Context Setup Response"
time="2026-08-16T17:53:43+08:00" level=info msg="[GNB][NGAP] No PDU Session to set up in InitialContextSetupResponse."
time="2026-08-16T17:53:43+08:00" level=info msg="[UE][NAS] Message with security header"
time="2026-08-16T17:53:43+08:00" level=info msg="[UE][NAS] Message with integrity and ciphered"
time="2026-08-16T17:53:43+08:00" level=info msg="[UE][NAS] successful NAS CIPHERING"
time="2026-08-16T17:53:43+08:00" level=info msg="[UE][NAS] successful NAS MAC verification"
time="2026-08-16T17:53:43+08:00" level=info msg="[UE][NAS] Receive Registration Accept"
time="2026-08-16T17:53:43+08:00" level=info msg="[UE][NAS] UE 5G GUTI: &{119 11 [242 2 248 57 202 254 0 0 0 2 14]}"
time="2026-08-16T17:53:43+08:00" level=info msg="[UE] Switched from state 3 to state 3"
time="2026-08-16T17:53:43+08:00" level=info msg="[GNB][SCTP] Receive message in 0 stream\n"
time="2026-08-16T17:53:43+08:00" level=info msg="[GNB][SCTP] Receive message in 0 stream\n"
time="2026-08-16T17:53:43+08:00" level=info msg="[GNB][NGAP] Receive Initial Context Setup Request"
time="2026-08-16T17:53:43+08:00" level=info msg="[GNB][UE] UE Context was created with successful"
time="2026-08-16T17:53:43+08:00" level=info msg="[GNB][UE] UE RAN ID 1"
time="2026-08-16T17:53:43+08:00" level=info msg="[GNB][UE] UE AMF ID 800"
time="2026-08-16T17:53:43+08:00" level=info msg="[GNB][UE] UE Mobility Restrict --Plmn-- Mcc: 208 Mnc: 93"
time="2026-08-16T17:53:43+08:00" level=info msg="[GNB][UE] UE Masked Imeisv: 1110000000ffff00"
time="2026-08-16T17:53:43+08:00" level=info msg="[GNB][UE] Allowed Nssai-- Sst: [01 01] Sd: [010203 112233]"
time="2026-08-16T17:53:43+08:00" level=info msg="[GNB][NGAP][AMF] Send Initial Context Setup Response."
time="2026-08-16T17:53:43+08:00" level=info msg="[GNB] Initiating Initial Context Setup Response"
time="2026-08-16T17:53:43+08:00" level=info msg="[GNB][NGAP] No PDU Session to set up in InitialContextSetupResponse."
time="2026-08-16T17:53:43+08:00" level=info msg="[UE][NAS] Message with security header"
time="2026-08-16T17:53:43+08:00" level=info msg="[UE][NAS] Message with integrity and ciphered"
time="2026-08-16T17:53:43+08:00" level=info msg="[UE][NAS] successful NAS CIPHERING"
time="2026-08-16T17:53:43+08:00" level=info msg="[UE][NAS] successful NAS MAC verification"
time="2026-08-16T17:53:43+08:00" level=info msg="[UE][NAS] Receive Registration Accept"
time="2026-08-16T17:53:43+08:00" level=info msg="[UE][NAS] UE 5G GUTI: &{119 11 [242 2 248 57 202 254 0 0 0 2 3]}"
time="2026-08-16T17:53:43+08:00" level=info msg="[UE] Switched from state 3 to state 3"
time="2026-08-16T17:53:43+08:00" level=info msg="[GNB][SCTP] Receive message in 0 stream\n"
time="2026-08-16T17:53:43+08:00" level=info msg="[GNB][NGAP] Receive Initial Context Setup Request"
time="2026-08-16T17:53:43+08:00" level=info msg="[GNB][UE] UE Context was created with successful"
time="2026-08-16T17:53:43+08:00" level=info msg="[GNB][UE] UE RAN ID 14"
time="2026-08-16T17:53:43+08:00" level=info msg="[GNB][UE] UE AMF ID 813"
time="2026-08-16T17:53:43+08:00" level=info msg="[GNB][UE] UE Mobility Restrict --Plmn-- Mcc: 208 Mnc: 93"
time="2026-08-16T17:53:43+08:00" level=info msg="[GNB][UE] UE Masked Imeisv: 1110000000ffff00"
time="2026-08-16T17:53:43+08:00" level=info msg="[GNB][UE] Allowed Nssai-- Sst: [01 01] Sd: [010203 112233]"
time="2026-08-16T17:53:43+08:00" level=info msg="[GNB][NGAP][AMF] Send Initial Context Setup Response."
time="2026-08-16T17:53:43+08:00" level=info msg="[GNB] Initiating Initial Context Setup Response"
time="2026-08-16T17:53:43+08:00" level=info msg="[GNB][NGAP] No PDU Session to set up in InitialContextSetupResponse."
time="2026-08-16T17:53:43+08:00" level=info msg="[UE][NAS] Message with security header"
time="2026-08-16T17:53:43+08:00" level=info msg="[UE][NAS] Message with integrity and ciphered"
time="2026-08-16T17:53:43+08:00" level=info msg="[UE][NAS] successful NAS CIPHERING"
time="2026-08-16T17:53:43+08:00" level=info msg="[UE][NAS] successful NAS MAC verification"
time="2026-08-16T17:53:43+08:00" level=info msg="[UE][NAS] Receive Registration Accept"
time="2026-08-16T17:53:43+08:00" level=info msg="[UE][NAS] UE 5G GUTI: &{119 11 [242 2 248 57 202 254 0 0 0 2 18]}"
time="2026-08-16T17:53:43+08:00" level=info msg="[GNB][NGAP] Receive Initial Context Setup Request"
time="2026-08-16T17:53:43+08:00" level=info msg="[GNB][UE] UE Context was created with successful"
time="2026-08-16T17:53:43+08:00" level=info msg="[GNB][UE] UE RAN ID 13"
time="2026-08-16T17:53:43+08:00" level=info msg="[GNB][UE] UE AMF ID 812"
time="2026-08-16T17:53:43+08:00" level=info msg="[GNB][UE] UE Mobility Restrict --Plmn-- Mcc: 208 Mnc: 93"
time="2026-08-16T17:53:43+08:00" level=info msg="[GNB][UE] UE Masked Imeisv: 1110000000ffff00"
time="2026-08-16T17:53:43+08:00" level=info msg="[GNB][UE] Allowed Nssai-- Sst: [01 01] Sd: [010203 112233]"
time="2026-08-16T17:53:43+08:00" level=info msg="[GNB][NGAP][AMF] Send Initial Context Setup Response."
time="2026-08-16T17:53:43+08:00" level=info msg="[GNB] Initiating Initial Context Setup Response"
time="2026-08-16T17:53:43+08:00" level=info msg="[GNB][NGAP] No PDU Session to set up in InitialContextSetupResponse."
time="2026-08-16T17:53:43+08:00" level=info msg="[UE] Switched from state 3 to state 3"
time="2026-08-16T17:53:43+08:00" level=info msg="[UE][NAS] Message with security header"
time="2026-08-16T17:53:43+08:00" level=info msg="[UE][NAS] Message with integrity and ciphered"
time="2026-08-16T17:53:43+08:00" level=info msg="[UE][NAS] successful NAS CIPHERING"
time="2026-08-16T17:53:43+08:00" level=info msg="[UE][NAS] successful NAS MAC verification"
time="2026-08-16T17:53:43+08:00" level=info msg="[UE][NAS] Receive Registration Accept"
time="2026-08-16T17:53:43+08:00" level=info msg="[UE][NAS] UE 5G GUTI: &{119 11 [242 2 248 57 202 254 0 0 0 2 10]}"
time="2026-08-16T17:53:43+08:00" level=info msg="[UE] Switched from state 3 to state 3"
time="2026-08-16T17:53:43+08:00" level=info msg="[GNB][SCTP] Receive message in 0 stream\n"
time="2026-08-16T17:53:43+08:00" level=info msg="[GNB][NGAP] Receive Downlink NAS Transport"
time="2026-08-16T17:53:43+08:00" level=info msg="[UE][NAS] Message with security header"
time="2026-08-16T17:53:43+08:00" level=info msg="[UE][NAS] Message with integrity and with NEW 5G NAS SECURITY CONTEXT"
time="2026-08-16T17:53:43+08:00" level=info msg="[UE][NAS] successful NAS MAC verification"
time="2026-08-16T17:53:43+08:00" level=info msg="[UE][NAS] Receive Security Mode Command"
time="2026-08-16T17:53:43+08:00" level=info msg="[UE][NAS] Type of ciphering algorithm is 5G-EA0"
time="2026-08-16T17:53:43+08:00" level=info msg="[UE][NAS] Type of integrity protection algorithm is 128-5G-IA2"
time="2026-08-16T17:53:43+08:00" level=info msg="[GNB][SCTP] Receive message in 0 stream\n"
time="2026-08-16T17:53:43+08:00" level=info msg="[GNB][NGAP] Receive Downlink NAS Transport"
time="2026-08-16T17:53:43+08:00" level=info msg="[UE][NAS] Message with security header"
time="2026-08-16T17:53:43+08:00" level=info msg="[UE][NAS] Message with integrity and ciphered"
time="2026-08-16T17:53:43+08:00" level=info msg="[UE][NAS] successful NAS CIPHERING"
time="2026-08-16T17:53:43+08:00" level=info msg="[UE][NAS] successful NAS MAC verification"
time="2026-08-16T17:53:43+08:00" level=info msg="[UE][NAS] Receive Configuration Update Command"
time="2026-08-16T17:53:43+08:00" level=info msg="[UE] Initiating Configuration Update Complete"
time="2026-08-16T17:53:43+08:00" level=info msg="[GNB][SCTP] Receive message in 0 stream\n"
time="2026-08-16T17:53:43+08:00" level=info msg="[GNB][NGAP] Receive Downlink NAS Transport"
time="2026-08-16T17:53:43+08:00" level=info msg="[UE][NAS] Message with security header"
time="2026-08-16T17:53:43+08:00" level=info msg="[UE][NAS] Message with integrity and with NEW 5G NAS SECURITY CONTEXT"
time="2026-08-16T17:53:43+08:00" level=info msg="[UE][NAS] successful NAS MAC verification"
time="2026-08-16T17:53:43+08:00" level=info msg="[UE][NAS] Receive Security Mode Command"
time="2026-08-16T17:53:43+08:00" level=info msg="[UE][NAS] Type of ciphering algorithm is 5G-EA0"
time="2026-08-16T17:53:43+08:00" level=info msg="[UE][NAS] Type of integrity protection algorithm is 128-5G-IA2"
time="2026-08-16T17:53:43+08:00" level=info msg="[GNB][SCTP] Receive message in 0 stream\n"
time="2026-08-16T17:53:43+08:00" level=info msg="[GNB][NGAP] Receive Downlink NAS Transport"
time="2026-08-16T17:53:43+08:00" level=info msg="[GNB][SCTP] Receive message in 0 stream\n"
time="2026-08-16T17:53:43+08:00" level=info msg="[GNB][NGAP] Receive Downlink NAS Transport"
time="2026-08-16T17:53:43+08:00" level=info msg="[UE][NAS] Message with security header"
time="2026-08-16T17:53:43+08:00" level=info msg="[UE][NAS] Message with integrity and ciphered"
time="2026-08-16T17:53:43+08:00" level=info msg="[UE][NAS] successful NAS CIPHERING"
time="2026-08-16T17:53:43+08:00" level=info msg="[UE][NAS] successful NAS MAC verification"
time="2026-08-16T17:53:43+08:00" level=info msg="[UE][NAS] Receive Configuration Update Command"
time="2026-08-16T17:53:43+08:00" level=info msg="[UE] Initiating Configuration Update Complete"
time="2026-08-16T17:53:43+08:00" level=info msg="[GNB][SCTP] Receive message in 0 stream\n"
time="2026-08-16T17:53:43+08:00" level=info msg="[GNB][SCTP] Receive message in 0 stream\n"
time="2026-08-16T17:53:43+08:00" level=info msg="[GNB][SCTP] Receive message in 0 stream\n"
time="2026-08-16T17:53:43+08:00" level=info msg="[UE][NAS] Message with security header"
time="2026-08-16T17:53:43+08:00" level=info msg="[UE][NAS] Message with integrity and with NEW 5G NAS SECURITY CONTEXT"
time="2026-08-16T17:53:43+08:00" level=info msg="[UE][NAS] successful NAS MAC verification"
time="2026-08-16T17:53:43+08:00" level=info msg="[UE][NAS] Receive Security Mode Command"
time="2026-08-16T17:53:43+08:00" level=info msg="[UE][NAS] Type of ciphering algorithm is 5G-EA0"
time="2026-08-16T17:53:43+08:00" level=info msg="[UE][NAS] Type of integrity protection algorithm is 128-5G-IA2"
time="2026-08-16T17:53:43+08:00" level=info msg="[GNB][NGAP] Receive Downlink NAS Transport"
time="2026-08-16T17:53:43+08:00" level=info msg="[UE][NAS] Message with security header"
time="2026-08-16T17:53:43+08:00" level=info msg="[UE][NAS] Message with integrity and ciphered"
time="2026-08-16T17:53:43+08:00" level=info msg="[UE][NAS] successful NAS CIPHERING"
time="2026-08-16T17:53:43+08:00" level=info msg="[UE][NAS] successful NAS MAC verification"
time="2026-08-16T17:53:43+08:00" level=info msg="[UE][NAS] Receive Configuration Update Command"
time="2026-08-16T17:53:43+08:00" level=info msg="[UE] Initiating Configuration Update Complete"
time="2026-08-16T17:53:43+08:00" level=info msg="[GNB][NGAP] Receive Downlink NAS Transport"
time="2026-08-16T17:53:43+08:00" level=info msg="[UE][NAS] Message with security header"
time="2026-08-16T17:53:43+08:00" level=info msg="[UE][NAS] Message with integrity and ciphered"
time="2026-08-16T17:53:43+08:00" level=info msg="[UE][NAS] successful NAS CIPHERING"
time="2026-08-16T17:53:43+08:00" level=info msg="[UE][NAS] successful NAS MAC verification"
time="2026-08-16T17:53:43+08:00" level=info msg="[UE][NAS] Receive Configuration Update Command"
time="2026-08-16T17:53:43+08:00" level=info msg="[UE] Initiating Configuration Update Complete"
time="2026-08-16T17:53:43+08:00" level=info msg="[GNB][NGAP] Receive UE Context Release Command"
time="2026-08-16T17:53:43+08:00" level=warning msg="[GNB][NGAP] AMF is trying to free the context of an unknown UE with RANUEID 621, ignoring"
time="2026-08-16T17:53:43+08:00" level=info msg="[GNB][SCTP] Receive message in 0 stream\n"
time="2026-08-16T17:53:43+08:00" level=info msg="[GNB][NGAP] Receive Initial Context Setup Request"
time="2026-08-16T17:53:43+08:00" level=info msg="[GNB][UE] UE Context was created with successful"
time="2026-08-16T17:53:43+08:00" level=info msg="[GNB][UE] UE RAN ID 64"
time="2026-08-16T17:53:43+08:00" level=info msg="[GNB][UE] UE AMF ID 863"
time="2026-08-16T17:53:43+08:00" level=info msg="[GNB][UE] UE Mobility Restrict --Plmn-- Mcc: 208 Mnc: 93"
time="2026-08-16T17:53:43+08:00" level=info msg="[GNB][UE] UE Masked Imeisv: 1110000000ffff00"
time="2026-08-16T17:53:43+08:00" level=info msg="[GNB][UE] Allowed Nssai-- Sst: [01 01] Sd: [010203 112233]"
time="2026-08-16T17:53:43+08:00" level=info msg="[GNB][NGAP][AMF] Send Initial Context Setup Response."
time="2026-08-16T17:53:43+08:00" level=info msg="[GNB] Initiating Initial Context Setup Response"
time="2026-08-16T17:53:43+08:00" level=info msg="[GNB][NGAP] No PDU Session to set up in InitialContextSetupResponse."
time="2026-08-16T17:53:43+08:00" level=info msg="[UE][NAS] Message with security header"
time="2026-08-16T17:53:43+08:00" level=info msg="[UE][NAS] Message with integrity and ciphered"
time="2026-08-16T17:53:43+08:00" level=info msg="[UE][NAS] successful NAS CIPHERING"
time="2026-08-16T17:53:43+08:00" level=info msg="[UE][NAS] successful NAS MAC verification"
time="2026-08-16T17:53:43+08:00" level=info msg="[UE][NAS] Receive Registration Accept"
time="2026-08-16T17:53:43+08:00" level=info msg="[UE][NAS] UE 5G GUTI: &{119 11 [242 2 248 57 202 254 0 0 0 2 85]}"
time="2026-08-16T17:53:43+08:00" level=info msg="[UE] Switched from state 2 to state 3"
time="2026-08-16T17:53:43+08:00" level=info msg="[GNB][SCTP] Receive message in 0 stream\n"
time="2026-08-16T17:53:43+08:00" level=info msg="[GNB][NGAP] Receive UE Context Release Command"
time="2026-08-16T17:53:43+08:00" level=warning msg="[GNB][NGAP] AMF is trying to free the context of an unknown UE with RANUEID 631, ignoring"
time="2026-08-16T17:53:43+08:00" level=info msg="[GNB][SCTP] Receive message in 0 stream\n"
time="2026-08-16T17:53:43+08:00" level=info msg="[GNB][NGAP] Receive Initial Context Setup Request"
time="2026-08-16T17:53:43+08:00" level=info msg="[GNB][UE] UE Context was created with successful"
time="2026-08-16T17:53:43+08:00" level=info msg="[GNB][UE] UE RAN ID 97"
time="2026-08-16T17:53:43+08:00" level=info msg="[GNB][UE] UE AMF ID 896"
time="2026-08-16T17:53:43+08:00" level=info msg="[GNB][UE] UE Mobility Restrict --Plmn-- Mcc: 208 Mnc: 93"
time="2026-08-16T17:53:43+08:00" level=info msg="[GNB][UE] UE Masked Imeisv: 1110000000ffff00"
time="2026-08-16T17:53:43+08:00" level=info msg="[GNB][UE] Allowed Nssai-- Sst: [01 01] Sd: [010203 112233]"
time="2026-08-16T17:53:43+08:00" level=info msg="[GNB][NGAP][AMF] Send Initial Context Setup Response."
time="2026-08-16T17:53:43+08:00" level=info msg="[GNB] Initiating Initial Context Setup Response"
time="2026-08-16T17:53:43+08:00" level=info msg="[GNB][NGAP] No PDU Session to set up in InitialContextSetupResponse."
time="2026-08-16T17:53:43+08:00" level=info msg="[UE][NAS] Message with security header"
time="2026-08-16T17:53:43+08:00" level=info msg="[UE][NAS] Message with integrity and ciphered"
time="2026-08-16T17:53:43+08:00" level=info msg="[UE][NAS] successful NAS CIPHERING"
time="2026-08-16T17:53:43+08:00" level=info msg="[UE][NAS] successful NAS MAC verification"
time="2026-08-16T17:53:43+08:00" level=info msg="[UE][NAS] Receive Registration Accept"
time="2026-08-16T17:53:43+08:00" level=info msg="[UE][NAS] UE 5G GUTI: &{119 11 [242 2 248 57 202 254 0 0 0 2 69]}"
time="2026-08-16T17:53:43+08:00" level=info msg="[UE] Switched from state 2 to state 3"
time="2026-08-16T17:53:43+08:00" level=info msg="[GNB][SCTP] Receive message in 0 stream\n"
time="2026-08-16T17:53:43+08:00" level=info msg="[GNB][SCTP] Receive message in 0 stream\n"
time="2026-08-16T17:53:43+08:00" level=info msg="[GNB][NGAP] Receive UE Context Release Command"
time="2026-08-16T17:53:43+08:00" level=warning msg="[GNB][NGAP] AMF is trying to free the context of an unknown UE with RANUEID 678, ignoring"
time="2026-08-16T17:53:43+08:00" level=info msg="[GNB][NGAP] Receive Initial Context Setup Request"
time="2026-08-16T17:53:43+08:00" level=info msg="[GNB][UE] UE Context was created with successful"
time="2026-08-16T17:53:43+08:00" level=info msg="[GNB][UE] UE RAN ID 73"
time="2026-08-16T17:53:43+08:00" level=info msg="[GNB][UE] UE AMF ID 872"
time="2026-08-16T17:53:43+08:00" level=info msg="[GNB][UE] UE Mobility Restrict --Plmn-- Mcc: 208 Mnc: 93"
time="2026-08-16T17:53:43+08:00" level=info msg="[GNB][UE] UE Masked Imeisv: 1110000000ffff00"
time="2026-08-16T17:53:43+08:00" level=info msg="[GNB][UE] Allowed Nssai-- Sst: [01 01] Sd: [010203 112233]"
time="2026-08-16T17:53:43+08:00" level=info msg="[GNB][NGAP][AMF] Send Initial Context Setup Response."
time="2026-08-16T17:53:43+08:00" level=info msg="[GNB] Initiating Initial Context Setup Response"
time="2026-08-16T17:53:43+08:00" level=info msg="[GNB][NGAP] No PDU Session to set up in InitialContextSetupResponse."
time="2026-08-16T17:53:43+08:00" level=info msg="[UE][NAS] Message with security header"
time="2026-08-16T17:53:43+08:00" level=info msg="[UE][NAS] Message with integrity and ciphered"
time="2026-08-16T17:53:43+08:00" level=info msg="[UE][NAS] successful NAS CIPHERING"
time="2026-08-16T17:53:43+08:00" level=info msg="[UE][NAS] successful NAS MAC verification"
time="2026-08-16T17:53:43+08:00" level=info msg="[UE][NAS] Receive Registration Accept"
time="2026-08-16T17:53:43+08:00" level=info msg="[UE][NAS] UE 5G GUTI: &{119 11 [242 2 248 57 202 254 0 0 0 2 55]}"
time="2026-08-16T17:53:43+08:00" level=info msg="[UE] Switched from state 2 to state 3"
time="2026-08-16T17:53:43+08:00" level=info msg="[GNB][SCTP] Receive message in 0 stream\n"
time="2026-08-16T17:53:43+08:00" level=info msg="[GNB][NGAP] Receive Downlink NAS Transport"
time="2026-08-16T17:53:43+08:00" level=info msg="[UE][NAS] Message with security header"
time="2026-08-16T17:53:43+08:00" level=info msg="[UE][NAS] Message with integrity and with NEW 5G NAS SECURITY CONTEXT"
time="2026-08-16T17:53:43+08:00" level=info msg="[UE][NAS] successful NAS MAC verification"
time="2026-08-16T17:53:43+08:00" level=info msg="[UE][NAS] Receive Security Mode Command"
time="2026-08-16T17:53:43+08:00" level=info msg="[UE][NAS] Type of ciphering algorithm is 5G-EA0"
time="2026-08-16T17:53:43+08:00" level=info msg="[UE][NAS] Type of integrity protection algorithm is 128-5G-IA2"
time="2026-08-16T17:53:43+08:00" level=info msg="[GNB][SCTP] Receive message in 0 stream\n"
time="2026-08-16T17:53:43+08:00" level=info msg="[GNB][NGAP] Receive Downlink NAS Transport"
time="2026-08-16T17:53:43+08:00" level=info msg="[UE][NAS] Message with security header"
time="2026-08-16T17:53:43+08:00" level=info msg="[UE][NAS] Message with integrity and with NEW 5G NAS SECURITY CONTEXT"
time="2026-08-16T17:53:43+08:00" level=info msg="[UE][NAS] successful NAS MAC verification"
time="2026-08-16T17:53:43+08:00" level=info msg="[UE][NAS] Receive Security Mode Command"
time="2026-08-16T17:53:43+08:00" level=info msg="[UE][NAS] Type of ciphering algorithm is 5G-EA0"
time="2026-08-16T17:53:43+08:00" level=info msg="[UE][NAS] Type of integrity protection algorithm is 128-5G-IA2"
time="2026-08-16T17:53:43+08:00" level=info msg="[GNB][SCTP] Receive message in 0 stream\n"
time="2026-08-16T17:53:43+08:00" level=info msg="[GNB][NGAP] Receive UE Context Release Command"
time="2026-08-16T17:53:43+08:00" level=warning msg="[GNB][NGAP] AMF is trying to free the context of an unknown UE with RANUEID 686, ignoring"
time="2026-08-16T17:53:43+08:00" level=info msg="[GNB][SCTP] Receive message in 0 stream\n"
time="2026-08-16T17:53:43+08:00" level=info msg="[GNB][NGAP] Receive Initial Context Setup Request"
time="2026-08-16T17:53:43+08:00" level=info msg="[GNB][UE] UE Context was created with successful"
time="2026-08-16T17:53:43+08:00" level=info msg="[GNB][UE] UE RAN ID 7"
time="2026-08-16T17:53:43+08:00" level=info msg="[GNB][UE] UE AMF ID 806"
time="2026-08-16T17:53:43+08:00" level=info msg="[GNB][UE] UE Mobility Restrict --Plmn-- Mcc: 208 Mnc: 93"
time="2026-08-16T17:53:43+08:00" level=info msg="[GNB][UE] UE Masked Imeisv: 1110000000ffff00"
time="2026-08-16T17:53:43+08:00" level=info msg="[GNB][UE] Allowed Nssai-- Sst: [01 01] Sd: [010203 112233]"
time="2026-08-16T17:53:43+08:00" level=info msg="[GNB][NGAP][AMF] Send Initial Context Setup Response."
time="2026-08-16T17:53:43+08:00" level=info msg="[GNB] Initiating Initial Context Setup Response"
time="2026-08-16T17:53:43+08:00" level=info msg="[GNB][NGAP] No PDU Session to set up in InitialContextSetupResponse."
time="2026-08-16T17:53:43+08:00" level=info msg="[UE][NAS] Message with security header"
time="2026-08-16T17:53:43+08:00" level=info msg="[UE][NAS] Message with integrity and ciphered"
time="2026-08-16T17:53:43+08:00" level=info msg="[UE][NAS] successful NAS CIPHERING"
time="2026-08-16T17:53:43+08:00" level=info msg="[UE][NAS] successful NAS MAC verification"
time="2026-08-16T17:53:43+08:00" level=info msg="[UE][NAS] Receive Registration Accept"
time="2026-08-16T17:53:43+08:00" level=info msg="[UE][NAS] UE 5G GUTI: &{119 11 [242 2 248 57 202 254 0 0 0 2 9]}"
time="2026-08-16T17:53:43+08:00" level=info msg="[UE] Switched from state 3 to state 3"
time="2026-08-16T17:53:43+08:00" level=info msg="[GNB][SCTP] Receive message in 0 stream\n"
time="2026-08-16T17:53:43+08:00" level=info msg="[GNB][NGAP] Receive Initial Context Setup Request"
time="2026-08-16T17:53:43+08:00" level=info msg="[GNB][UE] UE Context was created with successful"
time="2026-08-16T17:53:43+08:00" level=info msg="[GNB][UE] UE RAN ID 16"
time="2026-08-16T17:53:43+08:00" level=info msg="[GNB][UE] UE AMF ID 815"
time="2026-08-16T17:53:43+08:00" level=info msg="[GNB][UE] UE Mobility Restrict --Plmn-- Mcc: 208 Mnc: 93"
time="2026-08-16T17:53:43+08:00" level=info msg="[GNB][UE] UE Masked Imeisv: 1110000000ffff00"
time="2026-08-16T17:53:43+08:00" level=info msg="[GNB][UE] Allowed Nssai-- Sst: [01 01] Sd: [010203 112233]"
time="2026-08-16T17:53:43+08:00" level=info msg="[GNB][NGAP][AMF] Send Initial Context Setup Response."
time="2026-08-16T17:53:43+08:00" level=info msg="[GNB] Initiating Initial Context Setup Response"
time="2026-08-16T17:53:43+08:00" level=info msg="[GNB][NGAP] No PDU Session to set up in InitialContextSetupResponse."
time="2026-08-16T17:53:43+08:00" level=info msg="[UE][NAS] Message with security header"
time="2026-08-16T17:53:43+08:00" level=info msg="[UE][NAS] Message with integrity and ciphered"
time="2026-08-16T17:53:43+08:00" level=info msg="[UE][NAS] successful NAS CIPHERING"
time="2026-08-16T17:53:43+08:00" level=info msg="[UE][NAS] successful NAS MAC verification"
time="2026-08-16T17:53:43+08:00" level=info msg="[UE][NAS] Receive Registration Accept"
time="2026-08-16T17:53:43+08:00" level=info msg="[UE][NAS] UE 5G GUTI: &{119 11 [242 2 248 57 202 254 0 0 0 2 20]}"
time="2026-08-16T17:53:43+08:00" level=info msg="[UE] Switched from state 3 to state 3"
time="2026-08-16T17:53:43+08:00" level=info msg="[GNB][SCTP] Receive message in 0 stream\n"
time="2026-08-16T17:53:43+08:00" level=info msg="[GNB][NGAP] Receive Initial Context Setup Request"
time="2026-08-16T17:53:43+08:00" level=info msg="[GNB][UE] UE Context was created with successful"
time="2026-08-16T17:53:43+08:00" level=info msg="[GNB][UE] UE RAN ID 22"
time="2026-08-16T17:53:43+08:00" level=info msg="[GNB][UE] UE AMF ID 821"
time="2026-08-16T17:53:43+08:00" level=info msg="[GNB][UE] UE Mobility Restrict --Plmn-- Mcc: 208 Mnc: 93"
time="2026-08-16T17:53:43+08:00" level=info msg="[GNB][UE] UE Masked Imeisv: 1110000000ffff00"
time="2026-08-16T17:53:43+08:00" level=info msg="[GNB][UE] Allowed Nssai-- Sst: [01 01] Sd: [010203 112233]"
time="2026-08-16T17:53:43+08:00" level=info msg="[GNB][NGAP][AMF] Send Initial Context Setup Response."
time="2026-08-16T17:53:43+08:00" level=info msg="[GNB] Initiating Initial Context Setup Response"
time="2026-08-16T17:53:43+08:00" level=info msg="[GNB][NGAP] No PDU Session to set up in InitialContextSetupResponse."
time="2026-08-16T17:53:43+08:00" level=info msg="[UE][NAS] Message with security header"
time="2026-08-16T17:53:43+08:00" level=info msg="[UE][NAS] Message with integrity and ciphered"
time="2026-08-16T17:53:43+08:00" level=info msg="[UE][NAS] successful NAS CIPHERING"
time="2026-08-16T17:53:43+08:00" level=info msg="[UE][NAS] successful NAS MAC verification"
time="2026-08-16T17:53:43+08:00" level=info msg="[UE][NAS] Receive Registration Accept"
time="2026-08-16T17:53:43+08:00" level=info msg="[UE][NAS] UE 5G GUTI: &{119 11 [242 2 248 57 202 254 0 0 0 2 24]}"
time="2026-08-16T17:53:43+08:00" level=info msg="[UE] Switched from state 2 to state 3"
time="2026-08-16T17:53:43+08:00" level=info msg="[GNB][SCTP] Receive message in 0 stream\n"
time="2026-08-16T17:53:43+08:00" level=info msg="[GNB][SCTP] Receive message in 0 stream\n"
time="2026-08-16T17:53:43+08:00" level=info msg="[GNB][NGAP] Receive Downlink NAS Transport"
time="2026-08-16T17:53:43+08:00" level=info msg="[UE][NAS] Message with security header"
time="2026-08-16T17:53:43+08:00" level=info msg="[UE][NAS] Message with integrity and ciphered"
time="2026-08-16T17:53:43+08:00" level=info msg="[UE][NAS] successful NAS CIPHERING"
time="2026-08-16T17:53:43+08:00" level=info msg="[UE][NAS] successful NAS MAC verification"
time="2026-08-16T17:53:43+08:00" level=info msg="[UE][NAS] Receive Configuration Update Command"
time="2026-08-16T17:53:43+08:00" level=info msg="[UE] Initiating Configuration Update Complete"
time="2026-08-16T17:53:43+08:00" level=info msg="[GNB][NGAP] Receive Downlink NAS Transport"
time="2026-08-16T17:53:43+08:00" level=info msg="[UE][NAS] Message with security header"
time="2026-08-16T17:53:43+08:00" level=info msg="[UE][NAS] Message with integrity and ciphered"
time="2026-08-16T17:53:43+08:00" level=info msg="[UE][NAS] successful NAS CIPHERING"
time="2026-08-16T17:53:43+08:00" level=info msg="[UE][NAS] successful NAS MAC verification"
time="2026-08-16T17:53:43+08:00" level=info msg="[UE][NAS] Receive Configuration Update Command"
time="2026-08-16T17:53:43+08:00" level=info msg="[UE] Initiating Configuration Update Complete"
time="2026-08-16T17:53:43+08:00" level=info msg="[GNB][SCTP] Receive message in 0 stream\n"
time="2026-08-16T17:53:43+08:00" level=info msg="[GNB][NGAP] Receive UE Context Release Command"
time="2026-08-16T17:53:43+08:00" level=warning msg="[GNB][NGAP] AMF is trying to free the context of an unknown UE with RANUEID 627, ignoring"
time="2026-08-16T17:53:43+08:00" level=info msg="[GNB][SCTP] Receive message in 0 stream\n"
time="2026-08-16T17:53:43+08:00" level=info msg="[GNB][NGAP] Receive Initial Context Setup Request"
time="2026-08-16T17:53:43+08:00" level=info msg="[GNB][UE] UE Context was created with successful"
time="2026-08-16T17:53:43+08:00" level=info msg="[GNB][UE] UE RAN ID 79"
time="2026-08-16T17:53:43+08:00" level=info msg="[GNB][UE] UE AMF ID 878"
time="2026-08-16T17:53:43+08:00" level=info msg="[GNB][UE] UE Mobility Restrict --Plmn-- Mcc: 208 Mnc: 93"
time="2026-08-16T17:53:43+08:00" level=info msg="[GNB][UE] UE Masked Imeisv: 1110000000ffff00"
time="2026-08-16T17:53:43+08:00" level=info msg="[GNB][UE] Allowed Nssai-- Sst: [01 01] Sd: [010203 112233]"
time="2026-08-16T17:53:43+08:00" level=info msg="[GNB][NGAP][AMF] Send Initial Context Setup Response."
time="2026-08-16T17:53:43+08:00" level=info msg="[GNB] Initiating Initial Context Setup Response"
time="2026-08-16T17:53:43+08:00" level=info msg="[GNB][NGAP] No PDU Session to set up in InitialContextSetupResponse."
time="2026-08-16T17:53:43+08:00" level=info msg="[UE][NAS] Message with security header"
time="2026-08-16T17:53:43+08:00" level=info msg="[UE][NAS] Message with integrity and ciphered"
time="2026-08-16T17:53:43+08:00" level=info msg="[UE][NAS] successful NAS CIPHERING"
time="2026-08-16T17:53:43+08:00" level=info msg="[UE][NAS] successful NAS MAC verification"
time="2026-08-16T17:53:43+08:00" level=info msg="[UE][NAS] Receive Registration Accept"
time="2026-08-16T17:53:43+08:00" level=info msg="[UE][NAS] UE 5G GUTI: &{119 11 [242 2 248 57 202 254 0 0 0 2 59]}"
time="2026-08-16T17:53:43+08:00" level=info msg="[GNB][SCTP] Receive message in 0 stream\n"
time="2026-08-16T17:53:43+08:00" level=info msg="[UE] Switched from state 2 to state 3"
time="2026-08-16T17:53:43+08:00" level=info msg="[GNB][NGAP] Receive UE Context Release Command"
time="2026-08-16T17:53:43+08:00" level=warning msg="[GNB][NGAP] AMF is trying to free the context of an unknown UE with RANUEID 668, ignoring"
time="2026-08-16T17:53:43+08:00" level=info msg="[GNB][SCTP] Receive message in 0 stream\n"
time="2026-08-16T17:53:43+08:00" level=info msg="[GNB][NGAP] Receive Initial Context Setup Request"
time="2026-08-16T17:53:43+08:00" level=info msg="[GNB][UE] UE Context was created with successful"
time="2026-08-16T17:53:43+08:00" level=info msg="[GNB][UE] UE RAN ID 10"
time="2026-08-16T17:53:43+08:00" level=info msg="[GNB][UE] UE AMF ID 809"
time="2026-08-16T17:53:43+08:00" level=info msg="[GNB][UE] UE Mobility Restrict --Plmn-- Mcc: 208 Mnc: 93"
time="2026-08-16T17:53:43+08:00" level=info msg="[GNB][UE] UE Masked Imeisv: 1110000000ffff00"
time="2026-08-16T17:53:43+08:00" level=info msg="[GNB][UE] Allowed Nssai-- Sst: [01 01] Sd: [010203 112233]"
time="2026-08-16T17:53:43+08:00" level=info msg="[GNB][NGAP][AMF] Send Initial Context Setup Response."
time="2026-08-16T17:53:43+08:00" level=info msg="[GNB] Initiating Initial Context Setup Response"
time="2026-08-16T17:53:43+08:00" level=info msg="[GNB][NGAP] No PDU Session to set up in InitialContextSetupResponse."
time="2026-08-16T17:53:43+08:00" level=info msg="[UE][NAS] Message with security header"
time="2026-08-16T17:53:43+08:00" level=info msg="[UE][NAS] Message with integrity and ciphered"
time="2026-08-16T17:53:43+08:00" level=info msg="[UE][NAS] successful NAS CIPHERING"
time="2026-08-16T17:53:43+08:00" level=info msg="[UE][NAS] successful NAS MAC verification"
time="2026-08-16T17:53:43+08:00" level=info msg="[UE][NAS] Receive Registration Accept"
time="2026-08-16T17:53:43+08:00" level=info msg="[UE][NAS] UE 5G GUTI: &{119 11 [242 2 248 57 202 254 0 0 0 2 13]}"
time="2026-08-16T17:53:43+08:00" level=info msg="[UE] Switched from state 3 to state 3"
time="2026-08-16T17:53:43+08:00" level=info msg="[GNB][SCTP] Receive message in 0 stream\n"
time="2026-08-16T17:53:43+08:00" level=info msg="[GNB][NGAP] Receive Initial Context Setup Request"
time="2026-08-16T17:53:43+08:00" level=info msg="[GNB][UE] UE Context was created with successful"
time="2026-08-16T17:53:43+08:00" level=info msg="[GNB][UE] UE RAN ID 33"
time="2026-08-16T17:53:43+08:00" level=info msg="[GNB][UE] UE AMF ID 832"
time="2026-08-16T17:53:43+08:00" level=info msg="[GNB][UE] UE Mobility Restrict --Plmn-- Mcc: 208 Mnc: 93"
time="2026-08-16T17:53:43+08:00" level=info msg="[GNB][UE] UE Masked Imeisv: 1110000000ffff00"
time="2026-08-16T17:53:43+08:00" level=info msg="[GNB][UE] Allowed Nssai-- Sst: [01 01] Sd: [010203 112233]"
time="2026-08-16T17:53:43+08:00" level=info msg="[GNB][NGAP][AMF] Send Initial Context Setup Response."
time="2026-08-16T17:53:43+08:00" level=info msg="[GNB] Initiating Initial Context Setup Response"
time="2026-08-16T17:53:43+08:00" level=info msg="[GNB][NGAP] No PDU Session to set up in InitialContextSetupResponse."
time="2026-08-16T17:53:43+08:00" level=info msg="[UE][NAS] Message with security header"
time="2026-08-16T17:53:43+08:00" level=info msg="[UE][NAS] Message with integrity and ciphered"
time="2026-08-16T17:53:43+08:00" level=info msg="[UE][NAS] successful NAS CIPHERING"
time="2026-08-16T17:53:43+08:00" level=info msg="[UE][NAS] successful NAS MAC verification"
time="2026-08-16T17:53:43+08:00" level=info msg="[UE][NAS] Receive Registration Accept"
time="2026-08-16T17:53:43+08:00" level=info msg="[UE][NAS] UE 5G GUTI: &{119 11 [242 2 248 57 202 254 0 0 0 2 40]}"
time="2026-08-16T17:53:43+08:00" level=info msg="[UE] Switched from state 2 to state 3"
time="2026-08-16T17:53:43+08:00" level=info msg="[GNB][SCTP] Receive message in 0 stream\n"
time="2026-08-16T17:53:43+08:00" level=info msg="[GNB][NGAP] Receive UE Context Release Command"
time="2026-08-16T17:53:43+08:00" level=warning msg="[GNB][NGAP] AMF is trying to free the context of an unknown UE with RANUEID 660, ignoring"
time="2026-08-16T17:53:43+08:00" level=info msg="[GNB][SCTP] Receive message in 0 stream\n"
time="2026-08-16T17:53:43+08:00" level=info msg="[GNB][NGAP] Receive Initial Context Setup Request"
time="2026-08-16T17:53:43+08:00" level=info msg="[GNB][UE] UE Context was created with successful"
time="2026-08-16T17:53:43+08:00" level=info msg="[GNB][UE] UE RAN ID 28"
time="2026-08-16T17:53:43+08:00" level=info msg="[GNB][UE] UE AMF ID 827"
time="2026-08-16T17:53:43+08:00" level=info msg="[GNB][UE] UE Mobility Restrict --Plmn-- Mcc: 208 Mnc: 93"
time="2026-08-16T17:53:43+08:00" level=info msg="[GNB][UE] UE Masked Imeisv: 1110000000ffff00"
time="2026-08-16T17:53:43+08:00" level=info msg="[GNB][UE] Allowed Nssai-- Sst: [01 01] Sd: [010203 112233]"
time="2026-08-16T17:53:43+08:00" level=info msg="[GNB][NGAP][AMF] Send Initial Context Setup Response."
time="2026-08-16T17:53:43+08:00" level=info msg="[GNB] Initiating Initial Context Setup Response"
time="2026-08-16T17:53:43+08:00" level=info msg="[GNB][NGAP] No PDU Session to set up in InitialContextSetupResponse."
time="2026-08-16T17:53:43+08:00" level=info msg="[UE][NAS] Message with security header"
time="2026-08-16T17:53:43+08:00" level=info msg="[UE][NAS] Message with integrity and ciphered"
time="2026-08-16T17:53:43+08:00" level=info msg="[UE][NAS] successful NAS CIPHERING"
time="2026-08-16T17:53:43+08:00" level=info msg="[UE][NAS] successful NAS MAC verification"
time="2026-08-16T17:53:43+08:00" level=info msg="[UE][NAS] Receive Registration Accept"
time="2026-08-16T17:53:43+08:00" level=info msg="[UE][NAS] UE 5G GUTI: &{119 11 [242 2 248 57 202 254 0 0 0 2 78]}"
time="2026-08-16T17:53:43+08:00" level=info msg="[UE] Switched from state 2 to state 3"
time="2026-08-16T17:53:43+08:00" level=info msg="[GNB][SCTP] Receive message in 0 stream\n"
time="2026-08-16T17:53:43+08:00" level=info msg="[GNB][SCTP] Receive message in 0 stream\n"
time="2026-08-16T17:53:43+08:00" level=info msg="[GNB][SCTP] Receive message in 0 stream\n"
time="2026-08-16T17:53:43+08:00" level=info msg="[GNB][SCTP] Receive message in 0 stream\n"
time="2026-08-16T17:53:43+08:00" level=info msg="[GNB][SCTP] Receive message in 0 stream\n"
time="2026-08-16T17:53:43+08:00" level=info msg="[GNB][NGAP] Receive Downlink NAS Transport"
time="2026-08-16T17:53:43+08:00" level=info msg="[UE][NAS] Message with security header"
time="2026-08-16T17:53:43+08:00" level=info msg="[GNB][NGAP] Receive Downlink NAS Transport"
time="2026-08-16T17:53:43+08:00" level=info msg="[UE][NAS] Message with security header"
time="2026-08-16T17:53:43+08:00" level=info msg="[UE][NAS] Message with integrity and ciphered"
time="2026-08-16T17:53:43+08:00" level=info msg="[UE][NAS] successful NAS CIPHERING"
time="2026-08-16T17:53:43+08:00" level=info msg="[UE][NAS] successful NAS MAC verification"
time="2026-08-16T17:53:43+08:00" level=info msg="[UE][NAS] Receive Configuration Update Command"
time="2026-08-16T17:53:43+08:00" level=info msg="[UE] Initiating Configuration Update Complete"
time="2026-08-16T17:53:43+08:00" level=info msg="[GNB][NGAP] Receive Downlink NAS Transport"
time="2026-08-16T17:53:43+08:00" level=info msg="[UE][NAS] Message with security header"
time="2026-08-16T17:53:43+08:00" level=info msg="[UE][NAS] Message with integrity and ciphered"
time="2026-08-16T17:53:43+08:00" level=info msg="[UE][NAS] successful NAS CIPHERING"
time="2026-08-16T17:53:43+08:00" level=info msg="[UE][NAS] successful NAS MAC verification"
time="2026-08-16T17:53:43+08:00" level=info msg="[UE][NAS] Receive Configuration Update Command"
time="2026-08-16T17:53:43+08:00" level=info msg="[UE] Initiating Configuration Update Complete"
time="2026-08-16T17:53:43+08:00" level=info msg="[GNB][NGAP] Receive UE Context Release Command"
time="2026-08-16T17:53:43+08:00" level=warning msg="[GNB][NGAP] AMF is trying to free the context of an unknown UE with RANUEID 657, ignoring"
time="2026-08-16T17:53:43+08:00" level=info msg="[UE][NAS] Message with integrity and ciphered"
time="2026-08-16T17:53:43+08:00" level=info msg="[UE][NAS] successful NAS CIPHERING"
time="2026-08-16T17:53:43+08:00" level=info msg="[UE][NAS] successful NAS MAC verification"
time="2026-08-16T17:53:43+08:00" level=info msg="[UE][NAS] Receive Configuration Update Command"
time="2026-08-16T17:53:43+08:00" level=info msg="[UE] Initiating Configuration Update Complete"
time="2026-08-16T17:53:43+08:00" level=info msg="[GNB][NGAP] Receive Downlink NAS Transport"
time="2026-08-16T17:53:43+08:00" level=info msg="[UE][NAS] Message with security header"
time="2026-08-16T17:53:43+08:00" level=info msg="[UE][NAS] Message with integrity and ciphered"
time="2026-08-16T17:53:43+08:00" level=info msg="[UE][NAS] successful NAS CIPHERING"
time="2026-08-16T17:53:43+08:00" level=info msg="[UE][NAS] successful NAS MAC verification"
time="2026-08-16T17:53:43+08:00" level=info msg="[UE][NAS] Receive Configuration Update Command"
time="2026-08-16T17:53:43+08:00" level=info msg="[UE] Initiating Configuration Update Complete"
time="2026-08-16T17:53:43+08:00" level=info msg="[GNB][SCTP] Receive message in 0 stream\n"
time="2026-08-16T17:53:43+08:00" level=info msg="[GNB][NGAP] Receive Initial Context Setup Request"
time="2026-08-16T17:53:43+08:00" level=info msg="[GNB][UE] UE Context was created with successful"
time="2026-08-16T17:53:43+08:00" level=info msg="[GNB][UE] UE RAN ID 24"
time="2026-08-16T17:53:43+08:00" level=info msg="[GNB][UE] UE AMF ID 823"
time="2026-08-16T17:53:43+08:00" level=info msg="[GNB][UE] UE Mobility Restrict --Plmn-- Mcc: 208 Mnc: 93"
time="2026-08-16T17:53:43+08:00" level=info msg="[GNB][UE] UE Masked Imeisv: 1110000000ffff00"
time="2026-08-16T17:53:43+08:00" level=info msg="[GNB][UE] Allowed Nssai-- Sst: [01 01] Sd: [010203 112233]"
time="2026-08-16T17:53:43+08:00" level=info msg="[GNB][NGAP][AMF] Send Initial Context Setup Response."
time="2026-08-16T17:53:43+08:00" level=info msg="[GNB] Initiating Initial Context Setup Response"
time="2026-08-16T17:53:43+08:00" level=info msg="[GNB][NGAP] No PDU Session to set up in InitialContextSetupResponse."
time="2026-08-16T17:53:43+08:00" level=info msg="[UE][NAS] Message with security header"
time="2026-08-16T17:53:43+08:00" level=info msg="[UE][NAS] Message with integrity and ciphered"
time="2026-08-16T17:53:43+08:00" level=info msg="[UE][NAS] successful NAS CIPHERING"
time="2026-08-16T17:53:43+08:00" level=info msg="[UE][NAS] successful NAS MAC verification"
time="2026-08-16T17:53:43+08:00" level=info msg="[UE][NAS] Receive Registration Accept"
time="2026-08-16T17:53:43+08:00" level=info msg="[UE][NAS] UE 5G GUTI: &{119 11 [242 2 248 57 202 254 0 0 0 2 26]}"
time="2026-08-16T17:53:43+08:00" level=info msg="[UE] Switched from state 3 to state 3"
time="2026-08-16T17:53:43+08:00" level=info msg="[GNB][SCTP] Receive message in 0 stream\n"
time="2026-08-16T17:53:43+08:00" level=info msg="[GNB][NGAP] Receive Initial Context Setup Request"
time="2026-08-16T17:53:43+08:00" level=info msg="[GNB][UE] UE Context was created with successful"
time="2026-08-16T17:53:43+08:00" level=info msg="[GNB][UE] UE RAN ID 12"
time="2026-08-16T17:53:43+08:00" level=info msg="[GNB][UE] UE AMF ID 811"
time="2026-08-16T17:53:43+08:00" level=info msg="[GNB][UE] UE Mobility Restrict --Plmn-- Mcc: 208 Mnc: 93"
time="2026-08-16T17:53:43+08:00" level=info msg="[GNB][UE] UE Masked Imeisv: 1110000000ffff00"
time="2026-08-16T17:53:43+08:00" level=info msg="[GNB][UE] Allowed Nssai-- Sst: [01 01] Sd: [010203 112233]"
time="2026-08-16T17:53:43+08:00" level=info msg="[GNB][NGAP][AMF] Send Initial Context Setup Response."
time="2026-08-16T17:53:43+08:00" level=info msg="[GNB] Initiating Initial Context Setup Response"
time="2026-08-16T17:53:43+08:00" level=info msg="[GNB][NGAP] No PDU Session to set up in InitialContextSetupResponse."
time="2026-08-16T17:53:43+08:00" level=info msg="[UE][NAS] Message with security header"
time="2026-08-16T17:53:43+08:00" level=info msg="[UE][NAS] Message with integrity and ciphered"
time="2026-08-16T17:53:43+08:00" level=info msg="[UE][NAS] successful NAS CIPHERING"
time="2026-08-16T17:53:43+08:00" level=info msg="[UE][NAS] successful NAS MAC verification"
time="2026-08-16T17:53:43+08:00" level=info msg="[UE][NAS] Receive Registration Accept"
time="2026-08-16T17:53:43+08:00" level=info msg="[UE][NAS] UE 5G GUTI: &{119 11 [242 2 248 57 202 254 0 0 0 2 15]}"
time="2026-08-16T17:53:43+08:00" level=info msg="[UE] Switched from state 3 to state 3"
time="2026-08-16T17:53:44+08:00" level=info msg="[GNB][SCTP] Receive message in 0 stream\n"
time="2026-08-16T17:53:44+08:00" level=info msg="[GNB][SCTP] Receive message in 0 stream\n"
time="2026-08-16T17:53:44+08:00" level=info msg="[GNB][NGAP] Receive Initial Context Setup Request"
time="2026-08-16T17:53:44+08:00" level=info msg="[GNB][UE] UE Context was created with successful"
time="2026-08-16T17:53:44+08:00" level=info msg="[GNB][UE] UE RAN ID 69"
time="2026-08-16T17:53:44+08:00" level=info msg="[GNB][UE] UE AMF ID 868"
time="2026-08-16T17:53:44+08:00" level=info msg="[GNB][UE] UE Mobility Restrict --Plmn-- Mcc: 208 Mnc: 93"
time="2026-08-16T17:53:44+08:00" level=info msg="[GNB][UE] UE Masked Imeisv: 1110000000ffff00"
time="2026-08-16T17:53:44+08:00" level=info msg="[GNB][UE] Allowed Nssai-- Sst: [01 01] Sd: [010203 112233]"
time="2026-08-16T17:53:44+08:00" level=info msg="[GNB][NGAP][AMF] Send Initial Context Setup Response."
time="2026-08-16T17:53:44+08:00" level=info msg="[GNB] Initiating Initial Context Setup Response"
time="2026-08-16T17:53:44+08:00" level=info msg="[GNB][NGAP] No PDU Session to set up in InitialContextSetupResponse."
time="2026-08-16T17:53:44+08:00" level=info msg="[UE][NAS] Message with security header"
time="2026-08-16T17:53:44+08:00" level=info msg="[UE][NAS] Message with integrity and ciphered"
time="2026-08-16T17:53:44+08:00" level=info msg="[UE][NAS] successful NAS CIPHERING"
time="2026-08-16T17:53:44+08:00" level=info msg="[UE][NAS] successful NAS MAC verification"
time="2026-08-16T17:53:44+08:00" level=info msg="[UE][NAS] Receive Registration Accept"
time="2026-08-16T17:53:44+08:00" level=info msg="[UE][NAS] UE 5G GUTI: &{119 11 [242 2 248 57 202 254 0 0 0 2 66]}"
time="2026-08-16T17:53:44+08:00" level=info msg="[UE] Switched from state 2 to state 3"
time="2026-08-16T17:53:44+08:00" level=info msg="[GNB][NGAP] Receive UE Context Release Command"
time="2026-08-16T17:53:44+08:00" level=warning msg="[GNB][NGAP] AMF is trying to free the context of an unknown UE with RANUEID 689, ignoring"
time="2026-08-16T17:53:44+08:00" level=info msg="[GNB][SCTP] Receive message in 0 stream\n"
time="2026-08-16T17:53:44+08:00" level=info msg="[GNB][NGAP] Receive Initial Context Setup Request"
time="2026-08-16T17:53:44+08:00" level=info msg="[GNB][UE] UE Context was created with successful"
time="2026-08-16T17:53:44+08:00" level=info msg="[GNB][UE] UE RAN ID 58"
time="2026-08-16T17:53:44+08:00" level=info msg="[GNB][UE] UE AMF ID 857"
time="2026-08-16T17:53:44+08:00" level=info msg="[GNB][UE] UE Mobility Restrict --Plmn-- Mcc: 208 Mnc: 93"
time="2026-08-16T17:53:44+08:00" level=info msg="[GNB][UE] UE Masked Imeisv: 1110000000ffff00"
time="2026-08-16T17:53:44+08:00" level=info msg="[GNB][UE] Allowed Nssai-- Sst: [01 01] Sd: [010203 112233]"
time="2026-08-16T17:53:44+08:00" level=info msg="[GNB][NGAP][AMF] Send Initial Context Setup Response."
time="2026-08-16T17:53:44+08:00" level=info msg="[GNB] Initiating Initial Context Setup Response"
time="2026-08-16T17:53:44+08:00" level=info msg="[GNB][NGAP] No PDU Session to set up in InitialContextSetupResponse."
time="2026-08-16T17:53:44+08:00" level=info msg="[UE][NAS] Message with security header"
time="2026-08-16T17:53:44+08:00" level=info msg="[UE][NAS] Message with integrity and ciphered"
time="2026-08-16T17:53:44+08:00" level=info msg="[UE][NAS] successful NAS CIPHERING"
time="2026-08-16T17:53:44+08:00" level=info msg="[UE][NAS] successful NAS MAC verification"
time="2026-08-16T17:53:44+08:00" level=info msg="[UE][NAS] Receive Registration Accept"
time="2026-08-16T17:53:44+08:00" level=info msg="[UE][NAS] UE 5G GUTI: &{119 11 [242 2 248 57 202 254 0 0 0 2 84]}"
time="2026-08-16T17:53:44+08:00" level=info msg="[UE] Switched from state 2 to state 3"
time="2026-08-16T17:53:44+08:00" level=info msg="[GNB][SCTP] Receive message in 0 stream\n"
time="2026-08-16T17:53:44+08:00" level=info msg="[GNB][NGAP] Receive Initial Context Setup Request"
time="2026-08-16T17:53:44+08:00" level=info msg="[GNB][UE] UE Context was created with successful"
time="2026-08-16T17:53:44+08:00" level=info msg="[GNB][UE] UE RAN ID 61"
time="2026-08-16T17:53:44+08:00" level=info msg="[GNB][UE] UE AMF ID 860"
time="2026-08-16T17:53:44+08:00" level=info msg="[GNB][UE] UE Mobility Restrict --Plmn-- Mcc: 208 Mnc: 93"
time="2026-08-16T17:53:44+08:00" level=info msg="[GNB][UE] UE Masked Imeisv: 1110000000ffff00"
time="2026-08-16T17:53:44+08:00" level=info msg="[GNB][UE] Allowed Nssai-- Sst: [01 01] Sd: [010203 112233]"
time="2026-08-16T17:53:44+08:00" level=info msg="[GNB][NGAP][AMF] Send Initial Context Setup Response."
time="2026-08-16T17:53:44+08:00" level=info msg="[GNB] Initiating Initial Context Setup Response"
time="2026-08-16T17:53:44+08:00" level=info msg="[GNB][NGAP] No PDU Session to set up in InitialContextSetupResponse."
time="2026-08-16T17:53:44+08:00" level=info msg="[UE][NAS] Message with security header"
time="2026-08-16T17:53:44+08:00" level=info msg="[UE][NAS] Message with integrity and ciphered"
time="2026-08-16T17:53:44+08:00" level=info msg="[UE][NAS] successful NAS CIPHERING"
time="2026-08-16T17:53:44+08:00" level=info msg="[UE][NAS] successful NAS MAC verification"
time="2026-08-16T17:53:44+08:00" level=info msg="[UE][NAS] Receive Registration Accept"
time="2026-08-16T17:53:44+08:00" level=info msg="[UE][NAS] UE 5G GUTI: &{119 11 [242 2 248 57 202 254 0 0 0 2 46]}"
time="2026-08-16T17:53:44+08:00" level=info msg="[UE] Switched from state 2 to state 3"
time="2026-08-16T17:53:44+08:00" level=info msg="[GNB][SCTP] Receive message in 0 stream\n"
time="2026-08-16T17:53:44+08:00" level=info msg="[GNB][NGAP] Receive UE Context Release Command"
time="2026-08-16T17:53:44+08:00" level=warning msg="[GNB][NGAP] AMF is trying to free the context of an unknown UE with RANUEID 664, ignoring"
time="2026-08-16T17:53:44+08:00" level=info msg="[GNB][SCTP] Receive message in 0 stream\n"
time="2026-08-16T17:53:44+08:00" level=info msg="[GNB][NGAP] Receive UE Context Release Command"
time="2026-08-16T17:53:44+08:00" level=warning msg="[GNB][NGAP] AMF is trying to free the context of an unknown UE with RANUEID 681, ignoring"
time="2026-08-16T17:53:44+08:00" level=info msg="[GNB][SCTP] Receive message in 0 stream\n"
time="2026-08-16T17:53:44+08:00" level=info msg="[GNB][SCTP] Receive message in 0 stream\n"
time="2026-08-16T17:53:44+08:00" level=info msg="[GNB][SCTP] Receive message in 0 stream\n"
time="2026-08-16T17:53:44+08:00" level=info msg="[GNB][SCTP] Receive message in 0 stream\n"
time="2026-08-16T17:53:44+08:00" level=info msg="[GNB][SCTP] Receive message in 0 stream\n"
time="2026-08-16T17:53:44+08:00" level=info msg="[GNB][SCTP] Receive message in 0 stream\n"
time="2026-08-16T17:53:44+08:00" level=info msg="[GNB][SCTP] Receive message in 0 stream\n"
time="2026-08-16T17:53:44+08:00" level=info msg="[GNB][NGAP] Receive UE Context Release Command"
time="2026-08-16T17:53:44+08:00" level=warning msg="[GNB][NGAP] AMF is trying to free the context of an unknown UE with RANUEID 656, ignoring"
time="2026-08-16T17:53:44+08:00" level=info msg="[GNB][NGAP] Receive UE Context Release Command"
time="2026-08-16T17:53:44+08:00" level=warning msg="[GNB][NGAP] AMF is trying to free the context of an unknown UE with RANUEID 698, ignoring"
time="2026-08-16T17:53:44+08:00" level=info msg="[GNB][NGAP] Receive UE Context Release Command"
time="2026-08-16T17:53:44+08:00" level=warning msg="[GNB][NGAP] AMF is trying to free the context of an unknown UE with RANUEID 661, ignoring"
time="2026-08-16T17:53:44+08:00" level=info msg="[GNB][NGAP] Receive Initial Context Setup Request"
time="2026-08-16T17:53:44+08:00" level=info msg="[GNB][UE] UE Context was created with successful"
time="2026-08-16T17:53:44+08:00" level=info msg="[GNB][UE] UE RAN ID 18"
time="2026-08-16T17:53:44+08:00" level=info msg="[GNB][UE] UE AMF ID 817"
time="2026-08-16T17:53:44+08:00" level=info msg="[GNB][UE] UE Mobility Restrict --Plmn-- Mcc: 208 Mnc: 93"
time="2026-08-16T17:53:44+08:00" level=info msg="[GNB][UE] UE Masked Imeisv: 1110000000ffff00"
time="2026-08-16T17:53:44+08:00" level=info msg="[GNB][UE] Allowed Nssai-- Sst: [01 01] Sd: [010203 112233]"
time="2026-08-16T17:53:44+08:00" level=info msg="[GNB][NGAP][AMF] Send Initial Context Setup Response."
time="2026-08-16T17:53:44+08:00" level=info msg="[GNB] Initiating Initial Context Setup Response"
time="2026-08-16T17:53:44+08:00" level=info msg="[GNB][NGAP] No PDU Session to set up in InitialContextSetupResponse."
time="2026-08-16T17:53:44+08:00" level=info msg="[GNB][NGAP] Receive Initial Context Setup Request"
time="2026-08-16T17:53:44+08:00" level=info msg="[GNB][UE] UE Context was created with successful"
time="2026-08-16T17:53:44+08:00" level=info msg="[GNB][UE] UE RAN ID 90"
time="2026-08-16T17:53:44+08:00" level=info msg="[GNB][UE] UE AMF ID 889"
time="2026-08-16T17:53:44+08:00" level=info msg="[GNB][UE] UE Mobility Restrict --Plmn-- Mcc: 208 Mnc: 93"
time="2026-08-16T17:53:44+08:00" level=info msg="[GNB][UE] UE Masked Imeisv: 1110000000ffff00"
time="2026-08-16T17:53:44+08:00" level=info msg="[GNB][UE] Allowed Nssai-- Sst: [01 01] Sd: [010203 112233]"
time="2026-08-16T17:53:44+08:00" level=info msg="[GNB][NGAP][AMF] Send Initial Context Setup Response."
time="2026-08-16T17:53:44+08:00" level=info msg="[GNB] Initiating Initial Context Setup Response"
time="2026-08-16T17:53:44+08:00" level=info msg="[GNB][NGAP] No PDU Session to set up in InitialContextSetupResponse."
time="2026-08-16T17:53:44+08:00" level=info msg="[UE][NAS] Message with security header"
time="2026-08-16T17:53:44+08:00" level=info msg="[UE][NAS] Message with integrity and ciphered"
time="2026-08-16T17:53:44+08:00" level=info msg="[UE][NAS] successful NAS CIPHERING"
time="2026-08-16T17:53:44+08:00" level=info msg="[UE][NAS] successful NAS MAC verification"
time="2026-08-16T17:53:44+08:00" level=info msg="[UE][NAS] Receive Registration Accept"
time="2026-08-16T17:53:44+08:00" level=info msg="[UE][NAS] UE 5G GUTI: &{119 11 [242 2 248 57 202 254 0 0 0 2 19]}"
time="2026-08-16T17:53:44+08:00" level=info msg="[GNB][NGAP] Receive Initial Context Setup Request"
time="2026-08-16T17:53:44+08:00" level=info msg="[GNB][UE] UE Context was created with successful"
time="2026-08-16T17:53:44+08:00" level=info msg="[GNB][UE] UE RAN ID 82"
time="2026-08-16T17:53:44+08:00" level=info msg="[GNB][UE] UE AMF ID 881"
time="2026-08-16T17:53:44+08:00" level=info msg="[GNB][UE] UE Mobility Restrict --Plmn-- Mcc: 208 Mnc: 93"
time="2026-08-16T17:53:44+08:00" level=info msg="[GNB][UE] UE Masked Imeisv: 1110000000ffff00"
time="2026-08-16T17:53:44+08:00" level=info msg="[GNB][UE] Allowed Nssai-- Sst: [01 01] Sd: [010203 112233]"
time="2026-08-16T17:53:44+08:00" level=info msg="[GNB][NGAP][AMF] Send Initial Context Setup Response."
time="2026-08-16T17:53:44+08:00" level=info msg="[GNB] Initiating Initial Context Setup Response"
time="2026-08-16T17:53:44+08:00" level=info msg="[GNB][NGAP] No PDU Session to set up in InitialContextSetupResponse."
time="2026-08-16T17:53:44+08:00" level=info msg="[UE] Switched from state 3 to state 3"
time="2026-08-16T17:53:44+08:00" level=info msg="[UE][NAS] Message with security header"
time="2026-08-16T17:53:44+08:00" level=info msg="[UE][NAS] Message with integrity and ciphered"
time="2026-08-16T17:53:44+08:00" level=info msg="[UE][NAS] successful NAS CIPHERING"
time="2026-08-16T17:53:44+08:00" level=info msg="[UE][NAS] successful NAS MAC verification"
time="2026-08-16T17:53:44+08:00" level=info msg="[UE][NAS] Receive Registration Accept"
time="2026-08-16T17:53:44+08:00" level=info msg="[UE][NAS] UE 5G GUTI: &{119 11 [242 2 248 57 202 254 0 0 0 2 90]}"
time="2026-08-16T17:53:44+08:00" level=info msg="[UE] Switched from state 2 to state 3"
time="2026-08-16T17:53:44+08:00" level=info msg="[UE][NAS] Message with security header"
time="2026-08-16T17:53:44+08:00" level=info msg="[UE][NAS] Message with integrity and ciphered"
time="2026-08-16T17:53:44+08:00" level=info msg="[UE][NAS] successful NAS CIPHERING"
time="2026-08-16T17:53:44+08:00" level=info msg="[UE][NAS] successful NAS MAC verification"
time="2026-08-16T17:53:44+08:00" level=info msg="[UE][NAS] Receive Registration Accept"
time="2026-08-16T17:53:44+08:00" level=info msg="[UE][NAS] UE 5G GUTI: &{119 11 [242 2 248 57 202 254 0 0 0 2 71]}"
time="2026-08-16T17:53:44+08:00" level=info msg="[UE] Switched from state 2 to state 3"
time="2026-08-16T17:53:44+08:00" level=info msg="[GNB][NGAP] Receive Initial Context Setup Request"
time="2026-08-16T17:53:44+08:00" level=info msg="[GNB][UE] UE Context was created with successful"
time="2026-08-16T17:53:44+08:00" level=info msg="[GNB][UE] UE RAN ID 65"
time="2026-08-16T17:53:44+08:00" level=info msg="[GNB][UE] UE AMF ID 864"
time="2026-08-16T17:53:44+08:00" level=info msg="[GNB][UE] UE Mobility Restrict --Plmn-- Mcc: 208 Mnc: 93"
time="2026-08-16T17:53:44+08:00" level=info msg="[GNB][UE] UE Masked Imeisv: 1110000000ffff00"
time="2026-08-16T17:53:44+08:00" level=info msg="[GNB][UE] Allowed Nssai-- Sst: [01 01] Sd: [010203 112233]"
time="2026-08-16T17:53:44+08:00" level=info msg="[GNB][NGAP][AMF] Send Initial Context Setup Response."
time="2026-08-16T17:53:44+08:00" level=info msg="[GNB] Initiating Initial Context Setup Response"
time="2026-08-16T17:53:44+08:00" level=info msg="[GNB][NGAP] No PDU Session to set up in InitialContextSetupResponse."
time="2026-08-16T17:53:44+08:00" level=info msg="[UE][NAS] Message with security header"
time="2026-08-16T17:53:44+08:00" level=info msg="[UE][NAS] Message with integrity and ciphered"
time="2026-08-16T17:53:44+08:00" level=info msg="[UE][NAS] successful NAS CIPHERING"
time="2026-08-16T17:53:44+08:00" level=info msg="[UE][NAS] successful NAS MAC verification"
time="2026-08-16T17:53:44+08:00" level=info msg="[UE][NAS] Receive Registration Accept"
time="2026-08-16T17:53:44+08:00" level=info msg="[UE][NAS] UE 5G GUTI: &{119 11 [242 2 248 57 202 254 0 0 0 2 52]}"
time="2026-08-16T17:53:44+08:00" level=info msg="[UE] Switched from state 2 to state 3"
time="2026-08-16T17:53:44+08:00" level=info msg="[GNB][SCTP] Receive message in 0 stream\n"
time="2026-08-16T17:53:44+08:00" level=info msg="[GNB][NGAP] Receive Initial Context Setup Request"
time="2026-08-16T17:53:44+08:00" level=info msg="[GNB][UE] UE Context was created with successful"
time="2026-08-16T17:53:44+08:00" level=info msg="[GNB][UE] UE RAN ID 43"
time="2026-08-16T17:53:44+08:00" level=info msg="[GNB][UE] UE AMF ID 842"
time="2026-08-16T17:53:44+08:00" level=info msg="[GNB][UE] UE Mobility Restrict --Plmn-- Mcc: 208 Mnc: 93"
time="2026-08-16T17:53:44+08:00" level=info msg="[GNB][UE] UE Masked Imeisv: 1110000000ffff00"
time="2026-08-16T17:53:44+08:00" level=info msg="[GNB][UE] Allowed Nssai-- Sst: [01 01] Sd: [010203 112233]"
time="2026-08-16T17:53:44+08:00" level=info msg="[GNB][NGAP][AMF] Send Initial Context Setup Response."
time="2026-08-16T17:53:44+08:00" level=info msg="[GNB] Initiating Initial Context Setup Response"
time="2026-08-16T17:53:44+08:00" level=info msg="[GNB][NGAP] No PDU Session to set up in InitialContextSetupResponse."
time="2026-08-16T17:53:44+08:00" level=info msg="[GNB][SCTP] Receive message in 0 stream\n"
time="2026-08-16T17:53:44+08:00" level=info msg="[UE][NAS] Message with security header"
time="2026-08-16T17:53:44+08:00" level=info msg="[UE][NAS] Message with integrity and ciphered"
time="2026-08-16T17:53:44+08:00" level=info msg="[UE][NAS] successful NAS CIPHERING"
time="2026-08-16T17:53:44+08:00" level=info msg="[UE][NAS] successful NAS MAC verification"
time="2026-08-16T17:53:44+08:00" level=info msg="[UE][NAS] Receive Registration Accept"
time="2026-08-16T17:53:44+08:00" level=info msg="[UE][NAS] UE 5G GUTI: &{119 11 [242 2 248 57 202 254 0 0 0 2 32]}"
time="2026-08-16T17:53:44+08:00" level=info msg="[UE] Switched from state 3 to state 3"
time="2026-08-16T17:53:44+08:00" level=info msg="[GNB][NGAP] Receive Initial Context Setup Request"
time="2026-08-16T17:53:44+08:00" level=info msg="[GNB][UE] UE Context was created with successful"
time="2026-08-16T17:53:44+08:00" level=info msg="[GNB][UE] UE RAN ID 25"
time="2026-08-16T17:53:44+08:00" level=info msg="[GNB][UE] UE AMF ID 824"
time="2026-08-16T17:53:44+08:00" level=info msg="[GNB][UE] UE Mobility Restrict --Plmn-- Mcc: 208 Mnc: 93"
time="2026-08-16T17:53:44+08:00" level=info msg="[GNB][UE] UE Masked Imeisv: 1110000000ffff00"
time="2026-08-16T17:53:44+08:00" level=info msg="[GNB][UE] Allowed Nssai-- Sst: [01 01] Sd: [010203 112233]"
time="2026-08-16T17:53:44+08:00" level=info msg="[GNB][NGAP][AMF] Send Initial Context Setup Response."
time="2026-08-16T17:53:44+08:00" level=info msg="[GNB] Initiating Initial Context Setup Response"
time="2026-08-16T17:53:44+08:00" level=info msg="[GNB][NGAP] No PDU Session to set up in InitialContextSetupResponse."
time="2026-08-16T17:53:44+08:00" level=info msg="[UE][NAS] Message with security header"
time="2026-08-16T17:53:44+08:00" level=info msg="[UE][NAS] Message with integrity and ciphered"
time="2026-08-16T17:53:44+08:00" level=info msg="[UE][NAS] successful NAS CIPHERING"
time="2026-08-16T17:53:44+08:00" level=info msg="[UE][NAS] successful NAS MAC verification"
time="2026-08-16T17:53:44+08:00" level=info msg="[UE][NAS] Receive Registration Accept"
time="2026-08-16T17:53:44+08:00" level=info msg="[UE][NAS] UE 5G GUTI: &{119 11 [242 2 248 57 202 254 0 0 0 2 21]}"
time="2026-08-16T17:53:44+08:00" level=info msg="[UE] Switched from state 3 to state 3"
time="2026-08-16T17:53:44+08:00" level=info msg="[GNB][SCTP] Receive message in 0 stream\n"
time="2026-08-16T17:53:44+08:00" level=info msg="[GNB][NGAP] Receive Initial Context Setup Request"
time="2026-08-16T17:53:44+08:00" level=info msg="[GNB][UE] UE Context was created with successful"
time="2026-08-16T17:53:44+08:00" level=info msg="[GNB][UE] UE RAN ID 96"
time="2026-08-16T17:53:44+08:00" level=info msg="[GNB][UE] UE AMF ID 895"
time="2026-08-16T17:53:44+08:00" level=info msg="[GNB][UE] UE Mobility Restrict --Plmn-- Mcc: 208 Mnc: 93"
time="2026-08-16T17:53:44+08:00" level=info msg="[GNB][UE] UE Masked Imeisv: 1110000000ffff00"
time="2026-08-16T17:53:44+08:00" level=info msg="[GNB][UE] Allowed Nssai-- Sst: [01 01] Sd: [010203 112233]"
time="2026-08-16T17:53:44+08:00" level=info msg="[GNB][NGAP][AMF] Send Initial Context Setup Response."
time="2026-08-16T17:53:44+08:00" level=info msg="[GNB] Initiating Initial Context Setup Response"
time="2026-08-16T17:53:44+08:00" level=info msg="[GNB][NGAP] No PDU Session to set up in InitialContextSetupResponse."
time="2026-08-16T17:53:44+08:00" level=info msg="[UE][NAS] Message with security header"
time="2026-08-16T17:53:44+08:00" level=info msg="[UE][NAS] Message with integrity and ciphered"
time="2026-08-16T17:53:44+08:00" level=info msg="[UE][NAS] successful NAS CIPHERING"
time="2026-08-16T17:53:44+08:00" level=info msg="[UE][NAS] successful NAS MAC verification"
time="2026-08-16T17:53:44+08:00" level=info msg="[UE][NAS] Receive Registration Accept"
time="2026-08-16T17:53:44+08:00" level=info msg="[UE][NAS] UE 5G GUTI: &{119 11 [242 2 248 57 202 254 0 0 0 2 74]}"
time="2026-08-16T17:53:44+08:00" level=info msg="[UE] Switched from state 2 to state 3"
time="2026-08-16T17:53:44+08:00" level=info msg="[GNB][SCTP] Receive message in 0 stream\n"
time="2026-08-16T17:53:44+08:00" level=info msg="[GNB][NGAP] Receive Initial Context Setup Request"
time="2026-08-16T17:53:44+08:00" level=info msg="[GNB][UE] UE Context was created with successful"
time="2026-08-16T17:53:44+08:00" level=info msg="[GNB][UE] UE RAN ID 17"
time="2026-08-16T17:53:44+08:00" level=info msg="[GNB][UE] UE AMF ID 816"
time="2026-08-16T17:53:44+08:00" level=info msg="[GNB][UE] UE Mobility Restrict --Plmn-- Mcc: 208 Mnc: 93"
time="2026-08-16T17:53:44+08:00" level=info msg="[GNB][UE] UE Masked Imeisv: 1110000000ffff00"
time="2026-08-16T17:53:44+08:00" level=info msg="[GNB][UE] Allowed Nssai-- Sst: [01 01] Sd: [010203 112233]"
time="2026-08-16T17:53:44+08:00" level=info msg="[GNB][NGAP][AMF] Send Initial Context Setup Response."
time="2026-08-16T17:53:44+08:00" level=info msg="[GNB] Initiating Initial Context Setup Response"
time="2026-08-16T17:53:44+08:00" level=info msg="[GNB][NGAP] No PDU Session to set up in InitialContextSetupResponse."
time="2026-08-16T17:53:44+08:00" level=info msg="[UE][NAS] Message with security header"
time="2026-08-16T17:53:44+08:00" level=info msg="[UE][NAS] Message with integrity and ciphered"
time="2026-08-16T17:53:44+08:00" level=info msg="[UE][NAS] successful NAS CIPHERING"
time="2026-08-16T17:53:44+08:00" level=info msg="[UE][NAS] successful NAS MAC verification"
time="2026-08-16T17:53:44+08:00" level=info msg="[UE][NAS] Receive Registration Accept"
time="2026-08-16T17:53:44+08:00" level=info msg="[UE][NAS] UE 5G GUTI: &{119 11 [242 2 248 57 202 254 0 0 0 2 16]}"
time="2026-08-16T17:53:44+08:00" level=info msg="[UE] Switched from state 3 to state 3"
time="2026-08-16T17:53:44+08:00" level=info msg="[GNB][SCTP] Receive message in 0 stream\n"
time="2026-08-16T17:53:44+08:00" level=info msg="[GNB][NGAP] Receive Downlink NAS Transport"
time="2026-08-16T17:53:44+08:00" level=info msg="[UE][NAS] Message with security header"
time="2026-08-16T17:53:44+08:00" level=info msg="[UE][NAS] Message with integrity and with NEW 5G NAS SECURITY CONTEXT"
time="2026-08-16T17:53:44+08:00" level=info msg="[UE][NAS] successful NAS MAC verification"
time="2026-08-16T17:53:44+08:00" level=info msg="[UE][NAS] Receive Security Mode Command"
time="2026-08-16T17:53:44+08:00" level=info msg="[UE][NAS] Type of ciphering algorithm is 5G-EA0"
time="2026-08-16T17:53:44+08:00" level=info msg="[UE][NAS] Type of integrity protection algorithm is 128-5G-IA2"
time="2026-08-16T17:53:44+08:00" level=info msg="[GNB][SCTP] Receive message in 0 stream\n"
time="2026-08-16T17:53:44+08:00" level=info msg="[GNB][SCTP] Receive message in 0 stream\n"
time="2026-08-16T17:53:44+08:00" level=info msg="[GNB][NGAP] Receive UE Context Release Command"
time="2026-08-16T17:53:44+08:00" level=warning msg="[GNB][NGAP] AMF is trying to free the context of an unknown UE with RANUEID 649, ignoring"
time="2026-08-16T17:53:44+08:00" level=info msg="[GNB][NGAP] Receive Initial Context Setup Request"
time="2026-08-16T17:53:44+08:00" level=info msg="[GNB][UE] UE Context was created with successful"
time="2026-08-16T17:53:44+08:00" level=info msg="[GNB][UE] UE RAN ID 32"
time="2026-08-16T17:53:44+08:00" level=info msg="[GNB][UE] UE AMF ID 831"
time="2026-08-16T17:53:44+08:00" level=info msg="[GNB][UE] UE Mobility Restrict --Plmn-- Mcc: 208 Mnc: 93"
time="2026-08-16T17:53:44+08:00" level=info msg="[GNB][UE] UE Masked Imeisv: 1110000000ffff00"
time="2026-08-16T17:53:44+08:00" level=info msg="[GNB][UE] Allowed Nssai-- Sst: [01 01] Sd: [010203 112233]"
time="2026-08-16T17:53:44+08:00" level=info msg="[GNB][NGAP][AMF] Send Initial Context Setup Response."
time="2026-08-16T17:53:44+08:00" level=info msg="[GNB] Initiating Initial Context Setup Response"
time="2026-08-16T17:53:44+08:00" level=info msg="[GNB][NGAP] No PDU Session to set up in InitialContextSetupResponse."
time="2026-08-16T17:53:44+08:00" level=info msg="[UE][NAS] Message with security header"
time="2026-08-16T17:53:44+08:00" level=info msg="[UE][NAS] Message with integrity and ciphered"
time="2026-08-16T17:53:44+08:00" level=info msg="[UE][NAS] successful NAS CIPHERING"
time="2026-08-16T17:53:44+08:00" level=info msg="[UE][NAS] successful NAS MAC verification"
time="2026-08-16T17:53:44+08:00" level=info msg="[UE][NAS] Receive Registration Accept"
time="2026-08-16T17:53:44+08:00" level=info msg="[GNB][SCTP] Receive message in 0 stream\n"
time="2026-08-16T17:53:44+08:00" level=info msg="[UE][NAS] UE 5G GUTI: &{119 11 [242 2 248 57 202 254 0 0 0 2 79]}"
time="2026-08-16T17:53:44+08:00" level=info msg="[UE] Switched from state 2 to state 3"
time="2026-08-16T17:53:44+08:00" level=info msg="[GNB][NGAP] Receive Initial Context Setup Request"
time="2026-08-16T17:53:44+08:00" level=info msg="[GNB][UE] UE Context was created with successful"
time="2026-08-16T17:53:44+08:00" level=info msg="[GNB][UE] UE RAN ID 99"
time="2026-08-16T17:53:44+08:00" level=info msg="[GNB][UE] UE AMF ID 898"
time="2026-08-16T17:53:44+08:00" level=info msg="[GNB][UE] UE Mobility Restrict --Plmn-- Mcc: 208 Mnc: 93"
time="2026-08-16T17:53:44+08:00" level=info msg="[GNB][UE] UE Masked Imeisv: 1110000000ffff00"
time="2026-08-16T17:53:44+08:00" level=info msg="[GNB][UE] Allowed Nssai-- Sst: [01 01] Sd: [010203 112233]"
time="2026-08-16T17:53:44+08:00" level=info msg="[GNB][NGAP][AMF] Send Initial Context Setup Response."
time="2026-08-16T17:53:44+08:00" level=info msg="[GNB] Initiating Initial Context Setup Response"
time="2026-08-16T17:53:44+08:00" level=info msg="[GNB][NGAP] No PDU Session to set up in InitialContextSetupResponse."
time="2026-08-16T17:53:44+08:00" level=info msg="[UE][NAS] Message with security header"
time="2026-08-16T17:53:44+08:00" level=info msg="[UE][NAS] Message with integrity and ciphered"
time="2026-08-16T17:53:44+08:00" level=info msg="[UE][NAS] successful NAS CIPHERING"
time="2026-08-16T17:53:44+08:00" level=info msg="[UE][NAS] successful NAS MAC verification"
time="2026-08-16T17:53:44+08:00" level=info msg="[UE][NAS] Receive Registration Accept"
time="2026-08-16T17:53:44+08:00" level=info msg="[UE][NAS] UE 5G GUTI: &{119 11 [242 2 248 57 202 254 0 0 0 2 77]}"
time="2026-08-16T17:53:44+08:00" level=info msg="[UE] Switched from state 2 to state 3"
time="2026-08-16T17:53:44+08:00" level=info msg="[GNB][SCTP] Receive message in 0 stream\n"
time="2026-08-16T17:53:44+08:00" level=info msg="[GNB][NGAP] Receive UE Context Release Command"
time="2026-08-16T17:53:44+08:00" level=warning msg="[GNB][NGAP] AMF is trying to free the context of an unknown UE with RANUEID 651, ignoring"
time="2026-08-16T17:53:44+08:00" level=info msg="[GNB][SCTP] Receive message in 0 stream\n"
time="2026-08-16T17:53:44+08:00" level=info msg="[GNB][NGAP] Receive Downlink NAS Transport"
time="2026-08-16T17:53:44+08:00" level=info msg="[UE][NAS] Message with security header"
time="2026-08-16T17:53:44+08:00" level=info msg="[UE][NAS] Message with integrity and with NEW 5G NAS SECURITY CONTEXT"
time="2026-08-16T17:53:44+08:00" level=info msg="[UE][NAS] successful NAS MAC verification"
time="2026-08-16T17:53:44+08:00" level=info msg="[UE][NAS] Receive Security Mode Command"
time="2026-08-16T17:53:44+08:00" level=info msg="[UE][NAS] Type of ciphering algorithm is 5G-EA0"
time="2026-08-16T17:53:44+08:00" level=info msg="[UE][NAS] Type of integrity protection algorithm is 128-5G-IA2"
time="2026-08-16T17:53:44+08:00" level=info msg="[GNB][SCTP] Receive message in 0 stream\n"
time="2026-08-16T17:53:44+08:00" level=info msg="[GNB][NGAP] Receive Downlink NAS Transport"
time="2026-08-16T17:53:44+08:00" level=info msg="[UE][NAS] Message with security header"
time="2026-08-16T17:53:44+08:00" level=info msg="[UE][NAS] Message with integrity and with NEW 5G NAS SECURITY CONTEXT"
time="2026-08-16T17:53:44+08:00" level=info msg="[UE][NAS] successful NAS MAC verification"
time="2026-08-16T17:53:44+08:00" level=info msg="[UE][NAS] Receive Security Mode Command"
time="2026-08-16T17:53:44+08:00" level=info msg="[UE][NAS] Type of ciphering algorithm is 5G-EA0"
time="2026-08-16T17:53:44+08:00" level=info msg="[UE][NAS] Type of integrity protection algorithm is 128-5G-IA2"
time="2026-08-16T17:53:44+08:00" level=info msg="[GNB][SCTP] Receive message in 0 stream\n"
time="2026-08-16T17:53:44+08:00" level=info msg="[GNB][NGAP] Receive Downlink NAS Transport"
time="2026-08-16T17:53:44+08:00" level=info msg="[UE][NAS] Message with security header"
time="2026-08-16T17:53:44+08:00" level=info msg="[UE][NAS] Message with integrity and with NEW 5G NAS SECURITY CONTEXT"
time="2026-08-16T17:53:44+08:00" level=info msg="[UE][NAS] successful NAS MAC verification"
time="2026-08-16T17:53:44+08:00" level=info msg="[UE][NAS] Receive Security Mode Command"
time="2026-08-16T17:53:44+08:00" level=info msg="[UE][NAS] Type of ciphering algorithm is 5G-EA0"
time="2026-08-16T17:53:44+08:00" level=info msg="[UE][NAS] Type of integrity protection algorithm is 128-5G-IA2"
time="2026-08-16T17:53:44+08:00" level=info msg="[GNB][SCTP] Receive message in 0 stream\n"
time="2026-08-16T17:53:44+08:00" level=info msg="[GNB][NGAP] Receive Initial Context Setup Request"
time="2026-08-16T17:53:44+08:00" level=info msg="[GNB][UE] UE Context was created with successful"
time="2026-08-16T17:53:44+08:00" level=info msg="[GNB][UE] UE RAN ID 87"
time="2026-08-16T17:53:44+08:00" level=info msg="[GNB][UE] UE AMF ID 886"
time="2026-08-16T17:53:44+08:00" level=info msg="[GNB][UE] UE Mobility Restrict --Plmn-- Mcc: 208 Mnc: 93"
time="2026-08-16T17:53:44+08:00" level=info msg="[GNB][UE] UE Masked Imeisv: 1110000000ffff00"
time="2026-08-16T17:53:44+08:00" level=info msg="[GNB][UE] Allowed Nssai-- Sst: [01 01] Sd: [010203 112233]"
time="2026-08-16T17:53:44+08:00" level=info msg="[GNB][NGAP][AMF] Send Initial Context Setup Response."
time="2026-08-16T17:53:44+08:00" level=info msg="[GNB] Initiating Initial Context Setup Response"
time="2026-08-16T17:53:44+08:00" level=info msg="[GNB][NGAP] No PDU Session to set up in InitialContextSetupResponse."
time="2026-08-16T17:53:44+08:00" level=info msg="[UE][NAS] Message with security header"
time="2026-08-16T17:53:44+08:00" level=info msg="[UE][NAS] Message with integrity and ciphered"
time="2026-08-16T17:53:44+08:00" level=info msg="[UE][NAS] successful NAS CIPHERING"
time="2026-08-16T17:53:44+08:00" level=info msg="[UE][NAS] successful NAS MAC verification"
time="2026-08-16T17:53:44+08:00" level=info msg="[UE][NAS] Receive Registration Accept"
time="2026-08-16T17:53:44+08:00" level=info msg="[UE][NAS] UE 5G GUTI: &{119 11 [242 2 248 57 202 254 0 0 0 2 75]}"
time="2026-08-16T17:53:44+08:00" level=info msg="[UE] Switched from state 2 to state 3"
time="2026-08-16T17:53:44+08:00" level=info msg="[GNB][SCTP] Receive message in 0 stream\n"
time="2026-08-16T17:53:44+08:00" level=info msg="[GNB][NGAP] Receive Initial Context Setup Request"
time="2026-08-16T17:53:44+08:00" level=info msg="[GNB][UE] UE Context was created with successful"
time="2026-08-16T17:53:44+08:00" level=info msg="[GNB][UE] UE RAN ID 62"
time="2026-08-16T17:53:44+08:00" level=info msg="[GNB][UE] UE AMF ID 861"
time="2026-08-16T17:53:44+08:00" level=info msg="[GNB][UE] UE Mobility Restrict --Plmn-- Mcc: 208 Mnc: 93"
time="2026-08-16T17:53:44+08:00" level=info msg="[GNB][UE] UE Masked Imeisv: 1110000000ffff00"
time="2026-08-16T17:53:44+08:00" level=info msg="[GNB][UE] Allowed Nssai-- Sst: [01 01] Sd: [010203 112233]"
time="2026-08-16T17:53:44+08:00" level=info msg="[GNB][NGAP][AMF] Send Initial Context Setup Response."
time="2026-08-16T17:53:44+08:00" level=info msg="[GNB] Initiating Initial Context Setup Response"
time="2026-08-16T17:53:44+08:00" level=info msg="[GNB][NGAP] No PDU Session to set up in InitialContextSetupResponse."
time="2026-08-16T17:53:44+08:00" level=info msg="[UE][NAS] Message with security header"
time="2026-08-16T17:53:44+08:00" level=info msg="[UE][NAS] Message with integrity and ciphered"
time="2026-08-16T17:53:44+08:00" level=info msg="[UE][NAS] successful NAS CIPHERING"
time="2026-08-16T17:53:44+08:00" level=info msg="[UE][NAS] successful NAS MAC verification"
time="2026-08-16T17:53:44+08:00" level=info msg="[UE][NAS] Receive Registration Accept"
time="2026-08-16T17:53:44+08:00" level=info msg="[UE][NAS] UE 5G GUTI: &{119 11 [242 2 248 57 202 254 0 0 0 2 96]}"
time="2026-08-16T17:53:44+08:00" level=info msg="[UE] Switched from state 2 to state 3"
time="2026-08-16T17:53:44+08:00" level=info msg="[GNB][SCTP] Receive message in 0 stream\n"
time="2026-08-16T17:53:44+08:00" level=info msg="[GNB][NGAP] Receive UE Context Release Command"
time="2026-08-16T17:53:44+08:00" level=warning msg="[GNB][NGAP] AMF is trying to free the context of an unknown UE with RANUEID 697, ignoring"
time="2026-08-16T17:53:44+08:00" level=info msg="[GNB][SCTP] Receive message in 0 stream\n"
time="2026-08-16T17:53:44+08:00" level=info msg="[GNB][NGAP] Receive Initial Context Setup Request"
time="2026-08-16T17:53:44+08:00" level=info msg="[GNB][UE] UE Context was created with successful"
time="2026-08-16T17:53:44+08:00" level=info msg="[GNB][UE] UE RAN ID 57"
time="2026-08-16T17:53:44+08:00" level=info msg="[GNB][UE] UE AMF ID 856"
time="2026-08-16T17:53:44+08:00" level=info msg="[GNB][UE] UE Mobility Restrict --Plmn-- Mcc: 208 Mnc: 93"
time="2026-08-16T17:53:44+08:00" level=info msg="[GNB][UE] UE Masked Imeisv: 1110000000ffff00"
time="2026-08-16T17:53:44+08:00" level=info msg="[GNB][UE] Allowed Nssai-- Sst: [01 01] Sd: [010203 112233]"
time="2026-08-16T17:53:44+08:00" level=info msg="[GNB][NGAP][AMF] Send Initial Context Setup Response."
time="2026-08-16T17:53:44+08:00" level=info msg="[GNB] Initiating Initial Context Setup Response"
time="2026-08-16T17:53:44+08:00" level=info msg="[GNB][NGAP] No PDU Session to set up in InitialContextSetupResponse."
time="2026-08-16T17:53:44+08:00" level=info msg="[UE][NAS] Message with security header"
time="2026-08-16T17:53:44+08:00" level=info msg="[UE][NAS] Message with integrity and ciphered"
time="2026-08-16T17:53:44+08:00" level=info msg="[UE][NAS] successful NAS CIPHERING"
time="2026-08-16T17:53:44+08:00" level=info msg="[UE][NAS] successful NAS MAC verification"
time="2026-08-16T17:53:44+08:00" level=info msg="[UE][NAS] Receive Registration Accept"
time="2026-08-16T17:53:44+08:00" level=info msg="[UE][NAS] UE 5G GUTI: &{119 11 [242 2 248 57 202 254 0 0 0 2 58]}"
time="2026-08-16T17:53:44+08:00" level=info msg="[UE] Switched from state 2 to state 3"
time="2026-08-16T17:53:44+08:00" level=info msg="[GNB][SCTP] Receive message in 0 stream\n"
time="2026-08-16T17:53:44+08:00" level=info msg="[GNB][NGAP] Receive UE Context Release Command"
time="2026-08-16T17:53:44+08:00" level=warning msg="[GNB][NGAP] AMF is trying to free the context of an unknown UE with RANUEID 682, ignoring"
time="2026-08-16T17:53:44+08:00" level=info msg="[GNB][SCTP] Receive message in 0 stream\n"
time="2026-08-16T17:53:44+08:00" level=info msg="[GNB][NGAP] Receive Initial Context Setup Request"
time="2026-08-16T17:53:44+08:00" level=info msg="[GNB][UE] UE Context was created with successful"
time="2026-08-16T17:53:44+08:00" level=info msg="[GNB][UE] UE RAN ID 37"
time="2026-08-16T17:53:44+08:00" level=info msg="[GNB][UE] UE AMF ID 836"
time="2026-08-16T17:53:44+08:00" level=info msg="[GNB][UE] UE Mobility Restrict --Plmn-- Mcc: 208 Mnc: 93"
time="2026-08-16T17:53:44+08:00" level=info msg="[GNB][UE] UE Masked Imeisv: 1110000000ffff00"
time="2026-08-16T17:53:44+08:00" level=info msg="[GNB][UE] Allowed Nssai-- Sst: [01 01] Sd: [010203 112233]"
time="2026-08-16T17:53:44+08:00" level=info msg="[GNB][NGAP][AMF] Send Initial Context Setup Response."
time="2026-08-16T17:53:44+08:00" level=info msg="[GNB] Initiating Initial Context Setup Response"
time="2026-08-16T17:53:44+08:00" level=info msg="[GNB][NGAP] No PDU Session to set up in InitialContextSetupResponse."
time="2026-08-16T17:53:44+08:00" level=info msg="[UE][NAS] Message with security header"
time="2026-08-16T17:53:44+08:00" level=info msg="[UE][NAS] Message with integrity and ciphered"
time="2026-08-16T17:53:44+08:00" level=info msg="[UE][NAS] successful NAS CIPHERING"
time="2026-08-16T17:53:44+08:00" level=info msg="[UE][NAS] successful NAS MAC verification"
time="2026-08-16T17:53:44+08:00" level=info msg="[UE][NAS] Receive Registration Accept"
time="2026-08-16T17:53:44+08:00" level=info msg="[UE][NAS] UE 5G GUTI: &{119 11 [242 2 248 57 202 254 0 0 0 2 31]}"
time="2026-08-16T17:53:44+08:00" level=info msg="[UE] Switched from state 3 to state 3"
time="2026-08-16T17:53:44+08:00" level=info msg="[GNB][SCTP] Receive message in 0 stream\n"
time="2026-08-16T17:53:44+08:00" level=info msg="[GNB][NGAP] Receive Downlink NAS Transport"
time="2026-08-16T17:53:44+08:00" level=info msg="[UE][NAS] Message with security header"
time="2026-08-16T17:53:44+08:00" level=info msg="[UE][NAS] Message with integrity and with NEW 5G NAS SECURITY CONTEXT"
time="2026-08-16T17:53:44+08:00" level=info msg="[UE][NAS] successful NAS MAC verification"
time="2026-08-16T17:53:44+08:00" level=info msg="[UE][NAS] Receive Security Mode Command"
time="2026-08-16T17:53:44+08:00" level=info msg="[UE][NAS] Type of ciphering algorithm is 5G-EA0"
time="2026-08-16T17:53:44+08:00" level=info msg="[UE][NAS] Type of integrity protection algorithm is 128-5G-IA2"
time="2026-08-16T17:53:44+08:00" level=info msg="[GNB][SCTP] Receive message in 0 stream\n"
time="2026-08-16T17:53:44+08:00" level=info msg="[GNB][NGAP] Receive Downlink NAS Transport"
time="2026-08-16T17:53:44+08:00" level=info msg="[UE][NAS] Message with security header"
time="2026-08-16T17:53:44+08:00" level=info msg="[UE][NAS] Message with integrity and with NEW 5G NAS SECURITY CONTEXT"
time="2026-08-16T17:53:44+08:00" level=info msg="[UE][NAS] successful NAS MAC verification"
time="2026-08-16T17:53:44+08:00" level=info msg="[UE][NAS] Receive Security Mode Command"
time="2026-08-16T17:53:44+08:00" level=info msg="[UE][NAS] Type of ciphering algorithm is 5G-EA0"
time="2026-08-16T17:53:44+08:00" level=info msg="[UE][NAS] Type of integrity protection algorithm is 128-5G-IA2"
time="2026-08-16T17:53:44+08:00" level=info msg="[GNB][SCTP] Receive message in 0 stream\n"
time="2026-08-16T17:53:44+08:00" level=info msg="[GNB][NGAP] Receive Downlink NAS Transport"
time="2026-08-16T17:53:44+08:00" level=info msg="[UE][NAS] Message with security header"
time="2026-08-16T17:53:44+08:00" level=info msg="[UE][NAS] Message with integrity and with NEW 5G NAS SECURITY CONTEXT"
time="2026-08-16T17:53:44+08:00" level=info msg="[UE][NAS] successful NAS MAC verification"
time="2026-08-16T17:53:44+08:00" level=info msg="[UE][NAS] Receive Security Mode Command"
time="2026-08-16T17:53:44+08:00" level=info msg="[UE][NAS] Type of ciphering algorithm is 5G-EA0"
time="2026-08-16T17:53:44+08:00" level=info msg="[UE][NAS] Type of integrity protection algorithm is 128-5G-IA2"
time="2026-08-16T17:53:44+08:00" level=info msg="[GNB][SCTP] Receive message in 0 stream\n"
time="2026-08-16T17:53:44+08:00" level=info msg="[GNB][NGAP] Receive Downlink NAS Transport"
time="2026-08-16T17:53:44+08:00" level=info msg="[UE][NAS] Message with security header"
time="2026-08-16T17:53:44+08:00" level=info msg="[UE][NAS] Message with integrity and with NEW 5G NAS SECURITY CONTEXT"
time="2026-08-16T17:53:44+08:00" level=info msg="[UE][NAS] successful NAS MAC verification"
time="2026-08-16T17:53:44+08:00" level=info msg="[UE][NAS] Receive Security Mode Command"
time="2026-08-16T17:53:44+08:00" level=info msg="[UE][NAS] Type of ciphering algorithm is 5G-EA0"
time="2026-08-16T17:53:44+08:00" level=info msg="[UE][NAS] Type of integrity protection algorithm is 128-5G-IA2"
time="2026-08-16T17:53:44+08:00" level=info msg="[GNB][SCTP] Receive message in 0 stream\n"
time="2026-08-16T17:53:44+08:00" level=info msg="[GNB][NGAP] Receive Downlink NAS Transport"
time="2026-08-16T17:53:44+08:00" level=info msg="[UE][NAS] Message with security header"
time="2026-08-16T17:53:44+08:00" level=info msg="[UE][NAS] Message with integrity and with NEW 5G NAS SECURITY CONTEXT"
time="2026-08-16T17:53:44+08:00" level=info msg="[UE][NAS] successful NAS MAC verification"
time="2026-08-16T17:53:44+08:00" level=info msg="[UE][NAS] Receive Security Mode Command"
time="2026-08-16T17:53:44+08:00" level=info msg="[UE][NAS] Type of ciphering algorithm is 5G-EA0"
time="2026-08-16T17:53:44+08:00" level=info msg="[UE][NAS] Type of integrity protection algorithm is 128-5G-IA2"
time="2026-08-16T17:53:44+08:00" level=info msg="[GNB][SCTP] Receive message in 0 stream\n"
time="2026-08-16T17:53:44+08:00" level=info msg="[GNB][SCTP] Receive message in 0 stream\n"
time="2026-08-16T17:53:44+08:00" level=info msg="[GNB][NGAP] Receive Downlink NAS Transport"
time="2026-08-16T17:53:44+08:00" level=info msg="[UE][NAS] Message with security header"
time="2026-08-16T17:53:44+08:00" level=info msg="[UE][NAS] Message with integrity and with NEW 5G NAS SECURITY CONTEXT"
time="2026-08-16T17:53:44+08:00" level=info msg="[UE][NAS] successful NAS MAC verification"
time="2026-08-16T17:53:44+08:00" level=info msg="[UE][NAS] Receive Security Mode Command"
time="2026-08-16T17:53:44+08:00" level=info msg="[UE][NAS] Type of ciphering algorithm is 5G-EA0"
time="2026-08-16T17:53:44+08:00" level=info msg="[UE][NAS] Type of integrity protection algorithm is 128-5G-IA2"
time="2026-08-16T17:53:44+08:00" level=info msg="[GNB][NGAP] Receive Downlink NAS Transport"
time="2026-08-16T17:53:44+08:00" level=info msg="[UE][NAS] Message with security header"
time="2026-08-16T17:53:44+08:00" level=info msg="[UE][NAS] Message with integrity and with NEW 5G NAS SECURITY CONTEXT"
time="2026-08-16T17:53:44+08:00" level=info msg="[UE][NAS] successful NAS MAC verification"
time="2026-08-16T17:53:44+08:00" level=info msg="[UE][NAS] Receive Security Mode Command"
time="2026-08-16T17:53:44+08:00" level=info msg="[UE][NAS] Type of ciphering algorithm is 5G-EA0"
time="2026-08-16T17:53:44+08:00" level=info msg="[UE][NAS] Type of integrity protection algorithm is 128-5G-IA2"
time="2026-08-16T17:53:44+08:00" level=info msg="[GNB][SCTP] Receive message in 0 stream\n"
time="2026-08-16T17:53:44+08:00" level=info msg="[GNB][SCTP] Receive message in 0 stream\n"
time="2026-08-16T17:53:44+08:00" level=info msg="[GNB][NGAP] Receive Downlink NAS Transport"
time="2026-08-16T17:53:44+08:00" level=info msg="[UE][NAS] Message with security header"
time="2026-08-16T17:53:44+08:00" level=info msg="[UE][NAS] Message with integrity and ciphered"
time="2026-08-16T17:53:44+08:00" level=info msg="[UE][NAS] successful NAS CIPHERING"
time="2026-08-16T17:53:44+08:00" level=info msg="[UE][NAS] successful NAS MAC verification"
time="2026-08-16T17:53:44+08:00" level=info msg="[UE][NAS] Receive Configuration Update Command"
time="2026-08-16T17:53:44+08:00" level=info msg="[UE] Initiating Configuration Update Complete"
time="2026-08-16T17:53:44+08:00" level=info msg="[GNB][NGAP] Receive Downlink NAS Transport"
time="2026-08-16T17:53:44+08:00" level=info msg="[UE][NAS] Message with security header"
time="2026-08-16T17:53:44+08:00" level=info msg="[UE][NAS] Message with integrity and ciphered"
time="2026-08-16T17:53:44+08:00" level=info msg="[UE][NAS] successful NAS CIPHERING"
time="2026-08-16T17:53:44+08:00" level=info msg="[UE][NAS] successful NAS MAC verification"
time="2026-08-16T17:53:44+08:00" level=info msg="[UE][NAS] Receive Configuration Update Command"
time="2026-08-16T17:53:44+08:00" level=info msg="[UE] Initiating Configuration Update Complete"
time="2026-08-16T17:53:44+08:00" level=info msg="[GNB][SCTP] Receive message in 0 stream\n"
time="2026-08-16T17:53:44+08:00" level=info msg="[GNB][SCTP] Receive message in 0 stream\n"
time="2026-08-16T17:53:44+08:00" level=info msg="[GNB][NGAP] Receive Downlink NAS Transport"
time="2026-08-16T17:53:44+08:00" level=info msg="[UE][NAS] Message with security header"
time="2026-08-16T17:53:44+08:00" level=info msg="[UE][NAS] Message with integrity and ciphered"
time="2026-08-16T17:53:44+08:00" level=info msg="[UE][NAS] successful NAS CIPHERING"
time="2026-08-16T17:53:44+08:00" level=info msg="[UE][NAS] successful NAS MAC verification"
time="2026-08-16T17:53:44+08:00" level=info msg="[UE][NAS] Receive Configuration Update Command"
time="2026-08-16T17:53:44+08:00" level=info msg="[UE] Initiating Configuration Update Complete"
time="2026-08-16T17:53:44+08:00" level=info msg="[GNB][NGAP] Receive Downlink NAS Transport"
time="2026-08-16T17:53:44+08:00" level=info msg="[UE][NAS] Message with security header"
time="2026-08-16T17:53:44+08:00" level=info msg="[UE][NAS] Message with integrity and ciphered"
time="2026-08-16T17:53:44+08:00" level=info msg="[UE][NAS] successful NAS CIPHERING"
time="2026-08-16T17:53:44+08:00" level=info msg="[UE][NAS] successful NAS MAC verification"
time="2026-08-16T17:53:44+08:00" level=info msg="[UE][NAS] Receive Configuration Update Command"
time="2026-08-16T17:53:44+08:00" level=info msg="[UE] Initiating Configuration Update Complete"
time="2026-08-16T17:53:44+08:00" level=info msg="[GNB][SCTP] Receive message in 0 stream\n"
time="2026-08-16T17:53:44+08:00" level=info msg="[GNB][NGAP] Receive Downlink NAS Transport"
time="2026-08-16T17:53:44+08:00" level=info msg="[UE][NAS] Message with security header"
time="2026-08-16T17:53:44+08:00" level=info msg="[UE][NAS] Message with integrity and ciphered"
time="2026-08-16T17:53:44+08:00" level=info msg="[UE][NAS] successful NAS CIPHERING"
time="2026-08-16T17:53:44+08:00" level=info msg="[UE][NAS] successful NAS MAC verification"
time="2026-08-16T17:53:44+08:00" level=info msg="[UE][NAS] Receive Configuration Update Command"
time="2026-08-16T17:53:44+08:00" level=info msg="[UE] Initiating Configuration Update Complete"
time="2026-08-16T17:53:44+08:00" level=info msg="[GNB][SCTP] Receive message in 0 stream\n"
time="2026-08-16T17:53:44+08:00" level=info msg="[GNB][NGAP] Receive Downlink NAS Transport"
time="2026-08-16T17:53:44+08:00" level=info msg="[UE][NAS] Message with security header"
time="2026-08-16T17:53:44+08:00" level=info msg="[UE][NAS] Message with integrity and ciphered"
time="2026-08-16T17:53:44+08:00" level=info msg="[UE][NAS] successful NAS CIPHERING"
time="2026-08-16T17:53:44+08:00" level=info msg="[UE][NAS] successful NAS MAC verification"
time="2026-08-16T17:53:44+08:00" level=info msg="[UE][NAS] Receive Configuration Update Command"
time="2026-08-16T17:53:44+08:00" level=info msg="[UE] Initiating Configuration Update Complete"
time="2026-08-16T17:53:44+08:00" level=info msg="[GNB][SCTP] Receive message in 0 stream\n"
time="2026-08-16T17:53:44+08:00" level=info msg="[GNB][NGAP] Receive Downlink NAS Transport"
time="2026-08-16T17:53:44+08:00" level=info msg="[UE][NAS] Message with security header"
time="2026-08-16T17:53:44+08:00" level=info msg="[UE][NAS] Message with integrity and ciphered"
time="2026-08-16T17:53:44+08:00" level=info msg="[UE][NAS] successful NAS CIPHERING"
time="2026-08-16T17:53:44+08:00" level=info msg="[UE][NAS] successful NAS MAC verification"
time="2026-08-16T17:53:44+08:00" level=info msg="[UE][NAS] Receive Configuration Update Command"
time="2026-08-16T17:53:44+08:00" level=info msg="[UE] Initiating Configuration Update Complete"
time="2026-08-16T17:53:44+08:00" level=info msg="[GNB][SCTP] Receive message in 0 stream\n"
time="2026-08-16T17:53:44+08:00" level=info msg="[GNB][NGAP] Receive Downlink NAS Transport"
time="2026-08-16T17:53:44+08:00" level=info msg="[UE][NAS] Message with security header"
time="2026-08-16T17:53:44+08:00" level=info msg="[UE][NAS] Message with integrity and ciphered"
time="2026-08-16T17:53:44+08:00" level=info msg="[UE][NAS] successful NAS CIPHERING"
time="2026-08-16T17:53:44+08:00" level=info msg="[UE][NAS] successful NAS MAC verification"
time="2026-08-16T17:53:44+08:00" level=info msg="[UE][NAS] Receive Configuration Update Command"
time="2026-08-16T17:53:44+08:00" level=info msg="[UE] Initiating Configuration Update Complete"
time="2026-08-16T17:53:44+08:00" level=info msg="[GNB][SCTP] Receive message in 0 stream\n"
time="2026-08-16T17:53:44+08:00" level=info msg="[GNB][NGAP] Receive Downlink NAS Transport"
time="2026-08-16T17:53:44+08:00" level=info msg="[UE][NAS] Message with security header"
time="2026-08-16T17:53:44+08:00" level=info msg="[UE][NAS] Message with integrity and ciphered"
time="2026-08-16T17:53:44+08:00" level=info msg="[UE][NAS] successful NAS CIPHERING"
time="2026-08-16T17:53:44+08:00" level=info msg="[UE][NAS] successful NAS MAC verification"
time="2026-08-16T17:53:44+08:00" level=info msg="[UE][NAS] Receive Configuration Update Command"
time="2026-08-16T17:53:44+08:00" level=info msg="[UE] Initiating Configuration Update Complete"
time="2026-08-16T17:53:44+08:00" level=info msg="[GNB][SCTP] Receive message in 0 stream\n"
time="2026-08-16T17:53:44+08:00" level=info msg="[GNB][NGAP] Receive Downlink NAS Transport"
time="2026-08-16T17:53:44+08:00" level=info msg="[UE][NAS] Message with security header"
time="2026-08-16T17:53:44+08:00" level=info msg="[UE][NAS] Message with integrity and ciphered"
time="2026-08-16T17:53:44+08:00" level=info msg="[UE][NAS] successful NAS CIPHERING"
time="2026-08-16T17:53:44+08:00" level=info msg="[UE][NAS] successful NAS MAC verification"
time="2026-08-16T17:53:44+08:00" level=info msg="[UE][NAS] Receive Configuration Update Command"
time="2026-08-16T17:53:44+08:00" level=info msg="[UE] Initiating Configuration Update Complete"
time="2026-08-16T17:53:44+08:00" level=info msg="[GNB][SCTP] Receive message in 0 stream\n"
time="2026-08-16T17:53:44+08:00" level=info msg="[GNB][SCTP] Receive message in 0 stream\n"
time="2026-08-16T17:53:44+08:00" level=info msg="[GNB][NGAP] Receive Downlink NAS Transport"
time="2026-08-16T17:53:44+08:00" level=info msg="[UE][NAS] Message with security header"
time="2026-08-16T17:53:44+08:00" level=info msg="[UE][NAS] Message with integrity and ciphered"
time="2026-08-16T17:53:44+08:00" level=info msg="[UE][NAS] successful NAS CIPHERING"
time="2026-08-16T17:53:44+08:00" level=info msg="[UE][NAS] successful NAS MAC verification"
time="2026-08-16T17:53:44+08:00" level=info msg="[UE][NAS] Receive Configuration Update Command"
time="2026-08-16T17:53:44+08:00" level=info msg="[UE] Initiating Configuration Update Complete"
time="2026-08-16T17:53:44+08:00" level=info msg="[GNB][NGAP] Receive UE Context Release Command"
time="2026-08-16T17:53:44+08:00" level=warning msg="[GNB][NGAP] AMF is trying to free the context of an unknown UE with RANUEID 633, ignoring"
time="2026-08-16T17:53:45+08:00" level=info msg="[GNB][SCTP] Receive message in 0 stream\n"
time="2026-08-16T17:53:45+08:00" level=info msg="[GNB][NGAP] Receive Initial Context Setup Request"
time="2026-08-16T17:53:45+08:00" level=info msg="[GNB][UE] UE Context was created with successful"
time="2026-08-16T17:53:45+08:00" level=info msg="[GNB][UE] UE RAN ID 52"
time="2026-08-16T17:53:45+08:00" level=info msg="[GNB][UE] UE AMF ID 851"
time="2026-08-16T17:53:45+08:00" level=info msg="[GNB][UE] UE Mobility Restrict --Plmn-- Mcc: 208 Mnc: 93"
time="2026-08-16T17:53:45+08:00" level=info msg="[GNB][UE] UE Masked Imeisv: 1110000000ffff00"
time="2026-08-16T17:53:45+08:00" level=info msg="[GNB][UE] Allowed Nssai-- Sst: [01 01] Sd: [010203 112233]"
time="2026-08-16T17:53:45+08:00" level=info msg="[GNB][NGAP][AMF] Send Initial Context Setup Response."
time="2026-08-16T17:53:45+08:00" level=info msg="[GNB] Initiating Initial Context Setup Response"
time="2026-08-16T17:53:45+08:00" level=info msg="[GNB][NGAP] No PDU Session to set up in InitialContextSetupResponse."
time="2026-08-16T17:53:45+08:00" level=info msg="[UE][NAS] Message with security header"
time="2026-08-16T17:53:45+08:00" level=info msg="[UE][NAS] Message with integrity and ciphered"
time="2026-08-16T17:53:45+08:00" level=info msg="[UE][NAS] successful NAS CIPHERING"
time="2026-08-16T17:53:45+08:00" level=info msg="[UE][NAS] successful NAS MAC verification"
time="2026-08-16T17:53:45+08:00" level=info msg="[UE][NAS] Receive Registration Accept"
time="2026-08-16T17:53:45+08:00" level=info msg="[UE][NAS] UE 5G GUTI: &{119 11 [242 2 248 57 202 254 0 0 0 2 83]}"
time="2026-08-16T17:53:45+08:00" level=info msg="[UE] Switched from state 2 to state 3"
time="2026-08-16T17:53:45+08:00" level=info msg="[GNB][SCTP] Receive message in 0 stream\n"
time="2026-08-16T17:53:45+08:00" level=info msg="[GNB][NGAP] Receive UE Context Release Command"
time="2026-08-16T17:53:45+08:00" level=warning msg="[GNB][NGAP] AMF is trying to free the context of an unknown UE with RANUEID 643, ignoring"
time="2026-08-16T17:53:45+08:00" level=info msg="[GNB][SCTP] Receive message in 0 stream\n"
time="2026-08-16T17:53:45+08:00" level=info msg="[GNB][NGAP] Receive Downlink NAS Transport"
time="2026-08-16T17:53:45+08:00" level=info msg="[UE][NAS] Message with security header"
time="2026-08-16T17:53:45+08:00" level=info msg="[UE][NAS] Message with integrity and with NEW 5G NAS SECURITY CONTEXT"
time="2026-08-16T17:53:45+08:00" level=info msg="[UE][NAS] successful NAS MAC verification"
time="2026-08-16T17:53:45+08:00" level=info msg="[UE][NAS] Receive Security Mode Command"
time="2026-08-16T17:53:45+08:00" level=info msg="[UE][NAS] Type of ciphering algorithm is 5G-EA0"
time="2026-08-16T17:53:45+08:00" level=info msg="[UE][NAS] Type of integrity protection algorithm is 128-5G-IA2"
time="2026-08-16T17:53:45+08:00" level=info msg="[GNB][SCTP] Receive message in 0 stream\n"
time="2026-08-16T17:53:45+08:00" level=info msg="[GNB][NGAP] Receive Downlink NAS Transport"
time="2026-08-16T17:53:45+08:00" level=info msg="[UE][NAS] Message with security header"
time="2026-08-16T17:53:45+08:00" level=info msg="[UE][NAS] Message with integrity and ciphered"
time="2026-08-16T17:53:45+08:00" level=info msg="[UE][NAS] successful NAS CIPHERING"
time="2026-08-16T17:53:45+08:00" level=info msg="[UE][NAS] successful NAS MAC verification"
time="2026-08-16T17:53:45+08:00" level=info msg="[UE][NAS] Receive Configuration Update Command"
time="2026-08-16T17:53:45+08:00" level=info msg="[UE] Initiating Configuration Update Complete"
time="2026-08-16T17:53:45+08:00" level=info msg="[GNB][SCTP] Receive message in 0 stream\n"
time="2026-08-16T17:53:45+08:00" level=info msg="[GNB][SCTP] Receive message in 0 stream\n"
time="2026-08-16T17:53:45+08:00" level=info msg="[GNB][SCTP] Receive message in 0 stream\n"
time="2026-08-16T17:53:45+08:00" level=info msg="[GNB][SCTP] Receive message in 0 stream\n"
time="2026-08-16T17:53:45+08:00" level=info msg="[GNB][NGAP] Receive Downlink NAS Transport"
time="2026-08-16T17:53:45+08:00" level=info msg="[UE][NAS] Message with security header"
time="2026-08-16T17:53:45+08:00" level=info msg="[UE][NAS] Message with integrity and ciphered"
time="2026-08-16T17:53:45+08:00" level=info msg="[UE][NAS] successful NAS CIPHERING"
time="2026-08-16T17:53:45+08:00" level=info msg="[UE][NAS] successful NAS MAC verification"
time="2026-08-16T17:53:45+08:00" level=info msg="[UE][NAS] Receive Configuration Update Command"
time="2026-08-16T17:53:45+08:00" level=info msg="[UE] Initiating Configuration Update Complete"
time="2026-08-16T17:53:45+08:00" level=info msg="[GNB][NGAP] Receive Downlink NAS Transport"
time="2026-08-16T17:53:45+08:00" level=info msg="[UE][NAS] Message with security header"
time="2026-08-16T17:53:45+08:00" level=info msg="[UE][NAS] Message with integrity and ciphered"
time="2026-08-16T17:53:45+08:00" level=info msg="[UE][NAS] successful NAS CIPHERING"
time="2026-08-16T17:53:45+08:00" level=info msg="[UE][NAS] successful NAS MAC verification"
time="2026-08-16T17:53:45+08:00" level=info msg="[UE][NAS] Receive Configuration Update Command"
time="2026-08-16T17:53:45+08:00" level=info msg="[UE] Initiating Configuration Update Complete"
time="2026-08-16T17:53:45+08:00" level=info msg="[GNB][NGAP] Receive Downlink NAS Transport"
time="2026-08-16T17:53:45+08:00" level=info msg="[UE][NAS] Message with security header"
time="2026-08-16T17:53:45+08:00" level=info msg="[UE][NAS] Message with integrity and ciphered"
time="2026-08-16T17:53:45+08:00" level=info msg="[UE][NAS] successful NAS CIPHERING"
time="2026-08-16T17:53:45+08:00" level=info msg="[UE][NAS] successful NAS MAC verification"
time="2026-08-16T17:53:45+08:00" level=info msg="[UE][NAS] Receive Configuration Update Command"
time="2026-08-16T17:53:45+08:00" level=info msg="[UE] Initiating Configuration Update Complete"
time="2026-08-16T17:53:45+08:00" level=info msg="[GNB][NGAP] Receive Initial Context Setup Request"
time="2026-08-16T17:53:45+08:00" level=info msg="[GNB][UE] UE Context was created with successful"
time="2026-08-16T17:53:45+08:00" level=info msg="[GNB][UE] UE RAN ID 31"
time="2026-08-16T17:53:45+08:00" level=info msg="[GNB][UE] UE AMF ID 830"
time="2026-08-16T17:53:45+08:00" level=info msg="[GNB][UE] UE Mobility Restrict --Plmn-- Mcc: 208 Mnc: 93"
time="2026-08-16T17:53:45+08:00" level=info msg="[GNB][UE] UE Masked Imeisv: 1110000000ffff00"
time="2026-08-16T17:53:45+08:00" level=info msg="[GNB][UE] Allowed Nssai-- Sst: [01 01] Sd: [010203 112233]"
time="2026-08-16T17:53:45+08:00" level=info msg="[GNB][NGAP][AMF] Send Initial Context Setup Response."
time="2026-08-16T17:53:45+08:00" level=info msg="[GNB] Initiating Initial Context Setup Response"
time="2026-08-16T17:53:45+08:00" level=info msg="[GNB][NGAP] No PDU Session to set up in InitialContextSetupResponse."
time="2026-08-16T17:53:45+08:00" level=info msg="[UE][NAS] Message with security header"
time="2026-08-16T17:53:45+08:00" level=info msg="[UE][NAS] Message with integrity and ciphered"
time="2026-08-16T17:53:45+08:00" level=info msg="[UE][NAS] successful NAS CIPHERING"
time="2026-08-16T17:53:45+08:00" level=info msg="[UE][NAS] successful NAS MAC verification"
time="2026-08-16T17:53:45+08:00" level=info msg="[UE][NAS] Receive Registration Accept"
time="2026-08-16T17:53:45+08:00" level=info msg="[UE][NAS] UE 5G GUTI: &{119 11 [242 2 248 57 202 254 0 0 0 2 27]}"
time="2026-08-16T17:53:45+08:00" level=info msg="[UE] Switched from state 3 to state 3"
time="2026-08-16T17:53:45+08:00" level=info msg="[GNB][SCTP] Receive message in 0 stream\n"
time="2026-08-16T17:53:45+08:00" level=info msg="[GNB][NGAP] Receive Downlink NAS Transport"
time="2026-08-16T17:53:45+08:00" level=info msg="[UE][NAS] Message with security header"
time="2026-08-16T17:53:45+08:00" level=info msg="[UE][NAS] Message with integrity and ciphered"
time="2026-08-16T17:53:45+08:00" level=info msg="[UE][NAS] successful NAS CIPHERING"
time="2026-08-16T17:53:45+08:00" level=info msg="[UE][NAS] successful NAS MAC verification"
time="2026-08-16T17:53:45+08:00" level=info msg="[UE][NAS] Receive Configuration Update Command"
time="2026-08-16T17:53:45+08:00" level=info msg="[UE] Initiating Configuration Update Complete"
time="2026-08-16T17:53:45+08:00" level=info msg="[GNB][SCTP] Receive message in 0 stream\n"
time="2026-08-16T17:53:45+08:00" level=info msg="[GNB][NGAP] Receive Downlink NAS Transport"
time="2026-08-16T17:53:45+08:00" level=info msg="[UE][NAS] Message with security header"
time="2026-08-16T17:53:45+08:00" level=info msg="[UE][NAS] Message with integrity and ciphered"
time="2026-08-16T17:53:45+08:00" level=info msg="[UE][NAS] successful NAS CIPHERING"
time="2026-08-16T17:53:45+08:00" level=info msg="[UE][NAS] successful NAS MAC verification"
time="2026-08-16T17:53:45+08:00" level=info msg="[UE][NAS] Receive Configuration Update Command"
time="2026-08-16T17:53:45+08:00" level=info msg="[UE] Initiating Configuration Update Complete"
time="2026-08-16T17:53:45+08:00" level=info msg="[GNB][SCTP] Receive message in 0 stream\n"
time="2026-08-16T17:53:45+08:00" level=info msg="[GNB][NGAP] Receive Downlink NAS Transport"
time="2026-08-16T17:53:45+08:00" level=info msg="[UE][NAS] Message with security header"
time="2026-08-16T17:53:45+08:00" level=info msg="[UE][NAS] Message with integrity and ciphered"
time="2026-08-16T17:53:45+08:00" level=info msg="[UE][NAS] successful NAS CIPHERING"
time="2026-08-16T17:53:45+08:00" level=info msg="[UE][NAS] successful NAS MAC verification"
time="2026-08-16T17:53:45+08:00" level=info msg="[UE][NAS] Receive Configuration Update Command"
time="2026-08-16T17:53:45+08:00" level=info msg="[UE] Initiating Configuration Update Complete"
time="2026-08-16T17:53:45+08:00" level=info msg="[GNB][SCTP] Receive message in 0 stream\n"
time="2026-08-16T17:53:45+08:00" level=info msg="[GNB][NGAP] Receive Downlink NAS Transport"
time="2026-08-16T17:53:45+08:00" level=info msg="[UE][NAS] Message with security header"
time="2026-08-16T17:53:45+08:00" level=info msg="[UE][NAS] Message with integrity and ciphered"
time="2026-08-16T17:53:45+08:00" level=info msg="[UE][NAS] successful NAS CIPHERING"
time="2026-08-16T17:53:45+08:00" level=info msg="[UE][NAS] successful NAS MAC verification"
time="2026-08-16T17:53:45+08:00" level=info msg="[UE][NAS] Receive Configuration Update Command"
time="2026-08-16T17:53:45+08:00" level=info msg="[UE] Initiating Configuration Update Complete"
time="2026-08-16T17:53:45+08:00" level=info msg="[GNB][SCTP] Receive message in 0 stream\n"
time="2026-08-16T17:53:45+08:00" level=info msg="[GNB][NGAP] Receive Downlink NAS Transport"
time="2026-08-16T17:53:45+08:00" level=info msg="[UE][NAS] Message with security header"
time="2026-08-16T17:53:45+08:00" level=info msg="[UE][NAS] Message with integrity and ciphered"
time="2026-08-16T17:53:45+08:00" level=info msg="[UE][NAS] successful NAS CIPHERING"
time="2026-08-16T17:53:45+08:00" level=info msg="[UE][NAS] successful NAS MAC verification"
time="2026-08-16T17:53:45+08:00" level=info msg="[UE][NAS] Receive Configuration Update Command"
time="2026-08-16T17:53:45+08:00" level=info msg="[UE] Initiating Configuration Update Complete"
time="2026-08-16T17:53:45+08:00" level=info msg="[GNB][SCTP] Receive message in 0 stream\n"
time="2026-08-16T17:53:45+08:00" level=info msg="[GNB][SCTP] Receive message in 0 stream\n"
time="2026-08-16T17:53:45+08:00" level=info msg="[GNB][NGAP] Receive Downlink NAS Transport"
time="2026-08-16T17:53:45+08:00" level=info msg="[UE][NAS] Message with security header"
time="2026-08-16T17:53:45+08:00" level=info msg="[UE][NAS] Message with integrity and ciphered"
time="2026-08-16T17:53:45+08:00" level=info msg="[UE][NAS] successful NAS CIPHERING"
time="2026-08-16T17:53:45+08:00" level=info msg="[UE][NAS] successful NAS MAC verification"
time="2026-08-16T17:53:45+08:00" level=info msg="[UE][NAS] Receive Configuration Update Command"
time="2026-08-16T17:53:45+08:00" level=info msg="[UE] Initiating Configuration Update Complete"
time="2026-08-16T17:53:45+08:00" level=info msg="[GNB][NGAP] Receive Initial Context Setup Request"
time="2026-08-16T17:53:45+08:00" level=info msg="[GNB][UE] UE Context was created with successful"
time="2026-08-16T17:53:45+08:00" level=info msg="[GNB][UE] UE RAN ID 50"
time="2026-08-16T17:53:45+08:00" level=info msg="[GNB][UE] UE AMF ID 849"
time="2026-08-16T17:53:45+08:00" level=info msg="[GNB][UE] UE Mobility Restrict --Plmn-- Mcc: 208 Mnc: 93"
time="2026-08-16T17:53:45+08:00" level=info msg="[GNB][UE] UE Masked Imeisv: 1110000000ffff00"
time="2026-08-16T17:53:45+08:00" level=info msg="[GNB][UE] Allowed Nssai-- Sst: [01 01] Sd: [010203 112233]"
time="2026-08-16T17:53:45+08:00" level=info msg="[GNB][NGAP][AMF] Send Initial Context Setup Response."
time="2026-08-16T17:53:45+08:00" level=info msg="[GNB] Initiating Initial Context Setup Response"
time="2026-08-16T17:53:45+08:00" level=info msg="[UE][NAS] Message with security header"
time="2026-08-16T17:53:45+08:00" level=info msg="[UE][NAS] Message with integrity and ciphered"
time="2026-08-16T17:53:45+08:00" level=info msg="[UE][NAS] successful NAS CIPHERING"
time="2026-08-16T17:53:45+08:00" level=info msg="[GNB][SCTP] Receive message in 0 stream\n"
time="2026-08-16T17:53:45+08:00" level=info msg="[UE][NAS] successful NAS MAC verification"
time="2026-08-16T17:53:45+08:00" level=info msg="[UE][NAS] Receive Registration Accept"
time="2026-08-16T17:53:45+08:00" level=info msg="[UE][NAS] UE 5G GUTI: &{119 11 [242 2 248 57 202 254 0 0 0 2 91]}"
time="2026-08-16T17:53:45+08:00" level=info msg="[GNB][NGAP] No PDU Session to set up in InitialContextSetupResponse."
time="2026-08-16T17:53:45+08:00" level=info msg="[GNB][SCTP] Receive message in 0 stream\n"
time="2026-08-16T17:53:45+08:00" level=info msg="[UE] Switched from state 2 to state 3"
time="2026-08-16T17:53:45+08:00" level=info msg="[GNB][NGAP] Receive Downlink NAS Transport"
time="2026-08-16T17:53:45+08:00" level=info msg="[UE][NAS] Message with security header"
time="2026-08-16T17:53:45+08:00" level=info msg="[UE][NAS] Message with integrity and ciphered"
time="2026-08-16T17:53:45+08:00" level=info msg="[UE][NAS] successful NAS CIPHERING"
time="2026-08-16T17:53:45+08:00" level=info msg="[UE][NAS] successful NAS MAC verification"
time="2026-08-16T17:53:45+08:00" level=info msg="[UE][NAS] Receive Configuration Update Command"
time="2026-08-16T17:53:45+08:00" level=info msg="[UE] Initiating Configuration Update Complete"
time="2026-08-16T17:53:45+08:00" level=info msg="[GNB][NGAP] Receive Downlink NAS Transport"
time="2026-08-16T17:53:45+08:00" level=info msg="[UE][NAS] Message with security header"
time="2026-08-16T17:53:45+08:00" level=info msg="[UE][NAS] Message with integrity and ciphered"
time="2026-08-16T17:53:45+08:00" level=info msg="[UE][NAS] successful NAS CIPHERING"
time="2026-08-16T17:53:45+08:00" level=info msg="[UE][NAS] successful NAS MAC verification"
time="2026-08-16T17:53:45+08:00" level=info msg="[UE][NAS] Receive Configuration Update Command"
time="2026-08-16T17:53:45+08:00" level=info msg="[UE] Initiating Configuration Update Complete"
time="2026-08-16T17:53:45+08:00" level=info msg="[GNB][SCTP] Receive message in 0 stream\n"
time="2026-08-16T17:53:45+08:00" level=info msg="[GNB][SCTP] Receive message in 0 stream\n"
time="2026-08-16T17:53:45+08:00" level=info msg="[GNB][NGAP] Receive Downlink NAS Transport"
time="2026-08-16T17:53:45+08:00" level=info msg="[UE][NAS] Message with security header"
time="2026-08-16T17:53:45+08:00" level=info msg="[UE][NAS] Message with integrity and ciphered"
time="2026-08-16T17:53:45+08:00" level=info msg="[UE][NAS] successful NAS CIPHERING"
time="2026-08-16T17:53:45+08:00" level=info msg="[UE][NAS] successful NAS MAC verification"
time="2026-08-16T17:53:45+08:00" level=info msg="[UE][NAS] Receive Configuration Update Command"
time="2026-08-16T17:53:45+08:00" level=info msg="[UE] Initiating Configuration Update Complete"
time="2026-08-16T17:53:45+08:00" level=info msg="[GNB][NGAP] Receive UE Context Release Command"
time="2026-08-16T17:53:45+08:00" level=warning msg="[GNB][NGAP] AMF is trying to free the context of an unknown UE with RANUEID 667, ignoring"
time="2026-08-16T17:53:45+08:00" level=info msg="[GNB][SCTP] Receive message in 0 stream\n"
time="2026-08-16T17:53:45+08:00" level=info msg="[GNB][NGAP] Receive Downlink NAS Transport"
time="2026-08-16T17:53:45+08:00" level=info msg="[UE][NAS] Message with security header"
time="2026-08-16T17:53:45+08:00" level=info msg="[UE][NAS] Message with integrity and ciphered"
time="2026-08-16T17:53:45+08:00" level=info msg="[UE][NAS] successful NAS CIPHERING"
time="2026-08-16T17:53:45+08:00" level=info msg="[UE][NAS] successful NAS MAC verification"
time="2026-08-16T17:53:45+08:00" level=info msg="[UE][NAS] Receive Configuration Update Command"
time="2026-08-16T17:53:45+08:00" level=info msg="[UE] Initiating Configuration Update Complete"
time="2026-08-16T17:53:45+08:00" level=info msg="[GNB][SCTP] Receive message in 0 stream\n"
time="2026-08-16T17:53:45+08:00" level=info msg="[GNB][NGAP] Receive Downlink NAS Transport"
time="2026-08-16T17:53:45+08:00" level=info msg="[UE][NAS] Message with security header"
time="2026-08-16T17:53:45+08:00" level=info msg="[UE][NAS] Message with integrity and ciphered"
time="2026-08-16T17:53:45+08:00" level=info msg="[UE][NAS] successful NAS CIPHERING"
time="2026-08-16T17:53:45+08:00" level=info msg="[UE][NAS] successful NAS MAC verification"
time="2026-08-16T17:53:45+08:00" level=info msg="[UE][NAS] Receive Configuration Update Command"
time="2026-08-16T17:53:45+08:00" level=info msg="[UE] Initiating Configuration Update Complete"
time="2026-08-16T17:53:45+08:00" level=info msg="[GNB][SCTP] Receive message in 0 stream\n"
time="2026-08-16T17:53:45+08:00" level=info msg="[GNB][NGAP] Receive UE Context Release Command"
time="2026-08-16T17:53:45+08:00" level=warning msg="[GNB][NGAP] AMF is trying to free the context of an unknown UE with RANUEID 639, ignoring"
time="2026-08-16T17:53:45+08:00" level=info msg="[GNB][SCTP] Receive message in 0 stream\n"
time="2026-08-16T17:53:45+08:00" level=info msg="[GNB][NGAP] Receive Initial Context Setup Request"
time="2026-08-16T17:53:45+08:00" level=info msg="[GNB][UE] UE Context was created with successful"
time="2026-08-16T17:53:45+08:00" level=info msg="[GNB][UE] UE RAN ID 98"
time="2026-08-16T17:53:45+08:00" level=info msg="[GNB][UE] UE AMF ID 897"
time="2026-08-16T17:53:45+08:00" level=info msg="[GNB][UE] UE Mobility Restrict --Plmn-- Mcc: 208 Mnc: 93"
time="2026-08-16T17:53:45+08:00" level=info msg="[GNB][UE] UE Masked Imeisv: 1110000000ffff00"
time="2026-08-16T17:53:45+08:00" level=info msg="[GNB][UE] Allowed Nssai-- Sst: [01 01] Sd: [010203 112233]"
time="2026-08-16T17:53:45+08:00" level=info msg="[GNB][NGAP][AMF] Send Initial Context Setup Response."
time="2026-08-16T17:53:45+08:00" level=info msg="[GNB] Initiating Initial Context Setup Response"
time="2026-08-16T17:53:45+08:00" level=info msg="[GNB][NGAP] No PDU Session to set up in InitialContextSetupResponse."
time="2026-08-16T17:53:45+08:00" level=info msg="[UE][NAS] Message with security header"
time="2026-08-16T17:53:45+08:00" level=info msg="[UE][NAS] Message with integrity and ciphered"
time="2026-08-16T17:53:45+08:00" level=info msg="[UE][NAS] successful NAS CIPHERING"
time="2026-08-16T17:53:45+08:00" level=info msg="[UE][NAS] successful NAS MAC verification"
time="2026-08-16T17:53:45+08:00" level=info msg="[UE][NAS] Receive Registration Accept"
time="2026-08-16T17:53:45+08:00" level=info msg="[UE][NAS] UE 5G GUTI: &{119 11 [242 2 248 57 202 254 0 0 0 2 102]}"
time="2026-08-16T17:53:45+08:00" level=info msg="[UE] Switched from state 2 to state 3"
time="2026-08-16T17:53:45+08:00" level=info msg="[GNB][SCTP] Receive message in 0 stream\n"
time="2026-08-16T17:53:45+08:00" level=info msg="[GNB][NGAP] Receive Downlink NAS Transport"
time="2026-08-16T17:53:45+08:00" level=info msg="[UE][NAS] Message with security header"
time="2026-08-16T17:53:45+08:00" level=info msg="[UE][NAS] Message with integrity and ciphered"
time="2026-08-16T17:53:45+08:00" level=info msg="[UE][NAS] successful NAS CIPHERING"
time="2026-08-16T17:53:45+08:00" level=info msg="[GNB][SCTP] Receive message in 0 stream\n"
time="2026-08-16T17:53:45+08:00" level=info msg="[UE][NAS] successful NAS MAC verification"
time="2026-08-16T17:53:45+08:00" level=info msg="[UE][NAS] Receive Configuration Update Command"
time="2026-08-16T17:53:45+08:00" level=info msg="[UE] Initiating Configuration Update Complete"
time="2026-08-16T17:53:45+08:00" level=info msg="[GNB][NGAP] Receive Downlink NAS Transport"
time="2026-08-16T17:53:45+08:00" level=info msg="[UE][NAS] Message with security header"
time="2026-08-16T17:53:45+08:00" level=info msg="[UE][NAS] Message with integrity and ciphered"
time="2026-08-16T17:53:45+08:00" level=info msg="[UE][NAS] successful NAS CIPHERING"
time="2026-08-16T17:53:45+08:00" level=info msg="[UE][NAS] successful NAS MAC verification"
time="2026-08-16T17:53:45+08:00" level=info msg="[UE][NAS] Receive Configuration Update Command"
time="2026-08-16T17:53:45+08:00" level=info msg="[UE] Initiating Configuration Update Complete"
time="2026-08-16T17:53:45+08:00" level=info msg="[GNB][SCTP] Receive message in 0 stream\n"
time="2026-08-16T17:53:45+08:00" level=info msg="[GNB][NGAP] Receive Initial Context Setup Request"
time="2026-08-16T17:53:45+08:00" level=info msg="[GNB][UE] UE Context was created with successful"
time="2026-08-16T17:53:45+08:00" level=info msg="[GNB][UE] UE RAN ID 83"
time="2026-08-16T17:53:45+08:00" level=info msg="[GNB][UE] UE AMF ID 882"
time="2026-08-16T17:53:45+08:00" level=info msg="[GNB][UE] UE Mobility Restrict --Plmn-- Mcc: 208 Mnc: 93"
time="2026-08-16T17:53:45+08:00" level=info msg="[GNB][UE] UE Masked Imeisv: 1110000000ffff00"
time="2026-08-16T17:53:45+08:00" level=info msg="[GNB][UE] Allowed Nssai-- Sst: [01 01] Sd: [010203 112233]"
time="2026-08-16T17:53:45+08:00" level=info msg="[GNB][NGAP][AMF] Send Initial Context Setup Response."
time="2026-08-16T17:53:45+08:00" level=info msg="[GNB] Initiating Initial Context Setup Response"
time="2026-08-16T17:53:45+08:00" level=info msg="[GNB][NGAP] No PDU Session to set up in InitialContextSetupResponse."
time="2026-08-16T17:53:45+08:00" level=info msg="[UE][NAS] Message with security header"
time="2026-08-16T17:53:45+08:00" level=info msg="[UE][NAS] Message with integrity and ciphered"
time="2026-08-16T17:53:45+08:00" level=info msg="[UE][NAS] successful NAS CIPHERING"
time="2026-08-16T17:53:45+08:00" level=info msg="[UE][NAS] successful NAS MAC verification"
time="2026-08-16T17:53:45+08:00" level=info msg="[UE][NAS] Receive Registration Accept"
time="2026-08-16T17:53:45+08:00" level=info msg="[UE][NAS] UE 5G GUTI: &{119 11 [242 2 248 57 202 254 0 0 0 2 64]}"
time="2026-08-16T17:53:45+08:00" level=info msg="[UE] Switched from state 2 to state 3"
time="2026-08-16T17:53:45+08:00" level=info msg="[GNB][SCTP] Receive message in 0 stream\n"
time="2026-08-16T17:53:45+08:00" level=info msg="[GNB][NGAP] Receive Downlink NAS Transport"
time="2026-08-16T17:53:45+08:00" level=info msg="[UE][NAS] Message with security header"
time="2026-08-16T17:53:45+08:00" level=info msg="[UE][NAS] Message with integrity and ciphered"
time="2026-08-16T17:53:45+08:00" level=info msg="[UE][NAS] successful NAS CIPHERING"
time="2026-08-16T17:53:45+08:00" level=info msg="[UE][NAS] successful NAS MAC verification"
time="2026-08-16T17:53:45+08:00" level=info msg="[UE][NAS] Receive Configuration Update Command"
time="2026-08-16T17:53:45+08:00" level=info msg="[UE] Initiating Configuration Update Complete"
time="2026-08-16T17:53:45+08:00" level=info msg="[GNB][SCTP] Receive message in 0 stream\n"
time="2026-08-16T17:53:45+08:00" level=info msg="[GNB][NGAP] Receive Initial Context Setup Request"
time="2026-08-16T17:53:45+08:00" level=info msg="[GNB][UE] UE Context was created with successful"
time="2026-08-16T17:53:45+08:00" level=info msg="[GNB][UE] UE RAN ID 20"
time="2026-08-16T17:53:45+08:00" level=info msg="[GNB][UE] UE AMF ID 819"
time="2026-08-16T17:53:45+08:00" level=info msg="[GNB][UE] UE Mobility Restrict --Plmn-- Mcc: 208 Mnc: 93"
time="2026-08-16T17:53:45+08:00" level=info msg="[GNB][UE] UE Masked Imeisv: 1110000000ffff00"
time="2026-08-16T17:53:45+08:00" level=info msg="[GNB][UE] Allowed Nssai-- Sst: [01 01] Sd: [010203 112233]"
time="2026-08-16T17:53:45+08:00" level=info msg="[GNB][NGAP][AMF] Send Initial Context Setup Response."
time="2026-08-16T17:53:45+08:00" level=info msg="[GNB] Initiating Initial Context Setup Response"
time="2026-08-16T17:53:45+08:00" level=info msg="[GNB][NGAP] No PDU Session to set up in InitialContextSetupResponse."
time="2026-08-16T17:53:45+08:00" level=info msg="[UE][NAS] Message with security header"
time="2026-08-16T17:53:45+08:00" level=info msg="[UE][NAS] Message with integrity and ciphered"
time="2026-08-16T17:53:45+08:00" level=info msg="[UE][NAS] successful NAS CIPHERING"
time="2026-08-16T17:53:45+08:00" level=info msg="[UE][NAS] successful NAS MAC verification"
time="2026-08-16T17:53:45+08:00" level=info msg="[UE][NAS] Receive Registration Accept"
time="2026-08-16T17:53:45+08:00" level=info msg="[UE][NAS] UE 5G GUTI: &{119 11 [242 2 248 57 202 254 0 0 0 2 22]}"
time="2026-08-16T17:53:45+08:00" level=info msg="[UE] Switched from state 3 to state 3"
time="2026-08-16T17:53:45+08:00" level=info msg="[GNB][SCTP] Receive message in 0 stream\n"
time="2026-08-16T17:53:45+08:00" level=info msg="[GNB][NGAP] Receive Downlink NAS Transport"
time="2026-08-16T17:53:45+08:00" level=info msg="[UE][NAS] Message with security header"
time="2026-08-16T17:53:45+08:00" level=info msg="[UE][NAS] Message with integrity and ciphered"
time="2026-08-16T17:53:45+08:00" level=info msg="[UE][NAS] successful NAS CIPHERING"
time="2026-08-16T17:53:45+08:00" level=info msg="[UE][NAS] successful NAS MAC verification"
time="2026-08-16T17:53:45+08:00" level=info msg="[UE][NAS] Receive Configuration Update Command"
time="2026-08-16T17:53:45+08:00" level=info msg="[UE] Initiating Configuration Update Complete"
time="2026-08-16T17:53:45+08:00" level=info msg="[GNB][SCTP] Receive message in 0 stream\n"
time="2026-08-16T17:53:45+08:00" level=info msg="[GNB][NGAP] Receive Downlink NAS Transport"
time="2026-08-16T17:53:45+08:00" level=info msg="[UE][NAS] Message with security header"
time="2026-08-16T17:53:45+08:00" level=info msg="[UE][NAS] Message with integrity and ciphered"
time="2026-08-16T17:53:45+08:00" level=info msg="[UE][NAS] successful NAS CIPHERING"
time="2026-08-16T17:53:45+08:00" level=info msg="[UE][NAS] successful NAS MAC verification"
time="2026-08-16T17:53:45+08:00" level=info msg="[UE][NAS] Receive Configuration Update Command"
time="2026-08-16T17:53:45+08:00" level=info msg="[UE] Initiating Configuration Update Complete"
time="2026-08-16T17:53:45+08:00" level=info msg="[GNB][SCTP] Receive message in 0 stream\n"
time="2026-08-16T17:53:45+08:00" level=info msg="[GNB][NGAP] Receive Downlink NAS Transport"
time="2026-08-16T17:53:45+08:00" level=info msg="[UE][NAS] Message with security header"
time="2026-08-16T17:53:45+08:00" level=info msg="[UE][NAS] Message with integrity and ciphered"
time="2026-08-16T17:53:45+08:00" level=info msg="[UE][NAS] successful NAS CIPHERING"
time="2026-08-16T17:53:45+08:00" level=info msg="[UE][NAS] successful NAS MAC verification"
time="2026-08-16T17:53:45+08:00" level=info msg="[UE][NAS] Receive Configuration Update Command"
time="2026-08-16T17:53:45+08:00" level=info msg="[UE] Initiating Configuration Update Complete"
time="2026-08-16T17:53:45+08:00" level=info msg="[GNB][SCTP] Receive message in 0 stream\n"
time="2026-08-16T17:53:45+08:00" level=info msg="[GNB][NGAP] Receive UE Context Release Command"
time="2026-08-16T17:53:45+08:00" level=warning msg="[GNB][NGAP] AMF is trying to free the context of an unknown UE with RANUEID 674, ignoring"
time="2026-08-16T17:53:45+08:00" level=info msg="[GNB][SCTP] Receive message in 0 stream\n"
time="2026-08-16T17:53:45+08:00" level=info msg="[GNB][NGAP] Receive Downlink NAS Transport"
time="2026-08-16T17:53:45+08:00" level=info msg="[UE][NAS] Message with security header"
time="2026-08-16T17:53:45+08:00" level=info msg="[UE][NAS] Message with integrity and with NEW 5G NAS SECURITY CONTEXT"
time="2026-08-16T17:53:45+08:00" level=info msg="[UE][NAS] successful NAS MAC verification"
time="2026-08-16T17:53:45+08:00" level=info msg="[UE][NAS] Receive Security Mode Command"
time="2026-08-16T17:53:45+08:00" level=info msg="[UE][NAS] Type of ciphering algorithm is 5G-EA0"
time="2026-08-16T17:53:45+08:00" level=info msg="[UE][NAS] Type of integrity protection algorithm is 128-5G-IA2"
time="2026-08-16T17:53:45+08:00" level=info msg="[GNB][SCTP] Receive message in 0 stream\n"
time="2026-08-16T17:53:45+08:00" level=info msg="[GNB][NGAP] Receive Initial Context Setup Request"
time="2026-08-16T17:53:45+08:00" level=info msg="[GNB][UE] UE Context was created with successful"
time="2026-08-16T17:53:45+08:00" level=info msg="[GNB][UE] UE RAN ID 11"
time="2026-08-16T17:53:45+08:00" level=info msg="[GNB][UE] UE AMF ID 810"
time="2026-08-16T17:53:45+08:00" level=info msg="[GNB][UE] UE Mobility Restrict --Plmn-- Mcc: 208 Mnc: 93"
time="2026-08-16T17:53:45+08:00" level=info msg="[GNB][UE] UE Masked Imeisv: 1110000000ffff00"
time="2026-08-16T17:53:45+08:00" level=info msg="[GNB][UE] Allowed Nssai-- Sst: [01 01] Sd: [010203 112233]"
time="2026-08-16T17:53:45+08:00" level=info msg="[GNB][NGAP][AMF] Send Initial Context Setup Response."
time="2026-08-16T17:53:45+08:00" level=info msg="[GNB] Initiating Initial Context Setup Response"
time="2026-08-16T17:53:45+08:00" level=info msg="[GNB][NGAP] No PDU Session to set up in InitialContextSetupResponse."
time="2026-08-16T17:53:45+08:00" level=info msg="[UE][NAS] Message with security header"
time="2026-08-16T17:53:45+08:00" level=info msg="[UE][NAS] Message with integrity and ciphered"
time="2026-08-16T17:53:45+08:00" level=info msg="[UE][NAS] successful NAS CIPHERING"
time="2026-08-16T17:53:45+08:00" level=info msg="[UE][NAS] successful NAS MAC verification"
time="2026-08-16T17:53:45+08:00" level=info msg="[UE][NAS] Receive Registration Accept"
time="2026-08-16T17:53:45+08:00" level=info msg="[UE][NAS] UE 5G GUTI: &{119 11 [242 2 248 57 202 254 0 0 0 2 12]}"
time="2026-08-16T17:53:45+08:00" level=info msg="[UE] Switched from state 3 to state 3"
time="2026-08-16T17:53:45+08:00" level=info msg="[GNB][SCTP] Receive message in 0 stream\n"
time="2026-08-16T17:53:45+08:00" level=info msg="[GNB][NGAP] Receive Initial Context Setup Request"
time="2026-08-16T17:53:45+08:00" level=info msg="[GNB][UE] UE Context was created with successful"
time="2026-08-16T17:53:45+08:00" level=info msg="[GNB][UE] UE RAN ID 27"
time="2026-08-16T17:53:45+08:00" level=info msg="[GNB][UE] UE AMF ID 826"
time="2026-08-16T17:53:45+08:00" level=info msg="[GNB][UE] UE Mobility Restrict --Plmn-- Mcc: 208 Mnc: 93"
time="2026-08-16T17:53:45+08:00" level=info msg="[GNB][UE] UE Masked Imeisv: 1110000000ffff00"
time="2026-08-16T17:53:45+08:00" level=info msg="[GNB][UE] Allowed Nssai-- Sst: [01 01] Sd: [010203 112233]"
time="2026-08-16T17:53:45+08:00" level=info msg="[GNB][NGAP][AMF] Send Initial Context Setup Response."
time="2026-08-16T17:53:45+08:00" level=info msg="[GNB] Initiating Initial Context Setup Response"
time="2026-08-16T17:53:45+08:00" level=info msg="[GNB][NGAP] No PDU Session to set up in InitialContextSetupResponse."
time="2026-08-16T17:53:45+08:00" level=info msg="[UE][NAS] Message with security header"
time="2026-08-16T17:53:45+08:00" level=info msg="[UE][NAS] Message with integrity and ciphered"
time="2026-08-16T17:53:45+08:00" level=info msg="[UE][NAS] successful NAS CIPHERING"
time="2026-08-16T17:53:45+08:00" level=info msg="[UE][NAS] successful NAS MAC verification"
time="2026-08-16T17:53:45+08:00" level=info msg="[UE][NAS] Receive Registration Accept"
time="2026-08-16T17:53:45+08:00" level=info msg="[UE][NAS] UE 5G GUTI: &{119 11 [242 2 248 57 202 254 0 0 0 2 38]}"
time="2026-08-16T17:53:45+08:00" level=info msg="[UE] Switched from state 3 to state 3"
time="2026-08-16T17:53:45+08:00" level=info msg="[GNB][SCTP] Receive message in 0 stream\n"
time="2026-08-16T17:53:45+08:00" level=info msg="[GNB][NGAP] Receive Initial Context Setup Request"
time="2026-08-16T17:53:45+08:00" level=info msg="[GNB][UE] UE Context was created with successful"
time="2026-08-16T17:53:45+08:00" level=info msg="[GNB][UE] UE RAN ID 40"
time="2026-08-16T17:53:45+08:00" level=info msg="[GNB][UE] UE AMF ID 839"
time="2026-08-16T17:53:45+08:00" level=info msg="[GNB][UE] UE Mobility Restrict --Plmn-- Mcc: 208 Mnc: 93"
time="2026-08-16T17:53:45+08:00" level=info msg="[GNB][UE] UE Masked Imeisv: 1110000000ffff00"
time="2026-08-16T17:53:45+08:00" level=info msg="[GNB][UE] Allowed Nssai-- Sst: [01 01] Sd: [010203 112233]"
time="2026-08-16T17:53:45+08:00" level=info msg="[GNB][NGAP][AMF] Send Initial Context Setup Response."
time="2026-08-16T17:53:45+08:00" level=info msg="[GNB] Initiating Initial Context Setup Response"
time="2026-08-16T17:53:45+08:00" level=info msg="[GNB][NGAP] No PDU Session to set up in InitialContextSetupResponse."
time="2026-08-16T17:53:45+08:00" level=info msg="[UE][NAS] Message with security header"
time="2026-08-16T17:53:45+08:00" level=info msg="[UE][NAS] Message with integrity and ciphered"
time="2026-08-16T17:53:45+08:00" level=info msg="[UE][NAS] successful NAS CIPHERING"
time="2026-08-16T17:53:45+08:00" level=info msg="[UE][NAS] successful NAS MAC verification"
time="2026-08-16T17:53:45+08:00" level=info msg="[UE][NAS] Receive Registration Accept"
time="2026-08-16T17:53:45+08:00" level=info msg="[UE][NAS] UE 5G GUTI: &{119 11 [242 2 248 57 202 254 0 0 0 2 81]}"
time="2026-08-16T17:53:45+08:00" level=info msg="[UE] Switched from state 2 to state 3"
time="2026-08-16T17:53:45+08:00" level=info msg="[GNB][SCTP] Receive message in 0 stream\n"
time="2026-08-16T17:53:45+08:00" level=info msg="[GNB][SCTP] Receive message in 0 stream\n"
time="2026-08-16T17:53:45+08:00" level=info msg="[GNB][NGAP] Receive Downlink NAS Transport"
time="2026-08-16T17:53:45+08:00" level=info msg="[GNB][NGAP] Receive Initial Context Setup Request"
time="2026-08-16T17:53:45+08:00" level=info msg="[GNB][UE] UE Context was created with successful"
time="2026-08-16T17:53:45+08:00" level=info msg="[GNB][UE] UE RAN ID 44"
time="2026-08-16T17:53:45+08:00" level=info msg="[GNB][UE] UE AMF ID 843"
time="2026-08-16T17:53:45+08:00" level=info msg="[GNB][UE] UE Mobility Restrict --Plmn-- Mcc: 208 Mnc: 93"
time="2026-08-16T17:53:45+08:00" level=info msg="[GNB][UE] UE Masked Imeisv: 1110000000ffff00"
time="2026-08-16T17:53:45+08:00" level=info msg="[GNB][UE] Allowed Nssai-- Sst: [01 01] Sd: [010203 112233]"
time="2026-08-16T17:53:45+08:00" level=info msg="[GNB][NGAP][AMF] Send Initial Context Setup Response."
time="2026-08-16T17:53:45+08:00" level=info msg="[GNB] Initiating Initial Context Setup Response"
time="2026-08-16T17:53:45+08:00" level=info msg="[GNB][NGAP] No PDU Session to set up in InitialContextSetupResponse."
time="2026-08-16T17:53:45+08:00" level=info msg="[UE][NAS] Message with security header"
time="2026-08-16T17:53:45+08:00" level=info msg="[UE][NAS] Message with integrity and ciphered"
time="2026-08-16T17:53:45+08:00" level=info msg="[UE][NAS] successful NAS CIPHERING"
time="2026-08-16T17:53:45+08:00" level=info msg="[UE][NAS] Message with security header"
time="2026-08-16T17:53:45+08:00" level=info msg="[UE][NAS] Message with integrity and ciphered"
time="2026-08-16T17:53:45+08:00" level=info msg="[UE][NAS] successful NAS CIPHERING"
time="2026-08-16T17:53:45+08:00" level=info msg="[UE][NAS] successful NAS MAC verification"
time="2026-08-16T17:53:45+08:00" level=info msg="[UE][NAS] Receive Registration Accept"
time="2026-08-16T17:53:45+08:00" level=info msg="[UE][NAS] UE 5G GUTI: &{119 11 [242 2 248 57 202 254 0 0 0 2 89]}"
time="2026-08-16T17:53:45+08:00" level=info msg="[UE] Switched from state 2 to state 3"
time="2026-08-16T17:53:45+08:00" level=info msg="[GNB][SCTP] Receive message in 0 stream\n"
time="2026-08-16T17:53:45+08:00" level=info msg="[GNB][SCTP] Receive message in 0 stream\n"
time="2026-08-16T17:53:45+08:00" level=info msg="[GNB][SCTP] Receive message in 0 stream\n"
time="2026-08-16T17:53:45+08:00" level=info msg="[GNB][SCTP] Receive message in 0 stream\n"
time="2026-08-16T17:53:45+08:00" level=info msg="[GNB][SCTP] Receive message in 0 stream\n"
time="2026-08-16T17:53:45+08:00" level=info msg="[GNB][SCTP] Receive message in 0 stream\n"
time="2026-08-16T17:53:45+08:00" level=info msg="[GNB][SCTP] Receive message in 0 stream\n"
time="2026-08-16T17:53:45+08:00" level=info msg="[GNB][SCTP] Receive message in 0 stream\n"
time="2026-08-16T17:53:45+08:00" level=info msg="[GNB][SCTP] Receive message in 0 stream\n"
time="2026-08-16T17:53:45+08:00" level=info msg="[GNB][SCTP] Receive message in 0 stream\n"
time="2026-08-16T17:53:45+08:00" level=info msg="[GNB][NGAP] Receive Downlink NAS Transport"
time="2026-08-16T17:53:45+08:00" level=info msg="[UE][NAS] Message with security header"
time="2026-08-16T17:53:45+08:00" level=info msg="[UE][NAS] Message with integrity and ciphered"
time="2026-08-16T17:53:45+08:00" level=info msg="[UE][NAS] successful NAS CIPHERING"
time="2026-08-16T17:53:45+08:00" level=info msg="[UE][NAS] successful NAS MAC verification"
time="2026-08-16T17:53:45+08:00" level=info msg="[UE][NAS] Receive Configuration Update Command"
time="2026-08-16T17:53:45+08:00" level=info msg="[UE] Initiating Configuration Update Complete"
time="2026-08-16T17:53:45+08:00" level=info msg="[GNB][NGAP] Receive Downlink NAS Transport"
time="2026-08-16T17:53:45+08:00" level=info msg="[UE][NAS] Message with security header"
time="2026-08-16T17:53:45+08:00" level=info msg="[UE][NAS] Message with integrity and ciphered"
time="2026-08-16T17:53:45+08:00" level=info msg="[UE][NAS] successful NAS CIPHERING"
time="2026-08-16T17:53:45+08:00" level=info msg="[UE][NAS] successful NAS MAC verification"
time="2026-08-16T17:53:45+08:00" level=info msg="[UE][NAS] Receive Configuration Update Command"
time="2026-08-16T17:53:45+08:00" level=info msg="[UE] Initiating Configuration Update Complete"
time="2026-08-16T17:53:45+08:00" level=info msg="[GNB][NGAP] Receive Downlink NAS Transport"
time="2026-08-16T17:53:45+08:00" level=info msg="[UE][NAS] Message with security header"
time="2026-08-16T17:53:45+08:00" level=info msg="[UE][NAS] Message with integrity and ciphered"
time="2026-08-16T17:53:45+08:00" level=info msg="[UE][NAS] successful NAS CIPHERING"
time="2026-08-16T17:53:45+08:00" level=info msg="[UE][NAS] successful NAS MAC verification"
time="2026-08-16T17:53:45+08:00" level=info msg="[UE][NAS] Receive Configuration Update Command"
time="2026-08-16T17:53:45+08:00" level=info msg="[UE] Initiating Configuration Update Complete"
time="2026-08-16T17:53:45+08:00" level=info msg="[GNB][NGAP] Receive Downlink NAS Transport"
time="2026-08-16T17:53:45+08:00" level=info msg="[UE][NAS] Message with security header"
time="2026-08-16T17:53:45+08:00" level=info msg="[UE][NAS] Message with integrity and ciphered"
time="2026-08-16T17:53:45+08:00" level=info msg="[UE][NAS] successful NAS CIPHERING"
time="2026-08-16T17:53:45+08:00" level=info msg="[UE][NAS] successful NAS MAC verification"
time="2026-08-16T17:53:45+08:00" level=info msg="[UE][NAS] Receive Configuration Update Command"
time="2026-08-16T17:53:45+08:00" level=info msg="[UE] Initiating Configuration Update Complete"
time="2026-08-16T17:53:45+08:00" level=info msg="[GNB][NGAP] Receive UE Context Release Command"
time="2026-08-16T17:53:45+08:00" level=warning msg="[GNB][NGAP] AMF is trying to free the context of an unknown UE with RANUEID 637, ignoring"
time="2026-08-16T17:53:45+08:00" level=info msg="[GNB][SCTP] Receive message in 0 stream\n"
time="2026-08-16T17:53:45+08:00" level=info msg="[GNB][SCTP] Receive message in 0 stream\n"
time="2026-08-16T17:53:45+08:00" level=info msg="[GNB][NGAP] Receive UE Context Release Command"
time="2026-08-16T17:53:45+08:00" level=warning msg="[GNB][NGAP] AMF is trying to free the context of an unknown UE with RANUEID 699, ignoring"
time="2026-08-16T17:53:45+08:00" level=info msg="[GNB][NGAP] Receive Downlink NAS Transport"
time="2026-08-16T17:53:45+08:00" level=info msg="[UE][NAS] Message with security header"
time="2026-08-16T17:53:45+08:00" level=info msg="[UE][NAS] Message with integrity and ciphered"
time="2026-08-16T17:53:45+08:00" level=info msg="[UE][NAS] successful NAS MAC verification"
time="2026-08-16T17:53:45+08:00" level=info msg="[UE][NAS] Receive Configuration Update Command"
time="2026-08-16T17:53:45+08:00" level=info msg="[UE] Initiating Configuration Update Complete"
time="2026-08-16T17:53:45+08:00" level=info msg="[GNB][NGAP] Receive Downlink NAS Transport"
time="2026-08-16T17:53:45+08:00" level=info msg="[UE][NAS] Message with security header"
time="2026-08-16T17:53:45+08:00" level=info msg="[UE][NAS] Message with integrity and ciphered"
time="2026-08-16T17:53:45+08:00" level=info msg="[UE][NAS] successful NAS CIPHERING"
time="2026-08-16T17:53:45+08:00" level=info msg="[UE][NAS] successful NAS MAC verification"
time="2026-08-16T17:53:45+08:00" level=info msg="[UE][NAS] Receive Configuration Update Command"
time="2026-08-16T17:53:45+08:00" level=info msg="[UE] Initiating Configuration Update Complete"
time="2026-08-16T17:53:45+08:00" level=info msg="[GNB][NGAP] Receive Downlink NAS Transport"
time="2026-08-16T17:53:45+08:00" level=info msg="[UE][NAS] Message with security header"
time="2026-08-16T17:53:45+08:00" level=info msg="[UE][NAS] successful NAS CIPHERING"
time="2026-08-16T17:53:45+08:00" level=info msg="[UE][NAS] successful NAS MAC verification"
time="2026-08-16T17:53:45+08:00" level=info msg="[UE][NAS] Receive Configuration Update Command"
time="2026-08-16T17:53:45+08:00" level=info msg="[UE] Initiating Configuration Update Complete"
time="2026-08-16T17:53:45+08:00" level=info msg="[UE][NAS] Message with integrity and ciphered"
time="2026-08-16T17:53:45+08:00" level=info msg="[UE][NAS] successful NAS CIPHERING"
time="2026-08-16T17:53:45+08:00" level=info msg="[UE][NAS] successful NAS MAC verification"
time="2026-08-16T17:53:45+08:00" level=info msg="[UE][NAS] Receive Configuration Update Command"
time="2026-08-16T17:53:45+08:00" level=info msg="[UE] Initiating Configuration Update Complete"
time="2026-08-16T17:53:45+08:00" level=info msg="[GNB][NGAP] Receive Downlink NAS Transport"
time="2026-08-16T17:53:45+08:00" level=info msg="[UE][NAS] Message with security header"
time="2026-08-16T17:53:45+08:00" level=info msg="[UE][NAS] Message with integrity and ciphered"
time="2026-08-16T17:53:45+08:00" level=info msg="[UE][NAS] successful NAS CIPHERING"
time="2026-08-16T17:53:45+08:00" level=info msg="[GNB][NGAP] Receive Initial Context Setup Request"
time="2026-08-16T17:53:45+08:00" level=info msg="[UE][NAS] successful NAS MAC verification"
time="2026-08-16T17:53:45+08:00" level=info msg="[UE][NAS] Receive Configuration Update Command"
time="2026-08-16T17:53:45+08:00" level=info msg="[UE] Initiating Configuration Update Complete"
time="2026-08-16T17:53:45+08:00" level=info msg="[GNB][UE] UE Context was created with successful"
time="2026-08-16T17:53:45+08:00" level=info msg="[GNB][UE] UE RAN ID 68"
time="2026-08-16T17:53:45+08:00" level=info msg="[GNB][UE] UE AMF ID 867"
time="2026-08-16T17:53:45+08:00" level=info msg="[GNB][UE] UE Mobility Restrict --Plmn-- Mcc: 208 Mnc: 93"
time="2026-08-16T17:53:45+08:00" level=info msg="[GNB][UE] UE Masked Imeisv: 1110000000ffff00"
time="2026-08-16T17:53:45+08:00" level=info msg="[GNB][UE] Allowed Nssai-- Sst: [01 01] Sd: [010203 112233]"
time="2026-08-16T17:53:45+08:00" level=info msg="[GNB][NGAP][AMF] Send Initial Context Setup Response."
time="2026-08-16T17:53:45+08:00" level=info msg="[GNB] Initiating Initial Context Setup Response"
time="2026-08-16T17:53:45+08:00" level=info msg="[GNB][NGAP] No PDU Session to set up in InitialContextSetupResponse."
time="2026-08-16T17:53:45+08:00" level=info msg="[GNB][NGAP] Receive Downlink NAS Transport"
time="2026-08-16T17:53:45+08:00" level=info msg="[UE][NAS] Message with security header"
time="2026-08-16T17:53:45+08:00" level=info msg="[UE][NAS] Message with integrity and ciphered"
time="2026-08-16T17:53:45+08:00" level=info msg="[UE][NAS] successful NAS CIPHERING"
time="2026-08-16T17:53:45+08:00" level=info msg="[UE][NAS] successful NAS MAC verification"
time="2026-08-16T17:53:45+08:00" level=info msg="[UE][NAS] Receive Configuration Update Command"
time="2026-08-16T17:53:45+08:00" level=info msg="[UE] Initiating Configuration Update Complete"
time="2026-08-16T17:53:45+08:00" level=info msg="[UE][NAS] Message with security header"
time="2026-08-16T17:53:45+08:00" level=info msg="[UE][NAS] Message with integrity and ciphered"
time="2026-08-16T17:53:45+08:00" level=info msg="[UE][NAS] successful NAS CIPHERING"
time="2026-08-16T17:53:45+08:00" level=info msg="[UE][NAS] successful NAS MAC verification"
time="2026-08-16T17:53:45+08:00" level=info msg="[UE][NAS] Receive Registration Accept"
time="2026-08-16T17:53:45+08:00" level=info msg="[UE][NAS] UE 5G GUTI: &{119 11 [242 2 248 57 202 254 0 0 0 2 97]}"
time="2026-08-16T17:53:45+08:00" level=info msg="[UE] Switched from state 2 to state 3"
time="2026-08-16T17:53:45+08:00" level=info msg="[GNB][SCTP] Receive message in 0 stream\n"
time="2026-08-16T17:53:45+08:00" level=info msg="[GNB][SCTP] Receive message in 0 stream\n"
time="2026-08-16T17:53:45+08:00" level=info msg="[GNB][NGAP] Receive Downlink NAS Transport"
time="2026-08-16T17:53:45+08:00" level=info msg="[UE][NAS] Message with security header"
time="2026-08-16T17:53:45+08:00" level=info msg="[UE][NAS] Message with integrity and ciphered"
time="2026-08-16T17:53:45+08:00" level=info msg="[UE][NAS] successful NAS CIPHERING"
time="2026-08-16T17:53:45+08:00" level=info msg="[UE][NAS] successful NAS MAC verification"
time="2026-08-16T17:53:45+08:00" level=info msg="[UE][NAS] Receive Configuration Update Command"
time="2026-08-16T17:53:45+08:00" level=info msg="[UE] Initiating Configuration Update Complete"
time="2026-08-16T17:53:45+08:00" level=info msg="[GNB][NGAP] Receive Downlink NAS Transport"
time="2026-08-16T17:53:45+08:00" level=info msg="[UE][NAS] Message with security header"
time="2026-08-16T17:53:45+08:00" level=info msg="[UE][NAS] Message with integrity and ciphered"
time="2026-08-16T17:53:45+08:00" level=info msg="[UE][NAS] successful NAS CIPHERING"
time="2026-08-16T17:53:45+08:00" level=info msg="[UE][NAS] successful NAS MAC verification"
time="2026-08-16T17:53:45+08:00" level=info msg="[UE][NAS] Receive Configuration Update Command"
time="2026-08-16T17:53:45+08:00" level=info msg="[UE] Initiating Configuration Update Complete"
time="2026-08-16T17:53:45+08:00" level=info msg="[GNB][SCTP] Receive message in 0 stream\n"
time="2026-08-16T17:53:45+08:00" level=info msg="[GNB][NGAP] Receive Initial Context Setup Request"
time="2026-08-16T17:53:45+08:00" level=info msg="[GNB][UE] UE Context was created with successful"
time="2026-08-16T17:53:45+08:00" level=info msg="[GNB][UE] UE RAN ID 75"
time="2026-08-16T17:53:45+08:00" level=info msg="[GNB][UE] UE AMF ID 874"
time="2026-08-16T17:53:45+08:00" level=info msg="[GNB][UE] UE Mobility Restrict --Plmn-- Mcc: 208 Mnc: 93"
time="2026-08-16T17:53:45+08:00" level=info msg="[GNB][UE] UE Masked Imeisv: 1110000000ffff00"
time="2026-08-16T17:53:45+08:00" level=info msg="[GNB][UE] Allowed Nssai-- Sst: [01 01] Sd: [010203 112233]"
time="2026-08-16T17:53:45+08:00" level=info msg="[GNB][NGAP][AMF] Send Initial Context Setup Response."
time="2026-08-16T17:53:45+08:00" level=info msg="[GNB] Initiating Initial Context Setup Response"
time="2026-08-16T17:53:45+08:00" level=info msg="[GNB][NGAP] No PDU Session to set up in InitialContextSetupResponse."
time="2026-08-16T17:53:45+08:00" level=info msg="[UE][NAS] Message with security header"
time="2026-08-16T17:53:45+08:00" level=info msg="[UE][NAS] Message with integrity and ciphered"
time="2026-08-16T17:53:45+08:00" level=info msg="[UE][NAS] successful NAS CIPHERING"
time="2026-08-16T17:53:45+08:00" level=info msg="[UE][NAS] successful NAS MAC verification"
time="2026-08-16T17:53:45+08:00" level=info msg="[UE][NAS] Receive Registration Accept"
time="2026-08-16T17:53:45+08:00" level=info msg="[UE][NAS] UE 5G GUTI: &{119 11 [242 2 248 57 202 254 0 0 0 2 70]}"
time="2026-08-16T17:53:45+08:00" level=info msg="[UE] Switched from state 2 to state 3"
time="2026-08-16T17:53:45+08:00" level=info msg="[GNB][SCTP] Receive message in 0 stream\n"
time="2026-08-16T17:53:45+08:00" level=info msg="[GNB][NGAP] Receive Downlink NAS Transport"
time="2026-08-16T17:53:45+08:00" level=info msg="[UE][NAS] Message with security header"
time="2026-08-16T17:53:45+08:00" level=info msg="[UE][NAS] Message with integrity and ciphered"
time="2026-08-16T17:53:45+08:00" level=info msg="[UE][NAS] successful NAS CIPHERING"
time="2026-08-16T17:53:45+08:00" level=info msg="[UE][NAS] successful NAS MAC verification"
time="2026-08-16T17:53:45+08:00" level=info msg="[UE][NAS] Receive Configuration Update Command"
time="2026-08-16T17:53:45+08:00" level=info msg="[UE] Initiating Configuration Update Complete"
time="2026-08-16T17:53:45+08:00" level=info msg="[GNB][SCTP] Receive message in 0 stream\n"
time="2026-08-16T17:53:45+08:00" level=info msg="[GNB][NGAP] Receive Downlink NAS Transport"
time="2026-08-16T17:53:45+08:00" level=info msg="[UE][NAS] Message with security header"
time="2026-08-16T17:53:45+08:00" level=info msg="[UE][NAS] Message with integrity and with NEW 5G NAS SECURITY CONTEXT"
time="2026-08-16T17:53:45+08:00" level=info msg="[UE][NAS] successful NAS MAC verification"
time="2026-08-16T17:53:45+08:00" level=info msg="[UE][NAS] Receive Security Mode Command"
time="2026-08-16T17:53:45+08:00" level=info msg="[UE][NAS] Type of ciphering algorithm is 5G-EA0"
time="2026-08-16T17:53:45+08:00" level=info msg="[UE][NAS] Type of integrity protection algorithm is 128-5G-IA2"
time="2026-08-16T17:53:45+08:00" level=info msg="[GNB][SCTP] Receive message in 0 stream\n"
time="2026-08-16T17:53:45+08:00" level=info msg="[GNB][NGAP] Receive Downlink NAS Transport"
time="2026-08-16T17:53:45+08:00" level=info msg="[UE][NAS] Message with security header"
time="2026-08-16T17:53:45+08:00" level=info msg="[UE][NAS] Message with integrity and with NEW 5G NAS SECURITY CONTEXT"
time="2026-08-16T17:53:45+08:00" level=info msg="[UE][NAS] successful NAS MAC verification"
time="2026-08-16T17:53:45+08:00" level=info msg="[UE][NAS] Receive Security Mode Command"
time="2026-08-16T17:53:45+08:00" level=info msg="[UE][NAS] Type of ciphering algorithm is 5G-EA0"
time="2026-08-16T17:53:45+08:00" level=info msg="[UE][NAS] Type of integrity protection algorithm is 128-5G-IA2"
time="2026-08-16T17:53:45+08:00" level=info msg="[GNB][SCTP] Receive message in 0 stream\n"
time="2026-08-16T17:53:45+08:00" level=info msg="[GNB][NGAP] Receive Initial Context Setup Request"
time="2026-08-16T17:53:45+08:00" level=info msg="[GNB][UE] UE Context was created with successful"
time="2026-08-16T17:53:45+08:00" level=info msg="[GNB][UE] UE RAN ID 29"
time="2026-08-16T17:53:45+08:00" level=info msg="[GNB][UE] UE AMF ID 828"
time="2026-08-16T17:53:45+08:00" level=info msg="[GNB][UE] UE Mobility Restrict --Plmn-- Mcc: 208 Mnc: 93"
time="2026-08-16T17:53:45+08:00" level=info msg="[GNB][UE] UE Masked Imeisv: 1110000000ffff00"
time="2026-08-16T17:53:45+08:00" level=info msg="[GNB][UE] Allowed Nssai-- Sst: [01 01] Sd: [010203 112233]"
time="2026-08-16T17:53:45+08:00" level=info msg="[GNB][NGAP][AMF] Send Initial Context Setup Response."
time="2026-08-16T17:53:45+08:00" level=info msg="[GNB] Initiating Initial Context Setup Response"
time="2026-08-16T17:53:45+08:00" level=info msg="[GNB][NGAP] No PDU Session to set up in InitialContextSetupResponse."
time="2026-08-16T17:53:45+08:00" level=info msg="[UE][NAS] Message with security header"
time="2026-08-16T17:53:45+08:00" level=info msg="[UE][NAS] Message with integrity and ciphered"
time="2026-08-16T17:53:45+08:00" level=info msg="[UE][NAS] successful NAS CIPHERING"
time="2026-08-16T17:53:45+08:00" level=info msg="[UE][NAS] successful NAS MAC verification"
time="2026-08-16T17:53:45+08:00" level=info msg="[UE][NAS] Receive Registration Accept"
time="2026-08-16T17:53:45+08:00" level=info msg="[UE][NAS] UE 5G GUTI: &{119 11 [242 2 248 57 202 254 0 0 0 2 28]}"
time="2026-08-16T17:53:45+08:00" level=info msg="[UE] Switched from state 3 to state 3"
time="2026-08-16T17:53:45+08:00" level=info msg="[GNB][SCTP] Receive message in 0 stream\n"
time="2026-08-16T17:53:45+08:00" level=info msg="[GNB][SCTP] Receive message in 0 stream\n"
time="2026-08-16T17:53:45+08:00" level=info msg="[GNB][NGAP] Receive Initial Context Setup Request"
time="2026-08-16T17:53:45+08:00" level=info msg="[GNB][UE] UE Context was created with successful"
time="2026-08-16T17:53:45+08:00" level=info msg="[GNB][UE] UE RAN ID 100"
time="2026-08-16T17:53:45+08:00" level=info msg="[GNB][UE] UE AMF ID 899"
time="2026-08-16T17:53:45+08:00" level=info msg="[GNB][UE] UE Mobility Restrict --Plmn-- Mcc: 208 Mnc: 93"
time="2026-08-16T17:53:45+08:00" level=info msg="[GNB][UE] UE Masked Imeisv: 1110000000ffff00"
time="2026-08-16T17:53:45+08:00" level=info msg="[GNB][UE] Allowed Nssai-- Sst: [01 01] Sd: [010203 112233]"
time="2026-08-16T17:53:45+08:00" level=info msg="[GNB][NGAP][AMF] Send Initial Context Setup Response."
time="2026-08-16T17:53:45+08:00" level=info msg="[GNB] Initiating Initial Context Setup Response"
time="2026-08-16T17:53:45+08:00" level=info msg="[GNB][NGAP] No PDU Session to set up in InitialContextSetupResponse."
time="2026-08-16T17:53:45+08:00" level=info msg="[UE][NAS] Message with security header"
time="2026-08-16T17:53:45+08:00" level=info msg="[UE][NAS] Message with integrity and ciphered"
time="2026-08-16T17:53:45+08:00" level=info msg="[UE][NAS] successful NAS CIPHERING"
time="2026-08-16T17:53:45+08:00" level=info msg="[UE][NAS] successful NAS MAC verification"
time="2026-08-16T17:53:45+08:00" level=info msg="[UE][NAS] Receive Registration Accept"
time="2026-08-16T17:53:45+08:00" level=info msg="[UE][NAS] UE 5G GUTI: &{119 11 [242 2 248 57 202 254 0 0 0 2 95]}"
time="2026-08-16T17:53:45+08:00" level=info msg="[UE] Switched from state 2 to state 3"
time="2026-08-16T17:53:45+08:00" level=info msg="[GNB][NGAP] Receive UE Context Release Command"
time="2026-08-16T17:53:45+08:00" level=warning msg="[GNB][NGAP] AMF is trying to free the context of an unknown UE with RANUEID 691, ignoring"
time="2026-08-16T17:53:45+08:00" level=info msg="[GNB][SCTP] Receive message in 0 stream\n"
time="2026-08-16T17:53:45+08:00" level=info msg="[GNB][NGAP] Receive Downlink NAS Transport"
time="2026-08-16T17:53:45+08:00" level=info msg="[UE][NAS] Message with security header"
time="2026-08-16T17:53:45+08:00" level=info msg="[UE][NAS] Message with integrity and with NEW 5G NAS SECURITY CONTEXT"
time="2026-08-16T17:53:45+08:00" level=info msg="[UE][NAS] successful NAS MAC verification"
time="2026-08-16T17:53:45+08:00" level=info msg="[UE][NAS] Receive Security Mode Command"
time="2026-08-16T17:53:45+08:00" level=info msg="[UE][NAS] Type of ciphering algorithm is 5G-EA0"
time="2026-08-16T17:53:45+08:00" level=info msg="[UE][NAS] Type of integrity protection algorithm is 128-5G-IA2"
time="2026-08-16T17:53:45+08:00" level=info msg="[GNB][SCTP] Receive message in 0 stream\n"
time="2026-08-16T17:53:45+08:00" level=info msg="[GNB][SCTP] Receive message in 0 stream\n"
time="2026-08-16T17:53:45+08:00" level=info msg="[GNB][NGAP] Receive UE Context Release Command"
time="2026-08-16T17:53:45+08:00" level=warning msg="[GNB][NGAP] AMF is trying to free the context of an unknown UE with RANUEID 655, ignoring"
time="2026-08-16T17:53:45+08:00" level=info msg="[GNB][NGAP] Receive Initial Context Setup Request"
time="2026-08-16T17:53:45+08:00" level=info msg="[GNB][UE] UE Context was created with successful"
time="2026-08-16T17:53:45+08:00" level=info msg="[GNB][UE] UE RAN ID 38"
time="2026-08-16T17:53:45+08:00" level=info msg="[GNB][UE] UE AMF ID 837"
time="2026-08-16T17:53:45+08:00" level=info msg="[GNB][UE] UE Mobility Restrict --Plmn-- Mcc: 208 Mnc: 93"
time="2026-08-16T17:53:45+08:00" level=info msg="[GNB][UE] UE Masked Imeisv: 1110000000ffff00"
time="2026-08-16T17:53:45+08:00" level=info msg="[GNB][UE] Allowed Nssai-- Sst: [01 01] Sd: [010203 112233]"
time="2026-08-16T17:53:45+08:00" level=info msg="[GNB][NGAP][AMF] Send Initial Context Setup Response."
time="2026-08-16T17:53:45+08:00" level=info msg="[GNB] Initiating Initial Context Setup Response"
time="2026-08-16T17:53:45+08:00" level=info msg="[GNB][NGAP] No PDU Session to set up in InitialContextSetupResponse."
time="2026-08-16T17:53:45+08:00" level=info msg="[UE][NAS] Message with security header"
time="2026-08-16T17:53:45+08:00" level=info msg="[UE][NAS] Message with integrity and ciphered"
time="2026-08-16T17:53:45+08:00" level=info msg="[UE][NAS] successful NAS CIPHERING"
time="2026-08-16T17:53:46+08:00" level=info msg="[UE][NAS] successful NAS MAC verification"
time="2026-08-16T17:53:46+08:00" level=info msg="[UE][NAS] Receive Registration Accept"
time="2026-08-16T17:53:46+08:00" level=info msg="[UE][NAS] UE 5G GUTI: &{119 11 [242 2 248 57 202 254 0 0 0 2 87]}"
time="2026-08-16T17:53:46+08:00" level=info msg="[UE] Switched from state 2 to state 3"
time="2026-08-16T17:53:46+08:00" level=info msg="[GNB][SCTP] Receive message in 0 stream\n"
time="2026-08-16T17:53:46+08:00" level=info msg="[GNB][NGAP] Receive Downlink NAS Transport"
time="2026-08-16T17:53:46+08:00" level=info msg="[UE][NAS] Message with security header"
time="2026-08-16T17:53:46+08:00" level=info msg="[UE][NAS] Message with integrity and with NEW 5G NAS SECURITY CONTEXT"
time="2026-08-16T17:53:46+08:00" level=info msg="[UE][NAS] successful NAS MAC verification"
time="2026-08-16T17:53:46+08:00" level=info msg="[UE][NAS] Receive Security Mode Command"
time="2026-08-16T17:53:46+08:00" level=info msg="[UE][NAS] Type of ciphering algorithm is 5G-EA0"
time="2026-08-16T17:53:46+08:00" level=info msg="[UE][NAS] Type of integrity protection algorithm is 128-5G-IA2"
time="2026-08-16T17:53:46+08:00" level=info msg="[GNB][SCTP] Receive message in 0 stream\n"
time="2026-08-16T17:53:46+08:00" level=info msg="[GNB][NGAP] Receive Initial Context Setup Request"
time="2026-08-16T17:53:46+08:00" level=info msg="[GNB][UE] UE Context was created with successful"
time="2026-08-16T17:53:46+08:00" level=info msg="[GNB][UE] UE RAN ID 19"
time="2026-08-16T17:53:46+08:00" level=info msg="[GNB][UE] UE AMF ID 818"
time="2026-08-16T17:53:46+08:00" level=info msg="[GNB][UE] UE Mobility Restrict --Plmn-- Mcc: 208 Mnc: 93"
time="2026-08-16T17:53:46+08:00" level=info msg="[GNB][UE] UE Masked Imeisv: 1110000000ffff00"
time="2026-08-16T17:53:46+08:00" level=info msg="[GNB][UE] Allowed Nssai-- Sst: [01 01] Sd: [010203 112233]"
time="2026-08-16T17:53:46+08:00" level=info msg="[GNB][NGAP][AMF] Send Initial Context Setup Response."
time="2026-08-16T17:53:46+08:00" level=info msg="[GNB] Initiating Initial Context Setup Response"
time="2026-08-16T17:53:46+08:00" level=info msg="[GNB][NGAP] No PDU Session to set up in InitialContextSetupResponse."
time="2026-08-16T17:53:46+08:00" level=info msg="[GNB][SCTP] Receive message in 0 stream\n"
time="2026-08-16T17:53:46+08:00" level=info msg="[UE][NAS] Message with security header"
time="2026-08-16T17:53:46+08:00" level=info msg="[UE][NAS] Message with integrity and ciphered"
time="2026-08-16T17:53:46+08:00" level=info msg="[UE][NAS] successful NAS CIPHERING"
time="2026-08-16T17:53:46+08:00" level=info msg="[UE][NAS] successful NAS MAC verification"
time="2026-08-16T17:53:46+08:00" level=info msg="[UE][NAS] Receive Registration Accept"
time="2026-08-16T17:53:46+08:00" level=info msg="[UE][NAS] UE 5G GUTI: &{119 11 [242 2 248 57 202 254 0 0 0 2 17]}"
time="2026-08-16T17:53:46+08:00" level=info msg="[UE] Switched from state 3 to state 3"
time="2026-08-16T17:53:46+08:00" level=info msg="[GNB][NGAP] Receive Downlink NAS Transport"
time="2026-08-16T17:53:46+08:00" level=info msg="[UE][NAS] Message with security header"
time="2026-08-16T17:53:46+08:00" level=info msg="[UE][NAS] Message with integrity and ciphered"
time="2026-08-16T17:53:46+08:00" level=info msg="[UE][NAS] successful NAS CIPHERING"
time="2026-08-16T17:53:46+08:00" level=info msg="[GNB][SCTP] Receive message in 0 stream\n"
time="2026-08-16T17:53:46+08:00" level=info msg="[GNB][SCTP] Receive message in 0 stream\n"
time="2026-08-16T17:53:46+08:00" level=info msg="[GNB][SCTP] Receive message in 0 stream\n"
time="2026-08-16T17:53:46+08:00" level=info msg="[UE][NAS] successful NAS MAC verification"
time="2026-08-16T17:53:46+08:00" level=info msg="[UE][NAS] Receive Configuration Update Command"
time="2026-08-16T17:53:46+08:00" level=info msg="[UE] Initiating Configuration Update Complete"
time="2026-08-16T17:53:46+08:00" level=info msg="[GNB][NGAP] Receive Downlink NAS Transport"
time="2026-08-16T17:53:46+08:00" level=info msg="[UE][NAS] Message with security header"
time="2026-08-16T17:53:46+08:00" level=info msg="[UE][NAS] Message with integrity and ciphered"
time="2026-08-16T17:53:46+08:00" level=info msg="[UE][NAS] successful NAS CIPHERING"
time="2026-08-16T17:53:46+08:00" level=info msg="[UE][NAS] successful NAS MAC verification"
time="2026-08-16T17:53:46+08:00" level=info msg="[UE][NAS] Receive Configuration Update Command"
time="2026-08-16T17:53:46+08:00" level=info msg="[UE] Initiating Configuration Update Complete"
time="2026-08-16T17:53:46+08:00" level=info msg="[GNB][NGAP] Receive Downlink NAS Transport"
time="2026-08-16T17:53:46+08:00" level=info msg="[UE][NAS] Message with security header"
time="2026-08-16T17:53:46+08:00" level=info msg="[UE][NAS] Message with integrity and ciphered"
time="2026-08-16T17:53:46+08:00" level=info msg="[UE][NAS] successful NAS CIPHERING"
time="2026-08-16T17:53:46+08:00" level=info msg="[UE][NAS] successful NAS MAC verification"
time="2026-08-16T17:53:46+08:00" level=info msg="[UE][NAS] Receive Configuration Update Command"
time="2026-08-16T17:53:46+08:00" level=info msg="[UE] Initiating Configuration Update Complete"
time="2026-08-16T17:53:46+08:00" level=info msg="[GNB][NGAP] Receive UE Context Release Command"
time="2026-08-16T17:53:46+08:00" level=warning msg="[GNB][NGAP] AMF is trying to free the context of an unknown UE with RANUEID 692, ignoring"
time="2026-08-16T17:53:46+08:00" level=info msg="[GNB][SCTP] Receive message in 0 stream\n"
time="2026-08-16T17:53:46+08:00" level=info msg="[GNB][NGAP] Receive Initial Context Setup Request"
time="2026-08-16T17:53:46+08:00" level=info msg="[GNB][UE] UE Context was created with successful"
time="2026-08-16T17:53:46+08:00" level=info msg="[GNB][UE] UE RAN ID 92"
time="2026-08-16T17:53:46+08:00" level=info msg="[GNB][UE] UE AMF ID 891"
time="2026-08-16T17:53:46+08:00" level=info msg="[GNB][UE] UE Mobility Restrict --Plmn-- Mcc: 208 Mnc: 93"
time="2026-08-16T17:53:46+08:00" level=info msg="[GNB][UE] UE Masked Imeisv: 1110000000ffff00"
time="2026-08-16T17:53:46+08:00" level=info msg="[GNB][UE] Allowed Nssai-- Sst: [01 01] Sd: [010203 112233]"
time="2026-08-16T17:53:46+08:00" level=info msg="[GNB][NGAP][AMF] Send Initial Context Setup Response."
time="2026-08-16T17:53:46+08:00" level=info msg="[GNB] Initiating Initial Context Setup Response"
time="2026-08-16T17:53:46+08:00" level=info msg="[GNB][NGAP] No PDU Session to set up in InitialContextSetupResponse."
time="2026-08-16T17:53:46+08:00" level=info msg="[UE][NAS] Message with security header"
time="2026-08-16T17:53:46+08:00" level=info msg="[UE][NAS] Message with integrity and ciphered"
time="2026-08-16T17:53:46+08:00" level=info msg="[UE][NAS] successful NAS CIPHERING"
time="2026-08-16T17:53:46+08:00" level=info msg="[UE][NAS] successful NAS MAC verification"
time="2026-08-16T17:53:46+08:00" level=info msg="[UE][NAS] Receive Registration Accept"
time="2026-08-16T17:53:46+08:00" level=info msg="[UE][NAS] UE 5G GUTI: &{119 11 [242 2 248 57 202 254 0 0 0 2 101]}"
time="2026-08-16T17:53:46+08:00" level=info msg="[GNB][SCTP] Receive message in 0 stream\n"
time="2026-08-16T17:53:46+08:00" level=info msg="[UE] Switched from state 2 to state 3"
time="2026-08-16T17:53:46+08:00" level=info msg="[GNB][NGAP] Receive Downlink NAS Transport"
time="2026-08-16T17:53:46+08:00" level=info msg="[UE][NAS] Message with security header"
time="2026-08-16T17:53:46+08:00" level=info msg="[UE][NAS] Message with integrity and ciphered"
time="2026-08-16T17:53:46+08:00" level=info msg="[UE][NAS] successful NAS CIPHERING"
time="2026-08-16T17:53:46+08:00" level=info msg="[UE][NAS] successful NAS MAC verification"
time="2026-08-16T17:53:46+08:00" level=info msg="[UE][NAS] Receive Configuration Update Command"
time="2026-08-16T17:53:46+08:00" level=info msg="[UE] Initiating Configuration Update Complete"
time="2026-08-16T17:53:46+08:00" level=info msg="[GNB][SCTP] Receive message in 0 stream\n"
time="2026-08-16T17:53:46+08:00" level=info msg="[GNB][NGAP] Receive Downlink NAS Transport"
time="2026-08-16T17:53:46+08:00" level=info msg="[UE][NAS] Message with security header"
time="2026-08-16T17:53:46+08:00" level=info msg="[UE][NAS] Message with integrity and ciphered"
time="2026-08-16T17:53:46+08:00" level=info msg="[UE][NAS] successful NAS CIPHERING"
time="2026-08-16T17:53:46+08:00" level=info msg="[UE][NAS] successful NAS MAC verification"
time="2026-08-16T17:53:46+08:00" level=info msg="[UE][NAS] Receive Configuration Update Command"
time="2026-08-16T17:53:46+08:00" level=info msg="[UE] Initiating Configuration Update Complete"
time="2026-08-16T17:53:46+08:00" level=info msg="[GNB][SCTP] Receive message in 0 stream\n"
time="2026-08-16T17:53:46+08:00" level=info msg="[GNB][NGAP] Receive Downlink NAS Transport"
time="2026-08-16T17:53:46+08:00" level=info msg="[UE][NAS] Message with security header"
time="2026-08-16T17:53:46+08:00" level=info msg="[UE][NAS] Message with integrity and ciphered"
time="2026-08-16T17:53:46+08:00" level=info msg="[UE][NAS] successful NAS CIPHERING"
time="2026-08-16T17:53:46+08:00" level=info msg="[UE][NAS] successful NAS MAC verification"
time="2026-08-16T17:53:46+08:00" level=info msg="[UE][NAS] Receive Configuration Update Command"
time="2026-08-16T17:53:46+08:00" level=info msg="[UE] Initiating Configuration Update Complete"
time="2026-08-16T17:53:46+08:00" level=info msg="[GNB][SCTP] Receive message in 0 stream\n"
time="2026-08-16T17:53:46+08:00" level=info msg="[GNB][NGAP] Receive Downlink NAS Transport"
time="2026-08-16T17:53:46+08:00" level=info msg="[UE][NAS] Message with security header"
time="2026-08-16T17:53:46+08:00" level=info msg="[UE][NAS] Message with integrity and ciphered"
time="2026-08-16T17:53:46+08:00" level=info msg="[UE][NAS] successful NAS CIPHERING"
time="2026-08-16T17:53:46+08:00" level=info msg="[UE][NAS] successful NAS MAC verification"
time="2026-08-16T17:53:46+08:00" level=info msg="[UE][NAS] Receive Configuration Update Command"
time="2026-08-16T17:53:46+08:00" level=info msg="[UE] Initiating Configuration Update Complete"
time="2026-08-16T17:53:46+08:00" level=info msg="[GNB][SCTP] Receive message in 0 stream\n"
time="2026-08-16T17:53:46+08:00" level=info msg="[GNB][NGAP] Receive Initial Context Setup Request"
time="2026-08-16T17:53:46+08:00" level=info msg="[GNB][UE] UE Context was created with successful"
time="2026-08-16T17:53:46+08:00" level=info msg="[GNB][UE] UE RAN ID 36"
time="2026-08-16T17:53:46+08:00" level=info msg="[GNB][UE] UE AMF ID 835"
time="2026-08-16T17:53:46+08:00" level=info msg="[GNB][UE] UE Mobility Restrict --Plmn-- Mcc: 208 Mnc: 93"
time="2026-08-16T17:53:46+08:00" level=info msg="[GNB][UE] UE Masked Imeisv: 1110000000ffff00"
time="2026-08-16T17:53:46+08:00" level=info msg="[GNB][UE] Allowed Nssai-- Sst: [01 01] Sd: [010203 112233]"
time="2026-08-16T17:53:46+08:00" level=info msg="[UE][NAS] Message with security header"
time="2026-08-16T17:53:46+08:00" level=info msg="[UE][NAS] Message with integrity and ciphered"
time="2026-08-16T17:53:46+08:00" level=info msg="[UE][NAS] successful NAS CIPHERING"
time="2026-08-16T17:53:46+08:00" level=info msg="[UE][NAS] successful NAS MAC verification"
time="2026-08-16T17:53:46+08:00" level=info msg="[UE][NAS] Receive Registration Accept"
time="2026-08-16T17:53:46+08:00" level=info msg="[UE][NAS] UE 5G GUTI: &{119 11 [242 2 248 57 202 254 0 0 0 2 34]}"
time="2026-08-16T17:53:46+08:00" level=info msg="[UE] Switched from state 3 to state 3"
time="2026-08-16T17:53:46+08:00" level=info msg="[GNB][NGAP][AMF] Send Initial Context Setup Response."
time="2026-08-16T17:53:46+08:00" level=info msg="[GNB] Initiating Initial Context Setup Response"
time="2026-08-16T17:53:46+08:00" level=info msg="[GNB][NGAP] No PDU Session to set up in InitialContextSetupResponse."
time="2026-08-16T17:53:46+08:00" level=info msg="[GNB][SCTP] Receive message in 0 stream\n"
time="2026-08-16T17:53:46+08:00" level=info msg="[GNB][NGAP] Receive Initial Context Setup Request"
time="2026-08-16T17:53:46+08:00" level=info msg="[GNB][UE] UE Context was created with successful"
time="2026-08-16T17:53:46+08:00" level=info msg="[GNB][UE] UE RAN ID 56"
time="2026-08-16T17:53:46+08:00" level=info msg="[GNB][UE] UE AMF ID 855"
time="2026-08-16T17:53:46+08:00" level=info msg="[GNB][UE] UE Mobility Restrict --Plmn-- Mcc: 208 Mnc: 93"
time="2026-08-16T17:53:46+08:00" level=info msg="[GNB][UE] UE Masked Imeisv: 1110000000ffff00"
time="2026-08-16T17:53:46+08:00" level=info msg="[GNB][UE] Allowed Nssai-- Sst: [01 01] Sd: [010203 112233]"
time="2026-08-16T17:53:46+08:00" level=info msg="[GNB][NGAP][AMF] Send Initial Context Setup Response."
time="2026-08-16T17:53:46+08:00" level=info msg="[GNB] Initiating Initial Context Setup Response"
time="2026-08-16T17:53:46+08:00" level=info msg="[GNB][NGAP] No PDU Session to set up in InitialContextSetupResponse."
time="2026-08-16T17:53:46+08:00" level=info msg="[UE][NAS] Message with security header"
time="2026-08-16T17:53:46+08:00" level=info msg="[UE][NAS] Message with integrity and ciphered"
time="2026-08-16T17:53:46+08:00" level=info msg="[UE][NAS] successful NAS CIPHERING"
time="2026-08-16T17:53:46+08:00" level=info msg="[UE][NAS] successful NAS MAC verification"
time="2026-08-16T17:53:46+08:00" level=info msg="[UE][NAS] Receive Registration Accept"
time="2026-08-16T17:53:46+08:00" level=info msg="[UE][NAS] UE 5G GUTI: &{119 11 [242 2 248 57 202 254 0 0 0 2 93]}"
time="2026-08-16T17:53:46+08:00" level=info msg="[UE] Switched from state 2 to state 3"
time="2026-08-16T17:53:46+08:00" level=info msg="[GNB][SCTP] Receive message in 0 stream\n"
time="2026-08-16T17:53:46+08:00" level=info msg="[GNB][NGAP] Receive UE Context Release Command"
time="2026-08-16T17:53:46+08:00" level=warning msg="[GNB][NGAP] AMF is trying to free the context of an unknown UE with RANUEID 679, ignoring"
time="2026-08-16T17:53:46+08:00" level=info msg="[GNB][SCTP] Receive message in 0 stream\n"
time="2026-08-16T17:53:46+08:00" level=info msg="[GNB][NGAP] Receive Downlink NAS Transport"
time="2026-08-16T17:53:46+08:00" level=info msg="[UE][NAS] Message with security header"
time="2026-08-16T17:53:46+08:00" level=info msg="[UE][NAS] Message with integrity and ciphered"
time="2026-08-16T17:53:46+08:00" level=info msg="[UE][NAS] successful NAS CIPHERING"
time="2026-08-16T17:53:46+08:00" level=info msg="[UE][NAS] successful NAS MAC verification"
time="2026-08-16T17:53:46+08:00" level=info msg="[UE][NAS] Receive Configuration Update Command"
time="2026-08-16T17:53:46+08:00" level=info msg="[UE] Initiating Configuration Update Complete"
time="2026-08-16T17:53:46+08:00" level=info msg="[GNB][SCTP] Receive message in 0 stream\n"
time="2026-08-16T17:53:46+08:00" level=info msg="[GNB][SCTP] Receive message in 0 stream\n"
time="2026-08-16T17:53:46+08:00" level=info msg="[GNB][SCTP] Receive message in 0 stream\n"
time="2026-08-16T17:53:46+08:00" level=info msg="[GNB][SCTP] Receive message in 0 stream\n"
time="2026-08-16T17:53:46+08:00" level=info msg="[GNB][NGAP] Receive Downlink NAS Transport"
time="2026-08-16T17:53:46+08:00" level=info msg="[UE][NAS] Message with security header"
time="2026-08-16T17:53:46+08:00" level=info msg="[UE][NAS] Message with integrity and ciphered"
time="2026-08-16T17:53:46+08:00" level=info msg="[UE][NAS] successful NAS CIPHERING"
time="2026-08-16T17:53:46+08:00" level=info msg="[UE][NAS] successful NAS MAC verification"
time="2026-08-16T17:53:46+08:00" level=info msg="[UE][NAS] Receive Configuration Update Command"
time="2026-08-16T17:53:46+08:00" level=info msg="[UE] Initiating Configuration Update Complete"
time="2026-08-16T17:53:46+08:00" level=info msg="[GNB][NGAP] Receive Downlink NAS Transport"
time="2026-08-16T17:53:46+08:00" level=info msg="[UE][NAS] Message with security header"
time="2026-08-16T17:53:46+08:00" level=info msg="[UE][NAS] Message with integrity and ciphered"
time="2026-08-16T17:53:46+08:00" level=info msg="[UE][NAS] successful NAS CIPHERING"
time="2026-08-16T17:53:46+08:00" level=info msg="[UE][NAS] successful NAS MAC verification"
time="2026-08-16T17:53:46+08:00" level=info msg="[UE][NAS] Receive Configuration Update Command"
time="2026-08-16T17:53:46+08:00" level=info msg="[UE] Initiating Configuration Update Complete"
time="2026-08-16T17:53:46+08:00" level=info msg="[GNB][NGAP] Receive Downlink NAS Transport"
time="2026-08-16T17:53:46+08:00" level=info msg="[UE][NAS] Message with security header"
time="2026-08-16T17:53:46+08:00" level=info msg="[UE][NAS] Message with integrity and ciphered"
time="2026-08-16T17:53:46+08:00" level=info msg="[UE][NAS] successful NAS CIPHERING"
time="2026-08-16T17:53:46+08:00" level=info msg="[UE][NAS] successful NAS MAC verification"
time="2026-08-16T17:53:46+08:00" level=info msg="[UE][NAS] Receive Configuration Update Command"
time="2026-08-16T17:53:46+08:00" level=info msg="[UE] Initiating Configuration Update Complete"
time="2026-08-16T17:53:46+08:00" level=info msg="[GNB][NGAP] Receive Downlink NAS Transport"
time="2026-08-16T17:53:46+08:00" level=info msg="[UE][NAS] Message with security header"
time="2026-08-16T17:53:46+08:00" level=info msg="[UE][NAS] Message with integrity and ciphered"
time="2026-08-16T17:53:46+08:00" level=info msg="[UE][NAS] successful NAS CIPHERING"
time="2026-08-16T17:53:46+08:00" level=info msg="[UE][NAS] successful NAS MAC verification"
time="2026-08-16T17:53:46+08:00" level=info msg="[UE][NAS] Receive Configuration Update Command"
time="2026-08-16T17:53:46+08:00" level=info msg="[UE] Initiating Configuration Update Complete"
time="2026-08-16T17:53:46+08:00" level=info msg="[GNB][SCTP] Receive message in 0 stream\n"
time="2026-08-16T17:53:46+08:00" level=info msg="[GNB][SCTP] Receive message in 0 stream\n"
time="2026-08-16T17:53:46+08:00" level=info msg="[GNB][NGAP] Receive Downlink NAS Transport"
time="2026-08-16T17:53:46+08:00" level=info msg="[UE][NAS] Message with security header"
time="2026-08-16T17:53:46+08:00" level=info msg="[UE][NAS] Message with integrity and ciphered"
time="2026-08-16T17:53:46+08:00" level=info msg="[UE][NAS] successful NAS CIPHERING"
time="2026-08-16T17:53:46+08:00" level=info msg="[UE][NAS] successful NAS MAC verification"
time="2026-08-16T17:53:46+08:00" level=info msg="[UE][NAS] Receive Configuration Update Command"
time="2026-08-16T17:53:46+08:00" level=info msg="[UE] Initiating Configuration Update Complete"
time="2026-08-16T17:53:46+08:00" level=info msg="[GNB][NGAP] Receive Downlink NAS Transport"
time="2026-08-16T17:53:46+08:00" level=info msg="[UE][NAS] Message with security header"
time="2026-08-16T17:53:46+08:00" level=info msg="[UE][NAS] Message with integrity and ciphered"
time="2026-08-16T17:53:46+08:00" level=info msg="[UE][NAS] successful NAS CIPHERING"
time="2026-08-16T17:53:46+08:00" level=info msg="[UE][NAS] successful NAS MAC verification"
time="2026-08-16T17:53:46+08:00" level=info msg="[UE][NAS] Receive Configuration Update Command"
time="2026-08-16T17:53:46+08:00" level=info msg="[UE] Initiating Configuration Update Complete"
time="2026-08-16T17:53:46+08:00" level=info msg="[GNB][SCTP] Receive message in 0 stream\n"
time="2026-08-16T17:53:46+08:00" level=info msg="[GNB][NGAP] Receive Downlink NAS Transport"
time="2026-08-16T17:53:46+08:00" level=info msg="[UE][NAS] Message with security header"
time="2026-08-16T17:53:46+08:00" level=info msg="[UE][NAS] Message with integrity and ciphered"
time="2026-08-16T17:53:46+08:00" level=info msg="[UE][NAS] successful NAS CIPHERING"
time="2026-08-16T17:53:46+08:00" level=info msg="[UE][NAS] successful NAS MAC verification"
time="2026-08-16T17:53:46+08:00" level=info msg="[UE][NAS] Receive Configuration Update Command"
time="2026-08-16T17:53:46+08:00" level=info msg="[UE] Initiating Configuration Update Complete"
time="2026-08-16T17:53:46+08:00" level=info msg="[GNB][SCTP] Receive message in 0 stream\n"
time="2026-08-16T17:53:46+08:00" level=info msg="[GNB][NGAP] Receive Downlink NAS Transport"
time="2026-08-16T17:53:46+08:00" level=info msg="[UE][NAS] Message with security header"
time="2026-08-16T17:53:46+08:00" level=info msg="[UE][NAS] Message with integrity and ciphered"
time="2026-08-16T17:53:46+08:00" level=info msg="[UE][NAS] successful NAS CIPHERING"
time="2026-08-16T17:53:46+08:00" level=info msg="[UE][NAS] successful NAS MAC verification"
time="2026-08-16T17:53:46+08:00" level=info msg="[UE][NAS] Receive Configuration Update Command"
time="2026-08-16T17:53:46+08:00" level=info msg="[UE] Initiating Configuration Update Complete"
time="2026-08-16T17:53:46+08:00" level=info msg="[GNB][SCTP] Receive message in 0 stream\n"
time="2026-08-16T17:53:46+08:00" level=info msg="[GNB][NGAP] Receive Downlink NAS Transport"
time="2026-08-16T17:53:46+08:00" level=info msg="[UE][NAS] Message with security header"
time="2026-08-16T17:53:46+08:00" level=info msg="[UE][NAS] Message with integrity and ciphered"
time="2026-08-16T17:53:46+08:00" level=info msg="[UE][NAS] successful NAS CIPHERING"
time="2026-08-16T17:53:46+08:00" level=info msg="[UE][NAS] successful NAS MAC verification"
time="2026-08-16T17:53:46+08:00" level=info msg="[UE][NAS] Receive Configuration Update Command"
time="2026-08-16T17:53:46+08:00" level=info msg="[UE] Initiating Configuration Update Complete"
time="2026-08-16T17:53:46+08:00" level=info msg="[GNB][SCTP] Receive message in 0 stream\n"
time="2026-08-16T17:53:46+08:00" level=info msg="[GNB][NGAP] Receive Downlink NAS Transport"
time="2026-08-16T17:53:46+08:00" level=info msg="[UE][NAS] Message with security header"
time="2026-08-16T17:53:46+08:00" level=info msg="[UE][NAS] Message with integrity and ciphered"
time="2026-08-16T17:53:46+08:00" level=info msg="[UE][NAS] successful NAS CIPHERING"
time="2026-08-16T17:53:46+08:00" level=info msg="[UE][NAS] successful NAS MAC verification"
time="2026-08-16T17:53:46+08:00" level=info msg="[UE][NAS] Receive Configuration Update Command"
time="2026-08-16T17:53:46+08:00" level=info msg="[UE] Initiating Configuration Update Complete"
time="2026-08-16T17:53:46+08:00" level=info msg="[GNB][SCTP] Receive message in 0 stream\n"
time="2026-08-16T17:53:46+08:00" level=info msg="[GNB][SCTP] Receive message in 0 stream\n"
time="2026-08-16T17:53:46+08:00" level=info msg="[GNB][SCTP] Receive message in 0 stream\n"
time="2026-08-16T17:53:46+08:00" level=info msg="[GNB][NGAP] Receive UE Context Release Command"
time="2026-08-16T17:53:46+08:00" level=warning msg="[GNB][NGAP] AMF is trying to free the context of an unknown UE with RANUEID 669, ignoring"
time="2026-08-16T17:53:46+08:00" level=info msg="[GNB][NGAP] Receive Downlink NAS Transport"
time="2026-08-16T17:53:46+08:00" level=info msg="[UE][NAS] Message with security header"
time="2026-08-16T17:53:46+08:00" level=info msg="[UE][NAS] Message with integrity and ciphered"
time="2026-08-16T17:53:46+08:00" level=info msg="[UE][NAS] successful NAS CIPHERING"
time="2026-08-16T17:53:46+08:00" level=info msg="[UE][NAS] successful NAS MAC verification"
time="2026-08-16T17:53:46+08:00" level=info msg="[UE][NAS] Receive Configuration Update Command"
time="2026-08-16T17:53:46+08:00" level=info msg="[UE] Initiating Configuration Update Complete"
time="2026-08-16T17:53:46+08:00" level=info msg="[GNB][NGAP] Receive Initial Context Setup Request"
time="2026-08-16T17:53:46+08:00" level=info msg="[GNB][UE] UE Context was created with successful"
time="2026-08-16T17:53:46+08:00" level=info msg="[GNB][UE] UE RAN ID 34"
time="2026-08-16T17:53:46+08:00" level=info msg="[GNB][UE] UE AMF ID 833"
time="2026-08-16T17:53:46+08:00" level=info msg="[GNB][UE] UE Mobility Restrict --Plmn-- Mcc: 208 Mnc: 93"
time="2026-08-16T17:53:46+08:00" level=info msg="[GNB][UE] UE Masked Imeisv: 1110000000ffff00"
time="2026-08-16T17:53:46+08:00" level=info msg="[GNB][UE] Allowed Nssai-- Sst: [01 01] Sd: [010203 112233]"
time="2026-08-16T17:53:46+08:00" level=info msg="[GNB][NGAP][AMF] Send Initial Context Setup Response."
time="2026-08-16T17:53:46+08:00" level=info msg="[GNB] Initiating Initial Context Setup Response"
time="2026-08-16T17:53:46+08:00" level=info msg="[GNB][NGAP] No PDU Session to set up in InitialContextSetupResponse."
time="2026-08-16T17:53:46+08:00" level=info msg="[UE][NAS] Message with security header"
time="2026-08-16T17:53:46+08:00" level=info msg="[UE][NAS] Message with integrity and ciphered"
time="2026-08-16T17:53:46+08:00" level=info msg="[UE][NAS] successful NAS CIPHERING"
time="2026-08-16T17:53:46+08:00" level=info msg="[UE][NAS] successful NAS MAC verification"
time="2026-08-16T17:53:46+08:00" level=info msg="[UE][NAS] Receive Registration Accept"
time="2026-08-16T17:53:46+08:00" level=info msg="[UE][NAS] UE 5G GUTI: &{119 11 [242 2 248 57 202 254 0 0 0 2 80]}"
time="2026-08-16T17:53:46+08:00" level=info msg="[UE] Switched from state 2 to state 3"
time="2026-08-16T17:53:46+08:00" level=info msg="[GNB][SCTP] Receive message in 0 stream\n"
time="2026-08-16T17:53:46+08:00" level=info msg="[GNB][NGAP] Receive Initial Context Setup Request"
time="2026-08-16T17:53:46+08:00" level=info msg="[GNB][UE] UE Context was created with successful"
time="2026-08-16T17:53:46+08:00" level=info msg="[GNB][UE] UE RAN ID 93"
time="2026-08-16T17:53:46+08:00" level=info msg="[GNB][UE] UE AMF ID 892"
time="2026-08-16T17:53:46+08:00" level=info msg="[GNB][UE] UE Mobility Restrict --Plmn-- Mcc: 208 Mnc: 93"
time="2026-08-16T17:53:46+08:00" level=info msg="[GNB][UE] UE Masked Imeisv: 1110000000ffff00"
time="2026-08-16T17:53:46+08:00" level=info msg="[GNB][UE] Allowed Nssai-- Sst: [01 01] Sd: [010203 112233]"
time="2026-08-16T17:53:46+08:00" level=info msg="[GNB][NGAP][AMF] Send Initial Context Setup Response."
time="2026-08-16T17:53:46+08:00" level=info msg="[GNB] Initiating Initial Context Setup Response"
time="2026-08-16T17:53:46+08:00" level=info msg="[GNB][NGAP] No PDU Session to set up in InitialContextSetupResponse."
time="2026-08-16T17:53:46+08:00" level=info msg="[UE][NAS] Message with security header"
time="2026-08-16T17:53:46+08:00" level=info msg="[UE][NAS] Message with integrity and ciphered"
time="2026-08-16T17:53:46+08:00" level=info msg="[UE][NAS] successful NAS CIPHERING"
time="2026-08-16T17:53:46+08:00" level=info msg="[UE][NAS] successful NAS MAC verification"
time="2026-08-16T17:53:46+08:00" level=info msg="[UE][NAS] Receive Registration Accept"
time="2026-08-16T17:53:46+08:00" level=info msg="[UE][NAS] UE 5G GUTI: &{119 11 [242 2 248 57 202 254 0 0 0 2 76]}"
time="2026-08-16T17:53:46+08:00" level=info msg="[GNB][SCTP] Receive message in 0 stream\n"
time="2026-08-16T17:53:46+08:00" level=info msg="[UE] Switched from state 2 to state 3"
time="2026-08-16T17:53:46+08:00" level=info msg="[GNB][NGAP] Receive Downlink NAS Transport"
time="2026-08-16T17:53:46+08:00" level=info msg="[UE][NAS] Message with security header"
time="2026-08-16T17:53:46+08:00" level=info msg="[UE][NAS] Message with integrity and ciphered"
time="2026-08-16T17:53:46+08:00" level=info msg="[UE][NAS] successful NAS CIPHERING"
time="2026-08-16T17:53:46+08:00" level=info msg="[UE][NAS] successful NAS MAC verification"
time="2026-08-16T17:53:46+08:00" level=info msg="[UE][NAS] Receive Configuration Update Command"
time="2026-08-16T17:53:46+08:00" level=info msg="[UE] Initiating Configuration Update Complete"
time="2026-08-16T17:53:46+08:00" level=info msg="[GNB][SCTP] Receive message in 0 stream\n"
time="2026-08-16T17:53:46+08:00" level=info msg="[GNB][NGAP] Receive Downlink NAS Transport"
time="2026-08-16T17:53:46+08:00" level=info msg="[UE][NAS] Message with security header"
time="2026-08-16T17:53:46+08:00" level=info msg="[UE][NAS] Message with integrity and ciphered"
time="2026-08-16T17:53:46+08:00" level=info msg="[UE][NAS] successful NAS CIPHERING"
time="2026-08-16T17:53:46+08:00" level=info msg="[UE][NAS] successful NAS MAC verification"
time="2026-08-16T17:53:46+08:00" level=info msg="[UE][NAS] Receive Configuration Update Command"
time="2026-08-16T17:53:46+08:00" level=info msg="[UE] Initiating Configuration Update Complete"
time="2026-08-16T17:53:46+08:00" level=info msg="[GNB][SCTP] Receive message in 0 stream\n"
time="2026-08-16T17:53:46+08:00" level=info msg="[GNB][NGAP] Receive Downlink NAS Transport"
time="2026-08-16T17:53:46+08:00" level=info msg="[UE][NAS] Message with security header"
time="2026-08-16T17:53:46+08:00" level=info msg="[UE][NAS] Message with integrity and ciphered"
time="2026-08-16T17:53:46+08:00" level=info msg="[UE][NAS] successful NAS CIPHERING"
time="2026-08-16T17:53:46+08:00" level=info msg="[UE][NAS] successful NAS MAC verification"
time="2026-08-16T17:53:46+08:00" level=info msg="[UE][NAS] Receive Configuration Update Command"
time="2026-08-16T17:53:46+08:00" level=info msg="[UE] Initiating Configuration Update Complete"
time="2026-08-16T17:53:46+08:00" level=info msg="[GNB][SCTP] Receive message in 0 stream\n"
time="2026-08-16T17:53:46+08:00" level=info msg="[GNB][NGAP] Receive Downlink NAS Transport"
time="2026-08-16T17:53:46+08:00" level=info msg="[UE][NAS] Message with security header"
time="2026-08-16T17:53:46+08:00" level=info msg="[UE][NAS] Message with integrity and ciphered"
time="2026-08-16T17:53:46+08:00" level=info msg="[UE][NAS] successful NAS CIPHERING"
time="2026-08-16T17:53:46+08:00" level=info msg="[UE][NAS] successful NAS MAC verification"
time="2026-08-16T17:53:46+08:00" level=info msg="[UE][NAS] Receive Configuration Update Command"
time="2026-08-16T17:53:46+08:00" level=info msg="[UE] Initiating Configuration Update Complete"
time="2026-08-16T17:53:46+08:00" level=info msg="[GNB][SCTP] Receive message in 0 stream\n"
time="2026-08-16T17:53:46+08:00" level=info msg="[GNB][NGAP] Receive Downlink NAS Transport"
time="2026-08-16T17:53:46+08:00" level=info msg="[UE][NAS] Message with security header"
time="2026-08-16T17:53:46+08:00" level=info msg="[UE][NAS] Message with integrity and ciphered"
time="2026-08-16T17:53:46+08:00" level=info msg="[UE][NAS] successful NAS CIPHERING"
time="2026-08-16T17:53:46+08:00" level=info msg="[UE][NAS] successful NAS MAC verification"
time="2026-08-16T17:53:46+08:00" level=info msg="[UE][NAS] Receive Configuration Update Command"
time="2026-08-16T17:53:46+08:00" level=info msg="[UE] Initiating Configuration Update Complete"
time="2026-08-16T17:53:46+08:00" level=info msg="[GNB][SCTP] Receive message in 0 stream\n"
time="2026-08-16T17:53:46+08:00" level=info msg="[GNB][NGAP] Receive Downlink NAS Transport"
time="2026-08-16T17:53:46+08:00" level=info msg="[UE][NAS] Message with security header"
time="2026-08-16T17:53:46+08:00" level=info msg="[UE][NAS] Message with integrity and ciphered"
time="2026-08-16T17:53:46+08:00" level=info msg="[UE][NAS] successful NAS CIPHERING"
time="2026-08-16T17:53:46+08:00" level=info msg="[UE][NAS] successful NAS MAC verification"
time="2026-08-16T17:53:46+08:00" level=info msg="[UE][NAS] Receive Configuration Update Command"
time="2026-08-16T17:53:46+08:00" level=info msg="[UE] Initiating Configuration Update Complete"
time="2026-08-16T17:53:46+08:00" level=info msg="[GNB][SCTP] Receive message in 0 stream\n"
time="2026-08-16T17:53:46+08:00" level=info msg="[GNB][NGAP] Receive Downlink NAS Transport"
time="2026-08-16T17:53:46+08:00" level=info msg="[UE][NAS] Message with security header"
time="2026-08-16T17:53:46+08:00" level=info msg="[UE][NAS] Message with integrity and ciphered"
time="2026-08-16T17:53:46+08:00" level=info msg="[UE][NAS] successful NAS CIPHERING"
time="2026-08-16T17:53:46+08:00" level=info msg="[UE][NAS] successful NAS MAC verification"
time="2026-08-16T17:53:46+08:00" level=info msg="[UE][NAS] Receive Configuration Update Command"
time="2026-08-16T17:53:46+08:00" level=info msg="[UE] Initiating Configuration Update Complete"
time="2026-08-16T17:53:46+08:00" level=info msg="[GNB][SCTP] Receive message in 0 stream\n"
time="2026-08-16T17:53:46+08:00" level=info msg="[GNB][SCTP] Receive message in 0 stream\n"
time="2026-08-16T17:53:46+08:00" level=info msg="[GNB][NGAP] Receive UE Context Release Command"
time="2026-08-16T17:53:46+08:00" level=warning msg="[GNB][NGAP] AMF is trying to free the context of an unknown UE with RANUEID 645, ignoring"
time="2026-08-16T17:53:46+08:00" level=info msg="[GNB][NGAP] Receive Downlink NAS Transport"
time="2026-08-16T17:53:46+08:00" level=info msg="[UE][NAS] Message with security header"
time="2026-08-16T17:53:46+08:00" level=info msg="[UE][NAS] Message with integrity and ciphered"
time="2026-08-16T17:53:46+08:00" level=info msg="[UE][NAS] successful NAS CIPHERING"
time="2026-08-16T17:53:46+08:00" level=info msg="[UE][NAS] successful NAS MAC verification"
time="2026-08-16T17:53:46+08:00" level=info msg="[UE][NAS] Receive Configuration Update Command"
time="2026-08-16T17:53:46+08:00" level=info msg="[UE] Initiating Configuration Update Complete"
time="2026-08-16T17:53:46+08:00" level=info msg="[GNB][SCTP] Receive message in 0 stream\n"
time="2026-08-16T17:53:46+08:00" level=info msg="[GNB][NGAP] Receive Initial Context Setup Request"
time="2026-08-16T17:53:46+08:00" level=info msg="[GNB][UE] UE Context was created with successful"
time="2026-08-16T17:53:46+08:00" level=info msg="[GNB][UE] UE RAN ID 80"
time="2026-08-16T17:53:46+08:00" level=info msg="[GNB][UE] UE AMF ID 879"
time="2026-08-16T17:53:46+08:00" level=info msg="[GNB][UE] UE Mobility Restrict --Plmn-- Mcc: 208 Mnc: 93"
time="2026-08-16T17:53:46+08:00" level=info msg="[GNB][UE] UE Masked Imeisv: 1110000000ffff00"
time="2026-08-16T17:53:46+08:00" level=info msg="[GNB][UE] Allowed Nssai-- Sst: [01 01] Sd: [010203 112233]"
time="2026-08-16T17:53:46+08:00" level=info msg="[GNB][NGAP][AMF] Send Initial Context Setup Response."
time="2026-08-16T17:53:46+08:00" level=info msg="[GNB] Initiating Initial Context Setup Response"
time="2026-08-16T17:53:46+08:00" level=info msg="[GNB][NGAP] No PDU Session to set up in InitialContextSetupResponse."
time="2026-08-16T17:53:46+08:00" level=info msg="[UE][NAS] Message with security header"
time="2026-08-16T17:53:46+08:00" level=info msg="[UE][NAS] Message with integrity and ciphered"
time="2026-08-16T17:53:46+08:00" level=info msg="[UE][NAS] successful NAS CIPHERING"
time="2026-08-16T17:53:46+08:00" level=info msg="[UE][NAS] successful NAS MAC verification"
time="2026-08-16T17:53:46+08:00" level=info msg="[UE][NAS] Receive Registration Accept"
time="2026-08-16T17:53:46+08:00" level=info msg="[UE][NAS] UE 5G GUTI: &{119 11 [242 2 248 57 202 254 0 0 0 2 99]}"
time="2026-08-16T17:53:46+08:00" level=info msg="[UE] Switched from state 2 to state 3"
time="2026-08-16T17:53:46+08:00" level=info msg="[GNB][SCTP] Receive message in 0 stream\n"
time="2026-08-16T17:53:46+08:00" level=info msg="[GNB][SCTP] Receive message in 0 stream\n"
time="2026-08-16T17:53:46+08:00" level=info msg="[GNB][NGAP] Receive Downlink NAS Transport"
time="2026-08-16T17:53:46+08:00" level=info msg="[UE][NAS] Message with security header"
time="2026-08-16T17:53:46+08:00" level=info msg="[UE][NAS] Message with integrity and ciphered"
time="2026-08-16T17:53:46+08:00" level=info msg="[UE][NAS] successful NAS CIPHERING"
time="2026-08-16T17:53:46+08:00" level=info msg="[UE][NAS] successful NAS MAC verification"
time="2026-08-16T17:53:46+08:00" level=info msg="[UE][NAS] Receive Configuration Update Command"
time="2026-08-16T17:53:46+08:00" level=info msg="[UE] Initiating Configuration Update Complete"
time="2026-08-16T17:53:46+08:00" level=info msg="[GNB][NGAP] Receive Initial Context Setup Request"
time="2026-08-16T17:53:46+08:00" level=info msg="[GNB][UE] UE Context was created with successful"
time="2026-08-16T17:53:46+08:00" level=info msg="[GNB][UE] UE RAN ID 70"
time="2026-08-16T17:53:46+08:00" level=info msg="[GNB][UE] UE AMF ID 869"
time="2026-08-16T17:53:46+08:00" level=info msg="[GNB][UE] UE Mobility Restrict --Plmn-- Mcc: 208 Mnc: 93"
time="2026-08-16T17:53:46+08:00" level=info msg="[GNB][UE] UE Masked Imeisv: 1110000000ffff00"
time="2026-08-16T17:53:46+08:00" level=info msg="[GNB][UE] Allowed Nssai-- Sst: [01 01] Sd: [010203 112233]"
time="2026-08-16T17:53:46+08:00" level=info msg="[GNB][NGAP][AMF] Send Initial Context Setup Response."
time="2026-08-16T17:53:46+08:00" level=info msg="[GNB] Initiating Initial Context Setup Response"
time="2026-08-16T17:53:46+08:00" level=info msg="[GNB][NGAP] No PDU Session to set up in InitialContextSetupResponse."
time="2026-08-16T17:53:46+08:00" level=info msg="[UE][NAS] Message with security header"
time="2026-08-16T17:53:46+08:00" level=info msg="[UE][NAS] Message with integrity and ciphered"
time="2026-08-16T17:53:46+08:00" level=info msg="[UE][NAS] successful NAS CIPHERING"
time="2026-08-16T17:53:46+08:00" level=info msg="[UE][NAS] successful NAS MAC verification"
time="2026-08-16T17:53:46+08:00" level=info msg="[UE][NAS] Receive Registration Accept"
time="2026-08-16T17:53:46+08:00" level=info msg="[UE][NAS] UE 5G GUTI: &{119 11 [242 2 248 57 202 254 0 0 0 2 86]}"
time="2026-08-16T17:53:46+08:00" level=info msg="[UE] Switched from state 2 to state 3"
time="2026-08-16T17:53:46+08:00" level=info msg="[GNB][SCTP] Receive message in 0 stream\n"
time="2026-08-16T17:53:46+08:00" level=info msg="[GNB][SCTP] Receive message in 0 stream\n"
time="2026-08-16T17:53:46+08:00" level=info msg="[GNB][SCTP] Receive message in 0 stream\n"
time="2026-08-16T17:53:46+08:00" level=info msg="[GNB][NGAP] Receive UE Context Release Command"
time="2026-08-16T17:53:46+08:00" level=warning msg="[GNB][NGAP] AMF is trying to free the context of an unknown UE with RANUEID 687, ignoring"
time="2026-08-16T17:53:46+08:00" level=info msg="[GNB][NGAP] Receive Downlink NAS Transport"
time="2026-08-16T17:53:46+08:00" level=info msg="[UE][NAS] Message with security header"
time="2026-08-16T17:53:46+08:00" level=info msg="[UE][NAS] Message with integrity and ciphered"
time="2026-08-16T17:53:46+08:00" level=info msg="[UE][NAS] successful NAS CIPHERING"
time="2026-08-16T17:53:46+08:00" level=info msg="[UE][NAS] successful NAS MAC verification"
time="2026-08-16T17:53:46+08:00" level=info msg="[UE][NAS] Receive Configuration Update Command"
time="2026-08-16T17:53:46+08:00" level=info msg="[UE] Initiating Configuration Update Complete"
time="2026-08-16T17:53:46+08:00" level=info msg="[GNB][NGAP] Receive Downlink NAS Transport"
time="2026-08-16T17:53:46+08:00" level=info msg="[UE][NAS] Message with security header"
time="2026-08-16T17:53:46+08:00" level=info msg="[UE][NAS] Message with integrity and ciphered"
time="2026-08-16T17:53:46+08:00" level=info msg="[UE][NAS] successful NAS CIPHERING"
time="2026-08-16T17:53:46+08:00" level=info msg="[UE][NAS] successful NAS MAC verification"
time="2026-08-16T17:53:46+08:00" level=info msg="[UE][NAS] Receive Configuration Update Command"
time="2026-08-16T17:53:46+08:00" level=info msg="[UE] Initiating Configuration Update Complete"
time="2026-08-16T17:53:46+08:00" level=info msg="[GNB][SCTP] Receive message in 0 stream\n"
time="2026-08-16T17:53:46+08:00" level=info msg="[GNB][NGAP] Receive Downlink NAS Transport"
time="2026-08-16T17:53:46+08:00" level=info msg="[UE][NAS] Message with security header"
time="2026-08-16T17:53:46+08:00" level=info msg="[UE][NAS] Message with integrity and ciphered"
time="2026-08-16T17:53:46+08:00" level=info msg="[UE][NAS] successful NAS CIPHERING"
time="2026-08-16T17:53:46+08:00" level=info msg="[UE][NAS] successful NAS MAC verification"
time="2026-08-16T17:53:46+08:00" level=info msg="[UE][NAS] Receive Configuration Update Command"
time="2026-08-16T17:53:46+08:00" level=info msg="[UE] Initiating Configuration Update Complete"
time="2026-08-16T17:53:46+08:00" level=info msg="[GNB][SCTP] Receive message in 0 stream\n"
time="2026-08-16T17:53:46+08:00" level=info msg="[GNB][NGAP] Receive Initial Context Setup Request"
time="2026-08-16T17:53:46+08:00" level=info msg="[GNB][UE] UE Context was created with successful"
time="2026-08-16T17:53:46+08:00" level=info msg="[GNB][UE] UE RAN ID 46"
time="2026-08-16T17:53:46+08:00" level=info msg="[GNB][UE] UE AMF ID 845"
time="2026-08-16T17:53:46+08:00" level=info msg="[GNB][UE] UE Mobility Restrict --Plmn-- Mcc: 208 Mnc: 93"
time="2026-08-16T17:53:46+08:00" level=info msg="[GNB][UE] UE Masked Imeisv: 1110000000ffff00"
time="2026-08-16T17:53:46+08:00" level=info msg="[GNB][UE] Allowed Nssai-- Sst: [01 01] Sd: [010203 112233]"
time="2026-08-16T17:53:46+08:00" level=info msg="[GNB][NGAP][AMF] Send Initial Context Setup Response."
time="2026-08-16T17:53:46+08:00" level=info msg="[GNB] Initiating Initial Context Setup Response"
time="2026-08-16T17:53:46+08:00" level=info msg="[GNB][NGAP] No PDU Session to set up in InitialContextSetupResponse."
time="2026-08-16T17:53:46+08:00" level=info msg="[UE][NAS] Message with security header"
time="2026-08-16T17:53:46+08:00" level=info msg="[UE][NAS] Message with integrity and ciphered"
time="2026-08-16T17:53:46+08:00" level=info msg="[UE][NAS] successful NAS CIPHERING"
time="2026-08-16T17:53:46+08:00" level=info msg="[UE][NAS] successful NAS MAC verification"
time="2026-08-16T17:53:46+08:00" level=info msg="[UE][NAS] Receive Registration Accept"
time="2026-08-16T17:53:46+08:00" level=info msg="[UE][NAS] UE 5G GUTI: &{119 11 [242 2 248 57 202 254 0 0 0 2 82]}"
time="2026-08-16T17:53:46+08:00" level=info msg="[UE] Switched from state 2 to state 3"
time="2026-08-16T17:53:46+08:00" level=info msg="[GNB][SCTP] Receive message in 0 stream\n"
time="2026-08-16T17:53:46+08:00" level=info msg="[GNB][NGAP] Receive UE Context Release Command"
time="2026-08-16T17:53:46+08:00" level=warning msg="[GNB][NGAP] AMF is trying to free the context of an unknown UE with RANUEID 675, ignoring"
time="2026-08-16T17:53:47+08:00" level=info msg="[GNB][SCTP] Receive message in 0 stream\n"
time="2026-08-16T17:53:47+08:00" level=info msg="[GNB][NGAP] Receive Initial Context Setup Request"
time="2026-08-16T17:53:47+08:00" level=info msg="[GNB][UE] UE Context was created with successful"
time="2026-08-16T17:53:47+08:00" level=info msg="[GNB][UE] UE RAN ID 88"
time="2026-08-16T17:53:47+08:00" level=info msg="[GNB][UE] UE AMF ID 887"
time="2026-08-16T17:53:47+08:00" level=info msg="[GNB][UE] UE Mobility Restrict --Plmn-- Mcc: 208 Mnc: 93"
time="2026-08-16T17:53:47+08:00" level=info msg="[GNB][UE] UE Masked Imeisv: 1110000000ffff00"
time="2026-08-16T17:53:47+08:00" level=info msg="[GNB][UE] Allowed Nssai-- Sst: [01 01] Sd: [010203 112233]"
time="2026-08-16T17:53:47+08:00" level=info msg="[GNB][NGAP][AMF] Send Initial Context Setup Response."
time="2026-08-16T17:53:47+08:00" level=info msg="[GNB] Initiating Initial Context Setup Response"
time="2026-08-16T17:53:47+08:00" level=info msg="[GNB][NGAP] No PDU Session to set up in InitialContextSetupResponse."
time="2026-08-16T17:53:47+08:00" level=info msg="[UE][NAS] Message with security header"
time="2026-08-16T17:53:47+08:00" level=info msg="[UE][NAS] Message with integrity and ciphered"
time="2026-08-16T17:53:47+08:00" level=info msg="[UE][NAS] successful NAS CIPHERING"
time="2026-08-16T17:53:47+08:00" level=info msg="[UE][NAS] successful NAS MAC verification"
time="2026-08-16T17:53:47+08:00" level=info msg="[UE][NAS] Receive Registration Accept"
time="2026-08-16T17:53:47+08:00" level=info msg="[UE][NAS] UE 5G GUTI: &{119 11 [242 2 248 57 202 254 0 0 0 2 92]}"
time="2026-08-16T17:53:47+08:00" level=info msg="[UE] Switched from state 2 to state 3"
time="2026-08-16T17:53:47+08:00" level=info msg="[GNB][SCTP] Receive message in 0 stream\n"
time="2026-08-16T17:53:47+08:00" level=info msg="[GNB][NGAP] Receive UE Context Release Command"
time="2026-08-16T17:53:47+08:00" level=warning msg="[GNB][NGAP] AMF is trying to free the context of an unknown UE with RANUEID 673, ignoring"
time="2026-08-16T17:53:47+08:00" level=info msg="[GNB][SCTP] Receive message in 0 stream\n"
time="2026-08-16T17:53:47+08:00" level=info msg="[GNB][NGAP] Receive Initial Context Setup Request"
time="2026-08-16T17:53:47+08:00" level=info msg="[GNB][UE] UE Context was created with successful"
time="2026-08-16T17:53:47+08:00" level=info msg="[GNB][UE] UE RAN ID 74"
time="2026-08-16T17:53:47+08:00" level=info msg="[GNB][UE] UE AMF ID 873"
time="2026-08-16T17:53:47+08:00" level=info msg="[GNB][UE] UE Mobility Restrict --Plmn-- Mcc: 208 Mnc: 93"
time="2026-08-16T17:53:47+08:00" level=info msg="[GNB][UE] UE Masked Imeisv: 1110000000ffff00"
time="2026-08-16T17:53:47+08:00" level=info msg="[GNB][UE] Allowed Nssai-- Sst: [01 01] Sd: [010203 112233]"
time="2026-08-16T17:53:47+08:00" level=info msg="[GNB][NGAP][AMF] Send Initial Context Setup Response."
time="2026-08-16T17:53:47+08:00" level=info msg="[GNB] Initiating Initial Context Setup Response"
time="2026-08-16T17:53:47+08:00" level=info msg="[GNB][NGAP] No PDU Session to set up in InitialContextSetupResponse."
time="2026-08-16T17:53:47+08:00" level=info msg="[UE][NAS] Message with security header"
time="2026-08-16T17:53:47+08:00" level=info msg="[UE][NAS] Message with integrity and ciphered"
time="2026-08-16T17:53:47+08:00" level=info msg="[UE][NAS] successful NAS CIPHERING"
time="2026-08-16T17:53:47+08:00" level=info msg="[UE][NAS] successful NAS MAC verification"
time="2026-08-16T17:53:47+08:00" level=info msg="[UE][NAS] Receive Registration Accept"
time="2026-08-16T17:53:47+08:00" level=info msg="[UE][NAS] UE 5G GUTI: &{119 11 [242 2 248 57 202 254 0 0 0 2 98]}"
time="2026-08-16T17:53:47+08:00" level=info msg="[UE] Switched from state 2 to state 3"
time="2026-08-16T17:53:47+08:00" level=info msg="[GNB][SCTP] Receive message in 0 stream\n"
time="2026-08-16T17:53:47+08:00" level=info msg="[GNB][NGAP] Receive Downlink NAS Transport"
time="2026-08-16T17:53:47+08:00" level=info msg="[UE][NAS] Message with security header"
time="2026-08-16T17:53:47+08:00" level=info msg="[UE][NAS] Message with integrity and ciphered"
time="2026-08-16T17:53:47+08:00" level=info msg="[UE][NAS] successful NAS CIPHERING"
time="2026-08-16T17:53:47+08:00" level=info msg="[UE][NAS] successful NAS MAC verification"
time="2026-08-16T17:53:47+08:00" level=info msg="[UE][NAS] Receive Configuration Update Command"
time="2026-08-16T17:53:47+08:00" level=info msg="[UE] Initiating Configuration Update Complete"
time="2026-08-16T17:53:47+08:00" level=info msg="[GNB][SCTP] Receive message in 0 stream\n"
time="2026-08-16T17:53:47+08:00" level=info msg="[GNB][NGAP] Receive Downlink NAS Transport"
time="2026-08-16T17:53:47+08:00" level=info msg="[UE][NAS] Message with security header"
time="2026-08-16T17:53:47+08:00" level=info msg="[UE][NAS] Message with integrity and ciphered"
time="2026-08-16T17:53:47+08:00" level=info msg="[UE][NAS] successful NAS CIPHERING"
time="2026-08-16T17:53:47+08:00" level=info msg="[UE][NAS] successful NAS MAC verification"
time="2026-08-16T17:53:47+08:00" level=info msg="[UE][NAS] Receive Configuration Update Command"
time="2026-08-16T17:53:47+08:00" level=info msg="[UE] Initiating Configuration Update Complete"
time="2026-08-16T17:53:47+08:00" level=info msg="[GNB][SCTP] Receive message in 0 stream\n"
time="2026-08-16T17:53:47+08:00" level=info msg="[GNB][SCTP] Receive message in 0 stream\n"
time="2026-08-16T17:53:47+08:00" level=info msg="[GNB][NGAP] Receive Downlink NAS Transport"
time="2026-08-16T17:53:47+08:00" level=info msg="[GNB][NGAP] Receive Downlink NAS Transport"
time="2026-08-16T17:53:47+08:00" level=info msg="[UE][NAS] Message with security header"
time="2026-08-16T17:53:47+08:00" level=info msg="[UE][NAS] Message with integrity and ciphered"
time="2026-08-16T17:53:47+08:00" level=info msg="[UE][NAS] successful NAS CIPHERING"
time="2026-08-16T17:53:47+08:00" level=info msg="[UE][NAS] successful NAS MAC verification"
time="2026-08-16T17:53:47+08:00" level=info msg="[UE][NAS] Receive Configuration Update Command"
time="2026-08-16T17:53:47+08:00" level=info msg="[UE] Initiating Configuration Update Complete"
time="2026-08-16T17:53:47+08:00" level=info msg="[UE][NAS] Message with security header"
time="2026-08-16T17:53:47+08:00" level=info msg="[UE][NAS] Message with integrity and ciphered"
time="2026-08-16T17:53:47+08:00" level=info msg="[UE][NAS] successful NAS CIPHERING"
time="2026-08-16T17:53:47+08:00" level=info msg="[UE][NAS] successful NAS MAC verification"
time="2026-08-16T17:53:47+08:00" level=info msg="[UE][NAS] Receive Configuration Update Command"
time="2026-08-16T17:53:47+08:00" level=info msg="[UE] Initiating Configuration Update Complete"
time="2026-08-16T17:53:48+08:00" level=info msg="[GNB][SCTP] Receive message in 0 stream\n"
time="2026-08-16T17:53:48+08:00" level=info msg="[GNB][NGAP] Receive Initial Context Setup Request"
time="2026-08-16T17:53:48+08:00" level=info msg="[GNB][UE] UE Context was created with successful"
time="2026-08-16T17:53:48+08:00" level=info msg="[GNB][UE] UE RAN ID 76"
time="2026-08-16T17:53:48+08:00" level=info msg="[GNB][UE] UE AMF ID 875"
time="2026-08-16T17:53:48+08:00" level=info msg="[GNB][UE] UE Mobility Restrict --Plmn-- Mcc: 208 Mnc: 93"
time="2026-08-16T17:53:48+08:00" level=info msg="[GNB][UE] UE Masked Imeisv: 1110000000ffff00"
time="2026-08-16T17:53:48+08:00" level=info msg="[GNB][UE] Allowed Nssai-- Sst: [01 01] Sd: [010203 112233]"
time="2026-08-16T17:53:48+08:00" level=info msg="[GNB][NGAP][AMF] Send Initial Context Setup Response."
time="2026-08-16T17:53:48+08:00" level=info msg="[GNB] Initiating Initial Context Setup Response"
time="2026-08-16T17:53:48+08:00" level=info msg="[GNB][NGAP] No PDU Session to set up in InitialContextSetupResponse."
time="2026-08-16T17:53:48+08:00" level=info msg="[UE][NAS] Message with security header"
time="2026-08-16T17:53:48+08:00" level=info msg="[UE][NAS] Message with integrity and ciphered"
time="2026-08-16T17:53:48+08:00" level=info msg="[UE][NAS] successful NAS CIPHERING"
time="2026-08-16T17:53:48+08:00" level=info msg="[UE][NAS] successful NAS MAC verification"
time="2026-08-16T17:53:48+08:00" level=info msg="[UE][NAS] Receive Registration Accept"
time="2026-08-16T17:53:48+08:00" level=info msg="[UE][NAS] UE 5G GUTI: &{119 11 [242 2 248 57 202 254 0 0 0 2 88]}"
time="2026-08-16T17:53:48+08:00" level=info msg="[UE] Switched from state 2 to state 3"
time="2026-08-16T17:53:48+08:00" level=info msg="[GNB][SCTP] Receive message in 0 stream\n"
time="2026-08-16T17:53:48+08:00" level=info msg="[GNB][NGAP] Receive UE Context Release Command"
time="2026-08-16T17:53:48+08:00" level=warning msg="[GNB][NGAP] AMF is trying to free the context of an unknown UE with RANUEID 693, ignoring"
time="2026-08-16T17:53:48+08:00" level=info msg="[GNB][SCTP] Receive message in 0 stream\n"
time="2026-08-16T17:53:48+08:00" level=info msg="[GNB][NGAP] Receive Initial Context Setup Request"
time="2026-08-16T17:53:48+08:00" level=info msg="[GNB][UE] UE Context was created with successful"
time="2026-08-16T17:53:48+08:00" level=info msg="[GNB][UE] UE RAN ID 94"
time="2026-08-16T17:53:48+08:00" level=info msg="[GNB][UE] UE AMF ID 893"
time="2026-08-16T17:53:48+08:00" level=info msg="[GNB][UE] UE Mobility Restrict --Plmn-- Mcc: 208 Mnc: 93"
time="2026-08-16T17:53:48+08:00" level=info msg="[GNB][UE] UE Masked Imeisv: 1110000000ffff00"
time="2026-08-16T17:53:48+08:00" level=info msg="[GNB][UE] Allowed Nssai-- Sst: [01 01] Sd: [010203 112233]"
time="2026-08-16T17:53:48+08:00" level=info msg="[GNB][NGAP][AMF] Send Initial Context Setup Response."
time="2026-08-16T17:53:48+08:00" level=info msg="[GNB] Initiating Initial Context Setup Response"
time="2026-08-16T17:53:48+08:00" level=info msg="[GNB][NGAP] No PDU Session to set up in InitialContextSetupResponse."
time="2026-08-16T17:53:48+08:00" level=info msg="[UE][NAS] Message with security header"
time="2026-08-16T17:53:48+08:00" level=info msg="[UE][NAS] Message with integrity and ciphered"
time="2026-08-16T17:53:48+08:00" level=info msg="[UE][NAS] successful NAS CIPHERING"
time="2026-08-16T17:53:48+08:00" level=info msg="[UE][NAS] successful NAS MAC verification"
time="2026-08-16T17:53:48+08:00" level=info msg="[UE][NAS] Receive Registration Accept"
time="2026-08-16T17:53:48+08:00" level=info msg="[UE][NAS] UE 5G GUTI: &{119 11 [242 2 248 57 202 254 0 0 0 2 94]}"
time="2026-08-16T17:53:48+08:00" level=info msg="[UE] Switched from state 2 to state 3"
time="2026-08-16T17:53:48+08:00" level=info msg="[GNB][SCTP] Receive message in 0 stream\n"
time="2026-08-16T17:53:48+08:00" level=info msg="[GNB][NGAP] Receive UE Context Release Command"
time="2026-08-16T17:53:48+08:00" level=warning msg="[GNB][NGAP] AMF is trying to free the context of an unknown UE with RANUEID 685, ignoring"
time="2026-08-16T17:53:48+08:00" level=info msg="[GNB][SCTP] Receive message in 0 stream\n"
time="2026-08-16T17:53:48+08:00" level=info msg="[GNB][NGAP] Receive Initial Context Setup Request"
time="2026-08-16T17:53:48+08:00" level=info msg="[GNB][UE] UE Context was created with successful"
time="2026-08-16T17:53:48+08:00" level=info msg="[GNB][UE] UE RAN ID 86"
time="2026-08-16T17:53:48+08:00" level=info msg="[GNB][UE] UE AMF ID 885"
time="2026-08-16T17:53:48+08:00" level=info msg="[GNB][UE] UE Mobility Restrict --Plmn-- Mcc: 208 Mnc: 93"
time="2026-08-16T17:53:48+08:00" level=info msg="[GNB][UE] UE Masked Imeisv: 1110000000ffff00"
time="2026-08-16T17:53:48+08:00" level=info msg="[GNB][UE] Allowed Nssai-- Sst: [01 01] Sd: [010203 112233]"
time="2026-08-16T17:53:48+08:00" level=info msg="[GNB][NGAP][AMF] Send Initial Context Setup Response."
time="2026-08-16T17:53:48+08:00" level=info msg="[GNB] Initiating Initial Context Setup Response"
time="2026-08-16T17:53:48+08:00" level=info msg="[GNB][NGAP] No PDU Session to set up in InitialContextSetupResponse."
time="2026-08-16T17:53:48+08:00" level=info msg="[UE][NAS] Message with security header"
time="2026-08-16T17:53:48+08:00" level=info msg="[UE][NAS] Message with integrity and ciphered"
time="2026-08-16T17:53:48+08:00" level=info msg="[UE][NAS] successful NAS CIPHERING"
time="2026-08-16T17:53:48+08:00" level=info msg="[UE][NAS] successful NAS MAC verification"
time="2026-08-16T17:53:48+08:00" level=info msg="[UE][NAS] Receive Registration Accept"
time="2026-08-16T17:53:48+08:00" level=info msg="[UE][NAS] UE 5G GUTI: &{119 11 [242 2 248 57 202 254 0 0 0 2 100]}"
time="2026-08-16T17:53:48+08:00" level=info msg="[UE] Switched from state 2 to state 3"
time="2026-08-16T17:53:48+08:00" level=info msg="[GNB][SCTP] Receive message in 0 stream\n"
time="2026-08-16T17:53:48+08:00" level=info msg="[GNB][SCTP] Receive message in 0 stream\n"
time="2026-08-16T17:53:48+08:00" level=info msg="[GNB][NGAP] Receive Downlink NAS Transport"
time="2026-08-16T17:53:48+08:00" level=info msg="[UE][NAS] Message with security header"
time="2026-08-16T17:53:48+08:00" level=info msg="[UE][NAS] Message with integrity and ciphered"
time="2026-08-16T17:53:48+08:00" level=info msg="[UE][NAS] successful NAS CIPHERING"
time="2026-08-16T17:53:48+08:00" level=info msg="[UE][NAS] successful NAS MAC verification"
time="2026-08-16T17:53:48+08:00" level=info msg="[UE][NAS] Receive Configuration Update Command"
time="2026-08-16T17:53:48+08:00" level=info msg="[UE] Initiating Configuration Update Complete"
time="2026-08-16T17:53:48+08:00" level=info msg="[GNB][NGAP] Receive Downlink NAS Transport"
time="2026-08-16T17:53:48+08:00" level=info msg="[UE][NAS] Message with security header"
time="2026-08-16T17:53:48+08:00" level=info msg="[UE][NAS] Message with integrity and ciphered"
time="2026-08-16T17:53:48+08:00" level=info msg="[UE][NAS] successful NAS CIPHERING"
time="2026-08-16T17:53:48+08:00" level=info msg="[UE][NAS] successful NAS MAC verification"
time="2026-08-16T17:53:48+08:00" level=info msg="[UE][NAS] Receive Configuration Update Command"
time="2026-08-16T17:53:48+08:00" level=info msg="[UE] Initiating Configuration Update Complete"
time="2026-08-16T17:53:48+08:00" level=info msg="[GNB][SCTP] Receive message in 0 stream\n"
time="2026-08-16T17:53:48+08:00" level=info msg="[GNB][SCTP] Receive message in 0 stream\n"
time="2026-08-16T17:53:48+08:00" level=info msg="[GNB][NGAP] Receive Downlink NAS Transport"
time="2026-08-16T17:53:48+08:00" level=info msg="[UE][NAS] Message with security header"
time="2026-08-16T17:53:48+08:00" level=info msg="[UE][NAS] Message with integrity and ciphered"
time="2026-08-16T17:53:48+08:00" level=info msg="[UE][NAS] successful NAS CIPHERING"
time="2026-08-16T17:53:48+08:00" level=info msg="[UE][NAS] successful NAS MAC verification"
time="2026-08-16T17:53:48+08:00" level=info msg="[UE][NAS] Receive Configuration Update Command"
time="2026-08-16T17:53:48+08:00" level=info msg="[UE] Initiating Configuration Update Complete"
time="2026-08-16T17:53:48+08:00" level=info msg="[GNB][NGAP] Receive Downlink NAS Transport"
time="2026-08-16T17:53:48+08:00" level=info msg="[UE][NAS] Message with security header"
time="2026-08-16T17:53:48+08:00" level=info msg="[UE][NAS] Message with integrity and ciphered"
time="2026-08-16T17:53:48+08:00" level=info msg="[UE][NAS] successful NAS CIPHERING"
time="2026-08-16T17:53:48+08:00" level=info msg="[UE][NAS] successful NAS MAC verification"
time="2026-08-16T17:53:48+08:00" level=info msg="[UE][NAS] Receive Configuration Update Command"
time="2026-08-16T17:53:48+08:00" level=info msg="[UE] Initiating Configuration Update Complete"
time="2026-08-16T17:53:48+08:00" level=info msg="[GNB][SCTP] Receive message in 0 stream\n"
time="2026-08-16T17:53:48+08:00" level=info msg="[GNB][NGAP] Receive Downlink NAS Transport"
time="2026-08-16T17:53:48+08:00" level=info msg="[UE][NAS] Message with security header"
time="2026-08-16T17:53:48+08:00" level=info msg="[UE][NAS] Message with integrity and ciphered"
time="2026-08-16T17:53:48+08:00" level=info msg="[UE][NAS] successful NAS CIPHERING"
time="2026-08-16T17:53:48+08:00" level=info msg="[UE][NAS] successful NAS MAC verification"
time="2026-08-16T17:53:48+08:00" level=info msg="[UE][NAS] Receive Configuration Update Command"
time="2026-08-16T17:53:48+08:00" level=info msg="[UE] Initiating Configuration Update Complete"
time="2026-08-16T17:54:26+08:00" level=info msg="[GNB][SCTP] Receive message in 0 stream\n"
time="2026-08-16T17:54:26+08:00" level=info msg="[GNB][NGAP] Receive NG Setup Response"
time="2026-08-16T17:54:26+08:00" level=info msg="[GNB][AMF] AMF Name: AMF"
time="2026-08-16T17:54:26+08:00" level=info msg="[GNB][AMF] State of AMF: Active"
time="2026-08-16T17:54:26+08:00" level=info msg="[GNB][AMF] Capacity of AMF: 255"
time="2026-08-16T17:54:26+08:00" level=info msg="[GNB][AMF] PLMNs Identities Supported by AMF -- mcc: 208 mnc:93"
time="2026-08-16T17:54:26+08:00" level=info msg="[GNB][AMF] PLMNs Identities Supported by AMF -- mcc: 208 mnc:93"
time="2026-08-16T17:54:26+08:00" level=info msg="[GNB][AMF] List of AMF slices Supported by AMF -- sst:01 sd:010203"
time="2026-08-16T17:54:26+08:00" level=info msg="[GNB][AMF] List of AMF slices Supported by AMF -- sst:01 sd:010203"
time="2026-08-16T17:54:26+08:00" level=info msg="[GNB][AMF] List of AMF slices Supported by AMF -- sst:01 sd:112233"
time="2026-08-16T17:54:42+08:00" level=info msg="[GNB][SCTP] Receive message in 0 stream\n"
time="2026-08-16T17:54:42+08:00" level=info msg="[GNB][NGAP] Receive Downlink NAS Transport"
time="2026-08-16T17:54:42+08:00" level=info msg="[UE][NAS] Message without security header"
time="2026-08-16T17:54:42+08:00" level=info msg="[UE][NAS] Receive Authentication Request"
time="2026-08-16T17:54:42+08:00" level=info msg="[UE][NAS][MAC] Authenticity of the authentication request message: OK"
time="2026-08-16T17:54:42+08:00" level=info msg="[UE][NAS][SQN] SQN of the authentication request message: VALID"
time="2026-08-16T17:54:42+08:00" level=info msg="[UE][NAS] Send authentication response"
time="2026-08-16T17:54:42+08:00" level=info msg="[UE] Switched from state 3 to state 2"
time="2026-08-16T17:54:42+08:00" level=info msg="[GNB][SCTP] Receive message in 0 stream\n"
time="2026-08-16T17:54:42+08:00" level=info msg="[GNB][NGAP] Receive Downlink NAS Transport"
time="2026-08-16T17:54:42+08:00" level=info msg="[UE][NAS] Message without security header"
time="2026-08-16T17:54:42+08:00" level=info msg="[UE][NAS] Receive Authentication Request"
time="2026-08-16T17:54:42+08:00" level=info msg="[UE][NAS][MAC] Authenticity of the authentication request message: OK"
time="2026-08-16T17:54:42+08:00" level=info msg="[UE][NAS][SQN] SQN of the authentication request message: VALID"
time="2026-08-16T17:54:42+08:00" level=info msg="[UE][NAS] Send authentication response"
time="2026-08-16T17:54:42+08:00" level=info msg="[UE] Switched from state 1 to state 2"
time="2026-08-16T17:54:42+08:00" level=info msg="[GNB][SCTP] Receive message in 0 stream\n"
time="2026-08-16T17:54:42+08:00" level=info msg="[GNB][NGAP] Receive Downlink NAS Transport"
time="2026-08-16T17:54:42+08:00" level=info msg="[UE][NAS] Message without security header"
time="2026-08-16T17:54:42+08:00" level=info msg="[UE][NAS] Receive Authentication Request"
time="2026-08-16T17:54:42+08:00" level=info msg="[UE][NAS][MAC] Authenticity of the authentication request message: OK"
time="2026-08-16T17:54:42+08:00" level=info msg="[UE][NAS][SQN] SQN of the authentication request message: VALID"
time="2026-08-16T17:54:42+08:00" level=info msg="[UE][NAS] Send authentication response"
time="2026-08-16T17:54:42+08:00" level=info msg="[UE] Switched from state 1 to state 2"
time="2026-08-16T17:54:42+08:00" level=info msg="[GNB][SCTP] Receive message in 0 stream\n"
time="2026-08-16T17:54:42+08:00" level=info msg="[GNB][NGAP] Receive Downlink NAS Transport"
time="2026-08-16T17:54:42+08:00" level=info msg="[UE][NAS] Message without security header"
time="2026-08-16T17:54:42+08:00" level=info msg="[UE][NAS] Receive Authentication Request"
time="2026-08-16T17:54:42+08:00" level=info msg="[UE][NAS][MAC] Authenticity of the authentication request message: OK"
time="2026-08-16T17:54:42+08:00" level=info msg="[UE][NAS][SQN] SQN of the authentication request message: VALID"
time="2026-08-16T17:54:42+08:00" level=info msg="[UE][NAS] Send authentication response"
time="2026-08-16T17:54:42+08:00" level=info msg="[UE] Switched from state 1 to state 2"
time="2026-08-16T17:54:42+08:00" level=info msg="[GNB][SCTP] Receive message in 0 stream\n"
time="2026-08-16T17:54:42+08:00" level=info msg="[GNB][NGAP] Receive Downlink NAS Transport"
time="2026-08-16T17:54:42+08:00" level=info msg="[UE][NAS] Message without security header"
time="2026-08-16T17:54:42+08:00" level=info msg="[UE][NAS] Receive Authentication Request"
time="2026-08-16T17:54:42+08:00" level=info msg="[UE][NAS][MAC] Authenticity of the authentication request message: OK"
time="2026-08-16T17:54:42+08:00" level=info msg="[UE][NAS][SQN] SQN of the authentication request message: VALID"
time="2026-08-16T17:54:42+08:00" level=info msg="[UE][NAS] Send authentication response"
time="2026-08-16T17:54:42+08:00" level=info msg="[UE] Switched from state 1 to state 2"
time="2026-08-16T17:54:42+08:00" level=info msg="[GNB][SCTP] Receive message in 0 stream\n"
time="2026-08-16T17:54:42+08:00" level=info msg="[GNB][NGAP] Receive Downlink NAS Transport"
time="2026-08-16T17:54:42+08:00" level=info msg="[UE][NAS] Message without security header"
time="2026-08-16T17:54:42+08:00" level=info msg="[UE][NAS] Receive Authentication Request"
time="2026-08-16T17:54:42+08:00" level=info msg="[UE][NAS][MAC] Authenticity of the authentication request message: OK"
time="2026-08-16T17:54:42+08:00" level=info msg="[UE][NAS][SQN] SQN of the authentication request message: VALID"
time="2026-08-16T17:54:42+08:00" level=info msg="[UE][NAS] Send authentication response"
time="2026-08-16T17:54:42+08:00" level=info msg="[UE] Switched from state 1 to state 2"
time="2026-08-16T17:54:42+08:00" level=info msg="[GNB][SCTP] Receive message in 0 stream\n"
time="2026-08-16T17:54:42+08:00" level=info msg="[GNB][NGAP] Receive Downlink NAS Transport"
time="2026-08-16T17:54:42+08:00" level=info msg="[UE][NAS] Message without security header"
time="2026-08-16T17:54:42+08:00" level=info msg="[UE][NAS] Receive Authentication Request"
time="2026-08-16T17:54:42+08:00" level=info msg="[UE][NAS][MAC] Authenticity of the authentication request message: OK"
time="2026-08-16T17:54:42+08:00" level=info msg="[UE][NAS][SQN] SQN of the authentication request message: VALID"
time="2026-08-16T17:54:42+08:00" level=info msg="[UE][NAS] Send authentication response"
time="2026-08-16T17:54:42+08:00" level=info msg="[UE] Switched from state 3 to state 2"
time="2026-08-16T17:54:42+08:00" level=info msg="[GNB][SCTP] Receive message in 0 stream\n"
time="2026-08-16T17:54:42+08:00" level=info msg="[GNB][SCTP] Receive message in 0 stream\n"
time="2026-08-16T17:54:42+08:00" level=info msg="[GNB][NGAP] Receive Downlink NAS Transport"
time="2026-08-16T17:54:42+08:00" level=info msg="[UE][NAS] Message without security header"
time="2026-08-16T17:54:42+08:00" level=info msg="[UE][NAS] Receive Authentication Request"
time="2026-08-16T17:54:42+08:00" level=info msg="[UE][NAS][MAC] Authenticity of the authentication request message: OK"
time="2026-08-16T17:54:42+08:00" level=info msg="[UE][NAS][SQN] SQN of the authentication request message: VALID"
time="2026-08-16T17:54:42+08:00" level=info msg="[UE][NAS] Send authentication response"
time="2026-08-16T17:54:42+08:00" level=info msg="[GNB][NGAP] Receive Downlink NAS Transport"
time="2026-08-16T17:54:42+08:00" level=info msg="[UE][NAS] Message without security header"
time="2026-08-16T17:54:42+08:00" level=info msg="[UE][NAS] Receive Authentication Request"
time="2026-08-16T17:54:42+08:00" level=info msg="[UE] Switched from state 3 to state 2"
time="2026-08-16T17:54:42+08:00" level=info msg="[UE][NAS][MAC] Authenticity of the authentication request message: OK"
time="2026-08-16T17:54:42+08:00" level=info msg="[UE][NAS][SQN] SQN of the authentication request message: VALID"
time="2026-08-16T17:54:42+08:00" level=info msg="[UE][NAS] Send authentication response"
time="2026-08-16T17:54:42+08:00" level=info msg="[UE] Switched from state 3 to state 2"
time="2026-08-16T17:54:42+08:00" level=info msg="[GNB][SCTP] Receive message in 0 stream\n"
time="2026-08-16T17:54:42+08:00" level=info msg="[GNB][NGAP] Receive Downlink NAS Transport"
time="2026-08-16T17:54:42+08:00" level=info msg="[UE][NAS] Message without security header"
time="2026-08-16T17:54:42+08:00" level=info msg="[UE][NAS] Receive Authentication Request"
time="2026-08-16T17:54:42+08:00" level=info msg="[UE][NAS][MAC] Authenticity of the authentication request message: OK"
time="2026-08-16T17:54:42+08:00" level=info msg="[UE][NAS][SQN] SQN of the authentication request message: VALID"
time="2026-08-16T17:54:42+08:00" level=info msg="[UE][NAS] Send authentication response"
time="2026-08-16T17:54:42+08:00" level=info msg="[UE] Switched from state 3 to state 2"
time="2026-08-16T17:54:42+08:00" level=info msg="[GNB][SCTP] Receive message in 0 stream\n"
time="2026-08-16T17:54:42+08:00" level=info msg="[GNB][NGAP] Receive Downlink NAS Transport"
time="2026-08-16T17:54:42+08:00" level=info msg="[UE][NAS] Message without security header"
time="2026-08-16T17:54:42+08:00" level=info msg="[UE][NAS] Receive Authentication Request"
time="2026-08-16T17:54:42+08:00" level=info msg="[UE][NAS][MAC] Authenticity of the authentication request message: OK"
time="2026-08-16T17:54:42+08:00" level=info msg="[UE][NAS][SQN] SQN of the authentication request message: VALID"
time="2026-08-16T17:54:42+08:00" level=info msg="[UE][NAS] Send authentication response"
time="2026-08-16T17:54:42+08:00" level=info msg="[UE] Switched from state 3 to state 2"
time="2026-08-16T17:54:42+08:00" level=info msg="[GNB][SCTP] Receive message in 0 stream\n"
time="2026-08-16T17:54:42+08:00" level=info msg="[GNB][NGAP] Receive Downlink NAS Transport"
time="2026-08-16T17:54:42+08:00" level=info msg="[UE][NAS] Message without security header"
time="2026-08-16T17:54:42+08:00" level=info msg="[UE][NAS] Receive Authentication Request"
time="2026-08-16T17:54:42+08:00" level=info msg="[UE][NAS][MAC] Authenticity of the authentication request message: OK"
time="2026-08-16T17:54:42+08:00" level=info msg="[UE][NAS][SQN] SQN of the authentication request message: VALID"
time="2026-08-16T17:54:42+08:00" level=info msg="[UE][NAS] Send authentication response"
time="2026-08-16T17:54:42+08:00" level=info msg="[UE] Switched from state 3 to state 2"
time="2026-08-16T17:54:42+08:00" level=info msg="[GNB][SCTP] Receive message in 0 stream\n"
time="2026-08-16T17:54:42+08:00" level=info msg="[GNB][NGAP] Receive Downlink NAS Transport"
time="2026-08-16T17:54:42+08:00" level=info msg="[UE][NAS] Message without security header"
time="2026-08-16T17:54:42+08:00" level=info msg="[UE][NAS] Receive Authentication Request"
time="2026-08-16T17:54:42+08:00" level=info msg="[UE][NAS][MAC] Authenticity of the authentication request message: OK"
time="2026-08-16T17:54:42+08:00" level=info msg="[UE][NAS][SQN] SQN of the authentication request message: VALID"
time="2026-08-16T17:54:42+08:00" level=info msg="[UE][NAS] Send authentication response"
time="2026-08-16T17:54:42+08:00" level=info msg="[UE] Switched from state 3 to state 2"
time="2026-08-16T17:54:42+08:00" level=info msg="[GNB][SCTP] Receive message in 0 stream\n"
time="2026-08-16T17:54:42+08:00" level=info msg="[GNB][NGAP] Receive Downlink NAS Transport"
time="2026-08-16T17:54:42+08:00" level=info msg="[UE][NAS] Message without security header"
time="2026-08-16T17:54:42+08:00" level=info msg="[UE][NAS] Receive Authentication Request"
time="2026-08-16T17:54:42+08:00" level=info msg="[UE][NAS][MAC] Authenticity of the authentication request message: OK"
time="2026-08-16T17:54:42+08:00" level=info msg="[UE][NAS][SQN] SQN of the authentication request message: VALID"
time="2026-08-16T17:54:42+08:00" level=info msg="[UE][NAS] Send authentication response"
time="2026-08-16T17:54:42+08:00" level=info msg="[UE] Switched from state 3 to state 2"
time="2026-08-16T17:54:42+08:00" level=info msg="[GNB][SCTP] Receive message in 0 stream\n"
time="2026-08-16T17:54:42+08:00" level=info msg="[GNB][NGAP] Receive Downlink NAS Transport"
time="2026-08-16T17:54:42+08:00" level=info msg="[UE][NAS] Message without security header"
time="2026-08-16T17:54:42+08:00" level=info msg="[UE][NAS] Receive Authentication Request"
time="2026-08-16T17:54:42+08:00" level=info msg="[UE][NAS][MAC] Authenticity of the authentication request message: OK"
time="2026-08-16T17:54:42+08:00" level=info msg="[UE][NAS][SQN] SQN of the authentication request message: VALID"
time="2026-08-16T17:54:42+08:00" level=info msg="[UE][NAS] Send authentication response"
time="2026-08-16T17:54:42+08:00" level=info msg="[UE] Switched from state 3 to state 2"
time="2026-08-16T17:54:43+08:00" level=info msg="[GNB][SCTP] Receive message in 0 stream\n"
time="2026-08-16T17:54:43+08:00" level=info msg="[GNB][NGAP] Receive Downlink NAS Transport"
time="2026-08-16T17:54:43+08:00" level=info msg="[UE][NAS] Message without security header"
time="2026-08-16T17:54:43+08:00" level=info msg="[UE][NAS] Receive Authentication Request"
time="2026-08-16T17:54:43+08:00" level=info msg="[UE][NAS][MAC] Authenticity of the authentication request message: OK"
time="2026-08-16T17:54:43+08:00" level=info msg="[UE][NAS][SQN] SQN of the authentication request message: VALID"
time="2026-08-16T17:54:43+08:00" level=info msg="[UE][NAS] Send authentication response"
time="2026-08-16T17:54:43+08:00" level=info msg="[UE] Switched from state 3 to state 2"
time="2026-08-16T17:54:43+08:00" level=info msg="[GNB][SCTP] Receive message in 0 stream\n"
time="2026-08-16T17:54:43+08:00" level=info msg="[GNB][NGAP] Receive Downlink NAS Transport"
time="2026-08-16T17:54:43+08:00" level=info msg="[UE][NAS] Message without security header"
time="2026-08-16T17:54:43+08:00" level=info msg="[UE][NAS] Receive Authentication Request"
time="2026-08-16T17:54:43+08:00" level=info msg="[UE][NAS][MAC] Authenticity of the authentication request message: OK"
time="2026-08-16T17:54:43+08:00" level=info msg="[UE][NAS][SQN] SQN of the authentication request message: VALID"
time="2026-08-16T17:54:43+08:00" level=info msg="[UE][NAS] Send authentication response"
time="2026-08-16T17:54:43+08:00" level=info msg="[UE] Switched from state 3 to state 2"
time="2026-08-16T17:54:43+08:00" level=info msg="[GNB][SCTP] Receive message in 0 stream\n"
time="2026-08-16T17:54:43+08:00" level=info msg="[GNB][NGAP] Receive Downlink NAS Transport"
time="2026-08-16T17:54:43+08:00" level=info msg="[UE][NAS] Message without security header"
time="2026-08-16T17:54:43+08:00" level=info msg="[UE][NAS] Receive Authentication Request"
time="2026-08-16T17:54:43+08:00" level=info msg="[UE][NAS][MAC] Authenticity of the authentication request message: OK"
time="2026-08-16T17:54:43+08:00" level=info msg="[UE][NAS][SQN] SQN of the authentication request message: VALID"
time="2026-08-16T17:54:43+08:00" level=info msg="[UE][NAS] Send authentication response"
time="2026-08-16T17:54:43+08:00" level=info msg="[GNB][SCTP] Receive message in 0 stream\n"
time="2026-08-16T17:54:43+08:00" level=info msg="[UE] Switched from state 3 to state 2"
time="2026-08-16T17:54:43+08:00" level=info msg="[GNB][NGAP] Receive Downlink NAS Transport"
time="2026-08-16T17:54:43+08:00" level=info msg="[UE][NAS] Message without security header"
time="2026-08-16T17:54:43+08:00" level=info msg="[UE][NAS] Receive Authentication Request"
time="2026-08-16T17:54:43+08:00" level=info msg="[UE][NAS][MAC] Authenticity of the authentication request message: OK"
time="2026-08-16T17:54:43+08:00" level=info msg="[UE][NAS][SQN] SQN of the authentication request message: VALID"
time="2026-08-16T17:54:43+08:00" level=info msg="[UE][NAS] Send authentication response"
time="2026-08-16T17:54:43+08:00" level=info msg="[UE] Switched from state 3 to state 2"
time="2026-08-16T17:54:43+08:00" level=info msg="[GNB][SCTP] Receive message in 0 stream\n"
time="2026-08-16T17:54:43+08:00" level=info msg="[GNB][NGAP] Receive Downlink NAS Transport"
time="2026-08-16T17:54:43+08:00" level=info msg="[UE][NAS] Message without security header"
time="2026-08-16T17:54:43+08:00" level=info msg="[UE][NAS] Receive Authentication Request"
time="2026-08-16T17:54:43+08:00" level=info msg="[UE][NAS][MAC] Authenticity of the authentication request message: OK"
time="2026-08-16T17:54:43+08:00" level=info msg="[UE][NAS][SQN] SQN of the authentication request message: VALID"
time="2026-08-16T17:54:43+08:00" level=info msg="[UE][NAS] Send authentication response"
time="2026-08-16T17:54:43+08:00" level=info msg="[UE] Switched from state 3 to state 2"
time="2026-08-16T17:54:43+08:00" level=info msg="[GNB][SCTP] Receive message in 0 stream\n"
time="2026-08-16T17:54:43+08:00" level=info msg="[GNB][NGAP] Receive Downlink NAS Transport"
time="2026-08-16T17:54:43+08:00" level=info msg="[UE][NAS] Message with security header"
time="2026-08-16T17:54:43+08:00" level=info msg="[UE][NAS] Message with integrity and with NEW 5G NAS SECURITY CONTEXT"
time="2026-08-16T17:54:43+08:00" level=error msg="[UE][NAS] NAS MAC verification failed(received:[66 103 80 237]expected:[50 250 48 7]"
time="2026-08-16T17:54:43+08:00" level=info msg="[GNB][SCTP] Receive message in 0 stream\n"
time="2026-08-16T17:54:43+08:00" level=info msg="[GNB][NGAP] Receive Downlink NAS Transport"
time="2026-08-16T17:54:43+08:00" level=info msg="[UE][NAS] Message without security header"
time="2026-08-16T17:54:43+08:00" level=info msg="[UE][NAS] Receive Authentication Request"
time="2026-08-16T17:54:43+08:00" level=info msg="[UE][NAS][MAC] Authenticity of the authentication request message: OK"
time="2026-08-16T17:54:43+08:00" level=info msg="[UE][NAS][SQN] SQN of the authentication request message: VALID"
time="2026-08-16T17:54:43+08:00" level=info msg="[UE][NAS] Send authentication response"
time="2026-08-16T17:54:43+08:00" level=info msg="[UE] Switched from state 3 to state 2"
time="2026-08-16T17:54:43+08:00" level=info msg="[GNB][SCTP] Receive message in 0 stream\n"
time="2026-08-16T17:54:43+08:00" level=info msg="[GNB][SCTP] Receive message in 0 stream\n"
time="2026-08-16T17:54:43+08:00" level=info msg="[GNB][NGAP] Receive Downlink NAS Transport"
time="2026-08-16T17:54:43+08:00" level=info msg="[UE][NAS] Message without security header"
time="2026-08-16T17:54:43+08:00" level=info msg="[UE][NAS] Receive Authentication Request"
time="2026-08-16T17:54:43+08:00" level=info msg="[UE][NAS][MAC] Authenticity of the authentication request message: OK"
time="2026-08-16T17:54:43+08:00" level=info msg="[UE][NAS][SQN] SQN of the authentication request message: VALID"
time="2026-08-16T17:54:43+08:00" level=info msg="[UE][NAS] Send authentication response"
time="2026-08-16T17:54:43+08:00" level=info msg="[GNB][NGAP] Receive Downlink NAS Transport"
time="2026-08-16T17:54:43+08:00" level=info msg="[UE][NAS] Message without security header"
time="2026-08-16T17:54:43+08:00" level=info msg="[UE][NAS] Receive Authentication Request"
time="2026-08-16T17:54:43+08:00" level=info msg="[UE][NAS][MAC] Authenticity of the authentication request message: OK"
time="2026-08-16T17:54:43+08:00" level=info msg="[UE][NAS][SQN] SQN of the authentication request message: VALID"
time="2026-08-16T17:54:43+08:00" level=info msg="[UE][NAS] Send authentication response"
time="2026-08-16T17:54:43+08:00" level=info msg="[UE] Switched from state 3 to state 2"
time="2026-08-16T17:54:43+08:00" level=info msg="[UE] Switched from state 3 to state 2"
time="2026-08-16T17:54:43+08:00" level=info msg="[GNB][SCTP] Receive message in 0 stream\n"
time="2026-08-16T17:54:43+08:00" level=info msg="[GNB][NGAP] Receive Downlink NAS Transport"
time="2026-08-16T17:54:43+08:00" level=info msg="[UE][NAS] Message without security header"
time="2026-08-16T17:54:43+08:00" level=info msg="[UE][NAS] Receive Authentication Request"
time="2026-08-16T17:54:43+08:00" level=info msg="[UE][NAS][MAC] Authenticity of the authentication request message: OK"
time="2026-08-16T17:54:43+08:00" level=info msg="[UE][NAS][SQN] SQN of the authentication request message: VALID"
time="2026-08-16T17:54:43+08:00" level=info msg="[UE][NAS] Send authentication response"
time="2026-08-16T17:54:43+08:00" level=info msg="[UE] Switched from state 3 to state 2"
time="2026-08-16T17:54:43+08:00" level=info msg="[GNB][SCTP] Receive message in 0 stream\n"
time="2026-08-16T17:54:43+08:00" level=info msg="[GNB][NGAP] Receive Downlink NAS Transport"
time="2026-08-16T17:54:43+08:00" level=info msg="[UE][NAS] Message with security header"
time="2026-08-16T17:54:43+08:00" level=info msg="[UE][NAS] Message with integrity and with NEW 5G NAS SECURITY CONTEXT"
time="2026-08-16T17:54:43+08:00" level=error msg="[UE][NAS] NAS MAC verification failed(received:[252 51 91 211]expected:[211 244 7 235]"
time="2026-08-16T17:54:43+08:00" level=info msg="[GNB][SCTP] Receive message in 0 stream\n"
time="2026-08-16T17:54:43+08:00" level=info msg="[GNB][NGAP] Receive Downlink NAS Transport"
time="2026-08-16T17:54:43+08:00" level=info msg="[UE][NAS] Message without security header"
time="2026-08-16T17:54:43+08:00" level=info msg="[UE][NAS] Receive Authentication Request"
time="2026-08-16T17:54:43+08:00" level=info msg="[UE][NAS][MAC] Authenticity of the authentication request message: OK"
time="2026-08-16T17:54:43+08:00" level=info msg="[UE][NAS][SQN] SQN of the authentication request message: VALID"
time="2026-08-16T17:54:43+08:00" level=info msg="[UE][NAS] Send authentication response"
time="2026-08-16T17:54:43+08:00" level=info msg="[UE] Switched from state 3 to state 2"
time="2026-08-16T17:54:43+08:00" level=info msg="[GNB][SCTP] Receive message in 0 stream\n"
time="2026-08-16T17:54:43+08:00" level=info msg="[GNB][NGAP] Receive Downlink NAS Transport"
time="2026-08-16T17:54:43+08:00" level=info msg="[UE][NAS] Message without security header"
time="2026-08-16T17:54:43+08:00" level=info msg="[UE][NAS] Receive Authentication Request"
time="2026-08-16T17:54:43+08:00" level=info msg="[UE][NAS][MAC] Authenticity of the authentication request message: OK"
time="2026-08-16T17:54:43+08:00" level=info msg="[UE][NAS][SQN] SQN of the authentication request message: VALID"
time="2026-08-16T17:54:43+08:00" level=info msg="[UE][NAS] Send authentication response"
time="2026-08-16T17:54:43+08:00" level=info msg="[UE] Switched from state 3 to state 2"
time="2026-08-16T17:54:43+08:00" level=info msg="[GNB][SCTP] Receive message in 0 stream\n"
time="2026-08-16T17:54:43+08:00" level=info msg="[GNB][NGAP] Receive Downlink NAS Transport"
time="2026-08-16T17:54:43+08:00" level=info msg="[UE][NAS] Message with security header"
time="2026-08-16T17:54:43+08:00" level=info msg="[UE][NAS] Message with integrity and with NEW 5G NAS SECURITY CONTEXT"
time="2026-08-16T17:54:43+08:00" level=error msg="[UE][NAS] NAS MAC verification failed(received:[26 134 128 228]expected:[95 127 45 34]"
time="2026-08-16T17:54:43+08:00" level=info msg="[GNB][SCTP] Receive message in 0 stream\n"
time="2026-08-16T17:54:43+08:00" level=info msg="[GNB][SCTP] Receive message in 0 stream\n"
time="2026-08-16T17:54:43+08:00" level=info msg="[GNB][NGAP] Receive Downlink NAS Transport"
time="2026-08-16T17:54:43+08:00" level=info msg="[GNB][NGAP] Receive Downlink NAS Transport"
time="2026-08-16T17:54:43+08:00" level=info msg="[UE][NAS] Message without security header"
time="2026-08-16T17:54:43+08:00" level=info msg="[UE][NAS] Receive Authentication Request"
time="2026-08-16T17:54:43+08:00" level=info msg="[UE][NAS][MAC] Authenticity of the authentication request message: OK"
time="2026-08-16T17:54:43+08:00" level=info msg="[UE][NAS][SQN] SQN of the authentication request message: VALID"
time="2026-08-16T17:54:43+08:00" level=info msg="[UE][NAS] Send authentication response"
time="2026-08-16T17:54:43+08:00" level=info msg="[UE][NAS] Message without security header"
time="2026-08-16T17:54:43+08:00" level=info msg="[UE][NAS] Receive Authentication Request"
time="2026-08-16T17:54:43+08:00" level=info msg="[UE][NAS][MAC] Authenticity of the authentication request message: OK"
time="2026-08-16T17:54:43+08:00" level=info msg="[UE][NAS][SQN] SQN of the authentication request message: VALID"
time="2026-08-16T17:54:43+08:00" level=info msg="[UE][NAS] Send authentication response"
time="2026-08-16T17:54:43+08:00" level=info msg="[UE] Switched from state 3 to state 2"
time="2026-08-16T17:54:43+08:00" level=info msg="[UE] Switched from state 3 to state 2"
time="2026-08-16T17:54:43+08:00" level=info msg="[GNB][SCTP] Receive message in 0 stream\n"
time="2026-08-16T17:54:43+08:00" level=info msg="[GNB][NGAP] Receive Downlink NAS Transport"
time="2026-08-16T17:54:43+08:00" level=info msg="[UE][NAS] Message with security header"
time="2026-08-16T17:54:43+08:00" level=info msg="[UE][NAS] Message with integrity and with NEW 5G NAS SECURITY CONTEXT"
time="2026-08-16T17:54:43+08:00" level=error msg="[UE][NAS] NAS MAC verification failed(received:[94 48 137 43]expected:[183 12 35 203]"
time="2026-08-16T17:54:44+08:00" level=info msg="[GNB][SCTP] Receive message in 0 stream\n"
time="2026-08-16T17:54:44+08:00" level=info msg="[GNB][NGAP] Receive Downlink NAS Transport"
time="2026-08-16T17:54:44+08:00" level=info msg="[UE][NAS] Message without security header"
time="2026-08-16T17:54:44+08:00" level=info msg="[UE][NAS] Receive Authentication Request"
time="2026-08-16T17:54:44+08:00" level=info msg="[UE][NAS][MAC] Authenticity of the authentication request message: OK"
time="2026-08-16T17:54:44+08:00" level=info msg="[UE][NAS][SQN] SQN of the authentication request message: VALID"
time="2026-08-16T17:54:44+08:00" level=info msg="[UE][NAS] Send authentication response"
time="2026-08-16T17:54:44+08:00" level=info msg="[UE] Switched from state 3 to state 2"
time="2026-08-16T17:54:44+08:00" level=info msg="[GNB][SCTP] Receive message in 0 stream\n"
time="2026-08-16T17:54:44+08:00" level=info msg="[GNB][NGAP] Receive Downlink NAS Transport"
time="2026-08-16T17:54:44+08:00" level=info msg="[UE][NAS] Message without security header"
time="2026-08-16T17:54:44+08:00" level=info msg="[UE][NAS] Receive Authentication Request"
time="2026-08-16T17:54:44+08:00" level=info msg="[UE][NAS][MAC] Authenticity of the authentication request message: OK"
time="2026-08-16T17:54:44+08:00" level=info msg="[UE][NAS][SQN] SQN of the authentication request message: VALID"
time="2026-08-16T17:54:44+08:00" level=info msg="[UE][NAS] Send authentication response"
time="2026-08-16T17:54:44+08:00" level=info msg="[UE] Switched from state 3 to state 2"
time="2026-08-16T17:54:44+08:00" level=info msg="[GNB][SCTP] Receive message in 0 stream\n"
time="2026-08-16T17:54:44+08:00" level=info msg="[GNB][SCTP] Receive message in 0 stream\n"
time="2026-08-16T17:54:44+08:00" level=info msg="[GNB][NGAP] Receive Downlink NAS Transport"
time="2026-08-16T17:54:44+08:00" level=info msg="[UE][NAS] Message without security header"
time="2026-08-16T17:54:44+08:00" level=info msg="[UE][NAS] Receive Authentication Request"
time="2026-08-16T17:54:44+08:00" level=info msg="[UE][NAS][MAC] Authenticity of the authentication request message: OK"
time="2026-08-16T17:54:44+08:00" level=info msg="[UE][NAS][SQN] SQN of the authentication request message: VALID"
time="2026-08-16T17:54:44+08:00" level=info msg="[UE][NAS] Send authentication response"
time="2026-08-16T17:54:44+08:00" level=info msg="[UE] Switched from state 3 to state 2"
time="2026-08-16T17:54:44+08:00" level=info msg="[GNB][NGAP] Receive Downlink NAS Transport"
time="2026-08-16T17:54:44+08:00" level=info msg="[UE][NAS] Message without security header"
time="2026-08-16T17:54:44+08:00" level=info msg="[UE][NAS] Receive Authentication Request"
time="2026-08-16T17:54:44+08:00" level=info msg="[UE][NAS][MAC] Authenticity of the authentication request message: OK"
time="2026-08-16T17:54:44+08:00" level=info msg="[UE][NAS][SQN] SQN of the authentication request message: VALID"
time="2026-08-16T17:54:44+08:00" level=info msg="[UE][NAS] Send authentication response"
time="2026-08-16T17:54:44+08:00" level=info msg="[UE] Switched from state 3 to state 2"
time="2026-08-16T17:54:44+08:00" level=info msg="[GNB][SCTP] Receive message in 0 stream\n"
time="2026-08-16T17:54:44+08:00" level=info msg="[GNB][NGAP] Receive Downlink NAS Transport"
time="2026-08-16T17:54:44+08:00" level=info msg="[UE][NAS] Message without security header"
time="2026-08-16T17:54:44+08:00" level=info msg="[UE][NAS] Receive Authentication Request"
time="2026-08-16T17:54:44+08:00" level=info msg="[UE][NAS][MAC] Authenticity of the authentication request message: OK"
time="2026-08-16T17:54:44+08:00" level=info msg="[UE][NAS][SQN] SQN of the authentication request message: VALID"
time="2026-08-16T17:54:44+08:00" level=info msg="[UE][NAS] Send authentication response"
time="2026-08-16T17:54:44+08:00" level=info msg="[UE] Switched from state 3 to state 2"
time="2026-08-16T17:54:44+08:00" level=info msg="[GNB][SCTP] Receive message in 0 stream\n"
time="2026-08-16T17:54:44+08:00" level=info msg="[GNB][NGAP] Receive Downlink NAS Transport"
time="2026-08-16T17:54:44+08:00" level=info msg="[UE][NAS] Message without security header"
time="2026-08-16T17:54:44+08:00" level=info msg="[UE][NAS] Receive Authentication Request"
time="2026-08-16T17:54:44+08:00" level=info msg="[UE][NAS][MAC] Authenticity of the authentication request message: OK"
time="2026-08-16T17:54:44+08:00" level=info msg="[UE][NAS][SQN] SQN of the authentication request message: VALID"
time="2026-08-16T17:54:44+08:00" level=info msg="[UE][NAS] Send authentication response"
time="2026-08-16T17:54:44+08:00" level=info msg="[UE] Switched from state 3 to state 2"
time="2026-08-16T17:54:44+08:00" level=info msg="[GNB][SCTP] Receive message in 0 stream\n"
time="2026-08-16T17:54:44+08:00" level=info msg="[GNB][NGAP] Receive Downlink NAS Transport"
time="2026-08-16T17:54:44+08:00" level=info msg="[UE][NAS] Message without security header"
time="2026-08-16T17:54:44+08:00" level=info msg="[UE][NAS] Receive Authentication Request"
time="2026-08-16T17:54:44+08:00" level=info msg="[UE][NAS][MAC] Authenticity of the authentication request message: OK"
time="2026-08-16T17:54:44+08:00" level=info msg="[UE][NAS][SQN] SQN of the authentication request message: VALID"
time="2026-08-16T17:54:44+08:00" level=info msg="[UE][NAS] Send authentication response"
time="2026-08-16T17:54:44+08:00" level=info msg="[UE] Switched from state 3 to state 2"
time="2026-08-16T17:54:44+08:00" level=info msg="[GNB][SCTP] Receive message in 0 stream\n"
time="2026-08-16T17:54:44+08:00" level=info msg="[GNB][SCTP] Receive message in 0 stream\n"
time="2026-08-16T17:54:44+08:00" level=info msg="[GNB][NGAP] Receive Downlink NAS Transport"
time="2026-08-16T17:54:44+08:00" level=info msg="[UE][NAS] Message without security header"
time="2026-08-16T17:54:44+08:00" level=info msg="[UE][NAS] Receive Authentication Request"
time="2026-08-16T17:54:44+08:00" level=info msg="[UE][NAS][MAC] Authenticity of the authentication request message: OK"
time="2026-08-16T17:54:44+08:00" level=info msg="[UE][NAS][SQN] SQN of the authentication request message: VALID"
time="2026-08-16T17:54:44+08:00" level=info msg="[UE][NAS] Send authentication response"
time="2026-08-16T17:54:44+08:00" level=info msg="[UE] Switched from state 3 to state 2"
time="2026-08-16T17:54:44+08:00" level=info msg="[GNB][NGAP] Receive Downlink NAS Transport"
time="2026-08-16T17:54:44+08:00" level=info msg="[UE][NAS] Message without security header"
time="2026-08-16T17:54:44+08:00" level=info msg="[UE][NAS] Receive Authentication Request"
time="2026-08-16T17:54:44+08:00" level=info msg="[UE][NAS][MAC] Authenticity of the authentication request message: OK"
time="2026-08-16T17:54:44+08:00" level=info msg="[UE][NAS][SQN] SQN of the authentication request message: VALID"
time="2026-08-16T17:54:44+08:00" level=info msg="[UE][NAS] Send authentication response"
time="2026-08-16T17:54:44+08:00" level=info msg="[UE] Switched from state 3 to state 2"
time="2026-08-16T17:54:44+08:00" level=info msg="[GNB][SCTP] Receive message in 0 stream\n"
time="2026-08-16T17:54:44+08:00" level=info msg="[GNB][NGAP] Receive Downlink NAS Transport"
time="2026-08-16T17:54:44+08:00" level=info msg="[UE][NAS] Message without security header"
time="2026-08-16T17:54:44+08:00" level=info msg="[UE][NAS] Receive Authentication Request"
time="2026-08-16T17:54:44+08:00" level=info msg="[UE][NAS][MAC] Authenticity of the authentication request message: OK"
time="2026-08-16T17:54:44+08:00" level=info msg="[UE][NAS][SQN] SQN of the authentication request message: VALID"
time="2026-08-16T17:54:44+08:00" level=info msg="[UE][NAS] Send authentication response"
time="2026-08-16T17:54:44+08:00" level=info msg="[UE] Switched from state 3 to state 2"
time="2026-08-16T17:54:44+08:00" level=info msg="[GNB][SCTP] Receive message in 0 stream\n"
time="2026-08-16T17:54:44+08:00" level=info msg="[GNB][NGAP] Receive Downlink NAS Transport"
time="2026-08-16T17:54:44+08:00" level=info msg="[UE][NAS] Message without security header"
time="2026-08-16T17:54:44+08:00" level=info msg="[UE][NAS] Receive Authentication Request"
time="2026-08-16T17:54:44+08:00" level=info msg="[UE][NAS][MAC] Authenticity of the authentication request message: OK"
time="2026-08-16T17:54:44+08:00" level=info msg="[UE][NAS][SQN] SQN of the authentication request message: VALID"
time="2026-08-16T17:54:44+08:00" level=info msg="[UE][NAS] Send authentication response"
time="2026-08-16T17:54:44+08:00" level=info msg="[UE] Switched from state 3 to state 2"
time="2026-08-16T17:54:44+08:00" level=info msg="[GNB][SCTP] Receive message in 0 stream\n"
time="2026-08-16T17:54:44+08:00" level=info msg="[GNB][NGAP] Receive Downlink NAS Transport"
time="2026-08-16T17:54:44+08:00" level=info msg="[UE][NAS] Message without security header"
time="2026-08-16T17:54:44+08:00" level=info msg="[UE][NAS] Receive Authentication Request"
time="2026-08-16T17:54:44+08:00" level=info msg="[UE][NAS][MAC] Authenticity of the authentication request message: OK"
time="2026-08-16T17:54:44+08:00" level=info msg="[UE][NAS][SQN] SQN of the authentication request message: VALID"
time="2026-08-16T17:54:44+08:00" level=info msg="[UE][NAS] Send authentication response"
time="2026-08-16T17:54:44+08:00" level=info msg="[UE] Switched from state 3 to state 2"
time="2026-08-16T17:54:44+08:00" level=info msg="[GNB][SCTP] Receive message in 0 stream\n"
time="2026-08-16T17:54:44+08:00" level=info msg="[GNB][NGAP] Receive Downlink NAS Transport"
time="2026-08-16T17:54:44+08:00" level=info msg="[UE][NAS] Message without security header"
time="2026-08-16T17:54:44+08:00" level=info msg="[UE][NAS] Receive Authentication Request"
time="2026-08-16T17:54:44+08:00" level=info msg="[UE][NAS][MAC] Authenticity of the authentication request message: OK"
time="2026-08-16T17:54:44+08:00" level=info msg="[UE][NAS][SQN] SQN of the authentication request message: VALID"
time="2026-08-16T17:54:44+08:00" level=info msg="[UE][NAS] Send authentication response"
time="2026-08-16T17:54:44+08:00" level=info msg="[UE] Switched from state 3 to state 2"
time="2026-08-16T17:54:44+08:00" level=info msg="[GNB][SCTP] Receive message in 0 stream\n"
time="2026-08-16T17:54:44+08:00" level=info msg="[GNB][NGAP] Receive Downlink NAS Transport"
time="2026-08-16T17:54:44+08:00" level=info msg="[UE][NAS] Message without security header"
time="2026-08-16T17:54:44+08:00" level=info msg="[UE][NAS] Receive Authentication Request"
time="2026-08-16T17:54:44+08:00" level=info msg="[UE][NAS][MAC] Authenticity of the authentication request message: OK"
time="2026-08-16T17:54:44+08:00" level=info msg="[UE][NAS][SQN] SQN of the authentication request message: VALID"
time="2026-08-16T17:54:44+08:00" level=info msg="[UE][NAS] Send authentication response"
time="2026-08-16T17:54:44+08:00" level=info msg="[UE] Switched from state 3 to state 2"
time="2026-08-16T17:54:44+08:00" level=info msg="[GNB][SCTP] Receive message in 0 stream\n"
time="2026-08-16T17:54:44+08:00" level=info msg="[GNB][NGAP] Receive Downlink NAS Transport"
time="2026-08-16T17:54:44+08:00" level=info msg="[UE][NAS] Message without security header"
time="2026-08-16T17:54:44+08:00" level=info msg="[UE][NAS] Receive Authentication Request"
time="2026-08-16T17:54:44+08:00" level=info msg="[UE][NAS][MAC] Authenticity of the authentication request message: OK"
time="2026-08-16T17:54:44+08:00" level=info msg="[UE][NAS][SQN] SQN of the authentication request message: VALID"
time="2026-08-16T17:54:44+08:00" level=info msg="[UE][NAS] Send authentication response"
time="2026-08-16T17:54:44+08:00" level=info msg="[UE] Switched from state 3 to state 2"
time="2026-08-16T17:54:44+08:00" level=info msg="[GNB][SCTP] Receive message in 0 stream\n"
time="2026-08-16T17:54:44+08:00" level=info msg="[GNB][NGAP] Receive Downlink NAS Transport"
time="2026-08-16T17:54:44+08:00" level=info msg="[UE][NAS] Message without security header"
time="2026-08-16T17:54:44+08:00" level=info msg="[UE][NAS] Receive Authentication Request"
time="2026-08-16T17:54:44+08:00" level=info msg="[UE][NAS][MAC] Authenticity of the authentication request message: OK"
time="2026-08-16T17:54:44+08:00" level=info msg="[UE][NAS][SQN] SQN of the authentication request message: VALID"
time="2026-08-16T17:54:44+08:00" level=info msg="[UE][NAS] Send authentication response"
time="2026-08-16T17:54:44+08:00" level=info msg="[UE] Switched from state 3 to state 2"
time="2026-08-16T17:54:44+08:00" level=info msg="[GNB][SCTP] Receive message in 0 stream\n"
time="2026-08-16T17:54:44+08:00" level=info msg="[GNB][NGAP] Receive Downlink NAS Transport"
time="2026-08-16T17:54:44+08:00" level=info msg="[UE][NAS] Message without security header"
time="2026-08-16T17:54:44+08:00" level=info msg="[UE][NAS] Receive Authentication Request"
time="2026-08-16T17:54:44+08:00" level=info msg="[UE][NAS][MAC] Authenticity of the authentication request message: OK"
time="2026-08-16T17:54:44+08:00" level=info msg="[UE][NAS][SQN] SQN of the authentication request message: VALID"
time="2026-08-16T17:54:44+08:00" level=info msg="[UE][NAS] Send authentication response"
time="2026-08-16T17:54:44+08:00" level=info msg="[UE] Switched from state 3 to state 2"
time="2026-08-16T17:54:45+08:00" level=info msg="[GNB][SCTP] Receive message in 0 stream\n"
time="2026-08-16T17:54:45+08:00" level=info msg="[GNB][NGAP] Receive Downlink NAS Transport"
time="2026-08-16T17:54:45+08:00" level=info msg="[UE][NAS] Message without security header"
time="2026-08-16T17:54:45+08:00" level=info msg="[UE][NAS] Receive Authentication Request"
time="2026-08-16T17:54:45+08:00" level=info msg="[UE][NAS][MAC] Authenticity of the authentication request message: OK"
time="2026-08-16T17:54:45+08:00" level=info msg="[UE][NAS][SQN] SQN of the authentication request message: VALID"
time="2026-08-16T17:54:45+08:00" level=info msg="[UE][NAS] Send authentication response"
time="2026-08-16T17:54:45+08:00" level=info msg="[UE] Switched from state 3 to state 2"
time="2026-08-16T17:54:45+08:00" level=info msg="[GNB][SCTP] Receive message in 0 stream\n"
time="2026-08-16T17:54:45+08:00" level=info msg="[GNB][NGAP] Receive Downlink NAS Transport"
time="2026-08-16T17:54:45+08:00" level=info msg="[UE][NAS] Message without security header"
time="2026-08-16T17:54:45+08:00" level=info msg="[UE][NAS] Receive Authentication Request"
time="2026-08-16T17:54:45+08:00" level=info msg="[UE][NAS][MAC] Authenticity of the authentication request message: OK"
time="2026-08-16T17:54:45+08:00" level=info msg="[UE][NAS][SQN] SQN of the authentication request message: VALID"
time="2026-08-16T17:54:45+08:00" level=info msg="[UE][NAS] Send authentication response"
time="2026-08-16T17:54:45+08:00" level=info msg="[UE] Switched from state 3 to state 2"
time="2026-08-16T17:54:45+08:00" level=info msg="[GNB][SCTP] Receive message in 0 stream\n"
time="2026-08-16T17:54:45+08:00" level=info msg="[GNB][SCTP] Receive message in 0 stream\n"
time="2026-08-16T17:54:45+08:00" level=info msg="[GNB][NGAP] Receive Downlink NAS Transport"
time="2026-08-16T17:54:45+08:00" level=info msg="[UE][NAS] Message without security header"
time="2026-08-16T17:54:45+08:00" level=info msg="[UE][NAS] Receive Authentication Request"
time="2026-08-16T17:54:45+08:00" level=info msg="[UE][NAS][MAC] Authenticity of the authentication request message: OK"
time="2026-08-16T17:54:45+08:00" level=info msg="[UE][NAS][SQN] SQN of the authentication request message: VALID"
time="2026-08-16T17:54:45+08:00" level=info msg="[UE][NAS] Send authentication response"
time="2026-08-16T17:54:45+08:00" level=info msg="[GNB][NGAP] Receive Downlink NAS Transport"
time="2026-08-16T17:54:45+08:00" level=info msg="[UE][NAS] Message without security header"
time="2026-08-16T17:54:45+08:00" level=info msg="[UE][NAS] Receive Authentication Request"
time="2026-08-16T17:54:45+08:00" level=info msg="[UE][NAS][MAC] Authenticity of the authentication request message: OK"
time="2026-08-16T17:54:45+08:00" level=info msg="[UE][NAS][SQN] SQN of the authentication request message: VALID"
time="2026-08-16T17:54:45+08:00" level=info msg="[UE][NAS] Send authentication response"
time="2026-08-16T17:54:45+08:00" level=info msg="[UE] Switched from state 3 to state 2"
time="2026-08-16T17:54:45+08:00" level=info msg="[UE] Switched from state 3 to state 2"
time="2026-08-16T17:54:45+08:00" level=info msg="[GNB][SCTP] Receive message in 0 stream\n"
time="2026-08-16T17:54:45+08:00" level=info msg="[GNB][NGAP] Receive Downlink NAS Transport"
time="2026-08-16T17:54:45+08:00" level=info msg="[UE][NAS] Message with security header"
time="2026-08-16T17:54:45+08:00" level=info msg="[UE][NAS] Message with integrity and with NEW 5G NAS SECURITY CONTEXT"
time="2026-08-16T17:54:45+08:00" level=error msg="[UE][NAS] NAS MAC verification failed(received:[137 70 165 65]expected:[178 67 71 182]"
time="2026-08-16T17:54:45+08:00" level=info msg="[GNB][SCTP] Receive message in 0 stream\n"
time="2026-08-16T17:54:45+08:00" level=info msg="[GNB][NGAP] Receive Downlink NAS Transport"
time="2026-08-16T17:54:45+08:00" level=info msg="[UE][NAS] Message without security header"
time="2026-08-16T17:54:45+08:00" level=info msg="[UE][NAS] Receive Authentication Request"
time="2026-08-16T17:54:45+08:00" level=info msg="[UE][NAS][MAC] Authenticity of the authentication request message: OK"
time="2026-08-16T17:54:45+08:00" level=info msg="[UE][NAS][SQN] SQN of the authentication request message: VALID"
time="2026-08-16T17:54:45+08:00" level=info msg="[UE][NAS] Send authentication response"
time="2026-08-16T17:54:45+08:00" level=info msg="[UE] Switched from state 3 to state 2"
time="2026-08-16T17:54:45+08:00" level=info msg="[GNB][SCTP] Receive message in 0 stream\n"
time="2026-08-16T17:54:45+08:00" level=info msg="[GNB][NGAP] Receive Downlink NAS Transport"
time="2026-08-16T17:54:45+08:00" level=info msg="[UE][NAS] Message without security header"
time="2026-08-16T17:54:45+08:00" level=info msg="[UE][NAS] Receive Authentication Request"
time="2026-08-16T17:54:45+08:00" level=info msg="[UE][NAS][MAC] Authenticity of the authentication request message: OK"
time="2026-08-16T17:54:45+08:00" level=info msg="[UE][NAS][SQN] SQN of the authentication request message: VALID"
time="2026-08-16T17:54:45+08:00" level=info msg="[UE][NAS] Send authentication response"
time="2026-08-16T17:54:45+08:00" level=info msg="[UE] Switched from state 3 to state 2"
time="2026-08-16T17:54:45+08:00" level=info msg="[GNB][SCTP] Receive message in 0 stream\n"
time="2026-08-16T17:54:45+08:00" level=info msg="[GNB][NGAP] Receive Downlink NAS Transport"
time="2026-08-16T17:54:45+08:00" level=info msg="[UE][NAS] Message without security header"
time="2026-08-16T17:54:45+08:00" level=info msg="[UE][NAS] Receive Authentication Request"
time="2026-08-16T17:54:45+08:00" level=info msg="[UE][NAS][MAC] Authenticity of the authentication request message: OK"
time="2026-08-16T17:54:45+08:00" level=info msg="[UE][NAS][SQN] SQN of the authentication request message: VALID"
time="2026-08-16T17:54:45+08:00" level=info msg="[UE][NAS] Send authentication response"
time="2026-08-16T17:54:45+08:00" level=info msg="[UE] Switched from state 3 to state 2"
time="2026-08-16T17:54:45+08:00" level=info msg="[GNB][SCTP] Receive message in 0 stream\n"
time="2026-08-16T17:54:45+08:00" level=info msg="[GNB][SCTP] Receive message in 0 stream\n"
time="2026-08-16T17:54:45+08:00" level=info msg="[GNB][NGAP] Receive Downlink NAS Transport"
time="2026-08-16T17:54:45+08:00" level=info msg="[UE][NAS] Message without security header"
time="2026-08-16T17:54:45+08:00" level=info msg="[UE][NAS] Receive Authentication Request"
time="2026-08-16T17:54:45+08:00" level=info msg="[GNB][NGAP] Receive Downlink NAS Transport"
time="2026-08-16T17:54:45+08:00" level=info msg="[UE][NAS] Message without security header"
time="2026-08-16T17:54:45+08:00" level=info msg="[UE][NAS] Receive Authentication Request"
time="2026-08-16T17:54:45+08:00" level=info msg="[UE][NAS][MAC] Authenticity of the authentication request message: OK"
time="2026-08-16T17:54:45+08:00" level=info msg="[UE][NAS][SQN] SQN of the authentication request message: VALID"
time="2026-08-16T17:54:45+08:00" level=info msg="[UE][NAS] Send authentication response"
time="2026-08-16T17:54:45+08:00" level=info msg="[UE][NAS][MAC] Authenticity of the authentication request message: OK"
time="2026-08-16T17:54:45+08:00" level=info msg="[UE][NAS][SQN] SQN of the authentication request message: VALID"
time="2026-08-16T17:54:45+08:00" level=info msg="[UE][NAS] Send authentication response"
time="2026-08-16T17:54:45+08:00" level=info msg="[UE] Switched from state 3 to state 2"
time="2026-08-16T17:54:45+08:00" level=info msg="[UE] Switched from state 3 to state 2"
time="2026-08-16T17:54:45+08:00" level=info msg="[GNB][SCTP] Receive message in 0 stream\n"
time="2026-08-16T17:54:45+08:00" level=info msg="[GNB][NGAP] Receive Downlink NAS Transport"
time="2026-08-16T17:54:45+08:00" level=info msg="[UE][NAS] Message without security header"
time="2026-08-16T17:54:45+08:00" level=info msg="[UE][NAS] Receive Authentication Request"
time="2026-08-16T17:54:45+08:00" level=info msg="[UE][NAS][MAC] Authenticity of the authentication request message: OK"
time="2026-08-16T17:54:45+08:00" level=info msg="[UE][NAS][SQN] SQN of the authentication request message: VALID"
time="2026-08-16T17:54:45+08:00" level=info msg="[UE][NAS] Send authentication response"
time="2026-08-16T17:54:45+08:00" level=info msg="[UE] Switched from state 3 to state 2"
time="2026-08-16T17:54:45+08:00" level=info msg="[GNB][SCTP] Receive message in 0 stream\n"
time="2026-08-16T17:54:45+08:00" level=info msg="[GNB][NGAP] Receive Downlink NAS Transport"
time="2026-08-16T17:54:45+08:00" level=info msg="[UE][NAS] Message without security header"
time="2026-08-16T17:54:45+08:00" level=info msg="[UE][NAS] Receive Authentication Request"
time="2026-08-16T17:54:45+08:00" level=info msg="[UE][NAS][MAC] Authenticity of the authentication request message: OK"
time="2026-08-16T17:54:45+08:00" level=info msg="[UE][NAS][SQN] SQN of the authentication request message: VALID"
time="2026-08-16T17:54:45+08:00" level=info msg="[UE][NAS] Send authentication response"
time="2026-08-16T17:54:45+08:00" level=info msg="[UE] Switched from state 3 to state 2"
time="2026-08-16T17:54:45+08:00" level=info msg="[GNB][SCTP] Receive message in 0 stream\n"
time="2026-08-16T17:54:45+08:00" level=info msg="[GNB][NGAP] Receive Downlink NAS Transport"
time="2026-08-16T17:54:45+08:00" level=info msg="[UE][NAS] Message without security header"
time="2026-08-16T17:54:45+08:00" level=info msg="[UE][NAS] Receive Authentication Request"
time="2026-08-16T17:54:45+08:00" level=info msg="[UE][NAS][MAC] Authenticity of the authentication request message: OK"
time="2026-08-16T17:54:45+08:00" level=info msg="[UE][NAS][SQN] SQN of the authentication request message: VALID"
time="2026-08-16T17:54:45+08:00" level=info msg="[UE][NAS] Send authentication response"
time="2026-08-16T17:54:45+08:00" level=info msg="[UE] Switched from state 3 to state 2"
time="2026-08-16T17:54:45+08:00" level=info msg="[GNB][SCTP] Receive message in 0 stream\n"
time="2026-08-16T17:54:45+08:00" level=info msg="[GNB][SCTP] Receive message in 0 stream\n"
time="2026-08-16T17:54:45+08:00" level=info msg="[GNB][NGAP] Receive Downlink NAS Transport"
time="2026-08-16T17:54:45+08:00" level=info msg="[UE][NAS] Message without security header"
time="2026-08-16T17:54:45+08:00" level=info msg="[UE][NAS] Receive Authentication Request"
time="2026-08-16T17:54:45+08:00" level=info msg="[UE][NAS][MAC] Authenticity of the authentication request message: OK"
time="2026-08-16T17:54:45+08:00" level=info msg="[UE][NAS][SQN] SQN of the authentication request message: VALID"
time="2026-08-16T17:54:45+08:00" level=info msg="[UE][NAS] Send authentication response"
time="2026-08-16T17:54:45+08:00" level=info msg="[UE] Switched from state 3 to state 2"
time="2026-08-16T17:54:45+08:00" level=info msg="[GNB][NGAP] Receive Downlink NAS Transport"
time="2026-08-16T17:54:45+08:00" level=info msg="[UE][NAS] Message without security header"
time="2026-08-16T17:54:45+08:00" level=info msg="[UE][NAS] Receive Authentication Request"
time="2026-08-16T17:54:45+08:00" level=info msg="[UE][NAS][MAC] Authenticity of the authentication request message: OK"
time="2026-08-16T17:54:45+08:00" level=info msg="[UE][NAS][SQN] SQN of the authentication request message: VALID"
time="2026-08-16T17:54:45+08:00" level=info msg="[UE][NAS] Send authentication response"
time="2026-08-16T17:54:45+08:00" level=info msg="[GNB][SCTP] Receive message in 0 stream\n"
time="2026-08-16T17:54:45+08:00" level=info msg="[UE] Switched from state 3 to state 2"
time="2026-08-16T17:54:45+08:00" level=info msg="[GNB][NGAP] Receive Downlink NAS Transport"
time="2026-08-16T17:54:45+08:00" level=info msg="[GNB][SCTP] Receive message in 0 stream\n"
time="2026-08-16T17:54:45+08:00" level=info msg="[UE][NAS] Message without security header"
time="2026-08-16T17:54:45+08:00" level=info msg="[UE][NAS] Receive Authentication Request"
time="2026-08-16T17:54:45+08:00" level=info msg="[UE][NAS][MAC] Authenticity of the authentication request message: OK"
time="2026-08-16T17:54:45+08:00" level=info msg="[UE][NAS][SQN] SQN of the authentication request message: VALID"
time="2026-08-16T17:54:45+08:00" level=info msg="[UE][NAS] Send authentication response"
time="2026-08-16T17:54:45+08:00" level=info msg="[UE] Switched from state 3 to state 2"
time="2026-08-16T17:54:45+08:00" level=info msg="[GNB][NGAP] Receive Downlink NAS Transport"
time="2026-08-16T17:54:45+08:00" level=info msg="[UE][NAS] Message without security header"
time="2026-08-16T17:54:45+08:00" level=info msg="[UE][NAS] Receive Authentication Request"
time="2026-08-16T17:54:45+08:00" level=info msg="[UE][NAS][MAC] Authenticity of the authentication request message: OK"
time="2026-08-16T17:54:45+08:00" level=info msg="[UE][NAS][SQN] SQN of the authentication request message: VALID"
time="2026-08-16T17:54:45+08:00" level=info msg="[UE][NAS] Send authentication response"
time="2026-08-16T17:54:45+08:00" level=info msg="[UE] Switched from state 3 to state 2"
time="2026-08-16T17:54:45+08:00" level=info msg="[GNB][SCTP] Receive message in 0 stream\n"
time="2026-08-16T17:54:45+08:00" level=info msg="[GNB][NGAP] Receive Downlink NAS Transport"
time="2026-08-16T17:54:45+08:00" level=info msg="[UE][NAS] Message without security header"
time="2026-08-16T17:54:45+08:00" level=info msg="[UE][NAS] Receive Authentication Request"
time="2026-08-16T17:54:45+08:00" level=info msg="[UE][NAS][MAC] Authenticity of the authentication request message: OK"
time="2026-08-16T17:54:45+08:00" level=info msg="[UE][NAS][SQN] SQN of the authentication request message: VALID"
time="2026-08-16T17:54:45+08:00" level=info msg="[UE][NAS] Send authentication response"
time="2026-08-16T17:54:45+08:00" level=info msg="[UE] Switched from state 3 to state 2"
time="2026-08-16T17:54:45+08:00" level=info msg="[GNB][SCTP] Receive message in 0 stream\n"
time="2026-08-16T17:54:45+08:00" level=info msg="[GNB][NGAP] Receive Downlink NAS Transport"
time="2026-08-16T17:54:45+08:00" level=info msg="[UE][NAS] Message without security header"
time="2026-08-16T17:54:45+08:00" level=info msg="[UE][NAS] Receive Authentication Request"
time="2026-08-16T17:54:45+08:00" level=info msg="[UE][NAS][MAC] Authenticity of the authentication request message: OK"
time="2026-08-16T17:54:45+08:00" level=info msg="[UE][NAS][SQN] SQN of the authentication request message: VALID"
time="2026-08-16T17:54:45+08:00" level=info msg="[UE][NAS] Send authentication response"
time="2026-08-16T17:54:45+08:00" level=info msg="[UE] Switched from state 3 to state 2"
time="2026-08-16T17:54:45+08:00" level=info msg="[GNB][SCTP] Receive message in 0 stream\n"
time="2026-08-16T17:54:45+08:00" level=info msg="[GNB][SCTP] Receive message in 0 stream\n"
time="2026-08-16T17:54:45+08:00" level=info msg="[GNB][NGAP] Receive Downlink NAS Transport"
time="2026-08-16T17:54:45+08:00" level=info msg="[UE][NAS] Message without security header"
time="2026-08-16T17:54:45+08:00" level=info msg="[UE][NAS] Receive Authentication Request"
time="2026-08-16T17:54:45+08:00" level=info msg="[UE][NAS][MAC] Authenticity of the authentication request message: OK"
time="2026-08-16T17:54:45+08:00" level=info msg="[UE][NAS][SQN] SQN of the authentication request message: VALID"
time="2026-08-16T17:54:45+08:00" level=info msg="[UE][NAS] Send authentication response"
time="2026-08-16T17:54:45+08:00" level=info msg="[GNB][NGAP] Receive Downlink NAS Transport"
time="2026-08-16T17:54:45+08:00" level=info msg="[UE][NAS] Message without security header"
time="2026-08-16T17:54:45+08:00" level=info msg="[UE][NAS] Receive Authentication Request"
time="2026-08-16T17:54:45+08:00" level=info msg="[UE][NAS][MAC] Authenticity of the authentication request message: OK"
time="2026-08-16T17:54:45+08:00" level=info msg="[UE][NAS][SQN] SQN of the authentication request message: VALID"
time="2026-08-16T17:54:45+08:00" level=info msg="[UE][NAS] Send authentication response"
time="2026-08-16T17:54:45+08:00" level=info msg="[UE] Switched from state 3 to state 2"
time="2026-08-16T17:54:45+08:00" level=info msg="[UE] Switched from state 3 to state 2"
time="2026-08-16T17:54:45+08:00" level=info msg="[GNB][SCTP] Receive message in 0 stream\n"
time="2026-08-16T17:54:45+08:00" level=info msg="[GNB][NGAP] Receive Downlink NAS Transport"
time="2026-08-16T17:54:45+08:00" level=info msg="[UE][NAS] Message without security header"
time="2026-08-16T17:54:45+08:00" level=info msg="[UE][NAS] Receive Authentication Request"
time="2026-08-16T17:54:45+08:00" level=info msg="[UE][NAS][MAC] Authenticity of the authentication request message: OK"
time="2026-08-16T17:54:45+08:00" level=info msg="[UE][NAS][SQN] SQN of the authentication request message: VALID"
time="2026-08-16T17:54:45+08:00" level=info msg="[UE][NAS] Send authentication response"
time="2026-08-16T17:54:45+08:00" level=info msg="[UE] Switched from state 3 to state 2"
time="2026-08-16T17:54:46+08:00" level=info msg="[GNB][SCTP] Receive message in 0 stream\n"
time="2026-08-16T17:54:46+08:00" level=info msg="[GNB][SCTP] Receive message in 0 stream\n"
time="2026-08-16T17:54:46+08:00" level=info msg="[GNB][NGAP] Receive Downlink NAS Transport"
time="2026-08-16T17:54:46+08:00" level=info msg="[UE][NAS] Message without security header"
time="2026-08-16T17:54:46+08:00" level=info msg="[UE][NAS] Receive Authentication Request"
time="2026-08-16T17:54:46+08:00" level=info msg="[GNB][NGAP] Receive Downlink NAS Transport"
time="2026-08-16T17:54:46+08:00" level=info msg="[UE][NAS] Message without security header"
time="2026-08-16T17:54:46+08:00" level=info msg="[UE][NAS][MAC] Authenticity of the authentication request message: OK"
time="2026-08-16T17:54:46+08:00" level=info msg="[UE][NAS][SQN] SQN of the authentication request message: VALID"
time="2026-08-16T17:54:46+08:00" level=info msg="[UE][NAS] Send authentication response"
time="2026-08-16T17:54:46+08:00" level=info msg="[UE][NAS] Receive Authentication Request"
time="2026-08-16T17:54:46+08:00" level=info msg="[UE][NAS][MAC] Authenticity of the authentication request message: OK"
time="2026-08-16T17:54:46+08:00" level=info msg="[UE][NAS][SQN] SQN of the authentication request message: VALID"
time="2026-08-16T17:54:46+08:00" level=info msg="[UE][NAS] Send authentication response"
time="2026-08-16T17:54:46+08:00" level=info msg="[UE] Switched from state 3 to state 2"
time="2026-08-16T17:54:46+08:00" level=info msg="[UE] Switched from state 3 to state 2"
time="2026-08-16T17:54:46+08:00" level=info msg="[GNB][SCTP] Receive message in 0 stream\n"
time="2026-08-16T17:54:46+08:00" level=info msg="[GNB][NGAP] Receive Downlink NAS Transport"
time="2026-08-16T17:54:46+08:00" level=info msg="[UE][NAS] Message without security header"
time="2026-08-16T17:54:46+08:00" level=info msg="[UE][NAS] Receive Authentication Request"
time="2026-08-16T17:54:46+08:00" level=info msg="[UE][NAS][MAC] Authenticity of the authentication request message: OK"
time="2026-08-16T17:54:46+08:00" level=info msg="[UE][NAS][SQN] SQN of the authentication request message: VALID"
time="2026-08-16T17:54:46+08:00" level=info msg="[UE][NAS] Send authentication response"
time="2026-08-16T17:54:46+08:00" level=info msg="[UE] Switched from state 3 to state 2"
time="2026-08-16T17:54:46+08:00" level=info msg="[GNB][SCTP] Receive message in 0 stream\n"
time="2026-08-16T17:54:46+08:00" level=info msg="[GNB][NGAP] Receive Downlink NAS Transport"
time="2026-08-16T17:54:46+08:00" level=info msg="[UE][NAS] Message without security header"
time="2026-08-16T17:54:46+08:00" level=info msg="[UE][NAS] Receive Authentication Request"
time="2026-08-16T17:54:46+08:00" level=info msg="[UE][NAS][MAC] Authenticity of the authentication request message: OK"
time="2026-08-16T17:54:46+08:00" level=info msg="[UE][NAS][SQN] SQN of the authentication request message: VALID"
time="2026-08-16T17:54:46+08:00" level=info msg="[UE][NAS] Send authentication response"
time="2026-08-16T17:54:46+08:00" level=info msg="[UE] Switched from state 3 to state 2"
time="2026-08-16T17:54:46+08:00" level=info msg="[GNB][SCTP] Receive message in 0 stream\n"
time="2026-08-16T17:54:46+08:00" level=info msg="[GNB][NGAP] Receive Downlink NAS Transport"
time="2026-08-16T17:54:46+08:00" level=info msg="[UE][NAS] Message without security header"
time="2026-08-16T17:54:46+08:00" level=info msg="[UE][NAS] Receive Authentication Request"
time="2026-08-16T17:54:46+08:00" level=info msg="[UE][NAS][MAC] Authenticity of the authentication request message: OK"
time="2026-08-16T17:54:46+08:00" level=info msg="[UE][NAS][SQN] SQN of the authentication request message: VALID"
time="2026-08-16T17:54:46+08:00" level=info msg="[UE][NAS] Send authentication response"
time="2026-08-16T17:54:46+08:00" level=info msg="[UE] Switched from state 3 to state 2"
time="2026-08-16T17:54:46+08:00" level=info msg="[GNB][SCTP] Receive message in 0 stream\n"
time="2026-08-16T17:54:46+08:00" level=info msg="[GNB][SCTP] Receive message in 0 stream\n"
time="2026-08-16T17:54:46+08:00" level=info msg="[GNB][NGAP] Receive Downlink NAS Transport"
time="2026-08-16T17:54:46+08:00" level=info msg="[UE][NAS] Message without security header"
time="2026-08-16T17:54:46+08:00" level=info msg="[UE][NAS] Receive Authentication Request"
time="2026-08-16T17:54:46+08:00" level=info msg="[UE][NAS][MAC] Authenticity of the authentication request message: OK"
time="2026-08-16T17:54:46+08:00" level=info msg="[UE][NAS][SQN] SQN of the authentication request message: VALID"
time="2026-08-16T17:54:46+08:00" level=info msg="[UE][NAS] Send authentication response"
time="2026-08-16T17:54:46+08:00" level=info msg="[UE] Switched from state 3 to state 2"
time="2026-08-16T17:54:46+08:00" level=info msg="[GNB][NGAP] Receive Downlink NAS Transport"
time="2026-08-16T17:54:46+08:00" level=info msg="[UE][NAS] Message without security header"
time="2026-08-16T17:54:46+08:00" level=info msg="[UE][NAS] Receive Authentication Request"
time="2026-08-16T17:54:46+08:00" level=info msg="[GNB][SCTP] Receive message in 0 stream\n"
time="2026-08-16T17:54:46+08:00" level=info msg="[UE][NAS][MAC] Authenticity of the authentication request message: OK"
time="2026-08-16T17:54:46+08:00" level=info msg="[UE][NAS][SQN] SQN of the authentication request message: VALID"
time="2026-08-16T17:54:46+08:00" level=info msg="[UE][NAS] Send authentication response"
time="2026-08-16T17:54:46+08:00" level=info msg="[GNB][SCTP] Receive message in 0 stream\n"
time="2026-08-16T17:54:46+08:00" level=info msg="[GNB][SCTP] Receive message in 0 stream\n"
time="2026-08-16T17:54:46+08:00" level=info msg="[UE] Switched from state 3 to state 2"
time="2026-08-16T17:54:46+08:00" level=info msg="[GNB][NGAP] Receive Downlink NAS Transport"
time="2026-08-16T17:54:46+08:00" level=info msg="[UE][NAS] Message without security header"
time="2026-08-16T17:54:46+08:00" level=info msg="[UE][NAS] Receive Authentication Request"
time="2026-08-16T17:54:46+08:00" level=info msg="[UE][NAS][MAC] Authenticity of the authentication request message: OK"
time="2026-08-16T17:54:46+08:00" level=info msg="[UE][NAS][SQN] SQN of the authentication request message: VALID"
time="2026-08-16T17:54:46+08:00" level=info msg="[UE][NAS] Send authentication response"
time="2026-08-16T17:54:46+08:00" level=info msg="[GNB][NGAP] Receive Downlink NAS Transport"
time="2026-08-16T17:54:46+08:00" level=info msg="[UE][NAS] Message without security header"
time="2026-08-16T17:54:46+08:00" level=info msg="[UE][NAS] Receive Authentication Request"
time="2026-08-16T17:54:46+08:00" level=info msg="[UE][NAS][MAC] Authenticity of the authentication request message: OK"
time="2026-08-16T17:54:46+08:00" level=info msg="[UE][NAS][SQN] SQN of the authentication request message: VALID"
time="2026-08-16T17:54:46+08:00" level=info msg="[UE][NAS] Send authentication response"
time="2026-08-16T17:54:46+08:00" level=info msg="[GNB][NGAP] Receive Downlink NAS Transport"
time="2026-08-16T17:54:46+08:00" level=info msg="[UE][NAS] Message without security header"
time="2026-08-16T17:54:46+08:00" level=info msg="[UE][NAS] Receive Authentication Request"
time="2026-08-16T17:54:46+08:00" level=info msg="[UE][NAS][MAC] Authenticity of the authentication request message: OK"
time="2026-08-16T17:54:46+08:00" level=info msg="[UE][NAS][SQN] SQN of the authentication request message: VALID"
time="2026-08-16T17:54:46+08:00" level=info msg="[UE][NAS] Send authentication response"
time="2026-08-16T17:54:46+08:00" level=info msg="[UE] Switched from state 3 to state 2"
time="2026-08-16T17:54:46+08:00" level=info msg="[UE] Switched from state 3 to state 2"
time="2026-08-16T17:54:46+08:00" level=info msg="[UE] Switched from state 3 to state 2"
time="2026-08-16T17:54:46+08:00" level=info msg="[GNB][SCTP] Receive message in 0 stream\n"
time="2026-08-16T17:54:46+08:00" level=info msg="[GNB][NGAP] Receive Downlink NAS Transport"
time="2026-08-16T17:54:46+08:00" level=info msg="[UE][NAS] Message without security header"
time="2026-08-16T17:54:46+08:00" level=info msg="[UE][NAS] Receive Authentication Request"
time="2026-08-16T17:54:46+08:00" level=info msg="[UE][NAS][MAC] Authenticity of the authentication request message: OK"
time="2026-08-16T17:54:46+08:00" level=info msg="[UE][NAS][SQN] SQN of the authentication request message: VALID"
time="2026-08-16T17:54:46+08:00" level=info msg="[UE][NAS] Send authentication response"
time="2026-08-16T17:54:46+08:00" level=info msg="[UE] Switched from state 3 to state 2"
time="2026-08-16T17:54:46+08:00" level=info msg="[GNB][SCTP] Receive message in 0 stream\n"
time="2026-08-16T17:54:46+08:00" level=info msg="[GNB][NGAP] Receive Downlink NAS Transport"
time="2026-08-16T17:54:46+08:00" level=info msg="[UE][NAS] Message without security header"
time="2026-08-16T17:54:46+08:00" level=info msg="[UE][NAS] Receive Authentication Request"
time="2026-08-16T17:54:46+08:00" level=info msg="[UE][NAS][MAC] Authenticity of the authentication request message: OK"
time="2026-08-16T17:54:46+08:00" level=info msg="[UE][NAS][SQN] SQN of the authentication request message: VALID"
time="2026-08-16T17:54:46+08:00" level=info msg="[UE][NAS] Send authentication response"
time="2026-08-16T17:54:46+08:00" level=info msg="[UE] Switched from state 3 to state 2"
time="2026-08-16T17:54:46+08:00" level=info msg="[GNB][SCTP] Receive message in 0 stream\n"
time="2026-08-16T17:54:46+08:00" level=info msg="[GNB][SCTP] Receive message in 0 stream\n"
time="2026-08-16T17:54:46+08:00" level=info msg="[GNB][NGAP] Receive Downlink NAS Transport"
time="2026-08-16T17:54:46+08:00" level=info msg="[UE][NAS] Message without security header"
time="2026-08-16T17:54:46+08:00" level=info msg="[UE][NAS] Receive Authentication Request"
time="2026-08-16T17:54:46+08:00" level=info msg="[UE][NAS][MAC] Authenticity of the authentication request message: OK"
time="2026-08-16T17:54:46+08:00" level=info msg="[UE][NAS][SQN] SQN of the authentication request message: VALID"
time="2026-08-16T17:54:46+08:00" level=info msg="[UE][NAS] Send authentication response"
time="2026-08-16T17:54:46+08:00" level=info msg="[GNB][NGAP] Receive Downlink NAS Transport"
time="2026-08-16T17:54:46+08:00" level=info msg="[UE][NAS] Message without security header"
time="2026-08-16T17:54:46+08:00" level=info msg="[UE][NAS] Receive Authentication Request"
time="2026-08-16T17:54:46+08:00" level=info msg="[UE][NAS][MAC] Authenticity of the authentication request message: OK"
time="2026-08-16T17:54:46+08:00" level=info msg="[UE][NAS][SQN] SQN of the authentication request message: VALID"
time="2026-08-16T17:54:46+08:00" level=info msg="[UE][NAS] Send authentication response"
time="2026-08-16T17:54:46+08:00" level=info msg="[UE] Switched from state 3 to state 2"
time="2026-08-16T17:54:46+08:00" level=info msg="[UE] Switched from state 3 to state 2"
time="2026-08-16T17:54:46+08:00" level=info msg="[GNB][SCTP] Receive message in 0 stream\n"
time="2026-08-16T17:54:46+08:00" level=info msg="[GNB][NGAP] Receive Downlink NAS Transport"
time="2026-08-16T17:54:46+08:00" level=info msg="[UE][NAS] Message without security header"
time="2026-08-16T17:54:46+08:00" level=info msg="[UE][NAS] Receive Authentication Request"
time="2026-08-16T17:54:46+08:00" level=info msg="[UE][NAS][MAC] Authenticity of the authentication request message: OK"
time="2026-08-16T17:54:46+08:00" level=info msg="[UE][NAS][SQN] SQN of the authentication request message: VALID"
time="2026-08-16T17:54:46+08:00" level=info msg="[UE][NAS] Send authentication response"
time="2026-08-16T17:54:46+08:00" level=info msg="[UE] Switched from state 3 to state 2"
time="2026-08-16T17:54:46+08:00" level=info msg="[GNB][SCTP] Receive message in 0 stream\n"
time="2026-08-16T17:54:46+08:00" level=info msg="[GNB][NGAP] Receive Downlink NAS Transport"
time="2026-08-16T17:54:46+08:00" level=info msg="[UE][NAS] Message without security header"
time="2026-08-16T17:54:46+08:00" level=info msg="[UE][NAS] Receive Authentication Request"
time="2026-08-16T17:54:46+08:00" level=info msg="[UE][NAS][MAC] Authenticity of the authentication request message: OK"
time="2026-08-16T17:54:46+08:00" level=info msg="[UE][NAS][SQN] SQN of the authentication request message: VALID"
time="2026-08-16T17:54:46+08:00" level=info msg="[UE][NAS] Send authentication response"
time="2026-08-16T17:54:46+08:00" level=info msg="[UE] Switched from state 3 to state 2"
time="2026-08-16T17:54:46+08:00" level=info msg="[GNB][SCTP] Receive message in 0 stream\n"
time="2026-08-16T17:54:46+08:00" level=info msg="[GNB][SCTP] Receive message in 0 stream\n"
time="2026-08-16T17:54:46+08:00" level=info msg="[GNB][NGAP] Receive Downlink NAS Transport"
time="2026-08-16T17:54:46+08:00" level=info msg="[UE][NAS] Message without security header"
time="2026-08-16T17:54:46+08:00" level=info msg="[UE][NAS] Receive Authentication Request"
time="2026-08-16T17:54:46+08:00" level=info msg="[UE][NAS][MAC] Authenticity of the authentication request message: OK"
time="2026-08-16T17:54:46+08:00" level=info msg="[UE][NAS][SQN] SQN of the authentication request message: VALID"
time="2026-08-16T17:54:46+08:00" level=info msg="[UE][NAS] Send authentication response"
time="2026-08-16T17:54:46+08:00" level=info msg="[UE] Switched from state 3 to state 2"
time="2026-08-16T17:54:46+08:00" level=info msg="[GNB][NGAP] Receive Downlink NAS Transport"
time="2026-08-16T17:54:46+08:00" level=info msg="[UE][NAS] Message without security header"
time="2026-08-16T17:54:46+08:00" level=info msg="[UE][NAS] Receive Authentication Request"
time="2026-08-16T17:54:46+08:00" level=info msg="[UE][NAS][MAC] Authenticity of the authentication request message: OK"
time="2026-08-16T17:54:46+08:00" level=info msg="[UE][NAS][SQN] SQN of the authentication request message: VALID"
time="2026-08-16T17:54:46+08:00" level=info msg="[UE][NAS] Send authentication response"
time="2026-08-16T17:54:46+08:00" level=info msg="[UE] Switched from state 3 to state 2"
time="2026-08-16T17:54:47+08:00" level=info msg="[GNB][SCTP] Receive message in 0 stream\n"
time="2026-08-16T17:54:47+08:00" level=info msg="[GNB][NGAP] Receive Downlink NAS Transport"
time="2026-08-16T17:54:47+08:00" level=info msg="[UE][NAS] Message without security header"
time="2026-08-16T17:54:47+08:00" level=info msg="[UE][NAS] Receive Authentication Request"
time="2026-08-16T17:54:47+08:00" level=info msg="[UE][NAS][MAC] Authenticity of the authentication request message: OK"
time="2026-08-16T17:54:47+08:00" level=info msg="[UE][NAS][SQN] SQN of the authentication request message: VALID"
time="2026-08-16T17:54:47+08:00" level=info msg="[UE][NAS] Send authentication response"
time="2026-08-16T17:54:47+08:00" level=info msg="[UE] Switched from state 3 to state 2"
time="2026-08-16T17:54:47+08:00" level=info msg="[GNB][SCTP] Receive message in 0 stream\n"
time="2026-08-16T17:54:47+08:00" level=info msg="[GNB][NGAP] Receive Downlink NAS Transport"
time="2026-08-16T17:54:47+08:00" level=info msg="[UE][NAS] Message without security header"
time="2026-08-16T17:54:47+08:00" level=info msg="[UE][NAS] Receive Authentication Request"
time="2026-08-16T17:54:47+08:00" level=info msg="[UE][NAS][MAC] Authenticity of the authentication request message: OK"
time="2026-08-16T17:54:47+08:00" level=info msg="[UE][NAS][SQN] SQN of the authentication request message: VALID"
time="2026-08-16T17:54:47+08:00" level=info msg="[UE][NAS] Send authentication response"
time="2026-08-16T17:54:47+08:00" level=info msg="[UE] Switched from state 3 to state 2"
time="2026-08-16T17:54:47+08:00" level=info msg="[GNB][SCTP] Receive message in 0 stream\n"
time="2026-08-16T17:54:47+08:00" level=info msg="[GNB][NGAP] Receive Downlink NAS Transport"
time="2026-08-16T17:54:47+08:00" level=info msg="[UE][NAS] Message with security header"
time="2026-08-16T17:54:47+08:00" level=info msg="[UE][NAS] Message with integrity and with NEW 5G NAS SECURITY CONTEXT"
time="2026-08-16T17:54:47+08:00" level=error msg="[UE][NAS] NAS MAC verification failed(received:[108 112 107 71]expected:[84 215 42 5]"
time="2026-08-16T17:54:47+08:00" level=info msg="[GNB][SCTP] Receive message in 0 stream\n"
time="2026-08-16T17:54:47+08:00" level=info msg="[GNB][SCTP] Receive message in 0 stream\n"
time="2026-08-16T17:54:47+08:00" level=info msg="[GNB][SCTP] Receive message in 0 stream\n"
time="2026-08-16T17:54:47+08:00" level=info msg="[GNB][SCTP] Receive message in 0 stream\n"
time="2026-08-16T17:54:47+08:00" level=info msg="[GNB][SCTP] Receive message in 0 stream\n"
time="2026-08-16T17:54:47+08:00" level=info msg="[GNB][SCTP] Receive message in 0 stream\n"
time="2026-08-16T17:54:47+08:00" level=info msg="[GNB][SCTP] Receive message in 0 stream\n"
time="2026-08-16T17:54:47+08:00" level=info msg="[GNB][NGAP] Receive Downlink NAS Transport"
time="2026-08-16T17:54:47+08:00" level=info msg="[GNB][NGAP] Receive Downlink NAS Transport"
time="2026-08-16T17:54:47+08:00" level=info msg="[UE][NAS] Message without security header"
time="2026-08-16T17:54:47+08:00" level=info msg="[UE][NAS] Receive Authentication Request"
time="2026-08-16T17:54:47+08:00" level=info msg="[UE][NAS][MAC] Authenticity of the authentication request message: OK"
time="2026-08-16T17:54:47+08:00" level=info msg="[UE][NAS][SQN] SQN of the authentication request message: VALID"
time="2026-08-16T17:54:47+08:00" level=info msg="[UE][NAS] Send authentication response"
time="2026-08-16T17:54:47+08:00" level=info msg="[GNB][NGAP] Receive Downlink NAS Transport"
time="2026-08-16T17:54:47+08:00" level=info msg="[UE][NAS] Message without security header"
time="2026-08-16T17:54:47+08:00" level=info msg="[UE][NAS] Receive Authentication Request"
time="2026-08-16T17:54:47+08:00" level=info msg="[UE][NAS][MAC] Authenticity of the authentication request message: OK"
time="2026-08-16T17:54:47+08:00" level=info msg="[UE][NAS][SQN] SQN of the authentication request message: VALID"
time="2026-08-16T17:54:47+08:00" level=info msg="[UE][NAS] Send authentication response"
time="2026-08-16T17:54:47+08:00" level=info msg="[GNB][NGAP] Receive Downlink NAS Transport"
time="2026-08-16T17:54:47+08:00" level=info msg="[GNB][NGAP] Receive Downlink NAS Transport"
time="2026-08-16T17:54:47+08:00" level=info msg="[UE][NAS] Message without security header"
time="2026-08-16T17:54:47+08:00" level=info msg="[UE][NAS] Receive Authentication Request"
time="2026-08-16T17:54:47+08:00" level=info msg="[UE][NAS][MAC] Authenticity of the authentication request message: OK"
time="2026-08-16T17:54:47+08:00" level=info msg="[UE][NAS][SQN] SQN of the authentication request message: VALID"
time="2026-08-16T17:54:47+08:00" level=info msg="[UE][NAS] Send authentication response"
time="2026-08-16T17:54:47+08:00" level=info msg="[UE][NAS] Message without security header"
time="2026-08-16T17:54:47+08:00" level=info msg="[UE][NAS] Receive Authentication Request"
time="2026-08-16T17:54:47+08:00" level=info msg="[UE][NAS][MAC] Authenticity of the authentication request message: OK"
time="2026-08-16T17:54:47+08:00" level=info msg="[UE][NAS][SQN] SQN of the authentication request message: VALID"
time="2026-08-16T17:54:47+08:00" level=info msg="[UE][NAS] Send authentication response"
time="2026-08-16T17:54:47+08:00" level=info msg="[UE] Switched from state 3 to state 2"
time="2026-08-16T17:54:47+08:00" level=info msg="[UE][NAS] Message without security header"
time="2026-08-16T17:54:47+08:00" level=info msg="[UE][NAS] Receive Authentication Request"
time="2026-08-16T17:54:47+08:00" level=info msg="[UE][NAS][MAC] Authenticity of the authentication request message: OK"
time="2026-08-16T17:54:47+08:00" level=info msg="[UE][NAS][SQN] SQN of the authentication request message: VALID"
time="2026-08-16T17:54:47+08:00" level=info msg="[UE][NAS] Send authentication response"
time="2026-08-16T17:54:47+08:00" level=info msg="[UE] Switched from state 3 to state 2"
time="2026-08-16T17:54:47+08:00" level=info msg="[UE] Switched from state 3 to state 2"
time="2026-08-16T17:54:47+08:00" level=info msg="[UE] Switched from state 3 to state 2"
time="2026-08-16T17:54:47+08:00" level=info msg="[GNB][NGAP] Receive Downlink NAS Transport"
time="2026-08-16T17:54:47+08:00" level=info msg="[UE][NAS] Message with security header"
time="2026-08-16T17:54:47+08:00" level=info msg="[UE][NAS] Message with integrity and ciphered"
time="2026-08-16T17:54:47+08:00" level=info msg="[UE][NAS] successful NAS CIPHERING"
time="2026-08-16T17:54:47+08:00" level=error msg="[UE][NAS] NAS MAC verification failed(received:[135 86 7 187]expected:[202 117 16 242]"
time="2026-08-16T17:54:47+08:00" level=info msg="[GNB][NGAP] Receive Downlink NAS Transport"
time="2026-08-16T17:54:47+08:00" level=info msg="[UE][NAS] Message without security header"
time="2026-08-16T17:54:47+08:00" level=info msg="[UE][NAS] Receive Authentication Request"
time="2026-08-16T17:54:47+08:00" level=info msg="[UE][NAS][MAC] Authenticity of the authentication request message: OK"
time="2026-08-16T17:54:47+08:00" level=info msg="[UE][NAS][SQN] SQN of the authentication request message: VALID"
time="2026-08-16T17:54:47+08:00" level=info msg="[UE][NAS] Send authentication response"
time="2026-08-16T17:54:47+08:00" level=info msg="[UE] Switched from state 3 to state 2"
time="2026-08-16T17:54:47+08:00" level=info msg="[UE] Switched from state 3 to state 2"
time="2026-08-16T17:54:47+08:00" level=info msg="[GNB][SCTP] Receive message in 0 stream\n"
time="2026-08-16T17:54:47+08:00" level=info msg="[GNB][NGAP] Receive Downlink NAS Transport"
time="2026-08-16T17:54:47+08:00" level=info msg="[UE][NAS] Message with security header"
time="2026-08-16T17:54:47+08:00" level=info msg="[UE][NAS] Message with integrity and with NEW 5G NAS SECURITY CONTEXT"
time="2026-08-16T17:54:47+08:00" level=error msg="[UE][NAS] NAS MAC verification failed(received:[249 82 137 173]expected:[236 61 211 158]"
time="2026-08-16T17:54:48+08:00" level=info msg="[GNB][SCTP] Receive message in 0 stream\n"
time="2026-08-16T17:54:48+08:00" level=info msg="[GNB][NGAP] Receive Downlink NAS Transport"
time="2026-08-16T17:54:48+08:00" level=info msg="[UE][NAS] Message without security header"
time="2026-08-16T17:54:48+08:00" level=info msg="[UE][NAS] Receive Authentication Request"
time="2026-08-16T17:54:48+08:00" level=info msg="[UE][NAS][MAC] Authenticity of the authentication request message: OK"
time="2026-08-16T17:54:48+08:00" level=info msg="[UE][NAS][SQN] SQN of the authentication request message: VALID"
time="2026-08-16T17:54:48+08:00" level=info msg="[UE][NAS] Send authentication response"
time="2026-08-16T17:54:48+08:00" level=info msg="[UE] Switched from state 2 to state 2"
time="2026-08-16T17:54:48+08:00" level=info msg="[GNB][SCTP] Receive message in 0 stream\n"
time="2026-08-16T17:54:48+08:00" level=info msg="[GNB][NGAP] Receive Downlink NAS Transport"
time="2026-08-16T17:54:48+08:00" level=info msg="[UE][NAS] Message without security header"
time="2026-08-16T17:54:48+08:00" level=info msg="[UE][NAS] Receive Authentication Request"
time="2026-08-16T17:54:48+08:00" level=info msg="[UE][NAS][MAC] Authenticity of the authentication request message: OK"
time="2026-08-16T17:54:48+08:00" level=info msg="[UE][NAS][SQN] SQN of the authentication request message: VALID"
time="2026-08-16T17:54:48+08:00" level=info msg="[UE][NAS] Send authentication response"
time="2026-08-16T17:54:48+08:00" level=info msg="[UE] Switched from state 2 to state 2"
time="2026-08-16T17:54:48+08:00" level=info msg="[GNB][SCTP] Receive message in 0 stream\n"
time="2026-08-16T17:54:48+08:00" level=info msg="[GNB][NGAP] Receive Downlink NAS Transport"
time="2026-08-16T17:54:48+08:00" level=info msg="[UE][NAS] Message without security header"
time="2026-08-16T17:54:48+08:00" level=info msg="[UE][NAS] Receive Authentication Request"
time="2026-08-16T17:54:48+08:00" level=info msg="[UE][NAS][MAC] Authenticity of the authentication request message: OK"
time="2026-08-16T17:54:48+08:00" level=info msg="[UE][NAS][SQN] SQN of the authentication request message: VALID"
time="2026-08-16T17:54:48+08:00" level=info msg="[UE][NAS] Send authentication response"
time="2026-08-16T17:54:48+08:00" level=info msg="[UE] Switched from state 2 to state 2"
time="2026-08-16T17:54:48+08:00" level=info msg="[GNB][SCTP] Receive message in 0 stream\n"
time="2026-08-16T17:54:48+08:00" level=info msg="[GNB][NGAP] Receive Downlink NAS Transport"
time="2026-08-16T17:54:48+08:00" level=info msg="[UE][NAS] Message without security header"
time="2026-08-16T17:54:48+08:00" level=info msg="[UE][NAS] Receive Authentication Request"
time="2026-08-16T17:54:48+08:00" level=info msg="[UE][NAS][MAC] Authenticity of the authentication request message: OK"
time="2026-08-16T17:54:48+08:00" level=info msg="[UE][NAS][SQN] SQN of the authentication request message: VALID"
time="2026-08-16T17:54:48+08:00" level=info msg="[UE][NAS] Send authentication response"
time="2026-08-16T17:54:48+08:00" level=info msg="[UE] Switched from state 2 to state 2"
time="2026-08-16T17:54:48+08:00" level=info msg="[GNB][SCTP] Receive message in 0 stream\n"
time="2026-08-16T17:54:48+08:00" level=info msg="[GNB][NGAP] Receive Downlink NAS Transport"
time="2026-08-16T17:54:48+08:00" level=info msg="[UE][NAS] Message without security header"
time="2026-08-16T17:54:48+08:00" level=info msg="[UE][NAS] Receive Authentication Request"
time="2026-08-16T17:54:48+08:00" level=info msg="[UE][NAS][MAC] Authenticity of the authentication request message: OK"
time="2026-08-16T17:54:48+08:00" level=info msg="[UE][NAS][SQN] SQN of the authentication request message: VALID"
time="2026-08-16T17:54:48+08:00" level=info msg="[UE][NAS] Send authentication response"
time="2026-08-16T17:54:48+08:00" level=info msg="[UE] Switched from state 2 to state 2"
time="2026-08-16T17:54:48+08:00" level=info msg="[GNB][SCTP] Receive message in 0 stream\n"
time="2026-08-16T17:54:48+08:00" level=info msg="[GNB][NGAP] Receive Downlink NAS Transport"
time="2026-08-16T17:54:48+08:00" level=info msg="[UE][NAS] Message with security header"
time="2026-08-16T17:54:48+08:00" level=info msg="[UE][NAS] Message with integrity and with NEW 5G NAS SECURITY CONTEXT"
time="2026-08-16T17:54:48+08:00" level=error msg="[UE][NAS] NAS MAC verification failed(received:[24 217 95 62]expected:[16 132 220 52]"
time="2026-08-16T17:54:48+08:00" level=info msg="[GNB][SCTP] Receive message in 0 stream\n"
time="2026-08-16T17:54:48+08:00" level=info msg="[GNB][SCTP] Receive message in 0 stream\n"
time="2026-08-16T17:54:48+08:00" level=info msg="[GNB][SCTP] Receive message in 0 stream\n"
time="2026-08-16T17:54:48+08:00" level=info msg="[GNB][SCTP] Receive message in 0 stream\n"
time="2026-08-16T17:54:48+08:00" level=info msg="[GNB][NGAP] Receive Downlink NAS Transport"
time="2026-08-16T17:54:48+08:00" level=info msg="[UE][NAS] Message without security header"
time="2026-08-16T17:54:48+08:00" level=info msg="[UE][NAS] Receive Authentication Request"
time="2026-08-16T17:54:48+08:00" level=info msg="[UE][NAS][MAC] Authenticity of the authentication request message: OK"
time="2026-08-16T17:54:48+08:00" level=info msg="[UE][NAS][SQN] SQN of the authentication request message: VALID"
time="2026-08-16T17:54:48+08:00" level=info msg="[UE][NAS] Send authentication response"
time="2026-08-16T17:54:48+08:00" level=info msg="[UE] Switched from state 2 to state 2"
time="2026-08-16T17:54:48+08:00" level=info msg="[GNB][NGAP] Receive Downlink NAS Transport"
time="2026-08-16T17:54:48+08:00" level=info msg="[UE][NAS] Message without security header"
time="2026-08-16T17:54:48+08:00" level=info msg="[UE][NAS] Receive Authentication Request"
time="2026-08-16T17:54:48+08:00" level=info msg="[UE][NAS][MAC] Authenticity of the authentication request message: OK"
time="2026-08-16T17:54:48+08:00" level=info msg="[UE][NAS][SQN] SQN of the authentication request message: VALID"
time="2026-08-16T17:54:48+08:00" level=info msg="[UE][NAS] Send authentication response"
time="2026-08-16T17:54:48+08:00" level=info msg="[UE] Switched from state 2 to state 2"
time="2026-08-16T17:54:48+08:00" level=info msg="[GNB][NGAP] Receive Downlink NAS Transport"
time="2026-08-16T17:54:48+08:00" level=info msg="[UE][NAS] Message without security header"
time="2026-08-16T17:54:48+08:00" level=info msg="[UE][NAS] Receive Authentication Request"
time="2026-08-16T17:54:48+08:00" level=info msg="[UE][NAS][MAC] Authenticity of the authentication request message: OK"
time="2026-08-16T17:54:48+08:00" level=info msg="[UE][NAS][SQN] SQN of the authentication request message: VALID"
time="2026-08-16T17:54:48+08:00" level=info msg="[UE][NAS] Send authentication response"
time="2026-08-16T17:54:48+08:00" level=info msg="[UE] Switched from state 2 to state 2"
time="2026-08-16T17:54:48+08:00" level=info msg="[GNB][NGAP] Receive Downlink NAS Transport"
time="2026-08-16T17:54:48+08:00" level=info msg="[UE][NAS] Message without security header"
time="2026-08-16T17:54:48+08:00" level=info msg="[UE][NAS] Receive Authentication Request"
time="2026-08-16T17:54:48+08:00" level=info msg="[UE][NAS][MAC] Authenticity of the authentication request message: OK"
time="2026-08-16T17:54:48+08:00" level=info msg="[UE][NAS][SQN] SQN of the authentication request message: VALID"
time="2026-08-16T17:54:48+08:00" level=info msg="[UE][NAS] Send authentication response"
time="2026-08-16T17:54:48+08:00" level=info msg="[UE] Switched from state 2 to state 2"
time="2026-08-16T17:54:48+08:00" level=info msg="[GNB][SCTP] Receive message in 0 stream\n"
time="2026-08-16T17:54:48+08:00" level=info msg="[GNB][SCTP] Receive message in 0 stream\n"
time="2026-08-16T17:54:48+08:00" level=info msg="[GNB][NGAP] Receive Downlink NAS Transport"
time="2026-08-16T17:54:48+08:00" level=info msg="[UE][NAS] Message without security header"
time="2026-08-16T17:54:48+08:00" level=info msg="[UE][NAS] Receive Authentication Request"
time="2026-08-16T17:54:48+08:00" level=info msg="[UE][NAS][MAC] Authenticity of the authentication request message: OK"
time="2026-08-16T17:54:48+08:00" level=info msg="[UE][NAS][SQN] SQN of the authentication request message: VALID"
time="2026-08-16T17:54:48+08:00" level=info msg="[UE][NAS] Send authentication response"
time="2026-08-16T17:54:48+08:00" level=info msg="[GNB][NGAP] Receive Downlink NAS Transport"
time="2026-08-16T17:54:48+08:00" level=info msg="[UE][NAS] Message without security header"
time="2026-08-16T17:54:48+08:00" level=info msg="[UE][NAS] Receive Authentication Request"
time="2026-08-16T17:54:48+08:00" level=info msg="[UE][NAS][MAC] Authenticity of the authentication request message: OK"
time="2026-08-16T17:54:48+08:00" level=info msg="[UE][NAS][SQN] SQN of the authentication request message: VALID"
time="2026-08-16T17:54:48+08:00" level=info msg="[UE][NAS] Send authentication response"
time="2026-08-16T17:54:48+08:00" level=info msg="[UE] Switched from state 2 to state 2"
time="2026-08-16T17:54:48+08:00" level=info msg="[UE] Switched from state 2 to state 2"
time="2026-08-16T17:54:48+08:00" level=info msg="[GNB][SCTP] Receive message in 0 stream\n"
time="2026-08-16T17:54:48+08:00" level=info msg="[GNB][NGAP] Receive Downlink NAS Transport"
time="2026-08-16T17:54:48+08:00" level=info msg="[UE][NAS] Message without security header"
time="2026-08-16T17:54:48+08:00" level=info msg="[UE][NAS] Receive Authentication Request"
time="2026-08-16T17:54:48+08:00" level=info msg="[UE][NAS][MAC] Authenticity of the authentication request message: OK"
time="2026-08-16T17:54:48+08:00" level=info msg="[UE][NAS][SQN] SQN of the authentication request message: VALID"
time="2026-08-16T17:54:48+08:00" level=info msg="[UE][NAS] Send authentication response"
time="2026-08-16T17:54:48+08:00" level=info msg="[UE] Switched from state 2 to state 2"
time="2026-08-16T17:54:48+08:00" level=info msg="[GNB][SCTP] Receive message in 0 stream\n"
time="2026-08-16T17:54:48+08:00" level=info msg="[GNB][NGAP] Receive Downlink NAS Transport"
time="2026-08-16T17:54:48+08:00" level=info msg="[UE][NAS] Message without security header"
time="2026-08-16T17:54:48+08:00" level=info msg="[UE][NAS] Receive Authentication Request"
time="2026-08-16T17:54:48+08:00" level=info msg="[UE][NAS][MAC] Authenticity of the authentication request message: OK"
time="2026-08-16T17:54:48+08:00" level=info msg="[UE][NAS][SQN] SQN of the authentication request message: VALID"
time="2026-08-16T17:54:48+08:00" level=info msg="[UE][NAS] Send authentication response"
time="2026-08-16T17:54:48+08:00" level=info msg="[UE] Switched from state 2 to state 2"
time="2026-08-16T17:54:49+08:00" level=info msg="[GNB][SCTP] Receive message in 0 stream\n"
time="2026-08-16T17:54:49+08:00" level=info msg="[GNB][NGAP] Receive Downlink NAS Transport"
time="2026-08-16T17:54:49+08:00" level=info msg="[UE][NAS] Message without security header"
time="2026-08-16T17:54:49+08:00" level=info msg="[UE][NAS] Receive Authentication Request"
time="2026-08-16T17:54:49+08:00" level=info msg="[UE][NAS][MAC] Authenticity of the authentication request message: OK"
time="2026-08-16T17:54:49+08:00" level=info msg="[UE][NAS][SQN] SQN of the authentication request message: VALID"
time="2026-08-16T17:54:49+08:00" level=info msg="[UE][NAS] Send authentication response"
time="2026-08-16T17:54:49+08:00" level=info msg="[UE] Switched from state 2 to state 2"
time="2026-08-16T17:54:49+08:00" level=info msg="[GNB][SCTP] Receive message in 0 stream\n"
time="2026-08-16T17:54:49+08:00" level=info msg="[GNB][NGAP] Receive Downlink NAS Transport"
time="2026-08-16T17:54:49+08:00" level=info msg="[UE][NAS] Message without security header"
time="2026-08-16T17:54:49+08:00" level=info msg="[UE][NAS] Receive Authentication Request"
time="2026-08-16T17:54:49+08:00" level=info msg="[UE][NAS][MAC] Authenticity of the authentication request message: OK"
time="2026-08-16T17:54:49+08:00" level=info msg="[UE][NAS][SQN] SQN of the authentication request message: VALID"
time="2026-08-16T17:54:49+08:00" level=info msg="[UE][NAS] Send authentication response"
time="2026-08-16T17:54:49+08:00" level=info msg="[UE] Switched from state 2 to state 2"
time="2026-08-16T17:54:49+08:00" level=info msg="[GNB][SCTP] Receive message in 0 stream\n"
time="2026-08-16T17:54:49+08:00" level=info msg="[GNB][SCTP] Receive message in 0 stream\n"
time="2026-08-16T17:54:49+08:00" level=info msg="[GNB][NGAP] Receive Downlink NAS Transport"
time="2026-08-16T17:54:49+08:00" level=info msg="[UE][NAS] Message with security header"
time="2026-08-16T17:54:49+08:00" level=info msg="[UE][NAS] Message with integrity and with NEW 5G NAS SECURITY CONTEXT"
time="2026-08-16T17:54:49+08:00" level=error msg="[UE][NAS] NAS MAC verification failed(received:[196 15 78 242]expected:[69 77 233 198]"
time="2026-08-16T17:54:49+08:00" level=info msg="[GNB][NGAP] Receive Downlink NAS Transport"
time="2026-08-16T17:54:49+08:00" level=info msg="[UE][NAS] Message without security header"
time="2026-08-16T17:54:49+08:00" level=info msg="[UE][NAS] Receive Authentication Request"
time="2026-08-16T17:54:49+08:00" level=info msg="[UE][NAS][MAC] Authenticity of the authentication request message: OK"
time="2026-08-16T17:54:49+08:00" level=info msg="[UE][NAS][SQN] SQN of the authentication request message: VALID"
time="2026-08-16T17:54:49+08:00" level=info msg="[UE][NAS] Send authentication response"
time="2026-08-16T17:54:49+08:00" level=info msg="[UE] Switched from state 2 to state 2"
time="2026-08-16T17:54:49+08:00" level=info msg="[GNB][SCTP] Receive message in 0 stream\n"
time="2026-08-16T17:54:49+08:00" level=info msg="[GNB][NGAP] Receive Downlink NAS Transport"
time="2026-08-16T17:54:49+08:00" level=info msg="[UE][NAS] Message with security header"
time="2026-08-16T17:54:49+08:00" level=info msg="[UE][NAS] Message with integrity and with NEW 5G NAS SECURITY CONTEXT"
time="2026-08-16T17:54:49+08:00" level=error msg="[UE][NAS] NAS MAC verification failed(received:[133 155 210 38]expected:[76 209 167 223]"
time="2026-08-16T17:54:49+08:00" level=info msg="[GNB][SCTP] Receive message in 0 stream\n"
time="2026-08-16T17:54:49+08:00" level=info msg="[GNB][SCTP] Receive message in 0 stream\n"
time="2026-08-16T17:54:49+08:00" level=info msg="[GNB][SCTP] Receive message in 0 stream\n"
time="2026-08-16T17:54:49+08:00" level=info msg="[GNB][NGAP] Receive Downlink NAS Transport"
time="2026-08-16T17:54:49+08:00" level=info msg="[UE][NAS] Message without security header"
time="2026-08-16T17:54:49+08:00" level=info msg="[UE][NAS] Receive Authentication Request"
time="2026-08-16T17:54:49+08:00" level=info msg="[UE][NAS][MAC] Authenticity of the authentication request message: OK"
time="2026-08-16T17:54:49+08:00" level=info msg="[UE][NAS][SQN] SQN of the authentication request message: VALID"
time="2026-08-16T17:54:49+08:00" level=info msg="[UE][NAS] Send authentication response"
time="2026-08-16T17:54:49+08:00" level=info msg="[GNB][NGAP] Receive Downlink NAS Transport"
time="2026-08-16T17:54:49+08:00" level=info msg="[UE][NAS] Message without security header"
time="2026-08-16T17:54:49+08:00" level=info msg="[UE][NAS] Receive Authentication Request"
time="2026-08-16T17:54:49+08:00" level=info msg="[UE][NAS][MAC] Authenticity of the authentication request message: OK"
time="2026-08-16T17:54:49+08:00" level=info msg="[UE][NAS][SQN] SQN of the authentication request message: VALID"
time="2026-08-16T17:54:49+08:00" level=info msg="[UE][NAS] Send authentication response"
time="2026-08-16T17:54:49+08:00" level=info msg="[UE] Switched from state 2 to state 2"
time="2026-08-16T17:54:49+08:00" level=info msg="[UE] Switched from state 2 to state 2"
time="2026-08-16T17:54:49+08:00" level=info msg="[GNB][NGAP] Receive Downlink NAS Transport"
time="2026-08-16T17:54:49+08:00" level=info msg="[UE][NAS] Message with security header"
time="2026-08-16T17:54:49+08:00" level=info msg="[UE][NAS] Message with integrity and with NEW 5G NAS SECURITY CONTEXT"
time="2026-08-16T17:54:49+08:00" level=error msg="[UE][NAS] NAS MAC verification failed(received:[66 103 80 237]expected:[50 250 48 7]"
time="2026-08-16T17:54:49+08:00" level=info msg="[GNB][SCTP] Receive message in 0 stream\n"
time="2026-08-16T17:54:49+08:00" level=info msg="[GNB][NGAP] Receive Downlink NAS Transport"
time="2026-08-16T17:54:49+08:00" level=info msg="[UE][NAS] Message without security header"
time="2026-08-16T17:54:49+08:00" level=info msg="[UE][NAS] Receive Authentication Request"
time="2026-08-16T17:54:49+08:00" level=info msg="[UE][NAS][MAC] Authenticity of the authentication request message: OK"
time="2026-08-16T17:54:49+08:00" level=info msg="[UE][NAS][SQN] SQN of the authentication request message: VALID"
time="2026-08-16T17:54:49+08:00" level=info msg="[UE][NAS] Send authentication response"
time="2026-08-16T17:54:49+08:00" level=info msg="[UE] Switched from state 2 to state 2"
time="2026-08-16T17:54:49+08:00" level=info msg="[GNB][SCTP] Receive message in 0 stream\n"
time="2026-08-16T17:54:49+08:00" level=info msg="[GNB][NGAP] Receive Downlink NAS Transport"
time="2026-08-16T17:54:49+08:00" level=info msg="[UE][NAS] Message without security header"
time="2026-08-16T17:54:49+08:00" level=info msg="[UE][NAS] Receive Authentication Request"
time="2026-08-16T17:54:49+08:00" level=info msg="[UE][NAS][MAC] Authenticity of the authentication request message: OK"
time="2026-08-16T17:54:49+08:00" level=info msg="[UE][NAS][SQN] SQN of the authentication request message: VALID"
time="2026-08-16T17:54:49+08:00" level=info msg="[UE][NAS] Send authentication response"
time="2026-08-16T17:54:49+08:00" level=info msg="[UE] Switched from state 2 to state 2"
time="2026-08-16T17:54:49+08:00" level=info msg="[GNB][SCTP] Receive message in 0 stream\n"
time="2026-08-16T17:54:49+08:00" level=info msg="[GNB][NGAP] Receive Downlink NAS Transport"
time="2026-08-16T17:54:49+08:00" level=info msg="[UE][NAS] Message with security header"
time="2026-08-16T17:54:49+08:00" level=info msg="[UE][NAS] Message with integrity and with NEW 5G NAS SECURITY CONTEXT"
time="2026-08-16T17:54:49+08:00" level=error msg="[UE][NAS] NAS MAC verification failed(received:[56 208 52 159]expected:[46 187 172 241]"
time="2026-08-16T17:54:49+08:00" level=info msg="[GNB][SCTP] Receive message in 0 stream\n"
time="2026-08-16T17:54:49+08:00" level=info msg="[GNB][NGAP] Receive Downlink NAS Transport"
time="2026-08-16T17:54:49+08:00" level=info msg="[UE][NAS] Message with security header"
time="2026-08-16T17:54:49+08:00" level=info msg="[UE][NAS] Message with integrity and with NEW 5G NAS SECURITY CONTEXT"
time="2026-08-16T17:54:49+08:00" level=error msg="[UE][NAS] NAS MAC verification failed(received:[252 51 91 211]expected:[211 244 7 235]"
time="2026-08-16T17:54:49+08:00" level=info msg="[GNB][SCTP] Receive message in 0 stream\n"
time="2026-08-16T17:54:49+08:00" level=info msg="[GNB][SCTP] Receive message in 0 stream\n"
time="2026-08-16T17:54:49+08:00" level=info msg="[GNB][SCTP] Receive message in 0 stream\n"
time="2026-08-16T17:54:49+08:00" level=info msg="[GNB][NGAP] Receive Downlink NAS Transport"
time="2026-08-16T17:54:49+08:00" level=info msg="[UE][NAS] Message without security header"
time="2026-08-16T17:54:49+08:00" level=info msg="[UE][NAS] Receive Authentication Request"
time="2026-08-16T17:54:49+08:00" level=info msg="[UE][NAS][MAC] Authenticity of the authentication request message: OK"
time="2026-08-16T17:54:49+08:00" level=info msg="[UE][NAS][SQN] SQN of the authentication request message: VALID"
time="2026-08-16T17:54:49+08:00" level=info msg="[UE][NAS] Send authentication response"
time="2026-08-16T17:54:49+08:00" level=info msg="[GNB][NGAP] Receive Downlink NAS Transport"
time="2026-08-16T17:54:49+08:00" level=info msg="[UE][NAS] Message with security header"
time="2026-08-16T17:54:49+08:00" level=info msg="[UE][NAS] Message with integrity and with NEW 5G NAS SECURITY CONTEXT"
time="2026-08-16T17:54:49+08:00" level=error msg="[UE][NAS] NAS MAC verification failed(received:[26 134 128 228]expected:[95 127 45 34]"
time="2026-08-16T17:54:49+08:00" level=info msg="[GNB][NGAP] Receive Downlink NAS Transport"
time="2026-08-16T17:54:49+08:00" level=info msg="[UE][NAS] Message without security header"
time="2026-08-16T17:54:49+08:00" level=info msg="[UE][NAS] Receive Authentication Request"
time="2026-08-16T17:54:49+08:00" level=info msg="[UE][NAS][MAC] Authenticity of the authentication request message: OK"
time="2026-08-16T17:54:49+08:00" level=info msg="[UE][NAS][SQN] SQN of the authentication request message: VALID"
time="2026-08-16T17:54:49+08:00" level=info msg="[UE][NAS] Send authentication response"
time="2026-08-16T17:54:49+08:00" level=info msg="[UE] Switched from state 2 to state 2"
time="2026-08-16T17:54:49+08:00" level=info msg="[UE] Switched from state 2 to state 2"
time="2026-08-16T17:54:49+08:00" level=info msg="[GNB][SCTP] Receive message in 0 stream\n"
time="2026-08-16T17:54:49+08:00" level=info msg="[GNB][SCTP] Receive message in 0 stream\n"
time="2026-08-16T17:54:49+08:00" level=info msg="[GNB][NGAP] Receive Downlink NAS Transport"
time="2026-08-16T17:54:49+08:00" level=info msg="[UE][NAS] Message without security header"
time="2026-08-16T17:54:49+08:00" level=info msg="[UE][NAS] Receive Authentication Request"
time="2026-08-16T17:54:49+08:00" level=info msg="[UE][NAS][MAC] Authenticity of the authentication request message: OK"
time="2026-08-16T17:54:49+08:00" level=info msg="[UE][NAS][SQN] SQN of the authentication request message: VALID"
time="2026-08-16T17:54:49+08:00" level=info msg="[UE][NAS] Send authentication response"
time="2026-08-16T17:54:49+08:00" level=info msg="[GNB][NGAP] Receive Downlink NAS Transport"
time="2026-08-16T17:54:49+08:00" level=info msg="[UE][NAS] Message without security header"
time="2026-08-16T17:54:49+08:00" level=info msg="[UE][NAS] Receive Authentication Request"
time="2026-08-16T17:54:49+08:00" level=info msg="[UE][NAS][MAC] Authenticity of the authentication request message: OK"
time="2026-08-16T17:54:49+08:00" level=info msg="[UE][NAS][SQN] SQN of the authentication request message: VALID"
time="2026-08-16T17:54:49+08:00" level=info msg="[UE][NAS] Send authentication response"
time="2026-08-16T17:54:49+08:00" level=info msg="[UE] Switched from state 2 to state 2"
time="2026-08-16T17:54:49+08:00" level=info msg="[UE] Switched from state 2 to state 2"
time="2026-08-16T17:54:49+08:00" level=info msg="[GNB][SCTP] Receive message in 0 stream\n"
time="2026-08-16T17:54:49+08:00" level=info msg="[GNB][NGAP] Receive Downlink NAS Transport"
time="2026-08-16T17:54:49+08:00" level=info msg="[UE][NAS] Message with security header"
time="2026-08-16T17:54:49+08:00" level=info msg="[UE][NAS] Message with integrity and with NEW 5G NAS SECURITY CONTEXT"
time="2026-08-16T17:54:49+08:00" level=error msg="[UE][NAS] NAS MAC verification failed(received:[94 48 137 43]expected:[183 12 35 203]"
time="2026-08-16T17:54:50+08:00" level=info msg="[GNB][SCTP] Receive message in 0 stream\n"
time="2026-08-16T17:54:50+08:00" level=info msg="[GNB][NGAP] Receive Downlink NAS Transport"
time="2026-08-16T17:54:50+08:00" level=info msg="[UE][NAS] Message without security header"
time="2026-08-16T17:54:50+08:00" level=info msg="[UE][NAS] Receive Authentication Request"
time="2026-08-16T17:54:50+08:00" level=info msg="[UE][NAS][MAC] Authenticity of the authentication request message: OK"
time="2026-08-16T17:54:50+08:00" level=info msg="[UE][NAS][SQN] SQN of the authentication request message: VALID"
time="2026-08-16T17:54:50+08:00" level=info msg="[UE][NAS] Send authentication response"
time="2026-08-16T17:54:50+08:00" level=info msg="[UE] Switched from state 2 to state 2"
time="2026-08-16T17:54:50+08:00" level=info msg="[GNB][SCTP] Receive message in 0 stream\n"
time="2026-08-16T17:54:50+08:00" level=info msg="[GNB][NGAP] Receive Downlink NAS Transport"
time="2026-08-16T17:54:50+08:00" level=info msg="[UE][NAS] Message without security header"
time="2026-08-16T17:54:50+08:00" level=info msg="[UE][NAS] Receive Authentication Request"
time="2026-08-16T17:54:50+08:00" level=info msg="[UE][NAS][MAC] Authenticity of the authentication request message: OK"
time="2026-08-16T17:54:50+08:00" level=info msg="[UE][NAS][SQN] SQN of the authentication request message: VALID"
time="2026-08-16T17:54:50+08:00" level=info msg="[UE][NAS] Send authentication response"
time="2026-08-16T17:54:50+08:00" level=info msg="[UE] Switched from state 2 to state 2"
time="2026-08-16T17:54:50+08:00" level=info msg="[GNB][SCTP] Receive message in 0 stream\n"
time="2026-08-16T17:54:50+08:00" level=info msg="[GNB][SCTP] Receive message in 0 stream\n"
time="2026-08-16T17:54:50+08:00" level=info msg="[GNB][SCTP] Receive message in 0 stream\n"
time="2026-08-16T17:54:50+08:00" level=info msg="[GNB][SCTP] Receive message in 0 stream\n"
time="2026-08-16T17:54:50+08:00" level=info msg="[GNB][NGAP] Receive Downlink NAS Transport"
time="2026-08-16T17:54:50+08:00" level=info msg="[UE][NAS] Message without security header"
time="2026-08-16T17:54:50+08:00" level=info msg="[UE][NAS] Receive Authentication Request"
time="2026-08-16T17:54:50+08:00" level=info msg="[UE][NAS][MAC] Authenticity of the authentication request message: OK"
time="2026-08-16T17:54:50+08:00" level=info msg="[UE][NAS][SQN] SQN of the authentication request message: VALID"
time="2026-08-16T17:54:50+08:00" level=info msg="[UE][NAS] Send authentication response"
time="2026-08-16T17:54:50+08:00" level=info msg="[GNB][NGAP] Receive Downlink NAS Transport"
time="2026-08-16T17:54:50+08:00" level=info msg="[UE][NAS] Message without security header"
time="2026-08-16T17:54:50+08:00" level=info msg="[UE][NAS] Receive Authentication Request"
time="2026-08-16T17:54:50+08:00" level=info msg="[UE][NAS][MAC] Authenticity of the authentication request message: OK"
time="2026-08-16T17:54:50+08:00" level=info msg="[UE] Switched from state 2 to state 2"
time="2026-08-16T17:54:50+08:00" level=info msg="[UE][NAS][SQN] SQN of the authentication request message: VALID"
time="2026-08-16T17:54:50+08:00" level=info msg="[UE][NAS] Send authentication response"
time="2026-08-16T17:54:50+08:00" level=info msg="[GNB][NGAP] Receive Downlink NAS Transport"
time="2026-08-16T17:54:50+08:00" level=info msg="[UE][NAS] Message without security header"
time="2026-08-16T17:54:50+08:00" level=info msg="[UE][NAS] Receive Authentication Request"
time="2026-08-16T17:54:50+08:00" level=info msg="[GNB][NGAP] Receive Downlink NAS Transport"
time="2026-08-16T17:54:50+08:00" level=info msg="[UE][NAS] Message without security header"
time="2026-08-16T17:54:50+08:00" level=info msg="[UE] Switched from state 2 to state 2"
time="2026-08-16T17:54:50+08:00" level=info msg="[UE][NAS] Receive Authentication Request"
time="2026-08-16T17:54:50+08:00" level=info msg="[UE][NAS][MAC] Authenticity of the authentication request message: OK"
time="2026-08-16T17:54:50+08:00" level=info msg="[UE][NAS][SQN] SQN of the authentication request message: VALID"
time="2026-08-16T17:54:50+08:00" level=info msg="[UE][NAS] Send authentication response"
time="2026-08-16T17:54:50+08:00" level=info msg="[UE][NAS][MAC] Authenticity of the authentication request message: OK"
time="2026-08-16T17:54:50+08:00" level=info msg="[UE][NAS][SQN] SQN of the authentication request message: VALID"
time="2026-08-16T17:54:50+08:00" level=info msg="[UE][NAS] Send authentication response"
time="2026-08-16T17:54:50+08:00" level=info msg="[UE] Switched from state 2 to state 2"
time="2026-08-16T17:54:50+08:00" level=info msg="[UE] Switched from state 2 to state 2"
time="2026-08-16T17:54:50+08:00" level=info msg="[GNB][SCTP] Receive message in 0 stream\n"
time="2026-08-16T17:54:50+08:00" level=info msg="[GNB][NGAP] Receive Downlink NAS Transport"
time="2026-08-16T17:54:50+08:00" level=info msg="[UE][NAS] Message with security header"
time="2026-08-16T17:54:50+08:00" level=info msg="[UE][NAS] Message with integrity and with NEW 5G NAS SECURITY CONTEXT"
time="2026-08-16T17:54:50+08:00" level=error msg="[UE][NAS] NAS MAC verification failed(received:[237 155 111 100]expected:[167 226 193 2]"
time="2026-08-16T17:54:50+08:00" level=info msg="[GNB][SCTP] Receive message in 0 stream\n"
time="2026-08-16T17:54:50+08:00" level=info msg="[GNB][NGAP] Receive Downlink NAS Transport"
time="2026-08-16T17:54:50+08:00" level=info msg="[UE][NAS] Message without security header"
time="2026-08-16T17:54:50+08:00" level=info msg="[UE][NAS] Receive Authentication Request"
time="2026-08-16T17:54:50+08:00" level=info msg="[UE][NAS][MAC] Authenticity of the authentication request message: OK"
time="2026-08-16T17:54:50+08:00" level=info msg="[UE][NAS][SQN] SQN of the authentication request message: VALID"
time="2026-08-16T17:54:50+08:00" level=info msg="[UE][NAS] Send authentication response"
time="2026-08-16T17:54:50+08:00" level=info msg="[UE] Switched from state 2 to state 2"
time="2026-08-16T17:54:50+08:00" level=info msg="[GNB][SCTP] Receive message in 0 stream\n"
time="2026-08-16T17:54:50+08:00" level=info msg="[GNB][SCTP] Receive message in 0 stream\n"
time="2026-08-16T17:54:50+08:00" level=info msg="[GNB][NGAP] Receive Downlink NAS Transport"
time="2026-08-16T17:54:50+08:00" level=info msg="[UE][NAS] Message without security header"
time="2026-08-16T17:54:50+08:00" level=info msg="[UE][NAS] Receive Authentication Request"
time="2026-08-16T17:54:50+08:00" level=info msg="[UE][NAS][MAC] Authenticity of the authentication request message: OK"
time="2026-08-16T17:54:50+08:00" level=info msg="[UE][NAS][SQN] SQN of the authentication request message: VALID"
time="2026-08-16T17:54:50+08:00" level=info msg="[UE][NAS] Send authentication response"
time="2026-08-16T17:54:50+08:00" level=info msg="[GNB][NGAP] Receive Downlink NAS Transport"
time="2026-08-16T17:54:50+08:00" level=info msg="[UE][NAS] Message without security header"
time="2026-08-16T17:54:50+08:00" level=info msg="[UE][NAS] Receive Authentication Request"
time="2026-08-16T17:54:50+08:00" level=info msg="[UE][NAS][MAC] Authenticity of the authentication request message: OK"
time="2026-08-16T17:54:50+08:00" level=info msg="[UE][NAS][SQN] SQN of the authentication request message: VALID"
time="2026-08-16T17:54:50+08:00" level=info msg="[UE][NAS] Send authentication response"
time="2026-08-16T17:54:50+08:00" level=info msg="[UE] Switched from state 2 to state 2"
time="2026-08-16T17:54:50+08:00" level=info msg="[UE] Switched from state 2 to state 2"
time="2026-08-16T17:54:50+08:00" level=info msg="[GNB][SCTP] Receive message in 0 stream\n"
time="2026-08-16T17:54:50+08:00" level=info msg="[GNB][NGAP] Receive Downlink NAS Transport"
time="2026-08-16T17:54:50+08:00" level=info msg="[UE][NAS] Message without security header"
time="2026-08-16T17:54:50+08:00" level=info msg="[UE][NAS] Receive Authentication Request"
time="2026-08-16T17:54:50+08:00" level=info msg="[UE][NAS][MAC] Authenticity of the authentication request message: OK"
time="2026-08-16T17:54:50+08:00" level=info msg="[UE][NAS][SQN] SQN of the authentication request message: VALID"
time="2026-08-16T17:54:50+08:00" level=info msg="[UE][NAS] Send authentication response"
time="2026-08-16T17:54:50+08:00" level=info msg="[UE] Switched from state 2 to state 2"
time="2026-08-16T17:54:50+08:00" level=info msg="[GNB][SCTP] Receive message in 0 stream\n"
time="2026-08-16T17:54:50+08:00" level=info msg="[GNB][NGAP] Receive Downlink NAS Transport"
time="2026-08-16T17:54:50+08:00" level=info msg="[UE][NAS] Message without security header"
time="2026-08-16T17:54:50+08:00" level=info msg="[UE][NAS] Receive Authentication Request"
time="2026-08-16T17:54:50+08:00" level=info msg="[UE][NAS][MAC] Authenticity of the authentication request message: OK"
time="2026-08-16T17:54:50+08:00" level=info msg="[UE][NAS][SQN] SQN of the authentication request message: VALID"
time="2026-08-16T17:54:50+08:00" level=info msg="[UE][NAS] Send authentication response"
time="2026-08-16T17:54:50+08:00" level=info msg="[UE] Switched from state 2 to state 2"
time="2026-08-16T17:54:50+08:00" level=info msg="[GNB][SCTP] Receive message in 0 stream\n"
time="2026-08-16T17:54:50+08:00" level=info msg="[GNB][NGAP] Receive Downlink NAS Transport"
time="2026-08-16T17:54:50+08:00" level=info msg="[UE][NAS] Message without security header"
time="2026-08-16T17:54:50+08:00" level=info msg="[UE][NAS] Receive Authentication Request"
time="2026-08-16T17:54:50+08:00" level=info msg="[UE][NAS][MAC] Authenticity of the authentication request message: OK"
time="2026-08-16T17:54:50+08:00" level=info msg="[UE][NAS][SQN] SQN of the authentication request message: VALID"
time="2026-08-16T17:54:50+08:00" level=info msg="[UE][NAS] Send authentication response"
time="2026-08-16T17:54:50+08:00" level=info msg="[UE] Switched from state 2 to state 2"
time="2026-08-16T17:54:50+08:00" level=info msg="[GNB][SCTP] Receive message in 0 stream\n"
time="2026-08-16T17:54:50+08:00" level=info msg="[GNB][SCTP] Receive message in 0 stream\n"
time="2026-08-16T17:54:50+08:00" level=info msg="[GNB][SCTP] Receive message in 0 stream\n"
time="2026-08-16T17:54:50+08:00" level=info msg="[GNB][NGAP] Receive Downlink NAS Transport"
time="2026-08-16T17:54:50+08:00" level=info msg="[UE][NAS] Message without security header"
time="2026-08-16T17:54:50+08:00" level=info msg="[UE][NAS] Receive Authentication Request"
time="2026-08-16T17:54:50+08:00" level=info msg="[UE][NAS][MAC] Authenticity of the authentication request message: OK"
time="2026-08-16T17:54:50+08:00" level=info msg="[UE][NAS][SQN] SQN of the authentication request message: VALID"
time="2026-08-16T17:54:50+08:00" level=info msg="[UE][NAS] Send authentication response"
time="2026-08-16T17:54:50+08:00" level=info msg="[GNB][NGAP] Receive Downlink NAS Transport"
time="2026-08-16T17:54:50+08:00" level=info msg="[UE][NAS] Message without security header"
time="2026-08-16T17:54:50+08:00" level=info msg="[UE][NAS] Receive Authentication Request"
time="2026-08-16T17:54:50+08:00" level=info msg="[UE][NAS][MAC] Authenticity of the authentication request message: OK"
time="2026-08-16T17:54:50+08:00" level=info msg="[UE][NAS][SQN] SQN of the authentication request message: VALID"
time="2026-08-16T17:54:50+08:00" level=info msg="[UE][NAS] Send authentication response"
time="2026-08-16T17:54:50+08:00" level=info msg="[UE] Switched from state 2 to state 2"
time="2026-08-16T17:54:50+08:00" level=info msg="[UE] Switched from state 2 to state 2"
time="2026-08-16T17:54:50+08:00" level=info msg="[GNB][NGAP] Receive Downlink NAS Transport"
time="2026-08-16T17:54:50+08:00" level=info msg="[UE][NAS] Message with security header"
time="2026-08-16T17:54:50+08:00" level=info msg="[UE][NAS] Message with integrity and with NEW 5G NAS SECURITY CONTEXT"
time="2026-08-16T17:54:50+08:00" level=error msg="[UE][NAS] NAS MAC verification failed(received:[193 245 244 164]expected:[14 247 231 210]"
time="2026-08-16T17:54:50+08:00" level=info msg="[GNB][SCTP] Receive message in 0 stream\n"
time="2026-08-16T17:54:50+08:00" level=info msg="[GNB][NGAP] Receive Downlink NAS Transport"
time="2026-08-16T17:54:50+08:00" level=info msg="[UE][NAS] Message without security header"
time="2026-08-16T17:54:50+08:00" level=info msg="[UE][NAS] Receive Authentication Request"
time="2026-08-16T17:54:50+08:00" level=info msg="[UE][NAS][MAC] Authenticity of the authentication request message: OK"
time="2026-08-16T17:54:50+08:00" level=info msg="[UE][NAS][SQN] SQN of the authentication request message: VALID"
time="2026-08-16T17:54:50+08:00" level=info msg="[UE][NAS] Send authentication response"
time="2026-08-16T17:54:50+08:00" level=info msg="[UE] Switched from state 2 to state 2"
time="2026-08-16T17:54:51+08:00" level=info msg="[GNB][SCTP] Receive message in 0 stream\n"
time="2026-08-16T17:54:51+08:00" level=info msg="[GNB][NGAP] Receive Downlink NAS Transport"
time="2026-08-16T17:54:51+08:00" level=info msg="[UE][NAS] Message without security header"
time="2026-08-16T17:54:51+08:00" level=info msg="[UE][NAS] Receive Authentication Request"
time="2026-08-16T17:54:51+08:00" level=info msg="[UE][NAS][MAC] Authenticity of the authentication request message: OK"
time="2026-08-16T17:54:51+08:00" level=info msg="[UE][NAS][SQN] SQN of the authentication request message: VALID"
time="2026-08-16T17:54:51+08:00" level=info msg="[UE][NAS] Send authentication response"
time="2026-08-16T17:54:51+08:00" level=info msg="[UE] Switched from state 2 to state 2"
time="2026-08-16T17:54:51+08:00" level=info msg="[GNB][SCTP] Receive message in 0 stream\n"
time="2026-08-16T17:54:51+08:00" level=info msg="[GNB][SCTP] Receive message in 0 stream\n"
time="2026-08-16T17:54:51+08:00" level=info msg="[GNB][SCTP] Receive message in 0 stream\n"
time="2026-08-16T17:54:51+08:00" level=info msg="[GNB][SCTP] Receive message in 0 stream\n"
time="2026-08-16T17:54:51+08:00" level=info msg="[GNB][NGAP] Receive Downlink NAS Transport"
time="2026-08-16T17:54:51+08:00" level=info msg="[UE][NAS] Message with security header"
time="2026-08-16T17:54:51+08:00" level=info msg="[UE][NAS] Message with integrity and with NEW 5G NAS SECURITY CONTEXT"
time="2026-08-16T17:54:51+08:00" level=error msg="[UE][NAS] NAS MAC verification failed(received:[137 70 165 65]expected:[178 67 71 182]"
time="2026-08-16T17:54:51+08:00" level=info msg="[GNB][NGAP] Receive Downlink NAS Transport"
time="2026-08-16T17:54:51+08:00" level=info msg="[UE][NAS] Message without security header"
time="2026-08-16T17:54:51+08:00" level=info msg="[UE][NAS] Receive Authentication Request"
time="2026-08-16T17:54:51+08:00" level=info msg="[UE][NAS][MAC] Authenticity of the authentication request message: OK"
time="2026-08-16T17:54:51+08:00" level=info msg="[UE][NAS][SQN] SQN of the authentication request message: VALID"
time="2026-08-16T17:54:51+08:00" level=info msg="[UE][NAS] Send authentication response"
time="2026-08-16T17:54:51+08:00" level=info msg="[GNB][NGAP] Receive Downlink NAS Transport"
time="2026-08-16T17:54:51+08:00" level=info msg="[UE][NAS] Message without security header"
time="2026-08-16T17:54:51+08:00" level=info msg="[UE][NAS] Receive Authentication Request"
time="2026-08-16T17:54:51+08:00" level=info msg="[UE][NAS][MAC] Authenticity of the authentication request message: OK"
time="2026-08-16T17:54:51+08:00" level=info msg="[UE][NAS][SQN] SQN of the authentication request message: VALID"
time="2026-08-16T17:54:51+08:00" level=info msg="[UE][NAS] Send authentication response"
time="2026-08-16T17:54:51+08:00" level=info msg="[GNB][NGAP] Receive Downlink NAS Transport"
time="2026-08-16T17:54:51+08:00" level=info msg="[UE][NAS] Message without security header"
time="2026-08-16T17:54:51+08:00" level=info msg="[UE][NAS] Receive Authentication Request"
time="2026-08-16T17:54:51+08:00" level=info msg="[UE] Switched from state 2 to state 2"
time="2026-08-16T17:54:51+08:00" level=info msg="[UE] Switched from state 2 to state 2"
time="2026-08-16T17:54:51+08:00" level=info msg="[UE][NAS][MAC] Authenticity of the authentication request message: OK"
time="2026-08-16T17:54:51+08:00" level=info msg="[UE][NAS][SQN] SQN of the authentication request message: VALID"
time="2026-08-16T17:54:51+08:00" level=info msg="[UE][NAS] Send authentication response"
time="2026-08-16T17:54:51+08:00" level=info msg="[UE] Switched from state 2 to state 2"
time="2026-08-16T17:54:51+08:00" level=info msg="[GNB][SCTP] Receive message in 0 stream\n"
time="2026-08-16T17:54:51+08:00" level=info msg="[GNB][SCTP] Receive message in 0 stream\n"
time="2026-08-16T17:54:51+08:00" level=info msg="[GNB][SCTP] Receive message in 0 stream\n"
time="2026-08-16T17:54:51+08:00" level=info msg="[GNB][SCTP] Receive message in 0 stream\n"
time="2026-08-16T17:54:51+08:00" level=info msg="[GNB][SCTP] Receive message in 0 stream\n"
time="2026-08-16T17:54:51+08:00" level=info msg="[GNB][SCTP] Receive message in 0 stream\n"
time="2026-08-16T17:54:51+08:00" level=info msg="[GNB][SCTP] Receive message in 0 stream\n"
time="2026-08-16T17:54:51+08:00" level=info msg="[GNB][SCTP] Receive message in 0 stream\n"
time="2026-08-16T17:54:51+08:00" level=info msg="[GNB][SCTP] Receive message in 0 stream\n"
time="2026-08-16T17:54:51+08:00" level=info msg="[GNB][SCTP] Receive message in 0 stream\n"
time="2026-08-16T17:54:51+08:00" level=info msg="[GNB][NGAP] Receive Downlink NAS Transport"
time="2026-08-16T17:54:51+08:00" level=info msg="[UE][NAS] Message without security header"
time="2026-08-16T17:54:51+08:00" level=info msg="[UE][NAS] Receive Authentication Request"
time="2026-08-16T17:54:51+08:00" level=info msg="[UE][NAS][MAC] Authenticity of the authentication request message: OK"
time="2026-08-16T17:54:51+08:00" level=info msg="[UE][NAS][SQN] SQN of the authentication request message: VALID"
time="2026-08-16T17:54:51+08:00" level=info msg="[UE][NAS] Send authentication response"
time="2026-08-16T17:54:51+08:00" level=info msg="[GNB][NGAP] Receive Downlink NAS Transport"
time="2026-08-16T17:54:51+08:00" level=info msg="[UE][NAS] Message without security header"
time="2026-08-16T17:54:51+08:00" level=info msg="[UE][NAS] Receive Authentication Request"
time="2026-08-16T17:54:51+08:00" level=info msg="[UE][NAS][MAC] Authenticity of the authentication request message: OK"
time="2026-08-16T17:54:51+08:00" level=info msg="[UE][NAS][SQN] SQN of the authentication request message: VALID"
time="2026-08-16T17:54:51+08:00" level=info msg="[UE][NAS] Send authentication response"
time="2026-08-16T17:54:51+08:00" level=info msg="[GNB][NGAP] Receive Downlink NAS Transport"
time="2026-08-16T17:54:51+08:00" level=info msg="[UE][NAS] Message without security header"
time="2026-08-16T17:54:51+08:00" level=info msg="[UE][NAS] Receive Authentication Request"
time="2026-08-16T17:54:51+08:00" level=info msg="[GNB][NGAP] Receive Downlink NAS Transport"
time="2026-08-16T17:54:51+08:00" level=info msg="[UE][NAS] Message without security header"
time="2026-08-16T17:54:51+08:00" level=info msg="[UE][NAS] Receive Authentication Request"
time="2026-08-16T17:54:51+08:00" level=info msg="[UE][NAS][MAC] Authenticity of the authentication request message: OK"
time="2026-08-16T17:54:51+08:00" level=info msg="[UE][NAS][SQN] SQN of the authentication request message: VALID"
time="2026-08-16T17:54:51+08:00" level=info msg="[UE][NAS] Send authentication response"
time="2026-08-16T17:54:51+08:00" level=info msg="[GNB][NGAP] Receive Downlink NAS Transport"
time="2026-08-16T17:54:51+08:00" level=info msg="[UE][NAS] Message without security header"
time="2026-08-16T17:54:51+08:00" level=info msg="[UE][NAS] Receive Authentication Request"
time="2026-08-16T17:54:51+08:00" level=info msg="[UE][NAS][MAC] Authenticity of the authentication request message: OK"
time="2026-08-16T17:54:51+08:00" level=info msg="[UE][NAS][SQN] SQN of the authentication request message: VALID"
time="2026-08-16T17:54:51+08:00" level=info msg="[UE][NAS] Send authentication response"
time="2026-08-16T17:54:51+08:00" level=info msg="[GNB][NGAP] Receive Downlink NAS Transport"
time="2026-08-16T17:54:51+08:00" level=info msg="[UE][NAS] Message without security header"
time="2026-08-16T17:54:51+08:00" level=info msg="[UE][NAS] Receive Authentication Request"
time="2026-08-16T17:54:51+08:00" level=info msg="[UE][NAS][MAC] Authenticity of the authentication request message: OK"
time="2026-08-16T17:54:51+08:00" level=info msg="[UE][NAS][SQN] SQN of the authentication request message: VALID"
time="2026-08-16T17:54:51+08:00" level=info msg="[UE][NAS] Send authentication response"
time="2026-08-16T17:54:51+08:00" level=info msg="[UE] Switched from state 2 to state 2"
time="2026-08-16T17:54:51+08:00" level=info msg="[UE] Switched from state 2 to state 2"
time="2026-08-16T17:54:51+08:00" level=info msg="[UE] Switched from state 2 to state 2"
time="2026-08-16T17:54:51+08:00" level=info msg="[UE] Switched from state 2 to state 2"
time="2026-08-16T17:54:51+08:00" level=info msg="[GNB][NGAP] Receive Downlink NAS Transport"
time="2026-08-16T17:54:51+08:00" level=info msg="[UE][NAS] Message without security header"
time="2026-08-16T17:54:51+08:00" level=info msg="[UE][NAS] Receive Authentication Request"
time="2026-08-16T17:54:51+08:00" level=info msg="[UE][NAS][MAC] Authenticity of the authentication request message: OK"
time="2026-08-16T17:54:51+08:00" level=info msg="[UE][NAS][SQN] SQN of the authentication request message: VALID"
time="2026-08-16T17:54:51+08:00" level=info msg="[UE][NAS] Send authentication response"
time="2026-08-16T17:54:51+08:00" level=info msg="[UE] Switched from state 2 to state 2"
time="2026-08-16T17:54:51+08:00" level=info msg="[UE] Switched from state 2 to state 2"
time="2026-08-16T17:54:51+08:00" level=info msg="[GNB][NGAP] Receive Downlink NAS Transport"
time="2026-08-16T17:54:51+08:00" level=info msg="[UE][NAS] Message without security header"
time="2026-08-16T17:54:51+08:00" level=info msg="[UE][NAS] Receive Authentication Request"
time="2026-08-16T17:54:51+08:00" level=info msg="[UE][NAS][MAC] Authenticity of the authentication request message: OK"
time="2026-08-16T17:54:51+08:00" level=info msg="[UE][NAS][SQN] SQN of the authentication request message: VALID"
time="2026-08-16T17:54:51+08:00" level=info msg="[UE][NAS] Send authentication response"
time="2026-08-16T17:54:51+08:00" level=info msg="[GNB][NGAP] Receive Downlink NAS Transport"
time="2026-08-16T17:54:51+08:00" level=info msg="[UE][NAS] Message without security header"
time="2026-08-16T17:54:51+08:00" level=info msg="[UE][NAS] Receive Authentication Request"
time="2026-08-16T17:54:51+08:00" level=info msg="[UE][NAS][MAC] Authenticity of the authentication request message: OK"
time="2026-08-16T17:54:51+08:00" level=info msg="[UE][NAS][SQN] SQN of the authentication request message: VALID"
time="2026-08-16T17:54:51+08:00" level=info msg="[UE][NAS] Send authentication response"
time="2026-08-16T17:54:51+08:00" level=info msg="[UE][NAS][MAC] Authenticity of the authentication request message: OK"
time="2026-08-16T17:54:51+08:00" level=info msg="[UE][NAS][SQN] SQN of the authentication request message: VALID"
time="2026-08-16T17:54:51+08:00" level=info msg="[UE][NAS] Send authentication response"
time="2026-08-16T17:54:51+08:00" level=info msg="[UE] Switched from state 2 to state 2"
time="2026-08-16T17:54:51+08:00" level=info msg="[UE] Switched from state 2 to state 2"
time="2026-08-16T17:54:51+08:00" level=info msg="[UE] Switched from state 2 to state 2"
time="2026-08-16T17:54:51+08:00" level=info msg="[GNB][NGAP] Receive Downlink NAS Transport"
time="2026-08-16T17:54:51+08:00" level=info msg="[UE][NAS] Message without security header"
time="2026-08-16T17:54:51+08:00" level=info msg="[UE][NAS] Receive Authentication Request"
time="2026-08-16T17:54:51+08:00" level=info msg="[UE][NAS][MAC] Authenticity of the authentication request message: OK"
time="2026-08-16T17:54:51+08:00" level=info msg="[UE][NAS][SQN] SQN of the authentication request message: VALID"
time="2026-08-16T17:54:51+08:00" level=info msg="[UE][NAS] Send authentication response"
time="2026-08-16T17:54:51+08:00" level=info msg="[UE] Switched from state 2 to state 2"
time="2026-08-16T17:54:51+08:00" level=info msg="[GNB][SCTP] Receive message in 0 stream\n"
time="2026-08-16T17:54:51+08:00" level=info msg="[GNB][SCTP] Receive message in 0 stream\n"
time="2026-08-16T17:54:51+08:00" level=info msg="[GNB][SCTP] Receive message in 0 stream\n"
time="2026-08-16T17:54:51+08:00" level=info msg="[GNB][NGAP] Receive Downlink NAS Transport"
time="2026-08-16T17:54:51+08:00" level=info msg="[UE][NAS] Message without security header"
time="2026-08-16T17:54:51+08:00" level=info msg="[UE][NAS] Receive Authentication Request"
time="2026-08-16T17:54:51+08:00" level=info msg="[UE][NAS][MAC] Authenticity of the authentication request message: OK"
time="2026-08-16T17:54:51+08:00" level=info msg="[UE][NAS][SQN] SQN of the authentication request message: VALID"
time="2026-08-16T17:54:51+08:00" level=info msg="[UE][NAS] Send authentication response"
time="2026-08-16T17:54:51+08:00" level=info msg="[UE] Switched from state 2 to state 2"
time="2026-08-16T17:54:51+08:00" level=info msg="[GNB][NGAP] Receive Downlink NAS Transport"
time="2026-08-16T17:54:51+08:00" level=info msg="[UE][NAS] Message without security header"
time="2026-08-16T17:54:51+08:00" level=info msg="[UE][NAS] Receive Authentication Request"
time="2026-08-16T17:54:51+08:00" level=info msg="[UE][NAS][MAC] Authenticity of the authentication request message: OK"
time="2026-08-16T17:54:51+08:00" level=info msg="[UE][NAS][SQN] SQN of the authentication request message: VALID"
time="2026-08-16T17:54:51+08:00" level=info msg="[UE][NAS] Send authentication response"
time="2026-08-16T17:54:51+08:00" level=info msg="[GNB][NGAP] Receive Downlink NAS Transport"
time="2026-08-16T17:54:51+08:00" level=info msg="[UE][NAS] Message without security header"
time="2026-08-16T17:54:51+08:00" level=info msg="[UE][NAS] Receive Authentication Request"
time="2026-08-16T17:54:51+08:00" level=info msg="[UE][NAS][MAC] Authenticity of the authentication request message: OK"
time="2026-08-16T17:54:51+08:00" level=info msg="[UE][NAS][SQN] SQN of the authentication request message: VALID"
time="2026-08-16T17:54:51+08:00" level=info msg="[UE][NAS] Send authentication response"
time="2026-08-16T17:54:51+08:00" level=info msg="[UE] Switched from state 2 to state 2"
time="2026-08-16T17:54:51+08:00" level=info msg="[UE] Switched from state 2 to state 2"
time="2026-08-16T17:54:51+08:00" level=info msg="[GNB][SCTP] Receive message in 0 stream\n"
time="2026-08-16T17:54:51+08:00" level=info msg="[GNB][SCTP] Receive message in 0 stream\n"
time="2026-08-16T17:54:51+08:00" level=info msg="[GNB][SCTP] Receive message in 0 stream\n"
time="2026-08-16T17:54:51+08:00" level=info msg="[GNB][SCTP] Receive message in 0 stream\n"
time="2026-08-16T17:54:51+08:00" level=info msg="[GNB][NGAP] Receive Downlink NAS Transport"
time="2026-08-16T17:54:51+08:00" level=info msg="[UE][NAS] Message without security header"
time="2026-08-16T17:54:51+08:00" level=info msg="[UE][NAS] Receive Authentication Request"
time="2026-08-16T17:54:51+08:00" level=info msg="[UE][NAS][MAC] Authenticity of the authentication request message: OK"
time="2026-08-16T17:54:51+08:00" level=info msg="[UE][NAS][SQN] SQN of the authentication request message: VALID"
time="2026-08-16T17:54:51+08:00" level=info msg="[UE][NAS] Send authentication response"
time="2026-08-16T17:54:51+08:00" level=info msg="[UE] Switched from state 2 to state 2"
time="2026-08-16T17:54:51+08:00" level=info msg="[GNB][NGAP] Receive Downlink NAS Transport"
time="2026-08-16T17:54:51+08:00" level=info msg="[UE][NAS] Message without security header"
time="2026-08-16T17:54:51+08:00" level=info msg="[UE][NAS] Receive Authentication Request"
time="2026-08-16T17:54:51+08:00" level=info msg="[UE][NAS][MAC] Authenticity of the authentication request message: OK"
time="2026-08-16T17:54:51+08:00" level=info msg="[UE][NAS][SQN] SQN of the authentication request message: VALID"
time="2026-08-16T17:54:51+08:00" level=info msg="[UE][NAS] Send authentication response"
time="2026-08-16T17:54:51+08:00" level=info msg="[GNB][NGAP] Receive Downlink NAS Transport"
time="2026-08-16T17:54:51+08:00" level=info msg="[UE][NAS] Message without security header"
time="2026-08-16T17:54:51+08:00" level=info msg="[UE][NAS] Receive Authentication Request"
time="2026-08-16T17:54:51+08:00" level=info msg="[UE][NAS][MAC] Authenticity of the authentication request message: OK"
time="2026-08-16T17:54:51+08:00" level=info msg="[UE] Switched from state 2 to state 2"
time="2026-08-16T17:54:51+08:00" level=info msg="[UE][NAS][SQN] SQN of the authentication request message: VALID"
time="2026-08-16T17:54:51+08:00" level=info msg="[UE][NAS] Send authentication response"
time="2026-08-16T17:54:51+08:00" level=info msg="[GNB][NGAP] Receive Downlink NAS Transport"
time="2026-08-16T17:54:51+08:00" level=info msg="[UE][NAS] Message without security header"
time="2026-08-16T17:54:51+08:00" level=info msg="[UE][NAS] Receive Authentication Request"
time="2026-08-16T17:54:51+08:00" level=info msg="[UE][NAS][MAC] Authenticity of the authentication request message: OK"
time="2026-08-16T17:54:51+08:00" level=info msg="[UE][NAS][SQN] SQN of the authentication request message: VALID"
time="2026-08-16T17:54:51+08:00" level=info msg="[UE][NAS] Send authentication response"
time="2026-08-16T17:54:51+08:00" level=info msg="[UE] Switched from state 2 to state 2"
time="2026-08-16T17:54:51+08:00" level=info msg="[UE] Switched from state 2 to state 2"
time="2026-08-16T17:54:52+08:00" level=info msg="[GNB][SCTP] Receive message in 0 stream\n"
time="2026-08-16T17:54:52+08:00" level=info msg="[GNB][NGAP] Receive Downlink NAS Transport"
time="2026-08-16T17:54:52+08:00" level=info msg="[UE][NAS] Message without security header"
time="2026-08-16T17:54:52+08:00" level=info msg="[UE][NAS] Receive Authentication Request"
time="2026-08-16T17:54:52+08:00" level=info msg="[UE][NAS][MAC] Authenticity of the authentication request message: OK"
time="2026-08-16T17:54:52+08:00" level=info msg="[UE][NAS][SQN] SQN of the authentication request message: VALID"
time="2026-08-16T17:54:52+08:00" level=info msg="[UE][NAS] Send authentication response"
time="2026-08-16T17:54:52+08:00" level=info msg="[UE] Switched from state 2 to state 2"
time="2026-08-16T17:54:52+08:00" level=info msg="[GNB][SCTP] Receive message in 0 stream\n"
time="2026-08-16T17:54:52+08:00" level=info msg="[GNB][SCTP] Receive message in 0 stream\n"
time="2026-08-16T17:54:52+08:00" level=info msg="[GNB][SCTP] Receive message in 0 stream\n"
time="2026-08-16T17:54:52+08:00" level=info msg="[GNB][SCTP] Receive message in 0 stream\n"
time="2026-08-16T17:54:52+08:00" level=info msg="[GNB][SCTP] Receive message in 0 stream\n"
time="2026-08-16T17:54:52+08:00" level=info msg="[GNB][NGAP] Receive Downlink NAS Transport"
time="2026-08-16T17:54:52+08:00" level=info msg="[UE][NAS] Message without security header"
time="2026-08-16T17:54:52+08:00" level=info msg="[UE][NAS] Receive Authentication Request"
time="2026-08-16T17:54:52+08:00" level=info msg="[GNB][NGAP] Receive Downlink NAS Transport"
time="2026-08-16T17:54:52+08:00" level=info msg="[GNB][NGAP] Receive Downlink NAS Transport"
time="2026-08-16T17:54:52+08:00" level=info msg="[UE][NAS] Message without security header"
time="2026-08-16T17:54:52+08:00" level=info msg="[UE][NAS] Receive Authentication Request"
time="2026-08-16T17:54:52+08:00" level=info msg="[UE][NAS][MAC] Authenticity of the authentication request message: OK"
time="2026-08-16T17:54:52+08:00" level=info msg="[UE][NAS][SQN] SQN of the authentication request message: VALID"
time="2026-08-16T17:54:52+08:00" level=info msg="[UE][NAS] Send authentication response"
time="2026-08-16T17:54:52+08:00" level=info msg="[GNB][NGAP] Receive Downlink NAS Transport"
time="2026-08-16T17:54:52+08:00" level=info msg="[UE][NAS] Message without security header"
time="2026-08-16T17:54:52+08:00" level=info msg="[UE][NAS] Receive Authentication Request"
time="2026-08-16T17:54:52+08:00" level=info msg="[UE][NAS][MAC] Authenticity of the authentication request message: OK"
time="2026-08-16T17:54:52+08:00" level=info msg="[UE][NAS][SQN] SQN of the authentication request message: VALID"
time="2026-08-16T17:54:52+08:00" level=info msg="[UE][NAS] Send authentication response"
time="2026-08-16T17:54:52+08:00" level=info msg="[UE] Switched from state 2 to state 2"
time="2026-08-16T17:54:52+08:00" level=info msg="[UE] Switched from state 2 to state 2"
time="2026-08-16T17:54:52+08:00" level=info msg="[UE][NAS] Message without security header"
time="2026-08-16T17:54:52+08:00" level=info msg="[UE][NAS] Receive Authentication Request"
time="2026-08-16T17:54:52+08:00" level=info msg="[UE][NAS][MAC] Authenticity of the authentication request message: OK"
time="2026-08-16T17:54:52+08:00" level=info msg="[UE][NAS][SQN] SQN of the authentication request message: VALID"
time="2026-08-16T17:54:52+08:00" level=info msg="[UE][NAS] Send authentication response"
time="2026-08-16T17:54:52+08:00" level=info msg="[UE][NAS][MAC] Authenticity of the authentication request message: OK"
time="2026-08-16T17:54:52+08:00" level=info msg="[UE][NAS][SQN] SQN of the authentication request message: VALID"
time="2026-08-16T17:54:52+08:00" level=info msg="[UE][NAS] Send authentication response"
time="2026-08-16T17:54:52+08:00" level=info msg="[UE] Switched from state 2 to state 2"
time="2026-08-16T17:54:52+08:00" level=info msg="[GNB][NGAP] Receive Downlink NAS Transport"
time="2026-08-16T17:54:52+08:00" level=info msg="[UE][NAS] Message without security header"
time="2026-08-16T17:54:52+08:00" level=info msg="[UE][NAS] Receive Authentication Request"
time="2026-08-16T17:54:52+08:00" level=info msg="[UE][NAS][MAC] Authenticity of the authentication request message: OK"
time="2026-08-16T17:54:52+08:00" level=info msg="[UE][NAS][SQN] SQN of the authentication request message: VALID"
time="2026-08-16T17:54:52+08:00" level=info msg="[UE][NAS] Send authentication response"
time="2026-08-16T17:54:52+08:00" level=info msg="[UE] Switched from state 2 to state 2"
time="2026-08-16T17:54:52+08:00" level=info msg="[UE] Switched from state 2 to state 2"
time="2026-08-16T17:54:52+08:00" level=info msg="[GNB][SCTP] Receive message in 0 stream\n"
time="2026-08-16T17:54:52+08:00" level=info msg="[GNB][SCTP] Receive message in 0 stream\n"
time="2026-08-16T17:54:52+08:00" level=info msg="[GNB][SCTP] Receive message in 0 stream\n"
time="2026-08-16T17:54:52+08:00" level=info msg="[GNB][SCTP] Receive message in 0 stream\n"
time="2026-08-16T17:54:52+08:00" level=info msg="[GNB][SCTP] Receive message in 0 stream\n"
time="2026-08-16T17:54:52+08:00" level=info msg="[GNB][NGAP] Receive Downlink NAS Transport"
time="2026-08-16T17:54:52+08:00" level=info msg="[UE][NAS] Message without security header"
time="2026-08-16T17:54:52+08:00" level=info msg="[UE][NAS] Receive Authentication Request"
time="2026-08-16T17:54:52+08:00" level=info msg="[UE][NAS][MAC] Authenticity of the authentication request message: OK"
time="2026-08-16T17:54:52+08:00" level=info msg="[UE][NAS][SQN] SQN of the authentication request message: VALID"
time="2026-08-16T17:54:52+08:00" level=info msg="[UE][NAS] Send authentication response"
time="2026-08-16T17:54:52+08:00" level=info msg="[GNB][NGAP] Receive Downlink NAS Transport"
time="2026-08-16T17:54:52+08:00" level=info msg="[UE][NAS] Message without security header"
time="2026-08-16T17:54:52+08:00" level=info msg="[UE][NAS] Receive Authentication Request"
time="2026-08-16T17:54:52+08:00" level=info msg="[UE][NAS][MAC] Authenticity of the authentication request message: OK"
time="2026-08-16T17:54:52+08:00" level=info msg="[UE][NAS][SQN] SQN of the authentication request message: VALID"
time="2026-08-16T17:54:52+08:00" level=info msg="[UE][NAS] Send authentication response"
time="2026-08-16T17:54:52+08:00" level=info msg="[UE] Switched from state 2 to state 2"
time="2026-08-16T17:54:52+08:00" level=info msg="[GNB][NGAP] Receive Downlink NAS Transport"
time="2026-08-16T17:54:52+08:00" level=info msg="[UE][NAS] Message without security header"
time="2026-08-16T17:54:52+08:00" level=info msg="[UE][NAS] Receive Authentication Request"
time="2026-08-16T17:54:52+08:00" level=info msg="[UE][NAS][MAC] Authenticity of the authentication request message: OK"
time="2026-08-16T17:54:52+08:00" level=info msg="[UE][NAS][SQN] SQN of the authentication request message: VALID"
time="2026-08-16T17:54:52+08:00" level=info msg="[UE][NAS] Send authentication response"
time="2026-08-16T17:54:52+08:00" level=info msg="[GNB][NGAP] Receive Downlink NAS Transport"
time="2026-08-16T17:54:52+08:00" level=info msg="[UE][NAS] Message without security header"
time="2026-08-16T17:54:52+08:00" level=info msg="[UE][NAS] Receive Authentication Request"
time="2026-08-16T17:54:52+08:00" level=info msg="[UE][NAS][MAC] Authenticity of the authentication request message: OK"
time="2026-08-16T17:54:52+08:00" level=info msg="[UE][NAS][SQN] SQN of the authentication request message: VALID"
time="2026-08-16T17:54:52+08:00" level=info msg="[UE][NAS] Send authentication response"
time="2026-08-16T17:54:52+08:00" level=info msg="[GNB][NGAP] Receive Downlink NAS Transport"
time="2026-08-16T17:54:52+08:00" level=info msg="[UE][NAS] Message without security header"
time="2026-08-16T17:54:52+08:00" level=info msg="[UE][NAS] Receive Authentication Request"
time="2026-08-16T17:54:52+08:00" level=info msg="[UE][NAS][MAC] Authenticity of the authentication request message: OK"
time="2026-08-16T17:54:52+08:00" level=info msg="[UE][NAS][SQN] SQN of the authentication request message: VALID"
time="2026-08-16T17:54:52+08:00" level=info msg="[UE][NAS] Send authentication response"
time="2026-08-16T17:54:52+08:00" level=info msg="[UE] Switched from state 2 to state 2"
time="2026-08-16T17:54:52+08:00" level=info msg="[UE] Switched from state 2 to state 2"
time="2026-08-16T17:54:52+08:00" level=info msg="[UE] Switched from state 2 to state 2"
time="2026-08-16T17:54:52+08:00" level=info msg="[UE] Switched from state 2 to state 2"
time="2026-08-16T17:54:52+08:00" level=info msg="[GNB][SCTP] Receive message in 0 stream\n"
time="2026-08-16T17:54:52+08:00" level=info msg="[GNB][NGAP] Receive Downlink NAS Transport"
time="2026-08-16T17:54:52+08:00" level=info msg="[UE][NAS] Message without security header"
time="2026-08-16T17:54:52+08:00" level=info msg="[UE][NAS] Receive Authentication Request"
time="2026-08-16T17:54:52+08:00" level=info msg="[UE][NAS][MAC] Authenticity of the authentication request message: OK"
time="2026-08-16T17:54:52+08:00" level=info msg="[UE][NAS][SQN] SQN of the authentication request message: VALID"
time="2026-08-16T17:54:52+08:00" level=info msg="[UE][NAS] Send authentication response"
time="2026-08-16T17:54:52+08:00" level=info msg="[UE] Switched from state 2 to state 2"
time="2026-08-16T17:54:52+08:00" level=info msg="[GNB][SCTP] Receive message in 0 stream\n"
time="2026-08-16T17:54:52+08:00" level=info msg="[GNB][SCTP] Receive message in 0 stream\n"
time="2026-08-16T17:54:52+08:00" level=info msg="[GNB][SCTP] Receive message in 0 stream\n"
time="2026-08-16T17:54:52+08:00" level=info msg="[GNB][SCTP] Receive message in 0 stream\n"
time="2026-08-16T17:54:52+08:00" level=info msg="[GNB][SCTP] Receive message in 0 stream\n"
time="2026-08-16T17:54:52+08:00" level=info msg="[GNB][SCTP] Receive message in 0 stream\n"
time="2026-08-16T17:54:52+08:00" level=info msg="[GNB][NGAP] Receive Downlink NAS Transport"
time="2026-08-16T17:54:52+08:00" level=info msg="[UE][NAS] Message without security header"
time="2026-08-16T17:54:52+08:00" level=info msg="[UE][NAS] Receive Authentication Request"
time="2026-08-16T17:54:52+08:00" level=info msg="[GNB][NGAP] Receive Downlink NAS Transport"
time="2026-08-16T17:54:52+08:00" level=info msg="[UE][NAS][MAC] Authenticity of the authentication request message: OK"
time="2026-08-16T17:54:52+08:00" level=info msg="[UE][NAS][SQN] SQN of the authentication request message: VALID"
time="2026-08-16T17:54:52+08:00" level=info msg="[UE][NAS] Send authentication response"
time="2026-08-16T17:54:52+08:00" level=info msg="[GNB][NGAP] Receive Downlink NAS Transport"
time="2026-08-16T17:54:52+08:00" level=info msg="[UE][NAS] Message without security header"
time="2026-08-16T17:54:52+08:00" level=info msg="[UE] Switched from state 2 to state 2"
time="2026-08-16T17:54:52+08:00" level=info msg="[UE][NAS] Message without security header"
time="2026-08-16T17:54:52+08:00" level=info msg="[UE][NAS] Receive Authentication Request"
time="2026-08-16T17:54:52+08:00" level=info msg="[UE][NAS][MAC] Authenticity of the authentication request message: OK"
time="2026-08-16T17:54:52+08:00" level=info msg="[UE][NAS][SQN] SQN of the authentication request message: VALID"
time="2026-08-16T17:54:52+08:00" level=info msg="[UE][NAS] Send authentication response"
time="2026-08-16T17:54:52+08:00" level=info msg="[GNB][NGAP] Receive Downlink NAS Transport"
time="2026-08-16T17:54:52+08:00" level=info msg="[UE][NAS] Message with security header"
time="2026-08-16T17:54:52+08:00" level=info msg="[UE][NAS] Message with integrity and with NEW 5G NAS SECURITY CONTEXT"
time="2026-08-16T17:54:52+08:00" level=error msg="[UE][NAS] NAS MAC verification failed(received:[211 170 8 50]expected:[65 80 1 121]"
time="2026-08-16T17:54:52+08:00" level=info msg="[UE][NAS] Receive Authentication Request"
time="2026-08-16T17:54:52+08:00" level=info msg="[UE][NAS][MAC] Authenticity of the authentication request message: OK"
time="2026-08-16T17:54:52+08:00" level=info msg="[UE][NAS][SQN] SQN of the authentication request message: VALID"
time="2026-08-16T17:54:52+08:00" level=info msg="[UE][NAS] Send authentication response"
time="2026-08-16T17:54:52+08:00" level=info msg="[GNB][NGAP] Receive Downlink NAS Transport"
time="2026-08-16T17:54:52+08:00" level=info msg="[UE][NAS] Message without security header"
time="2026-08-16T17:54:52+08:00" level=info msg="[UE][NAS] Receive Authentication Request"
time="2026-08-16T17:54:52+08:00" level=info msg="[UE][NAS][MAC] Authenticity of the authentication request message: OK"
time="2026-08-16T17:54:52+08:00" level=info msg="[UE][NAS][SQN] SQN of the authentication request message: VALID"
time="2026-08-16T17:54:52+08:00" level=info msg="[UE][NAS] Send authentication response"
time="2026-08-16T17:54:52+08:00" level=info msg="[UE] Switched from state 2 to state 2"
time="2026-08-16T17:54:52+08:00" level=info msg="[UE] Switched from state 2 to state 2"
time="2026-08-16T17:54:52+08:00" level=info msg="[GNB][NGAP] Receive Downlink NAS Transport"
time="2026-08-16T17:54:52+08:00" level=info msg="[UE][NAS] Message without security header"
time="2026-08-16T17:54:52+08:00" level=info msg="[UE][NAS] Receive Authentication Request"
time="2026-08-16T17:54:52+08:00" level=info msg="[UE][NAS][MAC] Authenticity of the authentication request message: OK"
time="2026-08-16T17:54:52+08:00" level=info msg="[UE][NAS][SQN] SQN of the authentication request message: VALID"
time="2026-08-16T17:54:52+08:00" level=info msg="[UE][NAS] Send authentication response"
time="2026-08-16T17:54:52+08:00" level=info msg="[UE] Switched from state 2 to state 2"
time="2026-08-16T17:54:52+08:00" level=info msg="[UE] Switched from state 2 to state 2"
time="2026-08-16T17:54:53+08:00" level=info msg="[GNB][SCTP] Receive message in 0 stream\n"
time="2026-08-16T17:54:53+08:00" level=info msg="[GNB][NGAP] Receive Downlink NAS Transport"
time="2026-08-16T17:54:53+08:00" level=info msg="[UE][NAS] Message without security header"
time="2026-08-16T17:54:53+08:00" level=info msg="[UE][NAS] Receive Authentication Request"
time="2026-08-16T17:54:53+08:00" level=info msg="[UE][NAS][MAC] Authenticity of the authentication request message: OK"
time="2026-08-16T17:54:53+08:00" level=info msg="[UE][NAS][SQN] SQN of the authentication request message: VALID"
time="2026-08-16T17:54:53+08:00" level=info msg="[UE][NAS] Send authentication response"
time="2026-08-16T17:54:53+08:00" level=info msg="[UE] Switched from state 2 to state 2"
time="2026-08-16T17:54:53+08:00" level=info msg="[GNB][SCTP] Receive message in 0 stream\n"
time="2026-08-16T17:54:53+08:00" level=info msg="[GNB][SCTP] Receive message in 0 stream\n"
time="2026-08-16T17:54:53+08:00" level=info msg="[GNB][SCTP] Receive message in 0 stream\n"
time="2026-08-16T17:54:53+08:00" level=info msg="[GNB][SCTP] Receive message in 0 stream\n"
time="2026-08-16T17:54:53+08:00" level=info msg="[GNB][SCTP] Receive message in 0 stream\n"
time="2026-08-16T17:54:53+08:00" level=info msg="[GNB][SCTP] Receive message in 0 stream\n"
time="2026-08-16T17:54:53+08:00" level=info msg="[GNB][SCTP] Receive message in 0 stream\n"
time="2026-08-16T17:54:53+08:00" level=info msg="[GNB][NGAP] Receive Downlink NAS Transport"
time="2026-08-16T17:54:53+08:00" level=info msg="[UE][NAS] Message with security header"
time="2026-08-16T17:54:53+08:00" level=info msg="[UE][NAS] Message with integrity and with NEW 5G NAS SECURITY CONTEXT"
time="2026-08-16T17:54:53+08:00" level=error msg="[UE][NAS] NAS MAC verification failed(received:[108 112 107 71]expected:[84 215 42 5]"
time="2026-08-16T17:54:53+08:00" level=info msg="[GNB][NGAP] Receive Downlink NAS Transport"
time="2026-08-16T17:54:53+08:00" level=info msg="[UE][NAS] Message with security header"
time="2026-08-16T17:54:53+08:00" level=info msg="[UE][NAS] Message with integrity and with NEW 5G NAS SECURITY CONTEXT"
time="2026-08-16T17:54:53+08:00" level=error msg="[UE][NAS] NAS MAC verification failed(received:[249 164 68 130]expected:[138 194 19 77]"
time="2026-08-16T17:54:53+08:00" level=info msg="[GNB][NGAP] Receive Downlink NAS Transport"
time="2026-08-16T17:54:53+08:00" level=info msg="[UE][NAS] Message without security header"
time="2026-08-16T17:54:53+08:00" level=info msg="[UE][NAS] Receive Authentication Request"
time="2026-08-16T17:54:53+08:00" level=info msg="[UE][NAS][MAC] Authenticity of the authentication request message: OK"
time="2026-08-16T17:54:53+08:00" level=info msg="[UE][NAS][SQN] SQN of the authentication request message: VALID"
time="2026-08-16T17:54:53+08:00" level=info msg="[UE][NAS] Send authentication response"
time="2026-08-16T17:54:53+08:00" level=info msg="[UE] Switched from state 2 to state 2"
time="2026-08-16T17:54:53+08:00" level=info msg="[GNB][NGAP] Receive Downlink NAS Transport"
time="2026-08-16T17:54:53+08:00" level=info msg="[GNB][NGAP] Receive Downlink NAS Transport"
time="2026-08-16T17:54:53+08:00" level=info msg="[UE][NAS] Message with security header"
time="2026-08-16T17:54:53+08:00" level=info msg="[UE][NAS] Message with integrity and with NEW 5G NAS SECURITY CONTEXT"
time="2026-08-16T17:54:53+08:00" level=error msg="[UE][NAS] NAS MAC verification failed(received:[75 117 181 12]expected:[78 155 217 108]"
time="2026-08-16T17:54:53+08:00" level=info msg="[UE][NAS] Message without security header"
time="2026-08-16T17:54:53+08:00" level=info msg="[UE][NAS] Receive Authentication Request"
time="2026-08-16T17:54:53+08:00" level=info msg="[UE][NAS][MAC] Authenticity of the authentication request message: OK"
time="2026-08-16T17:54:53+08:00" level=info msg="[UE][NAS][SQN] SQN of the authentication request message: VALID"
time="2026-08-16T17:54:53+08:00" level=info msg="[UE][NAS] Send authentication response"
time="2026-08-16T17:54:53+08:00" level=info msg="[GNB][NGAP] Receive Downlink NAS Transport"
time="2026-08-16T17:54:53+08:00" level=info msg="[UE][NAS] Message without security header"
time="2026-08-16T17:54:53+08:00" level=info msg="[UE][NAS] Receive Authentication Request"
time="2026-08-16T17:54:53+08:00" level=info msg="[UE][NAS][MAC] Authenticity of the authentication request message: OK"
time="2026-08-16T17:54:53+08:00" level=info msg="[UE][NAS][SQN] SQN of the authentication request message: VALID"
time="2026-08-16T17:54:53+08:00" level=info msg="[UE][NAS] Send authentication response"
time="2026-08-16T17:54:53+08:00" level=info msg="[GNB][NGAP] Receive Downlink NAS Transport"
time="2026-08-16T17:54:53+08:00" level=info msg="[UE][NAS] Message without security header"
time="2026-08-16T17:54:53+08:00" level=info msg="[UE][NAS] Receive Authentication Request"
time="2026-08-16T17:54:53+08:00" level=info msg="[UE] Switched from state 2 to state 2"
time="2026-08-16T17:54:53+08:00" level=info msg="[UE] Switched from state 2 to state 2"
time="2026-08-16T17:54:53+08:00" level=info msg="[UE][NAS][MAC] Authenticity of the authentication request message: OK"
time="2026-08-16T17:54:53+08:00" level=info msg="[UE][NAS][SQN] SQN of the authentication request message: VALID"
time="2026-08-16T17:54:53+08:00" level=info msg="[UE][NAS] Send authentication response"
time="2026-08-16T17:54:53+08:00" level=info msg="[UE] Switched from state 2 to state 2"
time="2026-08-16T17:54:53+08:00" level=info msg="[GNB][SCTP] Receive message in 0 stream\n"
time="2026-08-16T17:54:53+08:00" level=info msg="[GNB][NGAP] Receive Downlink NAS Transport"
time="2026-08-16T17:54:53+08:00" level=info msg="[UE][NAS] Message without security header"
time="2026-08-16T17:54:53+08:00" level=info msg="[UE][NAS] Receive Authentication Request"
time="2026-08-16T17:54:53+08:00" level=info msg="[UE][NAS][MAC] Authenticity of the authentication request message: OK"
time="2026-08-16T17:54:53+08:00" level=info msg="[UE][NAS][SQN] SQN of the authentication request message: VALID"
time="2026-08-16T17:54:53+08:00" level=info msg="[UE][NAS] Send authentication response"
time="2026-08-16T17:54:53+08:00" level=info msg="[UE] Switched from state 2 to state 2"
time="2026-08-16T17:54:53+08:00" level=info msg="[GNB][SCTP] Receive message in 0 stream\n"
time="2026-08-16T17:54:53+08:00" level=info msg="[GNB][NGAP] Receive Downlink NAS Transport"
time="2026-08-16T17:54:53+08:00" level=info msg="[UE][NAS] Message with security header"
time="2026-08-16T17:54:53+08:00" level=info msg="[UE][NAS] Message with integrity and with NEW 5G NAS SECURITY CONTEXT"
time="2026-08-16T17:54:53+08:00" level=error msg="[UE][NAS] NAS MAC verification failed(received:[249 82 137 173]expected:[236 61 211 158]"
time="2026-08-16T17:54:54+08:00" level=info msg="[GNB][SCTP] Receive message in 0 stream\n"
time="2026-08-16T17:54:54+08:00" level=info msg="[GNB][NGAP] Receive Downlink NAS Transport"
time="2026-08-16T17:54:54+08:00" level=info msg="[UE][NAS] Message without security header"
time="2026-08-16T17:54:54+08:00" level=info msg="[UE][NAS] Receive Authentication Request"
time="2026-08-16T17:54:54+08:00" level=info msg="[UE][NAS][MAC] Authenticity of the authentication request message: OK"
time="2026-08-16T17:54:54+08:00" level=info msg="[UE][NAS][SQN] SQN of the authentication request message: VALID"
time="2026-08-16T17:54:54+08:00" level=info msg="[UE][NAS] Send authentication response"
time="2026-08-16T17:54:54+08:00" level=info msg="[UE] Switched from state 2 to state 2"
time="2026-08-16T17:54:54+08:00" level=info msg="[GNB][SCTP] Receive message in 0 stream\n"
time="2026-08-16T17:54:54+08:00" level=info msg="[GNB][NGAP] Receive Downlink NAS Transport"
time="2026-08-16T17:54:54+08:00" level=info msg="[UE][NAS] Message without security header"
time="2026-08-16T17:54:54+08:00" level=info msg="[UE][NAS] Receive Authentication Request"
time="2026-08-16T17:54:54+08:00" level=info msg="[UE][NAS][MAC] Authenticity of the authentication request message: OK"
time="2026-08-16T17:54:54+08:00" level=info msg="[UE][NAS][SQN] SQN of the authentication request message: VALID"
time="2026-08-16T17:54:54+08:00" level=info msg="[UE][NAS] Send authentication response"
time="2026-08-16T17:54:54+08:00" level=info msg="[UE] Switched from state 2 to state 2"
time="2026-08-16T17:54:54+08:00" level=info msg="[GNB][SCTP] Receive message in 0 stream\n"
time="2026-08-16T17:54:54+08:00" level=info msg="[GNB][NGAP] Receive Downlink NAS Transport"
time="2026-08-16T17:54:54+08:00" level=info msg="[UE][NAS] Message without security header"
time="2026-08-16T17:54:54+08:00" level=info msg="[UE][NAS] Receive Authentication Request"
time="2026-08-16T17:54:54+08:00" level=info msg="[UE][NAS][MAC] Authenticity of the authentication request message: OK"
time="2026-08-16T17:54:54+08:00" level=info msg="[UE][NAS][SQN] SQN of the authentication request message: VALID"
time="2026-08-16T17:54:54+08:00" level=info msg="[UE][NAS] Send authentication response"
time="2026-08-16T17:54:54+08:00" level=info msg="[UE] Switched from state 2 to state 2"
time="2026-08-16T17:54:54+08:00" level=info msg="[GNB][SCTP] Receive message in 0 stream\n"
time="2026-08-16T17:54:54+08:00" level=info msg="[GNB][NGAP] Receive Downlink NAS Transport"
time="2026-08-16T17:54:54+08:00" level=info msg="[UE][NAS] Message without security header"
time="2026-08-16T17:54:54+08:00" level=info msg="[UE][NAS] Receive Authentication Request"
time="2026-08-16T17:54:54+08:00" level=info msg="[UE][NAS][MAC] Authenticity of the authentication request message: OK"
time="2026-08-16T17:54:54+08:00" level=info msg="[UE][NAS][SQN] SQN of the authentication request message: VALID"
time="2026-08-16T17:54:54+08:00" level=info msg="[UE][NAS] Send authentication response"
time="2026-08-16T17:54:54+08:00" level=info msg="[UE] Switched from state 2 to state 2"
time="2026-08-16T17:54:54+08:00" level=info msg="[GNB][SCTP] Receive message in 0 stream\n"
time="2026-08-16T17:54:54+08:00" level=info msg="[GNB][SCTP] Receive message in 0 stream\n"
time="2026-08-16T17:54:54+08:00" level=info msg="[GNB][SCTP] Receive message in 0 stream\n"
time="2026-08-16T17:54:54+08:00" level=info msg="[GNB][SCTP] Receive message in 0 stream\n"
time="2026-08-16T17:54:54+08:00" level=info msg="[GNB][SCTP] Receive message in 0 stream\n"
time="2026-08-16T17:54:54+08:00" level=info msg="[GNB][NGAP] Receive Downlink NAS Transport"
time="2026-08-16T17:54:54+08:00" level=info msg="[UE][NAS] Message with security header"
time="2026-08-16T17:54:54+08:00" level=info msg="[UE][NAS] Message with integrity and with NEW 5G NAS SECURITY CONTEXT"
time="2026-08-16T17:54:54+08:00" level=error msg="[UE][NAS] NAS MAC verification failed(received:[24 217 95 62]expected:[16 132 220 52]"
time="2026-08-16T17:54:54+08:00" level=info msg="[GNB][NGAP] Receive Downlink NAS Transport"
time="2026-08-16T17:54:54+08:00" level=info msg="[UE][NAS] Message without security header"
time="2026-08-16T17:54:54+08:00" level=info msg="[UE][NAS] Receive Authentication Request"
time="2026-08-16T17:54:54+08:00" level=info msg="[UE][NAS][MAC] Authenticity of the authentication request message: OK"
time="2026-08-16T17:54:54+08:00" level=info msg="[UE][NAS][SQN] SQN of the authentication request message: VALID"
time="2026-08-16T17:54:54+08:00" level=info msg="[UE][NAS] Send authentication response"
time="2026-08-16T17:54:54+08:00" level=info msg="[GNB][NGAP] Receive Downlink NAS Transport"
time="2026-08-16T17:54:54+08:00" level=info msg="[UE][NAS] Message without security header"
time="2026-08-16T17:54:54+08:00" level=info msg="[UE][NAS] Receive Authentication Request"
time="2026-08-16T17:54:54+08:00" level=info msg="[UE][NAS][MAC] Authenticity of the authentication request message: OK"
time="2026-08-16T17:54:54+08:00" level=info msg="[UE][NAS][SQN] SQN of the authentication request message: VALID"
time="2026-08-16T17:54:54+08:00" level=info msg="[UE][NAS] Send authentication response"
time="2026-08-16T17:54:54+08:00" level=info msg="[GNB][NGAP] Receive Downlink NAS Transport"
time="2026-08-16T17:54:54+08:00" level=info msg="[UE][NAS] Message without security header"
time="2026-08-16T17:54:54+08:00" level=info msg="[UE][NAS] Receive Authentication Request"
time="2026-08-16T17:54:54+08:00" level=info msg="[UE][NAS][MAC] Authenticity of the authentication request message: OK"
time="2026-08-16T17:54:54+08:00" level=info msg="[UE][NAS][SQN] SQN of the authentication request message: VALID"
time="2026-08-16T17:54:54+08:00" level=info msg="[UE][NAS] Send authentication response"
time="2026-08-16T17:54:54+08:00" level=info msg="[GNB][NGAP] Receive Downlink NAS Transport"
time="2026-08-16T17:54:54+08:00" level=info msg="[UE] Switched from state 2 to state 2"
time="2026-08-16T17:54:54+08:00" level=info msg="[UE][NAS] Message without security header"
time="2026-08-16T17:54:54+08:00" level=info msg="[UE][NAS] Receive Authentication Request"
time="2026-08-16T17:54:54+08:00" level=info msg="[UE][NAS][MAC] Authenticity of the authentication request message: OK"
time="2026-08-16T17:54:54+08:00" level=info msg="[UE][NAS][SQN] SQN of the authentication request message: VALID"
time="2026-08-16T17:54:54+08:00" level=info msg="[UE][NAS] Send authentication response"
time="2026-08-16T17:54:54+08:00" level=info msg="[UE] Switched from state 2 to state 2"
time="2026-08-16T17:54:54+08:00" level=info msg="[UE] Switched from state 2 to state 2"
time="2026-08-16T17:54:54+08:00" level=info msg="[UE] Switched from state 2 to state 2"
time="2026-08-16T17:54:54+08:00" level=info msg="[GNB][SCTP] Receive message in 0 stream\n"
time="2026-08-16T17:54:54+08:00" level=info msg="[GNB][NGAP] Receive Downlink NAS Transport"
time="2026-08-16T17:54:54+08:00" level=info msg="[UE][NAS] Message without security header"
time="2026-08-16T17:54:54+08:00" level=info msg="[UE][NAS] Receive Authentication Request"
time="2026-08-16T17:54:54+08:00" level=info msg="[UE][NAS][MAC] Authenticity of the authentication request message: OK"
time="2026-08-16T17:54:54+08:00" level=info msg="[UE][NAS][SQN] SQN of the authentication request message: VALID"
time="2026-08-16T17:54:54+08:00" level=info msg="[UE][NAS] Send authentication response"
time="2026-08-16T17:54:54+08:00" level=info msg="[UE] Switched from state 2 to state 2"
time="2026-08-16T17:54:54+08:00" level=info msg="[GNB][SCTP] Receive message in 0 stream\n"
time="2026-08-16T17:54:54+08:00" level=info msg="[GNB][SCTP] Receive message in 0 stream\n"
time="2026-08-16T17:54:54+08:00" level=info msg="[GNB][SCTP] Receive message in 0 stream\n"
time="2026-08-16T17:54:54+08:00" level=info msg="[GNB][NGAP] Receive Downlink NAS Transport"
time="2026-08-16T17:54:54+08:00" level=info msg="[UE][NAS] Message without security header"
time="2026-08-16T17:54:54+08:00" level=info msg="[UE][NAS] Receive Authentication Request"
time="2026-08-16T17:54:54+08:00" level=info msg="[UE][NAS][MAC] Authenticity of the authentication request message: OK"
time="2026-08-16T17:54:54+08:00" level=info msg="[UE][NAS][SQN] SQN of the authentication request message: VALID"
time="2026-08-16T17:54:54+08:00" level=info msg="[UE][NAS] Send authentication response"
time="2026-08-16T17:54:54+08:00" level=info msg="[GNB][NGAP] Receive Downlink NAS Transport"
time="2026-08-16T17:54:54+08:00" level=info msg="[UE][NAS] Message without security header"
time="2026-08-16T17:54:54+08:00" level=info msg="[UE][NAS] Receive Authentication Request"
time="2026-08-16T17:54:54+08:00" level=info msg="[UE][NAS][MAC] Authenticity of the authentication request message: OK"
time="2026-08-16T17:54:54+08:00" level=info msg="[UE][NAS][SQN] SQN of the authentication request message: VALID"
time="2026-08-16T17:54:54+08:00" level=info msg="[UE][NAS] Send authentication response"
time="2026-08-16T17:54:54+08:00" level=info msg="[UE] Switched from state 2 to state 2"
time="2026-08-16T17:54:54+08:00" level=info msg="[UE] Switched from state 2 to state 2"
time="2026-08-16T17:54:54+08:00" level=info msg="[GNB][NGAP] Receive Downlink NAS Transport"
time="2026-08-16T17:54:54+08:00" level=info msg="[UE][NAS] Message without security header"
time="2026-08-16T17:54:54+08:00" level=info msg="[UE][NAS] Receive Authentication Request"
time="2026-08-16T17:54:54+08:00" level=info msg="[UE][NAS][MAC] Authenticity of the authentication request message: OK"
time="2026-08-16T17:54:54+08:00" level=info msg="[UE][NAS][SQN] SQN of the authentication request message: VALID"
time="2026-08-16T17:54:54+08:00" level=info msg="[UE][NAS] Send authentication response"
time="2026-08-16T17:54:54+08:00" level=info msg="[UE] Switched from state 2 to state 2"
time="2026-08-16T17:54:55+08:00" level=info msg="[GNB][SCTP] Receive message in 0 stream\n"
time="2026-08-16T17:54:55+08:00" level=info msg="[GNB][NGAP] Receive Downlink NAS Transport"
time="2026-08-16T17:54:55+08:00" level=info msg="[UE][NAS] Message without security header"
time="2026-08-16T17:54:55+08:00" level=info msg="[UE][NAS] Receive Authentication Request"
time="2026-08-16T17:54:55+08:00" level=info msg="[UE][NAS][MAC] Authenticity of the authentication request message: OK"
time="2026-08-16T17:54:55+08:00" level=info msg="[UE][NAS][SQN] SQN of the authentication request message: VALID"
time="2026-08-16T17:54:55+08:00" level=info msg="[UE][NAS] Send authentication response"
time="2026-08-16T17:54:55+08:00" level=info msg="[UE] Switched from state 2 to state 2"
time="2026-08-16T17:54:55+08:00" level=info msg="[GNB][SCTP] Receive message in 0 stream\n"
time="2026-08-16T17:54:55+08:00" level=info msg="[GNB][NGAP] Receive Downlink NAS Transport"
time="2026-08-16T17:54:55+08:00" level=info msg="[UE][NAS] Message without security header"
time="2026-08-16T17:54:55+08:00" level=info msg="[UE][NAS] Receive Authentication Request"
time="2026-08-16T17:54:55+08:00" level=info msg="[UE][NAS][MAC] Authenticity of the authentication request message: OK"
time="2026-08-16T17:54:55+08:00" level=info msg="[UE][NAS][SQN] SQN of the authentication request message: VALID"
time="2026-08-16T17:54:55+08:00" level=info msg="[UE][NAS] Send authentication response"
time="2026-08-16T17:54:55+08:00" level=info msg="[UE] Switched from state 2 to state 2"
time="2026-08-16T17:54:55+08:00" level=info msg="[GNB][SCTP] Receive message in 0 stream\n"
time="2026-08-16T17:54:55+08:00" level=info msg="[GNB][NGAP] Receive Downlink NAS Transport"
time="2026-08-16T17:54:55+08:00" level=info msg="[UE][NAS] Message with security header"
time="2026-08-16T17:54:55+08:00" level=info msg="[UE][NAS] Message with integrity and with NEW 5G NAS SECURITY CONTEXT"
time="2026-08-16T17:54:55+08:00" level=error msg="[UE][NAS] NAS MAC verification failed(received:[196 15 78 242]expected:[69 77 233 198]"
time="2026-08-16T17:54:55+08:00" level=info msg="[GNB][SCTP] Receive message in 0 stream\n"
time="2026-08-16T17:54:55+08:00" level=info msg="[GNB][SCTP] Receive message in 0 stream\n"
time="2026-08-16T17:54:55+08:00" level=info msg="[GNB][NGAP] Receive Downlink NAS Transport"
time="2026-08-16T17:54:55+08:00" level=info msg="[UE][NAS] Message with security header"
time="2026-08-16T17:54:55+08:00" level=info msg="[UE][NAS] Message with integrity and with NEW 5G NAS SECURITY CONTEXT"
time="2026-08-16T17:54:55+08:00" level=error msg="[UE][NAS] NAS MAC verification failed(received:[133 155 210 38]expected:[76 209 167 223]"
time="2026-08-16T17:54:55+08:00" level=info msg="[GNB][NGAP] Receive Downlink NAS Transport"
time="2026-08-16T17:54:55+08:00" level=info msg="[UE][NAS] Message without security header"
time="2026-08-16T17:54:55+08:00" level=info msg="[UE][NAS] Receive Authentication Request"
time="2026-08-16T17:54:55+08:00" level=info msg="[UE][NAS][MAC] Authenticity of the authentication request message: OK"
time="2026-08-16T17:54:55+08:00" level=info msg="[UE][NAS][SQN] SQN of the authentication request message: VALID"
time="2026-08-16T17:54:55+08:00" level=info msg="[UE][NAS] Send authentication response"
time="2026-08-16T17:54:55+08:00" level=info msg="[UE] Switched from state 2 to state 2"
time="2026-08-16T17:54:55+08:00" level=info msg="[GNB][SCTP] Receive message in 0 stream\n"
time="2026-08-16T17:54:55+08:00" level=info msg="[GNB][NGAP] Receive Downlink NAS Transport"
time="2026-08-16T17:54:55+08:00" level=info msg="[UE][NAS] Message with security header"
time="2026-08-16T17:54:55+08:00" level=info msg="[UE][NAS] Message with integrity and with NEW 5G NAS SECURITY CONTEXT"
time="2026-08-16T17:54:55+08:00" level=error msg="[UE][NAS] NAS MAC verification failed(received:[182 118 31 199]expected:[57 179 220 197]"
time="2026-08-16T17:54:55+08:00" level=info msg="[GNB][SCTP] Receive message in 0 stream\n"
time="2026-08-16T17:54:55+08:00" level=info msg="[GNB][SCTP] Receive message in 0 stream\n"
time="2026-08-16T17:54:55+08:00" level=info msg="[GNB][SCTP] Receive message in 0 stream\n"
time="2026-08-16T17:54:55+08:00" level=info msg="[GNB][NGAP] Receive Downlink NAS Transport"
time="2026-08-16T17:54:55+08:00" level=info msg="[UE][NAS] Message without security header"
time="2026-08-16T17:54:55+08:00" level=info msg="[GNB][NGAP] Receive Downlink NAS Transport"
time="2026-08-16T17:54:55+08:00" level=info msg="[UE][NAS] Receive Authentication Request"
time="2026-08-16T17:54:55+08:00" level=info msg="[UE][NAS][MAC] Authenticity of the authentication request message: OK"
time="2026-08-16T17:54:55+08:00" level=info msg="[UE][NAS][SQN] SQN of the authentication request message: VALID"
time="2026-08-16T17:54:55+08:00" level=info msg="[UE][NAS] Send authentication response"
time="2026-08-16T17:54:55+08:00" level=info msg="[GNB][NGAP] Receive Downlink NAS Transport"
time="2026-08-16T17:54:55+08:00" level=info msg="[UE][NAS] Message with security header"
time="2026-08-16T17:54:55+08:00" level=info msg="[UE][NAS] Message with integrity and with NEW 5G NAS SECURITY CONTEXT"
time="2026-08-16T17:54:55+08:00" level=error msg="[UE][NAS] NAS MAC verification failed(received:[168 1 6 225]expected:[191 237 209 156]"
time="2026-08-16T17:54:55+08:00" level=info msg="[UE][NAS] Message with security header"
time="2026-08-16T17:54:55+08:00" level=info msg="[UE][NAS] Message with integrity and with NEW 5G NAS SECURITY CONTEXT"
time="2026-08-16T17:54:55+08:00" level=error msg="[UE][NAS] NAS MAC verification failed(received:[56 208 52 159]expected:[46 187 172 241]"
time="2026-08-16T17:54:55+08:00" level=info msg="[UE] Switched from state 2 to state 2"
time="2026-08-16T17:54:55+08:00" level=info msg="[GNB][SCTP] Receive message in 0 stream\n"
time="2026-08-16T17:54:55+08:00" level=info msg="[GNB][NGAP] Receive Downlink NAS Transport"
time="2026-08-16T17:54:55+08:00" level=info msg="[UE][NAS] Message with security header"
time="2026-08-16T17:54:55+08:00" level=info msg="[UE][NAS] Message with integrity and with NEW 5G NAS SECURITY CONTEXT"
time="2026-08-16T17:54:55+08:00" level=error msg="[UE][NAS] NAS MAC verification failed(received:[148 153 9 199]expected:[29 195 95 53]"
time="2026-08-16T17:54:55+08:00" level=info msg="[GNB][SCTP] Receive message in 0 stream\n"
time="2026-08-16T17:54:55+08:00" level=info msg="[GNB][SCTP] Receive message in 0 stream\n"
time="2026-08-16T17:54:55+08:00" level=info msg="[GNB][SCTP] Receive message in 0 stream\n"
time="2026-08-16T17:54:55+08:00" level=info msg="[GNB][SCTP] Receive message in 0 stream\n"
time="2026-08-16T17:54:55+08:00" level=info msg="[GNB][NGAP] Receive Downlink NAS Transport"
time="2026-08-16T17:54:55+08:00" level=info msg="[UE][NAS] Message with security header"
time="2026-08-16T17:54:55+08:00" level=info msg="[UE][NAS] Message with integrity and with NEW 5G NAS SECURITY CONTEXT"
time="2026-08-16T17:54:55+08:00" level=error msg="[UE][NAS] NAS MAC verification failed(received:[184 79 245 137]expected:[38 50 119 178]"
time="2026-08-16T17:54:55+08:00" level=info msg="[GNB][NGAP] Receive Downlink NAS Transport"
time="2026-08-16T17:54:55+08:00" level=info msg="[UE][NAS] Message with security header"
time="2026-08-16T17:54:55+08:00" level=info msg="[UE][NAS] Message with integrity and with NEW 5G NAS SECURITY CONTEXT"
time="2026-08-16T17:54:55+08:00" level=error msg="[UE][NAS] NAS MAC verification failed(received:[252 51 91 211]expected:[211 244 7 235]"
time="2026-08-16T17:54:55+08:00" level=info msg="[GNB][NGAP] Receive Downlink NAS Transport"
time="2026-08-16T17:54:55+08:00" level=info msg="[UE][NAS] Message without security header"
time="2026-08-16T17:54:55+08:00" level=info msg="[UE][NAS] Receive Authentication Request"
time="2026-08-16T17:54:55+08:00" level=info msg="[UE][NAS][MAC] Authenticity of the authentication request message: OK"
time="2026-08-16T17:54:55+08:00" level=info msg="[UE][NAS][SQN] SQN of the authentication request message: VALID"
time="2026-08-16T17:54:55+08:00" level=info msg="[UE][NAS] Send authentication response"
time="2026-08-16T17:54:55+08:00" level=info msg="[UE] Switched from state 2 to state 2"
time="2026-08-16T17:54:55+08:00" level=info msg="[GNB][NGAP] Receive Initial Context Setup Request"
time="2026-08-16T17:54:55+08:00" level=info msg="[GNB][UE] UE Context was created with successful"
time="2026-08-16T17:54:55+08:00" level=info msg="[GNB][UE] UE RAN ID 21"
time="2026-08-16T17:54:55+08:00" level=info msg="[GNB][UE] UE AMF ID 920"
time="2026-08-16T17:54:55+08:00" level=info msg="[GNB][UE] UE Mobility Restrict --Plmn-- Mcc: 208 Mnc: 93"
time="2026-08-16T17:54:55+08:00" level=info msg="[GNB][UE] UE Masked Imeisv: 1110000000ffff00"
time="2026-08-16T17:54:55+08:00" level=info msg="[GNB][UE] Allowed Nssai-- Sst: [01 01] Sd: [010203 112233]"
time="2026-08-16T17:54:55+08:00" level=info msg="[GNB][NGAP][AMF] Send Initial Context Setup Response."
time="2026-08-16T17:54:55+08:00" level=info msg="[GNB] Initiating Initial Context Setup Response"
time="2026-08-16T17:54:55+08:00" level=info msg="[GNB][NGAP] No PDU Session to set up in InitialContextSetupResponse."
time="2026-08-16T17:54:55+08:00" level=info msg="[UE][NAS] Message with security header"
time="2026-08-16T17:54:55+08:00" level=info msg="[UE][NAS] Message with integrity and ciphered"
time="2026-08-16T17:54:55+08:00" level=info msg="[UE][NAS] successful NAS CIPHERING"
time="2026-08-16T17:54:55+08:00" level=error msg="[UE][NAS] NAS MAC verification failed(received:[7 237 117 207]expected:[154 143 181 89]"
time="2026-08-16T17:54:55+08:00" level=info msg="[GNB][SCTP] Receive message in 0 stream\n"
time="2026-08-16T17:54:55+08:00" level=info msg="[GNB][SCTP] Receive message in 0 stream\n"
time="2026-08-16T17:54:55+08:00" level=info msg="[GNB][NGAP] Receive Downlink NAS Transport"
time="2026-08-16T17:54:55+08:00" level=info msg="[UE][NAS] Message with security header"
time="2026-08-16T17:54:55+08:00" level=info msg="[UE][NAS] Message with integrity and with NEW 5G NAS SECURITY CONTEXT"
time="2026-08-16T17:54:55+08:00" level=error msg="[UE][NAS] NAS MAC verification failed(received:[30 140 9 151]expected:[142 152 162 247]"
time="2026-08-16T17:54:55+08:00" level=info msg="[GNB][NGAP] Receive Downlink NAS Transport"
time="2026-08-16T17:54:55+08:00" level=info msg="[UE][NAS] Message with security header"
time="2026-08-16T17:54:55+08:00" level=info msg="[UE][NAS] Message with integrity and with NEW 5G NAS SECURITY CONTEXT"
time="2026-08-16T17:54:55+08:00" level=error msg="[UE][NAS] NAS MAC verification failed(received:[26 134 128 228]expected:[95 127 45 34]"
time="2026-08-16T17:54:56+08:00" level=info msg="[GNB][SCTP] Receive message in 0 stream\n"
time="2026-08-16T17:54:56+08:00" level=info msg="[GNB][SCTP] Receive message in 0 stream\n"
time="2026-08-16T17:54:56+08:00" level=info msg="[GNB][NGAP] Receive Downlink NAS Transport"
time="2026-08-16T17:54:56+08:00" level=info msg="[UE][NAS] Message without security header"
time="2026-08-16T17:54:56+08:00" level=info msg="[GNB][NGAP] Receive Downlink NAS Transport"
time="2026-08-16T17:54:56+08:00" level=info msg="[UE][NAS] Message without security header"
time="2026-08-16T17:54:56+08:00" level=info msg="[UE][NAS] Receive Authentication Request"
time="2026-08-16T17:54:56+08:00" level=info msg="[UE][NAS] Receive Authentication Request"
time="2026-08-16T17:54:56+08:00" level=info msg="[UE][NAS][MAC] Authenticity of the authentication request message: OK"
time="2026-08-16T17:54:56+08:00" level=info msg="[UE][NAS][SQN] SQN of the authentication request message: VALID"
time="2026-08-16T17:54:56+08:00" level=info msg="[UE][NAS] Send authentication response"
time="2026-08-16T17:54:56+08:00" level=info msg="[UE][NAS][MAC] Authenticity of the authentication request message: OK"
time="2026-08-16T17:54:56+08:00" level=info msg="[UE][NAS][SQN] SQN of the authentication request message: VALID"
time="2026-08-16T17:54:56+08:00" level=info msg="[UE][NAS] Send authentication response"
time="2026-08-16T17:54:56+08:00" level=info msg="[UE] Switched from state 2 to state 2"
time="2026-08-16T17:54:56+08:00" level=info msg="[UE] Switched from state 2 to state 2"
time="2026-08-16T17:54:56+08:00" level=info msg="[GNB][SCTP] Receive message in 0 stream\n"
time="2026-08-16T17:54:56+08:00" level=info msg="[GNB][SCTP] Receive message in 0 stream\n"
time="2026-08-16T17:54:56+08:00" level=info msg="[GNB][SCTP] Receive message in 0 stream\n"
time="2026-08-16T17:54:56+08:00" level=info msg="[GNB][SCTP] Receive message in 0 stream\n"
time="2026-08-16T17:54:56+08:00" level=info msg="[GNB][NGAP] Receive Downlink NAS Transport"
time="2026-08-16T17:54:56+08:00" level=info msg="[UE][NAS] Message with security header"
time="2026-08-16T17:54:56+08:00" level=info msg="[UE][NAS] Message with integrity and with NEW 5G NAS SECURITY CONTEXT"
time="2026-08-16T17:54:56+08:00" level=error msg="[UE][NAS] NAS MAC verification failed(received:[94 48 137 43]expected:[183 12 35 203]"
time="2026-08-16T17:54:56+08:00" level=info msg="[GNB][NGAP] Receive Downlink NAS Transport"
time="2026-08-16T17:54:56+08:00" level=info msg="[UE][NAS] Message without security header"
time="2026-08-16T17:54:56+08:00" level=info msg="[UE][NAS] Receive Authentication Request"
time="2026-08-16T17:54:56+08:00" level=info msg="[GNB][NGAP] Receive Downlink NAS Transport"
time="2026-08-16T17:54:56+08:00" level=info msg="[UE][NAS][MAC] Authenticity of the authentication request message: OK"
time="2026-08-16T17:54:56+08:00" level=info msg="[UE][NAS][SQN] SQN of the authentication request message: VALID"
time="2026-08-16T17:54:56+08:00" level=info msg="[UE][NAS] Message without security header"
time="2026-08-16T17:54:56+08:00" level=info msg="[UE][NAS] Receive Authentication Request"
time="2026-08-16T17:54:56+08:00" level=info msg="[UE][NAS][MAC] Authenticity of the authentication request message: OK"
time="2026-08-16T17:54:56+08:00" level=info msg="[UE][NAS][SQN] SQN of the authentication request message: VALID"
time="2026-08-16T17:54:56+08:00" level=info msg="[UE][NAS] Send authentication response"
time="2026-08-16T17:54:56+08:00" level=info msg="[UE][NAS] Send authentication response"
time="2026-08-16T17:54:56+08:00" level=info msg="[UE] Switched from state 2 to state 2"
time="2026-08-16T17:54:56+08:00" level=info msg="[UE] Switched from state 2 to state 2"
time="2026-08-16T17:54:56+08:00" level=info msg="[GNB][NGAP] Receive Downlink NAS Transport"
time="2026-08-16T17:54:56+08:00" level=info msg="[UE][NAS] Message without security header"
time="2026-08-16T17:54:56+08:00" level=info msg="[UE][NAS] Receive Authentication Request"
time="2026-08-16T17:54:56+08:00" level=info msg="[UE][NAS][MAC] Authenticity of the authentication request message: OK"
time="2026-08-16T17:54:56+08:00" level=info msg="[UE][NAS][SQN] SQN of the authentication request message: VALID"
time="2026-08-16T17:54:56+08:00" level=info msg="[UE][NAS] Send authentication response"
time="2026-08-16T17:54:56+08:00" level=info msg="[UE] Switched from state 2 to state 2"
time="2026-08-16T17:54:56+08:00" level=info msg="[GNB][SCTP] Receive message in 0 stream\n"
time="2026-08-16T17:54:56+08:00" level=info msg="[GNB][NGAP] Receive Downlink NAS Transport"
time="2026-08-16T17:54:56+08:00" level=info msg="[UE][NAS] Message with security header"
time="2026-08-16T17:54:56+08:00" level=info msg="[UE][NAS] Message with integrity and with NEW 5G NAS SECURITY CONTEXT"
time="2026-08-16T17:54:56+08:00" level=error msg="[UE][NAS] NAS MAC verification failed(received:[192 84 6 55]expected:[220 160 74 174]"
time="2026-08-16T17:54:56+08:00" level=info msg="[GNB][SCTP] Receive message in 0 stream\n"
time="2026-08-16T17:54:56+08:00" level=info msg="[GNB][NGAP] Receive Downlink NAS Transport"
time="2026-08-16T17:54:56+08:00" level=info msg="[UE][NAS] Message without security header"
time="2026-08-16T17:54:56+08:00" level=info msg="[UE][NAS] Receive Authentication Request"
time="2026-08-16T17:54:56+08:00" level=info msg="[UE][NAS][MAC] Authenticity of the authentication request message: OK"
time="2026-08-16T17:54:56+08:00" level=info msg="[UE][NAS][SQN] SQN of the authentication request message: VALID"
time="2026-08-16T17:54:56+08:00" level=info msg="[UE][NAS] Send authentication response"
time="2026-08-16T17:54:56+08:00" level=info msg="[UE] Switched from state 2 to state 2"
time="2026-08-16T17:54:56+08:00" level=info msg="[GNB][SCTP] Receive message in 0 stream\n"
time="2026-08-16T17:54:56+08:00" level=info msg="[GNB][SCTP] Receive message in 0 stream\n"
time="2026-08-16T17:54:56+08:00" level=info msg="[GNB][NGAP] Receive Downlink NAS Transport"
time="2026-08-16T17:54:56+08:00" level=info msg="[GNB][NGAP] Receive Downlink NAS Transport"
time="2026-08-16T17:54:56+08:00" level=info msg="[UE][NAS] Message without security header"
time="2026-08-16T17:54:56+08:00" level=info msg="[UE][NAS] Receive Authentication Request"
time="2026-08-16T17:54:56+08:00" level=info msg="[UE][NAS][MAC] Authenticity of the authentication request message: OK"
time="2026-08-16T17:54:56+08:00" level=info msg="[UE][NAS][SQN] SQN of the authentication request message: VALID"
time="2026-08-16T17:54:56+08:00" level=info msg="[UE][NAS] Send authentication response"
time="2026-08-16T17:54:56+08:00" level=info msg="[UE][NAS] Message with security header"
time="2026-08-16T17:54:56+08:00" level=info msg="[UE][NAS] Message with integrity and with NEW 5G NAS SECURITY CONTEXT"
time="2026-08-16T17:54:56+08:00" level=error msg="[UE][NAS] NAS MAC verification failed(received:[237 155 111 100]expected:[167 226 193 2]"
time="2026-08-16T17:54:56+08:00" level=info msg="[UE] Switched from state 2 to state 2"
time="2026-08-16T17:54:56+08:00" level=info msg="[GNB][SCTP] Receive message in 0 stream\n"
time="2026-08-16T17:54:56+08:00" level=info msg="[GNB][NGAP] Receive Downlink NAS Transport"
time="2026-08-16T17:54:56+08:00" level=info msg="[UE][NAS] Message without security header"
time="2026-08-16T17:54:56+08:00" level=info msg="[UE][NAS] Receive Authentication Request"
time="2026-08-16T17:54:56+08:00" level=info msg="[UE][NAS][MAC] Authenticity of the authentication request message: OK"
time="2026-08-16T17:54:56+08:00" level=info msg="[UE][NAS][SQN] SQN of the authentication request message: VALID"
time="2026-08-16T17:54:56+08:00" level=info msg="[UE][NAS] Send authentication response"
time="2026-08-16T17:54:56+08:00" level=info msg="[UE] Switched from state 2 to state 2"
time="2026-08-16T17:54:56+08:00" level=info msg="[GNB][SCTP] Receive message in 0 stream\n"
time="2026-08-16T17:54:56+08:00" level=info msg="[GNB][SCTP] Receive message in 0 stream\n"
time="2026-08-16T17:54:56+08:00" level=info msg="[GNB][NGAP] Receive Downlink NAS Transport"
time="2026-08-16T17:54:56+08:00" level=info msg="[UE][NAS] Message without security header"
time="2026-08-16T17:54:56+08:00" level=info msg="[UE][NAS] Receive Authentication Request"
time="2026-08-16T17:54:56+08:00" level=info msg="[UE][NAS][MAC] Authenticity of the authentication request message: OK"
time="2026-08-16T17:54:56+08:00" level=info msg="[UE][NAS][SQN] SQN of the authentication request message: VALID"
time="2026-08-16T17:54:56+08:00" level=info msg="[UE][NAS] Send authentication response"
time="2026-08-16T17:54:56+08:00" level=info msg="[UE] Switched from state 2 to state 2"
time="2026-08-16T17:54:56+08:00" level=info msg="[GNB][NGAP] Receive Downlink NAS Transport"
time="2026-08-16T17:54:56+08:00" level=info msg="[UE][NAS] Message without security header"
time="2026-08-16T17:54:56+08:00" level=info msg="[UE][NAS] Receive Authentication Request"
time="2026-08-16T17:54:56+08:00" level=info msg="[UE][NAS][MAC] Authenticity of the authentication request message: OK"
time="2026-08-16T17:54:56+08:00" level=info msg="[UE][NAS][SQN] SQN of the authentication request message: VALID"
time="2026-08-16T17:54:56+08:00" level=info msg="[UE][NAS] Send authentication response"
time="2026-08-16T17:54:56+08:00" level=info msg="[UE] Switched from state 2 to state 2"
time="2026-08-16T17:54:56+08:00" level=info msg="[GNB][SCTP] Receive message in 0 stream\n"
time="2026-08-16T17:54:56+08:00" level=info msg="[GNB][NGAP] Receive Downlink NAS Transport"
time="2026-08-16T17:54:56+08:00" level=info msg="[UE][NAS] Message without security header"
time="2026-08-16T17:54:56+08:00" level=info msg="[UE][NAS] Receive Authentication Request"
time="2026-08-16T17:54:56+08:00" level=info msg="[UE][NAS][MAC] Authenticity of the authentication request message: OK"
time="2026-08-16T17:54:56+08:00" level=info msg="[UE][NAS][SQN] SQN of the authentication request message: VALID"
time="2026-08-16T17:54:56+08:00" level=info msg="[UE][NAS] Send authentication response"
time="2026-08-16T17:54:56+08:00" level=info msg="[UE] Switched from state 2 to state 2"
time="2026-08-16T17:54:56+08:00" level=info msg="[GNB][SCTP] Receive message in 0 stream\n"
time="2026-08-16T17:54:56+08:00" level=info msg="[GNB][NGAP] Receive Downlink NAS Transport"
time="2026-08-16T17:54:56+08:00" level=info msg="[UE][NAS] Message without security header"
time="2026-08-16T17:54:56+08:00" level=info msg="[UE][NAS] Receive Authentication Request"
time="2026-08-16T17:54:56+08:00" level=info msg="[UE][NAS][MAC] Authenticity of the authentication request message: OK"
time="2026-08-16T17:54:56+08:00" level=info msg="[UE][NAS][SQN] SQN of the authentication request message: VALID"
time="2026-08-16T17:54:56+08:00" level=info msg="[UE][NAS] Send authentication response"
time="2026-08-16T17:54:56+08:00" level=info msg="[UE] Switched from state 2 to state 2"
time="2026-08-16T17:54:56+08:00" level=info msg="[GNB][SCTP] Receive message in 0 stream\n"
time="2026-08-16T17:54:56+08:00" level=info msg="[GNB][NGAP] Receive Downlink NAS Transport"
time="2026-08-16T17:54:56+08:00" level=info msg="[UE][NAS] Message without security header"
time="2026-08-16T17:54:56+08:00" level=info msg="[UE][NAS] Receive Authentication Request"
time="2026-08-16T17:54:56+08:00" level=info msg="[UE][NAS][MAC] Authenticity of the authentication request message: OK"
time="2026-08-16T17:54:56+08:00" level=info msg="[UE][NAS][SQN] SQN of the authentication request message: VALID"
time="2026-08-16T17:54:56+08:00" level=info msg="[UE][NAS] Send authentication response"
time="2026-08-16T17:54:56+08:00" level=info msg="[UE] Switched from state 2 to state 2"
time="2026-08-16T17:54:56+08:00" level=info msg="[GNB][SCTP] Receive message in 0 stream\n"
time="2026-08-16T17:54:56+08:00" level=info msg="[GNB][NGAP] Receive Downlink NAS Transport"
time="2026-08-16T17:54:56+08:00" level=info msg="[UE][NAS] Message without security header"
time="2026-08-16T17:54:56+08:00" level=info msg="[UE][NAS] Receive Authentication Request"
time="2026-08-16T17:54:56+08:00" level=info msg="[UE][NAS][MAC] Authenticity of the authentication request message: OK"
time="2026-08-16T17:54:56+08:00" level=info msg="[UE][NAS][SQN] SQN of the authentication request message: VALID"
time="2026-08-16T17:54:56+08:00" level=info msg="[UE][NAS] Send authentication response"
time="2026-08-16T17:54:56+08:00" level=info msg="[UE] Switched from state 2 to state 2"
time="2026-08-16T17:54:56+08:00" level=info msg="[GNB][SCTP] Receive message in 0 stream\n"
time="2026-08-16T17:54:56+08:00" level=info msg="[GNB][NGAP] Receive Downlink NAS Transport"
time="2026-08-16T17:54:56+08:00" level=info msg="[UE][NAS] Message with security header"
time="2026-08-16T17:54:56+08:00" level=info msg="[UE][NAS] Message with integrity and with NEW 5G NAS SECURITY CONTEXT"
time="2026-08-16T17:54:56+08:00" level=error msg="[UE][NAS] NAS MAC verification failed(received:[193 245 244 164]expected:[14 247 231 210]"
time="2026-08-16T17:54:56+08:00" level=info msg="[GNB][SCTP] Receive message in 0 stream\n"
time="2026-08-16T17:54:56+08:00" level=info msg="[GNB][SCTP] Receive message in 0 stream\n"
time="2026-08-16T17:54:56+08:00" level=info msg="[GNB][NGAP] Receive Downlink NAS Transport"
time="2026-08-16T17:54:56+08:00" level=info msg="[UE][NAS] Message without security header"
time="2026-08-16T17:54:56+08:00" level=info msg="[UE][NAS] Receive Authentication Request"
time="2026-08-16T17:54:56+08:00" level=info msg="[GNB][NGAP] Receive Downlink NAS Transport"
time="2026-08-16T17:54:56+08:00" level=info msg="[UE][NAS][MAC] Authenticity of the authentication request message: OK"
time="2026-08-16T17:54:56+08:00" level=info msg="[UE][NAS][SQN] SQN of the authentication request message: VALID"
time="2026-08-16T17:54:56+08:00" level=info msg="[UE][NAS] Send authentication response"
time="2026-08-16T17:54:56+08:00" level=info msg="[UE][NAS] Message without security header"
time="2026-08-16T17:54:56+08:00" level=info msg="[UE][NAS] Receive Authentication Request"
time="2026-08-16T17:54:56+08:00" level=info msg="[UE] Switched from state 2 to state 2"
time="2026-08-16T17:54:56+08:00" level=info msg="[UE][NAS][MAC] Authenticity of the authentication request message: OK"
time="2026-08-16T17:54:56+08:00" level=info msg="[UE][NAS][SQN] SQN of the authentication request message: VALID"
time="2026-08-16T17:54:56+08:00" level=info msg="[UE][NAS] Send authentication response"
time="2026-08-16T17:54:56+08:00" level=info msg="[UE] Switched from state 2 to state 2"
time="2026-08-16T17:54:57+08:00" level=info msg="[GNB][SCTP] Receive message in 0 stream\n"
time="2026-08-16T17:54:57+08:00" level=info msg="[GNB][SCTP] Receive message in 0 stream\n"
time="2026-08-16T17:54:57+08:00" level=info msg="[GNB][NGAP] Receive Downlink NAS Transport"
time="2026-08-16T17:54:57+08:00" level=info msg="[GNB][NGAP] Receive Downlink NAS Transport"
time="2026-08-16T17:54:57+08:00" level=info msg="[UE][NAS] Message without security header"
time="2026-08-16T17:54:57+08:00" level=info msg="[UE][NAS] Receive Authentication Request"
time="2026-08-16T17:54:57+08:00" level=info msg="[UE][NAS] Message without security header"
time="2026-08-16T17:54:57+08:00" level=info msg="[UE][NAS] Receive Authentication Request"
time="2026-08-16T17:54:57+08:00" level=info msg="[UE][NAS][MAC] Authenticity of the authentication request message: OK"
time="2026-08-16T17:54:57+08:00" level=info msg="[UE][NAS][SQN] SQN of the authentication request message: VALID"
time="2026-08-16T17:54:57+08:00" level=info msg="[UE][NAS] Send authentication response"
time="2026-08-16T17:54:57+08:00" level=info msg="[UE][NAS][MAC] Authenticity of the authentication request message: OK"
time="2026-08-16T17:54:57+08:00" level=info msg="[UE][NAS][SQN] SQN of the authentication request message: VALID"
time="2026-08-16T17:54:57+08:00" level=info msg="[UE][NAS] Send authentication response"
time="2026-08-16T17:54:57+08:00" level=info msg="[GNB][SCTP] Receive message in 0 stream\n"
time="2026-08-16T17:54:57+08:00" level=info msg="[UE] Switched from state 2 to state 2"
time="2026-08-16T17:54:57+08:00" level=info msg="[UE] Switched from state 2 to state 2"
time="2026-08-16T17:54:57+08:00" level=info msg="[GNB][NGAP] Receive Downlink NAS Transport"
time="2026-08-16T17:54:57+08:00" level=info msg="[UE][NAS] Message without security header"
time="2026-08-16T17:54:57+08:00" level=info msg="[UE][NAS] Receive Authentication Request"
time="2026-08-16T17:54:57+08:00" level=info msg="[UE][NAS][MAC] Authenticity of the authentication request message: OK"
time="2026-08-16T17:54:57+08:00" level=info msg="[UE][NAS][SQN] SQN of the authentication request message: VALID"
time="2026-08-16T17:54:57+08:00" level=info msg="[UE][NAS] Send authentication response"
time="2026-08-16T17:54:57+08:00" level=info msg="[UE] Switched from state 2 to state 2"
time="2026-08-16T17:54:57+08:00" level=info msg="[GNB][SCTP] Receive message in 0 stream\n"
time="2026-08-16T17:54:57+08:00" level=info msg="[GNB][NGAP] Receive Downlink NAS Transport"
time="2026-08-16T17:54:57+08:00" level=info msg="[UE][NAS] Message with security header"
time="2026-08-16T17:54:57+08:00" level=info msg="[UE][NAS] Message with integrity and with NEW 5G NAS SECURITY CONTEXT"
time="2026-08-16T17:54:57+08:00" level=error msg="[UE][NAS] NAS MAC verification failed(received:[137 70 165 65]expected:[178 67 71 182]"
time="2026-08-16T17:54:57+08:00" level=info msg="[GNB][SCTP] Receive message in 0 stream\n"
time="2026-08-16T17:54:57+08:00" level=info msg="[GNB][NGAP] Receive Downlink NAS Transport"
time="2026-08-16T17:54:57+08:00" level=info msg="[UE][NAS] Message without security header"
time="2026-08-16T17:54:57+08:00" level=info msg="[UE][NAS] Receive Authentication Request"
time="2026-08-16T17:54:57+08:00" level=info msg="[UE][NAS][MAC] Authenticity of the authentication request message: OK"
time="2026-08-16T17:54:57+08:00" level=info msg="[UE][NAS][SQN] SQN of the authentication request message: VALID"
time="2026-08-16T17:54:57+08:00" level=info msg="[UE][NAS] Send authentication response"
time="2026-08-16T17:54:57+08:00" level=info msg="[UE] Switched from state 2 to state 2"
time="2026-08-16T17:54:57+08:00" level=info msg="[GNB][SCTP] Receive message in 0 stream\n"
time="2026-08-16T17:54:57+08:00" level=info msg="[GNB][SCTP] Receive message in 0 stream\n"
time="2026-08-16T17:54:57+08:00" level=info msg="[GNB][SCTP] Receive message in 0 stream\n"
time="2026-08-16T17:54:57+08:00" level=info msg="[GNB][SCTP] Receive message in 0 stream\n"
time="2026-08-16T17:54:57+08:00" level=info msg="[GNB][SCTP] Receive message in 0 stream\n"
time="2026-08-16T17:54:57+08:00" level=info msg="[GNB][SCTP] Receive message in 0 stream\n"
time="2026-08-16T17:54:57+08:00" level=info msg="[GNB][SCTP] Receive message in 0 stream\n"
time="2026-08-16T17:54:57+08:00" level=info msg="[GNB][NGAP] Receive Downlink NAS Transport"
time="2026-08-16T17:54:57+08:00" level=info msg="[UE][NAS] Message without security header"
time="2026-08-16T17:54:57+08:00" level=info msg="[UE][NAS] Receive Authentication Request"
time="2026-08-16T17:54:57+08:00" level=info msg="[UE][NAS][MAC] Authenticity of the authentication request message: OK"
time="2026-08-16T17:54:57+08:00" level=info msg="[UE][NAS][SQN] SQN of the authentication request message: VALID"
time="2026-08-16T17:54:57+08:00" level=info msg="[UE][NAS] Send authentication response"
time="2026-08-16T17:54:57+08:00" level=info msg="[GNB][NGAP] Receive Downlink NAS Transport"
time="2026-08-16T17:54:57+08:00" level=info msg="[GNB][NGAP] Receive Downlink NAS Transport"
time="2026-08-16T17:54:57+08:00" level=info msg="[UE] Switched from state 2 to state 2"
time="2026-08-16T17:54:57+08:00" level=info msg="[UE][NAS] Message without security header"
time="2026-08-16T17:54:57+08:00" level=info msg="[UE][NAS] Receive Authentication Request"
time="2026-08-16T17:54:57+08:00" level=info msg="[GNB][NGAP] Receive Downlink NAS Transport"
time="2026-08-16T17:54:57+08:00" level=info msg="[UE][NAS][MAC] Authenticity of the authentication request message: OK"
time="2026-08-16T17:54:57+08:00" level=info msg="[UE][NAS][SQN] SQN of the authentication request message: VALID"
time="2026-08-16T17:54:57+08:00" level=info msg="[UE][NAS] Send authentication response"
time="2026-08-16T17:54:57+08:00" level=info msg="[GNB][NGAP] Receive Downlink NAS Transport"
time="2026-08-16T17:54:57+08:00" level=info msg="[UE][NAS] Message without security header"
time="2026-08-16T17:54:57+08:00" level=info msg="[UE][NAS] Receive Authentication Request"
time="2026-08-16T17:54:57+08:00" level=info msg="[GNB][NGAP] Receive Downlink NAS Transport"
time="2026-08-16T17:54:57+08:00" level=info msg="[UE][NAS][MAC] Authenticity of the authentication request message: OK"
time="2026-08-16T17:54:57+08:00" level=info msg="[UE][NAS] Message without security header"
time="2026-08-16T17:54:57+08:00" level=info msg="[UE] Switched from state 2 to state 2"
time="2026-08-16T17:54:57+08:00" level=info msg="[UE][NAS] Message without security header"
time="2026-08-16T17:54:57+08:00" level=info msg="[UE][NAS] Receive Authentication Request"
time="2026-08-16T17:54:57+08:00" level=info msg="[UE][NAS][MAC] Authenticity of the authentication request message: OK"
time="2026-08-16T17:54:57+08:00" level=info msg="[UE][NAS][SQN] SQN of the authentication request message: VALID"
time="2026-08-16T17:54:57+08:00" level=info msg="[UE][NAS] Send authentication response"
time="2026-08-16T17:54:57+08:00" level=info msg="[UE][NAS][SQN] SQN of the authentication request message: VALID"
time="2026-08-16T17:54:57+08:00" level=info msg="[UE][NAS] Send authentication response"
time="2026-08-16T17:54:57+08:00" level=info msg="[UE][NAS] Message without security header"
time="2026-08-16T17:54:57+08:00" level=info msg="[UE][NAS] Receive Authentication Request"
time="2026-08-16T17:54:57+08:00" level=info msg="[UE][NAS][MAC] Authenticity of the authentication request message: OK"
time="2026-08-16T17:54:57+08:00" level=info msg="[UE][NAS][SQN] SQN of the authentication request message: VALID"
time="2026-08-16T17:54:57+08:00" level=info msg="[UE][NAS] Send authentication response"
time="2026-08-16T17:54:57+08:00" level=info msg="[UE][NAS] Receive Authentication Request"
time="2026-08-16T17:54:57+08:00" level=info msg="[UE][NAS][MAC] Authenticity of the authentication request message: OK"
time="2026-08-16T17:54:57+08:00" level=info msg="[UE][NAS][SQN] SQN of the authentication request message: VALID"
time="2026-08-16T17:54:57+08:00" level=info msg="[UE][NAS] Send authentication response"
time="2026-08-16T17:54:57+08:00" level=info msg="[UE] Switched from state 2 to state 2"
time="2026-08-16T17:54:57+08:00" level=info msg="[UE] Switched from state 2 to state 2"
time="2026-08-16T17:54:57+08:00" level=info msg="[GNB][NGAP] Receive Downlink NAS Transport"
time="2026-08-16T17:54:57+08:00" level=info msg="[UE][NAS] Message without security header"
time="2026-08-16T17:54:57+08:00" level=info msg="[UE][NAS] Receive Authentication Request"
time="2026-08-16T17:54:57+08:00" level=info msg="[UE][NAS][MAC] Authenticity of the authentication request message: OK"
time="2026-08-16T17:54:57+08:00" level=info msg="[UE][NAS][SQN] SQN of the authentication request message: VALID"
time="2026-08-16T17:54:57+08:00" level=info msg="[UE][NAS] Send authentication response"
time="2026-08-16T17:54:57+08:00" level=info msg="[UE] Switched from state 2 to state 2"
time="2026-08-16T17:54:57+08:00" level=info msg="[UE] Switched from state 2 to state 2"
time="2026-08-16T17:54:57+08:00" level=info msg="[UE] Switched from state 2 to state 2"
time="2026-08-16T17:54:57+08:00" level=info msg="[GNB][SCTP] Receive message in 0 stream\n"
time="2026-08-16T17:54:57+08:00" level=info msg="[GNB][NGAP] Receive Downlink NAS Transport"
time="2026-08-16T17:54:57+08:00" level=info msg="[UE][NAS] Message without security header"
time="2026-08-16T17:54:57+08:00" level=info msg="[UE][NAS] Receive Authentication Request"
time="2026-08-16T17:54:57+08:00" level=info msg="[UE][NAS][MAC] Authenticity of the authentication request message: OK"
time="2026-08-16T17:54:57+08:00" level=info msg="[UE][NAS][SQN] SQN of the authentication request message: VALID"
time="2026-08-16T17:54:57+08:00" level=info msg="[UE][NAS] Send authentication response"
time="2026-08-16T17:54:57+08:00" level=info msg="[UE] Switched from state 2 to state 2"
time="2026-08-16T17:54:57+08:00" level=info msg="[GNB][SCTP] Receive message in 0 stream\n"
time="2026-08-16T17:54:57+08:00" level=info msg="[GNB][NGAP] Receive Downlink NAS Transport"
time="2026-08-16T17:54:57+08:00" level=info msg="[UE][NAS] Message with security header"
time="2026-08-16T17:54:57+08:00" level=info msg="[UE][NAS] Message with integrity and with NEW 5G NAS SECURITY CONTEXT"
time="2026-08-16T17:54:57+08:00" level=error msg="[UE][NAS] NAS MAC verification failed(received:[150 113 223 238]expected:[38 241 41 55]"
time="2026-08-16T17:54:57+08:00" level=info msg="[GNB][SCTP] Receive message in 0 stream\n"
time="2026-08-16T17:54:57+08:00" level=info msg="[GNB][NGAP] Receive Downlink NAS Transport"
time="2026-08-16T17:54:57+08:00" level=info msg="[UE][NAS] Message without security header"
time="2026-08-16T17:54:57+08:00" level=info msg="[UE][NAS] Receive Authentication Request"
time="2026-08-16T17:54:57+08:00" level=info msg="[UE][NAS][MAC] Authenticity of the authentication request message: OK"
time="2026-08-16T17:54:57+08:00" level=info msg="[UE][NAS][SQN] SQN of the authentication request message: VALID"
time="2026-08-16T17:54:57+08:00" level=info msg="[UE][NAS] Send authentication response"
time="2026-08-16T17:54:57+08:00" level=info msg="[UE] Switched from state 2 to state 2"
time="2026-08-16T17:54:57+08:00" level=info msg="[GNB][SCTP] Receive message in 0 stream\n"
time="2026-08-16T17:54:57+08:00" level=info msg="[GNB][SCTP] Receive message in 0 stream\n"
time="2026-08-16T17:54:57+08:00" level=info msg="[GNB][SCTP] Receive message in 0 stream\n"
time="2026-08-16T17:54:57+08:00" level=info msg="[GNB][SCTP] Receive message in 0 stream\n"
time="2026-08-16T17:54:57+08:00" level=info msg="[GNB][NGAP] Receive Downlink NAS Transport"
time="2026-08-16T17:54:57+08:00" level=info msg="[UE][NAS] Message without security header"
time="2026-08-16T17:54:57+08:00" level=info msg="[UE][NAS] Receive Authentication Request"
time="2026-08-16T17:54:57+08:00" level=info msg="[UE][NAS][MAC] Authenticity of the authentication request message: OK"
time="2026-08-16T17:54:57+08:00" level=info msg="[UE][NAS][SQN] SQN of the authentication request message: VALID"
time="2026-08-16T17:54:57+08:00" level=info msg="[UE][NAS] Send authentication response"
time="2026-08-16T17:54:57+08:00" level=info msg="[GNB][NGAP] Receive Downlink NAS Transport"
time="2026-08-16T17:54:57+08:00" level=info msg="[UE][NAS] Message without security header"
time="2026-08-16T17:54:57+08:00" level=info msg="[UE][NAS] Receive Authentication Request"
time="2026-08-16T17:54:57+08:00" level=info msg="[UE][NAS][MAC] Authenticity of the authentication request message: OK"
time="2026-08-16T17:54:57+08:00" level=info msg="[UE][NAS][SQN] SQN of the authentication request message: VALID"
time="2026-08-16T17:54:57+08:00" level=info msg="[UE][NAS] Send authentication response"
time="2026-08-16T17:54:57+08:00" level=info msg="[UE] Switched from state 2 to state 2"
time="2026-08-16T17:54:57+08:00" level=info msg="[UE] Switched from state 2 to state 2"
time="2026-08-16T17:54:57+08:00" level=info msg="[GNB][NGAP] Receive Downlink NAS Transport"
time="2026-08-16T17:54:57+08:00" level=info msg="[UE][NAS] Message without security header"
time="2026-08-16T17:54:57+08:00" level=info msg="[UE][NAS] Receive Authentication Request"
time="2026-08-16T17:54:57+08:00" level=info msg="[UE][NAS][MAC] Authenticity of the authentication request message: OK"
time="2026-08-16T17:54:57+08:00" level=info msg="[UE][NAS][SQN] SQN of the authentication request message: VALID"
time="2026-08-16T17:54:57+08:00" level=info msg="[UE][NAS] Send authentication response"
time="2026-08-16T17:54:57+08:00" level=info msg="[GNB][NGAP] Receive Downlink NAS Transport"
time="2026-08-16T17:54:57+08:00" level=info msg="[UE][NAS] Message without security header"
time="2026-08-16T17:54:57+08:00" level=info msg="[UE][NAS] Receive Authentication Request"
time="2026-08-16T17:54:57+08:00" level=info msg="[UE][NAS][MAC] Authenticity of the authentication request message: OK"
time="2026-08-16T17:54:57+08:00" level=info msg="[UE][NAS][SQN] SQN of the authentication request message: VALID"
time="2026-08-16T17:54:57+08:00" level=info msg="[UE][NAS] Send authentication response"
time="2026-08-16T17:54:57+08:00" level=info msg="[UE] Switched from state 2 to state 2"
time="2026-08-16T17:54:57+08:00" level=info msg="[UE] Switched from state 2 to state 2"
time="2026-08-16T17:54:57+08:00" level=info msg="[GNB][SCTP] Receive message in 0 stream\n"
time="2026-08-16T17:54:57+08:00" level=info msg="[GNB][NGAP] Receive Downlink NAS Transport"
time="2026-08-16T17:54:57+08:00" level=info msg="[UE][NAS] Message without security header"
time="2026-08-16T17:54:57+08:00" level=info msg="[UE][NAS] Receive Authentication Request"
time="2026-08-16T17:54:57+08:00" level=info msg="[UE][NAS][MAC] Authenticity of the authentication request message: OK"
time="2026-08-16T17:54:57+08:00" level=info msg="[UE][NAS][SQN] SQN of the authentication request message: VALID"
time="2026-08-16T17:54:57+08:00" level=info msg="[UE][NAS] Send authentication response"
time="2026-08-16T17:54:57+08:00" level=info msg="[UE] Switched from state 2 to state 2"
time="2026-08-16T17:54:58+08:00" level=info msg="[GNB][SCTP] Receive message in 0 stream\n"
time="2026-08-16T17:54:58+08:00" level=info msg="[GNB][NGAP] Receive Downlink NAS Transport"
time="2026-08-16T17:54:58+08:00" level=info msg="[UE][NAS] Message without security header"
time="2026-08-16T17:54:58+08:00" level=info msg="[UE][NAS] Receive Authentication Request"
time="2026-08-16T17:54:58+08:00" level=info msg="[UE][NAS][MAC] Authenticity of the authentication request message: OK"
time="2026-08-16T17:54:58+08:00" level=info msg="[UE][NAS][SQN] SQN of the authentication request message: VALID"
time="2026-08-16T17:54:58+08:00" level=info msg="[UE][NAS] Send authentication response"
time="2026-08-16T17:54:58+08:00" level=info msg="[UE] Switched from state 2 to state 2"
time="2026-08-16T17:54:58+08:00" level=info msg="[GNB][SCTP] Receive message in 0 stream\n"
time="2026-08-16T17:54:58+08:00" level=info msg="[GNB][NGAP] Receive Downlink NAS Transport"
time="2026-08-16T17:54:58+08:00" level=info msg="[UE][NAS] Message with security header"
time="2026-08-16T17:54:58+08:00" level=info msg="[UE][NAS] Message with integrity and with NEW 5G NAS SECURITY CONTEXT"
time="2026-08-16T17:54:58+08:00" level=error msg="[UE][NAS] NAS MAC verification failed(received:[53 152 74 28]expected:[16 88 142 186]"
time="2026-08-16T17:54:58+08:00" level=info msg="[GNB][SCTP] Receive message in 0 stream\n"
time="2026-08-16T17:54:58+08:00" level=info msg="[GNB][NGAP] Receive Downlink NAS Transport"
time="2026-08-16T17:54:58+08:00" level=info msg="[UE][NAS] Message with security header"
time="2026-08-16T17:54:58+08:00" level=info msg="[UE][NAS] Message with integrity and with NEW 5G NAS SECURITY CONTEXT"
time="2026-08-16T17:54:58+08:00" level=error msg="[UE][NAS] NAS MAC verification failed(received:[189 134 58 248]expected:[17 180 134 226]"
time="2026-08-16T17:54:58+08:00" level=info msg="[GNB][SCTP] Receive message in 0 stream\n"
time="2026-08-16T17:54:58+08:00" level=info msg="[GNB][SCTP] Receive message in 0 stream\n"
time="2026-08-16T17:54:58+08:00" level=info msg="[GNB][SCTP] Receive message in 0 stream\n"
time="2026-08-16T17:54:58+08:00" level=info msg="[GNB][SCTP] Receive message in 0 stream\n"
time="2026-08-16T17:54:58+08:00" level=info msg="[GNB][SCTP] Receive message in 0 stream\n"
time="2026-08-16T17:54:58+08:00" level=info msg="[GNB][SCTP] Receive message in 0 stream\n"
time="2026-08-16T17:54:58+08:00" level=info msg="[GNB][SCTP] Receive message in 0 stream\n"
time="2026-08-16T17:54:58+08:00" level=info msg="[GNB][NGAP] Receive Downlink NAS Transport"
time="2026-08-16T17:54:58+08:00" level=info msg="[UE][NAS] Message without security header"
time="2026-08-16T17:54:58+08:00" level=info msg="[UE][NAS] Receive Authentication Request"
time="2026-08-16T17:54:58+08:00" level=info msg="[GNB][NGAP] Receive Downlink NAS Transport"
time="2026-08-16T17:54:58+08:00" level=info msg="[UE][NAS] Message without security header"
time="2026-08-16T17:54:58+08:00" level=info msg="[UE][NAS] Receive Authentication Request"
time="2026-08-16T17:54:58+08:00" level=info msg="[UE][NAS][MAC] Authenticity of the authentication request message: OK"
time="2026-08-16T17:54:58+08:00" level=info msg="[UE][NAS][SQN] SQN of the authentication request message: VALID"
time="2026-08-16T17:54:58+08:00" level=info msg="[UE][NAS] Send authentication response"
time="2026-08-16T17:54:58+08:00" level=info msg="[UE][NAS][MAC] Authenticity of the authentication request message: OK"
time="2026-08-16T17:54:58+08:00" level=info msg="[UE][NAS][SQN] SQN of the authentication request message: VALID"
time="2026-08-16T17:54:58+08:00" level=info msg="[UE][NAS] Send authentication response"
time="2026-08-16T17:54:58+08:00" level=info msg="[GNB][NGAP] Receive Downlink NAS Transport"
time="2026-08-16T17:54:58+08:00" level=info msg="[UE][NAS] Message without security header"
time="2026-08-16T17:54:58+08:00" level=info msg="[UE][NAS] Receive Authentication Request"
time="2026-08-16T17:54:58+08:00" level=info msg="[UE][NAS][MAC] Authenticity of the authentication request message: OK"
time="2026-08-16T17:54:58+08:00" level=info msg="[UE][NAS][SQN] SQN of the authentication request message: VALID"
time="2026-08-16T17:54:58+08:00" level=info msg="[UE][NAS] Send authentication response"
time="2026-08-16T17:54:58+08:00" level=info msg="[UE] Switched from state 2 to state 2"
time="2026-08-16T17:54:58+08:00" level=info msg="[UE] Switched from state 2 to state 2"
time="2026-08-16T17:54:58+08:00" level=info msg="[GNB][NGAP] Receive Downlink NAS Transport"
time="2026-08-16T17:54:58+08:00" level=info msg="[UE][NAS] Message without security header"
time="2026-08-16T17:54:58+08:00" level=info msg="[UE][NAS] Receive Authentication Request"
time="2026-08-16T17:54:58+08:00" level=info msg="[UE][NAS][MAC] Authenticity of the authentication request message: OK"
time="2026-08-16T17:54:58+08:00" level=info msg="[UE][NAS][SQN] SQN of the authentication request message: VALID"
time="2026-08-16T17:54:58+08:00" level=info msg="[UE][NAS] Send authentication response"
time="2026-08-16T17:54:58+08:00" level=info msg="[GNB][NGAP] Receive Downlink NAS Transport"
time="2026-08-16T17:54:58+08:00" level=info msg="[UE][NAS] Message without security header"
time="2026-08-16T17:54:58+08:00" level=info msg="[UE][NAS] Receive Authentication Request"
time="2026-08-16T17:54:58+08:00" level=info msg="[UE][NAS][MAC] Authenticity of the authentication request message: OK"
time="2026-08-16T17:54:58+08:00" level=info msg="[UE][NAS][SQN] SQN of the authentication request message: VALID"
time="2026-08-16T17:54:58+08:00" level=info msg="[UE][NAS] Send authentication response"
time="2026-08-16T17:54:58+08:00" level=info msg="[GNB][NGAP] Receive Downlink NAS Transport"
time="2026-08-16T17:54:58+08:00" level=info msg="[UE] Switched from state 2 to state 2"
time="2026-08-16T17:54:58+08:00" level=info msg="[UE][NAS] Message without security header"
time="2026-08-16T17:54:58+08:00" level=info msg="[UE][NAS] Receive Authentication Request"
time="2026-08-16T17:54:58+08:00" level=info msg="[UE] Switched from state 2 to state 2"
time="2026-08-16T17:54:58+08:00" level=info msg="[UE][NAS][MAC] Authenticity of the authentication request message: OK"
time="2026-08-16T17:54:58+08:00" level=info msg="[UE][NAS][SQN] SQN of the authentication request message: VALID"
time="2026-08-16T17:54:58+08:00" level=info msg="[UE][NAS] Send authentication response"
time="2026-08-16T17:54:58+08:00" level=info msg="[GNB][NGAP] Receive Downlink NAS Transport"
time="2026-08-16T17:54:58+08:00" level=info msg="[UE][NAS] Message with security header"
time="2026-08-16T17:54:58+08:00" level=info msg="[UE][NAS] Message with integrity and with NEW 5G NAS SECURITY CONTEXT"
time="2026-08-16T17:54:58+08:00" level=error msg="[UE][NAS] NAS MAC verification failed(received:[149 32 233 196]expected:[176 72 48 85]"
time="2026-08-16T17:54:58+08:00" level=info msg="[UE] Switched from state 2 to state 2"
time="2026-08-16T17:54:58+08:00" level=info msg="[UE] Switched from state 2 to state 2"
time="2026-08-16T17:54:58+08:00" level=info msg="[GNB][SCTP] Receive message in 0 stream\n"
time="2026-08-16T17:54:58+08:00" level=info msg="[GNB][SCTP] Receive message in 0 stream\n"
time="2026-08-16T17:54:58+08:00" level=info msg="[GNB][NGAP] Receive Downlink NAS Transport"
time="2026-08-16T17:54:58+08:00" level=info msg="[UE][NAS] Message without security header"
time="2026-08-16T17:54:58+08:00" level=info msg="[GNB][NGAP] Receive Downlink NAS Transport"
time="2026-08-16T17:54:58+08:00" level=info msg="[UE][NAS] Message with security header"
time="2026-08-16T17:54:58+08:00" level=info msg="[UE][NAS] Message with integrity and with NEW 5G NAS SECURITY CONTEXT"
time="2026-08-16T17:54:58+08:00" level=error msg="[UE][NAS] NAS MAC verification failed(received:[251 214 226 137]expected:[95 115 116 109]"
time="2026-08-16T17:54:58+08:00" level=info msg="[UE][NAS] Receive Authentication Request"
time="2026-08-16T17:54:58+08:00" level=info msg="[UE][NAS][MAC] Authenticity of the authentication request message: OK"
time="2026-08-16T17:54:58+08:00" level=info msg="[UE][NAS][SQN] SQN of the authentication request message: VALID"
time="2026-08-16T17:54:58+08:00" level=info msg="[UE][NAS] Send authentication response"
time="2026-08-16T17:54:58+08:00" level=info msg="[UE] Switched from state 2 to state 2"
time="2026-08-16T17:54:58+08:00" level=info msg="[GNB][SCTP] Receive message in 0 stream\n"
time="2026-08-16T17:54:58+08:00" level=info msg="[GNB][SCTP] Receive message in 0 stream\n"
time="2026-08-16T17:54:58+08:00" level=info msg="[GNB][NGAP] Receive Downlink NAS Transport"
time="2026-08-16T17:54:58+08:00" level=info msg="[UE][NAS] Message without security header"
time="2026-08-16T17:54:58+08:00" level=info msg="[UE][NAS] Receive Authentication Request"
time="2026-08-16T17:54:58+08:00" level=info msg="[UE][NAS][MAC] Authenticity of the authentication request message: OK"
time="2026-08-16T17:54:58+08:00" level=info msg="[UE][NAS][SQN] SQN of the authentication request message: VALID"
time="2026-08-16T17:54:58+08:00" level=info msg="[UE][NAS] Send authentication response"
time="2026-08-16T17:54:58+08:00" level=info msg="[UE] Switched from state 2 to state 2"
time="2026-08-16T17:54:58+08:00" level=info msg="[GNB][NGAP] Receive Downlink NAS Transport"
time="2026-08-16T17:54:58+08:00" level=info msg="[UE][NAS] Message without security header"
time="2026-08-16T17:54:58+08:00" level=info msg="[UE][NAS] Receive Authentication Request"
time="2026-08-16T17:54:58+08:00" level=info msg="[UE][NAS][MAC] Authenticity of the authentication request message: OK"
time="2026-08-16T17:54:58+08:00" level=info msg="[UE][NAS][SQN] SQN of the authentication request message: VALID"
time="2026-08-16T17:54:58+08:00" level=info msg="[UE][NAS] Send authentication response"
time="2026-08-16T17:54:58+08:00" level=info msg="[UE] Switched from state 2 to state 2"
time="2026-08-16T17:54:58+08:00" level=info msg="[GNB][SCTP] Receive message in 0 stream\n"
time="2026-08-16T17:54:58+08:00" level=info msg="[GNB][NGAP] Receive Downlink NAS Transport"
time="2026-08-16T17:54:58+08:00" level=info msg="[UE][NAS] Message with security header"
time="2026-08-16T17:54:58+08:00" level=info msg="[UE][NAS] Message with integrity and with NEW 5G NAS SECURITY CONTEXT"
time="2026-08-16T17:54:58+08:00" level=error msg="[UE][NAS] NAS MAC verification failed(received:[58 81 164 155]expected:[21 47 85 117]"
time="2026-08-16T17:54:58+08:00" level=info msg="[GNB][SCTP] Receive message in 0 stream\n"
time="2026-08-16T17:54:58+08:00" level=info msg="[GNB][NGAP] Receive Downlink NAS Transport"
time="2026-08-16T17:54:58+08:00" level=info msg="[UE][NAS] Message without security header"
time="2026-08-16T17:54:58+08:00" level=info msg="[UE][NAS] Receive Authentication Request"
time="2026-08-16T17:54:58+08:00" level=info msg="[UE][NAS][MAC] Authenticity of the authentication request message: OK"
time="2026-08-16T17:54:58+08:00" level=info msg="[UE][NAS][SQN] SQN of the authentication request message: VALID"
time="2026-08-16T17:54:58+08:00" level=info msg="[UE][NAS] Send authentication response"
time="2026-08-16T17:54:58+08:00" level=info msg="[UE] Switched from state 2 to state 2"
time="2026-08-16T17:54:58+08:00" level=info msg="[GNB][SCTP] Receive message in 0 stream\n"
time="2026-08-16T17:54:58+08:00" level=info msg="[GNB][NGAP] Receive Downlink NAS Transport"
time="2026-08-16T17:54:58+08:00" level=info msg="[UE][NAS] Message without security header"
time="2026-08-16T17:54:58+08:00" level=info msg="[UE][NAS] Receive Authentication Request"
time="2026-08-16T17:54:58+08:00" level=info msg="[UE][NAS][MAC] Authenticity of the authentication request message: OK"
time="2026-08-16T17:54:58+08:00" level=info msg="[UE][NAS][SQN] SQN of the authentication request message: VALID"
time="2026-08-16T17:54:58+08:00" level=info msg="[UE][NAS] Send authentication response"
time="2026-08-16T17:54:58+08:00" level=info msg="[UE] Switched from state 2 to state 2"
time="2026-08-16T17:54:58+08:00" level=info msg="[GNB][SCTP] Receive message in 0 stream\n"
time="2026-08-16T17:54:58+08:00" level=info msg="[GNB][NGAP] Receive Downlink NAS Transport"
time="2026-08-16T17:54:58+08:00" level=info msg="[UE][NAS] Message without security header"
time="2026-08-16T17:54:58+08:00" level=info msg="[UE][NAS] Receive Authentication Request"
time="2026-08-16T17:54:58+08:00" level=info msg="[UE][NAS][MAC] Authenticity of the authentication request message: OK"
time="2026-08-16T17:54:58+08:00" level=info msg="[UE][NAS][SQN] SQN of the authentication request message: VALID"
time="2026-08-16T17:54:58+08:00" level=info msg="[UE][NAS] Send authentication response"
time="2026-08-16T17:54:58+08:00" level=info msg="[UE] Switched from state 2 to state 2"
time="2026-08-16T17:54:58+08:00" level=info msg="[GNB][SCTP] Receive message in 0 stream\n"
time="2026-08-16T17:54:58+08:00" level=info msg="[GNB][NGAP] Receive Downlink NAS Transport"
time="2026-08-16T17:54:58+08:00" level=info msg="[UE][NAS] Message with security header"
time="2026-08-16T17:54:58+08:00" level=info msg="[UE][NAS] Message with integrity and ciphered"
time="2026-08-16T17:54:58+08:00" level=info msg="[UE][NAS] successful NAS CIPHERING"
time="2026-08-16T17:54:58+08:00" level=error msg="[UE][NAS] NAS MAC verification failed(received:[126 162 136 164]expected:[151 162 177 185]"
time="2026-08-16T17:54:59+08:00" level=info msg="[GNB][SCTP] Receive message in 0 stream\n"
time="2026-08-16T17:54:59+08:00" level=info msg="[GNB][NGAP] Receive Downlink NAS Transport"
time="2026-08-16T17:54:59+08:00" level=info msg="[UE][NAS] Message without security header"
time="2026-08-16T17:54:59+08:00" level=info msg="[UE][NAS] Receive Authentication Request"
time="2026-08-16T17:54:59+08:00" level=info msg="[UE][NAS][MAC] Authenticity of the authentication request message: OK"
time="2026-08-16T17:54:59+08:00" level=info msg="[UE][NAS][SQN] SQN of the authentication request message: VALID"
time="2026-08-16T17:54:59+08:00" level=info msg="[UE][NAS] Send authentication response"
time="2026-08-16T17:54:59+08:00" level=info msg="[UE] Switched from state 2 to state 2"
time="2026-08-16T17:54:59+08:00" level=info msg="[GNB][SCTP] Receive message in 0 stream\n"
time="2026-08-16T17:54:59+08:00" level=info msg="[GNB][NGAP] Receive Downlink NAS Transport"
time="2026-08-16T17:54:59+08:00" level=info msg="[UE][NAS] Message with security header"
time="2026-08-16T17:54:59+08:00" level=info msg="[UE][NAS] Message with integrity and with NEW 5G NAS SECURITY CONTEXT"
time="2026-08-16T17:54:59+08:00" level=error msg="[UE][NAS] NAS MAC verification failed(received:[249 164 68 130]expected:[138 194 19 77]"
time="2026-08-16T17:54:59+08:00" level=info msg="[GNB][SCTP] Receive message in 0 stream\n"
time="2026-08-16T17:54:59+08:00" level=info msg="[GNB][SCTP] Receive message in 0 stream\n"
time="2026-08-16T17:54:59+08:00" level=info msg="[GNB][SCTP] Receive message in 0 stream\n"
time="2026-08-16T17:54:59+08:00" level=info msg="[GNB][SCTP] Receive message in 0 stream\n"
time="2026-08-16T17:54:59+08:00" level=info msg="[GNB][SCTP] Receive message in 0 stream\n"
time="2026-08-16T17:54:59+08:00" level=info msg="[GNB][NGAP] Receive Downlink NAS Transport"
time="2026-08-16T17:54:59+08:00" level=info msg="[UE][NAS] Message without security header"
time="2026-08-16T17:54:59+08:00" level=info msg="[UE][NAS] Receive Authentication Request"
time="2026-08-16T17:54:59+08:00" level=info msg="[GNB][NGAP] Receive Downlink NAS Transport"
time="2026-08-16T17:54:59+08:00" level=info msg="[UE][NAS] Message without security header"
time="2026-08-16T17:54:59+08:00" level=info msg="[UE][NAS] Receive Authentication Request"
time="2026-08-16T17:54:59+08:00" level=info msg="[UE][NAS][MAC] Authenticity of the authentication request message: OK"
time="2026-08-16T17:54:59+08:00" level=info msg="[UE][NAS][SQN] SQN of the authentication request message: VALID"
time="2026-08-16T17:54:59+08:00" level=info msg="[UE][NAS] Send authentication response"
time="2026-08-16T17:54:59+08:00" level=info msg="[GNB][NGAP] Receive Downlink NAS Transport"
time="2026-08-16T17:54:59+08:00" level=info msg="[UE][NAS] Message with security header"
time="2026-08-16T17:54:59+08:00" level=info msg="[UE][NAS] Message with integrity and with NEW 5G NAS SECURITY CONTEXT"
time="2026-08-16T17:54:59+08:00" level=error msg="[UE][NAS] NAS MAC verification failed(received:[108 112 107 71]expected:[84 215 42 5]"
time="2026-08-16T17:54:59+08:00" level=info msg="[UE][NAS][MAC] Authenticity of the authentication request message: OK"
time="2026-08-16T17:54:59+08:00" level=info msg="[UE][NAS][SQN] SQN of the authentication request message: VALID"
time="2026-08-16T17:54:59+08:00" level=info msg="[UE][NAS] Send authentication response"
time="2026-08-16T17:54:59+08:00" level=info msg="[UE] Switched from state 2 to state 2"
time="2026-08-16T17:54:59+08:00" level=info msg="[GNB][NGAP] Receive Downlink NAS Transport"
time="2026-08-16T17:54:59+08:00" level=info msg="[UE][NAS] Message without security header"
time="2026-08-16T17:54:59+08:00" level=info msg="[UE][NAS] Receive Authentication Request"
time="2026-08-16T17:54:59+08:00" level=info msg="[UE][NAS][MAC] Authenticity of the authentication request message: OK"
time="2026-08-16T17:54:59+08:00" level=info msg="[UE][NAS][SQN] SQN of the authentication request message: VALID"
time="2026-08-16T17:54:59+08:00" level=info msg="[UE][NAS] Send authentication response"
time="2026-08-16T17:54:59+08:00" level=info msg="[GNB][NGAP] Receive Downlink NAS Transport"
time="2026-08-16T17:54:59+08:00" level=info msg="[UE][NAS] Message without security header"
time="2026-08-16T17:54:59+08:00" level=info msg="[UE][NAS] Receive Authentication Request"
time="2026-08-16T17:54:59+08:00" level=info msg="[UE][NAS][MAC] Authenticity of the authentication request message: OK"
time="2026-08-16T17:54:59+08:00" level=info msg="[UE][NAS][SQN] SQN of the authentication request message: VALID"
time="2026-08-16T17:54:59+08:00" level=info msg="[UE][NAS] Send authentication response"
time="2026-08-16T17:54:59+08:00" level=info msg="[UE] Switched from state 2 to state 2"
time="2026-08-16T17:54:59+08:00" level=info msg="[GNB][SCTP] Receive message in 0 stream\n"
time="2026-08-16T17:54:59+08:00" level=info msg="[GNB][SCTP] Receive message in 0 stream\n"
time="2026-08-16T17:54:59+08:00" level=info msg="[GNB][SCTP] Receive message in 0 stream\n"
time="2026-08-16T17:54:59+08:00" level=info msg="[GNB][NGAP] Receive Initial Context Setup Request"
time="2026-08-16T17:54:59+08:00" level=info msg="[GNB][UE] UE Context was created with successful"
time="2026-08-16T17:54:59+08:00" level=info msg="[GNB][UE] UE RAN ID 88"
time="2026-08-16T17:54:59+08:00" level=info msg="[GNB][UE] UE AMF ID 987"
time="2026-08-16T17:54:59+08:00" level=info msg="[GNB][UE] UE Mobility Restrict --Plmn-- Mcc: 208 Mnc: 93"
time="2026-08-16T17:54:59+08:00" level=info msg="[GNB][UE] UE Masked Imeisv: 1110000000ffff00"
time="2026-08-16T17:54:59+08:00" level=info msg="[GNB][UE] Allowed Nssai-- Sst: [01 01] Sd: [010203 112233]"
time="2026-08-16T17:54:59+08:00" level=info msg="[GNB][NGAP][AMF] Send Initial Context Setup Response."
time="2026-08-16T17:54:59+08:00" level=info msg="[GNB] Initiating Initial Context Setup Response"
time="2026-08-16T17:54:59+08:00" level=info msg="[GNB][NGAP] No PDU Session to set up in InitialContextSetupResponse."
time="2026-08-16T17:54:59+08:00" level=info msg="[UE][NAS] Message with security header"
time="2026-08-16T17:54:59+08:00" level=info msg="[UE][NAS] Message with integrity and ciphered"
time="2026-08-16T17:54:59+08:00" level=info msg="[UE][NAS] successful NAS CIPHERING"
time="2026-08-16T17:54:59+08:00" level=error msg="[UE][NAS] NAS MAC verification failed(received:[16 89 233 30]expected:[59 21 250 14]"
time="2026-08-16T17:54:59+08:00" level=info msg="[UE] Switched from state 2 to state 2"
time="2026-08-16T17:54:59+08:00" level=info msg="[UE] Switched from state 2 to state 2"
time="2026-08-16T17:54:59+08:00" level=info msg="[GNB][NGAP] Receive Downlink NAS Transport"
time="2026-08-16T17:54:59+08:00" level=info msg="[UE][NAS] Message without security header"
time="2026-08-16T17:54:59+08:00" level=info msg="[UE][NAS] Receive Authentication Request"
time="2026-08-16T17:54:59+08:00" level=info msg="[UE][NAS][MAC] Authenticity of the authentication request message: OK"
time="2026-08-16T17:54:59+08:00" level=info msg="[UE][NAS][SQN] SQN of the authentication request message: VALID"
time="2026-08-16T17:54:59+08:00" level=info msg="[UE][NAS] Send authentication response"
time="2026-08-16T17:54:59+08:00" level=info msg="[UE] Switched from state 2 to state 2"
time="2026-08-16T17:54:59+08:00" level=info msg="[GNB][NGAP] Receive Downlink NAS Transport"
time="2026-08-16T17:54:59+08:00" level=info msg="[UE][NAS] Message with security header"
time="2026-08-16T17:54:59+08:00" level=info msg="[UE][NAS] Message with integrity and with NEW 5G NAS SECURITY CONTEXT"
time="2026-08-16T17:54:59+08:00" level=error msg="[UE][NAS] NAS MAC verification failed(received:[75 117 181 12]expected:[78 155 217 108]"
time="2026-08-16T17:54:59+08:00" level=info msg="[GNB][SCTP] Receive message in 0 stream\n"
time="2026-08-16T17:54:59+08:00" level=info msg="[GNB][NGAP] Receive Downlink NAS Transport"
time="2026-08-16T17:54:59+08:00" level=info msg="[UE][NAS] Message with security header"
time="2026-08-16T17:54:59+08:00" level=info msg="[UE][NAS] Message with integrity and with NEW 5G NAS SECURITY CONTEXT"
time="2026-08-16T17:54:59+08:00" level=error msg="[UE][NAS] NAS MAC verification failed(received:[249 82 137 173]expected:[236 61 211 158]"
time="2026-08-16T17:55:00+08:00" level=info msg="[GNB][SCTP] Receive message in 0 stream\n"
time="2026-08-16T17:55:00+08:00" level=info msg="[GNB][NGAP] Receive Downlink NAS Transport"
time="2026-08-16T17:55:00+08:00" level=info msg="[UE][NAS] Message without security header"
time="2026-08-16T17:55:00+08:00" level=info msg="[UE][NAS] Receive Authentication Request"
time="2026-08-16T17:55:00+08:00" level=info msg="[UE][NAS][MAC] Authenticity of the authentication request message: OK"
time="2026-08-16T17:55:00+08:00" level=info msg="[UE][NAS][SQN] SQN of the authentication request message: VALID"
time="2026-08-16T17:55:00+08:00" level=info msg="[UE][NAS] Send authentication response"
time="2026-08-16T17:55:00+08:00" level=info msg="[UE] Switched from state 2 to state 2"
time="2026-08-16T17:55:00+08:00" level=info msg="[GNB][SCTP] Receive message in 0 stream\n"
time="2026-08-16T17:55:00+08:00" level=info msg="[GNB][NGAP] Receive Downlink NAS Transport"
time="2026-08-16T17:55:00+08:00" level=info msg="[UE][NAS] Message without security header"
time="2026-08-16T17:55:00+08:00" level=info msg="[UE][NAS] Receive Authentication Request"
time="2026-08-16T17:55:00+08:00" level=info msg="[UE][NAS][MAC] Authenticity of the authentication request message: OK"
time="2026-08-16T17:55:00+08:00" level=info msg="[UE][NAS][SQN] SQN of the authentication request message: VALID"
time="2026-08-16T17:55:00+08:00" level=info msg="[UE][NAS] Send authentication response"
time="2026-08-16T17:55:00+08:00" level=info msg="[UE] Switched from state 2 to state 2"
time="2026-08-16T17:55:00+08:00" level=info msg="[GNB][SCTP] Receive message in 0 stream\n"
time="2026-08-16T17:55:00+08:00" level=info msg="[GNB][NGAP] Receive Downlink NAS Transport"
time="2026-08-16T17:55:00+08:00" level=info msg="[UE][NAS] Message without security header"
time="2026-08-16T17:55:00+08:00" level=info msg="[UE][NAS] Receive Authentication Request"
time="2026-08-16T17:55:00+08:00" level=info msg="[UE][NAS][MAC] Authenticity of the authentication request message: OK"
time="2026-08-16T17:55:00+08:00" level=info msg="[UE][NAS][SQN] SQN of the authentication request message: VALID"
time="2026-08-16T17:55:00+08:00" level=info msg="[UE][NAS] Send authentication response"
time="2026-08-16T17:55:00+08:00" level=info msg="[UE] Switched from state 2 to state 2"
time="2026-08-16T17:55:00+08:00" level=info msg="[GNB][SCTP] Receive message in 0 stream\n"
time="2026-08-16T17:55:00+08:00" level=info msg="[GNB][NGAP] Receive Downlink NAS Transport"
time="2026-08-16T17:55:00+08:00" level=info msg="[UE][NAS] Message without security header"
time="2026-08-16T17:55:00+08:00" level=info msg="[UE][NAS] Receive Authentication Request"
time="2026-08-16T17:55:00+08:00" level=info msg="[UE][NAS][MAC] Authenticity of the authentication request message: OK"
time="2026-08-16T17:55:00+08:00" level=info msg="[UE][NAS][SQN] SQN of the authentication request message: VALID"
time="2026-08-16T17:55:00+08:00" level=info msg="[UE][NAS] Send authentication response"
time="2026-08-16T17:55:00+08:00" level=info msg="[UE] Switched from state 2 to state 2"
time="2026-08-16T17:55:00+08:00" level=info msg="[GNB][SCTP] Receive message in 0 stream\n"
time="2026-08-16T17:55:00+08:00" level=info msg="[GNB][SCTP] Receive message in 0 stream\n"
time="2026-08-16T17:55:00+08:00" level=info msg="[GNB][SCTP] Receive message in 0 stream\n"
time="2026-08-16T17:55:00+08:00" level=info msg="[GNB][SCTP] Receive message in 0 stream\n"
time="2026-08-16T17:55:00+08:00" level=info msg="[GNB][NGAP] Receive Downlink NAS Transport"
time="2026-08-16T17:55:00+08:00" level=info msg="[UE][NAS] Message without security header"
time="2026-08-16T17:55:00+08:00" level=info msg="[UE][NAS] Receive Authentication Request"
time="2026-08-16T17:55:00+08:00" level=info msg="[GNB][NGAP] Receive Downlink NAS Transport"
time="2026-08-16T17:55:00+08:00" level=info msg="[UE][NAS] Message with security header"
time="2026-08-16T17:55:00+08:00" level=info msg="[UE][NAS] Message with integrity and with NEW 5G NAS SECURITY CONTEXT"
time="2026-08-16T17:55:00+08:00" level=error msg="[UE][NAS] NAS MAC verification failed(received:[24 217 95 62]expected:[16 132 220 52]"
time="2026-08-16T17:55:00+08:00" level=info msg="[GNB][NGAP] Receive Downlink NAS Transport"
time="2026-08-16T17:55:00+08:00" level=info msg="[GNB][NGAP] Receive Downlink NAS Transport"
time="2026-08-16T17:55:00+08:00" level=info msg="[UE][NAS] Message without security header"
time="2026-08-16T17:55:00+08:00" level=info msg="[UE][NAS] Receive Authentication Request"
time="2026-08-16T17:55:00+08:00" level=info msg="[UE][NAS][MAC] Authenticity of the authentication request message: OK"
time="2026-08-16T17:55:00+08:00" level=info msg="[UE][NAS][SQN] SQN of the authentication request message: VALID"
time="2026-08-16T17:55:00+08:00" level=info msg="[UE][NAS] Send authentication response"
time="2026-08-16T17:55:00+08:00" level=info msg="[UE][NAS][MAC] Authenticity of the authentication request message: OK"
time="2026-08-16T17:55:00+08:00" level=info msg="[UE][NAS][SQN] SQN of the authentication request message: VALID"
time="2026-08-16T17:55:00+08:00" level=info msg="[UE][NAS] Message without security header"
time="2026-08-16T17:55:00+08:00" level=info msg="[UE][NAS] Receive Authentication Request"
time="2026-08-16T17:55:00+08:00" level=info msg="[UE][NAS][MAC] Authenticity of the authentication request message: OK"
time="2026-08-16T17:55:00+08:00" level=info msg="[UE][NAS][SQN] SQN of the authentication request message: VALID"
time="2026-08-16T17:55:00+08:00" level=info msg="[UE][NAS] Send authentication response"
time="2026-08-16T17:55:00+08:00" level=info msg="[UE][NAS] Send authentication response"
time="2026-08-16T17:55:00+08:00" level=info msg="[UE] Switched from state 2 to state 2"
time="2026-08-16T17:55:00+08:00" level=info msg="[UE] Switched from state 2 to state 2"
time="2026-08-16T17:55:00+08:00" level=info msg="[UE] Switched from state 2 to state 2"
time="2026-08-16T17:55:00+08:00" level=info msg="[GNB][SCTP] Receive message in 0 stream\n"
time="2026-08-16T17:55:00+08:00" level=info msg="[GNB][NGAP] Receive Downlink NAS Transport"
time="2026-08-16T17:55:00+08:00" level=info msg="[UE][NAS] Message without security header"
time="2026-08-16T17:55:00+08:00" level=info msg="[UE][NAS] Receive Authentication Request"
time="2026-08-16T17:55:00+08:00" level=info msg="[UE][NAS][MAC] Authenticity of the authentication request message: OK"
time="2026-08-16T17:55:00+08:00" level=info msg="[UE][NAS][SQN] SQN of the authentication request message: VALID"
time="2026-08-16T17:55:00+08:00" level=info msg="[UE][NAS] Send authentication response"
time="2026-08-16T17:55:00+08:00" level=info msg="[UE] Switched from state 2 to state 2"
time="2026-08-16T17:55:00+08:00" level=info msg="[GNB][SCTP] Receive message in 0 stream\n"
time="2026-08-16T17:55:00+08:00" level=info msg="[GNB][NGAP] Receive Downlink NAS Transport"
time="2026-08-16T17:55:00+08:00" level=info msg="[UE][NAS] Message without security header"
time="2026-08-16T17:55:00+08:00" level=info msg="[UE][NAS] Receive Authentication Request"
time="2026-08-16T17:55:00+08:00" level=info msg="[UE][NAS][MAC] Authenticity of the authentication request message: OK"
time="2026-08-16T17:55:00+08:00" level=info msg="[UE][NAS][SQN] SQN of the authentication request message: VALID"
time="2026-08-16T17:55:00+08:00" level=info msg="[UE][NAS] Send authentication response"
time="2026-08-16T17:55:00+08:00" level=info msg="[GNB][SCTP] Receive message in 0 stream\n"
time="2026-08-16T17:55:00+08:00" level=info msg="[GNB][SCTP] Receive message in 0 stream\n"
time="2026-08-16T17:55:00+08:00" level=info msg="[GNB][SCTP] Receive message in 0 stream\n"
time="2026-08-16T17:55:00+08:00" level=info msg="[UE] Switched from state 2 to state 2"
time="2026-08-16T17:55:00+08:00" level=info msg="[GNB][NGAP] Receive Downlink NAS Transport"
time="2026-08-16T17:55:00+08:00" level=info msg="[UE][NAS] Message without security header"
time="2026-08-16T17:55:00+08:00" level=info msg="[UE][NAS] Receive Authentication Request"
time="2026-08-16T17:55:00+08:00" level=info msg="[UE][NAS][MAC] Authenticity of the authentication request message: OK"
time="2026-08-16T17:55:00+08:00" level=info msg="[UE][NAS][SQN] SQN of the authentication request message: VALID"
time="2026-08-16T17:55:00+08:00" level=info msg="[UE][NAS] Send authentication response"
time="2026-08-16T17:55:00+08:00" level=info msg="[GNB][NGAP] Receive Downlink NAS Transport"
time="2026-08-16T17:55:00+08:00" level=info msg="[UE][NAS] Message without security header"
time="2026-08-16T17:55:00+08:00" level=info msg="[UE][NAS] Receive Authentication Request"
time="2026-08-16T17:55:00+08:00" level=info msg="[UE] Switched from state 2 to state 2"
time="2026-08-16T17:55:00+08:00" level=info msg="[UE][NAS][MAC] Authenticity of the authentication request message: OK"
time="2026-08-16T17:55:00+08:00" level=info msg="[UE][NAS][SQN] SQN of the authentication request message: VALID"
time="2026-08-16T17:55:00+08:00" level=info msg="[UE][NAS] Send authentication response"
time="2026-08-16T17:55:00+08:00" level=info msg="[UE] Switched from state 2 to state 2"
time="2026-08-16T17:55:00+08:00" level=info msg="[GNB][NGAP] Receive Initial Context Setup Request"
time="2026-08-16T17:55:00+08:00" level=info msg="[GNB][UE] UE Context was created with successful"
time="2026-08-16T17:55:00+08:00" level=info msg="[GNB][UE] UE RAN ID 6"
time="2026-08-16T17:55:00+08:00" level=info msg="[GNB][UE] UE AMF ID 905"
time="2026-08-16T17:55:00+08:00" level=info msg="[GNB][UE] UE Mobility Restrict --Plmn-- Mcc: 208 Mnc: 93"
time="2026-08-16T17:55:00+08:00" level=info msg="[GNB][UE] UE Masked Imeisv: 1110000000ffff00"
time="2026-08-16T17:55:00+08:00" level=info msg="[GNB][UE] Allowed Nssai-- Sst: [01 01] Sd: [010203 112233]"
time="2026-08-16T17:55:00+08:00" level=info msg="[GNB][NGAP][AMF] Send Initial Context Setup Response."
time="2026-08-16T17:55:00+08:00" level=info msg="[GNB] Initiating Initial Context Setup Response"
time="2026-08-16T17:55:00+08:00" level=info msg="[GNB][NGAP] No PDU Session to set up in InitialContextSetupResponse."
time="2026-08-16T17:55:00+08:00" level=info msg="[UE][NAS] Message with security header"
time="2026-08-16T17:55:00+08:00" level=info msg="[UE][NAS] Message with integrity and ciphered"
time="2026-08-16T17:55:00+08:00" level=info msg="[UE][NAS] successful NAS CIPHERING"
time="2026-08-16T17:55:00+08:00" level=error msg="[UE][NAS] NAS MAC verification failed(received:[203 204 109 179]expected:[210 188 30 51]"
time="2026-08-16T17:55:01+08:00" level=info msg="[GNB][SCTP] Receive message in 0 stream\n"
time="2026-08-16T17:55:01+08:00" level=info msg="[GNB][NGAP] Receive Downlink NAS Transport"
time="2026-08-16T17:55:01+08:00" level=info msg="[UE][NAS] Message without security header"
time="2026-08-16T17:55:01+08:00" level=info msg="[UE][NAS] Receive Authentication Request"
time="2026-08-16T17:55:01+08:00" level=info msg="[UE][NAS][MAC] Authenticity of the authentication request message: OK"
time="2026-08-16T17:55:01+08:00" level=info msg="[UE][NAS][SQN] SQN of the authentication request message: VALID"
time="2026-08-16T17:55:01+08:00" level=info msg="[UE][NAS] Send authentication response"
time="2026-08-16T17:55:01+08:00" level=info msg="[UE] Switched from state 2 to state 2"
time="2026-08-16T17:55:01+08:00" level=info msg="[GNB][SCTP] Receive message in 0 stream\n"
time="2026-08-16T17:55:01+08:00" level=info msg="[GNB][NGAP] Receive Downlink NAS Transport"
time="2026-08-16T17:55:01+08:00" level=info msg="[UE][NAS] Message without security header"
time="2026-08-16T17:55:01+08:00" level=info msg="[UE][NAS] Receive Authentication Request"
time="2026-08-16T17:55:01+08:00" level=info msg="[UE][NAS][MAC] Authenticity of the authentication request message: OK"
time="2026-08-16T17:55:01+08:00" level=info msg="[UE][NAS][SQN] SQN of the authentication request message: VALID"
time="2026-08-16T17:55:01+08:00" level=info msg="[UE][NAS] Send authentication response"
time="2026-08-16T17:55:01+08:00" level=info msg="[UE] Switched from state 2 to state 2"
time="2026-08-16T17:55:01+08:00" level=info msg="[GNB][SCTP] Receive message in 0 stream\n"
time="2026-08-16T17:55:01+08:00" level=info msg="[GNB][NGAP] Receive Downlink NAS Transport"
time="2026-08-16T17:55:01+08:00" level=info msg="[UE][NAS] Message with security header"
time="2026-08-16T17:55:01+08:00" level=info msg="[UE][NAS] Message with integrity and with NEW 5G NAS SECURITY CONTEXT"
time="2026-08-16T17:55:01+08:00" level=error msg="[UE][NAS] NAS MAC verification failed(received:[196 15 78 242]expected:[69 77 233 198]"
time="2026-08-16T17:55:01+08:00" level=info msg="[GNB][SCTP] Receive message in 0 stream\n"
time="2026-08-16T17:55:01+08:00" level=info msg="[GNB][SCTP] Receive message in 0 stream\n"
time="2026-08-16T17:55:01+08:00" level=info msg="[GNB][SCTP] Receive message in 0 stream\n"
time="2026-08-16T17:55:01+08:00" level=info msg="[GNB][NGAP] Receive Downlink NAS Transport"
time="2026-08-16T17:55:01+08:00" level=info msg="[UE][NAS] Message without security header"
time="2026-08-16T17:55:01+08:00" level=info msg="[UE][NAS] Receive Authentication Request"
time="2026-08-16T17:55:01+08:00" level=info msg="[UE][NAS][MAC] Authenticity of the authentication request message: OK"
time="2026-08-16T17:55:01+08:00" level=info msg="[UE][NAS][SQN] SQN of the authentication request message: VALID"
time="2026-08-16T17:55:01+08:00" level=info msg="[UE][NAS] Send authentication response"
time="2026-08-16T17:55:01+08:00" level=info msg="[GNB][NGAP] Receive Downlink NAS Transport"
time="2026-08-16T17:55:01+08:00" level=info msg="[UE][NAS] Message with security header"
time="2026-08-16T17:55:01+08:00" level=info msg="[UE][NAS] Message with integrity and with NEW 5G NAS SECURITY CONTEXT"
time="2026-08-16T17:55:01+08:00" level=error msg="[UE][NAS] NAS MAC verification failed(received:[133 155 210 38]expected:[76 209 167 223]"
time="2026-08-16T17:55:01+08:00" level=info msg="[UE] Switched from state 2 to state 2"
time="2026-08-16T17:55:01+08:00" level=info msg="[GNB][NGAP] Receive Downlink NAS Transport"
time="2026-08-16T17:55:01+08:00" level=info msg="[UE][NAS] Message without security header"
time="2026-08-16T17:55:01+08:00" level=info msg="[UE][NAS] Receive Authentication Request"
time="2026-08-16T17:55:01+08:00" level=info msg="[UE][NAS][MAC] Authenticity of the authentication request message: OK"
time="2026-08-16T17:55:01+08:00" level=info msg="[UE][NAS][SQN] SQN of the authentication request message: VALID"
time="2026-08-16T17:55:01+08:00" level=info msg="[UE][NAS] Send authentication response"
time="2026-08-16T17:55:01+08:00" level=info msg="[UE] Switched from state 2 to state 2"
time="2026-08-16T17:55:01+08:00" level=info msg="[GNB][SCTP] Receive message in 0 stream\n"
time="2026-08-16T17:55:01+08:00" level=info msg="[GNB][NGAP] Receive Downlink NAS Transport"
time="2026-08-16T17:55:01+08:00" level=info msg="[UE][NAS] Message with security header"
time="2026-08-16T17:55:01+08:00" level=info msg="[UE][NAS] Message with integrity and with NEW 5G NAS SECURITY CONTEXT"
time="2026-08-16T17:55:01+08:00" level=error msg="[UE][NAS] NAS MAC verification failed(received:[168 1 6 225]expected:[191 237 209 156]"
time="2026-08-16T17:55:01+08:00" level=info msg="[GNB][SCTP] Receive message in 0 stream\n"
time="2026-08-16T17:55:01+08:00" level=info msg="[GNB][NGAP] Receive Downlink NAS Transport"
time="2026-08-16T17:55:01+08:00" level=info msg="[UE][NAS] Message with security header"
time="2026-08-16T17:55:01+08:00" level=info msg="[UE][NAS] Message with integrity and with NEW 5G NAS SECURITY CONTEXT"
time="2026-08-16T17:55:01+08:00" level=error msg="[UE][NAS] NAS MAC verification failed(received:[56 208 52 159]expected:[46 187 172 241]"
time="2026-08-16T17:55:01+08:00" level=info msg="[GNB][SCTP] Receive message in 0 stream\n"
time="2026-08-16T17:55:01+08:00" level=info msg="[GNB][SCTP] Receive message in 0 stream\n"
time="2026-08-16T17:55:01+08:00" level=info msg="[GNB][SCTP] Receive message in 0 stream\n"
time="2026-08-16T17:55:01+08:00" level=info msg="[GNB][NGAP] Receive Downlink NAS Transport"
time="2026-08-16T17:55:01+08:00" level=info msg="[UE][NAS] Message without security header"
time="2026-08-16T17:55:01+08:00" level=info msg="[UE][NAS] Receive Authentication Request"
time="2026-08-16T17:55:01+08:00" level=info msg="[GNB][NGAP] Receive Downlink NAS Transport"
time="2026-08-16T17:55:01+08:00" level=info msg="[GNB][NGAP] Receive Downlink NAS Transport"
time="2026-08-16T17:55:01+08:00" level=info msg="[UE][NAS] Message with security header"
time="2026-08-16T17:55:01+08:00" level=info msg="[UE][NAS] Message with integrity and with NEW 5G NAS SECURITY CONTEXT"
time="2026-08-16T17:55:01+08:00" level=error msg="[UE][NAS] NAS MAC verification failed(received:[252 51 91 211]expected:[211 244 7 235]"
time="2026-08-16T17:55:01+08:00" level=info msg="[UE][NAS] Message with security header"
time="2026-08-16T17:55:01+08:00" level=info msg="[UE][NAS] Message with integrity and with NEW 5G NAS SECURITY CONTEXT"
time="2026-08-16T17:55:01+08:00" level=error msg="[UE][NAS] NAS MAC verification failed(received:[148 153 9 199]expected:[29 195 95 53]"
time="2026-08-16T17:55:01+08:00" level=info msg="[UE][NAS][MAC] Authenticity of the authentication request message: OK"
time="2026-08-16T17:55:01+08:00" level=info msg="[UE][NAS][SQN] SQN of the authentication request message: VALID"
time="2026-08-16T17:55:01+08:00" level=info msg="[UE][NAS] Send authentication response"
time="2026-08-16T17:55:01+08:00" level=info msg="[UE] Switched from state 2 to state 2"
time="2026-08-16T17:55:01+08:00" level=info msg="[GNB][SCTP] Receive message in 0 stream\n"
time="2026-08-16T17:55:01+08:00" level=info msg="[GNB][SCTP] Receive message in 0 stream\n"
time="2026-08-16T17:55:01+08:00" level=info msg="[GNB][SCTP] Receive message in 0 stream\n"
time="2026-08-16T17:55:01+08:00" level=info msg="[GNB][SCTP] Receive message in 0 stream\n"
time="2026-08-16T17:55:01+08:00" level=info msg="[GNB][NGAP] Receive Downlink NAS Transport"
time="2026-08-16T17:55:01+08:00" level=info msg="[UE][NAS] Message with security header"
time="2026-08-16T17:55:01+08:00" level=info msg="[UE][NAS] Message with integrity and with NEW 5G NAS SECURITY CONTEXT"
time="2026-08-16T17:55:01+08:00" level=error msg="[UE][NAS] NAS MAC verification failed(received:[30 140 9 151]expected:[142 152 162 247]"
time="2026-08-16T17:55:01+08:00" level=info msg="[GNB][NGAP] Receive Downlink NAS Transport"
time="2026-08-16T17:55:01+08:00" level=info msg="[UE][NAS] Message with security header"
time="2026-08-16T17:55:01+08:00" level=info msg="[GNB][NGAP] Receive Downlink NAS Transport"
time="2026-08-16T17:55:01+08:00" level=info msg="[UE][NAS] Message with security header"
time="2026-08-16T17:55:01+08:00" level=info msg="[UE][NAS] Message with integrity and with NEW 5G NAS SECURITY CONTEXT"
time="2026-08-16T17:55:01+08:00" level=error msg="[UE][NAS] NAS MAC verification failed(received:[26 134 128 228]expected:[95 127 45 34]"
time="2026-08-16T17:55:01+08:00" level=info msg="[UE][NAS] Message with integrity and with NEW 5G NAS SECURITY CONTEXT"
time="2026-08-16T17:55:01+08:00" level=error msg="[UE][NAS] NAS MAC verification failed(received:[184 79 245 137]expected:[38 50 119 178]"
time="2026-08-16T17:55:01+08:00" level=info msg="[GNB][NGAP] Receive Downlink NAS Transport"
time="2026-08-16T17:55:01+08:00" level=info msg="[UE][NAS] Message with security header"
time="2026-08-16T17:55:01+08:00" level=info msg="[UE][NAS] Message with integrity and ciphered"
time="2026-08-16T17:55:01+08:00" level=info msg="[UE][NAS] successful NAS CIPHERING"
time="2026-08-16T17:55:01+08:00" level=error msg="[UE][NAS] NAS MAC verification failed(received:[77 135 212 181]expected:[0 34 254 175]"
time="2026-08-16T17:55:01+08:00" level=info msg="[GNB][SCTP] Receive message in 0 stream\n"
time="2026-08-16T17:55:01+08:00" level=info msg="[GNB][SCTP] Receive message in 0 stream\n"
time="2026-08-16T17:55:01+08:00" level=info msg="[GNB][SCTP] Receive message in 0 stream\n"
time="2026-08-16T17:55:01+08:00" level=info msg="[GNB][NGAP] Receive Downlink NAS Transport"
time="2026-08-16T17:55:01+08:00" level=info msg="[GNB][NGAP] Receive Downlink NAS Transport"
time="2026-08-16T17:55:01+08:00" level=info msg="[UE][NAS] Message with security header"
time="2026-08-16T17:55:01+08:00" level=info msg="[UE][NAS] Message with integrity and ciphered"
time="2026-08-16T17:55:01+08:00" level=info msg="[UE][NAS] successful NAS CIPHERING"
time="2026-08-16T17:55:01+08:00" level=error msg="[UE][NAS] NAS MAC verification failed(received:[239 150 210 11]expected:[18 151 200 227]"
time="2026-08-16T17:55:01+08:00" level=info msg="[GNB][NGAP] Receive Downlink NAS Transport"
time="2026-08-16T17:55:01+08:00" level=info msg="[UE][NAS] Message without security header"
time="2026-08-16T17:55:01+08:00" level=info msg="[UE][NAS] Receive Authentication Request"
time="2026-08-16T17:55:01+08:00" level=info msg="[UE][NAS][MAC] Authenticity of the authentication request message: OK"
time="2026-08-16T17:55:01+08:00" level=info msg="[UE][NAS][SQN] SQN of the authentication request message: VALID"
time="2026-08-16T17:55:01+08:00" level=info msg="[UE][NAS] Send authentication response"
time="2026-08-16T17:55:01+08:00" level=info msg="[UE] Switched from state 2 to state 2"
time="2026-08-16T17:55:01+08:00" level=info msg="[UE][NAS] Message without security header"
time="2026-08-16T17:55:01+08:00" level=info msg="[UE][NAS] Receive Authentication Request"
time="2026-08-16T17:55:01+08:00" level=info msg="[UE][NAS][MAC] Authenticity of the authentication request message: OK"
time="2026-08-16T17:55:01+08:00" level=info msg="[UE][NAS][SQN] SQN of the authentication request message: VALID"
time="2026-08-16T17:55:01+08:00" level=info msg="[UE][NAS] Send authentication response"
time="2026-08-16T17:55:01+08:00" level=info msg="[UE] Switched from state 2 to state 2"
time="2026-08-16T17:55:02+08:00" level=info msg="[GNB][SCTP] Receive message in 0 stream\n"
time="2026-08-16T17:55:02+08:00" level=info msg="[GNB][SCTP] Receive message in 0 stream\n"
time="2026-08-16T17:55:02+08:00" level=info msg="[GNB][NGAP] Receive Downlink NAS Transport"
time="2026-08-16T17:55:02+08:00" level=info msg="[UE][NAS] Message without security header"
time="2026-08-16T17:55:02+08:00" level=info msg="[UE][NAS] Receive Authentication Request"
time="2026-08-16T17:55:02+08:00" level=info msg="[GNB][NGAP] Receive Downlink NAS Transport"
time="2026-08-16T17:55:02+08:00" level=info msg="[UE][NAS] Message without security header"
time="2026-08-16T17:55:02+08:00" level=info msg="[UE][NAS] Receive Authentication Request"
time="2026-08-16T17:55:02+08:00" level=info msg="[UE][NAS][MAC] Authenticity of the authentication request message: OK"
time="2026-08-16T17:55:02+08:00" level=info msg="[UE][NAS][SQN] SQN of the authentication request message: VALID"
time="2026-08-16T17:55:02+08:00" level=info msg="[UE][NAS] Send authentication response"
time="2026-08-16T17:55:02+08:00" level=info msg="[UE][NAS][MAC] Authenticity of the authentication request message: OK"
time="2026-08-16T17:55:02+08:00" level=info msg="[UE][NAS][SQN] SQN of the authentication request message: VALID"
time="2026-08-16T17:55:02+08:00" level=info msg="[UE][NAS] Send authentication response"
time="2026-08-16T17:55:02+08:00" level=info msg="[UE] Switched from state 2 to state 2"
time="2026-08-16T17:55:02+08:00" level=info msg="[UE] Switched from state 2 to state 2"
time="2026-08-16T17:55:02+08:00" level=info msg="[GNB][SCTP] Receive message in 0 stream\n"
time="2026-08-16T17:55:02+08:00" level=info msg="[GNB][NGAP] Receive Initial Context Setup Request"
time="2026-08-16T17:55:02+08:00" level=info msg="[GNB][UE] UE Context was created with successful"
time="2026-08-16T17:55:02+08:00" level=info msg="[GNB][UE] UE RAN ID 30"
time="2026-08-16T17:55:02+08:00" level=info msg="[GNB][UE] UE AMF ID 929"
time="2026-08-16T17:55:02+08:00" level=info msg="[GNB][UE] UE Mobility Restrict --Plmn-- Mcc: 208 Mnc: 93"
time="2026-08-16T17:55:02+08:00" level=info msg="[GNB][UE] UE Masked Imeisv: 1110000000ffff00"
time="2026-08-16T17:55:02+08:00" level=info msg="[GNB][UE] Allowed Nssai-- Sst: [01 01] Sd: [010203 112233]"
time="2026-08-16T17:55:02+08:00" level=info msg="[GNB][NGAP][AMF] Send Initial Context Setup Response."
time="2026-08-16T17:55:02+08:00" level=info msg="[GNB] Initiating Initial Context Setup Response"
time="2026-08-16T17:55:02+08:00" level=info msg="[GNB][NGAP] No PDU Session to set up in InitialContextSetupResponse."
time="2026-08-16T17:55:02+08:00" level=info msg="[UE][NAS] Message with security header"
time="2026-08-16T17:55:02+08:00" level=info msg="[UE][NAS] Message with integrity and ciphered"
time="2026-08-16T17:55:02+08:00" level=info msg="[UE][NAS] successful NAS CIPHERING"
time="2026-08-16T17:55:02+08:00" level=error msg="[UE][NAS] NAS MAC verification failed(received:[238 231 225 110]expected:[122 72 214 104]"
time="2026-08-16T17:55:02+08:00" level=info msg="[GNB][SCTP] Receive message in 0 stream\n"
time="2026-08-16T17:55:02+08:00" level=info msg="[GNB][NGAP] Receive Downlink NAS Transport"
time="2026-08-16T17:55:02+08:00" level=info msg="[UE][NAS] Message with security header"
time="2026-08-16T17:55:02+08:00" level=info msg="[UE][NAS] Message with integrity and with NEW 5G NAS SECURITY CONTEXT"
time="2026-08-16T17:55:02+08:00" level=error msg="[UE][NAS] NAS MAC verification failed(received:[192 84 6 55]expected:[220 160 74 174]"
time="2026-08-16T17:55:02+08:00" level=info msg="[GNB][SCTP] Receive message in 0 stream\n"
time="2026-08-16T17:55:02+08:00" level=info msg="[GNB][NGAP] Receive Downlink NAS Transport"
time="2026-08-16T17:55:02+08:00" level=info msg="[UE][NAS] Message with security header"
time="2026-08-16T17:55:02+08:00" level=info msg="[UE][NAS] Message with integrity and with NEW 5G NAS SECURITY CONTEXT"
time="2026-08-16T17:55:02+08:00" level=error msg="[UE][NAS] NAS MAC verification failed(received:[184 168 202 109]expected:[173 27 113 103]"
time="2026-08-16T17:55:02+08:00" level=info msg="[GNB][SCTP] Receive message in 0 stream\n"
time="2026-08-16T17:55:02+08:00" level=info msg="[GNB][NGAP] Receive Downlink NAS Transport"
time="2026-08-16T17:55:02+08:00" level=info msg="[UE][NAS] Message without security header"
time="2026-08-16T17:55:02+08:00" level=info msg="[UE][NAS] Receive Authentication Request"
time="2026-08-16T17:55:02+08:00" level=info msg="[UE][NAS][MAC] Authenticity of the authentication request message: OK"
time="2026-08-16T17:55:02+08:00" level=info msg="[UE][NAS][SQN] SQN of the authentication request message: VALID"
time="2026-08-16T17:55:02+08:00" level=info msg="[UE][NAS] Send authentication response"
time="2026-08-16T17:55:02+08:00" level=info msg="[UE] Switched from state 2 to state 2"
time="2026-08-16T17:55:02+08:00" level=info msg="[GNB][SCTP] Receive message in 0 stream\n"
time="2026-08-16T17:55:02+08:00" level=info msg="[GNB][SCTP] Receive message in 0 stream\n"
time="2026-08-16T17:55:02+08:00" level=info msg="[GNB][SCTP] Receive message in 0 stream\n"
time="2026-08-16T17:55:02+08:00" level=info msg="[GNB][SCTP] Receive message in 0 stream\n"
time="2026-08-16T17:55:02+08:00" level=info msg="[GNB][NGAP] Receive Downlink NAS Transport"
time="2026-08-16T17:55:02+08:00" level=info msg="[UE][NAS] Message without security header"
time="2026-08-16T17:55:02+08:00" level=info msg="[UE][NAS] Receive Authentication Request"
time="2026-08-16T17:55:02+08:00" level=info msg="[UE][NAS][MAC] Authenticity of the authentication request message: OK"
time="2026-08-16T17:55:02+08:00" level=info msg="[UE][NAS][SQN] SQN of the authentication request message: VALID"
time="2026-08-16T17:55:02+08:00" level=info msg="[UE][NAS] Send authentication response"
time="2026-08-16T17:55:02+08:00" level=info msg="[GNB][NGAP] Receive Downlink NAS Transport"
time="2026-08-16T17:55:02+08:00" level=info msg="[UE][NAS] Message with security header"
time="2026-08-16T17:55:02+08:00" level=info msg="[UE][NAS] Message with integrity and with NEW 5G NAS SECURITY CONTEXT"
time="2026-08-16T17:55:02+08:00" level=error msg="[UE][NAS] NAS MAC verification failed(received:[237 155 111 100]expected:[167 226 193 2]"
time="2026-08-16T17:55:02+08:00" level=info msg="[UE] Switched from state 2 to state 2"
time="2026-08-16T17:55:02+08:00" level=info msg="[GNB][NGAP] Receive Downlink NAS Transport"
time="2026-08-16T17:55:02+08:00" level=info msg="[UE][NAS] Message without security header"
time="2026-08-16T17:55:02+08:00" level=info msg="[UE][NAS] Receive Authentication Request"
time="2026-08-16T17:55:02+08:00" level=info msg="[UE][NAS][MAC] Authenticity of the authentication request message: OK"
time="2026-08-16T17:55:02+08:00" level=info msg="[UE][NAS][SQN] SQN of the authentication request message: VALID"
time="2026-08-16T17:55:02+08:00" level=info msg="[UE][NAS] Send authentication response"
time="2026-08-16T17:55:02+08:00" level=info msg="[UE] Switched from state 2 to state 2"
time="2026-08-16T17:55:02+08:00" level=info msg="[GNB][NGAP] Receive Downlink NAS Transport"
time="2026-08-16T17:55:02+08:00" level=info msg="[UE][NAS] Message without security header"
time="2026-08-16T17:55:02+08:00" level=info msg="[UE][NAS] Receive Authentication Request"
time="2026-08-16T17:55:02+08:00" level=info msg="[UE][NAS][MAC] Authenticity of the authentication request message: OK"
time="2026-08-16T17:55:02+08:00" level=info msg="[UE][NAS][SQN] SQN of the authentication request message: VALID"
time="2026-08-16T17:55:02+08:00" level=info msg="[UE][NAS] Send authentication response"
time="2026-08-16T17:55:02+08:00" level=info msg="[UE] Switched from state 2 to state 2"
time="2026-08-16T17:55:02+08:00" level=info msg="[GNB][SCTP] Receive message in 0 stream\n"
time="2026-08-16T17:55:02+08:00" level=info msg="[GNB][NGAP] Receive Downlink NAS Transport"
time="2026-08-16T17:55:02+08:00" level=info msg="[UE][NAS] Message without security header"
time="2026-08-16T17:55:02+08:00" level=info msg="[UE][NAS] Receive Authentication Request"
time="2026-08-16T17:55:02+08:00" level=info msg="[UE][NAS][MAC] Authenticity of the authentication request message: OK"
time="2026-08-16T17:55:02+08:00" level=info msg="[UE][NAS][SQN] SQN of the authentication request message: VALID"
time="2026-08-16T17:55:02+08:00" level=info msg="[UE][NAS] Send authentication response"
time="2026-08-16T17:55:02+08:00" level=info msg="[UE] Switched from state 2 to state 2"
time="2026-08-16T17:55:02+08:00" level=info msg="[GNB][SCTP] Receive message in 0 stream\n"
time="2026-08-16T17:55:02+08:00" level=info msg="[GNB][SCTP] Receive message in 0 stream\n"
time="2026-08-16T17:55:02+08:00" level=info msg="[GNB][NGAP] Receive Downlink NAS Transport"
time="2026-08-16T17:55:02+08:00" level=info msg="[UE][NAS] Message without security header"
time="2026-08-16T17:55:02+08:00" level=info msg="[UE][NAS] Receive Authentication Request"
time="2026-08-16T17:55:02+08:00" level=info msg="[UE][NAS][MAC] Authenticity of the authentication request message: OK"
time="2026-08-16T17:55:02+08:00" level=info msg="[UE][NAS][SQN] SQN of the authentication request message: VALID"
time="2026-08-16T17:55:02+08:00" level=info msg="[UE][NAS] Send authentication response"
time="2026-08-16T17:55:02+08:00" level=info msg="[GNB][NGAP] Receive Downlink NAS Transport"
time="2026-08-16T17:55:02+08:00" level=info msg="[UE][NAS] Message without security header"
time="2026-08-16T17:55:02+08:00" level=info msg="[UE][NAS] Receive Authentication Request"
time="2026-08-16T17:55:02+08:00" level=info msg="[UE] Switched from state 2 to state 2"
time="2026-08-16T17:55:02+08:00" level=info msg="[UE][NAS][MAC] Authenticity of the authentication request message: OK"
time="2026-08-16T17:55:02+08:00" level=info msg="[UE][NAS][SQN] SQN of the authentication request message: VALID"
time="2026-08-16T17:55:02+08:00" level=info msg="[UE][NAS] Send authentication response"
time="2026-08-16T17:55:02+08:00" level=info msg="[UE] Switched from state 2 to state 2"
time="2026-08-16T17:55:02+08:00" level=info msg="[GNB][SCTP] Receive message in 0 stream\n"
time="2026-08-16T17:55:02+08:00" level=info msg="[GNB][NGAP] Receive Downlink NAS Transport"
time="2026-08-16T17:55:02+08:00" level=info msg="[UE][NAS] Message without security header"
time="2026-08-16T17:55:02+08:00" level=info msg="[UE][NAS] Receive Authentication Request"
time="2026-08-16T17:55:02+08:00" level=info msg="[UE][NAS][MAC] Authenticity of the authentication request message: OK"
time="2026-08-16T17:55:02+08:00" level=info msg="[UE][NAS][SQN] SQN of the authentication request message: VALID"
time="2026-08-16T17:55:02+08:00" level=info msg="[UE][NAS] Send authentication response"
time="2026-08-16T17:55:02+08:00" level=info msg="[UE] Switched from state 2 to state 2"
time="2026-08-16T17:55:02+08:00" level=info msg="[GNB][SCTP] Receive message in 0 stream\n"
time="2026-08-16T17:55:02+08:00" level=info msg="[GNB][SCTP] Receive message in 0 stream\n"
time="2026-08-16T17:55:02+08:00" level=info msg="[GNB][SCTP] Receive message in 0 stream\n"
time="2026-08-16T17:55:02+08:00" level=info msg="[GNB][NGAP] Receive Downlink NAS Transport"
time="2026-08-16T17:55:02+08:00" level=info msg="[UE][NAS] Message without security header"
time="2026-08-16T17:55:02+08:00" level=info msg="[UE][NAS] Receive Authentication Request"
time="2026-08-16T17:55:02+08:00" level=info msg="[UE][NAS][MAC] Authenticity of the authentication request message: OK"
time="2026-08-16T17:55:02+08:00" level=info msg="[UE][NAS][SQN] SQN of the authentication request message: VALID"
time="2026-08-16T17:55:02+08:00" level=info msg="[UE][NAS] Send authentication response"
time="2026-08-16T17:55:02+08:00" level=info msg="[GNB][NGAP] Receive Downlink NAS Transport"
time="2026-08-16T17:55:02+08:00" level=info msg="[UE][NAS] Message without security header"
time="2026-08-16T17:55:02+08:00" level=info msg="[UE][NAS] Receive Authentication Request"
time="2026-08-16T17:55:02+08:00" level=info msg="[UE][NAS][MAC] Authenticity of the authentication request message: OK"
time="2026-08-16T17:55:02+08:00" level=info msg="[UE][NAS][SQN] SQN of the authentication request message: VALID"
time="2026-08-16T17:55:02+08:00" level=info msg="[UE][NAS] Send authentication response"
time="2026-08-16T17:55:02+08:00" level=info msg="[UE] Switched from state 2 to state 2"
time="2026-08-16T17:55:02+08:00" level=info msg="[UE] Switched from state 2 to state 2"
time="2026-08-16T17:55:02+08:00" level=info msg="[GNB][NGAP] Receive Downlink NAS Transport"
time="2026-08-16T17:55:02+08:00" level=info msg="[UE][NAS] Message with security header"
time="2026-08-16T17:55:02+08:00" level=info msg="[UE][NAS] Message with integrity and with NEW 5G NAS SECURITY CONTEXT"
time="2026-08-16T17:55:02+08:00" level=error msg="[UE][NAS] NAS MAC verification failed(received:[193 245 244 164]expected:[14 247 231 210]"
time="2026-08-16T17:55:03+08:00" level=info msg="[GNB][SCTP] Receive message in 0 stream\n"
time="2026-08-16T17:55:03+08:00" level=info msg="[GNB][NGAP] Receive Downlink NAS Transport"
time="2026-08-16T17:55:03+08:00" level=info msg="[UE][NAS] Message without security header"
time="2026-08-16T17:55:03+08:00" level=info msg="[UE][NAS] Receive Authentication Request"
time="2026-08-16T17:55:03+08:00" level=info msg="[UE][NAS][MAC] Authenticity of the authentication request message: OK"
time="2026-08-16T17:55:03+08:00" level=info msg="[UE][NAS][SQN] SQN of the authentication request message: VALID"
time="2026-08-16T17:55:03+08:00" level=info msg="[UE][NAS] Send authentication response"
time="2026-08-16T17:55:03+08:00" level=info msg="[UE] Switched from state 2 to state 2"
time="2026-08-16T17:55:03+08:00" level=info msg="[GNB][SCTP] Receive message in 0 stream\n"
time="2026-08-16T17:55:03+08:00" level=info msg="[GNB][NGAP] Receive Downlink NAS Transport"
time="2026-08-16T17:55:03+08:00" level=info msg="[UE][NAS] Message without security header"
time="2026-08-16T17:55:03+08:00" level=info msg="[UE][NAS] Receive Authentication Request"
time="2026-08-16T17:55:03+08:00" level=info msg="[UE][NAS][MAC] Authenticity of the authentication request message: OK"
time="2026-08-16T17:55:03+08:00" level=info msg="[UE][NAS][SQN] SQN of the authentication request message: VALID"
time="2026-08-16T17:55:03+08:00" level=info msg="[UE][NAS] Send authentication response"
time="2026-08-16T17:55:03+08:00" level=info msg="[UE] Switched from state 2 to state 2"
time="2026-08-16T17:55:03+08:00" level=info msg="[GNB][SCTP] Receive message in 0 stream\n"
time="2026-08-16T17:55:03+08:00" level=info msg="[GNB][SCTP] Receive message in 0 stream\n"
time="2026-08-16T17:55:03+08:00" level=info msg="[GNB][SCTP] Receive message in 0 stream\n"
time="2026-08-16T17:55:03+08:00" level=info msg="[GNB][NGAP] Receive Downlink NAS Transport"
time="2026-08-16T17:55:03+08:00" level=info msg="[UE][NAS] Message without security header"
time="2026-08-16T17:55:03+08:00" level=info msg="[UE][NAS] Receive Authentication Request"
time="2026-08-16T17:55:03+08:00" level=info msg="[UE][NAS][MAC] Authenticity of the authentication request message: OK"
time="2026-08-16T17:55:03+08:00" level=info msg="[UE][NAS][SQN] SQN of the authentication request message: VALID"
time="2026-08-16T17:55:03+08:00" level=info msg="[UE][NAS] Send authentication response"
time="2026-08-16T17:55:03+08:00" level=info msg="[GNB][NGAP] Receive Downlink NAS Transport"
time="2026-08-16T17:55:03+08:00" level=info msg="[UE][NAS] Message with security header"
time="2026-08-16T17:55:03+08:00" level=info msg="[UE][NAS] Message with integrity and with NEW 5G NAS SECURITY CONTEXT"
time="2026-08-16T17:55:03+08:00" level=info msg="[UE] Switched from state 2 to state 2"
time="2026-08-16T17:55:03+08:00" level=error msg="[UE][NAS] NAS MAC verification failed(received:[137 70 165 65]expected:[178 67 71 182]"
time="2026-08-16T17:55:03+08:00" level=info msg="[GNB][NGAP] Receive Downlink NAS Transport"
time="2026-08-16T17:55:03+08:00" level=info msg="[UE][NAS] Message without security header"
time="2026-08-16T17:55:03+08:00" level=info msg="[UE][NAS] Receive Authentication Request"
time="2026-08-16T17:55:03+08:00" level=info msg="[UE][NAS][MAC] Authenticity of the authentication request message: OK"
time="2026-08-16T17:55:03+08:00" level=info msg="[UE][NAS][SQN] SQN of the authentication request message: VALID"
time="2026-08-16T17:55:03+08:00" level=info msg="[UE][NAS] Send authentication response"
time="2026-08-16T17:55:03+08:00" level=info msg="[UE] Switched from state 2 to state 2"
time="2026-08-16T17:55:03+08:00" level=info msg="[GNB][SCTP] Receive message in 0 stream\n"
time="2026-08-16T17:55:03+08:00" level=info msg="[GNB][NGAP] Receive Downlink NAS Transport"
time="2026-08-16T17:55:03+08:00" level=info msg="[UE][NAS] Message without security header"
time="2026-08-16T17:55:03+08:00" level=info msg="[UE][NAS] Receive Authentication Request"
time="2026-08-16T17:55:03+08:00" level=info msg="[UE][NAS][MAC] Authenticity of the authentication request message: OK"
time="2026-08-16T17:55:03+08:00" level=info msg="[UE][NAS][SQN] SQN of the authentication request message: VALID"
time="2026-08-16T17:55:03+08:00" level=info msg="[UE][NAS] Send authentication response"
time="2026-08-16T17:55:03+08:00" level=info msg="[UE] Switched from state 2 to state 2"
time="2026-08-16T17:55:03+08:00" level=info msg="[GNB][SCTP] Receive message in 0 stream\n"
time="2026-08-16T17:55:03+08:00" level=info msg="[GNB][SCTP] Receive message in 0 stream\n"
time="2026-08-16T17:55:03+08:00" level=info msg="[GNB][SCTP] Receive message in 0 stream\n"
time="2026-08-16T17:55:03+08:00" level=info msg="[GNB][SCTP] Receive message in 0 stream\n"
time="2026-08-16T17:55:03+08:00" level=info msg="[GNB][SCTP] Receive message in 0 stream\n"
time="2026-08-16T17:55:03+08:00" level=info msg="[GNB][SCTP] Receive message in 0 stream\n"
time="2026-08-16T17:55:03+08:00" level=info msg="[GNB][SCTP] Receive message in 0 stream\n"
time="2026-08-16T17:55:03+08:00" level=info msg="[GNB][SCTP] Receive message in 0 stream\n"
time="2026-08-16T17:55:03+08:00" level=info msg="[GNB][NGAP] Receive Downlink NAS Transport"
time="2026-08-16T17:55:03+08:00" level=info msg="[UE][NAS] Message without security header"
time="2026-08-16T17:55:03+08:00" level=info msg="[UE][NAS] Receive Authentication Request"
time="2026-08-16T17:55:03+08:00" level=info msg="[UE][NAS][MAC] Authenticity of the authentication request message: OK"
time="2026-08-16T17:55:03+08:00" level=info msg="[UE][NAS][SQN] SQN of the authentication request message: VALID"
time="2026-08-16T17:55:03+08:00" level=info msg="[UE][NAS] Send authentication response"
time="2026-08-16T17:55:03+08:00" level=info msg="[GNB][NGAP] Receive Downlink NAS Transport"
time="2026-08-16T17:55:03+08:00" level=info msg="[UE][NAS] Message without security header"
time="2026-08-16T17:55:03+08:00" level=info msg="[UE][NAS] Receive Authentication Request"
time="2026-08-16T17:55:03+08:00" level=info msg="[UE][NAS][MAC] Authenticity of the authentication request message: OK"
time="2026-08-16T17:55:03+08:00" level=info msg="[UE][NAS][SQN] SQN of the authentication request message: VALID"
time="2026-08-16T17:55:03+08:00" level=info msg="[UE][NAS] Send authentication response"
time="2026-08-16T17:55:03+08:00" level=info msg="[GNB][NGAP] Receive Downlink NAS Transport"
time="2026-08-16T17:55:03+08:00" level=info msg="[UE][NAS] Message without security header"
time="2026-08-16T17:55:03+08:00" level=info msg="[UE][NAS] Receive Authentication Request"
time="2026-08-16T17:55:03+08:00" level=info msg="[UE][NAS][MAC] Authenticity of the authentication request message: OK"
time="2026-08-16T17:55:03+08:00" level=info msg="[UE][NAS][SQN] SQN of the authentication request message: VALID"
time="2026-08-16T17:55:03+08:00" level=info msg="[UE][NAS] Send authentication response"
time="2026-08-16T17:55:03+08:00" level=info msg="[UE] Switched from state 2 to state 2"
time="2026-08-16T17:55:03+08:00" level=info msg="[UE] Switched from state 2 to state 2"
time="2026-08-16T17:55:03+08:00" level=info msg="[GNB][NGAP] Receive Downlink NAS Transport"
time="2026-08-16T17:55:03+08:00" level=info msg="[UE][NAS] Message without security header"
time="2026-08-16T17:55:03+08:00" level=info msg="[UE][NAS] Receive Authentication Request"
time="2026-08-16T17:55:03+08:00" level=info msg="[UE] Switched from state 2 to state 2"
time="2026-08-16T17:55:03+08:00" level=info msg="[GNB][NGAP] Receive Downlink NAS Transport"
time="2026-08-16T17:55:03+08:00" level=info msg="[UE][NAS] Message without security header"
time="2026-08-16T17:55:03+08:00" level=info msg="[UE][NAS] Receive Authentication Request"
time="2026-08-16T17:55:03+08:00" level=info msg="[UE][NAS][MAC] Authenticity of the authentication request message: OK"
time="2026-08-16T17:55:03+08:00" level=info msg="[UE][NAS][SQN] SQN of the authentication request message: VALID"
time="2026-08-16T17:55:03+08:00" level=info msg="[UE][NAS] Send authentication response"
time="2026-08-16T17:55:03+08:00" level=info msg="[GNB][NGAP] Receive Downlink NAS Transport"
time="2026-08-16T17:55:03+08:00" level=info msg="[UE][NAS] Message without security header"
time="2026-08-16T17:55:03+08:00" level=info msg="[UE][NAS] Receive Authentication Request"
time="2026-08-16T17:55:03+08:00" level=info msg="[UE][NAS][MAC] Authenticity of the authentication request message: OK"
time="2026-08-16T17:55:03+08:00" level=info msg="[UE][NAS][SQN] SQN of the authentication request message: VALID"
time="2026-08-16T17:55:03+08:00" level=info msg="[UE][NAS] Send authentication response"
time="2026-08-16T17:55:03+08:00" level=info msg="[GNB][NGAP] Receive Downlink NAS Transport"
time="2026-08-16T17:55:03+08:00" level=info msg="[UE][NAS] Message without security header"
time="2026-08-16T17:55:03+08:00" level=info msg="[UE][NAS] Receive Authentication Request"
time="2026-08-16T17:55:03+08:00" level=info msg="[UE] Switched from state 2 to state 2"
time="2026-08-16T17:55:03+08:00" level=info msg="[GNB][NGAP] Receive Downlink NAS Transport"
time="2026-08-16T17:55:03+08:00" level=info msg="[UE] Switched from state 2 to state 2"
time="2026-08-16T17:55:03+08:00" level=info msg="[UE][NAS][MAC] Authenticity of the authentication request message: OK"
time="2026-08-16T17:55:03+08:00" level=info msg="[UE][NAS][MAC] Authenticity of the authentication request message: OK"
time="2026-08-16T17:55:03+08:00" level=info msg="[UE][NAS][SQN] SQN of the authentication request message: VALID"
time="2026-08-16T17:55:03+08:00" level=info msg="[UE][NAS] Send authentication response"
time="2026-08-16T17:55:03+08:00" level=info msg="[UE] Switched from state 2 to state 2"
time="2026-08-16T17:55:03+08:00" level=info msg="[UE][NAS] Message without security header"
time="2026-08-16T17:55:03+08:00" level=info msg="[UE][NAS] Receive Authentication Request"
time="2026-08-16T17:55:03+08:00" level=info msg="[UE][NAS][MAC] Authenticity of the authentication request message: OK"
time="2026-08-16T17:55:03+08:00" level=info msg="[UE][NAS][SQN] SQN of the authentication request message: VALID"
time="2026-08-16T17:55:03+08:00" level=info msg="[UE][NAS] Send authentication response"
time="2026-08-16T17:55:03+08:00" level=info msg="[UE][NAS][SQN] SQN of the authentication request message: VALID"
time="2026-08-16T17:55:03+08:00" level=info msg="[UE][NAS] Send authentication response"
time="2026-08-16T17:55:03+08:00" level=info msg="[UE] Switched from state 2 to state 2"
time="2026-08-16T17:55:03+08:00" level=info msg="[UE] Switched from state 2 to state 2"
time="2026-08-16T17:55:03+08:00" level=info msg="[GNB][SCTP] Receive message in 0 stream\n"
time="2026-08-16T17:55:03+08:00" level=info msg="[GNB][NGAP] Receive Downlink NAS Transport"
time="2026-08-16T17:55:03+08:00" level=info msg="[UE][NAS] Message with security header"
time="2026-08-16T17:55:03+08:00" level=info msg="[UE][NAS] Message with integrity and with NEW 5G NAS SECURITY CONTEXT"
time="2026-08-16T17:55:03+08:00" level=error msg="[UE][NAS] NAS MAC verification failed(received:[150 113 223 238]expected:[38 241 41 55]"
time="2026-08-16T17:55:03+08:00" level=info msg="[GNB][SCTP] Receive message in 0 stream\n"
time="2026-08-16T17:55:03+08:00" level=info msg="[GNB][SCTP] Receive message in 0 stream\n"
time="2026-08-16T17:55:03+08:00" level=info msg="[GNB][SCTP] Receive message in 0 stream\n"
time="2026-08-16T17:55:03+08:00" level=info msg="[GNB][SCTP] Receive message in 0 stream\n"
time="2026-08-16T17:55:03+08:00" level=info msg="[GNB][SCTP] Receive message in 0 stream\n"
time="2026-08-16T17:55:03+08:00" level=info msg="[GNB][NGAP] Receive Downlink NAS Transport"
time="2026-08-16T17:55:03+08:00" level=info msg="[UE][NAS] Message without security header"
time="2026-08-16T17:55:03+08:00" level=info msg="[UE][NAS] Receive Authentication Request"
time="2026-08-16T17:55:03+08:00" level=info msg="[GNB][NGAP] Receive Downlink NAS Transport"
time="2026-08-16T17:55:03+08:00" level=info msg="[UE][NAS] Message without security header"
time="2026-08-16T17:55:03+08:00" level=info msg="[UE][NAS] Receive Authentication Request"
time="2026-08-16T17:55:03+08:00" level=info msg="[GNB][NGAP] Receive Downlink NAS Transport"
time="2026-08-16T17:55:03+08:00" level=info msg="[UE][NAS] Message without security header"
time="2026-08-16T17:55:03+08:00" level=info msg="[UE][NAS] Receive Authentication Request"
time="2026-08-16T17:55:03+08:00" level=info msg="[UE][NAS][MAC] Authenticity of the authentication request message: OK"
time="2026-08-16T17:55:03+08:00" level=info msg="[UE][NAS][SQN] SQN of the authentication request message: VALID"
time="2026-08-16T17:55:03+08:00" level=info msg="[UE][NAS] Send authentication response"
time="2026-08-16T17:55:03+08:00" level=info msg="[GNB][NGAP] Receive Downlink NAS Transport"
time="2026-08-16T17:55:03+08:00" level=info msg="[UE][NAS] Message without security header"
time="2026-08-16T17:55:03+08:00" level=info msg="[UE][NAS] Receive Authentication Request"
time="2026-08-16T17:55:03+08:00" level=info msg="[UE][NAS][MAC] Authenticity of the authentication request message: OK"
time="2026-08-16T17:55:03+08:00" level=info msg="[UE][NAS][SQN] SQN of the authentication request message: VALID"
time="2026-08-16T17:55:03+08:00" level=info msg="[UE][NAS] Send authentication response"
time="2026-08-16T17:55:03+08:00" level=info msg="[UE][NAS][MAC] Authenticity of the authentication request message: OK"
time="2026-08-16T17:55:03+08:00" level=info msg="[UE][NAS][SQN] SQN of the authentication request message: VALID"
time="2026-08-16T17:55:03+08:00" level=info msg="[UE][NAS] Send authentication response"
time="2026-08-16T17:55:03+08:00" level=info msg="[UE] Switched from state 2 to state 2"
time="2026-08-16T17:55:03+08:00" level=info msg="[UE] Switched from state 2 to state 2"
time="2026-08-16T17:55:03+08:00" level=info msg="[UE][NAS][MAC] Authenticity of the authentication request message: OK"
time="2026-08-16T17:55:03+08:00" level=info msg="[UE][NAS][SQN] SQN of the authentication request message: VALID"
time="2026-08-16T17:55:03+08:00" level=info msg="[UE][NAS] Send authentication response"
time="2026-08-16T17:55:03+08:00" level=info msg="[UE] Switched from state 2 to state 2"
time="2026-08-16T17:55:03+08:00" level=info msg="[GNB][NGAP] Receive Downlink NAS Transport"
time="2026-08-16T17:55:03+08:00" level=info msg="[UE][NAS] Message without security header"
time="2026-08-16T17:55:03+08:00" level=info msg="[UE][NAS] Receive Authentication Request"
time="2026-08-16T17:55:03+08:00" level=info msg="[UE][NAS][MAC] Authenticity of the authentication request message: OK"
time="2026-08-16T17:55:03+08:00" level=info msg="[UE][NAS][SQN] SQN of the authentication request message: VALID"
time="2026-08-16T17:55:03+08:00" level=info msg="[UE][NAS] Send authentication response"
time="2026-08-16T17:55:03+08:00" level=info msg="[UE] Switched from state 2 to state 2"
time="2026-08-16T17:55:03+08:00" level=info msg="[UE] Switched from state 2 to state 2"
time="2026-08-16T17:55:03+08:00" level=info msg="[GNB][SCTP] Receive message in 0 stream\n"
time="2026-08-16T17:55:03+08:00" level=info msg="[GNB][NGAP] Receive Downlink NAS Transport"
time="2026-08-16T17:55:03+08:00" level=info msg="[UE][NAS] Message without security header"
time="2026-08-16T17:55:03+08:00" level=info msg="[UE][NAS] Receive Authentication Request"
time="2026-08-16T17:55:03+08:00" level=info msg="[UE][NAS][MAC] Authenticity of the authentication request message: OK"
time="2026-08-16T17:55:03+08:00" level=info msg="[UE][NAS][SQN] SQN of the authentication request message: VALID"
time="2026-08-16T17:55:03+08:00" level=info msg="[UE][NAS] Send authentication response"
time="2026-08-16T17:55:03+08:00" level=info msg="[UE] Switched from state 2 to state 2"
time="2026-08-16T17:55:04+08:00" level=info msg="[GNB][SCTP] Receive message in 0 stream\n"
time="2026-08-16T17:55:04+08:00" level=info msg="[GNB][NGAP] Receive Downlink NAS Transport"
time="2026-08-16T17:55:04+08:00" level=info msg="[UE][NAS] Message without security header"
time="2026-08-16T17:55:04+08:00" level=info msg="[UE][NAS] Receive Authentication Request"
time="2026-08-16T17:55:04+08:00" level=info msg="[UE][NAS][MAC] Authenticity of the authentication request message: OK"
time="2026-08-16T17:55:04+08:00" level=info msg="[UE][NAS][SQN] SQN of the authentication request message: VALID"
time="2026-08-16T17:55:04+08:00" level=info msg="[UE][NAS] Send authentication response"
time="2026-08-16T17:55:04+08:00" level=info msg="[UE] Switched from state 2 to state 2"
time="2026-08-16T17:55:04+08:00" level=info msg="[GNB][SCTP] Receive message in 0 stream\n"
time="2026-08-16T17:55:04+08:00" level=info msg="[GNB][NGAP] Receive Downlink NAS Transport"
time="2026-08-16T17:55:04+08:00" level=info msg="[UE][NAS] Message with security header"
time="2026-08-16T17:55:04+08:00" level=info msg="[UE][NAS] Message with integrity and with NEW 5G NAS SECURITY CONTEXT"
time="2026-08-16T17:55:04+08:00" level=error msg="[UE][NAS] NAS MAC verification failed(received:[53 152 74 28]expected:[16 88 142 186]"
time="2026-08-16T17:55:04+08:00" level=info msg="[GNB][SCTP] Receive message in 0 stream\n"
time="2026-08-16T17:55:04+08:00" level=info msg="[GNB][SCTP] Receive message in 0 stream\n"
time="2026-08-16T17:55:04+08:00" level=info msg="[GNB][SCTP] Receive message in 0 stream\n"
time="2026-08-16T17:55:04+08:00" level=info msg="[GNB][SCTP] Receive message in 0 stream\n"
time="2026-08-16T17:55:04+08:00" level=info msg="[GNB][NGAP] Receive Downlink NAS Transport"
time="2026-08-16T17:55:04+08:00" level=info msg="[UE][NAS] Message without security header"
time="2026-08-16T17:55:04+08:00" level=info msg="[UE][NAS] Receive Authentication Request"
time="2026-08-16T17:55:04+08:00" level=info msg="[UE][NAS][MAC] Authenticity of the authentication request message: OK"
time="2026-08-16T17:55:04+08:00" level=info msg="[UE][NAS][SQN] SQN of the authentication request message: VALID"
time="2026-08-16T17:55:04+08:00" level=info msg="[UE][NAS] Send authentication response"
time="2026-08-16T17:55:04+08:00" level=info msg="[GNB][NGAP] Receive Downlink NAS Transport"
time="2026-08-16T17:55:04+08:00" level=info msg="[UE][NAS] Message without security header"
time="2026-08-16T17:55:04+08:00" level=info msg="[UE][NAS] Receive Authentication Request"
time="2026-08-16T17:55:04+08:00" level=info msg="[UE][NAS][MAC] Authenticity of the authentication request message: OK"
time="2026-08-16T17:55:04+08:00" level=info msg="[UE][NAS][SQN] SQN of the authentication request message: VALID"
time="2026-08-16T17:55:04+08:00" level=info msg="[UE][NAS] Send authentication response"
time="2026-08-16T17:55:04+08:00" level=info msg="[UE] Switched from state 2 to state 2"
time="2026-08-16T17:55:04+08:00" level=info msg="[GNB][NGAP] Receive Downlink NAS Transport"
time="2026-08-16T17:55:04+08:00" level=info msg="[UE][NAS] Message without security header"
time="2026-08-16T17:55:04+08:00" level=info msg="[UE][NAS] Receive Authentication Request"
time="2026-08-16T17:55:04+08:00" level=info msg="[UE][NAS][MAC] Authenticity of the authentication request message: OK"
time="2026-08-16T17:55:04+08:00" level=info msg="[UE][NAS][SQN] SQN of the authentication request message: VALID"
time="2026-08-16T17:55:04+08:00" level=info msg="[UE][NAS] Send authentication response"
time="2026-08-16T17:55:04+08:00" level=info msg="[GNB][NGAP] Receive Downlink NAS Transport"
time="2026-08-16T17:55:04+08:00" level=info msg="[UE][NAS] Message with security header"
time="2026-08-16T17:55:04+08:00" level=info msg="[UE][NAS] Message with integrity and with NEW 5G NAS SECURITY CONTEXT"
time="2026-08-16T17:55:04+08:00" level=error msg="[UE][NAS] NAS MAC verification failed(received:[189 134 58 248]expected:[17 180 134 226]"
time="2026-08-16T17:55:04+08:00" level=info msg="[GNB][SCTP] Receive message in 0 stream\n"
time="2026-08-16T17:55:04+08:00" level=info msg="[GNB][SCTP] Receive message in 0 stream\n"
time="2026-08-16T17:55:04+08:00" level=info msg="[GNB][SCTP] Receive message in 0 stream\n"
time="2026-08-16T17:55:04+08:00" level=info msg="[GNB][SCTP] Receive message in 0 stream\n"
time="2026-08-16T17:55:04+08:00" level=info msg="[GNB][SCTP] Receive message in 0 stream\n"
time="2026-08-16T17:55:04+08:00" level=info msg="[UE] Switched from state 2 to state 2"
time="2026-08-16T17:55:04+08:00" level=info msg="[GNB][NGAP] Receive Downlink NAS Transport"
time="2026-08-16T17:55:04+08:00" level=info msg="[UE][NAS] Message without security header"
time="2026-08-16T17:55:04+08:00" level=info msg="[UE][NAS] Receive Authentication Request"
time="2026-08-16T17:55:04+08:00" level=info msg="[UE][NAS][MAC] Authenticity of the authentication request message: OK"
time="2026-08-16T17:55:04+08:00" level=info msg="[UE][NAS][SQN] SQN of the authentication request message: VALID"
time="2026-08-16T17:55:04+08:00" level=info msg="[UE][NAS] Send authentication response"
time="2026-08-16T17:55:04+08:00" level=info msg="[UE] Switched from state 2 to state 2"
time="2026-08-16T17:55:04+08:00" level=info msg="[GNB][NGAP] Receive Downlink NAS Transport"
time="2026-08-16T17:55:04+08:00" level=info msg="[UE][NAS] Message without security header"
time="2026-08-16T17:55:04+08:00" level=info msg="[UE][NAS] Receive Authentication Request"
time="2026-08-16T17:55:04+08:00" level=info msg="[UE] Switched from state 2 to state 2"
time="2026-08-16T17:55:04+08:00" level=info msg="[GNB][NGAP] Receive Downlink NAS Transport"
time="2026-08-16T17:55:04+08:00" level=info msg="[UE][NAS] Message without security header"
time="2026-08-16T17:55:04+08:00" level=info msg="[UE][NAS] Receive Authentication Request"
time="2026-08-16T17:55:04+08:00" level=info msg="[UE][NAS][MAC] Authenticity of the authentication request message: OK"
time="2026-08-16T17:55:04+08:00" level=info msg="[UE][NAS][SQN] SQN of the authentication request message: VALID"
time="2026-08-16T17:55:04+08:00" level=info msg="[UE][NAS] Send authentication response"
time="2026-08-16T17:55:04+08:00" level=info msg="[GNB][NGAP] Receive Downlink NAS Transport"
time="2026-08-16T17:55:04+08:00" level=info msg="[UE][NAS] Message with security header"
time="2026-08-16T17:55:04+08:00" level=info msg="[UE][NAS] Message with integrity and with NEW 5G NAS SECURITY CONTEXT"
time="2026-08-16T17:55:04+08:00" level=error msg="[UE][NAS] NAS MAC verification failed(received:[149 32 233 196]expected:[176 72 48 85]"
time="2026-08-16T17:55:04+08:00" level=info msg="[UE] Switched from state 2 to state 2"
time="2026-08-16T17:55:04+08:00" level=info msg="[GNB][NGAP] Receive Downlink NAS Transport"
time="2026-08-16T17:55:04+08:00" level=info msg="[UE][NAS] Message with security header"
time="2026-08-16T17:55:04+08:00" level=info msg="[UE][NAS] Message with integrity and with NEW 5G NAS SECURITY CONTEXT"
time="2026-08-16T17:55:04+08:00" level=error msg="[UE][NAS] NAS MAC verification failed(received:[251 214 226 137]expected:[95 115 116 109]"
time="2026-08-16T17:55:04+08:00" level=info msg="[UE][NAS][MAC] Authenticity of the authentication request message: OK"
time="2026-08-16T17:55:04+08:00" level=info msg="[UE][NAS][SQN] SQN of the authentication request message: VALID"
time="2026-08-16T17:55:04+08:00" level=info msg="[UE][NAS] Send authentication response"
time="2026-08-16T17:55:04+08:00" level=info msg="[UE] Switched from state 2 to state 2"
time="2026-08-16T17:55:04+08:00" level=info msg="[GNB][SCTP] Receive message in 0 stream\n"
time="2026-08-16T17:55:04+08:00" level=info msg="[GNB][NGAP] Receive Downlink NAS Transport"
time="2026-08-16T17:55:04+08:00" level=info msg="[UE][NAS] Message without security header"
time="2026-08-16T17:55:04+08:00" level=info msg="[UE][NAS] Receive Authentication Request"
time="2026-08-16T17:55:04+08:00" level=info msg="[UE][NAS][MAC] Authenticity of the authentication request message: OK"
time="2026-08-16T17:55:04+08:00" level=info msg="[UE][NAS][SQN] SQN of the authentication request message: VALID"
time="2026-08-16T17:55:04+08:00" level=info msg="[UE][NAS] Send authentication response"
time="2026-08-16T17:55:04+08:00" level=info msg="[GNB][SCTP] Receive message in 0 stream\n"
time="2026-08-16T17:55:04+08:00" level=info msg="[GNB][NGAP] Receive Downlink NAS Transport"
time="2026-08-16T17:55:04+08:00" level=info msg="[UE][NAS] Message without security header"
time="2026-08-16T17:55:04+08:00" level=info msg="[UE][NAS] Receive Authentication Request"
time="2026-08-16T17:55:04+08:00" level=info msg="[UE][NAS][MAC] Authenticity of the authentication request message: OK"
time="2026-08-16T17:55:04+08:00" level=info msg="[UE][NAS][SQN] SQN of the authentication request message: VALID"
time="2026-08-16T17:55:04+08:00" level=info msg="[UE][NAS] Send authentication response"
time="2026-08-16T17:55:04+08:00" level=info msg="[UE] Switched from state 2 to state 2"
time="2026-08-16T17:55:04+08:00" level=info msg="[UE] Switched from state 2 to state 2"
time="2026-08-16T17:55:04+08:00" level=info msg="[GNB][SCTP] Receive message in 0 stream\n"
time="2026-08-16T17:55:04+08:00" level=info msg="[GNB][SCTP] Receive message in 0 stream\n"
time="2026-08-16T17:55:04+08:00" level=info msg="[GNB][SCTP] Receive message in 0 stream\n"
time="2026-08-16T17:55:04+08:00" level=info msg="[GNB][NGAP] Receive Downlink NAS Transport"
time="2026-08-16T17:55:04+08:00" level=info msg="[UE][NAS] Message with security header"
time="2026-08-16T17:55:04+08:00" level=info msg="[UE][NAS] Message with integrity and with NEW 5G NAS SECURITY CONTEXT"
time="2026-08-16T17:55:04+08:00" level=error msg="[UE][NAS] NAS MAC verification failed(received:[58 81 164 155]expected:[21 47 85 117]"
time="2026-08-16T17:55:04+08:00" level=info msg="[GNB][NGAP] Receive Downlink NAS Transport"
time="2026-08-16T17:55:04+08:00" level=info msg="[UE][NAS] Message without security header"
time="2026-08-16T17:55:04+08:00" level=info msg="[UE][NAS] Receive Authentication Request"
time="2026-08-16T17:55:04+08:00" level=info msg="[UE][NAS][MAC] Authenticity of the authentication request message: OK"
time="2026-08-16T17:55:04+08:00" level=info msg="[UE][NAS][SQN] SQN of the authentication request message: VALID"
time="2026-08-16T17:55:04+08:00" level=info msg="[UE][NAS] Send authentication response"
time="2026-08-16T17:55:04+08:00" level=info msg="[GNB][NGAP] Receive Downlink NAS Transport"
time="2026-08-16T17:55:04+08:00" level=info msg="[UE][NAS] Message without security header"
time="2026-08-16T17:55:04+08:00" level=info msg="[UE][NAS] Receive Authentication Request"
time="2026-08-16T17:55:04+08:00" level=info msg="[UE][NAS][MAC] Authenticity of the authentication request message: OK"
time="2026-08-16T17:55:04+08:00" level=info msg="[UE][NAS][SQN] SQN of the authentication request message: VALID"
time="2026-08-16T17:55:04+08:00" level=info msg="[UE][NAS] Send authentication response"
time="2026-08-16T17:55:04+08:00" level=info msg="[UE] Switched from state 2 to state 2"
time="2026-08-16T17:55:04+08:00" level=info msg="[UE] Switched from state 2 to state 2"
time="2026-08-16T17:55:04+08:00" level=info msg="[GNB][SCTP] Receive message in 0 stream\n"
time="2026-08-16T17:55:04+08:00" level=info msg="[GNB][NGAP] Receive Downlink NAS Transport"
time="2026-08-16T17:55:04+08:00" level=info msg="[UE][NAS] Message without security header"
time="2026-08-16T17:55:04+08:00" level=info msg="[UE][NAS] Receive Authentication Request"
time="2026-08-16T17:55:04+08:00" level=info msg="[UE][NAS][MAC] Authenticity of the authentication request message: OK"
time="2026-08-16T17:55:04+08:00" level=info msg="[UE][NAS][SQN] SQN of the authentication request message: VALID"
time="2026-08-16T17:55:04+08:00" level=info msg="[UE][NAS] Send authentication response"
time="2026-08-16T17:55:04+08:00" level=info msg="[UE] Switched from state 2 to state 2"
time="2026-08-16T17:55:04+08:00" level=info msg="[GNB][SCTP] Receive message in 0 stream\n"
time="2026-08-16T17:55:04+08:00" level=info msg="[GNB][NGAP] Receive Downlink NAS Transport"
time="2026-08-16T17:55:04+08:00" level=info msg="[UE][NAS] Message with security header"
time="2026-08-16T17:55:04+08:00" level=info msg="[UE][NAS] Message with integrity and with NEW 5G NAS SECURITY CONTEXT"
time="2026-08-16T17:55:04+08:00" level=error msg="[UE][NAS] NAS MAC verification failed(received:[237 146 106 49]expected:[99 252 120 101]"
time="2026-08-16T17:55:05+08:00" level=info msg="[GNB][SCTP] Receive message in 0 stream\n"
time="2026-08-16T17:55:05+08:00" level=info msg="[GNB][NGAP] Receive Downlink NAS Transport"
time="2026-08-16T17:55:05+08:00" level=info msg="[UE][NAS] Message without security header"
time="2026-08-16T17:55:05+08:00" level=info msg="[UE][NAS] Receive Authentication Request"
time="2026-08-16T17:55:05+08:00" level=info msg="[UE][NAS][MAC] Authenticity of the authentication request message: OK"
time="2026-08-16T17:55:05+08:00" level=info msg="[UE][NAS][SQN] SQN of the authentication request message: VALID"
time="2026-08-16T17:55:05+08:00" level=info msg="[UE][NAS] Send authentication response"
time="2026-08-16T17:55:05+08:00" level=info msg="[UE] Switched from state 2 to state 2"
time="2026-08-16T17:55:05+08:00" level=info msg="[GNB][SCTP] Receive message in 0 stream\n"
time="2026-08-16T17:55:05+08:00" level=info msg="[GNB][NGAP] Receive Downlink NAS Transport"
time="2026-08-16T17:55:05+08:00" level=info msg="[UE][NAS] Message with security header"
time="2026-08-16T17:55:05+08:00" level=info msg="[UE][NAS] Message with integrity and with NEW 5G NAS SECURITY CONTEXT"
time="2026-08-16T17:55:05+08:00" level=error msg="[UE][NAS] NAS MAC verification failed(received:[249 164 68 130]expected:[138 194 19 77]"
time="2026-08-16T17:55:05+08:00" level=info msg="[GNB][SCTP] Receive message in 0 stream\n"
time="2026-08-16T17:55:05+08:00" level=info msg="[GNB][SCTP] Receive message in 0 stream\n"
time="2026-08-16T17:55:05+08:00" level=info msg="[GNB][NGAP] Receive Downlink NAS Transport"
time="2026-08-16T17:55:05+08:00" level=info msg="[UE][NAS] Message with security header"
time="2026-08-16T17:55:05+08:00" level=info msg="[UE][NAS] Message with integrity and with NEW 5G NAS SECURITY CONTEXT"
time="2026-08-16T17:55:05+08:00" level=error msg="[UE][NAS] NAS MAC verification failed(received:[108 112 107 71]expected:[84 215 42 5]"
time="2026-08-16T17:55:05+08:00" level=info msg="[GNB][SCTP] Receive message in 0 stream\n"
time="2026-08-16T17:55:05+08:00" level=info msg="[GNB][SCTP] Receive message in 0 stream\n"
time="2026-08-16T17:55:05+08:00" level=info msg="[GNB][SCTP] Receive message in 0 stream\n"
time="2026-08-16T17:55:05+08:00" level=info msg="[GNB][NGAP] Receive Downlink NAS Transport"
time="2026-08-16T17:55:05+08:00" level=info msg="[UE][NAS] Message without security header"
time="2026-08-16T17:55:05+08:00" level=info msg="[UE][NAS] Receive Authentication Request"
time="2026-08-16T17:55:05+08:00" level=info msg="[UE][NAS][MAC] Authenticity of the authentication request message: OK"
time="2026-08-16T17:55:05+08:00" level=info msg="[UE][NAS][SQN] SQN of the authentication request message: VALID"
time="2026-08-16T17:55:05+08:00" level=info msg="[UE][NAS] Send authentication response"
time="2026-08-16T17:55:05+08:00" level=info msg="[GNB][NGAP] Receive Downlink NAS Transport"
time="2026-08-16T17:55:05+08:00" level=info msg="[UE][NAS] Message without security header"
time="2026-08-16T17:55:05+08:00" level=info msg="[UE][NAS] Receive Authentication Request"
time="2026-08-16T17:55:05+08:00" level=info msg="[UE][NAS][MAC] Authenticity of the authentication request message: OK"
time="2026-08-16T17:55:05+08:00" level=info msg="[UE][NAS][SQN] SQN of the authentication request message: VALID"
time="2026-08-16T17:55:05+08:00" level=info msg="[UE][NAS] Send authentication response"
time="2026-08-16T17:55:05+08:00" level=info msg="[UE] Switched from state 2 to state 2"
time="2026-08-16T17:55:05+08:00" level=info msg="[GNB][SCTP] Receive message in 0 stream\n"
time="2026-08-16T17:55:05+08:00" level=info msg="[GNB][NGAP] Receive Downlink NAS Transport"
time="2026-08-16T17:55:05+08:00" level=info msg="[UE][NAS] Message without security header"
time="2026-08-16T17:55:05+08:00" level=info msg="[UE][NAS] Receive Authentication Request"
time="2026-08-16T17:55:05+08:00" level=info msg="[UE][NAS][MAC] Authenticity of the authentication request message: OK"
time="2026-08-16T17:55:05+08:00" level=info msg="[UE][NAS][SQN] SQN of the authentication request message: VALID"
time="2026-08-16T17:55:05+08:00" level=info msg="[UE][NAS] Send authentication response"
time="2026-08-16T17:55:05+08:00" level=info msg="[GNB][NGAP] Receive Downlink NAS Transport"
time="2026-08-16T17:55:05+08:00" level=info msg="[UE][NAS] Message without security header"
time="2026-08-16T17:55:05+08:00" level=info msg="[UE][NAS] Receive Authentication Request"
time="2026-08-16T17:55:05+08:00" level=info msg="[UE][NAS][MAC] Authenticity of the authentication request message: OK"
time="2026-08-16T17:55:05+08:00" level=info msg="[UE][NAS][SQN] SQN of the authentication request message: VALID"
time="2026-08-16T17:55:05+08:00" level=info msg="[UE][NAS] Send authentication response"
time="2026-08-16T17:55:05+08:00" level=info msg="[UE] Switched from state 2 to state 2"
time="2026-08-16T17:55:05+08:00" level=info msg="[UE] Switched from state 2 to state 2"
time="2026-08-16T17:55:05+08:00" level=info msg="[GNB][NGAP] Receive Downlink NAS Transport"
time="2026-08-16T17:55:05+08:00" level=info msg="[UE][NAS] Message with security header"
time="2026-08-16T17:55:05+08:00" level=info msg="[UE][NAS] Message with integrity and with NEW 5G NAS SECURITY CONTEXT"
time="2026-08-16T17:55:05+08:00" level=error msg="[UE][NAS] NAS MAC verification failed(received:[75 117 181 12]expected:[78 155 217 108]"
time="2026-08-16T17:55:05+08:00" level=info msg="[UE] Switched from state 2 to state 2"
time="2026-08-16T17:55:05+08:00" level=info msg="[GNB][SCTP] Receive message in 0 stream\n"
time="2026-08-16T17:55:05+08:00" level=info msg="[GNB][NGAP] Receive Downlink NAS Transport"
time="2026-08-16T17:55:05+08:00" level=info msg="[UE][NAS] Message without security header"
time="2026-08-16T17:55:05+08:00" level=info msg="[UE][NAS] Receive Authentication Request"
time="2026-08-16T17:55:05+08:00" level=info msg="[UE][NAS][MAC] Authenticity of the authentication request message: OK"
time="2026-08-16T17:55:05+08:00" level=info msg="[UE][NAS][SQN] SQN of the authentication request message: VALID"
time="2026-08-16T17:55:05+08:00" level=info msg="[UE][NAS] Send authentication response"
time="2026-08-16T17:55:05+08:00" level=info msg="[UE] Switched from state 2 to state 2"
time="2026-08-16T17:55:05+08:00" level=info msg="[GNB][SCTP] Receive message in 0 stream\n"
time="2026-08-16T17:55:05+08:00" level=info msg="[GNB][NGAP] Receive Downlink NAS Transport"
time="2026-08-16T17:55:05+08:00" level=info msg="[UE][NAS] Message with security header"
time="2026-08-16T17:55:05+08:00" level=info msg="[UE][NAS] Message with integrity and ciphered"
time="2026-08-16T17:55:05+08:00" level=info msg="[UE][NAS] successful NAS CIPHERING"
time="2026-08-16T17:55:05+08:00" level=error msg="[UE][NAS] NAS MAC verification failed(received:[81 58 225 221]expected:[85 231 179 170]"
time="2026-08-16T17:55:05+08:00" level=info msg="[GNB][SCTP] Receive message in 0 stream\n"
time="2026-08-16T17:55:05+08:00" level=info msg="[GNB][NGAP] Receive Downlink NAS Transport"
time="2026-08-16T17:55:05+08:00" level=info msg="[UE][NAS] Message with security header"
time="2026-08-16T17:55:05+08:00" level=info msg="[UE][NAS] Message with integrity and with NEW 5G NAS SECURITY CONTEXT"
time="2026-08-16T17:55:05+08:00" level=error msg="[UE][NAS] NAS MAC verification failed(received:[249 82 137 173]expected:[236 61 211 158]"
time="2026-08-16T17:55:06+08:00" level=info msg="[GNB][SCTP] Receive message in 0 stream\n"
time="2026-08-16T17:55:06+08:00" level=info msg="[GNB][NGAP] Receive Downlink NAS Transport"
time="2026-08-16T17:55:06+08:00" level=info msg="[UE][NAS] Message with security header"
time="2026-08-16T17:55:06+08:00" level=info msg="[UE][NAS] Message with integrity and with NEW 5G NAS SECURITY CONTEXT"
time="2026-08-16T17:55:06+08:00" level=error msg="[UE][NAS] NAS MAC verification failed(received:[133 64 104 149]expected:[150 51 57 233]"
time="2026-08-16T17:55:06+08:00" level=info msg="[GNB][SCTP] Receive message in 0 stream\n"
time="2026-08-16T17:55:06+08:00" level=info msg="[GNB][NGAP] Receive Downlink NAS Transport"
time="2026-08-16T17:55:06+08:00" level=info msg="[UE][NAS] Message without security header"
time="2026-08-16T17:55:06+08:00" level=info msg="[UE][NAS] Receive Authentication Request"
time="2026-08-16T17:55:06+08:00" level=info msg="[UE][NAS][MAC] Authenticity of the authentication request message: OK"
time="2026-08-16T17:55:06+08:00" level=info msg="[UE][NAS][SQN] SQN of the authentication request message: VALID"
time="2026-08-16T17:55:06+08:00" level=info msg="[UE][NAS] Send authentication response"
time="2026-08-16T17:55:06+08:00" level=info msg="[UE] Switched from state 2 to state 2"
time="2026-08-16T17:55:06+08:00" level=info msg="[GNB][SCTP] Receive message in 0 stream\n"
time="2026-08-16T17:55:06+08:00" level=info msg="[GNB][NGAP] Receive Downlink NAS Transport"
time="2026-08-16T17:55:06+08:00" level=info msg="[UE][NAS] Message with security header"
time="2026-08-16T17:55:06+08:00" level=info msg="[UE][NAS] Message with integrity and with NEW 5G NAS SECURITY CONTEXT"
time="2026-08-16T17:55:06+08:00" level=error msg="[UE][NAS] NAS MAC verification failed(received:[93 177 192 169]expected:[140 251 177 173]"
time="2026-08-16T17:55:06+08:00" level=info msg="[GNB][SCTP] Receive message in 0 stream\n"
time="2026-08-16T17:55:06+08:00" level=info msg="[GNB][NGAP] Receive Downlink NAS Transport"
time="2026-08-16T17:55:06+08:00" level=info msg="[UE][NAS] Message without security header"
time="2026-08-16T17:55:06+08:00" level=info msg="[UE][NAS] Receive Authentication Request"
time="2026-08-16T17:55:06+08:00" level=info msg="[UE][NAS][MAC] Authenticity of the authentication request message: OK"
time="2026-08-16T17:55:06+08:00" level=info msg="[UE][NAS][SQN] SQN of the authentication request message: VALID"
time="2026-08-16T17:55:06+08:00" level=info msg="[UE][NAS] Send authentication response"
time="2026-08-16T17:55:06+08:00" level=info msg="[UE] Switched from state 2 to state 2"
time="2026-08-16T17:55:06+08:00" level=info msg="[GNB][SCTP] Receive message in 0 stream\n"
time="2026-08-16T17:55:06+08:00" level=info msg="[GNB][SCTP] Receive message in 0 stream\n"
time="2026-08-16T17:55:06+08:00" level=info msg="[GNB][SCTP] Receive message in 0 stream\n"
time="2026-08-16T17:55:06+08:00" level=info msg="[GNB][SCTP] Receive message in 0 stream\n"
time="2026-08-16T17:55:06+08:00" level=info msg="[GNB][NGAP] Receive Downlink NAS Transport"
time="2026-08-16T17:55:06+08:00" level=info msg="[UE][NAS] Message with security header"
time="2026-08-16T17:55:06+08:00" level=info msg="[UE][NAS] Message with integrity and with NEW 5G NAS SECURITY CONTEXT"
time="2026-08-16T17:55:06+08:00" level=error msg="[UE][NAS] NAS MAC verification failed(received:[24 217 95 62]expected:[16 132 220 52]"
time="2026-08-16T17:55:06+08:00" level=info msg="[GNB][NGAP] Receive Downlink NAS Transport"
time="2026-08-16T17:55:06+08:00" level=info msg="[UE][NAS] Message without security header"
time="2026-08-16T17:55:06+08:00" level=info msg="[UE][NAS] Receive Authentication Request"
time="2026-08-16T17:55:06+08:00" level=info msg="[UE][NAS][MAC] Authenticity of the authentication request message: OK"
time="2026-08-16T17:55:06+08:00" level=info msg="[UE][NAS][SQN] SQN of the authentication request message: VALID"
time="2026-08-16T17:55:06+08:00" level=info msg="[UE][NAS] Send authentication response"
time="2026-08-16T17:55:06+08:00" level=info msg="[UE] Switched from state 2 to state 2"
time="2026-08-16T17:55:06+08:00" level=info msg="[GNB][NGAP] Receive Downlink NAS Transport"
time="2026-08-16T17:55:06+08:00" level=info msg="[UE][NAS] Message without security header"
time="2026-08-16T17:55:06+08:00" level=info msg="[UE][NAS] Receive Authentication Request"
time="2026-08-16T17:55:06+08:00" level=info msg="[UE][NAS][MAC] Authenticity of the authentication request message: OK"
time="2026-08-16T17:55:06+08:00" level=info msg="[UE][NAS][SQN] SQN of the authentication request message: VALID"
time="2026-08-16T17:55:06+08:00" level=info msg="[UE][NAS] Send authentication response"
time="2026-08-16T17:55:06+08:00" level=info msg="[UE] Switched from state 2 to state 2"
time="2026-08-16T17:55:06+08:00" level=info msg="[GNB][NGAP] Receive Downlink NAS Transport"
time="2026-08-16T17:55:06+08:00" level=info msg="[UE][NAS] Message without security header"
time="2026-08-16T17:55:06+08:00" level=info msg="[UE][NAS] Receive Authentication Request"
time="2026-08-16T17:55:06+08:00" level=info msg="[UE][NAS][MAC] Authenticity of the authentication request message: OK"
time="2026-08-16T17:55:06+08:00" level=info msg="[UE][NAS][SQN] SQN of the authentication request message: VALID"
time="2026-08-16T17:55:06+08:00" level=info msg="[UE][NAS] Send authentication response"
time="2026-08-16T17:55:06+08:00" level=info msg="[UE] Switched from state 2 to state 2"
time="2026-08-16T17:55:06+08:00" level=info msg="[GNB][SCTP] Receive message in 0 stream\n"
time="2026-08-16T17:55:06+08:00" level=info msg="[GNB][NGAP] Receive Downlink NAS Transport"
time="2026-08-16T17:55:06+08:00" level=info msg="[UE][NAS] Message without security header"
time="2026-08-16T17:55:06+08:00" level=info msg="[UE][NAS] Receive Authentication Request"
time="2026-08-16T17:55:06+08:00" level=info msg="[UE][NAS][MAC] Authenticity of the authentication request message: OK"
time="2026-08-16T17:55:06+08:00" level=info msg="[UE][NAS][SQN] SQN of the authentication request message: VALID"
time="2026-08-16T17:55:06+08:00" level=info msg="[UE][NAS] Send authentication response"
time="2026-08-16T17:55:06+08:00" level=info msg="[UE] Switched from state 2 to state 2"
time="2026-08-16T17:55:06+08:00" level=info msg="[GNB][SCTP] Receive message in 0 stream\n"
time="2026-08-16T17:55:06+08:00" level=info msg="[GNB][SCTP] Receive message in 0 stream\n"
time="2026-08-16T17:55:06+08:00" level=info msg="[GNB][SCTP] Receive message in 0 stream\n"
time="2026-08-16T17:55:06+08:00" level=info msg="[GNB][NGAP] Receive Downlink NAS Transport"
time="2026-08-16T17:55:06+08:00" level=info msg="[UE][NAS] Message without security header"
time="2026-08-16T17:55:06+08:00" level=info msg="[UE][NAS] Receive Authentication Request"
time="2026-08-16T17:55:06+08:00" level=info msg="[UE][NAS][MAC] Authenticity of the authentication request message: OK"
time="2026-08-16T17:55:06+08:00" level=info msg="[UE][NAS][SQN] SQN of the authentication request message: VALID"
time="2026-08-16T17:55:06+08:00" level=info msg="[UE][NAS] Send authentication response"
time="2026-08-16T17:55:06+08:00" level=info msg="[GNB][NGAP] Receive Downlink NAS Transport"
time="2026-08-16T17:55:06+08:00" level=info msg="[UE][NAS] Message without security header"
time="2026-08-16T17:55:06+08:00" level=info msg="[UE][NAS] Receive Authentication Request"
time="2026-08-16T17:55:06+08:00" level=info msg="[UE][NAS][MAC] Authenticity of the authentication request message: OK"
time="2026-08-16T17:55:06+08:00" level=info msg="[UE][NAS][SQN] SQN of the authentication request message: VALID"
time="2026-08-16T17:55:06+08:00" level=info msg="[UE][NAS] Send authentication response"
time="2026-08-16T17:55:06+08:00" level=info msg="[UE] Switched from state 2 to state 2"
time="2026-08-16T17:55:06+08:00" level=info msg="[UE] Switched from state 2 to state 2"
time="2026-08-16T17:55:06+08:00" level=info msg="[GNB][NGAP] Receive Initial Context Setup Request"
time="2026-08-16T17:55:06+08:00" level=info msg="[GNB][UE] UE Context was created with successful"
time="2026-08-16T17:55:06+08:00" level=info msg="[GNB][UE] UE RAN ID 6"
time="2026-08-16T17:55:06+08:00" level=info msg="[GNB][UE] UE AMF ID 905"
time="2026-08-16T17:55:06+08:00" level=info msg="[GNB][UE] UE Mobility Restrict --Plmn-- Mcc: 208 Mnc: 93"
time="2026-08-16T17:55:06+08:00" level=info msg="[GNB][UE] UE Masked Imeisv: 1110000000ffff00"
time="2026-08-16T17:55:06+08:00" level=info msg="[GNB][UE] Allowed Nssai-- Sst: [01 01] Sd: [010203 112233]"
time="2026-08-16T17:55:06+08:00" level=info msg="[GNB][NGAP][AMF] Send Initial Context Setup Response."
time="2026-08-16T17:55:06+08:00" level=info msg="[GNB] Initiating Initial Context Setup Response"
time="2026-08-16T17:55:06+08:00" level=info msg="[GNB][NGAP] No PDU Session to set up in InitialContextSetupResponse."
time="2026-08-16T17:55:06+08:00" level=info msg="[UE][NAS] Message with security header"
time="2026-08-16T17:55:06+08:00" level=info msg="[UE][NAS] Message with integrity and ciphered"
time="2026-08-16T17:55:06+08:00" level=info msg="[UE][NAS] successful NAS CIPHERING"
time="2026-08-16T17:55:06+08:00" level=error msg="[UE][NAS] NAS MAC verification failed(received:[203 204 109 179]expected:[210 188 30 51]"
time="2026-08-16T17:55:06+08:00" level=info msg="[GNB][SCTP] Receive message in 0 stream\n"
time="2026-08-16T17:55:06+08:00" level=info msg="[GNB][NGAP] Receive Downlink NAS Transport"
time="2026-08-16T17:55:06+08:00" level=info msg="[UE][NAS] Message without security header"
time="2026-08-16T17:55:06+08:00" level=info msg="[UE][NAS] Receive Authentication Request"
time="2026-08-16T17:55:06+08:00" level=info msg="[UE][NAS][MAC] Authenticity of the authentication request message: OK"
time="2026-08-16T17:55:06+08:00" level=info msg="[UE][NAS][SQN] SQN of the authentication request message: VALID"
time="2026-08-16T17:55:06+08:00" level=info msg="[UE][NAS] Send authentication response"
time="2026-08-16T17:55:06+08:00" level=info msg="[UE] Switched from state 2 to state 2"
time="2026-08-16T17:55:07+08:00" level=info msg="[GNB][SCTP] Receive message in 0 stream\n"
time="2026-08-16T17:55:07+08:00" level=info msg="[GNB][NGAP] Receive Downlink NAS Transport"
time="2026-08-16T17:55:07+08:00" level=info msg="[UE][NAS] Message without security header"
time="2026-08-16T17:55:07+08:00" level=info msg="[UE][NAS] Receive Authentication Request"
time="2026-08-16T17:55:07+08:00" level=info msg="[UE][NAS][MAC] Authenticity of the authentication request message: OK"
time="2026-08-16T17:55:07+08:00" level=info msg="[UE][NAS][SQN] SQN of the authentication request message: VALID"
time="2026-08-16T17:55:07+08:00" level=info msg="[UE][NAS] Send authentication response"
time="2026-08-16T17:55:07+08:00" level=info msg="[UE] Switched from state 2 to state 2"
time="2026-08-16T17:55:07+08:00" level=info msg="[GNB][SCTP] Receive message in 0 stream\n"
time="2026-08-16T17:55:07+08:00" level=info msg="[GNB][NGAP] Receive Downlink NAS Transport"
time="2026-08-16T17:55:07+08:00" level=info msg="[UE][NAS] Message with security header"
time="2026-08-16T17:55:07+08:00" level=info msg="[UE][NAS] Message with integrity and with NEW 5G NAS SECURITY CONTEXT"
time="2026-08-16T17:55:07+08:00" level=error msg="[UE][NAS] NAS MAC verification failed(received:[196 15 78 242]expected:[69 77 233 198]"
time="2026-08-16T17:55:07+08:00" level=info msg="[GNB][SCTP] Receive message in 0 stream\n"
time="2026-08-16T17:55:07+08:00" level=info msg="[GNB][NGAP] Receive Initial Context Setup Request"
time="2026-08-16T17:55:07+08:00" level=info msg="[GNB][UE] UE Context was created with successful"
time="2026-08-16T17:55:07+08:00" level=info msg="[GNB][UE] UE RAN ID 11"
time="2026-08-16T17:55:07+08:00" level=info msg="[GNB][UE] UE AMF ID 910"
time="2026-08-16T17:55:07+08:00" level=info msg="[GNB][UE] UE Mobility Restrict --Plmn-- Mcc: 208 Mnc: 93"
time="2026-08-16T17:55:07+08:00" level=info msg="[GNB][UE] UE Masked Imeisv: 1110000000ffff00"
time="2026-08-16T17:55:07+08:00" level=info msg="[GNB][UE] Allowed Nssai-- Sst: [01 01] Sd: [010203 112233]"
time="2026-08-16T17:55:07+08:00" level=info msg="[GNB][NGAP][AMF] Send Initial Context Setup Response."
time="2026-08-16T17:55:07+08:00" level=info msg="[GNB] Initiating Initial Context Setup Response"
time="2026-08-16T17:55:07+08:00" level=info msg="[GNB][NGAP] No PDU Session to set up in InitialContextSetupResponse."
time="2026-08-16T17:55:07+08:00" level=info msg="[UE][NAS] Message with security header"
time="2026-08-16T17:55:07+08:00" level=info msg="[UE][NAS] Message with integrity and ciphered"
time="2026-08-16T17:55:07+08:00" level=info msg="[UE][NAS] successful NAS CIPHERING"
time="2026-08-16T17:55:07+08:00" level=error msg="[UE][NAS] NAS MAC verification failed(received:[156 237 14 94]expected:[73 229 157 124]"
time="2026-08-16T17:55:07+08:00" level=info msg="[GNB][SCTP] Receive message in 0 stream\n"
time="2026-08-16T17:55:07+08:00" level=info msg="[GNB][SCTP] Receive message in 0 stream\n"
time="2026-08-16T17:55:07+08:00" level=info msg="[GNB][NGAP] Receive Downlink NAS Transport"
time="2026-08-16T17:55:07+08:00" level=info msg="[UE][NAS] Message without security header"
time="2026-08-16T17:55:07+08:00" level=info msg="[UE][NAS] Receive Authentication Request"
time="2026-08-16T17:55:07+08:00" level=info msg="[UE][NAS][MAC] Authenticity of the authentication request message: OK"
time="2026-08-16T17:55:07+08:00" level=info msg="[UE][NAS][SQN] SQN of the authentication request message: VALID"
time="2026-08-16T17:55:07+08:00" level=info msg="[UE][NAS] Send authentication response"
time="2026-08-16T17:55:07+08:00" level=info msg="[UE] Switched from state 2 to state 2"
time="2026-08-16T17:55:07+08:00" level=info msg="[GNB][NGAP] Receive Downlink NAS Transport"
time="2026-08-16T17:55:07+08:00" level=info msg="[UE][NAS] Message with security header"
time="2026-08-16T17:55:07+08:00" level=info msg="[UE][NAS] Message with integrity and with NEW 5G NAS SECURITY CONTEXT"
time="2026-08-16T17:55:07+08:00" level=error msg="[UE][NAS] NAS MAC verification failed(received:[133 155 210 38]expected:[76 209 167 223]"
time="2026-08-16T17:55:07+08:00" level=info msg="[GNB][SCTP] Receive message in 0 stream\n"
time="2026-08-16T17:55:07+08:00" level=info msg="[GNB][NGAP] Receive Downlink NAS Transport"
time="2026-08-16T17:55:07+08:00" level=info msg="[UE][NAS] Message with security header"
time="2026-08-16T17:55:07+08:00" level=info msg="[UE][NAS] Message with integrity and with NEW 5G NAS SECURITY CONTEXT"
time="2026-08-16T17:55:07+08:00" level=error msg="[UE][NAS] NAS MAC verification failed(received:[187 33 32 79]expected:[51 225 115 101]"
time="2026-08-16T17:55:07+08:00" level=info msg="[GNB][SCTP] Receive message in 0 stream\n"
time="2026-08-16T17:55:07+08:00" level=info msg="[GNB][NGAP] Receive Downlink NAS Transport"
time="2026-08-16T17:55:07+08:00" level=info msg="[UE][NAS] Message with security header"
time="2026-08-16T17:55:07+08:00" level=info msg="[UE][NAS] Message with integrity and with NEW 5G NAS SECURITY CONTEXT"
time="2026-08-16T17:55:07+08:00" level=error msg="[UE][NAS] NAS MAC verification failed(received:[168 1 6 225]expected:[191 237 209 156]"
time="2026-08-16T17:55:07+08:00" level=info msg="[GNB][SCTP] Receive message in 0 stream\n"
time="2026-08-16T17:55:07+08:00" level=info msg="[GNB][SCTP] Receive message in 0 stream\n"
time="2026-08-16T17:55:07+08:00" level=info msg="[GNB][SCTP] Receive message in 0 stream\n"
time="2026-08-16T17:55:07+08:00" level=info msg="[GNB][SCTP] Receive message in 0 stream\n"
time="2026-08-16T17:55:07+08:00" level=info msg="[GNB][SCTP] Receive message in 0 stream\n"
time="2026-08-16T17:55:07+08:00" level=info msg="[GNB][SCTP] Receive message in 0 stream\n"
time="2026-08-16T17:55:07+08:00" level=info msg="[GNB][NGAP] Receive Downlink NAS Transport"
time="2026-08-16T17:55:07+08:00" level=info msg="[UE][NAS] Message with security header"
time="2026-08-16T17:55:07+08:00" level=info msg="[UE][NAS] Message with integrity and with NEW 5G NAS SECURITY CONTEXT"
time="2026-08-16T17:55:07+08:00" level=error msg="[UE][NAS] NAS MAC verification failed(received:[56 208 52 159]expected:[46 187 172 241]"
time="2026-08-16T17:55:07+08:00" level=info msg="[GNB][NGAP] Receive Downlink NAS Transport"
time="2026-08-16T17:55:07+08:00" level=info msg="[UE][NAS] Message with security header"
time="2026-08-16T17:55:07+08:00" level=info msg="[UE][NAS] Message with integrity and with NEW 5G NAS SECURITY CONTEXT"
time="2026-08-16T17:55:07+08:00" level=info msg="[GNB][NGAP] Receive Downlink NAS Transport"
time="2026-08-16T17:55:07+08:00" level=info msg="[UE][NAS] Message with security header"
time="2026-08-16T17:55:07+08:00" level=info msg="[UE][NAS] Message with integrity and with NEW 5G NAS SECURITY CONTEXT"
time="2026-08-16T17:55:07+08:00" level=error msg="[UE][NAS] NAS MAC verification failed(received:[148 153 9 199]expected:[29 195 95 53]"
time="2026-08-16T17:55:07+08:00" level=error msg="[UE][NAS] NAS MAC verification failed(received:[184 79 245 137]expected:[38 50 119 178]"
time="2026-08-16T17:55:07+08:00" level=info msg="[GNB][NGAP] Receive Downlink NAS Transport"
time="2026-08-16T17:55:07+08:00" level=info msg="[UE][NAS] Message without security header"
time="2026-08-16T17:55:07+08:00" level=info msg="[GNB][NGAP] Receive Downlink NAS Transport"
time="2026-08-16T17:55:07+08:00" level=info msg="[UE][NAS] Message with security header"
time="2026-08-16T17:55:07+08:00" level=info msg="[UE][NAS] Message with integrity and with NEW 5G NAS SECURITY CONTEXT"
time="2026-08-16T17:55:07+08:00" level=info msg="[GNB][NGAP] Receive Downlink NAS Transport"
time="2026-08-16T17:55:07+08:00" level=error msg="[UE][NAS] NAS MAC verification failed(received:[252 51 91 211]expected:[211 244 7 235]"
time="2026-08-16T17:55:07+08:00" level=info msg="[UE][NAS] Message with security header"
time="2026-08-16T17:55:07+08:00" level=info msg="[UE][NAS] Message with integrity and with NEW 5G NAS SECURITY CONTEXT"
time="2026-08-16T17:55:07+08:00" level=info msg="[UE][NAS] Receive Authentication Request"
time="2026-08-16T17:55:07+08:00" level=info msg="[UE][NAS][MAC] Authenticity of the authentication request message: OK"
time="2026-08-16T17:55:07+08:00" level=info msg="[UE][NAS][SQN] SQN of the authentication request message: VALID"
time="2026-08-16T17:55:07+08:00" level=info msg="[UE][NAS] Send authentication response"
time="2026-08-16T17:55:07+08:00" level=error msg="[UE][NAS] NAS MAC verification failed(received:[30 140 9 151]expected:[142 152 162 247]"
time="2026-08-16T17:55:07+08:00" level=info msg="[UE] Switched from state 2 to state 2"
time="2026-08-16T17:55:07+08:00" level=info msg="[GNB][SCTP] Receive message in 0 stream\n"
time="2026-08-16T17:55:07+08:00" level=info msg="[GNB][NGAP] Receive Downlink NAS Transport"
time="2026-08-16T17:55:07+08:00" level=info msg="[UE][NAS] Message with security header"
time="2026-08-16T17:55:07+08:00" level=info msg="[UE][NAS] Message with integrity and with NEW 5G NAS SECURITY CONTEXT"
time="2026-08-16T17:55:07+08:00" level=error msg="[UE][NAS] NAS MAC verification failed(received:[26 134 128 228]expected:[95 127 45 34]"
time="2026-08-16T17:55:08+08:00" level=info msg="[GNB][SCTP] Receive message in 0 stream\n"
time="2026-08-16T17:55:08+08:00" level=info msg="[GNB][SCTP] Receive message in 0 stream\n"
time="2026-08-16T17:55:08+08:00" level=info msg="[GNB][NGAP] Receive Downlink NAS Transport"
time="2026-08-16T17:55:08+08:00" level=info msg="[UE][NAS] Message without security header"
time="2026-08-16T17:55:08+08:00" level=info msg="[UE][NAS] Receive Authentication Request"
time="2026-08-16T17:55:08+08:00" level=info msg="[GNB][NGAP] Receive Downlink NAS Transport"
time="2026-08-16T17:55:08+08:00" level=info msg="[UE][NAS] Message without security header"
time="2026-08-16T17:55:08+08:00" level=info msg="[UE][NAS] Receive Authentication Request"
time="2026-08-16T17:55:08+08:00" level=info msg="[UE][NAS][MAC] Authenticity of the authentication request message: OK"
time="2026-08-16T17:55:08+08:00" level=info msg="[UE][NAS][SQN] SQN of the authentication request message: VALID"
time="2026-08-16T17:55:08+08:00" level=info msg="[UE][NAS] Send authentication response"
time="2026-08-16T17:55:08+08:00" level=info msg="[UE] Switched from state 2 to state 2"
time="2026-08-16T17:55:08+08:00" level=info msg="[UE][NAS][MAC] Authenticity of the authentication request message: OK"
time="2026-08-16T17:55:08+08:00" level=info msg="[UE][NAS][SQN] SQN of the authentication request message: VALID"
time="2026-08-16T17:55:08+08:00" level=info msg="[UE][NAS] Send authentication response"
time="2026-08-16T17:55:08+08:00" level=info msg="[UE] Switched from state 2 to state 2"
time="2026-08-16T17:55:08+08:00" level=info msg="[GNB][SCTP] Receive message in 0 stream\n"
time="2026-08-16T17:55:08+08:00" level=info msg="[GNB][NGAP] Receive Downlink NAS Transport"
time="2026-08-16T17:55:08+08:00" level=info msg="[UE][NAS] Message without security header"
time="2026-08-16T17:55:08+08:00" level=info msg="[UE][NAS] Receive Authentication Request"
time="2026-08-16T17:55:08+08:00" level=info msg="[UE][NAS][MAC] Authenticity of the authentication request message: OK"
time="2026-08-16T17:55:08+08:00" level=info msg="[UE][NAS][SQN] SQN of the authentication request message: VALID"
time="2026-08-16T17:55:08+08:00" level=info msg="[UE][NAS] Send authentication response"
time="2026-08-16T17:55:08+08:00" level=info msg="[GNB][SCTP] Receive message in 0 stream\n"
time="2026-08-16T17:55:08+08:00" level=info msg="[GNB][SCTP] Receive message in 0 stream\n"
time="2026-08-16T17:55:08+08:00" level=info msg="[GNB][SCTP] Receive message in 0 stream\n"
time="2026-08-16T17:55:08+08:00" level=info msg="[GNB][SCTP] Receive message in 0 stream\n"
time="2026-08-16T17:55:08+08:00" level=info msg="[UE] Switched from state 2 to state 2"
time="2026-08-16T17:55:08+08:00" level=info msg="[GNB][NGAP] Receive Downlink NAS Transport"
time="2026-08-16T17:55:08+08:00" level=info msg="[UE][NAS] Message with security header"
time="2026-08-16T17:55:08+08:00" level=info msg="[UE][NAS] Message with integrity and with NEW 5G NAS SECURITY CONTEXT"
time="2026-08-16T17:55:08+08:00" level=error msg="[UE][NAS] NAS MAC verification failed(received:[184 168 202 109]expected:[173 27 113 103]"
time="2026-08-16T17:55:08+08:00" level=info msg="[GNB][NGAP] Receive Downlink NAS Transport"
time="2026-08-16T17:55:08+08:00" level=info msg="[UE][NAS] Message without security header"
time="2026-08-16T17:55:08+08:00" level=info msg="[UE][NAS] Receive Authentication Request"
time="2026-08-16T17:55:08+08:00" level=info msg="[UE][NAS][MAC] Authenticity of the authentication request message: OK"
time="2026-08-16T17:55:08+08:00" level=info msg="[UE][NAS][SQN] SQN of the authentication request message: VALID"
time="2026-08-16T17:55:08+08:00" level=info msg="[UE][NAS] Send authentication response"
time="2026-08-16T17:55:08+08:00" level=info msg="[UE] Switched from state 2 to state 2"
time="2026-08-16T17:55:08+08:00" level=info msg="[GNB][NGAP] Receive Initial Context Setup Request"
time="2026-08-16T17:55:08+08:00" level=info msg="[GNB][UE] UE Context was created with successful"
time="2026-08-16T17:55:08+08:00" level=info msg="[GNB][UE] UE RAN ID 30"
time="2026-08-16T17:55:08+08:00" level=info msg="[GNB][UE] UE AMF ID 929"
time="2026-08-16T17:55:08+08:00" level=info msg="[GNB][UE] UE Mobility Restrict --Plmn-- Mcc: 208 Mnc: 93"
time="2026-08-16T17:55:08+08:00" level=info msg="[GNB][UE] UE Masked Imeisv: 1110000000ffff00"
time="2026-08-16T17:55:08+08:00" level=info msg="[GNB][UE] Allowed Nssai-- Sst: [01 01] Sd: [010203 112233]"
time="2026-08-16T17:55:08+08:00" level=info msg="[GNB][NGAP][AMF] Send Initial Context Setup Response."
time="2026-08-16T17:55:08+08:00" level=info msg="[UE][NAS] Message with security header"
time="2026-08-16T17:55:08+08:00" level=info msg="[UE][NAS] Message with integrity and ciphered"
time="2026-08-16T17:55:08+08:00" level=info msg="[UE][NAS] successful NAS CIPHERING"
time="2026-08-16T17:55:08+08:00" level=info msg="[GNB][NGAP] Receive Downlink NAS Transport"
time="2026-08-16T17:55:08+08:00" level=info msg="[UE][NAS] Message with security header"
time="2026-08-16T17:55:08+08:00" level=info msg="[UE][NAS] Message with integrity and with NEW 5G NAS SECURITY CONTEXT"
time="2026-08-16T17:55:08+08:00" level=error msg="[UE][NAS] NAS MAC verification failed(received:[192 84 6 55]expected:[220 160 74 174]"
time="2026-08-16T17:55:08+08:00" level=error msg="[UE][NAS] NAS MAC verification failed(received:[238 231 225 110]expected:[122 72 214 104]"
time="2026-08-16T17:55:08+08:00" level=info msg="[GNB] Initiating Initial Context Setup Response"
time="2026-08-16T17:55:08+08:00" level=info msg="[GNB][NGAP] No PDU Session to set up in InitialContextSetupResponse."
time="2026-08-16T17:55:08+08:00" level=info msg="[GNB][SCTP] Receive message in 0 stream\n"
time="2026-08-16T17:55:08+08:00" level=info msg="[GNB][NGAP] Receive Downlink NAS Transport"
time="2026-08-16T17:55:08+08:00" level=info msg="[UE][NAS] Message without security header"
time="2026-08-16T17:55:08+08:00" level=info msg="[UE][NAS] Receive Authentication Request"
time="2026-08-16T17:55:08+08:00" level=info msg="[UE][NAS][MAC] Authenticity of the authentication request message: OK"
time="2026-08-16T17:55:08+08:00" level=info msg="[UE][NAS][SQN] SQN of the authentication request message: VALID"
time="2026-08-16T17:55:08+08:00" level=info msg="[UE][NAS] Send authentication response"
time="2026-08-16T17:55:08+08:00" level=info msg="[UE] Switched from state 2 to state 2"
time="2026-08-16T17:55:08+08:00" level=info msg="[GNB][SCTP] Receive message in 0 stream\n"
time="2026-08-16T17:55:08+08:00" level=info msg="[GNB][SCTP] Receive message in 0 stream\n"
time="2026-08-16T17:55:08+08:00" level=info msg="[GNB][SCTP] Receive message in 0 stream\n"
time="2026-08-16T17:55:08+08:00" level=info msg="[GNB][SCTP] Receive message in 0 stream\n"
time="2026-08-16T17:55:08+08:00" level=info msg="[GNB][SCTP] Receive message in 0 stream\n"
time="2026-08-16T17:55:08+08:00" level=info msg="[GNB][NGAP] Receive Downlink NAS Transport"
time="2026-08-16T17:55:08+08:00" level=info msg="[UE][NAS] Message without security header"
time="2026-08-16T17:55:08+08:00" level=info msg="[UE][NAS] Receive Authentication Request"
time="2026-08-16T17:55:08+08:00" level=info msg="[UE][NAS][MAC] Authenticity of the authentication request message: OK"
time="2026-08-16T17:55:08+08:00" level=info msg="[UE][NAS][SQN] SQN of the authentication request message: VALID"
time="2026-08-16T17:55:08+08:00" level=info msg="[UE][NAS] Send authentication response"
time="2026-08-16T17:55:08+08:00" level=info msg="[GNB][NGAP] Receive Downlink NAS Transport"
time="2026-08-16T17:55:08+08:00" level=info msg="[UE][NAS] Message without security header"
time="2026-08-16T17:55:08+08:00" level=info msg="[UE][NAS] Receive Authentication Request"
time="2026-08-16T17:55:08+08:00" level=info msg="[UE][NAS][MAC] Authenticity of the authentication request message: OK"
time="2026-08-16T17:55:08+08:00" level=info msg="[UE][NAS][SQN] SQN of the authentication request message: VALID"
time="2026-08-16T17:55:08+08:00" level=info msg="[UE][NAS] Send authentication response"
time="2026-08-16T17:55:08+08:00" level=info msg="[GNB][NGAP] Receive Downlink NAS Transport"
time="2026-08-16T17:55:08+08:00" level=info msg="[UE][NAS] Message with security header"
time="2026-08-16T17:55:08+08:00" level=info msg="[UE][NAS] Message with integrity and with NEW 5G NAS SECURITY CONTEXT"
time="2026-08-16T17:55:08+08:00" level=error msg="[UE][NAS] NAS MAC verification failed(received:[237 155 111 100]expected:[167 226 193 2]"
time="2026-08-16T17:55:08+08:00" level=info msg="[UE] Switched from state 2 to state 2"
time="2026-08-16T17:55:08+08:00" level=info msg="[UE] Switched from state 2 to state 2"
time="2026-08-16T17:55:08+08:00" level=info msg="[GNB][NGAP] Receive Downlink NAS Transport"
time="2026-08-16T17:55:08+08:00" level=info msg="[UE][NAS] Message without security header"
time="2026-08-16T17:55:08+08:00" level=info msg="[UE][NAS] Receive Authentication Request"
time="2026-08-16T17:55:08+08:00" level=info msg="[UE][NAS][MAC] Authenticity of the authentication request message: OK"
time="2026-08-16T17:55:08+08:00" level=info msg="[UE][NAS][SQN] SQN of the authentication request message: VALID"
time="2026-08-16T17:55:08+08:00" level=info msg="[UE][NAS] Send authentication response"
time="2026-08-16T17:55:08+08:00" level=info msg="[UE] Switched from state 2 to state 2"
time="2026-08-16T17:55:08+08:00" level=info msg="[GNB][NGAP] Receive Downlink NAS Transport"
time="2026-08-16T17:55:08+08:00" level=info msg="[UE][NAS] Message without security header"
time="2026-08-16T17:55:08+08:00" level=info msg="[UE][NAS] Receive Authentication Request"
time="2026-08-16T17:55:08+08:00" level=info msg="[UE][NAS][MAC] Authenticity of the authentication request message: OK"
time="2026-08-16T17:55:08+08:00" level=info msg="[UE][NAS][SQN] SQN of the authentication request message: VALID"
time="2026-08-16T17:55:08+08:00" level=info msg="[UE][NAS] Send authentication response"
time="2026-08-16T17:55:08+08:00" level=info msg="[UE] Switched from state 2 to state 2"
time="2026-08-16T17:55:08+08:00" level=info msg="[GNB][SCTP] Receive message in 0 stream\n"
time="2026-08-16T17:55:08+08:00" level=info msg="[GNB][NGAP] Receive Downlink NAS Transport"
time="2026-08-16T17:55:08+08:00" level=info msg="[UE][NAS] Message without security header"
time="2026-08-16T17:55:08+08:00" level=info msg="[UE][NAS] Receive Authentication Request"
time="2026-08-16T17:55:08+08:00" level=info msg="[UE][NAS][MAC] Authenticity of the authentication request message: OK"
time="2026-08-16T17:55:08+08:00" level=info msg="[UE][NAS][SQN] SQN of the authentication request message: VALID"
time="2026-08-16T17:55:08+08:00" level=info msg="[UE][NAS] Send authentication response"
time="2026-08-16T17:55:08+08:00" level=info msg="[UE] Switched from state 2 to state 2"
time="2026-08-16T17:55:08+08:00" level=info msg="[GNB][SCTP] Receive message in 0 stream\n"
time="2026-08-16T17:55:08+08:00" level=info msg="[GNB][SCTP] Receive message in 0 stream\n"
time="2026-08-16T17:55:08+08:00" level=info msg="[GNB][SCTP] Receive message in 0 stream\n"
time="2026-08-16T17:55:08+08:00" level=info msg="[GNB][NGAP] Receive Downlink NAS Transport"
time="2026-08-16T17:55:08+08:00" level=info msg="[UE][NAS] Message without security header"
time="2026-08-16T17:55:08+08:00" level=info msg="[UE][NAS] Receive Authentication Request"
time="2026-08-16T17:55:08+08:00" level=info msg="[UE][NAS][MAC] Authenticity of the authentication request message: OK"
time="2026-08-16T17:55:08+08:00" level=info msg="[UE][NAS][SQN] SQN of the authentication request message: VALID"
time="2026-08-16T17:55:08+08:00" level=info msg="[UE][NAS] Send authentication response"
time="2026-08-16T17:55:08+08:00" level=info msg="[GNB][NGAP] Receive Downlink NAS Transport"
time="2026-08-16T17:55:08+08:00" level=info msg="[UE][NAS] Message without security header"
time="2026-08-16T17:55:08+08:00" level=info msg="[UE][NAS] Receive Authentication Request"
time="2026-08-16T17:55:08+08:00" level=info msg="[GNB][NGAP] Receive Downlink NAS Transport"
time="2026-08-16T17:55:08+08:00" level=info msg="[UE][NAS][MAC] Authenticity of the authentication request message: OK"
time="2026-08-16T17:55:08+08:00" level=info msg="[UE] Switched from state 2 to state 2"
time="2026-08-16T17:55:08+08:00" level=info msg="[UE][NAS][SQN] SQN of the authentication request message: VALID"
time="2026-08-16T17:55:08+08:00" level=info msg="[UE][NAS] Send authentication response"
time="2026-08-16T17:55:08+08:00" level=info msg="[UE][NAS] Message without security header"
time="2026-08-16T17:55:08+08:00" level=info msg="[UE][NAS] Receive Authentication Request"
time="2026-08-16T17:55:08+08:00" level=info msg="[UE][NAS][MAC] Authenticity of the authentication request message: OK"
time="2026-08-16T17:55:08+08:00" level=info msg="[UE][NAS][SQN] SQN of the authentication request message: VALID"
time="2026-08-16T17:55:08+08:00" level=info msg="[UE][NAS] Send authentication response"
time="2026-08-16T17:55:08+08:00" level=info msg="[UE] Switched from state 2 to state 2"
time="2026-08-16T17:55:08+08:00" level=info msg="[UE] Switched from state 2 to state 2"
time="2026-08-16T17:55:08+08:00" level=info msg="[GNB][SCTP] Receive message in 0 stream\n"
time="2026-08-16T17:55:08+08:00" level=info msg="[GNB][NGAP] Receive Downlink NAS Transport"
time="2026-08-16T17:55:08+08:00" level=info msg="[UE][NAS] Message with security header"
time="2026-08-16T17:55:08+08:00" level=info msg="[UE][NAS] Message with integrity and with NEW 5G NAS SECURITY CONTEXT"
time="2026-08-16T17:55:08+08:00" level=error msg="[UE][NAS] NAS MAC verification failed(received:[193 245 244 164]expected:[14 247 231 210]"
time="2026-08-16T17:55:08+08:00" level=info msg="[GNB][SCTP] Receive message in 0 stream\n"
time="2026-08-16T17:55:08+08:00" level=info msg="[GNB][NGAP] Receive Downlink NAS Transport"
time="2026-08-16T17:55:08+08:00" level=info msg="[UE][NAS] Message without security header"
time="2026-08-16T17:55:08+08:00" level=info msg="[UE][NAS] Receive Authentication Request"
time="2026-08-16T17:55:08+08:00" level=info msg="[UE][NAS][MAC] Authenticity of the authentication request message: OK"
time="2026-08-16T17:55:08+08:00" level=info msg="[UE][NAS][SQN] SQN of the authentication request message: VALID"
time="2026-08-16T17:55:08+08:00" level=info msg="[UE][NAS] Send authentication response"
time="2026-08-16T17:55:08+08:00" level=info msg="[UE] Switched from state 2 to state 2"
time="2026-08-16T17:55:09+08:00" level=info msg="[GNB][SCTP] Receive message in 0 stream\n"
time="2026-08-16T17:55:09+08:00" level=info msg="[GNB][NGAP] Receive Downlink NAS Transport"
time="2026-08-16T17:55:09+08:00" level=info msg="[UE][NAS] Message without security header"
time="2026-08-16T17:55:09+08:00" level=info msg="[UE][NAS] Receive Authentication Request"
time="2026-08-16T17:55:09+08:00" level=info msg="[UE][NAS][MAC] Authenticity of the authentication request message: OK"
time="2026-08-16T17:55:09+08:00" level=info msg="[UE][NAS][SQN] SQN of the authentication request message: VALID"
time="2026-08-16T17:55:09+08:00" level=info msg="[UE][NAS] Send authentication response"
time="2026-08-16T17:55:09+08:00" level=info msg="[UE] Switched from state 2 to state 2"
time="2026-08-16T17:55:09+08:00" level=info msg="[GNB][SCTP] Receive message in 0 stream\n"
time="2026-08-16T17:55:09+08:00" level=info msg="[GNB][SCTP] Receive message in 0 stream\n"
time="2026-08-16T17:55:09+08:00" level=info msg="[GNB][NGAP] Receive Downlink NAS Transport"
time="2026-08-16T17:55:09+08:00" level=info msg="[UE][NAS] Message without security header"
time="2026-08-16T17:55:09+08:00" level=info msg="[GNB][NGAP] Receive Downlink NAS Transport"
time="2026-08-16T17:55:09+08:00" level=info msg="[UE][NAS] Message without security header"
time="2026-08-16T17:55:09+08:00" level=info msg="[UE][NAS] Receive Authentication Request"
time="2026-08-16T17:55:09+08:00" level=info msg="[UE][NAS][MAC] Authenticity of the authentication request message: OK"
time="2026-08-16T17:55:09+08:00" level=info msg="[UE][NAS][SQN] SQN of the authentication request message: VALID"
time="2026-08-16T17:55:09+08:00" level=info msg="[UE][NAS] Send authentication response"
time="2026-08-16T17:55:09+08:00" level=info msg="[UE][NAS] Receive Authentication Request"
time="2026-08-16T17:55:09+08:00" level=info msg="[UE][NAS][MAC] Authenticity of the authentication request message: OK"
time="2026-08-16T17:55:09+08:00" level=info msg="[UE][NAS][SQN] SQN of the authentication request message: VALID"
time="2026-08-16T17:55:09+08:00" level=info msg="[UE][NAS] Send authentication response"
time="2026-08-16T17:55:09+08:00" level=info msg="[UE] Switched from state 2 to state 2"
time="2026-08-16T17:55:09+08:00" level=info msg="[UE] Switched from state 2 to state 2"
time="2026-08-16T17:55:09+08:00" level=info msg="[GNB][SCTP] Receive message in 0 stream\n"
time="2026-08-16T17:55:09+08:00" level=info msg="[GNB][NGAP] Receive Downlink NAS Transport"
time="2026-08-16T17:55:09+08:00" level=info msg="[UE][NAS] Message with security header"
time="2026-08-16T17:55:09+08:00" level=info msg="[UE][NAS] Message with integrity and with NEW 5G NAS SECURITY CONTEXT"
time="2026-08-16T17:55:09+08:00" level=error msg="[UE][NAS] NAS MAC verification failed(received:[137 70 165 65]expected:[178 67 71 182]"
time="2026-08-16T17:55:09+08:00" level=info msg="[GNB][SCTP] Receive message in 0 stream\n"
time="2026-08-16T17:55:09+08:00" level=info msg="[GNB][NGAP] Receive Downlink NAS Transport"
time="2026-08-16T17:55:09+08:00" level=info msg="[UE][NAS] Message without security header"
time="2026-08-16T17:55:09+08:00" level=info msg="[UE][NAS] Receive Authentication Request"
time="2026-08-16T17:55:09+08:00" level=info msg="[UE][NAS][MAC] Authenticity of the authentication request message: OK"
time="2026-08-16T17:55:09+08:00" level=info msg="[UE][NAS][SQN] SQN of the authentication request message: VALID"
time="2026-08-16T17:55:09+08:00" level=info msg="[UE][NAS] Send authentication response"
time="2026-08-16T17:55:09+08:00" level=info msg="[UE] Switched from state 2 to state 2"
time="2026-08-16T17:55:09+08:00" level=info msg="[GNB][SCTP] Receive message in 0 stream\n"
time="2026-08-16T17:55:09+08:00" level=info msg="[GNB][SCTP] Receive message in 0 stream\n"
time="2026-08-16T17:55:09+08:00" level=info msg="[GNB][SCTP] Receive message in 0 stream\n"
time="2026-08-16T17:55:09+08:00" level=info msg="[GNB][SCTP] Receive message in 0 stream\n"
time="2026-08-16T17:55:09+08:00" level=info msg="[GNB][SCTP] Receive message in 0 stream\n"
time="2026-08-16T17:55:09+08:00" level=info msg="[GNB][SCTP] Receive message in 0 stream\n"
time="2026-08-16T17:55:09+08:00" level=info msg="[GNB][NGAP] Receive Downlink NAS Transport"
time="2026-08-16T17:55:09+08:00" level=info msg="[UE][NAS] Message without security header"
time="2026-08-16T17:55:09+08:00" level=info msg="[UE][NAS] Receive Authentication Request"
time="2026-08-16T17:55:09+08:00" level=info msg="[UE][NAS][MAC] Authenticity of the authentication request message: OK"
time="2026-08-16T17:55:09+08:00" level=info msg="[UE][NAS][SQN] SQN of the authentication request message: VALID"
time="2026-08-16T17:55:09+08:00" level=info msg="[UE][NAS] Send authentication response"
time="2026-08-16T17:55:09+08:00" level=info msg="[GNB][NGAP] Receive Downlink NAS Transport"
time="2026-08-16T17:55:09+08:00" level=info msg="[UE][NAS] Message without security header"
time="2026-08-16T17:55:09+08:00" level=info msg="[UE][NAS] Receive Authentication Request"
time="2026-08-16T17:55:09+08:00" level=info msg="[UE][NAS][MAC] Authenticity of the authentication request message: OK"
time="2026-08-16T17:55:09+08:00" level=info msg="[UE][NAS][SQN] SQN of the authentication request message: VALID"
time="2026-08-16T17:55:09+08:00" level=info msg="[UE][NAS] Send authentication response"
time="2026-08-16T17:55:09+08:00" level=info msg="[UE] Switched from state 2 to state 2"
time="2026-08-16T17:55:09+08:00" level=info msg="[UE] Switched from state 2 to state 2"
time="2026-08-16T17:55:09+08:00" level=info msg="[GNB][NGAP] Receive Downlink NAS Transport"
time="2026-08-16T17:55:09+08:00" level=info msg="[UE][NAS] Message without security header"
time="2026-08-16T17:55:09+08:00" level=info msg="[GNB][NGAP] Receive Downlink NAS Transport"
time="2026-08-16T17:55:09+08:00" level=info msg="[UE][NAS] Message without security header"
time="2026-08-16T17:55:09+08:00" level=info msg="[UE][NAS] Receive Authentication Request"
time="2026-08-16T17:55:09+08:00" level=info msg="[UE][NAS][MAC] Authenticity of the authentication request message: OK"
time="2026-08-16T17:55:09+08:00" level=info msg="[UE][NAS][SQN] SQN of the authentication request message: VALID"
time="2026-08-16T17:55:09+08:00" level=info msg="[UE][NAS] Send authentication response"
time="2026-08-16T17:55:09+08:00" level=info msg="[UE][NAS] Receive Authentication Request"
time="2026-08-16T17:55:09+08:00" level=info msg="[UE][NAS][MAC] Authenticity of the authentication request message: OK"
time="2026-08-16T17:55:09+08:00" level=info msg="[UE][NAS][SQN] SQN of the authentication request message: VALID"
time="2026-08-16T17:55:09+08:00" level=info msg="[UE][NAS] Send authentication response"
time="2026-08-16T17:55:09+08:00" level=info msg="[GNB][NGAP] Receive Initial Context Setup Request"
time="2026-08-16T17:55:09+08:00" level=info msg="[GNB][UE] UE Context was created with successful"
time="2026-08-16T17:55:09+08:00" level=info msg="[GNB][UE] UE RAN ID 39"
time="2026-08-16T17:55:09+08:00" level=info msg="[GNB][UE] UE AMF ID 938"
time="2026-08-16T17:55:09+08:00" level=info msg="[GNB][UE] UE Mobility Restrict --Plmn-- Mcc: 208 Mnc: 93"
time="2026-08-16T17:55:09+08:00" level=info msg="[GNB][UE] UE Masked Imeisv: 1110000000ffff00"
time="2026-08-16T17:55:09+08:00" level=info msg="[GNB][UE] Allowed Nssai-- Sst: [01 01] Sd: [010203 112233]"
time="2026-08-16T17:55:09+08:00" level=info msg="[GNB][NGAP][AMF] Send Initial Context Setup Response."
time="2026-08-16T17:55:09+08:00" level=info msg="[GNB] Initiating Initial Context Setup Response"
time="2026-08-16T17:55:09+08:00" level=info msg="[GNB][NGAP] No PDU Session to set up in InitialContextSetupResponse."
time="2026-08-16T17:55:09+08:00" level=info msg="[GNB][NGAP] Receive Downlink NAS Transport"
time="2026-08-16T17:55:09+08:00" level=info msg="[UE][NAS] Message without security header"
time="2026-08-16T17:55:09+08:00" level=info msg="[UE][NAS] Receive Authentication Request"
time="2026-08-16T17:55:09+08:00" level=info msg="[UE][NAS][MAC] Authenticity of the authentication request message: OK"
time="2026-08-16T17:55:09+08:00" level=info msg="[UE][NAS][SQN] SQN of the authentication request message: VALID"
time="2026-08-16T17:55:09+08:00" level=info msg="[UE][NAS] Send authentication response"
time="2026-08-16T17:55:09+08:00" level=info msg="[UE] Switched from state 2 to state 2"
time="2026-08-16T17:55:09+08:00" level=info msg="[UE] Switched from state 2 to state 2"
time="2026-08-16T17:55:09+08:00" level=info msg="[UE] Switched from state 2 to state 2"
time="2026-08-16T17:55:09+08:00" level=info msg="[UE][NAS] Message with security header"
time="2026-08-16T17:55:09+08:00" level=info msg="[UE][NAS] Message with integrity and ciphered"
time="2026-08-16T17:55:09+08:00" level=info msg="[UE][NAS] successful NAS CIPHERING"
time="2026-08-16T17:55:09+08:00" level=error msg="[UE][NAS] NAS MAC verification failed(received:[61 25 254 25]expected:[94 17 206 152]"
time="2026-08-16T17:55:09+08:00" level=info msg="[GNB][SCTP] Receive message in 0 stream\n"
time="2026-08-16T17:55:09+08:00" level=info msg="[GNB][NGAP] Receive Downlink NAS Transport"
time="2026-08-16T17:55:09+08:00" level=info msg="[UE][NAS] Message with security header"
time="2026-08-16T17:55:09+08:00" level=info msg="[UE][NAS] Message with integrity and with NEW 5G NAS SECURITY CONTEXT"
time="2026-08-16T17:55:09+08:00" level=error msg="[UE][NAS] NAS MAC verification failed(received:[8 175 70 82]expected:[119 67 111 254]"
time="2026-08-16T17:55:09+08:00" level=info msg="[GNB][SCTP] Receive message in 0 stream\n"
time="2026-08-16T17:55:09+08:00" level=info msg="[GNB][NGAP] Receive Downlink NAS Transport"
time="2026-08-16T17:55:09+08:00" level=info msg="[UE][NAS] Message with security header"
time="2026-08-16T17:55:09+08:00" level=info msg="[UE][NAS] Message with integrity and with NEW 5G NAS SECURITY CONTEXT"
time="2026-08-16T17:55:09+08:00" level=error msg="[UE][NAS] NAS MAC verification failed(received:[45 147 115 196]expected:[12 100 201 124]"
time="2026-08-16T17:55:09+08:00" level=info msg="[GNB][SCTP] Receive message in 0 stream\n"
time="2026-08-16T17:55:09+08:00" level=info msg="[GNB][NGAP] Receive Downlink NAS Transport"
time="2026-08-16T17:55:09+08:00" level=info msg="[UE][NAS] Message with security header"
time="2026-08-16T17:55:09+08:00" level=info msg="[UE][NAS] Message with integrity and with NEW 5G NAS SECURITY CONTEXT"
time="2026-08-16T17:55:09+08:00" level=error msg="[UE][NAS] NAS MAC verification failed(received:[185 244 106 30]expected:[182 90 154 238]"
time="2026-08-16T17:55:09+08:00" level=info msg="[GNB][SCTP] Receive message in 0 stream\n"
time="2026-08-16T17:55:09+08:00" level=info msg="[GNB][SCTP] Receive message in 0 stream\n"
time="2026-08-16T17:55:09+08:00" level=info msg="[GNB][SCTP] Receive message in 0 stream\n"
time="2026-08-16T17:55:09+08:00" level=info msg="[GNB][SCTP] Receive message in 0 stream\n"
time="2026-08-16T17:55:09+08:00" level=info msg="[GNB][SCTP] Receive message in 0 stream\n"
time="2026-08-16T17:55:09+08:00" level=info msg="[GNB][SCTP] Receive message in 0 stream\n"
time="2026-08-16T17:55:09+08:00" level=info msg="[GNB][NGAP] Receive Downlink NAS Transport"
time="2026-08-16T17:55:09+08:00" level=info msg="[UE][NAS] Message without security header"
time="2026-08-16T17:55:09+08:00" level=info msg="[UE][NAS] Receive Authentication Request"
time="2026-08-16T17:55:09+08:00" level=info msg="[UE][NAS][MAC] Authenticity of the authentication request message: OK"
time="2026-08-16T17:55:09+08:00" level=info msg="[UE][NAS][SQN] SQN of the authentication request message: VALID"
time="2026-08-16T17:55:09+08:00" level=info msg="[UE][NAS] Send authentication response"
time="2026-08-16T17:55:09+08:00" level=info msg="[GNB][NGAP] Receive Downlink NAS Transport"
time="2026-08-16T17:55:09+08:00" level=info msg="[GNB][NGAP] Receive Downlink NAS Transport"
time="2026-08-16T17:55:09+08:00" level=info msg="[UE][NAS] Message without security header"
time="2026-08-16T17:55:09+08:00" level=info msg="[UE][NAS] Receive Authentication Request"
time="2026-08-16T17:55:09+08:00" level=info msg="[UE][NAS][MAC] Authenticity of the authentication request message: OK"
time="2026-08-16T17:55:09+08:00" level=info msg="[UE][NAS][SQN] SQN of the authentication request message: VALID"
time="2026-08-16T17:55:09+08:00" level=info msg="[UE][NAS] Send authentication response"
time="2026-08-16T17:55:09+08:00" level=info msg="[GNB][NGAP] Receive Downlink NAS Transport"
time="2026-08-16T17:55:09+08:00" level=info msg="[UE][NAS] Message without security header"
time="2026-08-16T17:55:09+08:00" level=info msg="[UE][NAS] Receive Authentication Request"
time="2026-08-16T17:55:09+08:00" level=info msg="[GNB][NGAP] Receive Downlink NAS Transport"
time="2026-08-16T17:55:09+08:00" level=info msg="[UE][NAS] Message without security header"
time="2026-08-16T17:55:09+08:00" level=info msg="[UE][NAS][MAC] Authenticity of the authentication request message: OK"
time="2026-08-16T17:55:09+08:00" level=info msg="[UE][NAS] Receive Authentication Request"
time="2026-08-16T17:55:09+08:00" level=info msg="[UE][NAS][MAC] Authenticity of the authentication request message: OK"
time="2026-08-16T17:55:09+08:00" level=info msg="[UE][NAS][SQN] SQN of the authentication request message: VALID"
time="2026-08-16T17:55:09+08:00" level=info msg="[UE][NAS] Send authentication response"
time="2026-08-16T17:55:09+08:00" level=info msg="[GNB][NGAP] Receive Downlink NAS Transport"
time="2026-08-16T17:55:09+08:00" level=info msg="[UE][NAS] Message with security header"
time="2026-08-16T17:55:09+08:00" level=info msg="[UE][NAS] Message with integrity and with NEW 5G NAS SECURITY CONTEXT"
time="2026-08-16T17:55:09+08:00" level=info msg="[UE][NAS][SQN] SQN of the authentication request message: VALID"
time="2026-08-16T17:55:09+08:00" level=info msg="[UE][NAS] Send authentication response"
time="2026-08-16T17:55:09+08:00" level=error msg="[UE][NAS] NAS MAC verification failed(received:[33 112 179 253]expected:[210 141 99 141]"
time="2026-08-16T17:55:09+08:00" level=info msg="[UE] Switched from state 2 to state 2"
time="2026-08-16T17:55:09+08:00" level=info msg="[UE][NAS] Message with security header"
time="2026-08-16T17:55:09+08:00" level=info msg="[UE][NAS] Message with integrity and with NEW 5G NAS SECURITY CONTEXT"
time="2026-08-16T17:55:09+08:00" level=error msg="[UE][NAS] NAS MAC verification failed(received:[150 113 223 238]expected:[38 241 41 55]"
time="2026-08-16T17:55:09+08:00" level=info msg="[UE] Switched from state 2 to state 2"
time="2026-08-16T17:55:09+08:00" level=info msg="[UE] Switched from state 2 to state 2"
time="2026-08-16T17:55:09+08:00" level=info msg="[UE] Switched from state 2 to state 2"
time="2026-08-16T17:55:09+08:00" level=info msg="[GNB][SCTP] Receive message in 0 stream\n"
time="2026-08-16T17:55:09+08:00" level=info msg="[GNB][NGAP] Receive Downlink NAS Transport"
time="2026-08-16T17:55:09+08:00" level=info msg="[UE][NAS] Message without security header"
time="2026-08-16T17:55:09+08:00" level=info msg="[UE][NAS] Receive Authentication Request"
time="2026-08-16T17:55:09+08:00" level=info msg="[UE][NAS][MAC] Authenticity of the authentication request message: OK"
time="2026-08-16T17:55:09+08:00" level=info msg="[UE][NAS][SQN] SQN of the authentication request message: VALID"
time="2026-08-16T17:55:09+08:00" level=info msg="[UE][NAS] Send authentication response"
time="2026-08-16T17:55:09+08:00" level=info msg="[UE] Switched from state 2 to state 2"
time="2026-08-16T17:55:10+08:00" level=info msg="[GNB][SCTP] Receive message in 0 stream\n"
time="2026-08-16T17:55:10+08:00" level=info msg="[GNB][NGAP] Receive Downlink NAS Transport"
time="2026-08-16T17:55:10+08:00" level=info msg="[UE][NAS] Message without security header"
time="2026-08-16T17:55:10+08:00" level=info msg="[UE][NAS] Receive Authentication Request"
time="2026-08-16T17:55:10+08:00" level=info msg="[UE][NAS][MAC] Authenticity of the authentication request message: OK"
time="2026-08-16T17:55:10+08:00" level=info msg="[UE][NAS][SQN] SQN of the authentication request message: VALID"
time="2026-08-16T17:55:10+08:00" level=info msg="[UE][NAS] Send authentication response"
time="2026-08-16T17:55:10+08:00" level=info msg="[UE] Switched from state 2 to state 2"
time="2026-08-16T17:55:10+08:00" level=info msg="[GNB][SCTP] Receive message in 0 stream\n"
time="2026-08-16T17:55:10+08:00" level=info msg="[GNB][NGAP] Receive Downlink NAS Transport"
time="2026-08-16T17:55:10+08:00" level=info msg="[UE][NAS] Message with security header"
time="2026-08-16T17:55:10+08:00" level=info msg="[UE][NAS] Message with integrity and with NEW 5G NAS SECURITY CONTEXT"
time="2026-08-16T17:55:10+08:00" level=error msg="[UE][NAS] NAS MAC verification failed(received:[53 152 74 28]expected:[16 88 142 186]"
time="2026-08-16T17:55:10+08:00" level=info msg="[GNB][SCTP] Receive message in 0 stream\n"
time="2026-08-16T17:55:10+08:00" level=info msg="[GNB][SCTP] Receive message in 0 stream\n"
time="2026-08-16T17:55:10+08:00" level=info msg="[GNB][SCTP] Receive message in 0 stream\n"
time="2026-08-16T17:55:10+08:00" level=info msg="[GNB][SCTP] Receive message in 0 stream\n"
time="2026-08-16T17:55:10+08:00" level=info msg="[GNB][NGAP] Receive Downlink NAS Transport"
time="2026-08-16T17:55:10+08:00" level=info msg="[UE][NAS] Message without security header"
time="2026-08-16T17:55:10+08:00" level=info msg="[UE][NAS] Receive Authentication Request"
time="2026-08-16T17:55:10+08:00" level=info msg="[UE][NAS][MAC] Authenticity of the authentication request message: OK"
time="2026-08-16T17:55:10+08:00" level=info msg="[UE][NAS][SQN] SQN of the authentication request message: VALID"
time="2026-08-16T17:55:10+08:00" level=info msg="[UE][NAS] Send authentication response"
time="2026-08-16T17:55:10+08:00" level=info msg="[GNB][NGAP] Receive Downlink NAS Transport"
time="2026-08-16T17:55:10+08:00" level=info msg="[UE][NAS] Message with security header"
time="2026-08-16T17:55:10+08:00" level=info msg="[UE][NAS] Message with integrity and with NEW 5G NAS SECURITY CONTEXT"
time="2026-08-16T17:55:10+08:00" level=error msg="[UE][NAS] NAS MAC verification failed(received:[189 134 58 248]expected:[17 180 134 226]"
time="2026-08-16T17:55:10+08:00" level=info msg="[GNB][NGAP] Receive Downlink NAS Transport"
time="2026-08-16T17:55:10+08:00" level=info msg="[UE][NAS] Message without security header"
time="2026-08-16T17:55:10+08:00" level=info msg="[UE][NAS] Receive Authentication Request"
time="2026-08-16T17:55:10+08:00" level=info msg="[UE][NAS][MAC] Authenticity of the authentication request message: OK"
time="2026-08-16T17:55:10+08:00" level=info msg="[UE][NAS][SQN] SQN of the authentication request message: VALID"
time="2026-08-16T17:55:10+08:00" level=info msg="[UE][NAS] Send authentication response"
time="2026-08-16T17:55:10+08:00" level=info msg="[GNB][NGAP] Receive Downlink NAS Transport"
time="2026-08-16T17:55:10+08:00" level=info msg="[UE][NAS] Message without security header"
time="2026-08-16T17:55:10+08:00" level=info msg="[UE][NAS] Receive Authentication Request"
time="2026-08-16T17:55:10+08:00" level=info msg="[UE][NAS][MAC] Authenticity of the authentication request message: OK"
time="2026-08-16T17:55:10+08:00" level=info msg="[UE][NAS][SQN] SQN of the authentication request message: VALID"
time="2026-08-16T17:55:10+08:00" level=info msg="[UE][NAS] Send authentication response"
time="2026-08-16T17:55:10+08:00" level=info msg="[UE] Switched from state 2 to state 2"
time="2026-08-16T17:55:10+08:00" level=info msg="[UE] Switched from state 2 to state 2"
time="2026-08-16T17:55:10+08:00" level=info msg="[UE] Switched from state 2 to state 2"
time="2026-08-16T17:55:10+08:00" level=info msg="[GNB][SCTP] Receive message in 0 stream\n"
time="2026-08-16T17:55:10+08:00" level=info msg="[GNB][SCTP] Receive message in 0 stream\n"
time="2026-08-16T17:55:10+08:00" level=info msg="[GNB][NGAP] Receive Downlink NAS Transport"
time="2026-08-16T17:55:10+08:00" level=info msg="[UE][NAS] Message without security header"
time="2026-08-16T17:55:10+08:00" level=info msg="[UE][NAS] Receive Authentication Request"
time="2026-08-16T17:55:10+08:00" level=info msg="[UE][NAS][MAC] Authenticity of the authentication request message: OK"
time="2026-08-16T17:55:10+08:00" level=info msg="[UE][NAS][SQN] SQN of the authentication request message: VALID"
time="2026-08-16T17:55:10+08:00" level=info msg="[UE][NAS] Send authentication response"
time="2026-08-16T17:55:10+08:00" level=info msg="[UE] Switched from state 2 to state 2"
time="2026-08-16T17:55:10+08:00" level=info msg="[GNB][SCTP] Receive message in 0 stream\n"
time="2026-08-16T17:55:10+08:00" level=info msg="[GNB][NGAP] Receive Downlink NAS Transport"
time="2026-08-16T17:55:10+08:00" level=info msg="[UE][NAS] Message with security header"
time="2026-08-16T17:55:10+08:00" level=info msg="[UE][NAS] Message with integrity and with NEW 5G NAS SECURITY CONTEXT"
time="2026-08-16T17:55:10+08:00" level=error msg="[UE][NAS] NAS MAC verification failed(received:[149 32 233 196]expected:[176 72 48 85]"
time="2026-08-16T17:55:10+08:00" level=info msg="[GNB][NGAP] Receive Downlink NAS Transport"
time="2026-08-16T17:55:10+08:00" level=info msg="[UE][NAS] Message with security header"
time="2026-08-16T17:55:10+08:00" level=info msg="[UE][NAS] Message with integrity and with NEW 5G NAS SECURITY CONTEXT"
time="2026-08-16T17:55:10+08:00" level=error msg="[UE][NAS] NAS MAC verification failed(received:[251 214 226 137]expected:[95 115 116 109]"
time="2026-08-16T17:55:10+08:00" level=info msg="[GNB][SCTP] Receive message in 0 stream\n"
time="2026-08-16T17:55:10+08:00" level=info msg="[GNB][NGAP] Receive Downlink NAS Transport"
time="2026-08-16T17:55:10+08:00" level=info msg="[UE][NAS] Message without security header"
time="2026-08-16T17:55:10+08:00" level=info msg="[UE][NAS] Receive Authentication Request"
time="2026-08-16T17:55:10+08:00" level=info msg="[UE][NAS][MAC] Authenticity of the authentication request message: OK"
time="2026-08-16T17:55:10+08:00" level=info msg="[UE][NAS][SQN] SQN of the authentication request message: VALID"
time="2026-08-16T17:55:10+08:00" level=info msg="[UE][NAS] Send authentication response"
time="2026-08-16T17:55:10+08:00" level=info msg="[UE] Switched from state 2 to state 2"
time="2026-08-16T17:55:10+08:00" level=info msg="[GNB][SCTP] Receive message in 0 stream\n"
time="2026-08-16T17:55:10+08:00" level=info msg="[GNB][NGAP] Receive Downlink NAS Transport"
time="2026-08-16T17:55:10+08:00" level=info msg="[UE][NAS] Message with security header"
time="2026-08-16T17:55:10+08:00" level=info msg="[UE][NAS] Message with integrity and with NEW 5G NAS SECURITY CONTEXT"
time="2026-08-16T17:55:10+08:00" level=error msg="[UE][NAS] NAS MAC verification failed(received:[54 230 102 147]expected:[29 64 232 94]"
time="2026-08-16T17:55:10+08:00" level=info msg="[GNB][SCTP] Receive message in 0 stream\n"
time="2026-08-16T17:55:10+08:00" level=info msg="[GNB][NGAP] Receive Downlink NAS Transport"
time="2026-08-16T17:55:10+08:00" level=info msg="[UE][NAS] Message with security header"
time="2026-08-16T17:55:10+08:00" level=info msg="[UE][NAS] Message with integrity and with NEW 5G NAS SECURITY CONTEXT"
time="2026-08-16T17:55:10+08:00" level=error msg="[UE][NAS] NAS MAC verification failed(received:[255 170 49 4]expected:[94 14 197 90]"
time="2026-08-16T17:55:10+08:00" level=info msg="[GNB][SCTP] Receive message in 0 stream\n"
time="2026-08-16T17:55:10+08:00" level=info msg="[GNB][SCTP] Receive message in 0 stream\n"
time="2026-08-16T17:55:10+08:00" level=info msg="[GNB][SCTP] Receive message in 0 stream\n"
time="2026-08-16T17:55:10+08:00" level=info msg="[GNB][SCTP] Receive message in 0 stream\n"
time="2026-08-16T17:55:10+08:00" level=info msg="[GNB][SCTP] Receive message in 0 stream\n"
time="2026-08-16T17:55:10+08:00" level=info msg="[GNB][SCTP] Receive message in 0 stream\n"
time="2026-08-16T17:55:10+08:00" level=info msg="[GNB][NGAP] Receive Downlink NAS Transport"
time="2026-08-16T17:55:10+08:00" level=info msg="[UE][NAS] Message without security header"
time="2026-08-16T17:55:10+08:00" level=info msg="[UE][NAS] Receive Authentication Request"
time="2026-08-16T17:55:10+08:00" level=info msg="[GNB][NGAP] Receive Downlink NAS Transport"
time="2026-08-16T17:55:10+08:00" level=info msg="[GNB][NGAP] Receive Downlink NAS Transport"
time="2026-08-16T17:55:10+08:00" level=info msg="[UE][NAS] Message without security header"
time="2026-08-16T17:55:10+08:00" level=info msg="[UE][NAS] Receive Authentication Request"
time="2026-08-16T17:55:10+08:00" level=info msg="[GNB][NGAP] Receive Downlink NAS Transport"
time="2026-08-16T17:55:10+08:00" level=info msg="[UE][NAS][MAC] Authenticity of the authentication request message: OK"
time="2026-08-16T17:55:10+08:00" level=info msg="[UE][NAS] Message with security header"
time="2026-08-16T17:55:10+08:00" level=info msg="[UE][NAS][SQN] SQN of the authentication request message: VALID"
time="2026-08-16T17:55:10+08:00" level=info msg="[UE][NAS][MAC] Authenticity of the authentication request message: OK"
time="2026-08-16T17:55:10+08:00" level=info msg="[UE][NAS][SQN] SQN of the authentication request message: VALID"
time="2026-08-16T17:55:10+08:00" level=info msg="[UE][NAS] Send authentication response"
time="2026-08-16T17:55:10+08:00" level=info msg="[UE][NAS] Message with security header"
time="2026-08-16T17:55:10+08:00" level=info msg="[UE][NAS] Message with integrity and with NEW 5G NAS SECURITY CONTEXT"
time="2026-08-16T17:55:10+08:00" level=info msg="[GNB][NGAP] Receive Downlink NAS Transport"
time="2026-08-16T17:55:10+08:00" level=info msg="[UE] Switched from state 2 to state 2"
time="2026-08-16T17:55:10+08:00" level=info msg="[UE][NAS] Message with integrity and with NEW 5G NAS SECURITY CONTEXT"
time="2026-08-16T17:55:10+08:00" level=error msg="[UE][NAS] NAS MAC verification failed(received:[58 81 164 155]expected:[21 47 85 117]"
time="2026-08-16T17:55:10+08:00" level=error msg="[UE][NAS] NAS MAC verification failed(received:[216 63 166 227]expected:[128 115 163 42]"
time="2026-08-16T17:55:10+08:00" level=info msg="[UE][NAS] Send authentication response"
time="2026-08-16T17:55:10+08:00" level=info msg="[UE][NAS] Message with security header"
time="2026-08-16T17:55:10+08:00" level=info msg="[UE][NAS] Message with integrity and with NEW 5G NAS SECURITY CONTEXT"
time="2026-08-16T17:55:10+08:00" level=error msg="[UE][NAS] NAS MAC verification failed(received:[130 128 249 66]expected:[169 10 15 124]"
time="2026-08-16T17:55:10+08:00" level=info msg="[GNB][NGAP] Receive Downlink NAS Transport"
time="2026-08-16T17:55:10+08:00" level=info msg="[UE][NAS] Message with security header"
time="2026-08-16T17:55:10+08:00" level=info msg="[UE][NAS] Message with integrity and with NEW 5G NAS SECURITY CONTEXT"
time="2026-08-16T17:55:10+08:00" level=error msg="[UE][NAS] NAS MAC verification failed(received:[237 146 106 49]expected:[99 252 120 101]"
time="2026-08-16T17:55:10+08:00" level=info msg="[UE] Switched from state 2 to state 2"
time="2026-08-16T17:55:11+08:00" level=info msg="[GNB][SCTP] Receive message in 0 stream\n"
time="2026-08-16T17:55:11+08:00" level=info msg="[GNB][NGAP] Receive Downlink NAS Transport"
time="2026-08-16T17:55:11+08:00" level=info msg="[UE][NAS] Message without security header"
time="2026-08-16T17:55:11+08:00" level=info msg="[UE][NAS] Receive Authentication Request"
time="2026-08-16T17:55:11+08:00" level=info msg="[UE][NAS][MAC] Authenticity of the authentication request message: OK"
time="2026-08-16T17:55:11+08:00" level=info msg="[UE][NAS][SQN] SQN of the authentication request message: VALID"
time="2026-08-16T17:55:11+08:00" level=info msg="[UE][NAS] Send authentication response"
time="2026-08-16T17:55:11+08:00" level=info msg="[UE] Switched from state 2 to state 2"
time="2026-08-16T17:55:11+08:00" level=info msg="[GNB][SCTP] Receive message in 0 stream\n"
time="2026-08-16T17:55:11+08:00" level=info msg="[GNB][NGAP] Receive Downlink NAS Transport"
time="2026-08-16T17:55:11+08:00" level=info msg="[UE][NAS] Message with security header"
time="2026-08-16T17:55:11+08:00" level=info msg="[UE][NAS] Message with integrity and with NEW 5G NAS SECURITY CONTEXT"
time="2026-08-16T17:55:11+08:00" level=error msg="[UE][NAS] NAS MAC verification failed(received:[249 164 68 130]expected:[138 194 19 77]"
time="2026-08-16T17:55:11+08:00" level=info msg="[GNB][SCTP] Receive message in 0 stream\n"
time="2026-08-16T17:55:11+08:00" level=info msg="[GNB][SCTP] Receive message in 0 stream\n"
time="2026-08-16T17:55:11+08:00" level=info msg="[GNB][SCTP] Receive message in 0 stream\n"
time="2026-08-16T17:55:11+08:00" level=info msg="[GNB][SCTP] Receive message in 0 stream\n"
time="2026-08-16T17:55:11+08:00" level=info msg="[GNB][NGAP] Receive Downlink NAS Transport"
time="2026-08-16T17:55:11+08:00" level=info msg="[UE][NAS] Message without security header"
time="2026-08-16T17:55:11+08:00" level=info msg="[UE][NAS] Receive Authentication Request"
time="2026-08-16T17:55:11+08:00" level=info msg="[UE][NAS][MAC] Authenticity of the authentication request message: OK"
time="2026-08-16T17:55:11+08:00" level=info msg="[UE][NAS][SQN] SQN of the authentication request message: VALID"
time="2026-08-16T17:55:11+08:00" level=info msg="[UE][NAS] Send authentication response"
time="2026-08-16T17:55:11+08:00" level=info msg="[GNB][NGAP] Receive Downlink NAS Transport"
time="2026-08-16T17:55:11+08:00" level=info msg="[UE][NAS] Message with security header"
time="2026-08-16T17:55:11+08:00" level=info msg="[UE][NAS] Message with integrity and with NEW 5G NAS SECURITY CONTEXT"
time="2026-08-16T17:55:11+08:00" level=error msg="[UE][NAS] NAS MAC verification failed(received:[75 117 181 12]expected:[78 155 217 108]"
time="2026-08-16T17:55:11+08:00" level=info msg="[GNB][NGAP] Receive Downlink NAS Transport"
time="2026-08-16T17:55:11+08:00" level=info msg="[UE][NAS] Message without security header"
time="2026-08-16T17:55:11+08:00" level=info msg="[UE][NAS] Receive Authentication Request"
time="2026-08-16T17:55:11+08:00" level=info msg="[UE][NAS][MAC] Authenticity of the authentication request message: OK"
time="2026-08-16T17:55:11+08:00" level=info msg="[UE][NAS][SQN] SQN of the authentication request message: VALID"
time="2026-08-16T17:55:11+08:00" level=info msg="[UE][NAS] Send authentication response"
time="2026-08-16T17:55:11+08:00" level=info msg="[UE] Switched from state 2 to state 2"
time="2026-08-16T17:55:11+08:00" level=info msg="[UE] Switched from state 2 to state 2"
time="2026-08-16T17:55:11+08:00" level=info msg="[GNB][NGAP] Receive Downlink NAS Transport"
time="2026-08-16T17:55:11+08:00" level=info msg="[UE][NAS] Message with security header"
time="2026-08-16T17:55:11+08:00" level=info msg="[UE][NAS] Message with integrity and with NEW 5G NAS SECURITY CONTEXT"
time="2026-08-16T17:55:11+08:00" level=error msg="[UE][NAS] NAS MAC verification failed(received:[108 112 107 71]expected:[84 215 42 5]"
time="2026-08-16T17:55:11+08:00" level=info msg="[GNB][SCTP] Receive message in 0 stream\n"
time="2026-08-16T17:55:11+08:00" level=info msg="[GNB][SCTP] Receive message in 0 stream\n"
time="2026-08-16T17:55:11+08:00" level=info msg="[GNB][NGAP] Receive Downlink NAS Transport"
time="2026-08-16T17:55:11+08:00" level=info msg="[UE][NAS] Message with security header"
time="2026-08-16T17:55:11+08:00" level=info msg="[UE][NAS] Message with integrity and with NEW 5G NAS SECURITY CONTEXT"
time="2026-08-16T17:55:11+08:00" level=error msg="[UE][NAS] NAS MAC verification failed(received:[42 242 11 150]expected:[114 63 129 174]"
time="2026-08-16T17:55:11+08:00" level=info msg="[GNB][NGAP] Receive Downlink NAS Transport"
time="2026-08-16T17:55:11+08:00" level=info msg="[UE][NAS] Message with security header"
time="2026-08-16T17:55:11+08:00" level=info msg="[UE][NAS] Message with integrity and with NEW 5G NAS SECURITY CONTEXT"
time="2026-08-16T17:55:11+08:00" level=error msg="[UE][NAS] NAS MAC verification failed(received:[87 31 216 78]expected:[201 85 127 202]"
time="2026-08-16T17:55:11+08:00" level=info msg="[GNB][SCTP] Receive message in 0 stream\n"
time="2026-08-16T17:55:11+08:00" level=info msg="[GNB][NGAP] Receive Downlink NAS Transport"
time="2026-08-16T17:55:11+08:00" level=info msg="[UE][NAS] Message with security header"
time="2026-08-16T17:55:11+08:00" level=info msg="[UE][NAS] Message with integrity and with NEW 5G NAS SECURITY CONTEXT"
time="2026-08-16T17:55:11+08:00" level=error msg="[UE][NAS] NAS MAC verification failed(received:[255 240 140 57]expected:[88 22 29 116]"
time="2026-08-16T17:55:11+08:00" level=info msg="[GNB][SCTP] Receive message in 0 stream\n"
time="2026-08-16T17:55:11+08:00" level=info msg="[GNB][NGAP] Receive Downlink NAS Transport"
time="2026-08-16T17:55:11+08:00" level=info msg="[UE][NAS] Message with security header"
time="2026-08-16T17:55:11+08:00" level=info msg="[UE][NAS] Message with integrity and with NEW 5G NAS SECURITY CONTEXT"
time="2026-08-16T17:55:11+08:00" level=error msg="[UE][NAS] NAS MAC verification failed(received:[249 82 137 173]expected:[236 61 211 158]"
time="2026-08-16T17:55:12+08:00" level=info msg="[GNB][SCTP] Receive message in 0 stream\n"
time="2026-08-16T17:55:12+08:00" level=info msg="[GNB][NGAP] Receive Initial Context Setup Request"
time="2026-08-16T17:55:12+08:00" level=info msg="[GNB][UE] UE Context was created with successful"
time="2026-08-16T17:55:12+08:00" level=info msg="[GNB][UE] UE RAN ID 1"
time="2026-08-16T17:55:12+08:00" level=info msg="[GNB][UE] UE AMF ID 900"
time="2026-08-16T17:55:12+08:00" level=info msg="[GNB][UE] UE Mobility Restrict --Plmn-- Mcc: 208 Mnc: 93"
time="2026-08-16T17:55:12+08:00" level=info msg="[GNB][UE] UE Masked Imeisv: 1110000000ffff00"
time="2026-08-16T17:55:12+08:00" level=info msg="[GNB][UE] Allowed Nssai-- Sst: [01 01] Sd: [010203 112233]"
time="2026-08-16T17:55:12+08:00" level=info msg="[GNB][NGAP][AMF] Send Initial Context Setup Response."
time="2026-08-16T17:55:12+08:00" level=info msg="[GNB] Initiating Initial Context Setup Response"
time="2026-08-16T17:55:12+08:00" level=info msg="[GNB][NGAP] No PDU Session to set up in InitialContextSetupResponse."
time="2026-08-16T17:55:12+08:00" level=info msg="[UE][NAS] Message with security header"
time="2026-08-16T17:55:12+08:00" level=info msg="[UE][NAS] Message with integrity and ciphered"
time="2026-08-16T17:55:12+08:00" level=info msg="[UE][NAS] successful NAS CIPHERING"
time="2026-08-16T17:55:12+08:00" level=error msg="[UE][NAS] NAS MAC verification failed(received:[217 12 222 12]expected:[93 249 74 115]"
time="2026-08-16T17:55:12+08:00" level=info msg="[GNB][SCTP] Receive message in 0 stream\n"
time="2026-08-16T17:55:12+08:00" level=info msg="[GNB][NGAP] Receive Downlink NAS Transport"
time="2026-08-16T17:55:12+08:00" level=info msg="[UE][NAS] Message with security header"
time="2026-08-16T17:55:12+08:00" level=info msg="[UE][NAS] Message with integrity and with NEW 5G NAS SECURITY CONTEXT"
time="2026-08-16T17:55:12+08:00" level=error msg="[UE][NAS] NAS MAC verification failed(received:[93 177 192 169]expected:[140 251 177 173]"
time="2026-08-16T17:55:12+08:00" level=info msg="[GNB][SCTP] Receive message in 0 stream\n"
time="2026-08-16T17:55:12+08:00" level=info msg="[GNB][NGAP] Receive Downlink NAS Transport"
time="2026-08-16T17:55:12+08:00" level=info msg="[UE][NAS] Message with security header"
time="2026-08-16T17:55:12+08:00" level=info msg="[UE][NAS] Message with integrity and with NEW 5G NAS SECURITY CONTEXT"
time="2026-08-16T17:55:12+08:00" level=error msg="[UE][NAS] NAS MAC verification failed(received:[24 217 95 62]expected:[16 132 220 52]"
time="2026-08-16T17:55:12+08:00" level=info msg="[GNB][SCTP] Receive message in 0 stream\n"
time="2026-08-16T17:55:12+08:00" level=info msg="[GNB][NGAP] Receive Initial Context Setup Request"
time="2026-08-16T17:55:12+08:00" level=info msg="[GNB][UE] UE Context was created with successful"
time="2026-08-16T17:55:12+08:00" level=info msg="[GNB][UE] UE RAN ID 6"
time="2026-08-16T17:55:12+08:00" level=info msg="[GNB][UE] UE AMF ID 905"
time="2026-08-16T17:55:12+08:00" level=info msg="[GNB][UE] UE Mobility Restrict --Plmn-- Mcc: 208 Mnc: 93"
time="2026-08-16T17:55:12+08:00" level=info msg="[GNB][UE] UE Masked Imeisv: 1110000000ffff00"
time="2026-08-16T17:55:12+08:00" level=info msg="[GNB][UE] Allowed Nssai-- Sst: [01 01] Sd: [010203 112233]"
time="2026-08-16T17:55:12+08:00" level=info msg="[GNB][NGAP][AMF] Send Initial Context Setup Response."
time="2026-08-16T17:55:12+08:00" level=info msg="[GNB] Initiating Initial Context Setup Response"
time="2026-08-16T17:55:12+08:00" level=info msg="[GNB][NGAP] No PDU Session to set up in InitialContextSetupResponse."
time="2026-08-16T17:55:12+08:00" level=info msg="[UE][NAS] Message with security header"
time="2026-08-16T17:55:12+08:00" level=info msg="[UE][NAS] Message with integrity and ciphered"
time="2026-08-16T17:55:12+08:00" level=info msg="[UE][NAS] successful NAS CIPHERING"
time="2026-08-16T17:55:12+08:00" level=error msg="[UE][NAS] NAS MAC verification failed(received:[203 204 109 179]expected:[210 188 30 51]"
time="2026-08-16T17:55:13+08:00" level=info msg="[GNB][SCTP] Receive message in 0 stream\n"
time="2026-08-16T17:55:13+08:00" level=info msg="[GNB][NGAP] Receive Downlink NAS Transport"
time="2026-08-16T17:55:13+08:00" level=info msg="[UE][NAS] Message with security header"
time="2026-08-16T17:55:13+08:00" level=info msg="[UE][NAS] Message with integrity and with NEW 5G NAS SECURITY CONTEXT"
time="2026-08-16T17:55:13+08:00" level=error msg="[UE][NAS] NAS MAC verification failed(received:[196 15 78 242]expected:[69 77 233 198]"
time="2026-08-16T17:55:13+08:00" level=info msg="[GNB][SCTP] Receive message in 0 stream\n"
time="2026-08-16T17:55:13+08:00" level=info msg="[GNB][NGAP] Receive Initial Context Setup Request"
time="2026-08-16T17:55:13+08:00" level=info msg="[GNB][UE] UE Context was created with successful"
time="2026-08-16T17:55:13+08:00" level=info msg="[GNB][UE] UE RAN ID 11"
time="2026-08-16T17:55:13+08:00" level=info msg="[GNB][UE] UE AMF ID 910"
time="2026-08-16T17:55:13+08:00" level=info msg="[GNB][UE] UE Mobility Restrict --Plmn-- Mcc: 208 Mnc: 93"
time="2026-08-16T17:55:13+08:00" level=info msg="[GNB][UE] UE Masked Imeisv: 1110000000ffff00"
time="2026-08-16T17:55:13+08:00" level=info msg="[GNB][UE] Allowed Nssai-- Sst: [01 01] Sd: [010203 112233]"
time="2026-08-16T17:55:13+08:00" level=info msg="[GNB][NGAP][AMF] Send Initial Context Setup Response."
time="2026-08-16T17:55:13+08:00" level=info msg="[GNB] Initiating Initial Context Setup Response"
time="2026-08-16T17:55:13+08:00" level=info msg="[GNB][NGAP] No PDU Session to set up in InitialContextSetupResponse."
time="2026-08-16T17:55:13+08:00" level=info msg="[UE][NAS] Message with security header"
time="2026-08-16T17:55:13+08:00" level=info msg="[UE][NAS] Message with integrity and ciphered"
time="2026-08-16T17:55:13+08:00" level=info msg="[UE][NAS] successful NAS CIPHERING"
time="2026-08-16T17:55:13+08:00" level=info msg="[GNB][SCTP] Receive message in 0 stream\n"
time="2026-08-16T17:55:13+08:00" level=error msg="[UE][NAS] NAS MAC verification failed(received:[156 237 14 94]expected:[73 229 157 124]"
time="2026-08-16T17:55:13+08:00" level=info msg="[GNB][NGAP] Receive Downlink NAS Transport"
time="2026-08-16T17:55:13+08:00" level=info msg="[UE][NAS] Message with security header"
time="2026-08-16T17:55:13+08:00" level=info msg="[UE][NAS] Message with integrity and with NEW 5G NAS SECURITY CONTEXT"
time="2026-08-16T17:55:13+08:00" level=error msg="[UE][NAS] NAS MAC verification failed(received:[133 155 210 38]expected:[76 209 167 223]"
time="2026-08-16T17:55:13+08:00" level=info msg="[GNB][SCTP] Receive message in 0 stream\n"
time="2026-08-16T17:55:13+08:00" level=info msg="[GNB][NGAP] Receive Downlink NAS Transport"
time="2026-08-16T17:55:13+08:00" level=info msg="[UE][NAS] Message with security header"
time="2026-08-16T17:55:13+08:00" level=info msg="[UE][NAS] Message with integrity and with NEW 5G NAS SECURITY CONTEXT"
time="2026-08-16T17:55:13+08:00" level=error msg="[UE][NAS] NAS MAC verification failed(received:[187 33 32 79]expected:[51 225 115 101]"
time="2026-08-16T17:55:13+08:00" level=info msg="[GNB][SCTP] Receive message in 0 stream\n"
time="2026-08-16T17:55:13+08:00" level=info msg="[GNB][SCTP] Receive message in 0 stream\n"
time="2026-08-16T17:55:13+08:00" level=info msg="[GNB][SCTP] Receive message in 0 stream\n"
time="2026-08-16T17:55:13+08:00" level=info msg="[GNB][NGAP] Receive Downlink NAS Transport"
time="2026-08-16T17:55:13+08:00" level=info msg="[UE][NAS] Message with security header"
time="2026-08-16T17:55:13+08:00" level=info msg="[UE][NAS] Message with integrity and with NEW 5G NAS SECURITY CONTEXT"
time="2026-08-16T17:55:13+08:00" level=error msg="[UE][NAS] NAS MAC verification failed(received:[168 1 6 225]expected:[191 237 209 156]"
time="2026-08-16T17:55:13+08:00" level=info msg="[GNB][NGAP] Receive Downlink NAS Transport"
time="2026-08-16T17:55:13+08:00" level=info msg="[UE][NAS] Message with security header"
time="2026-08-16T17:55:13+08:00" level=info msg="[UE][NAS] Message with integrity and with NEW 5G NAS SECURITY CONTEXT"
time="2026-08-16T17:55:13+08:00" level=error msg="[UE][NAS] NAS MAC verification failed(received:[56 208 52 159]expected:[46 187 172 241]"
time="2026-08-16T17:55:13+08:00" level=info msg="[GNB][NGAP] Receive Downlink NAS Transport"
time="2026-08-16T17:55:13+08:00" level=info msg="[UE][NAS] Message with security header"
time="2026-08-16T17:55:13+08:00" level=info msg="[UE][NAS] Message with integrity and with NEW 5G NAS SECURITY CONTEXT"
time="2026-08-16T17:55:13+08:00" level=error msg="[UE][NAS] NAS MAC verification failed(received:[148 153 9 199]expected:[29 195 95 53]"
time="2026-08-16T17:55:13+08:00" level=info msg="[GNB][SCTP] Receive message in 0 stream\n"
time="2026-08-16T17:55:13+08:00" level=info msg="[GNB][NGAP] Receive Downlink NAS Transport"
time="2026-08-16T17:55:13+08:00" level=info msg="[UE][NAS] Message with security header"
time="2026-08-16T17:55:13+08:00" level=info msg="[UE][NAS] Message with integrity and with NEW 5G NAS SECURITY CONTEXT"
time="2026-08-16T17:55:13+08:00" level=error msg="[UE][NAS] NAS MAC verification failed(received:[184 79 245 137]expected:[38 50 119 178]"
time="2026-08-16T17:55:14+08:00" level=info msg="[GNB][SCTP] Receive message in 0 stream\n"
time="2026-08-16T17:55:14+08:00" level=info msg="[GNB][NGAP] Receive Initial Context Setup Request"
time="2026-08-16T17:55:14+08:00" level=info msg="[GNB][UE] UE Context was created with successful"
time="2026-08-16T17:55:14+08:00" level=info msg="[GNB][UE] UE RAN ID 31"
time="2026-08-16T17:55:14+08:00" level=info msg="[GNB][UE] UE AMF ID 930"
time="2026-08-16T17:55:14+08:00" level=info msg="[GNB][UE] UE Mobility Restrict --Plmn-- Mcc: 208 Mnc: 93"
time="2026-08-16T17:55:14+08:00" level=info msg="[GNB][UE] UE Masked Imeisv: 1110000000ffff00"
time="2026-08-16T17:55:14+08:00" level=info msg="[GNB][UE] Allowed Nssai-- Sst: [01 01] Sd: [010203 112233]"
time="2026-08-16T17:55:14+08:00" level=info msg="[GNB][NGAP][AMF] Send Initial Context Setup Response."
time="2026-08-16T17:55:14+08:00" level=info msg="[GNB] Initiating Initial Context Setup Response"
time="2026-08-16T17:55:14+08:00" level=info msg="[GNB][NGAP] No PDU Session to set up in InitialContextSetupResponse."
time="2026-08-16T17:55:14+08:00" level=info msg="[UE][NAS] Message with security header"
time="2026-08-16T17:55:14+08:00" level=info msg="[UE][NAS] Message with integrity and ciphered"
time="2026-08-16T17:55:14+08:00" level=info msg="[UE][NAS] successful NAS CIPHERING"
time="2026-08-16T17:55:14+08:00" level=error msg="[UE][NAS] NAS MAC verification failed(received:[88 145 239 160]expected:[171 132 168 68]"
time="2026-08-16T17:55:14+08:00" level=info msg="[GNB][SCTP] Receive message in 0 stream\n"
time="2026-08-16T17:55:14+08:00" level=info msg="[GNB][NGAP] Receive Initial Context Setup Request"
time="2026-08-16T17:55:14+08:00" level=info msg="[GNB][UE] UE Context was created with successful"
time="2026-08-16T17:55:14+08:00" level=info msg="[GNB][UE] UE RAN ID 30"
time="2026-08-16T17:55:14+08:00" level=info msg="[GNB][UE] UE AMF ID 929"
time="2026-08-16T17:55:14+08:00" level=info msg="[GNB][UE] UE Mobility Restrict --Plmn-- Mcc: 208 Mnc: 93"
time="2026-08-16T17:55:14+08:00" level=info msg="[GNB][UE] UE Masked Imeisv: 1110000000ffff00"
time="2026-08-16T17:55:14+08:00" level=info msg="[GNB][UE] Allowed Nssai-- Sst: [01 01] Sd: [010203 112233]"
time="2026-08-16T17:55:14+08:00" level=info msg="[GNB][NGAP][AMF] Send Initial Context Setup Response."
time="2026-08-16T17:55:14+08:00" level=info msg="[GNB] Initiating Initial Context Setup Response"
time="2026-08-16T17:55:14+08:00" level=info msg="[GNB][NGAP] No PDU Session to set up in InitialContextSetupResponse."
time="2026-08-16T17:55:14+08:00" level=info msg="[UE][NAS] Message with security header"
time="2026-08-16T17:55:14+08:00" level=info msg="[UE][NAS] Message with integrity and ciphered"
time="2026-08-16T17:55:14+08:00" level=info msg="[UE][NAS] successful NAS CIPHERING"
time="2026-08-16T17:55:14+08:00" level=error msg="[UE][NAS] NAS MAC verification failed(received:[238 231 225 110]expected:[122 72 214 104]"
time="2026-08-16T17:55:14+08:00" level=info msg="[GNB][SCTP] Receive message in 0 stream\n"
time="2026-08-16T17:55:14+08:00" level=info msg="[GNB][SCTP] Receive message in 0 stream\n"
time="2026-08-16T17:55:14+08:00" level=info msg="[GNB][NGAP] Receive Downlink NAS Transport"
time="2026-08-16T17:55:14+08:00" level=info msg="[UE][NAS] Message with security header"
time="2026-08-16T17:55:14+08:00" level=info msg="[UE][NAS] Message with integrity and with NEW 5G NAS SECURITY CONTEXT"
time="2026-08-16T17:55:14+08:00" level=error msg="[UE][NAS] NAS MAC verification failed(received:[192 84 6 55]expected:[220 160 74 174]"
time="2026-08-16T17:55:14+08:00" level=info msg="[GNB][NGAP] Receive Downlink NAS Transport"
time="2026-08-16T17:55:14+08:00" level=info msg="[UE][NAS] Message with security header"
time="2026-08-16T17:55:14+08:00" level=info msg="[UE][NAS] Message with integrity and with NEW 5G NAS SECURITY CONTEXT"
time="2026-08-16T17:55:14+08:00" level=error msg="[UE][NAS] NAS MAC verification failed(received:[184 168 202 109]expected:[173 27 113 103]"
time="2026-08-16T17:55:14+08:00" level=info msg="[GNB][SCTP] Receive message in 0 stream\n"
time="2026-08-16T17:55:14+08:00" level=info msg="[GNB][NGAP] Receive Initial Context Setup Request"
time="2026-08-16T17:55:14+08:00" level=info msg="[GNB][UE] UE Context was created with successful"
time="2026-08-16T17:55:14+08:00" level=info msg="[GNB][UE] UE RAN ID 40"
time="2026-08-16T17:55:14+08:00" level=info msg="[GNB][UE] UE AMF ID 939"
time="2026-08-16T17:55:14+08:00" level=info msg="[GNB][UE] UE Mobility Restrict --Plmn-- Mcc: 208 Mnc: 93"
time="2026-08-16T17:55:14+08:00" level=info msg="[GNB][UE] UE Masked Imeisv: 1110000000ffff00"
time="2026-08-16T17:55:14+08:00" level=info msg="[GNB][UE] Allowed Nssai-- Sst: [01 01] Sd: [010203 112233]"
time="2026-08-16T17:55:14+08:00" level=info msg="[GNB][NGAP][AMF] Send Initial Context Setup Response."
time="2026-08-16T17:55:14+08:00" level=info msg="[GNB] Initiating Initial Context Setup Response"
time="2026-08-16T17:55:14+08:00" level=info msg="[GNB][NGAP] No PDU Session to set up in InitialContextSetupResponse."
time="2026-08-16T17:55:14+08:00" level=info msg="[UE][NAS] Message with security header"
time="2026-08-16T17:55:14+08:00" level=info msg="[UE][NAS] Message with integrity and ciphered"
time="2026-08-16T17:55:14+08:00" level=info msg="[UE][NAS] successful NAS CIPHERING"
time="2026-08-16T17:55:14+08:00" level=error msg="[UE][NAS] NAS MAC verification failed(received:[201 46 128 214]expected:[92 78 128 48]"
time="2026-08-16T17:55:14+08:00" level=info msg="[GNB][SCTP] Receive message in 0 stream\n"
time="2026-08-16T17:55:14+08:00" level=info msg="[GNB][NGAP] Receive Downlink NAS Transport"
time="2026-08-16T17:55:14+08:00" level=info msg="[UE][NAS] Message with security header"
time="2026-08-16T17:55:14+08:00" level=info msg="[UE][NAS] Message with integrity and with NEW 5G NAS SECURITY CONTEXT"
time="2026-08-16T17:55:14+08:00" level=error msg="[UE][NAS] NAS MAC verification failed(received:[193 245 244 164]expected:[14 247 231 210]"
time="2026-08-16T17:55:15+08:00" level=info msg="[GNB][SCTP] Receive message in 0 stream\n"
time="2026-08-16T17:55:15+08:00" level=info msg="[GNB][NGAP] Receive Initial Context Setup Request"
time="2026-08-16T17:55:15+08:00" level=info msg="[GNB][UE] UE Context was created with successful"
time="2026-08-16T17:55:15+08:00" level=info msg="[GNB][UE] UE RAN ID 39"
time="2026-08-16T17:55:15+08:00" level=info msg="[GNB][UE] UE AMF ID 938"
time="2026-08-16T17:55:15+08:00" level=info msg="[GNB][UE] UE Mobility Restrict --Plmn-- Mcc: 208 Mnc: 93"
time="2026-08-16T17:55:15+08:00" level=info msg="[GNB][UE] UE Masked Imeisv: 1110000000ffff00"
time="2026-08-16T17:55:15+08:00" level=info msg="[GNB][UE] Allowed Nssai-- Sst: [01 01] Sd: [010203 112233]"
time="2026-08-16T17:55:15+08:00" level=info msg="[GNB][NGAP][AMF] Send Initial Context Setup Response."
time="2026-08-16T17:55:15+08:00" level=info msg="[GNB] Initiating Initial Context Setup Response"
time="2026-08-16T17:55:15+08:00" level=info msg="[GNB][NGAP] No PDU Session to set up in InitialContextSetupResponse."
time="2026-08-16T17:55:15+08:00" level=info msg="[UE][NAS] Message with security header"
time="2026-08-16T17:55:15+08:00" level=info msg="[UE][NAS] Message with integrity and ciphered"
time="2026-08-16T17:55:15+08:00" level=info msg="[UE][NAS] successful NAS CIPHERING"
time="2026-08-16T17:55:15+08:00" level=error msg="[UE][NAS] NAS MAC verification failed(received:[61 25 254 25]expected:[94 17 206 152]"
time="2026-08-16T17:55:15+08:00" level=info msg="[GNB][SCTP] Receive message in 0 stream\n"
time="2026-08-16T17:55:15+08:00" level=info msg="[GNB][NGAP] Receive Downlink NAS Transport"
time="2026-08-16T17:55:15+08:00" level=info msg="[UE][NAS] Message with security header"
time="2026-08-16T17:55:15+08:00" level=info msg="[UE][NAS] Message with integrity and with NEW 5G NAS SECURITY CONTEXT"
time="2026-08-16T17:55:15+08:00" level=error msg="[UE][NAS] NAS MAC verification failed(received:[8 175 70 82]expected:[119 67 111 254]"
time="2026-08-16T17:55:15+08:00" level=info msg="[GNB][SCTP] Receive message in 0 stream\n"
time="2026-08-16T17:55:15+08:00" level=info msg="[GNB][SCTP] Receive message in 0 stream\n"
time="2026-08-16T17:55:15+08:00" level=info msg="[GNB][SCTP] Receive message in 0 stream\n"
time="2026-08-16T17:55:15+08:00" level=info msg="[GNB][NGAP] Receive Downlink NAS Transport"
time="2026-08-16T17:55:15+08:00" level=info msg="[UE][NAS] Message with security header"
time="2026-08-16T17:55:15+08:00" level=info msg="[UE][NAS] Message with integrity and with NEW 5G NAS SECURITY CONTEXT"
time="2026-08-16T17:55:15+08:00" level=error msg="[UE][NAS] NAS MAC verification failed(received:[45 147 115 196]expected:[12 100 201 124]"
time="2026-08-16T17:55:15+08:00" level=info msg="[GNB][NGAP] Receive Downlink NAS Transport"
time="2026-08-16T17:55:15+08:00" level=info msg="[UE][NAS] Message with security header"
time="2026-08-16T17:55:15+08:00" level=info msg="[UE][NAS] Message with integrity and with NEW 5G NAS SECURITY CONTEXT"
time="2026-08-16T17:55:15+08:00" level=error msg="[UE][NAS] NAS MAC verification failed(received:[150 113 223 238]expected:[38 241 41 55]"
time="2026-08-16T17:55:15+08:00" level=info msg="[GNB][NGAP] Receive Downlink NAS Transport"
time="2026-08-16T17:55:15+08:00" level=info msg="[UE][NAS] Message with security header"
time="2026-08-16T17:55:15+08:00" level=info msg="[UE][NAS] Message with integrity and with NEW 5G NAS SECURITY CONTEXT"
time="2026-08-16T17:55:15+08:00" level=error msg="[UE][NAS] NAS MAC verification failed(received:[185 244 106 30]expected:[182 90 154 238]"
time="2026-08-16T17:55:15+08:00" level=info msg="[GNB][SCTP] Receive message in 0 stream\n"
time="2026-08-16T17:55:15+08:00" level=info msg="[GNB][NGAP] Receive Downlink NAS Transport"
time="2026-08-16T17:55:15+08:00" level=info msg="[UE][NAS] Message with security header"
time="2026-08-16T17:55:15+08:00" level=info msg="[UE][NAS] Message with integrity and with NEW 5G NAS SECURITY CONTEXT"
time="2026-08-16T17:55:15+08:00" level=error msg="[UE][NAS] NAS MAC verification failed(received:[33 112 179 253]expected:[210 141 99 141]"
time="2026-08-16T17:55:16+08:00" level=info msg="[GNB][SCTP] Receive message in 0 stream\n"
time="2026-08-16T17:55:16+08:00" level=info msg="[GNB][NGAP] Receive Downlink NAS Transport"
time="2026-08-16T17:55:16+08:00" level=info msg="[UE][NAS] Message with security header"
time="2026-08-16T17:55:16+08:00" level=info msg="[UE][NAS] Message with integrity and with NEW 5G NAS SECURITY CONTEXT"
time="2026-08-16T17:55:16+08:00" level=error msg="[UE][NAS] NAS MAC verification failed(received:[53 152 74 28]expected:[16 88 142 186]"
time="2026-08-16T17:55:16+08:00" level=info msg="[GNB][SCTP] Receive message in 0 stream\n"
time="2026-08-16T17:55:16+08:00" level=info msg="[GNB][NGAP] Receive Downlink NAS Transport"
time="2026-08-16T17:55:16+08:00" level=info msg="[UE][NAS] Message with security header"
time="2026-08-16T17:55:16+08:00" level=info msg="[UE][NAS] Message with integrity and with NEW 5G NAS SECURITY CONTEXT"
time="2026-08-16T17:55:16+08:00" level=error msg="[UE][NAS] NAS MAC verification failed(received:[189 134 58 248]expected:[17 180 134 226]"
time="2026-08-16T17:55:16+08:00" level=info msg="[GNB][SCTP] Receive message in 0 stream\n"
time="2026-08-16T17:55:16+08:00" level=info msg="[GNB][SCTP] Receive message in 0 stream\n"
time="2026-08-16T17:55:16+08:00" level=info msg="[GNB][SCTP] Receive message in 0 stream\n"
time="2026-08-16T17:55:16+08:00" level=info msg="[GNB][SCTP] Receive message in 0 stream\n"
time="2026-08-16T17:55:16+08:00" level=info msg="[GNB][SCTP] Receive message in 0 stream\n"
time="2026-08-16T17:55:16+08:00" level=info msg="[GNB][NGAP] Receive Downlink NAS Transport"
time="2026-08-16T17:55:16+08:00" level=info msg="[UE][NAS] Message with security header"
time="2026-08-16T17:55:16+08:00" level=info msg="[UE][NAS] Message with integrity and with NEW 5G NAS SECURITY CONTEXT"
time="2026-08-16T17:55:16+08:00" level=error msg="[UE][NAS] NAS MAC verification failed(received:[149 32 233 196]expected:[176 72 48 85]"
time="2026-08-16T17:55:16+08:00" level=info msg="[GNB][NGAP] Receive Downlink NAS Transport"
time="2026-08-16T17:55:16+08:00" level=info msg="[GNB][NGAP] Receive Downlink NAS Transport"
time="2026-08-16T17:55:16+08:00" level=info msg="[GNB][NGAP] Receive Downlink NAS Transport"
time="2026-08-16T17:55:16+08:00" level=info msg="[UE][NAS] Message with security header"
time="2026-08-16T17:55:16+08:00" level=info msg="[UE][NAS] Message with integrity and with NEW 5G NAS SECURITY CONTEXT"
time="2026-08-16T17:55:16+08:00" level=error msg="[UE][NAS] NAS MAC verification failed(received:[251 214 226 137]expected:[95 115 116 109]"
time="2026-08-16T17:55:16+08:00" level=info msg="[UE][NAS] Message with security header"
time="2026-08-16T17:55:16+08:00" level=info msg="[UE][NAS] Message with integrity and with NEW 5G NAS SECURITY CONTEXT"
time="2026-08-16T17:55:16+08:00" level=error msg="[UE][NAS] NAS MAC verification failed(received:[255 170 49 4]expected:[94 14 197 90]"
time="2026-08-16T17:55:16+08:00" level=info msg="[UE][NAS] Message with security header"
time="2026-08-16T17:55:16+08:00" level=info msg="[UE][NAS] Message with integrity and with NEW 5G NAS SECURITY CONTEXT"
time="2026-08-16T17:55:16+08:00" level=error msg="[UE][NAS] NAS MAC verification failed(received:[54 230 102 147]expected:[29 64 232 94]"
time="2026-08-16T17:55:16+08:00" level=info msg="[GNB][NGAP] Receive Downlink NAS Transport"
time="2026-08-16T17:55:16+08:00" level=info msg="[UE][NAS] Message with security header"
time="2026-08-16T17:55:16+08:00" level=info msg="[UE][NAS] Message with integrity and with NEW 5G NAS SECURITY CONTEXT"
time="2026-08-16T17:55:16+08:00" level=error msg="[UE][NAS] NAS MAC verification failed(received:[216 63 166 227]expected:[128 115 163 42]"
time="2026-08-16T17:55:16+08:00" level=info msg="[GNB][SCTP] Receive message in 0 stream\n"
time="2026-08-16T17:55:16+08:00" level=info msg="[GNB][NGAP] Receive Downlink NAS Transport"
time="2026-08-16T17:55:16+08:00" level=info msg="[UE][NAS] Message with security header"
time="2026-08-16T17:55:16+08:00" level=info msg="[UE][NAS] Message with integrity and with NEW 5G NAS SECURITY CONTEXT"
time="2026-08-16T17:55:16+08:00" level=error msg="[UE][NAS] NAS MAC verification failed(received:[237 146 106 49]expected:[99 252 120 101]"
time="2026-08-16T17:55:16+08:00" level=info msg="[GNB][SCTP] Receive message in 0 stream\n"
time="2026-08-16T17:55:16+08:00" level=info msg="[GNB][NGAP] Receive Downlink NAS Transport"
time="2026-08-16T17:55:16+08:00" level=info msg="[UE][NAS] Message with security header"
time="2026-08-16T17:55:16+08:00" level=info msg="[UE][NAS] Message with integrity and with NEW 5G NAS SECURITY CONTEXT"
time="2026-08-16T17:55:16+08:00" level=error msg="[UE][NAS] NAS MAC verification failed(received:[130 128 249 66]expected:[169 10 15 124]"
time="2026-08-16T17:55:17+08:00" level=info msg="[GNB][SCTP] Receive message in 0 stream\n"
time="2026-08-16T17:55:17+08:00" level=info msg="[GNB][NGAP] Receive Downlink NAS Transport"
time="2026-08-16T17:55:17+08:00" level=info msg="[UE][NAS] Message with security header"
time="2026-08-16T17:55:17+08:00" level=info msg="[UE][NAS] Message with integrity and with NEW 5G NAS SECURITY CONTEXT"
time="2026-08-16T17:55:17+08:00" level=error msg="[UE][NAS] NAS MAC verification failed(received:[249 164 68 130]expected:[138 194 19 77]"
time="2026-08-16T17:55:17+08:00" level=info msg="[GNB][SCTP] Receive message in 0 stream\n"
time="2026-08-16T17:55:17+08:00" level=info msg="[GNB][NGAP] Receive Downlink NAS Transport"
time="2026-08-16T17:55:17+08:00" level=info msg="[UE][NAS] Message with security header"
time="2026-08-16T17:55:17+08:00" level=info msg="[UE][NAS] Message with integrity and with NEW 5G NAS SECURITY CONTEXT"
time="2026-08-16T17:55:17+08:00" level=error msg="[UE][NAS] NAS MAC verification failed(received:[75 117 181 12]expected:[78 155 217 108]"
time="2026-08-16T17:55:17+08:00" level=info msg="[GNB][SCTP] Receive message in 0 stream\n"
time="2026-08-16T17:55:17+08:00" level=info msg="[GNB][SCTP] Receive message in 0 stream\n"
time="2026-08-16T17:55:17+08:00" level=info msg="[GNB][NGAP] Receive Downlink NAS Transport"
time="2026-08-16T17:55:17+08:00" level=info msg="[UE][NAS] Message with security header"
time="2026-08-16T17:55:17+08:00" level=info msg="[UE][NAS] Message with integrity and with NEW 5G NAS SECURITY CONTEXT"
time="2026-08-16T17:55:17+08:00" level=error msg="[UE][NAS] NAS MAC verification failed(received:[42 242 11 150]expected:[114 63 129 174]"
time="2026-08-16T17:55:17+08:00" level=info msg="[GNB][NGAP] Receive Downlink NAS Transport"
time="2026-08-16T17:55:17+08:00" level=info msg="[UE][NAS] Message with security header"
time="2026-08-16T17:55:17+08:00" level=info msg="[UE][NAS] Message with integrity and with NEW 5G NAS SECURITY CONTEXT"
time="2026-08-16T17:55:17+08:00" level=error msg="[UE][NAS] NAS MAC verification failed(received:[87 31 216 78]expected:[201 85 127 202]"
time="2026-08-16T17:55:17+08:00" level=info msg="[GNB][SCTP] Receive message in 0 stream\n"
time="2026-08-16T17:55:17+08:00" level=info msg="[GNB][NGAP] Receive Downlink NAS Transport"
time="2026-08-16T17:55:17+08:00" level=info msg="[UE][NAS] Message with security header"
time="2026-08-16T17:55:17+08:00" level=info msg="[UE][NAS] Message with integrity and with NEW 5G NAS SECURITY CONTEXT"
time="2026-08-16T17:55:17+08:00" level=error msg="[UE][NAS] NAS MAC verification failed(received:[255 240 140 57]expected:[88 22 29 116]"
time="2026-08-16T17:55:18+08:00" level=info msg="[GNB][SCTP] Receive message in 0 stream\n"
time="2026-08-16T17:55:18+08:00" level=info msg="[GNB][NGAP] Receive Downlink NAS Transport"
time="2026-08-16T17:55:18+08:00" level=info msg="[UE][NAS] Message with security header"
time="2026-08-16T17:55:18+08:00" level=info msg="[UE][NAS] Message with integrity and ciphered"
time="2026-08-16T17:55:18+08:00" level=info msg="[UE][NAS] successful NAS CIPHERING"
time="2026-08-16T17:55:18+08:00" level=error msg="[UE][NAS] NAS MAC verification failed(received:[150 79 120 164]expected:[214 188 39 201]"
time="2026-08-16T17:55:18+08:00" level=info msg="[GNB][SCTP] Receive message in 0 stream\n"
time="2026-08-16T17:55:18+08:00" level=info msg="[GNB][NGAP] Receive Initial Context Setup Request"
time="2026-08-16T17:55:18+08:00" level=info msg="[GNB][UE] UE Context was created with successful"
time="2026-08-16T17:55:18+08:00" level=info msg="[GNB][UE] UE RAN ID 1"
time="2026-08-16T17:55:18+08:00" level=info msg="[GNB][UE] UE AMF ID 900"
time="2026-08-16T17:55:18+08:00" level=info msg="[GNB][UE] UE Mobility Restrict --Plmn-- Mcc: 208 Mnc: 93"
time="2026-08-16T17:55:18+08:00" level=info msg="[GNB][UE] UE Masked Imeisv: 1110000000ffff00"
time="2026-08-16T17:55:18+08:00" level=info msg="[GNB][UE] Allowed Nssai-- Sst: [01 01] Sd: [010203 112233]"
time="2026-08-16T17:55:18+08:00" level=info msg="[GNB][NGAP][AMF] Send Initial Context Setup Response."
time="2026-08-16T17:55:18+08:00" level=info msg="[GNB] Initiating Initial Context Setup Response"
time="2026-08-16T17:55:18+08:00" level=info msg="[GNB][NGAP] No PDU Session to set up in InitialContextSetupResponse."
time="2026-08-16T17:55:18+08:00" level=info msg="[UE][NAS] Message with security header"
time="2026-08-16T17:55:18+08:00" level=info msg="[UE][NAS] Message with integrity and ciphered"
time="2026-08-16T17:55:18+08:00" level=info msg="[UE][NAS] successful NAS CIPHERING"
time="2026-08-16T17:55:18+08:00" level=error msg="[UE][NAS] NAS MAC verification failed(received:[217 12 222 12]expected:[93 249 74 115]"
time="2026-08-16T17:55:18+08:00" level=info msg="[GNB][SCTP] Receive message in 0 stream\n"
time="2026-08-16T17:55:18+08:00" level=info msg="[GNB][NGAP] Receive Downlink NAS Transport"
time="2026-08-16T17:55:18+08:00" level=info msg="[UE][NAS] Message with security header"
time="2026-08-16T17:55:18+08:00" level=info msg="[UE][NAS] Message with integrity and with NEW 5G NAS SECURITY CONTEXT"
time="2026-08-16T17:55:18+08:00" level=error msg="[UE][NAS] NAS MAC verification failed(received:[93 177 192 169]expected:[140 251 177 173]"
time="2026-08-16T17:55:18+08:00" level=info msg="[GNB][SCTP] Receive message in 0 stream\n"
time="2026-08-16T17:55:18+08:00" level=info msg="[GNB][NGAP] Receive Initial Context Setup Request"
time="2026-08-16T17:55:18+08:00" level=info msg="[GNB][UE] UE Context was created with successful"
time="2026-08-16T17:55:18+08:00" level=info msg="[GNB][UE] UE RAN ID 6"
time="2026-08-16T17:55:18+08:00" level=info msg="[GNB][UE] UE AMF ID 905"
time="2026-08-16T17:55:18+08:00" level=info msg="[GNB][UE] UE Mobility Restrict --Plmn-- Mcc: 208 Mnc: 93"
time="2026-08-16T17:55:18+08:00" level=info msg="[GNB][UE] UE Masked Imeisv: 1110000000ffff00"
time="2026-08-16T17:55:18+08:00" level=info msg="[GNB][UE] Allowed Nssai-- Sst: [01 01] Sd: [010203 112233]"
time="2026-08-16T17:55:18+08:00" level=info msg="[GNB][NGAP][AMF] Send Initial Context Setup Response."
time="2026-08-16T17:55:18+08:00" level=info msg="[GNB] Initiating Initial Context Setup Response"
time="2026-08-16T17:55:18+08:00" level=info msg="[GNB][NGAP] No PDU Session to set up in InitialContextSetupResponse."
time="2026-08-16T17:55:18+08:00" level=info msg="[UE][NAS] Message with security header"
time="2026-08-16T17:55:18+08:00" level=info msg="[UE][NAS] Message with integrity and ciphered"
time="2026-08-16T17:55:18+08:00" level=info msg="[UE][NAS] successful NAS CIPHERING"
time="2026-08-16T17:55:18+08:00" level=error msg="[UE][NAS] NAS MAC verification failed(received:[203 204 109 179]expected:[210 188 30 51]"
time="2026-08-16T17:55:19+08:00" level=info msg="[GNB][SCTP] Receive message in 0 stream\n"
time="2026-08-16T17:55:19+08:00" level=info msg="[GNB][NGAP] Receive Initial Context Setup Request"
time="2026-08-16T17:55:19+08:00" level=info msg="[GNB][UE] UE Context was created with successful"
time="2026-08-16T17:55:19+08:00" level=info msg="[GNB][UE] UE RAN ID 11"
time="2026-08-16T17:55:19+08:00" level=info msg="[GNB][UE] UE AMF ID 910"
time="2026-08-16T17:55:19+08:00" level=info msg="[GNB][UE] UE Mobility Restrict --Plmn-- Mcc: 208 Mnc: 93"
time="2026-08-16T17:55:19+08:00" level=info msg="[GNB][UE] UE Masked Imeisv: 1110000000ffff00"
time="2026-08-16T17:55:19+08:00" level=info msg="[GNB][UE] Allowed Nssai-- Sst: [01 01] Sd: [010203 112233]"
time="2026-08-16T17:55:19+08:00" level=info msg="[GNB][NGAP][AMF] Send Initial Context Setup Response."
time="2026-08-16T17:55:19+08:00" level=info msg="[GNB] Initiating Initial Context Setup Response"
time="2026-08-16T17:55:19+08:00" level=info msg="[GNB][NGAP] No PDU Session to set up in InitialContextSetupResponse."
time="2026-08-16T17:55:19+08:00" level=info msg="[UE][NAS] Message with security header"
time="2026-08-16T17:55:19+08:00" level=info msg="[UE][NAS] Message with integrity and ciphered"
time="2026-08-16T17:55:19+08:00" level=info msg="[UE][NAS] successful NAS CIPHERING"
time="2026-08-16T17:55:19+08:00" level=error msg="[UE][NAS] NAS MAC verification failed(received:[156 237 14 94]expected:[73 229 157 124]"
time="2026-08-16T17:55:19+08:00" level=info msg="[GNB][SCTP] Receive message in 0 stream\n"
time="2026-08-16T17:55:19+08:00" level=info msg="[GNB][NGAP] Receive Downlink NAS Transport"
time="2026-08-16T17:55:19+08:00" level=info msg="[UE][NAS] Message with security header"
time="2026-08-16T17:55:19+08:00" level=info msg="[UE][NAS] Message with integrity and with NEW 5G NAS SECURITY CONTEXT"
time="2026-08-16T17:55:19+08:00" level=error msg="[UE][NAS] NAS MAC verification failed(received:[187 33 32 79]expected:[51 225 115 101]"
time="2026-08-16T17:55:19+08:00" level=info msg="[GNB][SCTP] Receive message in 0 stream\n"
time="2026-08-16T17:55:19+08:00" level=info msg="[GNB][NGAP] Receive Downlink NAS Transport"
time="2026-08-16T17:55:19+08:00" level=info msg="[UE][NAS] Message with security header"
time="2026-08-16T17:55:19+08:00" level=info msg="[UE][NAS] Message with integrity and with NEW 5G NAS SECURITY CONTEXT"
time="2026-08-16T17:55:19+08:00" level=error msg="[UE][NAS] NAS MAC verification failed(received:[168 1 6 225]expected:[191 237 209 156]"
time="2026-08-16T17:55:19+08:00" level=info msg="[GNB][SCTP] Receive message in 0 stream\n"
time="2026-08-16T17:55:19+08:00" level=info msg="[GNB][NGAP] Receive Downlink NAS Transport"
time="2026-08-16T17:55:19+08:00" level=info msg="[UE][NAS] Message with security header"
time="2026-08-16T17:55:19+08:00" level=info msg="[UE][NAS] Message with integrity and with NEW 5G NAS SECURITY CONTEXT"
time="2026-08-16T17:55:19+08:00" level=error msg="[UE][NAS] NAS MAC verification failed(received:[148 153 9 199]expected:[29 195 95 53]"
time="2026-08-16T17:55:20+08:00" level=info msg="[GNB][SCTP] Receive message in 0 stream\n"
time="2026-08-16T17:55:20+08:00" level=info msg="[GNB][NGAP] Receive Downlink NAS Transport"
time="2026-08-16T17:55:20+08:00" level=info msg="[UE][NAS] Message with security header"
time="2026-08-16T17:55:20+08:00" level=info msg="[UE][NAS] Message with integrity and with NEW 5G NAS SECURITY CONTEXT"
time="2026-08-16T17:55:20+08:00" level=error msg="[UE][NAS] NAS MAC verification failed(received:[184 79 245 137]expected:[38 50 119 178]"
time="2026-08-16T17:55:20+08:00" level=info msg="[GNB][SCTP] Receive message in 0 stream\n"
time="2026-08-16T17:55:20+08:00" level=info msg="[GNB][NGAP] Receive Initial Context Setup Request"
time="2026-08-16T17:55:20+08:00" level=info msg="[GNB][UE] UE Context was created with successful"
time="2026-08-16T17:55:20+08:00" level=info msg="[GNB][UE] UE RAN ID 31"
time="2026-08-16T17:55:20+08:00" level=info msg="[GNB][UE] UE AMF ID 930"
time="2026-08-16T17:55:20+08:00" level=info msg="[GNB][UE] UE Mobility Restrict --Plmn-- Mcc: 208 Mnc: 93"
time="2026-08-16T17:55:20+08:00" level=info msg="[GNB][UE] UE Masked Imeisv: 1110000000ffff00"
time="2026-08-16T17:55:20+08:00" level=info msg="[GNB][UE] Allowed Nssai-- Sst: [01 01] Sd: [010203 112233]"
time="2026-08-16T17:55:20+08:00" level=info msg="[GNB][NGAP][AMF] Send Initial Context Setup Response."
time="2026-08-16T17:55:20+08:00" level=info msg="[GNB] Initiating Initial Context Setup Response"
time="2026-08-16T17:55:20+08:00" level=info msg="[GNB][NGAP] No PDU Session to set up in InitialContextSetupResponse."
time="2026-08-16T17:55:20+08:00" level=info msg="[UE][NAS] Message with security header"
time="2026-08-16T17:55:20+08:00" level=info msg="[UE][NAS] Message with integrity and ciphered"
time="2026-08-16T17:55:20+08:00" level=info msg="[UE][NAS] successful NAS CIPHERING"
time="2026-08-16T17:55:20+08:00" level=error msg="[UE][NAS] NAS MAC verification failed(received:[88 145 239 160]expected:[171 132 168 68]"
time="2026-08-16T17:55:20+08:00" level=info msg="[GNB][SCTP] Receive message in 0 stream\n"
time="2026-08-16T17:55:20+08:00" level=info msg="[GNB][NGAP] Receive Initial Context Setup Request"
time="2026-08-16T17:55:20+08:00" level=info msg="[GNB][UE] UE Context was created with successful"
time="2026-08-16T17:55:20+08:00" level=info msg="[GNB][UE] UE RAN ID 30"
time="2026-08-16T17:55:20+08:00" level=info msg="[GNB][UE] UE AMF ID 929"
time="2026-08-16T17:55:20+08:00" level=info msg="[GNB][UE] UE Mobility Restrict --Plmn-- Mcc: 208 Mnc: 93"
time="2026-08-16T17:55:20+08:00" level=info msg="[GNB][UE] UE Masked Imeisv: 1110000000ffff00"
time="2026-08-16T17:55:20+08:00" level=info msg="[GNB][UE] Allowed Nssai-- Sst: [01 01] Sd: [010203 112233]"
time="2026-08-16T17:55:20+08:00" level=info msg="[GNB][NGAP][AMF] Send Initial Context Setup Response."
time="2026-08-16T17:55:20+08:00" level=info msg="[GNB] Initiating Initial Context Setup Response"
time="2026-08-16T17:55:20+08:00" level=info msg="[GNB][NGAP] No PDU Session to set up in InitialContextSetupResponse."
time="2026-08-16T17:55:20+08:00" level=info msg="[GNB][SCTP] Receive message in 0 stream\n"
time="2026-08-16T17:55:20+08:00" level=info msg="[GNB][SCTP] Receive message in 0 stream\n"
time="2026-08-16T17:55:20+08:00" level=info msg="[GNB][NGAP] Receive Downlink NAS Transport"
time="2026-08-16T17:55:20+08:00" level=info msg="[UE][NAS] Message with security header"
time="2026-08-16T17:55:20+08:00" level=info msg="[UE][NAS] Message with integrity and with NEW 5G NAS SECURITY CONTEXT"
time="2026-08-16T17:55:20+08:00" level=error msg="[UE][NAS] NAS MAC verification failed(received:[192 84 6 55]expected:[220 160 74 174]"
time="2026-08-16T17:55:20+08:00" level=info msg="[UE][NAS] Message with security header"
time="2026-08-16T17:55:20+08:00" level=info msg="[UE][NAS] Message with integrity and ciphered"
time="2026-08-16T17:55:20+08:00" level=info msg="[UE][NAS] successful NAS CIPHERING"
time="2026-08-16T17:55:20+08:00" level=error msg="[UE][NAS] NAS MAC verification failed(received:[238 231 225 110]expected:[122 72 214 104]"
time="2026-08-16T17:55:20+08:00" level=info msg="[GNB][NGAP] Receive Downlink NAS Transport"
time="2026-08-16T17:55:20+08:00" level=info msg="[UE][NAS] Message with security header"
time="2026-08-16T17:55:20+08:00" level=info msg="[UE][NAS] Message with integrity and with NEW 5G NAS SECURITY CONTEXT"
time="2026-08-16T17:55:20+08:00" level=error msg="[UE][NAS] NAS MAC verification failed(received:[184 168 202 109]expected:[173 27 113 103]"
time="2026-08-16T17:55:20+08:00" level=info msg="[GNB][SCTP] Receive message in 0 stream\n"
time="2026-08-16T17:55:20+08:00" level=info msg="[GNB][NGAP] Receive Initial Context Setup Request"
time="2026-08-16T17:55:20+08:00" level=info msg="[GNB][UE] UE Context was created with successful"
time="2026-08-16T17:55:20+08:00" level=info msg="[GNB][UE] UE RAN ID 40"
time="2026-08-16T17:55:20+08:00" level=info msg="[GNB][UE] UE AMF ID 939"
time="2026-08-16T17:55:20+08:00" level=info msg="[GNB][UE] UE Mobility Restrict --Plmn-- Mcc: 208 Mnc: 93"
time="2026-08-16T17:55:20+08:00" level=info msg="[GNB][UE] UE Masked Imeisv: 1110000000ffff00"
time="2026-08-16T17:55:20+08:00" level=info msg="[GNB][UE] Allowed Nssai-- Sst: [01 01] Sd: [010203 112233]"
time="2026-08-16T17:55:20+08:00" level=info msg="[GNB][NGAP][AMF] Send Initial Context Setup Response."
time="2026-08-16T17:55:20+08:00" level=info msg="[GNB] Initiating Initial Context Setup Response"
time="2026-08-16T17:55:20+08:00" level=info msg="[GNB][NGAP] No PDU Session to set up in InitialContextSetupResponse."
time="2026-08-16T17:55:20+08:00" level=info msg="[UE][NAS] Message with security header"
time="2026-08-16T17:55:20+08:00" level=info msg="[UE][NAS] Message with integrity and ciphered"
time="2026-08-16T17:55:20+08:00" level=info msg="[UE][NAS] successful NAS CIPHERING"
time="2026-08-16T17:55:20+08:00" level=error msg="[UE][NAS] NAS MAC verification failed(received:[201 46 128 214]expected:[92 78 128 48]"
time="2026-08-16T17:55:21+08:00" level=info msg="[GNB][SCTP] Receive message in 0 stream\n"
time="2026-08-16T17:55:21+08:00" level=info msg="[GNB][NGAP] Receive Initial Context Setup Request"
time="2026-08-16T17:55:21+08:00" level=info msg="[GNB][UE] UE Context was created with successful"
time="2026-08-16T17:55:21+08:00" level=info msg="[GNB][UE] UE RAN ID 39"
time="2026-08-16T17:55:21+08:00" level=info msg="[GNB][UE] UE AMF ID 938"
time="2026-08-16T17:55:21+08:00" level=info msg="[GNB][UE] UE Mobility Restrict --Plmn-- Mcc: 208 Mnc: 93"
time="2026-08-16T17:55:21+08:00" level=info msg="[GNB][UE] UE Masked Imeisv: 1110000000ffff00"
time="2026-08-16T17:55:21+08:00" level=info msg="[GNB][UE] Allowed Nssai-- Sst: [01 01] Sd: [010203 112233]"
time="2026-08-16T17:55:21+08:00" level=info msg="[GNB][NGAP][AMF] Send Initial Context Setup Response."
time="2026-08-16T17:55:21+08:00" level=info msg="[GNB] Initiating Initial Context Setup Response"
time="2026-08-16T17:55:21+08:00" level=info msg="[GNB][NGAP] No PDU Session to set up in InitialContextSetupResponse."
time="2026-08-16T17:55:21+08:00" level=info msg="[UE][NAS] Message with security header"
time="2026-08-16T17:55:21+08:00" level=info msg="[UE][NAS] Message with integrity and ciphered"
time="2026-08-16T17:55:21+08:00" level=info msg="[UE][NAS] successful NAS CIPHERING"
time="2026-08-16T17:55:21+08:00" level=error msg="[UE][NAS] NAS MAC verification failed(received:[61 25 254 25]expected:[94 17 206 152]"
time="2026-08-16T17:55:21+08:00" level=info msg="[GNB][SCTP] Receive message in 0 stream\n"
time="2026-08-16T17:55:21+08:00" level=info msg="[GNB][NGAP] Receive Downlink NAS Transport"
time="2026-08-16T17:55:21+08:00" level=info msg="[UE][NAS] Message with security header"
time="2026-08-16T17:55:21+08:00" level=info msg="[UE][NAS] Message with integrity and with NEW 5G NAS SECURITY CONTEXT"
time="2026-08-16T17:55:21+08:00" level=error msg="[UE][NAS] NAS MAC verification failed(received:[8 175 70 82]expected:[119 67 111 254]"
time="2026-08-16T17:55:21+08:00" level=info msg="[GNB][SCTP] Receive message in 0 stream\n"
time="2026-08-16T17:55:21+08:00" level=info msg="[GNB][NGAP] Receive Downlink NAS Transport"
time="2026-08-16T17:55:21+08:00" level=info msg="[UE][NAS] Message with security header"
time="2026-08-16T17:55:21+08:00" level=info msg="[UE][NAS] Message with integrity and with NEW 5G NAS SECURITY CONTEXT"
time="2026-08-16T17:55:21+08:00" level=error msg="[UE][NAS] NAS MAC verification failed(received:[45 147 115 196]expected:[12 100 201 124]"
time="2026-08-16T17:55:21+08:00" level=info msg="[GNB][SCTP] Receive message in 0 stream\n"
time="2026-08-16T17:55:21+08:00" level=info msg="[GNB][SCTP] Receive message in 0 stream\n"
time="2026-08-16T17:55:21+08:00" level=info msg="[GNB][NGAP] Receive Downlink NAS Transport"
time="2026-08-16T17:55:21+08:00" level=info msg="[GNB][NGAP] Receive Downlink NAS Transport"
time="2026-08-16T17:55:21+08:00" level=info msg="[UE][NAS] Message with security header"
time="2026-08-16T17:55:21+08:00" level=info msg="[UE][NAS] Message with integrity and with NEW 5G NAS SECURITY CONTEXT"
time="2026-08-16T17:55:21+08:00" level=error msg="[UE][NAS] NAS MAC verification failed(received:[185 244 106 30]expected:[182 90 154 238]"
time="2026-08-16T17:55:21+08:00" level=info msg="[UE][NAS] Message with security header"
time="2026-08-16T17:55:21+08:00" level=info msg="[UE][NAS] Message with integrity and with NEW 5G NAS SECURITY CONTEXT"
time="2026-08-16T17:55:21+08:00" level=error msg="[UE][NAS] NAS MAC verification failed(received:[150 113 223 238]expected:[38 241 41 55]"
time="2026-08-16T17:55:21+08:00" level=info msg="[GNB][SCTP] Receive message in 0 stream\n"
time="2026-08-16T17:55:21+08:00" level=info msg="[GNB][NGAP] Receive Downlink NAS Transport"
time="2026-08-16T17:55:21+08:00" level=info msg="[UE][NAS] Message with security header"
time="2026-08-16T17:55:21+08:00" level=info msg="[UE][NAS] Message with integrity and with NEW 5G NAS SECURITY CONTEXT"
time="2026-08-16T17:55:21+08:00" level=error msg="[UE][NAS] NAS MAC verification failed(received:[33 112 179 253]expected:[210 141 99 141]"
time="2026-08-16T17:55:22+08:00" level=info msg="[GNB][SCTP] Receive message in 0 stream\n"
time="2026-08-16T17:55:22+08:00" level=info msg="[GNB][NGAP] Receive Downlink NAS Transport"
time="2026-08-16T17:55:22+08:00" level=info msg="[UE][NAS] Message with security header"
time="2026-08-16T17:55:22+08:00" level=info msg="[UE][NAS] Message with integrity and with NEW 5G NAS SECURITY CONTEXT"
time="2026-08-16T17:55:22+08:00" level=error msg="[UE][NAS] NAS MAC verification failed(received:[53 152 74 28]expected:[16 88 142 186]"
time="2026-08-16T17:55:22+08:00" level=info msg="[GNB][SCTP] Receive message in 0 stream\n"
time="2026-08-16T17:55:22+08:00" level=info msg="[GNB][NGAP] Receive Downlink NAS Transport"
time="2026-08-16T17:55:22+08:00" level=info msg="[UE][NAS] Message with security header"
time="2026-08-16T17:55:22+08:00" level=info msg="[UE][NAS] Message with integrity and with NEW 5G NAS SECURITY CONTEXT"
time="2026-08-16T17:55:22+08:00" level=error msg="[UE][NAS] NAS MAC verification failed(received:[189 134 58 248]expected:[17 180 134 226]"
time="2026-08-16T17:55:22+08:00" level=info msg="[GNB][SCTP] Receive message in 0 stream\n"
time="2026-08-16T17:55:22+08:00" level=info msg="[GNB][SCTP] Receive message in 0 stream\n"
time="2026-08-16T17:55:22+08:00" level=info msg="[GNB][SCTP] Receive message in 0 stream\n"
time="2026-08-16T17:55:22+08:00" level=info msg="[GNB][SCTP] Receive message in 0 stream\n"
time="2026-08-16T17:55:22+08:00" level=info msg="[GNB][SCTP] Receive message in 0 stream\n"
time="2026-08-16T17:55:22+08:00" level=info msg="[GNB][NGAP] Receive Downlink NAS Transport"
time="2026-08-16T17:55:22+08:00" level=info msg="[UE][NAS] Message with security header"
time="2026-08-16T17:55:22+08:00" level=info msg="[UE][NAS] Message with integrity and with NEW 5G NAS SECURITY CONTEXT"
time="2026-08-16T17:55:22+08:00" level=info msg="[GNB][NGAP] Receive Downlink NAS Transport"
time="2026-08-16T17:55:22+08:00" level=error msg="[UE][NAS] NAS MAC verification failed(received:[54 230 102 147]expected:[29 64 232 94]"
time="2026-08-16T17:55:22+08:00" level=info msg="[UE][NAS] Message with security header"
time="2026-08-16T17:55:22+08:00" level=info msg="[UE][NAS] Message with integrity and with NEW 5G NAS SECURITY CONTEXT"
time="2026-08-16T17:55:22+08:00" level=error msg="[UE][NAS] NAS MAC verification failed(received:[149 32 233 196]expected:[176 72 48 85]"
time="2026-08-16T17:55:22+08:00" level=info msg="[GNB][NGAP] Receive Downlink NAS Transport"
time="2026-08-16T17:55:22+08:00" level=info msg="[UE][NAS] Message with security header"
time="2026-08-16T17:55:22+08:00" level=info msg="[UE][NAS] Message with integrity and with NEW 5G NAS SECURITY CONTEXT"
time="2026-08-16T17:55:22+08:00" level=error msg="[UE][NAS] NAS MAC verification failed(received:[251 214 226 137]expected:[95 115 116 109]"
time="2026-08-16T17:55:22+08:00" level=info msg="[GNB][NGAP] Receive Downlink NAS Transport"
time="2026-08-16T17:55:22+08:00" level=info msg="[UE][NAS] Message with security header"
time="2026-08-16T17:55:22+08:00" level=info msg="[UE][NAS] Message with integrity and with NEW 5G NAS SECURITY CONTEXT"
time="2026-08-16T17:55:22+08:00" level=error msg="[UE][NAS] NAS MAC verification failed(received:[255 170 49 4]expected:[94 14 197 90]"
time="2026-08-16T17:55:22+08:00" level=info msg="[GNB][NGAP] Receive Downlink NAS Transport"
time="2026-08-16T17:55:22+08:00" level=info msg="[UE][NAS] Message with security header"
time="2026-08-16T17:55:22+08:00" level=info msg="[UE][NAS] Message with integrity and with NEW 5G NAS SECURITY CONTEXT"
time="2026-08-16T17:55:22+08:00" level=error msg="[UE][NAS] NAS MAC verification failed(received:[216 63 166 227]expected:[128 115 163 42]"
time="2026-08-16T17:55:22+08:00" level=info msg="[GNB][SCTP] Receive message in 0 stream\n"
time="2026-08-16T17:55:22+08:00" level=info msg="[GNB][NGAP] Receive Downlink NAS Transport"
time="2026-08-16T17:55:22+08:00" level=info msg="[UE][NAS] Message with security header"
time="2026-08-16T17:55:22+08:00" level=info msg="[UE][NAS] Message with integrity and with NEW 5G NAS SECURITY CONTEXT"
time="2026-08-16T17:55:22+08:00" level=error msg="[UE][NAS] NAS MAC verification failed(received:[237 146 106 49]expected:[99 252 120 101]"
time="2026-08-16T17:55:22+08:00" level=info msg="[GNB][SCTP] Receive message in 0 stream\n"
time="2026-08-16T17:55:22+08:00" level=info msg="[GNB][NGAP] Receive Downlink NAS Transport"
time="2026-08-16T17:55:22+08:00" level=info msg="[UE][NAS] Message with security header"
time="2026-08-16T17:55:22+08:00" level=info msg="[UE][NAS] Message with integrity and with NEW 5G NAS SECURITY CONTEXT"
time="2026-08-16T17:55:22+08:00" level=error msg="[UE][NAS] NAS MAC verification failed(received:[130 128 249 66]expected:[169 10 15 124]"
time="2026-08-16T17:55:23+08:00" level=info msg="[GNB][SCTP] Receive message in 0 stream\n"
time="2026-08-16T17:55:23+08:00" level=info msg="[GNB][NGAP] Receive Downlink NAS Transport"
time="2026-08-16T17:55:23+08:00" level=info msg="[UE][NAS] Message with security header"
time="2026-08-16T17:55:23+08:00" level=info msg="[UE][NAS] Message with integrity and with NEW 5G NAS SECURITY CONTEXT"
time="2026-08-16T17:55:23+08:00" level=error msg="[UE][NAS] NAS MAC verification failed(received:[42 242 11 150]expected:[114 63 129 174]"
time="2026-08-16T17:55:23+08:00" level=info msg="[GNB][SCTP] Receive message in 0 stream\n"
time="2026-08-16T17:55:23+08:00" level=info msg="[GNB][NGAP] Receive Downlink NAS Transport"
time="2026-08-16T17:55:23+08:00" level=info msg="[UE][NAS] Message with security header"
time="2026-08-16T17:55:23+08:00" level=info msg="[UE][NAS] Message with integrity and with NEW 5G NAS SECURITY CONTEXT"
time="2026-08-16T17:55:23+08:00" level=error msg="[UE][NAS] NAS MAC verification failed(received:[87 31 216 78]expected:[201 85 127 202]"
time="2026-08-16T17:55:23+08:00" level=info msg="[GNB][SCTP] Receive message in 0 stream\n"
time="2026-08-16T17:55:23+08:00" level=info msg="[GNB][NGAP] Receive Downlink NAS Transport"
time="2026-08-16T17:55:23+08:00" level=info msg="[UE][NAS] Message with security header"
time="2026-08-16T17:55:23+08:00" level=info msg="[UE][NAS] Message with integrity and with NEW 5G NAS SECURITY CONTEXT"
time="2026-08-16T17:55:23+08:00" level=error msg="[UE][NAS] NAS MAC verification failed(received:[255 240 140 57]expected:[88 22 29 116]"
time="2026-08-16T17:55:24+08:00" level=info msg="[GNB][SCTP] Receive message in 0 stream\n"
time="2026-08-16T17:55:24+08:00" level=info msg="[GNB][NGAP] Receive Initial Context Setup Request"
time="2026-08-16T17:55:24+08:00" level=info msg="[GNB][UE] UE Context was created with successful"
time="2026-08-16T17:55:24+08:00" level=info msg="[GNB][UE] UE RAN ID 1"
time="2026-08-16T17:55:24+08:00" level=info msg="[GNB][UE] UE AMF ID 900"
time="2026-08-16T17:55:24+08:00" level=info msg="[GNB][UE] UE Mobility Restrict --Plmn-- Mcc: 208 Mnc: 93"
time="2026-08-16T17:55:24+08:00" level=info msg="[GNB][UE] UE Masked Imeisv: 1110000000ffff00"
time="2026-08-16T17:55:24+08:00" level=info msg="[GNB][UE] Allowed Nssai-- Sst: [01 01] Sd: [010203 112233]"
time="2026-08-16T17:55:24+08:00" level=info msg="[GNB][NGAP][AMF] Send Initial Context Setup Response."
time="2026-08-16T17:55:24+08:00" level=info msg="[GNB] Initiating Initial Context Setup Response"
time="2026-08-16T17:55:24+08:00" level=info msg="[GNB][NGAP] No PDU Session to set up in InitialContextSetupResponse."
time="2026-08-16T17:55:24+08:00" level=info msg="[UE][NAS] Message with security header"
time="2026-08-16T17:55:24+08:00" level=info msg="[UE][NAS] Message with integrity and ciphered"
time="2026-08-16T17:55:24+08:00" level=info msg="[UE][NAS] successful NAS CIPHERING"
time="2026-08-16T17:55:24+08:00" level=error msg="[UE][NAS] NAS MAC verification failed(received:[217 12 222 12]expected:[93 249 74 115]"
time="2026-08-16T17:55:24+08:00" level=info msg="[GNB][SCTP] Receive message in 0 stream\n"
time="2026-08-16T17:55:24+08:00" level=info msg="[GNB][NGAP] Receive Downlink NAS Transport"
time="2026-08-16T17:55:24+08:00" level=info msg="[UE][NAS] Message with security header"
time="2026-08-16T17:55:24+08:00" level=info msg="[UE][NAS] Message with integrity and ciphered"
time="2026-08-16T17:55:24+08:00" level=info msg="[UE][NAS] successful NAS CIPHERING"
time="2026-08-16T17:55:24+08:00" level=error msg="[UE][NAS] NAS MAC verification failed(received:[160 56 17 30]expected:[53 20 52 249]"
time="2026-08-16T17:55:25+08:00" level=info msg="[GNB][SCTP] Receive message in 0 stream\n"
time="2026-08-16T17:55:25+08:00" level=info msg="[GNB][NGAP] Receive Initial Context Setup Request"
time="2026-08-16T17:55:25+08:00" level=info msg="[GNB][UE] UE Context was created with successful"
time="2026-08-16T17:55:25+08:00" level=info msg="[GNB][UE] UE RAN ID 6"
time="2026-08-16T17:55:25+08:00" level=info msg="[GNB][UE] UE AMF ID 905"
time="2026-08-16T17:55:25+08:00" level=info msg="[GNB][UE] UE Mobility Restrict --Plmn-- Mcc: 208 Mnc: 93"
time="2026-08-16T17:55:25+08:00" level=info msg="[GNB][UE] UE Masked Imeisv: 1110000000ffff00"
time="2026-08-16T17:55:25+08:00" level=info msg="[GNB][UE] Allowed Nssai-- Sst: [01 01] Sd: [010203 112233]"
time="2026-08-16T17:55:25+08:00" level=info msg="[GNB][NGAP][AMF] Send Initial Context Setup Response."
time="2026-08-16T17:55:25+08:00" level=info msg="[GNB] Initiating Initial Context Setup Response"
time="2026-08-16T17:55:25+08:00" level=info msg="[GNB][NGAP] No PDU Session to set up in InitialContextSetupResponse."
time="2026-08-16T17:55:25+08:00" level=info msg="[UE][NAS] Message with security header"
time="2026-08-16T17:55:25+08:00" level=info msg="[UE][NAS] Message with integrity and ciphered"
time="2026-08-16T17:55:25+08:00" level=info msg="[UE][NAS] successful NAS CIPHERING"
time="2026-08-16T17:55:25+08:00" level=error msg="[UE][NAS] NAS MAC verification failed(received:[203 204 109 179]expected:[210 188 30 51]"
time="2026-08-16T17:55:25+08:00" level=info msg="[GNB][SCTP] Receive message in 0 stream\n"
time="2026-08-16T17:55:25+08:00" level=info msg="[GNB][NGAP] Receive Downlink NAS Transport"
time="2026-08-16T17:55:25+08:00" level=info msg="[UE][NAS] Message with security header"
time="2026-08-16T17:55:25+08:00" level=info msg="[UE][NAS] Message with integrity and with NEW 5G NAS SECURITY CONTEXT"
time="2026-08-16T17:55:25+08:00" level=error msg="[UE][NAS] NAS MAC verification failed(received:[187 33 32 79]expected:[51 225 115 101]"
time="2026-08-16T17:55:25+08:00" level=info msg="[GNB][SCTP] Receive message in 0 stream\n"
time="2026-08-16T17:55:25+08:00" level=info msg="[GNB][NGAP] Receive Downlink NAS Transport"
time="2026-08-16T17:55:25+08:00" level=info msg="[UE][NAS] Message with security header"
time="2026-08-16T17:55:25+08:00" level=info msg="[UE][NAS] Message with integrity and ciphered"
time="2026-08-16T17:55:25+08:00" level=info msg="[UE][NAS] successful NAS CIPHERING"
time="2026-08-16T17:55:25+08:00" level=error msg="[UE][NAS] NAS MAC verification failed(received:[187 195 116 124]expected:[127 90 255 47]"
time="2026-08-16T17:55:26+08:00" level=info msg="[GNB][SCTP] Receive message in 0 stream\n"
time="2026-08-16T17:55:26+08:00" level=info msg="[GNB][NGAP] Receive Initial Context Setup Request"
time="2026-08-16T17:55:26+08:00" level=info msg="[GNB][UE] UE Context was created with successful"
time="2026-08-16T17:55:26+08:00" level=info msg="[GNB][UE] UE RAN ID 31"
time="2026-08-16T17:55:26+08:00" level=info msg="[GNB][UE] UE AMF ID 930"
time="2026-08-16T17:55:26+08:00" level=info msg="[GNB][UE] UE Mobility Restrict --Plmn-- Mcc: 208 Mnc: 93"
time="2026-08-16T17:55:26+08:00" level=info msg="[GNB][UE] UE Masked Imeisv: 1110000000ffff00"
time="2026-08-16T17:55:26+08:00" level=info msg="[GNB][UE] Allowed Nssai-- Sst: [01 01] Sd: [010203 112233]"
time="2026-08-16T17:55:26+08:00" level=info msg="[GNB][NGAP][AMF] Send Initial Context Setup Response."
time="2026-08-16T17:55:26+08:00" level=info msg="[GNB] Initiating Initial Context Setup Response"
time="2026-08-16T17:55:26+08:00" level=info msg="[GNB][NGAP] No PDU Session to set up in InitialContextSetupResponse."
time="2026-08-16T17:55:26+08:00" level=info msg="[UE][NAS] Message with security header"
time="2026-08-16T17:55:26+08:00" level=info msg="[UE][NAS] Message with integrity and ciphered"
time="2026-08-16T17:55:26+08:00" level=info msg="[UE][NAS] successful NAS CIPHERING"
time="2026-08-16T17:55:26+08:00" level=error msg="[UE][NAS] NAS MAC verification failed(received:[88 145 239 160]expected:[171 132 168 68]"
time="2026-08-16T17:55:26+08:00" level=info msg="[GNB][SCTP] Receive message in 0 stream\n"
time="2026-08-16T17:55:26+08:00" level=info msg="[GNB][NGAP] Receive Initial Context Setup Request"
time="2026-08-16T17:55:26+08:00" level=info msg="[GNB][UE] UE Context was created with successful"
time="2026-08-16T17:55:26+08:00" level=info msg="[GNB][UE] UE RAN ID 30"
time="2026-08-16T17:55:26+08:00" level=info msg="[GNB][UE] UE AMF ID 929"
time="2026-08-16T17:55:26+08:00" level=info msg="[GNB][UE] UE Mobility Restrict --Plmn-- Mcc: 208 Mnc: 93"
time="2026-08-16T17:55:26+08:00" level=info msg="[GNB][UE] UE Masked Imeisv: 1110000000ffff00"
time="2026-08-16T17:55:26+08:00" level=info msg="[GNB][UE] Allowed Nssai-- Sst: [01 01] Sd: [010203 112233]"
time="2026-08-16T17:55:26+08:00" level=info msg="[GNB][NGAP][AMF] Send Initial Context Setup Response."
time="2026-08-16T17:55:26+08:00" level=info msg="[GNB] Initiating Initial Context Setup Response"
time="2026-08-16T17:55:26+08:00" level=info msg="[GNB][NGAP] No PDU Session to set up in InitialContextSetupResponse."
time="2026-08-16T17:55:26+08:00" level=info msg="[UE][NAS] Message with security header"
time="2026-08-16T17:55:26+08:00" level=info msg="[UE][NAS] Message with integrity and ciphered"
time="2026-08-16T17:55:26+08:00" level=info msg="[UE][NAS] successful NAS CIPHERING"
time="2026-08-16T17:55:26+08:00" level=error msg="[UE][NAS] NAS MAC verification failed(received:[238 231 225 110]expected:[122 72 214 104]"
time="2026-08-16T17:55:26+08:00" level=info msg="[GNB][SCTP] Receive message in 0 stream\n"
time="2026-08-16T17:55:26+08:00" level=info msg="[GNB][NGAP] Receive Downlink NAS Transport"
time="2026-08-16T17:55:26+08:00" level=info msg="[UE][NAS] Message with security header"
time="2026-08-16T17:55:26+08:00" level=info msg="[UE][NAS] Message with integrity and with NEW 5G NAS SECURITY CONTEXT"
time="2026-08-16T17:55:26+08:00" level=error msg="[UE][NAS] NAS MAC verification failed(received:[184 168 202 109]expected:[173 27 113 103]"
time="2026-08-16T17:55:26+08:00" level=info msg="[GNB][SCTP] Receive message in 0 stream\n"
time="2026-08-16T17:55:26+08:00" level=info msg="[GNB][NGAP] Receive Initial Context Setup Request"
time="2026-08-16T17:55:26+08:00" level=info msg="[GNB][UE] UE Context was created with successful"
time="2026-08-16T17:55:26+08:00" level=info msg="[GNB][UE] UE RAN ID 40"
time="2026-08-16T17:55:26+08:00" level=info msg="[GNB][UE] UE AMF ID 939"
time="2026-08-16T17:55:26+08:00" level=info msg="[GNB][UE] UE Mobility Restrict --Plmn-- Mcc: 208 Mnc: 93"
time="2026-08-16T17:55:26+08:00" level=info msg="[GNB][UE] UE Masked Imeisv: 1110000000ffff00"
time="2026-08-16T17:55:26+08:00" level=info msg="[GNB][UE] Allowed Nssai-- Sst: [01 01] Sd: [010203 112233]"
time="2026-08-16T17:55:26+08:00" level=info msg="[GNB][NGAP][AMF] Send Initial Context Setup Response."
time="2026-08-16T17:55:26+08:00" level=info msg="[GNB] Initiating Initial Context Setup Response"
time="2026-08-16T17:55:26+08:00" level=info msg="[GNB][NGAP] No PDU Session to set up in InitialContextSetupResponse."
time="2026-08-16T17:55:26+08:00" level=info msg="[UE][NAS] Message with security header"
time="2026-08-16T17:55:26+08:00" level=info msg="[UE][NAS] Message with integrity and ciphered"
time="2026-08-16T17:55:26+08:00" level=info msg="[UE][NAS] successful NAS CIPHERING"
time="2026-08-16T17:55:26+08:00" level=error msg="[UE][NAS] NAS MAC verification failed(received:[201 46 128 214]expected:[92 78 128 48]"
time="2026-08-16T17:55:27+08:00" level=info msg="[GNB][SCTP] Receive message in 0 stream\n"
time="2026-08-16T17:55:27+08:00" level=info msg="[GNB][NGAP] Receive Initial Context Setup Request"
time="2026-08-16T17:55:27+08:00" level=info msg="[GNB][UE] UE Context was created with successful"
time="2026-08-16T17:55:27+08:00" level=info msg="[GNB][UE] UE RAN ID 39"
time="2026-08-16T17:55:27+08:00" level=info msg="[GNB][UE] UE AMF ID 938"
time="2026-08-16T17:55:27+08:00" level=info msg="[GNB][UE] UE Mobility Restrict --Plmn-- Mcc: 208 Mnc: 93"
time="2026-08-16T17:55:27+08:00" level=info msg="[GNB][UE] UE Masked Imeisv: 1110000000ffff00"
time="2026-08-16T17:55:27+08:00" level=info msg="[GNB][UE] Allowed Nssai-- Sst: [01 01] Sd: [010203 112233]"
time="2026-08-16T17:55:27+08:00" level=info msg="[GNB][NGAP][AMF] Send Initial Context Setup Response."
time="2026-08-16T17:55:27+08:00" level=info msg="[GNB] Initiating Initial Context Setup Response"
time="2026-08-16T17:55:27+08:00" level=info msg="[GNB][NGAP] No PDU Session to set up in InitialContextSetupResponse."
time="2026-08-16T17:55:27+08:00" level=info msg="[UE][NAS] Message with security header"
time="2026-08-16T17:55:27+08:00" level=info msg="[UE][NAS] Message with integrity and ciphered"
time="2026-08-16T17:55:27+08:00" level=info msg="[UE][NAS] successful NAS CIPHERING"
time="2026-08-16T17:55:27+08:00" level=error msg="[UE][NAS] NAS MAC verification failed(received:[61 25 254 25]expected:[94 17 206 152]"
time="2026-08-16T17:55:27+08:00" level=info msg="[GNB][SCTP] Receive message in 0 stream\n"
time="2026-08-16T17:55:27+08:00" level=info msg="[GNB][NGAP] Receive Downlink NAS Transport"
time="2026-08-16T17:55:27+08:00" level=info msg="[UE][NAS] Message with security header"
time="2026-08-16T17:55:27+08:00" level=info msg="[UE][NAS] Message with integrity and with NEW 5G NAS SECURITY CONTEXT"
time="2026-08-16T17:55:27+08:00" level=error msg="[UE][NAS] NAS MAC verification failed(received:[45 147 115 196]expected:[12 100 201 124]"
time="2026-08-16T17:55:27+08:00" level=info msg="[GNB][SCTP] Receive message in 0 stream\n"
time="2026-08-16T17:55:27+08:00" level=info msg="[GNB][SCTP] Receive message in 0 stream\n"
time="2026-08-16T17:55:27+08:00" level=info msg="[GNB][NGAP] Receive Downlink NAS Transport"
time="2026-08-16T17:55:27+08:00" level=info msg="[UE][NAS] Message with security header"
time="2026-08-16T17:55:27+08:00" level=info msg="[UE][NAS] Message with integrity and with NEW 5G NAS SECURITY CONTEXT"
time="2026-08-16T17:55:27+08:00" level=error msg="[UE][NAS] NAS MAC verification failed(received:[33 112 179 253]expected:[210 141 99 141]"
time="2026-08-16T17:55:27+08:00" level=info msg="[GNB][NGAP] Receive Downlink NAS Transport"
time="2026-08-16T17:55:27+08:00" level=info msg="[UE][NAS] Message with security header"
time="2026-08-16T17:55:27+08:00" level=info msg="[UE][NAS] Message with integrity and with NEW 5G NAS SECURITY CONTEXT"
time="2026-08-16T17:55:27+08:00" level=error msg="[UE][NAS] NAS MAC verification failed(received:[185 244 106 30]expected:[182 90 154 238]"
time="2026-08-16T17:55:27+08:00" level=info msg="[GNB][SCTP] Receive message in 0 stream\n"
time="2026-08-16T17:55:27+08:00" level=info msg="[GNB][NGAP] Receive Initial Context Setup Request"
time="2026-08-16T17:55:27+08:00" level=info msg="[GNB][UE] UE Context was created with successful"
time="2026-08-16T17:55:27+08:00" level=info msg="[GNB][UE] UE RAN ID 58"
time="2026-08-16T17:55:27+08:00" level=info msg="[GNB][UE] UE AMF ID 957"
time="2026-08-16T17:55:27+08:00" level=info msg="[GNB][UE] UE Mobility Restrict --Plmn-- Mcc: 208 Mnc: 93"
time="2026-08-16T17:55:27+08:00" level=info msg="[GNB][UE] UE Masked Imeisv: 1110000000ffff00"
time="2026-08-16T17:55:27+08:00" level=info msg="[GNB][UE] Allowed Nssai-- Sst: [01 01] Sd: [010203 112233]"
time="2026-08-16T17:55:27+08:00" level=info msg="[GNB][NGAP][AMF] Send Initial Context Setup Response."
time="2026-08-16T17:55:27+08:00" level=info msg="[GNB] Initiating Initial Context Setup Response"
time="2026-08-16T17:55:27+08:00" level=info msg="[GNB][NGAP] No PDU Session to set up in InitialContextSetupResponse."
time="2026-08-16T17:55:27+08:00" level=info msg="[UE][NAS] Message with security header"
time="2026-08-16T17:55:27+08:00" level=info msg="[UE][NAS] Message with integrity and ciphered"
time="2026-08-16T17:55:27+08:00" level=info msg="[UE][NAS] successful NAS CIPHERING"
time="2026-08-16T17:55:27+08:00" level=error msg="[UE][NAS] NAS MAC verification failed(received:[112 150 10 207]expected:[229 146 28 253]"
time="2026-08-16T17:55:28+08:00" level=info msg="[GNB][SCTP] Receive message in 0 stream\n"
time="2026-08-16T17:55:28+08:00" level=info msg="[GNB][NGAP] Receive Downlink NAS Transport"
time="2026-08-16T17:55:28+08:00" level=info msg="[UE][NAS] Message with security header"
time="2026-08-16T17:55:28+08:00" level=info msg="[UE][NAS] Message with integrity and with NEW 5G NAS SECURITY CONTEXT"
time="2026-08-16T17:55:28+08:00" level=error msg="[UE][NAS] NAS MAC verification failed(received:[54 230 102 147]expected:[29 64 232 94]"
time="2026-08-16T17:55:28+08:00" level=info msg="[GNB][SCTP] Receive message in 0 stream\n"
time="2026-08-16T17:55:28+08:00" level=info msg="[GNB][NGAP] Receive Downlink NAS Transport"
time="2026-08-16T17:55:28+08:00" level=info msg="[UE][NAS] Message with security header"
time="2026-08-16T17:55:28+08:00" level=info msg="[UE][NAS] Message with integrity and with NEW 5G NAS SECURITY CONTEXT"
time="2026-08-16T17:55:28+08:00" level=error msg="[UE][NAS] NAS MAC verification failed(received:[255 170 49 4]expected:[94 14 197 90]"
time="2026-08-16T17:55:28+08:00" level=info msg="[GNB][SCTP] Receive message in 0 stream\n"
time="2026-08-16T17:55:28+08:00" level=info msg="[GNB][SCTP] Receive message in 0 stream\n"
time="2026-08-16T17:55:28+08:00" level=info msg="[GNB][NGAP] Receive Downlink NAS Transport"
time="2026-08-16T17:55:28+08:00" level=info msg="[UE][NAS] Message with security header"
time="2026-08-16T17:55:28+08:00" level=info msg="[UE][NAS] Message with integrity and with NEW 5G NAS SECURITY CONTEXT"
time="2026-08-16T17:55:28+08:00" level=error msg="[UE][NAS] NAS MAC verification failed(received:[216 63 166 227]expected:[128 115 163 42]"
time="2026-08-16T17:55:28+08:00" level=info msg="[GNB][NGAP] Receive Downlink NAS Transport"
time="2026-08-16T17:55:28+08:00" level=info msg="[UE][NAS] Message with security header"
time="2026-08-16T17:55:28+08:00" level=info msg="[UE][NAS] Message with integrity and with NEW 5G NAS SECURITY CONTEXT"
time="2026-08-16T17:55:28+08:00" level=error msg="[UE][NAS] NAS MAC verification failed(received:[237 146 106 49]expected:[99 252 120 101]"
time="2026-08-16T17:55:29+08:00" level=info msg="[GNB][SCTP] Receive message in 0 stream\n"
time="2026-08-16T17:55:29+08:00" level=info msg="[GNB][NGAP] Receive Downlink NAS Transport"
time="2026-08-16T17:55:29+08:00" level=info msg="[UE][NAS] Message with security header"
time="2026-08-16T17:55:29+08:00" level=info msg="[UE][NAS] Message with integrity and with NEW 5G NAS SECURITY CONTEXT"
time="2026-08-16T17:55:29+08:00" level=error msg="[UE][NAS] NAS MAC verification failed(received:[130 128 249 66]expected:[169 10 15 124]"
time="2026-08-16T17:55:29+08:00" level=info msg="[GNB][SCTP] Receive message in 0 stream\n"
time="2026-08-16T17:55:29+08:00" level=info msg="[GNB][NGAP] Receive Downlink NAS Transport"
time="2026-08-16T17:55:29+08:00" level=info msg="[UE][NAS] Message with security header"
time="2026-08-16T17:55:29+08:00" level=info msg="[UE][NAS] Message with integrity and with NEW 5G NAS SECURITY CONTEXT"
time="2026-08-16T17:55:29+08:00" level=error msg="[UE][NAS] NAS MAC verification failed(received:[42 242 11 150]expected:[114 63 129 174]"
time="2026-08-16T17:55:29+08:00" level=info msg="[GNB][SCTP] Receive message in 0 stream\n"
time="2026-08-16T17:55:29+08:00" level=info msg="[GNB][SCTP] Receive message in 0 stream\n"
time="2026-08-16T17:55:29+08:00" level=info msg="[GNB][NGAP] Receive Downlink NAS Transport"
time="2026-08-16T17:55:29+08:00" level=info msg="[UE][NAS] Message with security header"
time="2026-08-16T17:55:29+08:00" level=info msg="[UE][NAS] Message with integrity and with NEW 5G NAS SECURITY CONTEXT"
time="2026-08-16T17:55:29+08:00" level=error msg="[UE][NAS] NAS MAC verification failed(received:[87 31 216 78]expected:[201 85 127 202]"
time="2026-08-16T17:55:29+08:00" level=info msg="[GNB][NGAP] Receive Downlink NAS Transport"
time="2026-08-16T17:55:29+08:00" level=info msg="[UE][NAS] Message with security header"
time="2026-08-16T17:55:29+08:00" level=info msg="[UE][NAS] Message with integrity and with NEW 5G NAS SECURITY CONTEXT"
time="2026-08-16T17:55:29+08:00" level=error msg="[UE][NAS] NAS MAC verification failed(received:[255 240 140 57]expected:[88 22 29 116]"
time="2026-08-16T17:55:30+08:00" level=info msg="[GNB][SCTP] Receive message in 0 stream\n"
time="2026-08-16T17:55:30+08:00" level=info msg="[GNB][NGAP] Receive Initial Context Setup Request"
time="2026-08-16T17:55:30+08:00" level=info msg="[GNB][UE] UE Context was created with successful"
time="2026-08-16T17:55:30+08:00" level=info msg="[GNB][UE] UE RAN ID 1"
time="2026-08-16T17:55:30+08:00" level=info msg="[GNB][UE] UE AMF ID 900"
time="2026-08-16T17:55:30+08:00" level=info msg="[GNB][UE] UE Mobility Restrict --Plmn-- Mcc: 208 Mnc: 93"
time="2026-08-16T17:55:30+08:00" level=info msg="[GNB][UE] UE Masked Imeisv: 1110000000ffff00"
time="2026-08-16T17:55:30+08:00" level=info msg="[GNB][UE] Allowed Nssai-- Sst: [01 01] Sd: [010203 112233]"
time="2026-08-16T17:55:30+08:00" level=info msg="[GNB][NGAP][AMF] Send Initial Context Setup Response."
time="2026-08-16T17:55:30+08:00" level=info msg="[GNB] Initiating Initial Context Setup Response"
time="2026-08-16T17:55:30+08:00" level=info msg="[GNB][NGAP] No PDU Session to set up in InitialContextSetupResponse."
time="2026-08-16T17:55:30+08:00" level=info msg="[UE][NAS] Message with security header"
time="2026-08-16T17:55:30+08:00" level=info msg="[UE][NAS] Message with integrity and ciphered"
time="2026-08-16T17:55:30+08:00" level=info msg="[UE][NAS] successful NAS CIPHERING"
time="2026-08-16T17:55:30+08:00" level=error msg="[UE][NAS] NAS MAC verification failed(received:[217 12 222 12]expected:[93 249 74 115]"
time="2026-08-16T17:55:31+08:00" level=info msg="[GNB][SCTP] Receive message in 0 stream\n"
time="2026-08-16T17:55:31+08:00" level=info msg="[GNB][NGAP] Receive Downlink NAS Transport"
time="2026-08-16T17:55:31+08:00" level=info msg="[UE][NAS] Message with security header"
time="2026-08-16T17:55:31+08:00" level=info msg="[UE][NAS] Message with integrity and with NEW 5G NAS SECURITY CONTEXT"
time="2026-08-16T17:55:31+08:00" level=error msg="[UE][NAS] NAS MAC verification failed(received:[187 33 32 79]expected:[51 225 115 101]"
time="2026-08-16T17:55:32+08:00" level=info msg="[GNB][SCTP] Receive message in 0 stream\n"
time="2026-08-16T17:55:32+08:00" level=info msg="[GNB][NGAP] Receive Initial Context Setup Request"
time="2026-08-16T17:55:32+08:00" level=info msg="[GNB][UE] UE Context was created with successful"
time="2026-08-16T17:55:32+08:00" level=info msg="[GNB][UE] UE RAN ID 31"
time="2026-08-16T17:55:32+08:00" level=info msg="[GNB][UE] UE AMF ID 930"
time="2026-08-16T17:55:32+08:00" level=info msg="[GNB][UE] UE Mobility Restrict --Plmn-- Mcc: 208 Mnc: 93"
time="2026-08-16T17:55:32+08:00" level=info msg="[GNB][UE] UE Masked Imeisv: 1110000000ffff00"
time="2026-08-16T17:55:32+08:00" level=info msg="[GNB][UE] Allowed Nssai-- Sst: [01 01] Sd: [010203 112233]"
time="2026-08-16T17:55:32+08:00" level=info msg="[GNB][NGAP][AMF] Send Initial Context Setup Response."
time="2026-08-16T17:55:32+08:00" level=info msg="[GNB] Initiating Initial Context Setup Response"
time="2026-08-16T17:55:32+08:00" level=info msg="[GNB][NGAP] No PDU Session to set up in InitialContextSetupResponse."
time="2026-08-16T17:55:32+08:00" level=info msg="[UE][NAS] Message with security header"
time="2026-08-16T17:55:32+08:00" level=info msg="[UE][NAS] Message with integrity and ciphered"
time="2026-08-16T17:55:32+08:00" level=info msg="[UE][NAS] successful NAS CIPHERING"
time="2026-08-16T17:55:32+08:00" level=error msg="[UE][NAS] NAS MAC verification failed(received:[88 145 239 160]expected:[171 132 168 68]"
time="2026-08-16T17:55:32+08:00" level=info msg="[GNB][SCTP] Receive message in 0 stream\n"
time="2026-08-16T17:55:32+08:00" level=info msg="[GNB][NGAP] Receive Initial Context Setup Request"
time="2026-08-16T17:55:32+08:00" level=info msg="[GNB][UE] UE Context was created with successful"
time="2026-08-16T17:55:32+08:00" level=info msg="[GNB][UE] UE RAN ID 40"
time="2026-08-16T17:55:32+08:00" level=info msg="[GNB][UE] UE AMF ID 939"
time="2026-08-16T17:55:32+08:00" level=info msg="[GNB][UE] UE Mobility Restrict --Plmn-- Mcc: 208 Mnc: 93"
time="2026-08-16T17:55:32+08:00" level=info msg="[GNB][UE] UE Masked Imeisv: 1110000000ffff00"
time="2026-08-16T17:55:32+08:00" level=info msg="[GNB][UE] Allowed Nssai-- Sst: [01 01] Sd: [010203 112233]"
time="2026-08-16T17:55:32+08:00" level=info msg="[GNB][NGAP][AMF] Send Initial Context Setup Response."
time="2026-08-16T17:55:32+08:00" level=info msg="[GNB] Initiating Initial Context Setup Response"
time="2026-08-16T17:55:32+08:00" level=info msg="[GNB][NGAP] No PDU Session to set up in InitialContextSetupResponse."
time="2026-08-16T17:55:32+08:00" level=info msg="[UE][NAS] Message with security header"
time="2026-08-16T17:55:32+08:00" level=info msg="[UE][NAS] Message with integrity and ciphered"
time="2026-08-16T17:55:32+08:00" level=info msg="[UE][NAS] successful NAS CIPHERING"
time="2026-08-16T17:55:32+08:00" level=error msg="[UE][NAS] NAS MAC verification failed(received:[201 46 128 214]expected:[92 78 128 48]"
time="2026-08-16T17:55:33+08:00" level=info msg="[GNB][SCTP] Receive message in 0 stream\n"
time="2026-08-16T17:55:33+08:00" level=info msg="[GNB][NGAP] Receive Initial Context Setup Request"
time="2026-08-16T17:55:33+08:00" level=info msg="[GNB][UE] UE Context was created with successful"
time="2026-08-16T17:55:33+08:00" level=info msg="[GNB][UE] UE RAN ID 39"
time="2026-08-16T17:55:33+08:00" level=info msg="[GNB][UE] UE AMF ID 938"
time="2026-08-16T17:55:33+08:00" level=info msg="[GNB][UE] UE Mobility Restrict --Plmn-- Mcc: 208 Mnc: 93"
time="2026-08-16T17:55:33+08:00" level=info msg="[GNB][UE] UE Masked Imeisv: 1110000000ffff00"
time="2026-08-16T17:55:33+08:00" level=info msg="[GNB][UE] Allowed Nssai-- Sst: [01 01] Sd: [010203 112233]"
time="2026-08-16T17:55:33+08:00" level=info msg="[GNB][NGAP][AMF] Send Initial Context Setup Response."
time="2026-08-16T17:55:33+08:00" level=info msg="[GNB] Initiating Initial Context Setup Response"
time="2026-08-16T17:55:33+08:00" level=info msg="[GNB][NGAP] No PDU Session to set up in InitialContextSetupResponse."
time="2026-08-16T17:55:33+08:00" level=info msg="[UE][NAS] Message with security header"
time="2026-08-16T17:55:33+08:00" level=info msg="[UE][NAS] Message with integrity and ciphered"
time="2026-08-16T17:55:33+08:00" level=info msg="[UE][NAS] successful NAS CIPHERING"
time="2026-08-16T17:55:33+08:00" level=error msg="[UE][NAS] NAS MAC verification failed(received:[61 25 254 25]expected:[94 17 206 152]"
time="2026-08-16T17:55:33+08:00" level=info msg="[GNB][SCTP] Receive message in 0 stream\n"
time="2026-08-16T17:55:33+08:00" level=info msg="[GNB][NGAP] Receive Downlink NAS Transport"
time="2026-08-16T17:55:33+08:00" level=info msg="[UE][NAS] Message with security header"
time="2026-08-16T17:55:33+08:00" level=info msg="[UE][NAS] Message with integrity and with NEW 5G NAS SECURITY CONTEXT"
time="2026-08-16T17:55:33+08:00" level=error msg="[UE][NAS] NAS MAC verification failed(received:[45 147 115 196]expected:[12 100 201 124]"
time="2026-08-16T17:55:33+08:00" level=info msg="[GNB][SCTP] Receive message in 0 stream\n"
time="2026-08-16T17:55:33+08:00" level=info msg="[GNB][NGAP] Receive Downlink NAS Transport"
time="2026-08-16T17:55:33+08:00" level=info msg="[UE][NAS] Message with security header"
time="2026-08-16T17:55:33+08:00" level=info msg="[UE][NAS] Message with integrity and with NEW 5G NAS SECURITY CONTEXT"
time="2026-08-16T17:55:33+08:00" level=error msg="[UE][NAS] NAS MAC verification failed(received:[185 244 106 30]expected:[182 90 154 238]"
time="2026-08-16T17:55:33+08:00" level=info msg="[GNB][SCTP] Receive message in 0 stream\n"
time="2026-08-16T17:55:33+08:00" level=info msg="[GNB][SCTP] Receive message in 0 stream\n"
time="2026-08-16T17:55:33+08:00" level=info msg="[GNB][NGAP] Receive Downlink NAS Transport"
time="2026-08-16T17:55:33+08:00" level=info msg="[UE][NAS] Message with security header"
time="2026-08-16T17:55:33+08:00" level=info msg="[UE][NAS] Message with integrity and with NEW 5G NAS SECURITY CONTEXT"
time="2026-08-16T17:55:33+08:00" level=error msg="[UE][NAS] NAS MAC verification failed(received:[33 112 179 253]expected:[210 141 99 141]"
time="2026-08-16T17:55:33+08:00" level=info msg="[GNB][NGAP] Receive Initial Context Setup Request"
time="2026-08-16T17:55:33+08:00" level=info msg="[GNB][UE] UE Context was created with successful"
time="2026-08-16T17:55:33+08:00" level=info msg="[GNB][UE] UE RAN ID 58"
time="2026-08-16T17:55:33+08:00" level=info msg="[GNB][UE] UE AMF ID 957"
time="2026-08-16T17:55:33+08:00" level=info msg="[GNB][UE] UE Mobility Restrict --Plmn-- Mcc: 208 Mnc: 93"
time="2026-08-16T17:55:33+08:00" level=info msg="[GNB][UE] UE Masked Imeisv: 1110000000ffff00"
time="2026-08-16T17:55:33+08:00" level=info msg="[GNB][UE] Allowed Nssai-- Sst: [01 01] Sd: [010203 112233]"
time="2026-08-16T17:55:33+08:00" level=info msg="[GNB][NGAP][AMF] Send Initial Context Setup Response."
time="2026-08-16T17:55:33+08:00" level=info msg="[GNB] Initiating Initial Context Setup Response"
time="2026-08-16T17:55:33+08:00" level=info msg="[GNB][NGAP] No PDU Session to set up in InitialContextSetupResponse."
time="2026-08-16T17:55:33+08:00" level=info msg="[UE][NAS] Message with security header"
time="2026-08-16T17:55:33+08:00" level=info msg="[UE][NAS] Message with integrity and ciphered"
time="2026-08-16T17:55:33+08:00" level=info msg="[UE][NAS] successful NAS CIPHERING"
time="2026-08-16T17:55:33+08:00" level=error msg="[UE][NAS] NAS MAC verification failed(received:[112 150 10 207]expected:[229 146 28 253]"
time="2026-08-16T17:55:34+08:00" level=info msg="[GNB][SCTP] Receive message in 0 stream\n"
time="2026-08-16T17:55:34+08:00" level=info msg="[GNB][NGAP] Receive Downlink NAS Transport"
time="2026-08-16T17:55:34+08:00" level=info msg="[UE][NAS] Message with security header"
time="2026-08-16T17:55:34+08:00" level=info msg="[UE][NAS] Message with integrity and with NEW 5G NAS SECURITY CONTEXT"
time="2026-08-16T17:55:34+08:00" level=error msg="[UE][NAS] NAS MAC verification failed(received:[54 230 102 147]expected:[29 64 232 94]"
time="2026-08-16T17:55:34+08:00" level=info msg="[GNB][SCTP] Receive message in 0 stream\n"
time="2026-08-16T17:55:34+08:00" level=info msg="[GNB][NGAP] Receive Downlink NAS Transport"
time="2026-08-16T17:55:34+08:00" level=info msg="[UE][NAS] Message with security header"
time="2026-08-16T17:55:34+08:00" level=info msg="[UE][NAS] Message with integrity and with NEW 5G NAS SECURITY CONTEXT"
time="2026-08-16T17:55:34+08:00" level=error msg="[UE][NAS] NAS MAC verification failed(received:[216 63 166 227]expected:[128 115 163 42]"
time="2026-08-16T17:55:34+08:00" level=info msg="[GNB][SCTP] Receive message in 0 stream\n"
time="2026-08-16T17:55:34+08:00" level=info msg="[GNB][NGAP] Receive Downlink NAS Transport"
time="2026-08-16T17:55:34+08:00" level=info msg="[UE][NAS] Message with security header"
time="2026-08-16T17:55:34+08:00" level=info msg="[UE][NAS] Message with integrity and with NEW 5G NAS SECURITY CONTEXT"
time="2026-08-16T17:55:34+08:00" level=error msg="[UE][NAS] NAS MAC verification failed(received:[130 128 249 66]expected:[169 10 15 124]"
time="2026-08-16T17:55:35+08:00" level=info msg="[GNB][SCTP] Receive message in 0 stream\n"
time="2026-08-16T17:55:35+08:00" level=info msg="[GNB][NGAP] Receive Initial Context Setup Request"
time="2026-08-16T17:55:35+08:00" level=info msg="[GNB][UE] UE Context was created with successful"
time="2026-08-16T17:55:35+08:00" level=info msg="[GNB][UE] UE RAN ID 83"
time="2026-08-16T17:55:35+08:00" level=info msg="[GNB][UE] UE AMF ID 982"
time="2026-08-16T17:55:35+08:00" level=info msg="[GNB][UE] UE Mobility Restrict --Plmn-- Mcc: 208 Mnc: 93"
time="2026-08-16T17:55:35+08:00" level=info msg="[GNB][UE] UE Masked Imeisv: 1110000000ffff00"
time="2026-08-16T17:55:35+08:00" level=info msg="[GNB][UE] Allowed Nssai-- Sst: [01 01] Sd: [010203 112233]"
time="2026-08-16T17:55:35+08:00" level=info msg="[GNB][NGAP][AMF] Send Initial Context Setup Response."
time="2026-08-16T17:55:35+08:00" level=info msg="[GNB] Initiating Initial Context Setup Response"
time="2026-08-16T17:55:35+08:00" level=info msg="[GNB][NGAP] No PDU Session to set up in InitialContextSetupResponse."
time="2026-08-16T17:55:35+08:00" level=info msg="[UE][NAS] Message with security header"
time="2026-08-16T17:55:35+08:00" level=info msg="[UE][NAS] Message with integrity and ciphered"
time="2026-08-16T17:55:35+08:00" level=info msg="[UE][NAS] successful NAS CIPHERING"
time="2026-08-16T17:55:35+08:00" level=error msg="[UE][NAS] NAS MAC verification failed(received:[72 83 192 170]expected:[49 13 168 10]"
time="2026-08-16T17:55:35+08:00" level=info msg="[GNB][SCTP] Receive message in 0 stream\n"
time="2026-08-16T17:55:35+08:00" level=info msg="[GNB][NGAP] Receive Downlink NAS Transport"
time="2026-08-16T17:55:35+08:00" level=info msg="[UE][NAS] Message with security header"
time="2026-08-16T17:55:35+08:00" level=info msg="[UE][NAS] Message with integrity and with NEW 5G NAS SECURITY CONTEXT"
time="2026-08-16T17:55:35+08:00" level=error msg="[UE][NAS] NAS MAC verification failed(received:[42 242 11 150]expected:[114 63 129 174]"
time="2026-08-16T17:55:35+08:00" level=info msg="[GNB][SCTP] Receive message in 0 stream\n"
time="2026-08-16T17:55:35+08:00" level=info msg="[GNB][NGAP] Receive Downlink NAS Transport"
time="2026-08-16T17:55:35+08:00" level=info msg="[UE][NAS] Message with security header"
time="2026-08-16T17:55:35+08:00" level=info msg="[UE][NAS] Message with integrity and with NEW 5G NAS SECURITY CONTEXT"
time="2026-08-16T17:55:35+08:00" level=error msg="[UE][NAS] NAS MAC verification failed(received:[87 31 216 78]expected:[201 85 127 202]"
time="2026-08-16T17:55:35+08:00" level=info msg="[GNB][SCTP] Receive message in 0 stream\n"
time="2026-08-16T17:55:35+08:00" level=info msg="[GNB][NGAP] Receive Downlink NAS Transport"
time="2026-08-16T17:55:35+08:00" level=info msg="[UE][NAS] Message with security header"
time="2026-08-16T17:55:35+08:00" level=info msg="[UE][NAS] Message with integrity and with NEW 5G NAS SECURITY CONTEXT"
time="2026-08-16T17:55:35+08:00" level=error msg="[UE][NAS] NAS MAC verification failed(received:[255 240 140 57]expected:[88 22 29 116]"
time="2026-08-16T17:55:36+08:00" level=info msg="[GNB][SCTP] Receive message in 0 stream\n"
time="2026-08-16T17:55:36+08:00" level=info msg="[GNB][NGAP] Receive Initial Context Setup Request"
time="2026-08-16T17:55:36+08:00" level=info msg="[GNB][UE] UE Context was created with successful"
time="2026-08-16T17:55:36+08:00" level=info msg="[GNB][UE] UE RAN ID 1"
time="2026-08-16T17:55:36+08:00" level=info msg="[GNB][UE] UE AMF ID 900"
time="2026-08-16T17:55:36+08:00" level=info msg="[GNB][UE] UE Mobility Restrict --Plmn-- Mcc: 208 Mnc: 93"
time="2026-08-16T17:55:36+08:00" level=info msg="[GNB][UE] UE Masked Imeisv: 1110000000ffff00"
time="2026-08-16T17:55:36+08:00" level=info msg="[GNB][UE] Allowed Nssai-- Sst: [01 01] Sd: [010203 112233]"
time="2026-08-16T17:55:36+08:00" level=info msg="[GNB][NGAP][AMF] Send Initial Context Setup Response."
time="2026-08-16T17:55:36+08:00" level=info msg="[GNB] Initiating Initial Context Setup Response"
time="2026-08-16T17:55:36+08:00" level=info msg="[GNB][NGAP] No PDU Session to set up in InitialContextSetupResponse."
time="2026-08-16T17:55:36+08:00" level=info msg="[UE][NAS] Message with security header"
time="2026-08-16T17:55:36+08:00" level=info msg="[UE][NAS] Message with integrity and ciphered"
time="2026-08-16T17:55:36+08:00" level=info msg="[UE][NAS] successful NAS CIPHERING"
time="2026-08-16T17:55:36+08:00" level=error msg="[UE][NAS] NAS MAC verification failed(received:[217 12 222 12]expected:[93 249 74 115]"
time="2026-08-16T17:55:38+08:00" level=info msg="[GNB][SCTP] Receive message in 0 stream\n"
time="2026-08-16T17:55:38+08:00" level=info msg="[GNB][NGAP] Receive Initial Context Setup Request"
time="2026-08-16T17:55:38+08:00" level=info msg="[GNB][UE] UE Context was created with successful"
time="2026-08-16T17:55:38+08:00" level=info msg="[GNB][UE] UE RAN ID 31"
time="2026-08-16T17:55:38+08:00" level=info msg="[GNB][UE] UE AMF ID 930"
time="2026-08-16T17:55:38+08:00" level=info msg="[GNB][UE] UE Mobility Restrict --Plmn-- Mcc: 208 Mnc: 93"
time="2026-08-16T17:55:38+08:00" level=info msg="[GNB][UE] UE Masked Imeisv: 1110000000ffff00"
time="2026-08-16T17:55:38+08:00" level=info msg="[GNB][UE] Allowed Nssai-- Sst: [01 01] Sd: [010203 112233]"
time="2026-08-16T17:55:38+08:00" level=info msg="[GNB][NGAP][AMF] Send Initial Context Setup Response."
time="2026-08-16T17:55:38+08:00" level=info msg="[GNB] Initiating Initial Context Setup Response"
time="2026-08-16T17:55:38+08:00" level=info msg="[GNB][NGAP] No PDU Session to set up in InitialContextSetupResponse."
time="2026-08-16T17:55:38+08:00" level=info msg="[UE][NAS] Message with security header"
time="2026-08-16T17:55:38+08:00" level=info msg="[UE][NAS] Message with integrity and ciphered"
time="2026-08-16T17:55:38+08:00" level=info msg="[UE][NAS] successful NAS CIPHERING"
time="2026-08-16T17:55:38+08:00" level=error msg="[UE][NAS] NAS MAC verification failed(received:[88 145 239 160]expected:[171 132 168 68]"
time="2026-08-16T17:55:38+08:00" level=info msg="[GNB][SCTP] Receive message in 0 stream\n"
time="2026-08-16T17:55:38+08:00" level=info msg="[GNB][NGAP] Receive Downlink NAS Transport"
time="2026-08-16T17:55:38+08:00" level=info msg="[UE][NAS] Message with security header"
time="2026-08-16T17:55:38+08:00" level=info msg="[UE][NAS] Message with integrity and ciphered"
time="2026-08-16T17:55:38+08:00" level=info msg="[UE][NAS] successful NAS CIPHERING"
time="2026-08-16T17:55:38+08:00" level=error msg="[UE][NAS] NAS MAC verification failed(received:[77 39 79 138]expected:[94 229 146 243]"
time="2026-08-16T17:55:39+08:00" level=info msg="[GNB][SCTP] Receive message in 0 stream\n"
time="2026-08-16T17:55:39+08:00" level=info msg="[GNB][NGAP] Receive Initial Context Setup Request"
time="2026-08-16T17:55:39+08:00" level=info msg="[GNB][UE] UE Context was created with successful"
time="2026-08-16T17:55:39+08:00" level=info msg="[GNB][UE] UE RAN ID 58"
time="2026-08-16T17:55:39+08:00" level=info msg="[GNB][UE] UE AMF ID 957"
time="2026-08-16T17:55:39+08:00" level=info msg="[GNB][UE] UE Mobility Restrict --Plmn-- Mcc: 208 Mnc: 93"
time="2026-08-16T17:55:39+08:00" level=info msg="[GNB][UE] UE Masked Imeisv: 1110000000ffff00"
time="2026-08-16T17:55:39+08:00" level=info msg="[GNB][UE] Allowed Nssai-- Sst: [01 01] Sd: [010203 112233]"
time="2026-08-16T17:55:39+08:00" level=info msg="[GNB][NGAP][AMF] Send Initial Context Setup Response."
time="2026-08-16T17:55:39+08:00" level=info msg="[GNB] Initiating Initial Context Setup Response"
time="2026-08-16T17:55:39+08:00" level=info msg="[GNB][NGAP] No PDU Session to set up in InitialContextSetupResponse."
time="2026-08-16T17:55:39+08:00" level=info msg="[UE][NAS] Message with security header"
time="2026-08-16T17:55:39+08:00" level=info msg="[UE][NAS] Message with integrity and ciphered"
time="2026-08-16T17:55:39+08:00" level=info msg="[UE][NAS] successful NAS CIPHERING"
time="2026-08-16T17:55:39+08:00" level=error msg="[UE][NAS] NAS MAC verification failed(received:[112 150 10 207]expected:[229 146 28 253]"
time="2026-08-16T17:55:40+08:00" level=info msg="[GNB][SCTP] Receive message in 0 stream\n"
time="2026-08-16T17:55:40+08:00" level=info msg="[GNB][NGAP] Receive Initial Context Setup Request"
time="2026-08-16T17:55:40+08:00" level=info msg="[GNB][UE] UE Context was created with successful"
time="2026-08-16T17:55:40+08:00" level=info msg="[GNB][UE] UE RAN ID 83"
time="2026-08-16T17:55:40+08:00" level=info msg="[GNB][UE] UE AMF ID 982"
time="2026-08-16T17:55:40+08:00" level=info msg="[GNB][UE] UE Mobility Restrict --Plmn-- Mcc: 208 Mnc: 93"
time="2026-08-16T17:55:40+08:00" level=info msg="[GNB][UE] UE Masked Imeisv: 1110000000ffff00"
time="2026-08-16T17:55:40+08:00" level=info msg="[GNB][UE] Allowed Nssai-- Sst: [01 01] Sd: [010203 112233]"
time="2026-08-16T17:55:40+08:00" level=info msg="[GNB][NGAP][AMF] Send Initial Context Setup Response."
time="2026-08-16T17:55:40+08:00" level=info msg="[GNB] Initiating Initial Context Setup Response"
time="2026-08-16T17:55:40+08:00" level=info msg="[GNB][NGAP] No PDU Session to set up in InitialContextSetupResponse."
time="2026-08-16T17:55:40+08:00" level=info msg="[UE][NAS] Message with security header"
time="2026-08-16T17:55:40+08:00" level=info msg="[UE][NAS] Message with integrity and ciphered"
time="2026-08-16T17:55:40+08:00" level=info msg="[UE][NAS] successful NAS CIPHERING"
time="2026-08-16T17:55:40+08:00" level=error msg="[UE][NAS] NAS MAC verification failed(received:[72 83 192 170]expected:[49 13 168 10]"
time="2026-08-16T17:55:45+08:00" level=info msg="[GNB][SCTP] Receive message in 0 stream\n"
time="2026-08-16T17:55:45+08:00" level=info msg="[GNB][NGAP] Receive Initial Context Setup Request"
time="2026-08-16T17:55:45+08:00" level=info msg="[GNB][UE] UE Context was created with successful"
time="2026-08-16T17:55:45+08:00" level=info msg="[GNB][UE] UE RAN ID 58"
time="2026-08-16T17:55:45+08:00" level=info msg="[GNB][UE] UE AMF ID 957"
time="2026-08-16T17:55:45+08:00" level=info msg="[GNB][UE] UE Mobility Restrict --Plmn-- Mcc: 208 Mnc: 93"
time="2026-08-16T17:55:45+08:00" level=info msg="[GNB][UE] UE Masked Imeisv: 1110000000ffff00"
time="2026-08-16T17:55:45+08:00" level=info msg="[GNB][UE] Allowed Nssai-- Sst: [01 01] Sd: [010203 112233]"
time="2026-08-16T17:55:45+08:00" level=info msg="[GNB][NGAP][AMF] Send Initial Context Setup Response."
time="2026-08-16T17:55:45+08:00" level=info msg="[GNB] Initiating Initial Context Setup Response"
time="2026-08-16T17:55:45+08:00" level=info msg="[GNB][NGAP] No PDU Session to set up in InitialContextSetupResponse."
time="2026-08-16T17:55:45+08:00" level=info msg="[UE][NAS] Message with security header"
time="2026-08-16T17:55:45+08:00" level=info msg="[UE][NAS] Message with integrity and ciphered"
time="2026-08-16T17:55:45+08:00" level=info msg="[UE][NAS] successful NAS CIPHERING"
time="2026-08-16T17:55:45+08:00" level=error msg="[UE][NAS] NAS MAC verification failed(received:[112 150 10 207]expected:[229 146 28 253]"
time="2026-08-16T17:55:47+08:00" level=info msg="[GNB][SCTP] Receive message in 0 stream\n"
time="2026-08-16T17:55:47+08:00" level=info msg="[GNB][NGAP] Receive Downlink NAS Transport"
time="2026-08-16T17:55:47+08:00" level=info msg="[UE][NAS] Message with security header"
time="2026-08-16T17:55:47+08:00" level=info msg="[UE][NAS] Message with integrity and ciphered"
time="2026-08-16T17:55:47+08:00" level=info msg="[UE][NAS] successful NAS CIPHERING"
time="2026-08-16T17:55:47+08:00" level=error msg="[UE][NAS] NAS MAC verification failed(received:[111 70 126 189]expected:[153 116 160 9]"
time="2026-08-16T17:55:51+08:00" level=info msg="[GNB][SCTP] Receive message in 0 stream\n"
time="2026-08-16T17:55:51+08:00" level=info msg="[GNB][NGAP] Receive Downlink NAS Transport"
time="2026-08-16T17:55:51+08:00" level=info msg="[UE][NAS] Message with security header"
time="2026-08-16T17:55:51+08:00" level=info msg="[UE][NAS] Message with integrity and ciphered"
time="2026-08-16T17:55:51+08:00" level=info msg="[UE][NAS] successful NAS CIPHERING"
time="2026-08-16T17:55:51+08:00" level=error msg="[UE][NAS] NAS MAC verification failed(received:[192 46 236 31]expected:[76 188 206 197]"
