time="2026-08-11T20:43:38+08:00" level=info msg="Loaded config at: config/b2-run1.yml"
time="2026-08-11T20:43:38+08:00" level=info msg="PacketRusher version 1.0.1"
time="2026-08-11T20:43:38+08:00" level=info msg=---------------------------------------
time="2026-08-11T20:43:38+08:00" level=info msg="[TESTER] Starting test function: Testing registration of multiple UEs"
time="2026-08-11T20:43:38+08:00" level=info msg="[TESTER][UE] Number of UEs: 100"
time="2026-08-11T20:43:38+08:00" level=info msg="[TESTER][GNB] gNodeB control interface IP/Port: 172.18.0.1:9487~"
time="2026-08-11T20:43:38+08:00" level=info msg="[TESTER][GNB] gNodeB data interface IP/Port: 172.18.0.1:2152"
time="2026-08-11T20:43:38+08:00" level=info msg="[TESTER][AMF] AMF IP/Port: 172.18.0.2:30412"
time="2026-08-11T20:43:38+08:00" level=info msg=---------------------------------------
time="2026-08-11T20:43:38+08:00" level=info msg="[GNB] InitGnb called with N2 IP: 172.18.0.1:9487"
time="2026-08-11T20:43:38+08:00" level=info msg="[GNB] Attempting connection with N2 IP: 172.18.0.1:9487"
time="2026-08-11T20:43:38+08:00" level=info msg="[GNB][SCTP] Initializing connection: local=172.18.0.1:9487 remote=172.18.0.2:30412"
time="2026-08-11T20:43:38+08:00" level=info msg="[GNB][SCTP] Attempting SCTP dial..."
time="2026-08-11T20:43:38+08:00" level=info msg="[GNB][SCTP] SCTP connection established successfully"
time="2026-08-11T20:43:38+08:00" level=info msg="[GNB][SCTP] Starting GnbListen goroutine..."
time="2026-08-11T20:43:38+08:00" level=info msg="[GNB] SCTP/NGAP service is running"
time="2026-08-11T20:43:38+08:00" level=info msg="[GNB] Sending NG Setup Request..."
time="2026-08-11T20:43:38+08:00" level=info msg="[GNB] Initiating NG Setup Request"
time="2026-08-11T20:43:38+08:00" level=info msg="[GNB] NG Setup Request sent, waiting for response..."
time="2026-08-11T20:43:38+08:00" level=info msg="[GNB][SCTP] Receive message in 0 stream\n"
time="2026-08-11T20:43:38+08:00" level=info msg="[GNB][NGAP] Receive NG Setup Response"
time="2026-08-11T20:43:38+08:00" level=info msg="[GNB][AMF] AMF Name: AMF000"
time="2026-08-11T20:43:38+08:00" level=info msg="[GNB][AMF] State of AMF: Active"
time="2026-08-11T20:43:38+08:00" level=info msg="[GNB][AMF] Capacity of AMF: 255"
time="2026-08-11T20:43:38+08:00" level=info msg="[GNB][AMF] PLMNs Identities Supported by AMF -- mcc: 208 mnc:93"
time="2026-08-11T20:43:38+08:00" level=info msg="[GNB][AMF] List of AMF slices Supported by AMF -- sst:01 sd:010203"
time="2026-08-11T20:43:38+08:00" level=info msg="[GNB] NG Setup successful with N2 IP: 172.18.0.1:9487"
time="2026-08-11T20:43:39+08:00" level=info msg="[TESTER] TESTING REGISTRATION USING IMSI 0000013001 UE"
time="2026-08-11T20:43:39+08:00" level=info msg="[GNB] Received incoming connection from new UE"
time="2026-08-11T20:43:39+08:00" level=info msg="[UE] Initiating Registration"
time="2026-08-11T20:43:39+08:00" level=info msg="[UE] Switched from state 0 to state 1"
time="2026-08-11T20:43:39+08:00" level=info msg="[TESTER] TESTING REGISTRATION USING IMSI 0000013002 UE"
time="2026-08-11T20:43:39+08:00" level=info msg="[GNB] Received incoming connection from new UE"
time="2026-08-11T20:43:39+08:00" level=info msg="[UE] Initiating Registration"
time="2026-08-11T20:43:39+08:00" level=info msg="[UE] Switched from state 0 to state 1"
time="2026-08-11T20:43:39+08:00" level=info msg="[TESTER] TESTING REGISTRATION USING IMSI 0000013003 UE"
time="2026-08-11T20:43:39+08:00" level=info msg="[GNB] Received incoming connection from new UE"
time="2026-08-11T20:43:39+08:00" level=info msg="[UE] Initiating Registration"
time="2026-08-11T20:43:39+08:00" level=info msg="[UE] Switched from state 0 to state 1"
time="2026-08-11T20:43:39+08:00" level=info msg="[GNB][SCTP] Receive message in 0 stream\n"
time="2026-08-11T20:43:39+08:00" level=info msg="[GNB][NGAP] Receive Downlink NAS Transport"
time="2026-08-11T20:43:39+08:00" level=info msg="[UE][NAS] Message without security header"
time="2026-08-11T20:43:39+08:00" level=info msg="[UE][NAS] Receive Authentication Request"
time="2026-08-11T20:43:39+08:00" level=info msg="[UE][NAS][MAC] Authenticity of the authentication request message: OK"
time="2026-08-11T20:43:39+08:00" level=info msg="[UE][NAS][SQN] SQN of the authentication request message: VALID"
time="2026-08-11T20:43:39+08:00" level=info msg="[UE][NAS] Send authentication response"
time="2026-08-11T20:43:39+08:00" level=info msg="[UE] Switched from state 1 to state 2"
time="2026-08-11T20:43:39+08:00" level=info msg="[TESTER] TESTING REGISTRATION USING IMSI 0000013004 UE"
time="2026-08-11T20:43:39+08:00" level=info msg="[GNB] Received incoming connection from new UE"
time="2026-08-11T20:43:39+08:00" level=info msg="[UE] Initiating Registration"
time="2026-08-11T20:43:39+08:00" level=info msg="[UE] Switched from state 0 to state 1"
time="2026-08-11T20:43:39+08:00" level=info msg="[GNB][SCTP] Receive message in 0 stream\n"
time="2026-08-11T20:43:39+08:00" level=info msg="[GNB][NGAP] Receive Downlink NAS Transport"
time="2026-08-11T20:43:39+08:00" level=info msg="[UE][NAS] Message without security header"
time="2026-08-11T20:43:39+08:00" level=info msg="[UE][NAS] Receive Authentication Request"
time="2026-08-11T20:43:39+08:00" level=info msg="[UE][NAS][MAC] Authenticity of the authentication request message: OK"
time="2026-08-11T20:43:39+08:00" level=info msg="[UE][NAS][SQN] SQN of the authentication request message: VALID"
time="2026-08-11T20:43:39+08:00" level=info msg="[UE][NAS] Send authentication response"
time="2026-08-11T20:43:39+08:00" level=info msg="[UE] Switched from state 1 to state 2"
time="2026-08-11T20:43:39+08:00" level=info msg="[TESTER] TESTING REGISTRATION USING IMSI 0000013005 UE"
time="2026-08-11T20:43:39+08:00" level=info msg="[GNB] Received incoming connection from new UE"
time="2026-08-11T20:43:39+08:00" level=info msg="[UE] Initiating Registration"
time="2026-08-11T20:43:39+08:00" level=info msg="[UE] Switched from state 0 to state 1"
time="2026-08-11T20:43:39+08:00" level=info msg="[GNB][SCTP] Receive message in 0 stream\n"
time="2026-08-11T20:43:39+08:00" level=info msg="[GNB][NGAP] Receive Downlink NAS Transport"
time="2026-08-11T20:43:39+08:00" level=info msg="[UE][NAS] Message with security header"
time="2026-08-11T20:43:39+08:00" level=info msg="[UE][NAS] Message with integrity and with NEW 5G NAS SECURITY CONTEXT"
time="2026-08-11T20:43:39+08:00" level=info msg="[UE][NAS] successful NAS MAC verification"
time="2026-08-11T20:43:39+08:00" level=info msg="[UE][NAS] Receive Security Mode Command"
time="2026-08-11T20:43:39+08:00" level=info msg="[UE][NAS] Type of ciphering algorithm is 5G-EA0"
time="2026-08-11T20:43:39+08:00" level=info msg="[UE][NAS] Type of integrity protection algorithm is 128-5G-IA2"
time="2026-08-11T20:43:39+08:00" level=info msg="[TESTER] TESTING REGISTRATION USING IMSI 0000013006 UE"
time="2026-08-11T20:43:39+08:00" level=info msg="[GNB] Received incoming connection from new UE"
time="2026-08-11T20:43:39+08:00" level=info msg="[UE] Initiating Registration"
time="2026-08-11T20:43:39+08:00" level=info msg="[UE] Switched from state 0 to state 1"
time="2026-08-11T20:43:39+08:00" level=info msg="[GNB][SCTP] Receive message in 0 stream\n"
time="2026-08-11T20:43:39+08:00" level=info msg="[GNB][NGAP] Receive Downlink NAS Transport"
time="2026-08-11T20:43:39+08:00" level=info msg="[UE][NAS] Message without security header"
time="2026-08-11T20:43:39+08:00" level=info msg="[UE][NAS] Receive Authentication Request"
time="2026-08-11T20:43:39+08:00" level=info msg="[UE][NAS][MAC] Authenticity of the authentication request message: OK"
time="2026-08-11T20:43:39+08:00" level=info msg="[UE][NAS][SQN] SQN of the authentication request message: VALID"
time="2026-08-11T20:43:39+08:00" level=info msg="[UE][NAS] Send authentication response"
time="2026-08-11T20:43:39+08:00" level=info msg="[UE] Switched from state 1 to state 2"
time="2026-08-11T20:43:39+08:00" level=info msg="[GNB][SCTP] Receive message in 0 stream\n"
time="2026-08-11T20:43:39+08:00" level=info msg="[GNB][NGAP] Receive Downlink NAS Transport"
time="2026-08-11T20:43:39+08:00" level=info msg="[UE][NAS] Message without security header"
time="2026-08-11T20:43:39+08:00" level=info msg="[UE][NAS] Receive Authentication Request"
time="2026-08-11T20:43:39+08:00" level=info msg="[UE][NAS][MAC] Authenticity of the authentication request message: OK"
time="2026-08-11T20:43:39+08:00" level=info msg="[UE][NAS][SQN] SQN of the authentication request message: VALID"
time="2026-08-11T20:43:39+08:00" level=info msg="[UE][NAS] Send authentication response"
time="2026-08-11T20:43:39+08:00" level=info msg="[UE] Switched from state 1 to state 2"
time="2026-08-11T20:43:39+08:00" level=info msg="[TESTER] TESTING REGISTRATION USING IMSI 0000013007 UE"
time="2026-08-11T20:43:39+08:00" level=info msg="[GNB] Received incoming connection from new UE"
time="2026-08-11T20:43:39+08:00" level=info msg="[UE] Initiating Registration"
time="2026-08-11T20:43:39+08:00" level=info msg="[UE] Switched from state 0 to state 1"
time="2026-08-11T20:43:39+08:00" level=info msg="[TESTER] TESTING REGISTRATION USING IMSI 0000013008 UE"
time="2026-08-11T20:43:39+08:00" level=info msg="[GNB] Received incoming connection from new UE"
time="2026-08-11T20:43:39+08:00" level=info msg="[UE] Initiating Registration"
time="2026-08-11T20:43:39+08:00" level=info msg="[UE] Switched from state 0 to state 1"
time="2026-08-11T20:43:39+08:00" level=info msg="[GNB][SCTP] Receive message in 0 stream\n"
time="2026-08-11T20:43:39+08:00" level=info msg="[GNB][NGAP] Receive Downlink NAS Transport"
time="2026-08-11T20:43:39+08:00" level=info msg="[UE][NAS] Message without security header"
time="2026-08-11T20:43:39+08:00" level=info msg="[UE][NAS] Receive Authentication Request"
time="2026-08-11T20:43:39+08:00" level=info msg="[UE][NAS][MAC] Authenticity of the authentication request message: OK"
time="2026-08-11T20:43:39+08:00" level=info msg="[UE][NAS][SQN] SQN of the authentication request message: VALID"
time="2026-08-11T20:43:39+08:00" level=info msg="[UE][NAS] Send authentication response"
time="2026-08-11T20:43:39+08:00" level=info msg="[UE] Switched from state 1 to state 2"
time="2026-08-11T20:43:39+08:00" level=info msg="[TESTER] TESTING REGISTRATION USING IMSI 0000013009 UE"
time="2026-08-11T20:43:39+08:00" level=info msg="[GNB] Received incoming connection from new UE"
time="2026-08-11T20:43:39+08:00" level=info msg="[UE] Initiating Registration"
time="2026-08-11T20:43:39+08:00" level=info msg="[UE] Switched from state 0 to state 1"
time="2026-08-11T20:43:39+08:00" level=info msg="[TESTER] TESTING REGISTRATION USING IMSI 0000013010 UE"
time="2026-08-11T20:43:39+08:00" level=info msg="[GNB] Received incoming connection from new UE"
time="2026-08-11T20:43:39+08:00" level=info msg="[UE] Initiating Registration"
time="2026-08-11T20:43:39+08:00" level=info msg="[UE] Switched from state 0 to state 1"
time="2026-08-11T20:43:39+08:00" level=info msg="[GNB][SCTP] Receive message in 0 stream\n"
time="2026-08-11T20:43:39+08:00" level=info msg="[GNB][NGAP] Receive Downlink NAS Transport"
time="2026-08-11T20:43:39+08:00" level=info msg="[UE][NAS] Message with security header"
time="2026-08-11T20:43:39+08:00" level=info msg="[UE][NAS] Message with integrity and with NEW 5G NAS SECURITY CONTEXT"
time="2026-08-11T20:43:39+08:00" level=info msg="[UE][NAS] successful NAS MAC verification"
time="2026-08-11T20:43:39+08:00" level=info msg="[UE][NAS] Receive Security Mode Command"
time="2026-08-11T20:43:39+08:00" level=info msg="[UE][NAS] Type of ciphering algorithm is 5G-EA0"
time="2026-08-11T20:43:39+08:00" level=info msg="[UE][NAS] Type of integrity protection algorithm is 128-5G-IA2"
time="2026-08-11T20:43:40+08:00" level=info msg="[TESTER] TESTING REGISTRATION USING IMSI 0000013011 UE"
time="2026-08-11T20:43:40+08:00" level=info msg="[GNB] Received incoming connection from new UE"
time="2026-08-11T20:43:40+08:00" level=info msg="[UE] Initiating Registration"
time="2026-08-11T20:43:40+08:00" level=info msg="[UE] Switched from state 0 to state 1"
time="2026-08-11T20:43:40+08:00" level=info msg="[TESTER] TESTING REGISTRATION USING IMSI 0000013012 UE"
time="2026-08-11T20:43:40+08:00" level=info msg="[GNB] Received incoming connection from new UE"
time="2026-08-11T20:43:40+08:00" level=info msg="[UE] Initiating Registration"
time="2026-08-11T20:43:40+08:00" level=info msg="[UE] Switched from state 0 to state 1"
time="2026-08-11T20:43:40+08:00" level=info msg="[GNB][SCTP] Receive message in 0 stream\n"
time="2026-08-11T20:43:40+08:00" level=info msg="[GNB][NGAP] Receive Downlink NAS Transport"
time="2026-08-11T20:43:40+08:00" level=info msg="[UE][NAS] Message with security header"
time="2026-08-11T20:43:40+08:00" level=info msg="[UE][NAS] Message with integrity and with NEW 5G NAS SECURITY CONTEXT"
time="2026-08-11T20:43:40+08:00" level=info msg="[UE][NAS] successful NAS MAC verification"
time="2026-08-11T20:43:40+08:00" level=info msg="[UE][NAS] Receive Security Mode Command"
time="2026-08-11T20:43:40+08:00" level=info msg="[UE][NAS] Type of ciphering algorithm is 5G-EA0"
time="2026-08-11T20:43:40+08:00" level=info msg="[UE][NAS] Type of integrity protection algorithm is 128-5G-IA2"
time="2026-08-11T20:43:40+08:00" level=info msg="[GNB][SCTP] Receive message in 0 stream\n"
time="2026-08-11T20:43:40+08:00" level=info msg="[GNB][NGAP] Receive Downlink NAS Transport"
time="2026-08-11T20:43:40+08:00" level=info msg="[UE][NAS] Message with security header"
time="2026-08-11T20:43:40+08:00" level=info msg="[UE][NAS] Message with integrity and with NEW 5G NAS SECURITY CONTEXT"
time="2026-08-11T20:43:40+08:00" level=info msg="[UE][NAS] successful NAS MAC verification"
time="2026-08-11T20:43:40+08:00" level=info msg="[UE][NAS] Receive Security Mode Command"
time="2026-08-11T20:43:40+08:00" level=info msg="[UE][NAS] Type of ciphering algorithm is 5G-EA0"
time="2026-08-11T20:43:40+08:00" level=info msg="[UE][NAS] Type of integrity protection algorithm is 128-5G-IA2"
time="2026-08-11T20:43:40+08:00" level=info msg="[GNB][SCTP] Receive message in 0 stream\n"
time="2026-08-11T20:43:40+08:00" level=info msg="[GNB][NGAP] Receive Initial Context Setup Request"
time="2026-08-11T20:43:40+08:00" level=info msg="[GNB][UE] UE Context was created with successful"
time="2026-08-11T20:43:40+08:00" level=info msg="[GNB][UE] UE RAN ID 1"
time="2026-08-11T20:43:40+08:00" level=info msg="[GNB][UE] UE AMF ID 0"
time="2026-08-11T20:43:40+08:00" level=info msg="[GNB][UE] UE Mobility Restrict --Plmn-- Mcc: 208 Mnc: 93"
time="2026-08-11T20:43:40+08:00" level=info msg="[GNB][UE] UE Masked Imeisv: 1110000000ffff00"
time="2026-08-11T20:43:40+08:00" level=info msg="[GNB][UE] Allowed Nssai-- Sst: [01 01] Sd: [010203 112233]"
time="2026-08-11T20:43:40+08:00" level=info msg="[GNB][NGAP][AMF] Send Initial Context Setup Response."
time="2026-08-11T20:43:40+08:00" level=info msg="[GNB] Initiating Initial Context Setup Response"
time="2026-08-11T20:43:40+08:00" level=info msg="[GNB][NGAP] No PDU Session to set up in InitialContextSetupResponse."
time="2026-08-11T20:43:40+08:00" level=info msg="[UE][NAS] Message with security header"
time="2026-08-11T20:43:40+08:00" level=info msg="[UE][NAS] Message with integrity and ciphered"
time="2026-08-11T20:43:40+08:00" level=info msg="[UE][NAS] successful NAS CIPHERING"
time="2026-08-11T20:43:40+08:00" level=info msg="[UE][NAS] successful NAS MAC verification"
time="2026-08-11T20:43:40+08:00" level=info msg="[UE][NAS] Receive Registration Accept"
time="2026-08-11T20:43:40+08:00" level=info msg="[UE][NAS] UE 5G GUTI: &{119 11 [242 2 248 57 202 254 0 0 0 0 1]}"
time="2026-08-11T20:43:40+08:00" level=info msg="[UE] Switched from state 2 to state 3"
time="2026-08-11T20:43:40+08:00" level=info msg="[GNB][SCTP] Receive message in 0 stream\n"
time="2026-08-11T20:43:40+08:00" level=info msg="[GNB][NGAP] Receive Downlink NAS Transport"
time="2026-08-11T20:43:40+08:00" level=info msg="[UE][NAS] Message without security header"
time="2026-08-11T20:43:40+08:00" level=info msg="[UE][NAS] Receive Authentication Request"
time="2026-08-11T20:43:40+08:00" level=info msg="[UE][NAS][MAC] Authenticity of the authentication request message: OK"
time="2026-08-11T20:43:40+08:00" level=info msg="[UE][NAS][SQN] SQN of the authentication request message: VALID"
time="2026-08-11T20:43:40+08:00" level=info msg="[UE][NAS] Send authentication response"
time="2026-08-11T20:43:40+08:00" level=info msg="[UE] Switched from state 1 to state 2"
time="2026-08-11T20:43:40+08:00" level=info msg="[GNB][SCTP] Receive message in 0 stream\n"
time="2026-08-11T20:43:40+08:00" level=info msg="[GNB][NGAP] Receive Downlink NAS Transport"
time="2026-08-11T20:43:40+08:00" level=info msg="[UE][NAS] Message without security header"
time="2026-08-11T20:43:40+08:00" level=info msg="[TESTER] TESTING REGISTRATION USING IMSI 0000013013 UE"
time="2026-08-11T20:43:40+08:00" level=info msg="[GNB] Received incoming connection from new UE"
time="2026-08-11T20:43:40+08:00" level=info msg="[UE] Initiating Registration"
time="2026-08-11T20:43:40+08:00" level=info msg="[UE] Switched from state 0 to state 1"
time="2026-08-11T20:43:40+08:00" level=info msg="[UE][NAS] Receive Authentication Request"
time="2026-08-11T20:43:40+08:00" level=info msg="[UE][NAS][MAC] Authenticity of the authentication request message: OK"
time="2026-08-11T20:43:40+08:00" level=info msg="[UE][NAS][SQN] SQN of the authentication request message: VALID"
time="2026-08-11T20:43:40+08:00" level=info msg="[UE][NAS] Send authentication response"
time="2026-08-11T20:43:40+08:00" level=info msg="[UE] Switched from state 1 to state 2"
time="2026-08-11T20:43:40+08:00" level=info msg="[GNB][SCTP] Receive message in 0 stream\n"
time="2026-08-11T20:43:40+08:00" level=info msg="[GNB][NGAP] Receive Downlink NAS Transport"
time="2026-08-11T20:43:40+08:00" level=info msg="[UE][NAS] Message without security header"
time="2026-08-11T20:43:40+08:00" level=info msg="[UE][NAS] Receive Authentication Request"
time="2026-08-11T20:43:40+08:00" level=info msg="[UE][NAS][MAC] Authenticity of the authentication request message: OK"
time="2026-08-11T20:43:40+08:00" level=info msg="[UE][NAS][SQN] SQN of the authentication request message: VALID"
time="2026-08-11T20:43:40+08:00" level=info msg="[UE][NAS] Send authentication response"
time="2026-08-11T20:43:40+08:00" level=info msg="[UE] Switched from state 1 to state 2"
time="2026-08-11T20:43:40+08:00" level=info msg="[GNB][SCTP] Receive message in 0 stream\n"
time="2026-08-11T20:43:40+08:00" level=info msg="[GNB][NGAP] Receive Downlink NAS Transport"
time="2026-08-11T20:43:40+08:00" level=info msg="[UE][NAS] Message without security header"
time="2026-08-11T20:43:40+08:00" level=info msg="[UE][NAS] Receive Authentication Request"
time="2026-08-11T20:43:40+08:00" level=info msg="[UE][NAS][MAC] Authenticity of the authentication request message: OK"
time="2026-08-11T20:43:40+08:00" level=info msg="[UE][NAS][SQN] SQN of the authentication request message: VALID"
time="2026-08-11T20:43:40+08:00" level=info msg="[UE][NAS] Send authentication response"
time="2026-08-11T20:43:40+08:00" level=info msg="[UE] Switched from state 1 to state 2"
time="2026-08-11T20:43:40+08:00" level=info msg="[GNB][SCTP] Receive message in 0 stream\n"
time="2026-08-11T20:43:40+08:00" level=info msg="[GNB][NGAP] Receive Downlink NAS Transport"
time="2026-08-11T20:43:40+08:00" level=info msg="[UE][NAS] Message with security header"
time="2026-08-11T20:43:40+08:00" level=info msg="[UE][NAS] Message with integrity and with NEW 5G NAS SECURITY CONTEXT"
time="2026-08-11T20:43:40+08:00" level=info msg="[UE][NAS] successful NAS MAC verification"
time="2026-08-11T20:43:40+08:00" level=info msg="[UE][NAS] Receive Security Mode Command"
time="2026-08-11T20:43:40+08:00" level=info msg="[UE][NAS] Type of ciphering algorithm is 5G-EA0"
time="2026-08-11T20:43:40+08:00" level=info msg="[UE][NAS] Type of integrity protection algorithm is 128-5G-IA2"
time="2026-08-11T20:43:40+08:00" level=info msg="[TESTER] TESTING REGISTRATION USING IMSI 0000013014 UE"
time="2026-08-11T20:43:40+08:00" level=info msg="[GNB] Received incoming connection from new UE"
time="2026-08-11T20:43:40+08:00" level=info msg="[UE] Initiating Registration"
time="2026-08-11T20:43:40+08:00" level=info msg="[UE] Switched from state 0 to state 1"
time="2026-08-11T20:43:40+08:00" level=info msg="[GNB][SCTP] Receive message in 0 stream\n"
time="2026-08-11T20:43:40+08:00" level=info msg="[GNB][NGAP] Receive Downlink NAS Transport"
time="2026-08-11T20:43:40+08:00" level=info msg="[UE][NAS] Message with security header"
time="2026-08-11T20:43:40+08:00" level=info msg="[UE][NAS] Message with integrity and with NEW 5G NAS SECURITY CONTEXT"
time="2026-08-11T20:43:40+08:00" level=info msg="[UE][NAS] successful NAS MAC verification"
time="2026-08-11T20:43:40+08:00" level=info msg="[UE][NAS] Receive Security Mode Command"
time="2026-08-11T20:43:40+08:00" level=info msg="[UE][NAS] Type of ciphering algorithm is 5G-EA0"
time="2026-08-11T20:43:40+08:00" level=info msg="[UE][NAS] Type of integrity protection algorithm is 128-5G-IA2"
time="2026-08-11T20:43:40+08:00" level=info msg="[TESTER] TESTING REGISTRATION USING IMSI 0000013015 UE"
time="2026-08-11T20:43:40+08:00" level=info msg="[GNB] Received incoming connection from new UE"
time="2026-08-11T20:43:40+08:00" level=info msg="[UE] Initiating Registration"
time="2026-08-11T20:43:40+08:00" level=info msg="[UE] Switched from state 0 to state 1"
time="2026-08-11T20:43:40+08:00" level=info msg="[TESTER] TESTING REGISTRATION USING IMSI 0000013016 UE"
time="2026-08-11T20:43:40+08:00" level=info msg="[GNB] Received incoming connection from new UE"
time="2026-08-11T20:43:40+08:00" level=info msg="[UE] Initiating Registration"
time="2026-08-11T20:43:40+08:00" level=info msg="[UE] Switched from state 0 to state 1"
time="2026-08-11T20:43:40+08:00" level=info msg="[TESTER] TESTING REGISTRATION USING IMSI 0000013017 UE"
time="2026-08-11T20:43:40+08:00" level=info msg="[GNB] Received incoming connection from new UE"
time="2026-08-11T20:43:40+08:00" level=info msg="[UE] Initiating Registration"
time="2026-08-11T20:43:40+08:00" level=info msg="[UE] Switched from state 0 to state 1"
time="2026-08-11T20:43:40+08:00" level=info msg="[TESTER] TESTING REGISTRATION USING IMSI 0000013018 UE"
time="2026-08-11T20:43:40+08:00" level=info msg="[GNB] Received incoming connection from new UE"
time="2026-08-11T20:43:40+08:00" level=info msg="[UE] Initiating Registration"
time="2026-08-11T20:43:40+08:00" level=info msg="[UE] Switched from state 0 to state 1"
time="2026-08-11T20:43:40+08:00" level=info msg="[TESTER] TESTING REGISTRATION USING IMSI 0000013019 UE"
time="2026-08-11T20:43:40+08:00" level=info msg="[GNB] Received incoming connection from new UE"
time="2026-08-11T20:43:40+08:00" level=info msg="[UE] Initiating Registration"
time="2026-08-11T20:43:40+08:00" level=info msg="[UE] Switched from state 0 to state 1"
time="2026-08-11T20:43:40+08:00" level=info msg="[TESTER] TESTING REGISTRATION USING IMSI 0000013020 UE"
time="2026-08-11T20:43:40+08:00" level=info msg="[GNB] Received incoming connection from new UE"
time="2026-08-11T20:43:40+08:00" level=info msg="[UE] Initiating Registration"
time="2026-08-11T20:43:40+08:00" level=info msg="[UE] Switched from state 0 to state 1"
time="2026-08-11T20:43:40+08:00" level=info msg="[GNB][SCTP] Receive message in 0 stream\n"
time="2026-08-11T20:43:40+08:00" level=info msg="[GNB][NGAP] Receive Downlink NAS Transport"
time="2026-08-11T20:43:40+08:00" level=info msg="[UE][NAS] Message without security header"
time="2026-08-11T20:43:40+08:00" level=info msg="[UE][NAS] Receive Authentication Request"
time="2026-08-11T20:43:40+08:00" level=info msg="[UE][NAS][MAC] Authenticity of the authentication request message: OK"
time="2026-08-11T20:43:40+08:00" level=info msg="[UE][NAS][SQN] SQN of the authentication request message: VALID"
time="2026-08-11T20:43:40+08:00" level=info msg="[UE][NAS] Send authentication response"
time="2026-08-11T20:43:40+08:00" level=info msg="[UE] Switched from state 1 to state 2"
time="2026-08-11T20:43:40+08:00" level=info msg="[GNB][SCTP] Receive message in 0 stream\n"
time="2026-08-11T20:43:40+08:00" level=info msg="[GNB][NGAP] Receive Downlink NAS Transport"
time="2026-08-11T20:43:40+08:00" level=info msg="[UE][NAS] Message without security header"
time="2026-08-11T20:43:40+08:00" level=info msg="[UE][NAS] Receive Authentication Request"
time="2026-08-11T20:43:40+08:00" level=info msg="[UE][NAS][MAC] Authenticity of the authentication request message: OK"
time="2026-08-11T20:43:40+08:00" level=info msg="[UE][NAS][SQN] SQN of the authentication request message: VALID"
time="2026-08-11T20:43:40+08:00" level=info msg="[UE][NAS] Send authentication response"
time="2026-08-11T20:43:40+08:00" level=info msg="[UE] Switched from state 1 to state 2"
time="2026-08-11T20:43:40+08:00" level=info msg="[GNB][SCTP] Receive message in 0 stream\n"
time="2026-08-11T20:43:40+08:00" level=info msg="[GNB][NGAP] Receive Downlink NAS Transport"
time="2026-08-11T20:43:40+08:00" level=info msg="[UE][NAS] Message without security header"
time="2026-08-11T20:43:40+08:00" level=info msg="[UE][NAS] Receive Authentication Request"
time="2026-08-11T20:43:40+08:00" level=info msg="[UE][NAS][MAC] Authenticity of the authentication request message: OK"
time="2026-08-11T20:43:40+08:00" level=info msg="[UE][NAS][SQN] SQN of the authentication request message: VALID"
time="2026-08-11T20:43:40+08:00" level=info msg="[UE][NAS] Send authentication response"
time="2026-08-11T20:43:40+08:00" level=info msg="[UE] Switched from state 1 to state 2"
time="2026-08-11T20:43:40+08:00" level=info msg="[GNB][SCTP] Receive message in 0 stream\n"
time="2026-08-11T20:43:40+08:00" level=info msg="[GNB][NGAP] Receive Downlink NAS Transport"
time="2026-08-11T20:43:40+08:00" level=info msg="[UE][NAS] Message with security header"
time="2026-08-11T20:43:40+08:00" level=info msg="[UE][NAS] Message with integrity and ciphered"
time="2026-08-11T20:43:40+08:00" level=info msg="[UE][NAS] successful NAS CIPHERING"
time="2026-08-11T20:43:40+08:00" level=info msg="[UE][NAS] successful NAS MAC verification"
time="2026-08-11T20:43:40+08:00" level=info msg="[UE][NAS] Receive Configuration Update Command"
time="2026-08-11T20:43:40+08:00" level=info msg="[UE] Initiating Configuration Update Complete"
time="2026-08-11T20:43:40+08:00" level=info msg="[TESTER] TESTING REGISTRATION USING IMSI 0000013021 UE"
time="2026-08-11T20:43:40+08:00" level=info msg="[GNB] Received incoming connection from new UE"
time="2026-08-11T20:43:40+08:00" level=info msg="[UE] Initiating Registration"
time="2026-08-11T20:43:40+08:00" level=info msg="[UE] Switched from state 0 to state 1"
time="2026-08-11T20:43:40+08:00" level=info msg="[TESTER] TESTING REGISTRATION USING IMSI 0000013022 UE"
time="2026-08-11T20:43:40+08:00" level=info msg="[GNB] Received incoming connection from new UE"
time="2026-08-11T20:43:40+08:00" level=info msg="[UE] Initiating Registration"
time="2026-08-11T20:43:40+08:00" level=info msg="[UE] Switched from state 0 to state 1"
time="2026-08-11T20:43:40+08:00" level=info msg="[GNB][SCTP] Receive message in 0 stream\n"
time="2026-08-11T20:43:40+08:00" level=info msg="[GNB][NGAP] Receive Downlink NAS Transport"
time="2026-08-11T20:43:40+08:00" level=info msg="[UE][NAS] Message without security header"
time="2026-08-11T20:43:40+08:00" level=info msg="[UE][NAS] Receive Authentication Request"
time="2026-08-11T20:43:40+08:00" level=info msg="[UE][NAS][MAC] Authenticity of the authentication request message: OK"
time="2026-08-11T20:43:40+08:00" level=info msg="[UE][NAS][SQN] SQN of the authentication request message: VALID"
time="2026-08-11T20:43:40+08:00" level=info msg="[UE][NAS] Send authentication response"
time="2026-08-11T20:43:40+08:00" level=info msg="[UE] Switched from state 1 to state 2"
time="2026-08-11T20:43:40+08:00" level=info msg="[TESTER] TESTING REGISTRATION USING IMSI 0000013023 UE"
time="2026-08-11T20:43:40+08:00" level=info msg="[GNB] Received incoming connection from new UE"
time="2026-08-11T20:43:40+08:00" level=info msg="[UE] Initiating Registration"
time="2026-08-11T20:43:40+08:00" level=info msg="[UE] Switched from state 0 to state 1"
time="2026-08-11T20:43:40+08:00" level=info msg="[TESTER] TESTING REGISTRATION USING IMSI 0000013024 UE"
time="2026-08-11T20:43:40+08:00" level=info msg="[GNB] Received incoming connection from new UE"
time="2026-08-11T20:43:40+08:00" level=info msg="[UE] Initiating Registration"
time="2026-08-11T20:43:40+08:00" level=info msg="[UE] Switched from state 0 to state 1"
time="2026-08-11T20:43:40+08:00" level=info msg="[GNB][SCTP] Receive message in 0 stream\n"
time="2026-08-11T20:43:40+08:00" level=info msg="[GNB][NGAP] Receive Downlink NAS Transport"
time="2026-08-11T20:43:40+08:00" level=info msg="[UE][NAS] Message with security header"
time="2026-08-11T20:43:40+08:00" level=info msg="[UE][NAS] Message with integrity and with NEW 5G NAS SECURITY CONTEXT"
time="2026-08-11T20:43:40+08:00" level=info msg="[UE][NAS] successful NAS MAC verification"
time="2026-08-11T20:43:40+08:00" level=info msg="[UE][NAS] Receive Security Mode Command"
time="2026-08-11T20:43:40+08:00" level=info msg="[UE][NAS] Type of ciphering algorithm is 5G-EA0"
time="2026-08-11T20:43:40+08:00" level=info msg="[UE][NAS] Type of integrity protection algorithm is 128-5G-IA2"
time="2026-08-11T20:43:40+08:00" level=info msg="[TESTER] TESTING REGISTRATION USING IMSI 0000013025 UE"
time="2026-08-11T20:43:40+08:00" level=info msg="[GNB] Received incoming connection from new UE"
time="2026-08-11T20:43:40+08:00" level=info msg="[UE] Initiating Registration"
time="2026-08-11T20:43:40+08:00" level=info msg="[UE] Switched from state 0 to state 1"
time="2026-08-11T20:43:40+08:00" level=info msg="[TESTER] TESTING REGISTRATION USING IMSI 0000013026 UE"
time="2026-08-11T20:43:40+08:00" level=info msg="[GNB] Received incoming connection from new UE"
time="2026-08-11T20:43:40+08:00" level=info msg="[UE] Initiating Registration"
time="2026-08-11T20:43:40+08:00" level=info msg="[UE] Switched from state 0 to state 1"
time="2026-08-11T20:43:40+08:00" level=info msg="[GNB][SCTP] Receive message in 0 stream\n"
time="2026-08-11T20:43:40+08:00" level=info msg="[GNB][NGAP] Receive Downlink NAS Transport"
time="2026-08-11T20:43:40+08:00" level=info msg="[UE][NAS] Message with security header"
time="2026-08-11T20:43:40+08:00" level=info msg="[GNB][SCTP] Receive message in 0 stream\n"
time="2026-08-11T20:43:40+08:00" level=info msg="[UE][NAS] Message with integrity and with NEW 5G NAS SECURITY CONTEXT"
time="2026-08-11T20:43:40+08:00" level=info msg="[UE][NAS] successful NAS MAC verification"
time="2026-08-11T20:43:40+08:00" level=info msg="[UE][NAS] Receive Security Mode Command"
time="2026-08-11T20:43:40+08:00" level=info msg="[UE][NAS] Type of ciphering algorithm is 5G-EA0"
time="2026-08-11T20:43:40+08:00" level=info msg="[UE][NAS] Type of integrity protection algorithm is 128-5G-IA2"
time="2026-08-11T20:43:40+08:00" level=info msg="[GNB][NGAP] Receive Downlink NAS Transport"
time="2026-08-11T20:43:40+08:00" level=info msg="[UE][NAS] Message with security header"
time="2026-08-11T20:43:40+08:00" level=info msg="[UE][NAS] Message with integrity and with NEW 5G NAS SECURITY CONTEXT"
time="2026-08-11T20:43:40+08:00" level=info msg="[UE][NAS] successful NAS MAC verification"
time="2026-08-11T20:43:40+08:00" level=info msg="[UE][NAS] Receive Security Mode Command"
time="2026-08-11T20:43:40+08:00" level=info msg="[UE][NAS] Type of ciphering algorithm is 5G-EA0"
time="2026-08-11T20:43:40+08:00" level=info msg="[UE][NAS] Type of integrity protection algorithm is 128-5G-IA2"
time="2026-08-11T20:43:40+08:00" level=info msg="[TESTER] TESTING REGISTRATION USING IMSI 0000013027 UE"
time="2026-08-11T20:43:40+08:00" level=info msg="[GNB] Received incoming connection from new UE"
time="2026-08-11T20:43:40+08:00" level=info msg="[UE] Initiating Registration"
time="2026-08-11T20:43:40+08:00" level=info msg="[UE] Switched from state 0 to state 1"
time="2026-08-11T20:43:40+08:00" level=info msg="[TESTER] TESTING REGISTRATION USING IMSI 0000013028 UE"
time="2026-08-11T20:43:40+08:00" level=info msg="[GNB] Received incoming connection from new UE"
time="2026-08-11T20:43:40+08:00" level=info msg="[UE] Initiating Registration"
time="2026-08-11T20:43:40+08:00" level=info msg="[UE] Switched from state 0 to state 1"
time="2026-08-11T20:43:40+08:00" level=info msg="[GNB][SCTP] Receive message in 0 stream\n"
time="2026-08-11T20:43:40+08:00" level=info msg="[GNB][NGAP] Receive Initial Context Setup Request"
time="2026-08-11T20:43:40+08:00" level=info msg="[GNB][UE] UE Context was created with successful"
time="2026-08-11T20:43:40+08:00" level=info msg="[GNB][UE] UE RAN ID 3"
time="2026-08-11T20:43:40+08:00" level=info msg="[GNB][UE] UE AMF ID 2"
time="2026-08-11T20:43:40+08:00" level=info msg="[GNB][UE] UE Mobility Restrict --Plmn-- Mcc: 208 Mnc: 93"
time="2026-08-11T20:43:40+08:00" level=info msg="[GNB][UE] UE Masked Imeisv: 1110000000ffff00"
time="2026-08-11T20:43:40+08:00" level=info msg="[GNB][UE] Allowed Nssai-- Sst: [01 01] Sd: [010203 112233]"
time="2026-08-11T20:43:40+08:00" level=info msg="[GNB][NGAP][AMF] Send Initial Context Setup Response."
time="2026-08-11T20:43:40+08:00" level=info msg="[GNB] Initiating Initial Context Setup Response"
time="2026-08-11T20:43:40+08:00" level=info msg="[GNB][NGAP] No PDU Session to set up in InitialContextSetupResponse."
time="2026-08-11T20:43:40+08:00" level=info msg="[UE][NAS] Message with security header"
time="2026-08-11T20:43:40+08:00" level=info msg="[UE][NAS] Message with integrity and ciphered"
time="2026-08-11T20:43:40+08:00" level=info msg="[UE][NAS] successful NAS CIPHERING"
time="2026-08-11T20:43:40+08:00" level=info msg="[UE][NAS] successful NAS MAC verification"
time="2026-08-11T20:43:40+08:00" level=info msg="[UE][NAS] Receive Registration Accept"
time="2026-08-11T20:43:40+08:00" level=info msg="[UE][NAS] UE 5G GUTI: &{119 11 [242 2 248 57 202 254 0 0 0 0 2]}"
time="2026-08-11T20:43:40+08:00" level=info msg="[UE] Switched from state 2 to state 3"
time="2026-08-11T20:43:40+08:00" level=info msg="[TESTER] TESTING REGISTRATION USING IMSI 0000013029 UE"
time="2026-08-11T20:43:40+08:00" level=info msg="[GNB] Received incoming connection from new UE"
time="2026-08-11T20:43:40+08:00" level=info msg="[UE] Initiating Registration"
time="2026-08-11T20:43:40+08:00" level=info msg="[UE] Switched from state 0 to state 1"
time="2026-08-11T20:43:40+08:00" level=info msg="[TESTER] TESTING REGISTRATION USING IMSI 0000013030 UE"
time="2026-08-11T20:43:40+08:00" level=info msg="[GNB] Received incoming connection from new UE"
time="2026-08-11T20:43:40+08:00" level=info msg="[UE] Initiating Registration"
time="2026-08-11T20:43:40+08:00" level=info msg="[UE] Switched from state 0 to state 1"
time="2026-08-11T20:43:40+08:00" level=info msg="[GNB][SCTP] Receive message in 0 stream\n"
time="2026-08-11T20:43:40+08:00" level=info msg="[GNB][NGAP] Receive Downlink NAS Transport"
time="2026-08-11T20:43:40+08:00" level=info msg="[UE][NAS] Message without security header"
time="2026-08-11T20:43:41+08:00" level=info msg="[UE][NAS] Receive Authentication Request"
time="2026-08-11T20:43:41+08:00" level=info msg="[UE][NAS][MAC] Authenticity of the authentication request message: OK"
time="2026-08-11T20:43:41+08:00" level=info msg="[UE][NAS][SQN] SQN of the authentication request message: VALID"
time="2026-08-11T20:43:41+08:00" level=info msg="[UE][NAS] Send authentication response"
time="2026-08-11T20:43:41+08:00" level=info msg="[UE] Switched from state 1 to state 2"
time="2026-08-11T20:43:41+08:00" level=info msg="[GNB][SCTP] Receive message in 0 stream\n"
time="2026-08-11T20:43:41+08:00" level=info msg="[GNB][NGAP] Receive Downlink NAS Transport"
time="2026-08-11T20:43:41+08:00" level=info msg="[UE][NAS] Message with security header"
time="2026-08-11T20:43:41+08:00" level=info msg="[UE][NAS] Message with integrity and with NEW 5G NAS SECURITY CONTEXT"
time="2026-08-11T20:43:41+08:00" level=info msg="[UE][NAS] successful NAS MAC verification"
time="2026-08-11T20:43:41+08:00" level=info msg="[UE][NAS] Receive Security Mode Command"
time="2026-08-11T20:43:41+08:00" level=info msg="[UE][NAS] Type of ciphering algorithm is 5G-EA0"
time="2026-08-11T20:43:41+08:00" level=info msg="[UE][NAS] Type of integrity protection algorithm is 128-5G-IA2"
time="2026-08-11T20:43:41+08:00" level=info msg="[GNB][SCTP] Receive message in 0 stream\n"
time="2026-08-11T20:43:41+08:00" level=info msg="[GNB][NGAP] Receive Downlink NAS Transport"
time="2026-08-11T20:43:41+08:00" level=info msg="[UE][NAS] Message with security header"
time="2026-08-11T20:43:41+08:00" level=info msg="[UE][NAS] Message with integrity and ciphered"
time="2026-08-11T20:43:41+08:00" level=info msg="[UE][NAS] successful NAS CIPHERING"
time="2026-08-11T20:43:41+08:00" level=info msg="[UE][NAS] successful NAS MAC verification"
time="2026-08-11T20:43:41+08:00" level=info msg="[UE][NAS] Receive Configuration Update Command"
time="2026-08-11T20:43:41+08:00" level=info msg="[UE] Initiating Configuration Update Complete"
time="2026-08-11T20:43:41+08:00" level=info msg="[TESTER] TESTING REGISTRATION USING IMSI 0000013031 UE"
time="2026-08-11T20:43:41+08:00" level=info msg="[GNB] Received incoming connection from new UE"
time="2026-08-11T20:43:41+08:00" level=info msg="[UE] Initiating Registration"
time="2026-08-11T20:43:41+08:00" level=info msg="[UE] Switched from state 0 to state 1"
time="2026-08-11T20:43:41+08:00" level=info msg="[GNB][SCTP] Receive message in 0 stream\n"
time="2026-08-11T20:43:41+08:00" level=info msg="[GNB][SCTP] Receive message in 0 stream\n"
time="2026-08-11T20:43:41+08:00" level=info msg="[GNB][NGAP] Receive Downlink NAS Transport"
time="2026-08-11T20:43:41+08:00" level=info msg="[UE][NAS] Message without security header"
time="2026-08-11T20:43:41+08:00" level=info msg="[GNB][NGAP] Receive Downlink NAS Transport"
time="2026-08-11T20:43:41+08:00" level=info msg="[UE][NAS] Message without security header"
time="2026-08-11T20:43:41+08:00" level=info msg="[UE][NAS] Receive Authentication Request"
time="2026-08-11T20:43:41+08:00" level=info msg="[UE][NAS][MAC] Authenticity of the authentication request message: OK"
time="2026-08-11T20:43:41+08:00" level=info msg="[UE][NAS][SQN] SQN of the authentication request message: VALID"
time="2026-08-11T20:43:41+08:00" level=info msg="[UE][NAS] Send authentication response"
time="2026-08-11T20:43:41+08:00" level=info msg="[UE][NAS] Receive Authentication Request"
time="2026-08-11T20:43:41+08:00" level=info msg="[UE][NAS][MAC] Authenticity of the authentication request message: OK"
time="2026-08-11T20:43:41+08:00" level=info msg="[UE][NAS][SQN] SQN of the authentication request message: VALID"
time="2026-08-11T20:43:41+08:00" level=info msg="[UE][NAS] Send authentication response"
time="2026-08-11T20:43:41+08:00" level=info msg="[UE] Switched from state 1 to state 2"
time="2026-08-11T20:43:41+08:00" level=info msg="[UE] Switched from state 1 to state 2"
time="2026-08-11T20:43:41+08:00" level=info msg="[GNB][SCTP] Receive message in 0 stream\n"
time="2026-08-11T20:43:41+08:00" level=info msg="[GNB][NGAP] Receive Initial Context Setup Request"
time="2026-08-11T20:43:41+08:00" level=info msg="[GNB][UE] UE Context was created with successful"
time="2026-08-11T20:43:41+08:00" level=info msg="[GNB][UE] UE RAN ID 6"
time="2026-08-11T20:43:41+08:00" level=info msg="[GNB][UE] UE AMF ID 5"
time="2026-08-11T20:43:41+08:00" level=info msg="[GNB][UE] UE Mobility Restrict --Plmn-- Mcc: 208 Mnc: 93"
time="2026-08-11T20:43:41+08:00" level=info msg="[GNB][UE] UE Masked Imeisv: 1110000000ffff00"
time="2026-08-11T20:43:41+08:00" level=info msg="[GNB][UE] Allowed Nssai-- Sst: [01 01] Sd: [010203 112233]"
time="2026-08-11T20:43:41+08:00" level=info msg="[GNB][NGAP][AMF] Send Initial Context Setup Response."
time="2026-08-11T20:43:41+08:00" level=info msg="[GNB] Initiating Initial Context Setup Response"
time="2026-08-11T20:43:41+08:00" level=info msg="[GNB][NGAP] No PDU Session to set up in InitialContextSetupResponse."
time="2026-08-11T20:43:41+08:00" level=info msg="[TESTER] TESTING REGISTRATION USING IMSI 0000013032 UE"
time="2026-08-11T20:43:41+08:00" level=info msg="[GNB] Received incoming connection from new UE"
time="2026-08-11T20:43:41+08:00" level=info msg="[UE] Initiating Registration"
time="2026-08-11T20:43:41+08:00" level=info msg="[UE] Switched from state 0 to state 1"
time="2026-08-11T20:43:41+08:00" level=info msg="[UE][NAS] Message with security header"
time="2026-08-11T20:43:41+08:00" level=info msg="[UE][NAS] Message with integrity and ciphered"
time="2026-08-11T20:43:41+08:00" level=info msg="[UE][NAS] successful NAS CIPHERING"
time="2026-08-11T20:43:41+08:00" level=info msg="[UE][NAS] successful NAS MAC verification"
time="2026-08-11T20:43:41+08:00" level=info msg="[UE][NAS] Receive Registration Accept"
time="2026-08-11T20:43:41+08:00" level=info msg="[UE][NAS] UE 5G GUTI: &{119 11 [242 2 248 57 202 254 0 0 0 0 2]}"
time="2026-08-11T20:43:41+08:00" level=info msg="[UE] Switched from state 2 to state 3"
time="2026-08-11T20:43:41+08:00" level=info msg="[GNB][SCTP] Receive message in 0 stream\n"
time="2026-08-11T20:43:41+08:00" level=info msg="[GNB][NGAP] Receive Downlink NAS Transport"
time="2026-08-11T20:43:41+08:00" level=info msg="[UE][NAS] Message without security header"
time="2026-08-11T20:43:41+08:00" level=info msg="[UE][NAS] Receive Authentication Request"
time="2026-08-11T20:43:41+08:00" level=info msg="[UE][NAS][MAC] Authenticity of the authentication request message: OK"
time="2026-08-11T20:43:41+08:00" level=info msg="[UE][NAS][SQN] SQN of the authentication request message: VALID"
time="2026-08-11T20:43:41+08:00" level=info msg="[UE][NAS] Send authentication response"
time="2026-08-11T20:43:41+08:00" level=info msg="[UE] Switched from state 1 to state 2"
time="2026-08-11T20:43:41+08:00" level=info msg="[GNB][SCTP] Receive message in 0 stream\n"
time="2026-08-11T20:43:41+08:00" level=info msg="[GNB][NGAP] Receive Downlink NAS Transport"
time="2026-08-11T20:43:41+08:00" level=info msg="[UE][NAS] Message without security header"
time="2026-08-11T20:43:41+08:00" level=info msg="[UE][NAS] Receive Authentication Request"
time="2026-08-11T20:43:41+08:00" level=info msg="[UE][NAS][MAC] Authenticity of the authentication request message: OK"
time="2026-08-11T20:43:41+08:00" level=info msg="[UE][NAS][SQN] SQN of the authentication request message: VALID"
time="2026-08-11T20:43:41+08:00" level=info msg="[UE][NAS] Send authentication response"
time="2026-08-11T20:43:41+08:00" level=info msg="[UE] Switched from state 1 to state 2"
time="2026-08-11T20:43:41+08:00" level=info msg="[GNB][SCTP] Receive message in 0 stream\n"
time="2026-08-11T20:43:41+08:00" level=info msg="[GNB][NGAP] Receive Downlink NAS Transport"
time="2026-08-11T20:43:41+08:00" level=info msg="[UE][NAS] Message without security header"
time="2026-08-11T20:43:41+08:00" level=info msg="[UE][NAS] Receive Authentication Request"
time="2026-08-11T20:43:41+08:00" level=info msg="[UE][NAS][MAC] Authenticity of the authentication request message: OK"
time="2026-08-11T20:43:41+08:00" level=info msg="[UE][NAS][SQN] SQN of the authentication request message: VALID"
time="2026-08-11T20:43:41+08:00" level=info msg="[UE][NAS] Send authentication response"
time="2026-08-11T20:43:41+08:00" level=info msg="[UE] Switched from state 1 to state 2"
time="2026-08-11T20:43:41+08:00" level=info msg="[TESTER] TESTING REGISTRATION USING IMSI 0000013033 UE"
time="2026-08-11T20:43:41+08:00" level=info msg="[GNB] Received incoming connection from new UE"
time="2026-08-11T20:43:41+08:00" level=info msg="[UE] Initiating Registration"
time="2026-08-11T20:43:41+08:00" level=info msg="[UE] Switched from state 0 to state 1"
time="2026-08-11T20:43:41+08:00" level=info msg="[GNB][SCTP] Receive message in 0 stream\n"
time="2026-08-11T20:43:41+08:00" level=info msg="[GNB][NGAP] Receive Downlink NAS Transport"
time="2026-08-11T20:43:41+08:00" level=info msg="[UE][NAS] Message with security header"
time="2026-08-11T20:43:41+08:00" level=info msg="[UE][NAS] Message with integrity and with NEW 5G NAS SECURITY CONTEXT"
time="2026-08-11T20:43:41+08:00" level=info msg="[UE][NAS] successful NAS MAC verification"
time="2026-08-11T20:43:41+08:00" level=info msg="[UE][NAS] Receive Security Mode Command"
time="2026-08-11T20:43:41+08:00" level=info msg="[UE][NAS] Type of ciphering algorithm is 5G-EA0"
time="2026-08-11T20:43:41+08:00" level=info msg="[UE][NAS] Type of integrity protection algorithm is 128-5G-IA2"
time="2026-08-11T20:43:41+08:00" level=info msg="[GNB][SCTP] Receive message in 0 stream\n"
time="2026-08-11T20:43:41+08:00" level=info msg="[GNB][NGAP] Receive Downlink NAS Transport"
time="2026-08-11T20:43:41+08:00" level=info msg="[UE][NAS] Message with security header"
time="2026-08-11T20:43:41+08:00" level=info msg="[UE][NAS] Message with integrity and with NEW 5G NAS SECURITY CONTEXT"
time="2026-08-11T20:43:41+08:00" level=info msg="[UE][NAS] successful NAS MAC verification"
time="2026-08-11T20:43:41+08:00" level=info msg="[UE][NAS] Receive Security Mode Command"
time="2026-08-11T20:43:41+08:00" level=info msg="[UE][NAS] Type of ciphering algorithm is 5G-EA0"
time="2026-08-11T20:43:41+08:00" level=info msg="[UE][NAS] Type of integrity protection algorithm is 128-5G-IA2"
time="2026-08-11T20:43:41+08:00" level=info msg="[GNB][SCTP] Receive message in 0 stream\n"
time="2026-08-11T20:43:41+08:00" level=info msg="[GNB][NGAP] Receive Downlink NAS Transport"
time="2026-08-11T20:43:41+08:00" level=info msg="[UE][NAS] Message with security header"
time="2026-08-11T20:43:41+08:00" level=info msg="[UE][NAS] Message with integrity and with NEW 5G NAS SECURITY CONTEXT"
time="2026-08-11T20:43:41+08:00" level=info msg="[UE][NAS] successful NAS MAC verification"
time="2026-08-11T20:43:41+08:00" level=info msg="[UE][NAS] Receive Security Mode Command"
time="2026-08-11T20:43:41+08:00" level=info msg="[UE][NAS] Type of ciphering algorithm is 5G-EA0"
time="2026-08-11T20:43:41+08:00" level=info msg="[UE][NAS] Type of integrity protection algorithm is 128-5G-IA2"
time="2026-08-11T20:43:41+08:00" level=info msg="[TESTER] TESTING REGISTRATION USING IMSI 0000013034 UE"
time="2026-08-11T20:43:41+08:00" level=info msg="[GNB] Received incoming connection from new UE"
time="2026-08-11T20:43:41+08:00" level=info msg="[UE] Initiating Registration"
time="2026-08-11T20:43:41+08:00" level=info msg="[UE] Switched from state 0 to state 1"
time="2026-08-11T20:43:41+08:00" level=info msg="[GNB][SCTP] Receive message in 0 stream\n"
time="2026-08-11T20:43:41+08:00" level=info msg="[GNB][NGAP] Receive Downlink NAS Transport"
time="2026-08-11T20:43:41+08:00" level=info msg="[UE][NAS] Message with security header"
time="2026-08-11T20:43:41+08:00" level=info msg="[UE][NAS] Message with integrity and ciphered"
time="2026-08-11T20:43:41+08:00" level=info msg="[UE][NAS] successful NAS CIPHERING"
time="2026-08-11T20:43:41+08:00" level=info msg="[UE][NAS] successful NAS MAC verification"
time="2026-08-11T20:43:41+08:00" level=info msg="[UE][NAS] Receive Configuration Update Command"
time="2026-08-11T20:43:41+08:00" level=info msg="[UE] Initiating Configuration Update Complete"
time="2026-08-11T20:43:41+08:00" level=info msg="[TESTER] TESTING REGISTRATION USING IMSI 0000013035 UE"
time="2026-08-11T20:43:41+08:00" level=info msg="[GNB] Received incoming connection from new UE"
time="2026-08-11T20:43:41+08:00" level=info msg="[UE] Initiating Registration"
time="2026-08-11T20:43:41+08:00" level=info msg="[UE] Switched from state 0 to state 1"
time="2026-08-11T20:43:41+08:00" level=info msg="[GNB][SCTP] Receive message in 0 stream\n"
time="2026-08-11T20:43:41+08:00" level=info msg="[GNB][NGAP] Receive Initial Context Setup Request"
time="2026-08-11T20:43:41+08:00" level=info msg="[GNB][UE] UE Context was created with successful"
time="2026-08-11T20:43:41+08:00" level=info msg="[GNB][UE] UE RAN ID 7"
time="2026-08-11T20:43:41+08:00" level=info msg="[GNB][UE] UE AMF ID 6"
time="2026-08-11T20:43:41+08:00" level=info msg="[GNB][UE] UE Mobility Restrict --Plmn-- Mcc: 208 Mnc: 93"
time="2026-08-11T20:43:41+08:00" level=info msg="[GNB][UE] UE Masked Imeisv: 1110000000ffff00"
time="2026-08-11T20:43:41+08:00" level=info msg="[GNB][UE] Allowed Nssai-- Sst: [01 01] Sd: [010203 112233]"
time="2026-08-11T20:43:41+08:00" level=info msg="[GNB][NGAP][AMF] Send Initial Context Setup Response."
time="2026-08-11T20:43:41+08:00" level=info msg="[GNB] Initiating Initial Context Setup Response"
time="2026-08-11T20:43:41+08:00" level=info msg="[GNB][NGAP] No PDU Session to set up in InitialContextSetupResponse."
time="2026-08-11T20:43:41+08:00" level=info msg="[UE][NAS] Message with security header"
time="2026-08-11T20:43:41+08:00" level=info msg="[UE][NAS] Message with integrity and ciphered"
time="2026-08-11T20:43:41+08:00" level=info msg="[UE][NAS] successful NAS CIPHERING"
time="2026-08-11T20:43:41+08:00" level=info msg="[UE][NAS] successful NAS MAC verification"
time="2026-08-11T20:43:41+08:00" level=info msg="[UE][NAS] Receive Registration Accept"
time="2026-08-11T20:43:41+08:00" level=info msg="[UE][NAS] UE 5G GUTI: &{119 11 [242 2 248 57 202 254 0 0 0 0 3]}"
time="2026-08-11T20:43:41+08:00" level=info msg="[UE] Switched from state 2 to state 3"
time="2026-08-11T20:43:41+08:00" level=info msg="[TESTER] TESTING REGISTRATION USING IMSI 0000013036 UE"
time="2026-08-11T20:43:41+08:00" level=info msg="[GNB] Received incoming connection from new UE"
time="2026-08-11T20:43:41+08:00" level=info msg="[UE] Initiating Registration"
time="2026-08-11T20:43:41+08:00" level=info msg="[UE] Switched from state 0 to state 1"
time="2026-08-11T20:43:41+08:00" level=info msg="[TESTER] TESTING REGISTRATION USING IMSI 0000013037 UE"
time="2026-08-11T20:43:41+08:00" level=info msg="[GNB] Received incoming connection from new UE"
time="2026-08-11T20:43:41+08:00" level=info msg="[UE] Initiating Registration"
time="2026-08-11T20:43:41+08:00" level=info msg="[UE] Switched from state 0 to state 1"
time="2026-08-11T20:43:41+08:00" level=info msg="[GNB][SCTP] Receive message in 0 stream\n"
time="2026-08-11T20:43:41+08:00" level=info msg="[GNB][NGAP] Receive Downlink NAS Transport"
time="2026-08-11T20:43:41+08:00" level=info msg="[UE][NAS] Message without security header"
time="2026-08-11T20:43:41+08:00" level=info msg="[UE][NAS] Receive Authentication Request"
time="2026-08-11T20:43:41+08:00" level=info msg="[UE][NAS][MAC] Authenticity of the authentication request message: OK"
time="2026-08-11T20:43:41+08:00" level=info msg="[UE][NAS][SQN] SQN of the authentication request message: VALID"
time="2026-08-11T20:43:41+08:00" level=info msg="[UE][NAS] Send authentication response"
time="2026-08-11T20:43:41+08:00" level=info msg="[UE] Switched from state 1 to state 2"
time="2026-08-11T20:43:41+08:00" level=info msg="[GNB][SCTP] Receive message in 0 stream\n"
time="2026-08-11T20:43:41+08:00" level=info msg="[GNB][NGAP] Receive Initial Context Setup Request"
time="2026-08-11T20:43:41+08:00" level=info msg="[GNB][UE] UE Context was created with successful"
time="2026-08-11T20:43:41+08:00" level=info msg="[GNB][UE] UE RAN ID 5"
time="2026-08-11T20:43:41+08:00" level=info msg="[GNB][UE] UE AMF ID 4"
time="2026-08-11T20:43:41+08:00" level=info msg="[GNB][UE] UE Mobility Restrict --Plmn-- Mcc: 208 Mnc: 93"
time="2026-08-11T20:43:41+08:00" level=info msg="[GNB][UE] UE Masked Imeisv: 1110000000ffff00"
time="2026-08-11T20:43:41+08:00" level=info msg="[GNB][UE] Allowed Nssai-- Sst: [01 01] Sd: [010203 112233]"
time="2026-08-11T20:43:41+08:00" level=info msg="[GNB][NGAP][AMF] Send Initial Context Setup Response."
time="2026-08-11T20:43:41+08:00" level=info msg="[GNB] Initiating Initial Context Setup Response"
time="2026-08-11T20:43:41+08:00" level=info msg="[GNB][NGAP] No PDU Session to set up in InitialContextSetupResponse."
time="2026-08-11T20:43:41+08:00" level=info msg="[UE][NAS] Message with security header"
time="2026-08-11T20:43:41+08:00" level=info msg="[UE][NAS] Message with integrity and ciphered"
time="2026-08-11T20:43:41+08:00" level=info msg="[UE][NAS] successful NAS CIPHERING"
time="2026-08-11T20:43:41+08:00" level=info msg="[UE][NAS] successful NAS MAC verification"
time="2026-08-11T20:43:41+08:00" level=info msg="[UE][NAS] Receive Registration Accept"
time="2026-08-11T20:43:41+08:00" level=info msg="[UE][NAS] UE 5G GUTI: &{119 11 [242 2 248 57 202 254 0 0 0 1 146]}"
time="2026-08-11T20:43:41+08:00" level=info msg="[UE] Switched from state 2 to state 3"
time="2026-08-11T20:43:41+08:00" level=info msg="[TESTER] TESTING REGISTRATION USING IMSI 0000013038 UE"
time="2026-08-11T20:43:41+08:00" level=info msg="[GNB] Received incoming connection from new UE"
time="2026-08-11T20:43:41+08:00" level=info msg="[UE] Initiating Registration"
time="2026-08-11T20:43:41+08:00" level=info msg="[UE] Switched from state 0 to state 1"
time="2026-08-11T20:43:41+08:00" level=info msg="[TESTER] TESTING REGISTRATION USING IMSI 0000013039 UE"
time="2026-08-11T20:43:41+08:00" level=info msg="[GNB] Received incoming connection from new UE"
time="2026-08-11T20:43:41+08:00" level=info msg="[UE] Initiating Registration"
time="2026-08-11T20:43:41+08:00" level=info msg="[UE] Switched from state 0 to state 1"
time="2026-08-11T20:43:41+08:00" level=info msg="[GNB][SCTP] Receive message in 0 stream\n"
time="2026-08-11T20:43:41+08:00" level=info msg="[GNB][NGAP] Receive Downlink NAS Transport"
time="2026-08-11T20:43:41+08:00" level=info msg="[UE][NAS] Message with security header"
time="2026-08-11T20:43:41+08:00" level=info msg="[UE][NAS] Message with integrity and ciphered"
time="2026-08-11T20:43:41+08:00" level=info msg="[UE][NAS] successful NAS CIPHERING"
time="2026-08-11T20:43:41+08:00" level=info msg="[UE][NAS] successful NAS MAC verification"
time="2026-08-11T20:43:41+08:00" level=info msg="[UE][NAS] Receive Configuration Update Command"
time="2026-08-11T20:43:41+08:00" level=info msg="[UE] Initiating Configuration Update Complete"
time="2026-08-11T20:43:41+08:00" level=info msg="[TESTER] TESTING REGISTRATION USING IMSI 0000013040 UE"
time="2026-08-11T20:43:41+08:00" level=info msg="[GNB] Received incoming connection from new UE"
time="2026-08-11T20:43:41+08:00" level=info msg="[UE] Initiating Registration"
time="2026-08-11T20:43:41+08:00" level=info msg="[UE] Switched from state 0 to state 1"
time="2026-08-11T20:43:41+08:00" level=info msg="[TESTER] TESTING REGISTRATION USING IMSI 0000013041 UE"
time="2026-08-11T20:43:41+08:00" level=info msg="[GNB] Received incoming connection from new UE"
time="2026-08-11T20:43:41+08:00" level=info msg="[UE] Initiating Registration"
time="2026-08-11T20:43:41+08:00" level=info msg="[UE] Switched from state 0 to state 1"
time="2026-08-11T20:43:41+08:00" level=info msg="[GNB][SCTP] Receive message in 0 stream\n"
time="2026-08-11T20:43:41+08:00" level=info msg="[TESTER] TESTING REGISTRATION USING IMSI 0000013042 UE"
time="2026-08-11T20:43:41+08:00" level=info msg="[GNB][NGAP] Receive Downlink NAS Transport"
time="2026-08-11T20:43:41+08:00" level=info msg="[UE][NAS] Message with security header"
time="2026-08-11T20:43:41+08:00" level=info msg="[UE][NAS] Message with integrity and with NEW 5G NAS SECURITY CONTEXT"
time="2026-08-11T20:43:41+08:00" level=info msg="[UE][NAS] successful NAS MAC verification"
time="2026-08-11T20:43:41+08:00" level=info msg="[UE][NAS] Receive Security Mode Command"
time="2026-08-11T20:43:41+08:00" level=info msg="[UE][NAS] Type of ciphering algorithm is 5G-EA0"
time="2026-08-11T20:43:41+08:00" level=info msg="[UE][NAS] Type of integrity protection algorithm is 128-5G-IA2"
time="2026-08-11T20:43:41+08:00" level=info msg="[GNB] Received incoming connection from new UE"
time="2026-08-11T20:43:41+08:00" level=info msg="[UE] Initiating Registration"
time="2026-08-11T20:43:41+08:00" level=info msg="[UE] Switched from state 0 to state 1"
time="2026-08-11T20:43:41+08:00" level=info msg="[GNB][SCTP] Receive message in 0 stream\n"
time="2026-08-11T20:43:41+08:00" level=info msg="[GNB][SCTP] Receive message in 0 stream\n"
time="2026-08-11T20:43:41+08:00" level=info msg="[GNB][NGAP] Receive Downlink NAS Transport"
time="2026-08-11T20:43:41+08:00" level=info msg="[UE][NAS] Message without security header"
time="2026-08-11T20:43:41+08:00" level=error msg="[UE][NAS] Receive Registration Reject"
time="2026-08-11T20:43:41+08:00" level=error msg="[UE][NAS] UE received a 5GMM Failure, cause: Congestion"
time="2026-08-11T20:43:41+08:00" level=info msg="[GNB][NGAP] Receive Downlink NAS Transport"
time="2026-08-11T20:43:41+08:00" level=info msg="[UE][NAS] Message without security header"
time="2026-08-11T20:43:41+08:00" level=error msg="[UE][NAS] Receive Registration Reject"
time="2026-08-11T20:43:41+08:00" level=error msg="[UE][NAS] UE received a 5GMM Failure, cause: Tracking area not allowed"
time="2026-08-11T20:43:41+08:00" level=info msg="[TESTER] TESTING REGISTRATION USING IMSI 0000013043 UE"
time="2026-08-11T20:43:41+08:00" level=info msg="[GNB] Received incoming connection from new UE"
time="2026-08-11T20:43:41+08:00" level=info msg="[UE] Initiating Registration"
time="2026-08-11T20:43:41+08:00" level=info msg="[UE] Switched from state 0 to state 1"
time="2026-08-11T20:43:41+08:00" level=info msg="[GNB][SCTP] Receive message in 0 stream\n"
time="2026-08-11T20:43:41+08:00" level=info msg="[GNB][NGAP] Receive Downlink NAS Transport"
time="2026-08-11T20:43:41+08:00" level=info msg="[UE][NAS] Message without security header"
time="2026-08-11T20:43:41+08:00" level=info msg="[UE][NAS] Receive Authentication Request"
time="2026-08-11T20:43:41+08:00" level=info msg="[UE][NAS][MAC] Authenticity of the authentication request message: OK"
time="2026-08-11T20:43:41+08:00" level=info msg="[UE][NAS][SQN] SQN of the authentication request message: VALID"
time="2026-08-11T20:43:41+08:00" level=info msg="[UE][NAS] Send authentication response"
time="2026-08-11T20:43:41+08:00" level=info msg="[UE] Switched from state 1 to state 2"
time="2026-08-11T20:43:41+08:00" level=info msg="[GNB][SCTP] Receive message in 0 stream\n"
time="2026-08-11T20:43:41+08:00" level=info msg="[GNB][NGAP] Receive Downlink NAS Transport"
time="2026-08-11T20:43:41+08:00" level=info msg="[UE][NAS] Message without security header"
time="2026-08-11T20:43:41+08:00" level=info msg="[UE][NAS] Receive Authentication Request"
time="2026-08-11T20:43:41+08:00" level=info msg="[UE][NAS][MAC] Authenticity of the authentication request message: OK"
time="2026-08-11T20:43:41+08:00" level=info msg="[UE][NAS][SQN] SQN of the authentication request message: VALID"
time="2026-08-11T20:43:41+08:00" level=info msg="[UE][NAS] Send authentication response"
time="2026-08-11T20:43:41+08:00" level=info msg="[UE] Switched from state 1 to state 2"
time="2026-08-11T20:43:41+08:00" level=info msg="[TESTER] TESTING REGISTRATION USING IMSI 0000013044 UE"
time="2026-08-11T20:43:41+08:00" level=info msg="[GNB] Received incoming connection from new UE"
time="2026-08-11T20:43:41+08:00" level=info msg="[UE] Initiating Registration"
time="2026-08-11T20:43:41+08:00" level=info msg="[UE] Switched from state 0 to state 1"
time="2026-08-11T20:43:41+08:00" level=info msg="[TESTER] TESTING REGISTRATION USING IMSI 0000013045 UE"
time="2026-08-11T20:43:41+08:00" level=info msg="[GNB] Received incoming connection from new UE"
time="2026-08-11T20:43:41+08:00" level=info msg="[UE] Initiating Registration"
time="2026-08-11T20:43:41+08:00" level=info msg="[UE] Switched from state 0 to state 1"
time="2026-08-11T20:43:41+08:00" level=info msg="[GNB][SCTP] Receive message in 0 stream\n"
time="2026-08-11T20:43:41+08:00" level=info msg="[GNB][NGAP] Receive Downlink NAS Transport"
time="2026-08-11T20:43:41+08:00" level=info msg="[UE][NAS] Message without security header"
time="2026-08-11T20:43:41+08:00" level=info msg="[UE][NAS] Receive Authentication Request"
time="2026-08-11T20:43:41+08:00" level=info msg="[UE][NAS][MAC] Authenticity of the authentication request message: OK"
time="2026-08-11T20:43:41+08:00" level=info msg="[UE][NAS][SQN] SQN of the authentication request message: VALID"
time="2026-08-11T20:43:41+08:00" level=info msg="[UE][NAS] Send authentication response"
time="2026-08-11T20:43:41+08:00" level=info msg="[UE] Switched from state 1 to state 2"
time="2026-08-11T20:43:41+08:00" level=info msg="[GNB][SCTP] Receive message in 0 stream\n"
time="2026-08-11T20:43:41+08:00" level=info msg="[GNB][NGAP] Receive Initial Context Setup Request"
time="2026-08-11T20:43:41+08:00" level=info msg="[GNB][UE] UE Context was created with successful"
time="2026-08-11T20:43:41+08:00" level=info msg="[GNB][UE] UE RAN ID 10"
time="2026-08-11T20:43:41+08:00" level=info msg="[GNB][UE] UE AMF ID 9"
time="2026-08-11T20:43:41+08:00" level=info msg="[GNB][UE] UE Mobility Restrict --Plmn-- Mcc: 208 Mnc: 93"
time="2026-08-11T20:43:41+08:00" level=info msg="[GNB][UE] UE Masked Imeisv: 1110000000ffff00"
time="2026-08-11T20:43:41+08:00" level=info msg="[GNB][UE] Allowed Nssai-- Sst: [01 01] Sd: [010203 112233]"
time="2026-08-11T20:43:41+08:00" level=info msg="[GNB][NGAP][AMF] Send Initial Context Setup Response."
time="2026-08-11T20:43:41+08:00" level=info msg="[GNB] Initiating Initial Context Setup Response"
time="2026-08-11T20:43:41+08:00" level=info msg="[GNB][NGAP] No PDU Session to set up in InitialContextSetupResponse."
time="2026-08-11T20:43:41+08:00" level=info msg="[UE][NAS] Message with security header"
time="2026-08-11T20:43:41+08:00" level=info msg="[UE][NAS] Message with integrity and ciphered"
time="2026-08-11T20:43:41+08:00" level=info msg="[UE][NAS] successful NAS CIPHERING"
time="2026-08-11T20:43:41+08:00" level=info msg="[UE][NAS] successful NAS MAC verification"
time="2026-08-11T20:43:41+08:00" level=info msg="[UE][NAS] Receive Registration Accept"
time="2026-08-11T20:43:41+08:00" level=info msg="[UE][NAS] UE 5G GUTI: &{119 11 [242 2 248 57 202 254 0 0 0 0 5]}"
time="2026-08-11T20:43:41+08:00" level=info msg="[UE] Switched from state 2 to state 3"
time="2026-08-11T20:43:41+08:00" level=info msg="[GNB][SCTP] Receive message in 0 stream\n"
time="2026-08-11T20:43:41+08:00" level=info msg="[GNB][SCTP] Receive message in 0 stream\n"
time="2026-08-11T20:43:41+08:00" level=info msg="[TESTER] TESTING REGISTRATION USING IMSI 0000013046 UE"
time="2026-08-11T20:43:41+08:00" level=info msg="[GNB] Received incoming connection from new UE"
time="2026-08-11T20:43:41+08:00" level=info msg="[UE] Initiating Registration"
time="2026-08-11T20:43:41+08:00" level=info msg="[UE] Switched from state 0 to state 1"
time="2026-08-11T20:43:41+08:00" level=info msg="[GNB][SCTP] Receive message in 0 stream\n"
time="2026-08-11T20:43:41+08:00" level=info msg="[GNB][NGAP] Receive Downlink NAS Transport"
time="2026-08-11T20:43:41+08:00" level=info msg="[UE][NAS] Message with security header"
time="2026-08-11T20:43:41+08:00" level=info msg="[UE][NAS] Message with integrity and with NEW 5G NAS SECURITY CONTEXT"
time="2026-08-11T20:43:41+08:00" level=info msg="[UE][NAS] successful NAS MAC verification"
time="2026-08-11T20:43:41+08:00" level=info msg="[UE][NAS] Receive Security Mode Command"
time="2026-08-11T20:43:41+08:00" level=info msg="[UE][NAS] Type of ciphering algorithm is 5G-EA0"
time="2026-08-11T20:43:41+08:00" level=info msg="[UE][NAS] Type of integrity protection algorithm is 128-5G-IA2"
time="2026-08-11T20:43:41+08:00" level=info msg="[GNB][NGAP] Receive Downlink NAS Transport"
time="2026-08-11T20:43:41+08:00" level=info msg="[UE][NAS] Message with security header"
time="2026-08-11T20:43:41+08:00" level=info msg="[UE][NAS] Message with integrity and with NEW 5G NAS SECURITY CONTEXT"
time="2026-08-11T20:43:41+08:00" level=info msg="[UE][NAS] successful NAS MAC verification"
time="2026-08-11T20:43:41+08:00" level=info msg="[UE][NAS] Receive Security Mode Command"
time="2026-08-11T20:43:41+08:00" level=info msg="[UE][NAS] Type of ciphering algorithm is 5G-EA0"
time="2026-08-11T20:43:41+08:00" level=info msg="[UE][NAS] Type of integrity protection algorithm is 128-5G-IA2"
time="2026-08-11T20:43:41+08:00" level=info msg="[GNB][SCTP] Receive message in 0 stream\n"
time="2026-08-11T20:43:41+08:00" level=info msg="[GNB][NGAP] Receive Downlink NAS Transport"
time="2026-08-11T20:43:41+08:00" level=info msg="[UE][NAS] Message without security header"
time="2026-08-11T20:43:41+08:00" level=info msg="[UE][NAS] Receive Authentication Request"
time="2026-08-11T20:43:41+08:00" level=info msg="[UE][NAS][MAC] Authenticity of the authentication request message: OK"
time="2026-08-11T20:43:41+08:00" level=info msg="[UE][NAS][SQN] SQN of the authentication request message: VALID"
time="2026-08-11T20:43:41+08:00" level=info msg="[UE][NAS] Send authentication response"
time="2026-08-11T20:43:41+08:00" level=info msg="[GNB][NGAP] Receive Downlink NAS Transport"
time="2026-08-11T20:43:41+08:00" level=info msg="[UE][NAS] Message without security header"
time="2026-08-11T20:43:41+08:00" level=info msg="[UE][NAS] Receive Authentication Request"
time="2026-08-11T20:43:41+08:00" level=info msg="[UE][NAS][MAC] Authenticity of the authentication request message: OK"
time="2026-08-11T20:43:41+08:00" level=info msg="[UE][NAS][SQN] SQN of the authentication request message: VALID"
time="2026-08-11T20:43:41+08:00" level=info msg="[UE][NAS] Send authentication response"
time="2026-08-11T20:43:41+08:00" level=info msg="[UE] Switched from state 1 to state 2"
time="2026-08-11T20:43:41+08:00" level=info msg="[UE] Switched from state 1 to state 2"
time="2026-08-11T20:43:41+08:00" level=info msg="[TESTER] TESTING REGISTRATION USING IMSI 0000013047 UE"
time="2026-08-11T20:43:41+08:00" level=info msg="[GNB] Received incoming connection from new UE"
time="2026-08-11T20:43:41+08:00" level=info msg="[UE] Initiating Registration"
time="2026-08-11T20:43:41+08:00" level=info msg="[UE] Switched from state 0 to state 1"
time="2026-08-11T20:43:41+08:00" level=info msg="[GNB][SCTP] Receive message in 0 stream\n"
time="2026-08-11T20:43:41+08:00" level=info msg="[GNB][NGAP] Receive Downlink NAS Transport"
time="2026-08-11T20:43:41+08:00" level=info msg="[UE][NAS] Message without security header"
time="2026-08-11T20:43:41+08:00" level=info msg="[UE][NAS] Receive Authentication Request"
time="2026-08-11T20:43:41+08:00" level=info msg="[UE][NAS][MAC] Authenticity of the authentication request message: OK"
time="2026-08-11T20:43:41+08:00" level=info msg="[UE][NAS][SQN] SQN of the authentication request message: VALID"
time="2026-08-11T20:43:41+08:00" level=info msg="[UE][NAS] Send authentication response"
time="2026-08-11T20:43:41+08:00" level=info msg="[UE] Switched from state 1 to state 2"
time="2026-08-11T20:43:41+08:00" level=info msg="[GNB][SCTP] Receive message in 0 stream\n"
time="2026-08-11T20:43:41+08:00" level=info msg="[GNB][NGAP] Receive Downlink NAS Transport"
time="2026-08-11T20:43:41+08:00" level=info msg="[UE][NAS] Message without security header"
time="2026-08-11T20:43:41+08:00" level=info msg="[UE][NAS] Receive Authentication Request"
time="2026-08-11T20:43:41+08:00" level=info msg="[UE][NAS][MAC] Authenticity of the authentication request message: OK"
time="2026-08-11T20:43:41+08:00" level=info msg="[UE][NAS][SQN] SQN of the authentication request message: VALID"
time="2026-08-11T20:43:41+08:00" level=info msg="[UE][NAS] Send authentication response"
time="2026-08-11T20:43:41+08:00" level=info msg="[UE] Switched from state 1 to state 2"
time="2026-08-11T20:43:41+08:00" level=info msg="[GNB][SCTP] Receive message in 0 stream\n"
time="2026-08-11T20:43:41+08:00" level=info msg="[GNB][SCTP] Receive message in 0 stream\n"
time="2026-08-11T20:43:41+08:00" level=info msg="[GNB][NGAP] Receive Downlink NAS Transport"
time="2026-08-11T20:43:41+08:00" level=info msg="[UE][NAS] Message with security header"
time="2026-08-11T20:43:41+08:00" level=info msg="[UE][NAS] Message with integrity and with NEW 5G NAS SECURITY CONTEXT"
time="2026-08-11T20:43:41+08:00" level=info msg="[UE][NAS] successful NAS MAC verification"
time="2026-08-11T20:43:41+08:00" level=info msg="[UE][NAS] Receive Security Mode Command"
time="2026-08-11T20:43:41+08:00" level=info msg="[UE][NAS] Type of ciphering algorithm is 5G-EA0"
time="2026-08-11T20:43:41+08:00" level=info msg="[UE][NAS] Type of integrity protection algorithm is 128-5G-IA2"
time="2026-08-11T20:43:41+08:00" level=info msg="[GNB][NGAP] Receive Downlink NAS Transport"
time="2026-08-11T20:43:41+08:00" level=info msg="[UE][NAS] Message with security header"
time="2026-08-11T20:43:41+08:00" level=info msg="[UE][NAS] Message with integrity and with NEW 5G NAS SECURITY CONTEXT"
time="2026-08-11T20:43:41+08:00" level=info msg="[UE][NAS] successful NAS MAC verification"
time="2026-08-11T20:43:41+08:00" level=info msg="[UE][NAS] Receive Security Mode Command"
time="2026-08-11T20:43:41+08:00" level=info msg="[UE][NAS] Type of ciphering algorithm is 5G-EA0"
time="2026-08-11T20:43:41+08:00" level=info msg="[UE][NAS] Type of integrity protection algorithm is 128-5G-IA2"
time="2026-08-11T20:43:41+08:00" level=info msg="[TESTER] TESTING REGISTRATION USING IMSI 0000013048 UE"
time="2026-08-11T20:43:41+08:00" level=info msg="[GNB] Received incoming connection from new UE"
time="2026-08-11T20:43:41+08:00" level=info msg="[UE] Initiating Registration"
time="2026-08-11T20:43:41+08:00" level=info msg="[UE] Switched from state 0 to state 1"
time="2026-08-11T20:43:41+08:00" level=info msg="[TESTER] TESTING REGISTRATION USING IMSI 0000013049 UE"
time="2026-08-11T20:43:41+08:00" level=info msg="[GNB] Received incoming connection from new UE"
time="2026-08-11T20:43:41+08:00" level=info msg="[UE] Initiating Registration"
time="2026-08-11T20:43:41+08:00" level=info msg="[UE] Switched from state 0 to state 1"
time="2026-08-11T20:43:42+08:00" level=info msg="[TESTER] TESTING REGISTRATION USING IMSI 0000013050 UE"
time="2026-08-11T20:43:42+08:00" level=info msg="[GNB] Received incoming connection from new UE"
time="2026-08-11T20:43:42+08:00" level=info msg="[UE] Initiating Registration"
time="2026-08-11T20:43:42+08:00" level=info msg="[UE] Switched from state 0 to state 1"
time="2026-08-11T20:43:42+08:00" level=info msg="[GNB][SCTP] Receive message in 0 stream\n"
time="2026-08-11T20:43:42+08:00" level=info msg="[GNB][NGAP] Receive Downlink NAS Transport"
time="2026-08-11T20:43:42+08:00" level=info msg="[UE][NAS] Message with security header"
time="2026-08-11T20:43:42+08:00" level=info msg="[UE][NAS] Message with integrity and ciphered"
time="2026-08-11T20:43:42+08:00" level=info msg="[UE][NAS] successful NAS CIPHERING"
time="2026-08-11T20:43:42+08:00" level=info msg="[UE][NAS] successful NAS MAC verification"
time="2026-08-11T20:43:42+08:00" level=info msg="[UE][NAS] Receive Configuration Update Command"
time="2026-08-11T20:43:42+08:00" level=info msg="[UE] Initiating Configuration Update Complete"
time="2026-08-11T20:43:42+08:00" level=info msg="[TESTER] TESTING REGISTRATION USING IMSI 0000013051 UE"
time="2026-08-11T20:43:42+08:00" level=info msg="[GNB] Received incoming connection from new UE"
time="2026-08-11T20:43:42+08:00" level=info msg="[UE] Initiating Registration"
time="2026-08-11T20:43:42+08:00" level=info msg="[UE] Switched from state 0 to state 1"
time="2026-08-11T20:43:42+08:00" level=info msg="[GNB][SCTP] Receive message in 0 stream\n"
time="2026-08-11T20:43:42+08:00" level=info msg="[GNB][NGAP] Receive Downlink NAS Transport"
time="2026-08-11T20:43:42+08:00" level=info msg="[UE][NAS] Message without security header"
time="2026-08-11T20:43:42+08:00" level=info msg="[UE][NAS] Receive Authentication Request"
time="2026-08-11T20:43:42+08:00" level=info msg="[UE][NAS][MAC] Authenticity of the authentication request message: OK"
time="2026-08-11T20:43:42+08:00" level=info msg="[UE][NAS][SQN] SQN of the authentication request message: VALID"
time="2026-08-11T20:43:42+08:00" level=info msg="[UE][NAS] Send authentication response"
time="2026-08-11T20:43:42+08:00" level=info msg="[UE] Switched from state 1 to state 2"
time="2026-08-11T20:43:42+08:00" level=info msg="[GNB][SCTP] Receive message in 0 stream\n"
time="2026-08-11T20:43:42+08:00" level=info msg="[GNB][SCTP] Receive message in 0 stream\n"
time="2026-08-11T20:43:42+08:00" level=info msg="[GNB][NGAP] Receive Downlink NAS Transport"
time="2026-08-11T20:43:42+08:00" level=info msg="[UE][NAS] Message with security header"
time="2026-08-11T20:43:42+08:00" level=info msg="[UE][NAS] Message with integrity and with NEW 5G NAS SECURITY CONTEXT"
time="2026-08-11T20:43:42+08:00" level=info msg="[UE][NAS] successful NAS MAC verification"
time="2026-08-11T20:43:42+08:00" level=info msg="[UE][NAS] Receive Security Mode Command"
time="2026-08-11T20:43:42+08:00" level=info msg="[UE][NAS] Type of ciphering algorithm is 5G-EA0"
time="2026-08-11T20:43:42+08:00" level=info msg="[UE][NAS] Type of integrity protection algorithm is 128-5G-IA2"
time="2026-08-11T20:43:42+08:00" level=info msg="[GNB][NGAP] Receive Initial Context Setup Request"
time="2026-08-11T20:43:42+08:00" level=info msg="[GNB][UE] UE Context was created with successful"
time="2026-08-11T20:43:42+08:00" level=info msg="[GNB][UE] UE RAN ID 11"
time="2026-08-11T20:43:42+08:00" level=info msg="[GNB][UE] UE AMF ID 10"
time="2026-08-11T20:43:42+08:00" level=info msg="[GNB][UE] UE Mobility Restrict --Plmn-- Mcc: 208 Mnc: 93"
time="2026-08-11T20:43:42+08:00" level=info msg="[GNB][UE] UE Masked Imeisv: 1110000000ffff00"
time="2026-08-11T20:43:42+08:00" level=info msg="[GNB][UE] Allowed Nssai-- Sst: [01 01] Sd: [010203 112233]"
time="2026-08-11T20:43:42+08:00" level=info msg="[GNB][NGAP][AMF] Send Initial Context Setup Response."
time="2026-08-11T20:43:42+08:00" level=info msg="[GNB] Initiating Initial Context Setup Response"
time="2026-08-11T20:43:42+08:00" level=info msg="[GNB][NGAP] No PDU Session to set up in InitialContextSetupResponse."
time="2026-08-11T20:43:42+08:00" level=info msg="[UE][NAS] Message with security header"
time="2026-08-11T20:43:42+08:00" level=info msg="[UE][NAS] Message with integrity and ciphered"
time="2026-08-11T20:43:42+08:00" level=info msg="[UE][NAS] successful NAS CIPHERING"
time="2026-08-11T20:43:42+08:00" level=info msg="[UE][NAS] successful NAS MAC verification"
time="2026-08-11T20:43:42+08:00" level=info msg="[UE][NAS] Receive Registration Accept"
time="2026-08-11T20:43:42+08:00" level=info msg="[UE][NAS] UE 5G GUTI: &{119 11 [242 2 248 57 202 254 0 0 0 0 7]}"
time="2026-08-11T20:43:42+08:00" level=info msg="[UE] Switched from state 2 to state 3"
time="2026-08-11T20:43:42+08:00" level=info msg="[GNB][SCTP] Receive message in 0 stream\n"
time="2026-08-11T20:43:42+08:00" level=info msg="[GNB][NGAP] Receive Downlink NAS Transport"
time="2026-08-11T20:43:42+08:00" level=info msg="[UE][NAS] Message without security header"
time="2026-08-11T20:43:42+08:00" level=info msg="[UE][NAS] Receive Authentication Request"
time="2026-08-11T20:43:42+08:00" level=info msg="[UE][NAS][MAC] Authenticity of the authentication request message: OK"
time="2026-08-11T20:43:42+08:00" level=info msg="[TESTER] TESTING REGISTRATION USING IMSI 0000013052 UE"
time="2026-08-11T20:43:42+08:00" level=info msg="[GNB] Received incoming connection from new UE"
time="2026-08-11T20:43:42+08:00" level=info msg="[UE] Initiating Registration"
time="2026-08-11T20:43:42+08:00" level=info msg="[UE] Switched from state 0 to state 1"
time="2026-08-11T20:43:42+08:00" level=info msg="[UE][NAS][SQN] SQN of the authentication request message: VALID"
time="2026-08-11T20:43:42+08:00" level=info msg="[UE][NAS] Send authentication response"
time="2026-08-11T20:43:42+08:00" level=info msg="[UE] Switched from state 1 to state 2"
time="2026-08-11T20:43:42+08:00" level=info msg="[TESTER] TESTING REGISTRATION USING IMSI 0000013053 UE"
time="2026-08-11T20:43:42+08:00" level=info msg="[GNB] Received incoming connection from new UE"
time="2026-08-11T20:43:42+08:00" level=info msg="[UE] Initiating Registration"
time="2026-08-11T20:43:42+08:00" level=info msg="[UE] Switched from state 0 to state 1"
time="2026-08-11T20:43:42+08:00" level=info msg="[GNB][SCTP] Receive message in 0 stream\n"
time="2026-08-11T20:43:42+08:00" level=info msg="[GNB][NGAP] Receive Initial Context Setup Request"
time="2026-08-11T20:43:42+08:00" level=info msg="[GNB][UE] UE Context was created with successful"
time="2026-08-11T20:43:42+08:00" level=info msg="[GNB][UE] UE RAN ID 8"
time="2026-08-11T20:43:42+08:00" level=info msg="[GNB][UE] UE AMF ID 7"
time="2026-08-11T20:43:42+08:00" level=info msg="[GNB][UE] UE Mobility Restrict --Plmn-- Mcc: 208 Mnc: 93"
time="2026-08-11T20:43:42+08:00" level=info msg="[GNB][UE] UE Masked Imeisv: 1110000000ffff00"
time="2026-08-11T20:43:42+08:00" level=info msg="[GNB][UE] Allowed Nssai-- Sst: [01 01] Sd: [010203 112233]"
time="2026-08-11T20:43:42+08:00" level=info msg="[GNB][NGAP][AMF] Send Initial Context Setup Response."
time="2026-08-11T20:43:42+08:00" level=info msg="[GNB] Initiating Initial Context Setup Response"
time="2026-08-11T20:43:42+08:00" level=info msg="[GNB][NGAP] No PDU Session to set up in InitialContextSetupResponse."
time="2026-08-11T20:43:42+08:00" level=info msg="[UE][NAS] Message with security header"
time="2026-08-11T20:43:42+08:00" level=info msg="[UE][NAS] Message with integrity and ciphered"
time="2026-08-11T20:43:42+08:00" level=info msg="[UE][NAS] successful NAS CIPHERING"
time="2026-08-11T20:43:42+08:00" level=info msg="[UE][NAS] successful NAS MAC verification"
time="2026-08-11T20:43:42+08:00" level=info msg="[UE][NAS] Receive Registration Accept"
time="2026-08-11T20:43:42+08:00" level=info msg="[UE][NAS] UE 5G GUTI: &{119 11 [242 2 248 57 202 254 0 0 0 0 6]}"
time="2026-08-11T20:43:42+08:00" level=info msg="[UE] Switched from state 2 to state 3"
time="2026-08-11T20:43:42+08:00" level=info msg="[GNB][SCTP] Receive message in 0 stream\n"
time="2026-08-11T20:43:42+08:00" level=info msg="[GNB][NGAP] Receive Initial Context Setup Request"
time="2026-08-11T20:43:42+08:00" level=info msg="[GNB][UE] UE Context was created with successful"
time="2026-08-11T20:43:42+08:00" level=info msg="[GNB][UE] UE RAN ID 16"
time="2026-08-11T20:43:42+08:00" level=info msg="[GNB][UE] UE AMF ID 15"
time="2026-08-11T20:43:42+08:00" level=info msg="[GNB][UE] UE Mobility Restrict --Plmn-- Mcc: 208 Mnc: 93"
time="2026-08-11T20:43:42+08:00" level=info msg="[GNB][UE] UE Masked Imeisv: 1110000000ffff00"
time="2026-08-11T20:43:42+08:00" level=info msg="[GNB][UE] Allowed Nssai-- Sst: [01 01] Sd: [010203 112233]"
time="2026-08-11T20:43:42+08:00" level=info msg="[GNB][NGAP][AMF] Send Initial Context Setup Response."
time="2026-08-11T20:43:42+08:00" level=info msg="[GNB] Initiating Initial Context Setup Response"
time="2026-08-11T20:43:42+08:00" level=info msg="[GNB][NGAP] No PDU Session to set up in InitialContextSetupResponse."
time="2026-08-11T20:43:42+08:00" level=info msg="[UE][NAS] Message with security header"
time="2026-08-11T20:43:42+08:00" level=info msg="[UE][NAS] Message with integrity and ciphered"
time="2026-08-11T20:43:42+08:00" level=info msg="[UE][NAS] successful NAS CIPHERING"
time="2026-08-11T20:43:42+08:00" level=info msg="[UE][NAS] successful NAS MAC verification"
time="2026-08-11T20:43:42+08:00" level=info msg="[UE][NAS] Receive Registration Accept"
time="2026-08-11T20:43:42+08:00" level=info msg="[UE][NAS] UE 5G GUTI: &{119 11 [242 2 248 57 202 254 0 0 0 0 5]}"
time="2026-08-11T20:43:42+08:00" level=info msg="[UE] Switched from state 2 to state 3"
time="2026-08-11T20:43:42+08:00" level=info msg="[GNB][SCTP] Receive message in 0 stream\n"
time="2026-08-11T20:43:42+08:00" level=info msg="[GNB][NGAP] Receive Downlink NAS Transport"
time="2026-08-11T20:43:42+08:00" level=info msg="[UE][NAS] Message with security header"
time="2026-08-11T20:43:42+08:00" level=info msg="[UE][NAS] Message with integrity and with NEW 5G NAS SECURITY CONTEXT"
time="2026-08-11T20:43:42+08:00" level=info msg="[UE][NAS] successful NAS MAC verification"
time="2026-08-11T20:43:42+08:00" level=info msg="[UE][NAS] Receive Security Mode Command"
time="2026-08-11T20:43:42+08:00" level=info msg="[UE][NAS] Type of ciphering algorithm is 5G-EA0"
time="2026-08-11T20:43:42+08:00" level=info msg="[UE][NAS] Type of integrity protection algorithm is 128-5G-IA2"
time="2026-08-11T20:43:42+08:00" level=info msg="[TESTER] TESTING REGISTRATION USING IMSI 0000013054 UE"
time="2026-08-11T20:43:42+08:00" level=info msg="[GNB] Received incoming connection from new UE"
time="2026-08-11T20:43:42+08:00" level=info msg="[UE] Initiating Registration"
time="2026-08-11T20:43:42+08:00" level=info msg="[UE] Switched from state 0 to state 1"
time="2026-08-11T20:43:42+08:00" level=info msg="[TESTER] TESTING REGISTRATION USING IMSI 0000013055 UE"
time="2026-08-11T20:43:42+08:00" level=info msg="[GNB] Received incoming connection from new UE"
time="2026-08-11T20:43:42+08:00" level=info msg="[UE] Initiating Registration"
time="2026-08-11T20:43:42+08:00" level=info msg="[UE] Switched from state 0 to state 1"
time="2026-08-11T20:43:42+08:00" level=info msg="[TESTER] TESTING REGISTRATION USING IMSI 0000013056 UE"
time="2026-08-11T20:43:42+08:00" level=info msg="[GNB] Received incoming connection from new UE"
time="2026-08-11T20:43:42+08:00" level=info msg="[UE] Initiating Registration"
time="2026-08-11T20:43:42+08:00" level=info msg="[UE] Switched from state 0 to state 1"
time="2026-08-11T20:43:42+08:00" level=info msg="[GNB][SCTP] Receive message in 0 stream\n"
time="2026-08-11T20:43:42+08:00" level=info msg="[GNB][NGAP] Receive Downlink NAS Transport"
time="2026-08-11T20:43:42+08:00" level=info msg="[UE][NAS] Message without security header"
time="2026-08-11T20:43:42+08:00" level=info msg="[UE][NAS] Receive Authentication Request"
time="2026-08-11T20:43:42+08:00" level=info msg="[UE][NAS][MAC] Authenticity of the authentication request message: OK"
time="2026-08-11T20:43:42+08:00" level=info msg="[UE][NAS][SQN] SQN of the authentication request message: VALID"
time="2026-08-11T20:43:42+08:00" level=info msg="[UE][NAS] Send authentication response"
time="2026-08-11T20:43:42+08:00" level=info msg="[UE] Switched from state 1 to state 2"
time="2026-08-11T20:43:42+08:00" level=info msg="[GNB][SCTP] Receive message in 0 stream\n"
time="2026-08-11T20:43:42+08:00" level=info msg="[GNB][NGAP] Receive Initial Context Setup Request"
time="2026-08-11T20:43:42+08:00" level=info msg="[GNB][UE] UE Context was created with successful"
time="2026-08-11T20:43:42+08:00" level=info msg="[GNB][UE] UE RAN ID 13"
time="2026-08-11T20:43:42+08:00" level=info msg="[GNB][UE] UE AMF ID 12"
time="2026-08-11T20:43:42+08:00" level=info msg="[GNB][UE] UE Mobility Restrict --Plmn-- Mcc: 208 Mnc: 93"
time="2026-08-11T20:43:42+08:00" level=info msg="[GNB][UE] UE Masked Imeisv: 1110000000ffff00"
time="2026-08-11T20:43:42+08:00" level=info msg="[GNB][UE] Allowed Nssai-- Sst: [01 01] Sd: [010203 112233]"
time="2026-08-11T20:43:42+08:00" level=info msg="[GNB][NGAP][AMF] Send Initial Context Setup Response."
time="2026-08-11T20:43:42+08:00" level=info msg="[GNB] Initiating Initial Context Setup Response"
time="2026-08-11T20:43:42+08:00" level=info msg="[GNB][NGAP] No PDU Session to set up in InitialContextSetupResponse."
time="2026-08-11T20:43:42+08:00" level=info msg="[UE][NAS] Message with security header"
time="2026-08-11T20:43:42+08:00" level=info msg="[UE][NAS] Message with integrity and ciphered"
time="2026-08-11T20:43:42+08:00" level=info msg="[UE][NAS] successful NAS CIPHERING"
time="2026-08-11T20:43:42+08:00" level=info msg="[UE][NAS] successful NAS MAC verification"
time="2026-08-11T20:43:42+08:00" level=info msg="[UE][NAS] Receive Registration Accept"
time="2026-08-11T20:43:42+08:00" level=info msg="[UE][NAS] UE 5G GUTI: &{119 11 [242 2 248 57 202 254 0 0 0 0 3]}"
time="2026-08-11T20:43:42+08:00" level=info msg="[UE] Switched from state 2 to state 3"
time="2026-08-11T20:43:42+08:00" level=info msg="[GNB][SCTP] Receive message in 0 stream\n"
time="2026-08-11T20:43:42+08:00" level=info msg="[GNB][SCTP] Receive message in 0 stream\n"
time="2026-08-11T20:43:42+08:00" level=info msg="[GNB][NGAP] Receive Downlink NAS Transport"
time="2026-08-11T20:43:42+08:00" level=info msg="[UE][NAS] Message with security header"
time="2026-08-11T20:43:42+08:00" level=info msg="[UE][NAS] Message with integrity and ciphered"
time="2026-08-11T20:43:42+08:00" level=info msg="[UE][NAS] successful NAS CIPHERING"
time="2026-08-11T20:43:42+08:00" level=info msg="[UE][NAS] successful NAS MAC verification"
time="2026-08-11T20:43:42+08:00" level=info msg="[UE][NAS] Receive Configuration Update Command"
time="2026-08-11T20:43:42+08:00" level=info msg="[UE] Initiating Configuration Update Complete"
time="2026-08-11T20:43:42+08:00" level=info msg="[GNB][NGAP] Receive Downlink NAS Transport"
time="2026-08-11T20:43:42+08:00" level=info msg="[UE][NAS] Message without security header"
time="2026-08-11T20:43:42+08:00" level=info msg="[UE][NAS] Receive Authentication Request"
time="2026-08-11T20:43:42+08:00" level=info msg="[UE][NAS][MAC] Authenticity of the authentication request message: OK"
time="2026-08-11T20:43:42+08:00" level=info msg="[UE][NAS][SQN] SQN of the authentication request message: VALID"
time="2026-08-11T20:43:42+08:00" level=info msg="[UE][NAS] Send authentication response"
time="2026-08-11T20:43:42+08:00" level=info msg="[UE] Switched from state 1 to state 2"
time="2026-08-11T20:43:42+08:00" level=info msg="[TESTER] TESTING REGISTRATION USING IMSI 0000013057 UE"
time="2026-08-11T20:43:42+08:00" level=info msg="[GNB] Received incoming connection from new UE"
time="2026-08-11T20:43:42+08:00" level=info msg="[UE] Initiating Registration"
time="2026-08-11T20:43:42+08:00" level=info msg="[UE] Switched from state 0 to state 1"
time="2026-08-11T20:43:42+08:00" level=info msg="[TESTER] TESTING REGISTRATION USING IMSI 0000013058 UE"
time="2026-08-11T20:43:42+08:00" level=info msg="[GNB] Received incoming connection from new UE"
time="2026-08-11T20:43:42+08:00" level=info msg="[UE] Initiating Registration"
time="2026-08-11T20:43:42+08:00" level=info msg="[UE] Switched from state 0 to state 1"
time="2026-08-11T20:43:42+08:00" level=info msg="[TESTER] TESTING REGISTRATION USING IMSI 0000013059 UE"
time="2026-08-11T20:43:42+08:00" level=info msg="[GNB] Received incoming connection from new UE"
time="2026-08-11T20:43:42+08:00" level=info msg="[UE] Initiating Registration"
time="2026-08-11T20:43:42+08:00" level=info msg="[UE] Switched from state 0 to state 1"
time="2026-08-11T20:43:42+08:00" level=info msg="[TESTER] TESTING REGISTRATION USING IMSI 0000013060 UE"
time="2026-08-11T20:43:42+08:00" level=info msg="[GNB] Received incoming connection from new UE"
time="2026-08-11T20:43:42+08:00" level=info msg="[UE] Initiating Registration"
time="2026-08-11T20:43:42+08:00" level=info msg="[UE] Switched from state 0 to state 1"
time="2026-08-11T20:43:42+08:00" level=info msg="[TESTER] TESTING REGISTRATION USING IMSI 0000013061 UE"
time="2026-08-11T20:43:42+08:00" level=info msg="[GNB] Received incoming connection from new UE"
time="2026-08-11T20:43:42+08:00" level=info msg="[UE] Initiating Registration"
time="2026-08-11T20:43:42+08:00" level=info msg="[UE] Switched from state 0 to state 1"
time="2026-08-11T20:43:42+08:00" level=info msg="[TESTER] TESTING REGISTRATION USING IMSI 0000013062 UE"
time="2026-08-11T20:43:42+08:00" level=info msg="[GNB] Received incoming connection from new UE"
time="2026-08-11T20:43:42+08:00" level=info msg="[UE] Initiating Registration"
time="2026-08-11T20:43:42+08:00" level=info msg="[UE] Switched from state 0 to state 1"
time="2026-08-11T20:43:42+08:00" level=info msg="[GNB][SCTP] Receive message in 0 stream\n"
time="2026-08-11T20:43:42+08:00" level=info msg="[GNB][SCTP] Receive message in 0 stream\n"
time="2026-08-11T20:43:42+08:00" level=info msg="[GNB][NGAP] Receive Downlink NAS Transport"
time="2026-08-11T20:43:42+08:00" level=info msg="[UE][NAS] Message with security header"
time="2026-08-11T20:43:42+08:00" level=info msg="[UE][NAS] Message with integrity and with NEW 5G NAS SECURITY CONTEXT"
time="2026-08-11T20:43:42+08:00" level=info msg="[UE][NAS] successful NAS MAC verification"
time="2026-08-11T20:43:42+08:00" level=info msg="[UE][NAS] Receive Security Mode Command"
time="2026-08-11T20:43:42+08:00" level=info msg="[UE][NAS] Type of ciphering algorithm is 5G-EA0"
time="2026-08-11T20:43:42+08:00" level=info msg="[UE][NAS] Type of integrity protection algorithm is 128-5G-IA2"
time="2026-08-11T20:43:42+08:00" level=info msg="[GNB][NGAP] Receive Downlink NAS Transport"
time="2026-08-11T20:43:42+08:00" level=info msg="[UE][NAS] Message with security header"
time="2026-08-11T20:43:42+08:00" level=info msg="[UE][NAS] Message with integrity and with NEW 5G NAS SECURITY CONTEXT"
time="2026-08-11T20:43:42+08:00" level=info msg="[UE][NAS] successful NAS MAC verification"
time="2026-08-11T20:43:42+08:00" level=info msg="[UE][NAS] Receive Security Mode Command"
time="2026-08-11T20:43:42+08:00" level=info msg="[UE][NAS] Type of ciphering algorithm is 5G-EA0"
time="2026-08-11T20:43:42+08:00" level=info msg="[UE][NAS] Type of integrity protection algorithm is 128-5G-IA2"
time="2026-08-11T20:43:42+08:00" level=info msg="[TESTER] TESTING REGISTRATION USING IMSI 0000013063 UE"
time="2026-08-11T20:43:42+08:00" level=info msg="[GNB] Received incoming connection from new UE"
time="2026-08-11T20:43:42+08:00" level=info msg="[UE] Initiating Registration"
time="2026-08-11T20:43:42+08:00" level=info msg="[UE] Switched from state 0 to state 1"
time="2026-08-11T20:43:42+08:00" level=info msg="[TESTER] TESTING REGISTRATION USING IMSI 0000013064 UE"
time="2026-08-11T20:43:42+08:00" level=info msg="[GNB] Received incoming connection from new UE"
time="2026-08-11T20:43:42+08:00" level=info msg="[UE] Initiating Registration"
time="2026-08-11T20:43:42+08:00" level=info msg="[UE] Switched from state 0 to state 1"
time="2026-08-11T20:43:42+08:00" level=info msg="[GNB][SCTP] Receive message in 0 stream\n"
time="2026-08-11T20:43:42+08:00" level=info msg="[GNB][SCTP] Receive message in 0 stream\n"
time="2026-08-11T20:43:42+08:00" level=info msg="[GNB][NGAP] Receive Downlink NAS Transport"
time="2026-08-11T20:43:42+08:00" level=info msg="[UE][NAS] Message without security header"
time="2026-08-11T20:43:42+08:00" level=info msg="[UE][NAS] Receive Authentication Request"
time="2026-08-11T20:43:42+08:00" level=info msg="[UE][NAS][MAC] Authenticity of the authentication request message: OK"
time="2026-08-11T20:43:42+08:00" level=info msg="[UE][NAS][SQN] SQN of the authentication request message: VALID"
time="2026-08-11T20:43:42+08:00" level=info msg="[UE][NAS] Send authentication response"
time="2026-08-11T20:43:42+08:00" level=info msg="[UE] Switched from state 1 to state 2"
time="2026-08-11T20:43:42+08:00" level=info msg="[GNB][NGAP] Receive Downlink NAS Transport"
time="2026-08-11T20:43:42+08:00" level=info msg="[UE][NAS] Message without security header"
time="2026-08-11T20:43:42+08:00" level=info msg="[UE][NAS] Receive Authentication Request"
time="2026-08-11T20:43:42+08:00" level=info msg="[UE][NAS][MAC] Authenticity of the authentication request message: OK"
time="2026-08-11T20:43:42+08:00" level=info msg="[UE][NAS][SQN] SQN of the authentication request message: VALID"
time="2026-08-11T20:43:42+08:00" level=info msg="[UE][NAS] Send authentication response"
time="2026-08-11T20:43:42+08:00" level=info msg="[UE] Switched from state 1 to state 2"
time="2026-08-11T20:43:42+08:00" level=info msg="[GNB][SCTP] Receive message in 0 stream\n"
time="2026-08-11T20:43:42+08:00" level=info msg="[GNB][NGAP] Receive Downlink NAS Transport"
time="2026-08-11T20:43:42+08:00" level=info msg="[UE][NAS] Message with security header"
time="2026-08-11T20:43:42+08:00" level=info msg="[UE][NAS] Message with integrity and ciphered"
time="2026-08-11T20:43:42+08:00" level=info msg="[UE][NAS] successful NAS CIPHERING"
time="2026-08-11T20:43:42+08:00" level=info msg="[UE][NAS] successful NAS MAC verification"
time="2026-08-11T20:43:42+08:00" level=info msg="[UE][NAS] Receive Configuration Update Command"
time="2026-08-11T20:43:42+08:00" level=info msg="[UE] Initiating Configuration Update Complete"
time="2026-08-11T20:43:42+08:00" level=info msg="[GNB][SCTP] Receive message in 0 stream\n"
time="2026-08-11T20:43:42+08:00" level=info msg="[GNB][NGAP] Receive Downlink NAS Transport"
time="2026-08-11T20:43:42+08:00" level=info msg="[UE][NAS] Message with security header"
time="2026-08-11T20:43:42+08:00" level=info msg="[UE][NAS] Message with integrity and ciphered"
time="2026-08-11T20:43:42+08:00" level=info msg="[UE][NAS] successful NAS CIPHERING"
time="2026-08-11T20:43:42+08:00" level=info msg="[UE][NAS] successful NAS MAC verification"
time="2026-08-11T20:43:42+08:00" level=info msg="[UE][NAS] Receive Configuration Update Command"
time="2026-08-11T20:43:42+08:00" level=info msg="[UE] Initiating Configuration Update Complete"
time="2026-08-11T20:43:42+08:00" level=info msg="[GNB][SCTP] Receive message in 0 stream\n"
time="2026-08-11T20:43:42+08:00" level=info msg="[GNB][NGAP] Receive Downlink NAS Transport"
time="2026-08-11T20:43:42+08:00" level=info msg="[UE][NAS] Message without security header"
time="2026-08-11T20:43:42+08:00" level=info msg="[UE][NAS] Receive Authentication Request"
time="2026-08-11T20:43:42+08:00" level=info msg="[UE][NAS][MAC] Authenticity of the authentication request message: OK"
time="2026-08-11T20:43:42+08:00" level=info msg="[UE][NAS][SQN] SQN of the authentication request message: VALID"
time="2026-08-11T20:43:42+08:00" level=info msg="[UE][NAS] Send authentication response"
time="2026-08-11T20:43:42+08:00" level=info msg="[UE] Switched from state 1 to state 2"
time="2026-08-11T20:43:42+08:00" level=info msg="[GNB][SCTP] Receive message in 0 stream\n"
time="2026-08-11T20:43:42+08:00" level=info msg="[GNB][NGAP] Receive Downlink NAS Transport"
time="2026-08-11T20:43:42+08:00" level=info msg="[UE][NAS] Message with security header"
time="2026-08-11T20:43:42+08:00" level=info msg="[UE][NAS] Message with integrity and ciphered"
time="2026-08-11T20:43:42+08:00" level=info msg="[UE][NAS] successful NAS CIPHERING"
time="2026-08-11T20:43:42+08:00" level=info msg="[UE][NAS] successful NAS MAC verification"
time="2026-08-11T20:43:42+08:00" level=info msg="[UE][NAS] Receive Configuration Update Command"
time="2026-08-11T20:43:42+08:00" level=info msg="[UE] Initiating Configuration Update Complete"
time="2026-08-11T20:43:42+08:00" level=info msg="[TESTER] TESTING REGISTRATION USING IMSI 0000013065 UE"
time="2026-08-11T20:43:42+08:00" level=info msg="[GNB] Received incoming connection from new UE"
time="2026-08-11T20:43:42+08:00" level=info msg="[UE] Initiating Registration"
time="2026-08-11T20:43:42+08:00" level=info msg="[UE] Switched from state 0 to state 1"
time="2026-08-11T20:43:42+08:00" level=info msg="[TESTER] TESTING REGISTRATION USING IMSI 0000013066 UE"
time="2026-08-11T20:43:42+08:00" level=info msg="[GNB] Received incoming connection from new UE"
time="2026-08-11T20:43:42+08:00" level=info msg="[UE] Initiating Registration"
time="2026-08-11T20:43:42+08:00" level=info msg="[UE] Switched from state 0 to state 1"
time="2026-08-11T20:43:42+08:00" level=info msg="[TESTER] TESTING REGISTRATION USING IMSI 0000013067 UE"
time="2026-08-11T20:43:42+08:00" level=info msg="[GNB] Received incoming connection from new UE"
time="2026-08-11T20:43:42+08:00" level=info msg="[UE] Initiating Registration"
time="2026-08-11T20:43:42+08:00" level=info msg="[UE] Switched from state 0 to state 1"
time="2026-08-11T20:43:42+08:00" level=info msg="[TESTER] TESTING REGISTRATION USING IMSI 0000013068 UE"
time="2026-08-11T20:43:42+08:00" level=info msg="[GNB] Received incoming connection from new UE"
time="2026-08-11T20:43:42+08:00" level=info msg="[UE] Initiating Registration"
time="2026-08-11T20:43:42+08:00" level=info msg="[UE] Switched from state 0 to state 1"
time="2026-08-11T20:43:42+08:00" level=info msg="[TESTER] TESTING REGISTRATION USING IMSI 0000013069 UE"
time="2026-08-11T20:43:42+08:00" level=info msg="[GNB] Received incoming connection from new UE"
time="2026-08-11T20:43:42+08:00" level=info msg="[UE] Initiating Registration"
time="2026-08-11T20:43:42+08:00" level=info msg="[UE] Switched from state 0 to state 1"
time="2026-08-11T20:43:43+08:00" level=info msg="[TESTER] TESTING REGISTRATION USING IMSI 0000013070 UE"
time="2026-08-11T20:43:43+08:00" level=info msg="[GNB] Received incoming connection from new UE"
time="2026-08-11T20:43:43+08:00" level=info msg="[UE] Initiating Registration"
time="2026-08-11T20:43:43+08:00" level=info msg="[UE] Switched from state 0 to state 1"
time="2026-08-11T20:43:43+08:00" level=info msg="[GNB][SCTP] Receive message in 0 stream\n"
time="2026-08-11T20:43:43+08:00" level=info msg="[GNB][NGAP] Receive Initial Context Setup Request"
time="2026-08-11T20:43:43+08:00" level=info msg="[GNB][UE] UE Context was created with successful"
time="2026-08-11T20:43:43+08:00" level=info msg="[GNB][UE] UE RAN ID 4"
time="2026-08-11T20:43:43+08:00" level=info msg="[GNB][UE] UE AMF ID 3"
time="2026-08-11T20:43:43+08:00" level=info msg="[GNB][UE] UE Mobility Restrict --Plmn-- Mcc: 208 Mnc: 93"
time="2026-08-11T20:43:43+08:00" level=info msg="[GNB][UE] UE Masked Imeisv: 1110000000ffff00"
time="2026-08-11T20:43:43+08:00" level=info msg="[GNB][UE] Allowed Nssai-- Sst: [01 01] Sd: [010203 112233]"
time="2026-08-11T20:43:43+08:00" level=info msg="[GNB][NGAP][AMF] Send Initial Context Setup Response."
time="2026-08-11T20:43:43+08:00" level=info msg="[GNB] Initiating Initial Context Setup Response"
time="2026-08-11T20:43:43+08:00" level=info msg="[GNB][NGAP] No PDU Session to set up in InitialContextSetupResponse."
time="2026-08-11T20:43:43+08:00" level=info msg="[UE][NAS] Message with security header"
time="2026-08-11T20:43:43+08:00" level=info msg="[UE][NAS] Message with integrity and ciphered"
time="2026-08-11T20:43:43+08:00" level=info msg="[UE][NAS] successful NAS CIPHERING"
time="2026-08-11T20:43:43+08:00" level=info msg="[UE][NAS] successful NAS MAC verification"
time="2026-08-11T20:43:43+08:00" level=info msg="[UE][NAS] Receive Registration Accept"
time="2026-08-11T20:43:43+08:00" level=info msg="[UE][NAS] UE 5G GUTI: &{119 11 [242 2 248 57 202 254 0 0 0 1 145]}"
time="2026-08-11T20:43:43+08:00" level=info msg="[UE] Switched from state 2 to state 3"
time="2026-08-11T20:43:43+08:00" level=info msg="[TESTER] TESTING REGISTRATION USING IMSI 0000013071 UE"
time="2026-08-11T20:43:43+08:00" level=info msg="[GNB] Received incoming connection from new UE"
time="2026-08-11T20:43:43+08:00" level=info msg="[UE] Initiating Registration"
time="2026-08-11T20:43:43+08:00" level=info msg="[UE] Switched from state 0 to state 1"
time="2026-08-11T20:43:43+08:00" level=info msg="[TESTER] TESTING REGISTRATION USING IMSI 0000013072 UE"
time="2026-08-11T20:43:43+08:00" level=info msg="[GNB] Received incoming connection from new UE"
time="2026-08-11T20:43:43+08:00" level=info msg="[UE] Initiating Registration"
time="2026-08-11T20:43:43+08:00" level=info msg="[UE] Switched from state 0 to state 1"
time="2026-08-11T20:43:43+08:00" level=info msg="[GNB][SCTP] Receive message in 0 stream\n"
time="2026-08-11T20:43:43+08:00" level=info msg="[GNB][NGAP] Receive Initial Context Setup Request"
time="2026-08-11T20:43:43+08:00" level=info msg="[GNB][UE] UE Context was created with successful"
time="2026-08-11T20:43:43+08:00" level=info msg="[GNB][UE] UE RAN ID 12"
time="2026-08-11T20:43:43+08:00" level=info msg="[GNB][UE] UE AMF ID 11"
time="2026-08-11T20:43:43+08:00" level=info msg="[GNB][UE] UE Mobility Restrict --Plmn-- Mcc: 208 Mnc: 93"
time="2026-08-11T20:43:43+08:00" level=info msg="[GNB][UE] UE Masked Imeisv: 1110000000ffff00"
time="2026-08-11T20:43:43+08:00" level=info msg="[GNB][UE] Allowed Nssai-- Sst: [01 01] Sd: [010203 112233]"
time="2026-08-11T20:43:43+08:00" level=info msg="[GNB][NGAP][AMF] Send Initial Context Setup Response."
time="2026-08-11T20:43:43+08:00" level=info msg="[GNB] Initiating Initial Context Setup Response"
time="2026-08-11T20:43:43+08:00" level=info msg="[GNB][NGAP] No PDU Session to set up in InitialContextSetupResponse."
time="2026-08-11T20:43:43+08:00" level=info msg="[UE][NAS] Message with security header"
time="2026-08-11T20:43:43+08:00" level=info msg="[UE][NAS] Message with integrity and ciphered"
time="2026-08-11T20:43:43+08:00" level=info msg="[UE][NAS] successful NAS CIPHERING"
time="2026-08-11T20:43:43+08:00" level=info msg="[UE][NAS] successful NAS MAC verification"
time="2026-08-11T20:43:43+08:00" level=info msg="[UE][NAS] Receive Registration Accept"
time="2026-08-11T20:43:43+08:00" level=info msg="[UE][NAS] UE 5G GUTI: &{119 11 [242 2 248 57 202 254 0 0 0 0 8]}"
time="2026-08-11T20:43:43+08:00" level=info msg="[UE] Switched from state 2 to state 3"
time="2026-08-11T20:43:43+08:00" level=info msg="[GNB][SCTP] Receive message in 0 stream\n"
time="2026-08-11T20:43:43+08:00" level=info msg="[GNB][NGAP] Receive Downlink NAS Transport"
time="2026-08-11T20:43:43+08:00" level=info msg="[UE][NAS] Message without security header"
time="2026-08-11T20:43:43+08:00" level=info msg="[UE][NAS] Receive Authentication Request"
time="2026-08-11T20:43:43+08:00" level=info msg="[UE][NAS][MAC] Authenticity of the authentication request message: OK"
time="2026-08-11T20:43:43+08:00" level=info msg="[UE][NAS][SQN] SQN of the authentication request message: VALID"
time="2026-08-11T20:43:43+08:00" level=info msg="[UE][NAS] Send authentication response"
time="2026-08-11T20:43:43+08:00" level=info msg="[UE] Switched from state 1 to state 2"
time="2026-08-11T20:43:43+08:00" level=info msg="[TESTER] TESTING REGISTRATION USING IMSI 0000013073 UE"
time="2026-08-11T20:43:43+08:00" level=info msg="[GNB] Received incoming connection from new UE"
time="2026-08-11T20:43:43+08:00" level=info msg="[UE] Initiating Registration"
time="2026-08-11T20:43:43+08:00" level=info msg="[UE] Switched from state 0 to state 1"
time="2026-08-11T20:43:43+08:00" level=info msg="[GNB][SCTP] Receive message in 0 stream\n"
time="2026-08-11T20:43:43+08:00" level=info msg="[GNB][NGAP] Receive Downlink NAS Transport"
time="2026-08-11T20:43:43+08:00" level=info msg="[UE][NAS] Message without security header"
time="2026-08-11T20:43:43+08:00" level=info msg="[UE][NAS] Receive Authentication Request"
time="2026-08-11T20:43:43+08:00" level=info msg="[UE][NAS][MAC] Authenticity of the authentication request message: OK"
time="2026-08-11T20:43:43+08:00" level=info msg="[UE][NAS][SQN] SQN of the authentication request message: VALID"
time="2026-08-11T20:43:43+08:00" level=info msg="[UE][NAS] Send authentication response"
time="2026-08-11T20:43:43+08:00" level=info msg="[UE] Switched from state 1 to state 2"
time="2026-08-11T20:43:43+08:00" level=info msg="[TESTER] TESTING REGISTRATION USING IMSI 0000013074 UE"
time="2026-08-11T20:43:43+08:00" level=info msg="[GNB] Received incoming connection from new UE"
time="2026-08-11T20:43:43+08:00" level=info msg="[UE] Initiating Registration"
time="2026-08-11T20:43:43+08:00" level=info msg="[UE] Switched from state 0 to state 1"
time="2026-08-11T20:43:43+08:00" level=info msg="[TESTER] TESTING REGISTRATION USING IMSI 0000013075 UE"
time="2026-08-11T20:43:43+08:00" level=info msg="[GNB] Received incoming connection from new UE"
time="2026-08-11T20:43:43+08:00" level=info msg="[UE] Initiating Registration"
time="2026-08-11T20:43:43+08:00" level=info msg="[UE] Switched from state 0 to state 1"
time="2026-08-11T20:43:43+08:00" level=info msg="[TESTER] TESTING REGISTRATION USING IMSI 0000013076 UE"
time="2026-08-11T20:43:43+08:00" level=info msg="[GNB] Received incoming connection from new UE"
time="2026-08-11T20:43:43+08:00" level=info msg="[UE] Initiating Registration"
time="2026-08-11T20:43:43+08:00" level=info msg="[UE] Switched from state 0 to state 1"
time="2026-08-11T20:43:43+08:00" level=info msg="[GNB][SCTP] Receive message in 0 stream\n"
time="2026-08-11T20:43:43+08:00" level=info msg="[GNB][NGAP] Receive Downlink NAS Transport"
time="2026-08-11T20:43:43+08:00" level=info msg="[UE][NAS] Message without security header"
time="2026-08-11T20:43:43+08:00" level=info msg="[UE][NAS] Receive Authentication Request"
time="2026-08-11T20:43:43+08:00" level=info msg="[UE][NAS][MAC] Authenticity of the authentication request message: OK"
time="2026-08-11T20:43:43+08:00" level=info msg="[UE][NAS][SQN] SQN of the authentication request message: VALID"
time="2026-08-11T20:43:43+08:00" level=info msg="[UE][NAS] Send authentication response"
time="2026-08-11T20:43:43+08:00" level=info msg="[UE] Switched from state 1 to state 2"
time="2026-08-11T20:43:43+08:00" level=info msg="[GNB][SCTP] Receive message in 0 stream\n"
time="2026-08-11T20:43:43+08:00" level=info msg="[TESTER] TESTING REGISTRATION USING IMSI 0000013077 UE"
time="2026-08-11T20:43:43+08:00" level=info msg="[GNB] Received incoming connection from new UE"
time="2026-08-11T20:43:43+08:00" level=info msg="[GNB][NGAP] Receive Downlink NAS Transport"
time="2026-08-11T20:43:43+08:00" level=info msg="[UE][NAS] Message without security header"
time="2026-08-11T20:43:43+08:00" level=info msg="[UE][NAS] Receive Authentication Request"
time="2026-08-11T20:43:43+08:00" level=info msg="[UE][NAS][MAC] Authenticity of the authentication request message: OK"
time="2026-08-11T20:43:43+08:00" level=info msg="[UE][NAS][SQN] SQN of the authentication request message: VALID"
time="2026-08-11T20:43:43+08:00" level=info msg="[UE][NAS] Send authentication response"
time="2026-08-11T20:43:43+08:00" level=info msg="[UE] Initiating Registration"
time="2026-08-11T20:43:43+08:00" level=info msg="[UE] Switched from state 1 to state 2"
time="2026-08-11T20:43:43+08:00" level=info msg="[UE] Switched from state 0 to state 1"
time="2026-08-11T20:43:43+08:00" level=info msg="[TESTER] TESTING REGISTRATION USING IMSI 0000013078 UE"
time="2026-08-11T20:43:43+08:00" level=info msg="[GNB] Received incoming connection from new UE"
time="2026-08-11T20:43:43+08:00" level=info msg="[UE] Initiating Registration"
time="2026-08-11T20:43:43+08:00" level=info msg="[UE] Switched from state 0 to state 1"
time="2026-08-11T20:43:43+08:00" level=info msg="[TESTER] TESTING REGISTRATION USING IMSI 0000013079 UE"
time="2026-08-11T20:43:43+08:00" level=info msg="[GNB] Received incoming connection from new UE"
time="2026-08-11T20:43:43+08:00" level=info msg="[UE] Initiating Registration"
time="2026-08-11T20:43:43+08:00" level=info msg="[UE] Switched from state 0 to state 1"
time="2026-08-11T20:43:43+08:00" level=info msg="[TESTER] TESTING REGISTRATION USING IMSI 0000013080 UE"
time="2026-08-11T20:43:43+08:00" level=info msg="[GNB] Received incoming connection from new UE"
time="2026-08-11T20:43:43+08:00" level=info msg="[UE] Initiating Registration"
time="2026-08-11T20:43:43+08:00" level=info msg="[UE] Switched from state 0 to state 1"
time="2026-08-11T20:43:43+08:00" level=info msg="[GNB][SCTP] Receive message in 0 stream\n"
time="2026-08-11T20:43:43+08:00" level=info msg="[GNB][NGAP] Receive Downlink NAS Transport"
time="2026-08-11T20:43:43+08:00" level=info msg="[UE][NAS] Message without security header"
time="2026-08-11T20:43:43+08:00" level=info msg="[UE][NAS] Receive Authentication Request"
time="2026-08-11T20:43:43+08:00" level=info msg="[UE][NAS][MAC] Authenticity of the authentication request message: OK"
time="2026-08-11T20:43:43+08:00" level=info msg="[UE][NAS][SQN] SQN of the authentication request message: VALID"
time="2026-08-11T20:43:43+08:00" level=info msg="[UE][NAS] Send authentication response"
time="2026-08-11T20:43:43+08:00" level=info msg="[GNB][SCTP] Receive message in 0 stream\n"
time="2026-08-11T20:43:43+08:00" level=info msg="[GNB][NGAP] Receive Downlink NAS Transport"
time="2026-08-11T20:43:43+08:00" level=info msg="[UE][NAS] Message without security header"
time="2026-08-11T20:43:43+08:00" level=info msg="[UE][NAS] Receive Authentication Request"
time="2026-08-11T20:43:43+08:00" level=info msg="[UE][NAS][MAC] Authenticity of the authentication request message: OK"
time="2026-08-11T20:43:43+08:00" level=info msg="[UE][NAS][SQN] SQN of the authentication request message: VALID"
time="2026-08-11T20:43:43+08:00" level=info msg="[UE][NAS] Send authentication response"
time="2026-08-11T20:43:43+08:00" level=info msg="[UE] Switched from state 1 to state 2"
time="2026-08-11T20:43:43+08:00" level=info msg="[UE] Switched from state 1 to state 2"
time="2026-08-11T20:43:43+08:00" level=info msg="[GNB][SCTP] Receive message in 0 stream\n"
time="2026-08-11T20:43:43+08:00" level=info msg="[GNB][NGAP] Receive Downlink NAS Transport"
time="2026-08-11T20:43:43+08:00" level=info msg="[UE][NAS] Message without security header"
time="2026-08-11T20:43:43+08:00" level=info msg="[UE][NAS] Receive Authentication Request"
time="2026-08-11T20:43:43+08:00" level=info msg="[UE][NAS][MAC] Authenticity of the authentication request message: OK"
time="2026-08-11T20:43:43+08:00" level=info msg="[UE][NAS][SQN] SQN of the authentication request message: VALID"
time="2026-08-11T20:43:43+08:00" level=info msg="[TESTER] TESTING REGISTRATION USING IMSI 0000013081 UE"
time="2026-08-11T20:43:43+08:00" level=info msg="[GNB] Received incoming connection from new UE"
time="2026-08-11T20:43:43+08:00" level=info msg="[UE][NAS] Send authentication response"
time="2026-08-11T20:43:43+08:00" level=info msg="[UE] Initiating Registration"
time="2026-08-11T20:43:43+08:00" level=info msg="[UE] Switched from state 0 to state 1"
time="2026-08-11T20:43:43+08:00" level=info msg="[UE] Switched from state 1 to state 2"
time="2026-08-11T20:43:43+08:00" level=info msg="[TESTER] TESTING REGISTRATION USING IMSI 0000013082 UE"
time="2026-08-11T20:43:43+08:00" level=info msg="[GNB] Received incoming connection from new UE"
time="2026-08-11T20:43:43+08:00" level=info msg="[UE] Initiating Registration"
time="2026-08-11T20:43:43+08:00" level=info msg="[UE] Switched from state 0 to state 1"
time="2026-08-11T20:43:43+08:00" level=info msg="[GNB][SCTP] Receive message in 0 stream\n"
time="2026-08-11T20:43:43+08:00" level=info msg="[GNB][NGAP] Receive Downlink NAS Transport"
time="2026-08-11T20:43:43+08:00" level=info msg="[UE][NAS] Message without security header"
time="2026-08-11T20:43:43+08:00" level=info msg="[UE][NAS] Receive Authentication Request"
time="2026-08-11T20:43:43+08:00" level=info msg="[UE][NAS][MAC] Authenticity of the authentication request message: OK"
time="2026-08-11T20:43:43+08:00" level=info msg="[UE][NAS][SQN] SQN of the authentication request message: VALID"
time="2026-08-11T20:43:43+08:00" level=info msg="[UE][NAS] Send authentication response"
time="2026-08-11T20:43:43+08:00" level=info msg="[UE] Switched from state 1 to state 2"
time="2026-08-11T20:43:43+08:00" level=info msg="[GNB][SCTP] Receive message in 0 stream\n"
time="2026-08-11T20:43:43+08:00" level=info msg="[GNB][NGAP] Receive Downlink NAS Transport"
time="2026-08-11T20:43:43+08:00" level=info msg="[UE][NAS] Message without security header"
time="2026-08-11T20:43:43+08:00" level=info msg="[UE][NAS] Receive Authentication Request"
time="2026-08-11T20:43:43+08:00" level=info msg="[UE][NAS][MAC] Authenticity of the authentication request message: OK"
time="2026-08-11T20:43:43+08:00" level=info msg="[UE][NAS][SQN] SQN of the authentication request message: VALID"
time="2026-08-11T20:43:43+08:00" level=info msg="[UE][NAS] Send authentication response"
time="2026-08-11T20:43:43+08:00" level=info msg="[UE] Switched from state 1 to state 2"
time="2026-08-11T20:43:43+08:00" level=info msg="[GNB][SCTP] Receive message in 0 stream\n"
time="2026-08-11T20:43:43+08:00" level=info msg="[GNB][NGAP] Receive Downlink NAS Transport"
time="2026-08-11T20:43:43+08:00" level=info msg="[UE][NAS] Message without security header"
time="2026-08-11T20:43:43+08:00" level=info msg="[UE][NAS] Receive Authentication Request"
time="2026-08-11T20:43:43+08:00" level=info msg="[UE][NAS][MAC] Authenticity of the authentication request message: OK"
time="2026-08-11T20:43:43+08:00" level=info msg="[UE][NAS][SQN] SQN of the authentication request message: VALID"
time="2026-08-11T20:43:43+08:00" level=info msg="[UE][NAS] Send authentication response"
time="2026-08-11T20:43:43+08:00" level=info msg="[UE] Switched from state 1 to state 2"
time="2026-08-11T20:43:43+08:00" level=info msg="[TESTER] TESTING REGISTRATION USING IMSI 0000013083 UE"
time="2026-08-11T20:43:43+08:00" level=info msg="[GNB] Received incoming connection from new UE"
time="2026-08-11T20:43:43+08:00" level=info msg="[UE] Initiating Registration"
time="2026-08-11T20:43:43+08:00" level=info msg="[UE] Switched from state 0 to state 1"
time="2026-08-11T20:43:43+08:00" level=info msg="[GNB][SCTP] Receive message in 0 stream\n"
time="2026-08-11T20:43:43+08:00" level=info msg="[GNB][NGAP] Receive Initial Context Setup Request"
time="2026-08-11T20:43:43+08:00" level=info msg="[GNB][UE] UE Context was created with successful"
time="2026-08-11T20:43:43+08:00" level=info msg="[GNB][UE] UE RAN ID 2"
time="2026-08-11T20:43:43+08:00" level=info msg="[GNB][UE] UE AMF ID 1"
time="2026-08-11T20:43:43+08:00" level=info msg="[GNB][UE] UE Mobility Restrict --Plmn-- Mcc: 208 Mnc: 93"
time="2026-08-11T20:43:43+08:00" level=info msg="[GNB][UE] UE Masked Imeisv: 1110000000ffff00"
time="2026-08-11T20:43:43+08:00" level=info msg="[GNB][UE] Allowed Nssai-- Sst: [01 01] Sd: [010203 112233]"
time="2026-08-11T20:43:43+08:00" level=info msg="[GNB][NGAP][AMF] Send Initial Context Setup Response."
time="2026-08-11T20:43:43+08:00" level=info msg="[GNB] Initiating Initial Context Setup Response"
time="2026-08-11T20:43:43+08:00" level=info msg="[GNB][NGAP] No PDU Session to set up in InitialContextSetupResponse."
time="2026-08-11T20:43:43+08:00" level=info msg="[UE][NAS] Message with security header"
time="2026-08-11T20:43:43+08:00" level=info msg="[UE][NAS] Message with integrity and ciphered"
time="2026-08-11T20:43:43+08:00" level=info msg="[UE][NAS] successful NAS CIPHERING"
time="2026-08-11T20:43:43+08:00" level=info msg="[UE][NAS] successful NAS MAC verification"
time="2026-08-11T20:43:43+08:00" level=info msg="[UE][NAS] Receive Registration Accept"
time="2026-08-11T20:43:43+08:00" level=info msg="[UE][NAS] UE 5G GUTI: &{119 11 [242 2 248 57 202 254 0 0 0 0 1]}"
time="2026-08-11T20:43:43+08:00" level=info msg="[UE] Switched from state 2 to state 3"
time="2026-08-11T20:43:43+08:00" level=info msg="[TESTER] TESTING REGISTRATION USING IMSI 0000013084 UE"
time="2026-08-11T20:43:43+08:00" level=info msg="[GNB] Received incoming connection from new UE"
time="2026-08-11T20:43:43+08:00" level=info msg="[UE] Initiating Registration"
time="2026-08-11T20:43:43+08:00" level=info msg="[UE] Switched from state 0 to state 1"
time="2026-08-11T20:43:43+08:00" level=info msg="[GNB][SCTP] Receive message in 0 stream\n"
time="2026-08-11T20:43:43+08:00" level=info msg="[GNB][NGAP] Receive Downlink NAS Transport"
time="2026-08-11T20:43:43+08:00" level=info msg="[UE][NAS] Message without security header"
time="2026-08-11T20:43:43+08:00" level=info msg="[UE][NAS] Receive Authentication Request"
time="2026-08-11T20:43:43+08:00" level=info msg="[UE][NAS][MAC] Authenticity of the authentication request message: OK"
time="2026-08-11T20:43:43+08:00" level=info msg="[UE][NAS][SQN] SQN of the authentication request message: VALID"
time="2026-08-11T20:43:43+08:00" level=info msg="[UE][NAS] Send authentication response"
time="2026-08-11T20:43:43+08:00" level=info msg="[UE] Switched from state 1 to state 2"
time="2026-08-11T20:43:43+08:00" level=info msg="[GNB][SCTP] Receive message in 0 stream\n"
time="2026-08-11T20:43:43+08:00" level=info msg="[GNB][NGAP] Receive Downlink NAS Transport"
time="2026-08-11T20:43:43+08:00" level=info msg="[UE][NAS] Message with security header"
time="2026-08-11T20:43:43+08:00" level=info msg="[UE][NAS] Message with integrity and with NEW 5G NAS SECURITY CONTEXT"
time="2026-08-11T20:43:43+08:00" level=info msg="[UE][NAS] successful NAS MAC verification"
time="2026-08-11T20:43:43+08:00" level=info msg="[UE][NAS] Receive Security Mode Command"
time="2026-08-11T20:43:43+08:00" level=info msg="[UE][NAS] Type of ciphering algorithm is 5G-EA0"
time="2026-08-11T20:43:43+08:00" level=info msg="[UE][NAS] Type of integrity protection algorithm is 128-5G-IA2"
time="2026-08-11T20:43:43+08:00" level=info msg="[GNB][SCTP] Receive message in 0 stream\n"
time="2026-08-11T20:43:43+08:00" level=info msg="[GNB][NGAP] Receive Downlink NAS Transport"
time="2026-08-11T20:43:43+08:00" level=info msg="[UE][NAS] Message without security header"
time="2026-08-11T20:43:43+08:00" level=info msg="[UE][NAS] Receive Authentication Request"
time="2026-08-11T20:43:43+08:00" level=info msg="[UE][NAS][MAC] Authenticity of the authentication request message: OK"
time="2026-08-11T20:43:43+08:00" level=info msg="[UE][NAS][SQN] SQN of the authentication request message: VALID"
time="2026-08-11T20:43:43+08:00" level=info msg="[UE][NAS] Send authentication response"
time="2026-08-11T20:43:43+08:00" level=info msg="[UE] Switched from state 1 to state 2"
time="2026-08-11T20:43:43+08:00" level=info msg="[TESTER] TESTING REGISTRATION USING IMSI 0000013085 UE"
time="2026-08-11T20:43:43+08:00" level=info msg="[GNB] Received incoming connection from new UE"
time="2026-08-11T20:43:43+08:00" level=info msg="[UE] Initiating Registration"
time="2026-08-11T20:43:43+08:00" level=info msg="[UE] Switched from state 0 to state 1"
time="2026-08-11T20:43:43+08:00" level=info msg="[GNB][SCTP] Receive message in 0 stream\n"
time="2026-08-11T20:43:43+08:00" level=info msg="[GNB][NGAP] Receive Downlink NAS Transport"
time="2026-08-11T20:43:43+08:00" level=info msg="[UE][NAS] Message with security header"
time="2026-08-11T20:43:43+08:00" level=info msg="[UE][NAS] Message with integrity and with NEW 5G NAS SECURITY CONTEXT"
time="2026-08-11T20:43:43+08:00" level=info msg="[UE][NAS] successful NAS MAC verification"
time="2026-08-11T20:43:43+08:00" level=info msg="[UE][NAS] Receive Security Mode Command"
time="2026-08-11T20:43:43+08:00" level=info msg="[UE][NAS] Type of ciphering algorithm is 5G-EA0"
time="2026-08-11T20:43:43+08:00" level=info msg="[UE][NAS] Type of integrity protection algorithm is 128-5G-IA2"
time="2026-08-11T20:43:43+08:00" level=info msg="[GNB][SCTP] Receive message in 0 stream\n"
time="2026-08-11T20:43:43+08:00" level=info msg="[GNB][NGAP] Receive Downlink NAS Transport"
time="2026-08-11T20:43:43+08:00" level=info msg="[UE][NAS] Message without security header"
time="2026-08-11T20:43:43+08:00" level=info msg="[UE][NAS] Receive Authentication Request"
time="2026-08-11T20:43:43+08:00" level=info msg="[UE][NAS][MAC] Authenticity of the authentication request message: OK"
time="2026-08-11T20:43:43+08:00" level=info msg="[UE][NAS][SQN] SQN of the authentication request message: VALID"
time="2026-08-11T20:43:43+08:00" level=info msg="[UE][NAS] Send authentication response"
time="2026-08-11T20:43:43+08:00" level=info msg="[UE] Switched from state 1 to state 2"
time="2026-08-11T20:43:43+08:00" level=info msg="[TESTER] TESTING REGISTRATION USING IMSI 0000013086 UE"
time="2026-08-11T20:43:43+08:00" level=info msg="[GNB] Received incoming connection from new UE"
time="2026-08-11T20:43:43+08:00" level=info msg="[UE] Initiating Registration"
time="2026-08-11T20:43:43+08:00" level=info msg="[UE] Switched from state 0 to state 1"
time="2026-08-11T20:43:43+08:00" level=info msg="[TESTER] TESTING REGISTRATION USING IMSI 0000013087 UE"
time="2026-08-11T20:43:43+08:00" level=info msg="[GNB] Received incoming connection from new UE"
time="2026-08-11T20:43:43+08:00" level=info msg="[UE] Initiating Registration"
time="2026-08-11T20:43:43+08:00" level=info msg="[UE] Switched from state 0 to state 1"
time="2026-08-11T20:43:43+08:00" level=info msg="[GNB][SCTP] Receive message in 0 stream\n"
time="2026-08-11T20:43:43+08:00" level=info msg="[GNB][NGAP] Receive Downlink NAS Transport"
time="2026-08-11T20:43:43+08:00" level=info msg="[UE][NAS] Message with security header"
time="2026-08-11T20:43:43+08:00" level=info msg="[UE][NAS] Message with integrity and with NEW 5G NAS SECURITY CONTEXT"
time="2026-08-11T20:43:43+08:00" level=info msg="[UE][NAS] successful NAS MAC verification"
time="2026-08-11T20:43:43+08:00" level=info msg="[UE][NAS] Receive Security Mode Command"
time="2026-08-11T20:43:43+08:00" level=info msg="[UE][NAS] Type of ciphering algorithm is 5G-EA0"
time="2026-08-11T20:43:43+08:00" level=info msg="[UE][NAS] Type of integrity protection algorithm is 128-5G-IA2"
time="2026-08-11T20:43:43+08:00" level=info msg="[TESTER] TESTING REGISTRATION USING IMSI 0000013088 UE"
time="2026-08-11T20:43:43+08:00" level=info msg="[GNB] Received incoming connection from new UE"
time="2026-08-11T20:43:43+08:00" level=info msg="[UE] Initiating Registration"
time="2026-08-11T20:43:43+08:00" level=info msg="[UE] Switched from state 0 to state 1"
time="2026-08-11T20:43:43+08:00" level=info msg="[GNB][SCTP] Receive message in 0 stream\n"
time="2026-08-11T20:43:43+08:00" level=info msg="[GNB][NGAP] Receive Downlink NAS Transport"
time="2026-08-11T20:43:43+08:00" level=info msg="[UE][NAS] Message with security header"
time="2026-08-11T20:43:43+08:00" level=info msg="[UE][NAS] Message with integrity and with NEW 5G NAS SECURITY CONTEXT"
time="2026-08-11T20:43:43+08:00" level=info msg="[UE][NAS] successful NAS MAC verification"
time="2026-08-11T20:43:43+08:00" level=info msg="[UE][NAS] Receive Security Mode Command"
time="2026-08-11T20:43:43+08:00" level=info msg="[UE][NAS] Type of ciphering algorithm is 5G-EA0"
time="2026-08-11T20:43:43+08:00" level=info msg="[UE][NAS] Type of integrity protection algorithm is 128-5G-IA2"
time="2026-08-11T20:43:44+08:00" level=info msg="[TESTER] TESTING REGISTRATION USING IMSI 0000013089 UE"
time="2026-08-11T20:43:44+08:00" level=info msg="[GNB] Received incoming connection from new UE"
time="2026-08-11T20:43:44+08:00" level=info msg="[UE] Initiating Registration"
time="2026-08-11T20:43:44+08:00" level=info msg="[UE] Switched from state 0 to state 1"
time="2026-08-11T20:43:44+08:00" level=info msg="[TESTER] TESTING REGISTRATION USING IMSI 0000013090 UE"
time="2026-08-11T20:43:44+08:00" level=info msg="[GNB] Received incoming connection from new UE"
time="2026-08-11T20:43:44+08:00" level=info msg="[UE] Initiating Registration"
time="2026-08-11T20:43:44+08:00" level=info msg="[UE] Switched from state 0 to state 1"
time="2026-08-11T20:43:44+08:00" level=info msg="[TESTER] TESTING REGISTRATION USING IMSI 0000013091 UE"
time="2026-08-11T20:43:44+08:00" level=info msg="[GNB] Received incoming connection from new UE"
time="2026-08-11T20:43:44+08:00" level=info msg="[UE] Initiating Registration"
time="2026-08-11T20:43:44+08:00" level=info msg="[UE] Switched from state 0 to state 1"
time="2026-08-11T20:43:44+08:00" level=info msg="[GNB][SCTP] Receive message in 0 stream\n"
time="2026-08-11T20:43:44+08:00" level=info msg="[GNB][NGAP] Receive Downlink NAS Transport"
time="2026-08-11T20:43:44+08:00" level=info msg="[UE][NAS] Message with security header"
time="2026-08-11T20:43:44+08:00" level=info msg="[UE][NAS] Message with integrity and with NEW 5G NAS SECURITY CONTEXT"
time="2026-08-11T20:43:44+08:00" level=info msg="[UE][NAS] successful NAS MAC verification"
time="2026-08-11T20:43:44+08:00" level=info msg="[UE][NAS] Receive Security Mode Command"
time="2026-08-11T20:43:44+08:00" level=info msg="[UE][NAS] Type of ciphering algorithm is 5G-EA0"
time="2026-08-11T20:43:44+08:00" level=info msg="[UE][NAS] Type of integrity protection algorithm is 128-5G-IA2"
time="2026-08-11T20:43:44+08:00" level=info msg="[GNB][SCTP] Receive message in 0 stream\n"
time="2026-08-11T20:43:44+08:00" level=info msg="[GNB][NGAP] Receive Downlink NAS Transport"
time="2026-08-11T20:43:44+08:00" level=info msg="[UE][NAS] Message without security header"
time="2026-08-11T20:43:44+08:00" level=info msg="[UE][NAS] Receive Authentication Request"
time="2026-08-11T20:43:44+08:00" level=info msg="[UE][NAS][MAC] Authenticity of the authentication request message: OK"
time="2026-08-11T20:43:44+08:00" level=info msg="[UE][NAS][SQN] SQN of the authentication request message: VALID"
time="2026-08-11T20:43:44+08:00" level=info msg="[UE][NAS] Send authentication response"
time="2026-08-11T20:43:44+08:00" level=info msg="[UE] Switched from state 1 to state 2"
time="2026-08-11T20:43:44+08:00" level=info msg="[TESTER] TESTING REGISTRATION USING IMSI 0000013092 UE"
time="2026-08-11T20:43:44+08:00" level=info msg="[GNB] Received incoming connection from new UE"
time="2026-08-11T20:43:44+08:00" level=info msg="[UE] Initiating Registration"
time="2026-08-11T20:43:44+08:00" level=info msg="[UE] Switched from state 0 to state 1"
time="2026-08-11T20:43:44+08:00" level=info msg="[GNB][SCTP] Receive message in 0 stream\n"
time="2026-08-11T20:43:44+08:00" level=info msg="[GNB][NGAP] Receive Downlink NAS Transport"
time="2026-08-11T20:43:44+08:00" level=info msg="[UE][NAS] Message without security header"
time="2026-08-11T20:43:44+08:00" level=info msg="[UE][NAS] Receive Authentication Request"
time="2026-08-11T20:43:44+08:00" level=info msg="[UE][NAS][MAC] Authenticity of the authentication request message: OK"
time="2026-08-11T20:43:44+08:00" level=info msg="[UE][NAS][SQN] SQN of the authentication request message: VALID"
time="2026-08-11T20:43:44+08:00" level=info msg="[UE][NAS] Send authentication response"
time="2026-08-11T20:43:44+08:00" level=info msg="[UE] Switched from state 1 to state 2"
time="2026-08-11T20:43:44+08:00" level=info msg="[GNB][SCTP] Receive message in 0 stream\n"
time="2026-08-11T20:43:44+08:00" level=info msg="[GNB][SCTP] Receive message in 0 stream\n"
time="2026-08-11T20:43:44+08:00" level=info msg="[GNB][NGAP] Receive Downlink NAS Transport"
time="2026-08-11T20:43:44+08:00" level=info msg="[UE][NAS] Message without security header"
time="2026-08-11T20:43:44+08:00" level=info msg="[UE][NAS] Receive Authentication Request"
time="2026-08-11T20:43:44+08:00" level=info msg="[UE][NAS][MAC] Authenticity of the authentication request message: OK"
time="2026-08-11T20:43:44+08:00" level=info msg="[UE][NAS][SQN] SQN of the authentication request message: VALID"
time="2026-08-11T20:43:44+08:00" level=info msg="[UE][NAS] Send authentication response"
time="2026-08-11T20:43:44+08:00" level=info msg="[UE] Switched from state 1 to state 2"
time="2026-08-11T20:43:44+08:00" level=info msg="[GNB][NGAP] Receive Downlink NAS Transport"
time="2026-08-11T20:43:44+08:00" level=info msg="[UE][NAS] Message without security header"
time="2026-08-11T20:43:44+08:00" level=info msg="[UE][NAS] Receive Authentication Request"
time="2026-08-11T20:43:44+08:00" level=info msg="[UE][NAS][MAC] Authenticity of the authentication request message: OK"
time="2026-08-11T20:43:44+08:00" level=info msg="[UE][NAS][SQN] SQN of the authentication request message: VALID"
time="2026-08-11T20:43:44+08:00" level=info msg="[UE][NAS] Send authentication response"
time="2026-08-11T20:43:44+08:00" level=info msg="[UE] Switched from state 1 to state 2"
time="2026-08-11T20:43:44+08:00" level=info msg="[TESTER] TESTING REGISTRATION USING IMSI 0000013093 UE"
time="2026-08-11T20:43:44+08:00" level=info msg="[GNB] Received incoming connection from new UE"
time="2026-08-11T20:43:44+08:00" level=info msg="[UE] Initiating Registration"
time="2026-08-11T20:43:44+08:00" level=info msg="[UE] Switched from state 0 to state 1"
time="2026-08-11T20:43:44+08:00" level=info msg="[TESTER] TESTING REGISTRATION USING IMSI 0000013094 UE"
time="2026-08-11T20:43:44+08:00" level=info msg="[GNB] Received incoming connection from new UE"
time="2026-08-11T20:43:44+08:00" level=info msg="[UE] Initiating Registration"
time="2026-08-11T20:43:44+08:00" level=info msg="[UE] Switched from state 0 to state 1"
time="2026-08-11T20:43:44+08:00" level=info msg="[TESTER] TESTING REGISTRATION USING IMSI 0000013095 UE"
time="2026-08-11T20:43:44+08:00" level=info msg="[GNB] Received incoming connection from new UE"
time="2026-08-11T20:43:44+08:00" level=info msg="[UE] Initiating Registration"
time="2026-08-11T20:43:44+08:00" level=info msg="[UE] Switched from state 0 to state 1"
time="2026-08-11T20:43:44+08:00" level=info msg="[GNB][SCTP] Receive message in 0 stream\n"
time="2026-08-11T20:43:44+08:00" level=info msg="[GNB][NGAP] Receive Downlink NAS Transport"
time="2026-08-11T20:43:44+08:00" level=info msg="[UE][NAS] Message without security header"
time="2026-08-11T20:43:44+08:00" level=info msg="[UE][NAS] Receive Authentication Request"
time="2026-08-11T20:43:44+08:00" level=info msg="[UE][NAS][MAC] Authenticity of the authentication request message: OK"
time="2026-08-11T20:43:44+08:00" level=info msg="[UE][NAS][SQN] SQN of the authentication request message: VALID"
time="2026-08-11T20:43:44+08:00" level=info msg="[UE][NAS] Send authentication response"
time="2026-08-11T20:43:44+08:00" level=info msg="[UE] Switched from state 1 to state 2"
time="2026-08-11T20:43:44+08:00" level=info msg="[GNB][SCTP] Receive message in 0 stream\n"
time="2026-08-11T20:43:44+08:00" level=info msg="[GNB][NGAP] Receive Initial Context Setup Request"
time="2026-08-11T20:43:44+08:00" level=info msg="[GNB][UE] UE Context was created with successful"
time="2026-08-11T20:43:44+08:00" level=info msg="[GNB][UE] UE RAN ID 17"
time="2026-08-11T20:43:44+08:00" level=info msg="[GNB][UE] UE AMF ID 16"
time="2026-08-11T20:43:44+08:00" level=info msg="[GNB][UE] UE Mobility Restrict --Plmn-- Mcc: 208 Mnc: 93"
time="2026-08-11T20:43:44+08:00" level=info msg="[GNB][UE] UE Masked Imeisv: 1110000000ffff00"
time="2026-08-11T20:43:44+08:00" level=info msg="[GNB][UE] Allowed Nssai-- Sst: [01 01] Sd: [010203 112233]"
time="2026-08-11T20:43:44+08:00" level=info msg="[GNB][NGAP][AMF] Send Initial Context Setup Response."
time="2026-08-11T20:43:44+08:00" level=info msg="[GNB] Initiating Initial Context Setup Response"
time="2026-08-11T20:43:44+08:00" level=info msg="[GNB][NGAP] No PDU Session to set up in InitialContextSetupResponse."
time="2026-08-11T20:43:44+08:00" level=info msg="[UE][NAS] Message with security header"
time="2026-08-11T20:43:44+08:00" level=info msg="[UE][NAS] Message with integrity and ciphered"
time="2026-08-11T20:43:44+08:00" level=info msg="[UE][NAS] successful NAS CIPHERING"
time="2026-08-11T20:43:44+08:00" level=info msg="[UE][NAS] successful NAS MAC verification"
time="2026-08-11T20:43:44+08:00" level=info msg="[UE][NAS] Receive Registration Accept"
time="2026-08-11T20:43:44+08:00" level=info msg="[UE][NAS] UE 5G GUTI: &{119 11 [242 2 248 57 202 254 0 0 0 0 4]}"
time="2026-08-11T20:43:44+08:00" level=info msg="[UE] Switched from state 2 to state 3"
time="2026-08-11T20:43:44+08:00" level=info msg="[TESTER] TESTING REGISTRATION USING IMSI 0000013096 UE"
time="2026-08-11T20:43:44+08:00" level=info msg="[GNB] Received incoming connection from new UE"
time="2026-08-11T20:43:44+08:00" level=info msg="[UE] Initiating Registration"
time="2026-08-11T20:43:44+08:00" level=info msg="[UE] Switched from state 0 to state 1"
time="2026-08-11T20:43:44+08:00" level=info msg="[TESTER] TESTING REGISTRATION USING IMSI 0000013097 UE"
time="2026-08-11T20:43:44+08:00" level=info msg="[GNB] Received incoming connection from new UE"
time="2026-08-11T20:43:44+08:00" level=info msg="[UE] Initiating Registration"
time="2026-08-11T20:43:44+08:00" level=info msg="[UE] Switched from state 0 to state 1"
time="2026-08-11T20:43:44+08:00" level=info msg="[GNB][SCTP] Receive message in 0 stream\n"
time="2026-08-11T20:43:44+08:00" level=info msg="[GNB][NGAP] Receive Downlink NAS Transport"
time="2026-08-11T20:43:44+08:00" level=info msg="[UE][NAS] Message without security header"
time="2026-08-11T20:43:44+08:00" level=info msg="[UE][NAS] Receive Authentication Request"
time="2026-08-11T20:43:44+08:00" level=info msg="[UE][NAS][MAC] Authenticity of the authentication request message: OK"
time="2026-08-11T20:43:44+08:00" level=info msg="[UE][NAS][SQN] SQN of the authentication request message: VALID"
time="2026-08-11T20:43:44+08:00" level=info msg="[UE][NAS] Send authentication response"
time="2026-08-11T20:43:44+08:00" level=info msg="[GNB][SCTP] Receive message in 0 stream\n"
time="2026-08-11T20:43:44+08:00" level=info msg="[UE] Switched from state 1 to state 2"
time="2026-08-11T20:43:44+08:00" level=info msg="[GNB][NGAP] Receive Downlink NAS Transport"
time="2026-08-11T20:43:44+08:00" level=info msg="[UE][NAS] Message with security header"
time="2026-08-11T20:43:44+08:00" level=info msg="[UE][NAS] Message with integrity and with NEW 5G NAS SECURITY CONTEXT"
time="2026-08-11T20:43:44+08:00" level=info msg="[UE][NAS] successful NAS MAC verification"
time="2026-08-11T20:43:44+08:00" level=info msg="[UE][NAS] Receive Security Mode Command"
time="2026-08-11T20:43:44+08:00" level=info msg="[UE][NAS] Type of ciphering algorithm is 5G-EA0"
time="2026-08-11T20:43:44+08:00" level=info msg="[UE][NAS] Type of integrity protection algorithm is 128-5G-IA2"
time="2026-08-11T20:43:44+08:00" level=info msg="[GNB][SCTP] Receive message in 0 stream\n"
time="2026-08-11T20:43:44+08:00" level=info msg="[GNB][SCTP] Receive message in 0 stream\n"
time="2026-08-11T20:43:44+08:00" level=info msg="[GNB][NGAP] Receive Initial Context Setup Request"
time="2026-08-11T20:43:44+08:00" level=info msg="[GNB][UE] UE Context was created with successful"
time="2026-08-11T20:43:44+08:00" level=info msg="[GNB][UE] UE RAN ID 18"
time="2026-08-11T20:43:44+08:00" level=info msg="[GNB][UE] UE AMF ID 17"
time="2026-08-11T20:43:44+08:00" level=info msg="[GNB][UE] UE Mobility Restrict --Plmn-- Mcc: 208 Mnc: 93"
time="2026-08-11T20:43:44+08:00" level=info msg="[GNB][UE] UE Masked Imeisv: 1110000000ffff00"
time="2026-08-11T20:43:44+08:00" level=info msg="[GNB][UE] Allowed Nssai-- Sst: [01 01] Sd: [010203 112233]"
time="2026-08-11T20:43:44+08:00" level=info msg="[GNB][NGAP][AMF] Send Initial Context Setup Response."
time="2026-08-11T20:43:44+08:00" level=info msg="[GNB] Initiating Initial Context Setup Response"
time="2026-08-11T20:43:44+08:00" level=info msg="[GNB][NGAP] No PDU Session to set up in InitialContextSetupResponse."
time="2026-08-11T20:43:44+08:00" level=info msg="[UE][NAS] Message with security header"
time="2026-08-11T20:43:44+08:00" level=info msg="[UE][NAS] Message with integrity and ciphered"
time="2026-08-11T20:43:44+08:00" level=info msg="[UE][NAS] successful NAS CIPHERING"
time="2026-08-11T20:43:44+08:00" level=info msg="[UE][NAS] successful NAS MAC verification"
time="2026-08-11T20:43:44+08:00" level=info msg="[UE][NAS] Receive Registration Accept"
time="2026-08-11T20:43:44+08:00" level=info msg="[UE][NAS] UE 5G GUTI: &{119 11 [242 2 248 57 202 254 0 0 0 0 6]}"
time="2026-08-11T20:43:44+08:00" level=info msg="[UE] Switched from state 2 to state 3"
time="2026-08-11T20:43:44+08:00" level=info msg="[GNB][NGAP] Receive Initial Context Setup Request"
time="2026-08-11T20:43:44+08:00" level=info msg="[GNB][UE] UE Context was created with successful"
time="2026-08-11T20:43:44+08:00" level=info msg="[GNB][UE] UE RAN ID 15"
time="2026-08-11T20:43:44+08:00" level=info msg="[GNB][UE] UE AMF ID 14"
time="2026-08-11T20:43:44+08:00" level=info msg="[GNB][UE] UE Mobility Restrict --Plmn-- Mcc: 208 Mnc: 93"
time="2026-08-11T20:43:44+08:00" level=info msg="[GNB][UE] UE Masked Imeisv: 1110000000ffff00"
time="2026-08-11T20:43:44+08:00" level=info msg="[GNB][UE] Allowed Nssai-- Sst: [01 01] Sd: [010203 112233]"
time="2026-08-11T20:43:44+08:00" level=info msg="[GNB][NGAP][AMF] Send Initial Context Setup Response."
time="2026-08-11T20:43:44+08:00" level=info msg="[GNB] Initiating Initial Context Setup Response"
time="2026-08-11T20:43:44+08:00" level=info msg="[GNB][NGAP] No PDU Session to set up in InitialContextSetupResponse."
time="2026-08-11T20:43:44+08:00" level=info msg="[UE][NAS] Message with security header"
time="2026-08-11T20:43:44+08:00" level=info msg="[UE][NAS] Message with integrity and ciphered"
time="2026-08-11T20:43:44+08:00" level=info msg="[UE][NAS] successful NAS CIPHERING"
time="2026-08-11T20:43:44+08:00" level=info msg="[UE][NAS] successful NAS MAC verification"
time="2026-08-11T20:43:44+08:00" level=info msg="[UE][NAS] Receive Registration Accept"
time="2026-08-11T20:43:44+08:00" level=info msg="[UE][NAS] UE 5G GUTI: &{119 11 [242 2 248 57 202 254 0 0 0 1 147]}"
time="2026-08-11T20:43:44+08:00" level=info msg="[UE] Switched from state 2 to state 3"
time="2026-08-11T20:43:44+08:00" level=info msg="[TESTER] TESTING REGISTRATION USING IMSI 0000013098 UE"
time="2026-08-11T20:43:44+08:00" level=info msg="[GNB] Received incoming connection from new UE"
time="2026-08-11T20:43:44+08:00" level=info msg="[UE] Initiating Registration"
time="2026-08-11T20:43:44+08:00" level=info msg="[UE] Switched from state 0 to state 1"
time="2026-08-11T20:43:44+08:00" level=info msg="[GNB][SCTP] Receive message in 0 stream\n"
time="2026-08-11T20:43:44+08:00" level=info msg="[GNB][SCTP] Receive message in 0 stream\n"
time="2026-08-11T20:43:44+08:00" level=info msg="[GNB][NGAP] Receive Downlink NAS Transport"
time="2026-08-11T20:43:44+08:00" level=info msg="[UE][NAS] Message without security header"
time="2026-08-11T20:43:44+08:00" level=info msg="[UE][NAS] Receive Authentication Request"
time="2026-08-11T20:43:44+08:00" level=info msg="[GNB][NGAP] Receive Downlink NAS Transport"
time="2026-08-11T20:43:44+08:00" level=info msg="[UE][NAS] Message without security header"
time="2026-08-11T20:43:44+08:00" level=info msg="[UE][NAS] Receive Authentication Request"
time="2026-08-11T20:43:44+08:00" level=info msg="[UE][NAS][MAC] Authenticity of the authentication request message: OK"
time="2026-08-11T20:43:44+08:00" level=info msg="[UE][NAS][SQN] SQN of the authentication request message: VALID"
time="2026-08-11T20:43:44+08:00" level=info msg="[UE][NAS] Send authentication response"
time="2026-08-11T20:43:44+08:00" level=info msg="[UE][NAS][MAC] Authenticity of the authentication request message: OK"
time="2026-08-11T20:43:44+08:00" level=info msg="[UE][NAS][SQN] SQN of the authentication request message: VALID"
time="2026-08-11T20:43:44+08:00" level=info msg="[UE][NAS] Send authentication response"
time="2026-08-11T20:43:44+08:00" level=info msg="[UE] Switched from state 1 to state 2"
time="2026-08-11T20:43:44+08:00" level=info msg="[UE] Switched from state 1 to state 2"
time="2026-08-11T20:43:44+08:00" level=info msg="[GNB][SCTP] Receive message in 0 stream\n"
time="2026-08-11T20:43:44+08:00" level=info msg="[GNB][NGAP] Receive Downlink NAS Transport"
time="2026-08-11T20:43:44+08:00" level=info msg="[UE][NAS] Message with security header"
time="2026-08-11T20:43:44+08:00" level=info msg="[UE][NAS] Message with integrity and with NEW 5G NAS SECURITY CONTEXT"
time="2026-08-11T20:43:44+08:00" level=info msg="[UE][NAS] successful NAS MAC verification"
time="2026-08-11T20:43:44+08:00" level=info msg="[UE][NAS] Receive Security Mode Command"
time="2026-08-11T20:43:44+08:00" level=info msg="[UE][NAS] Type of ciphering algorithm is 5G-EA0"
time="2026-08-11T20:43:44+08:00" level=info msg="[UE][NAS] Type of integrity protection algorithm is 128-5G-IA2"
time="2026-08-11T20:43:44+08:00" level=info msg="[TESTER] TESTING REGISTRATION USING IMSI 0000013099 UE"
time="2026-08-11T20:43:44+08:00" level=info msg="[GNB] Received incoming connection from new UE"
time="2026-08-11T20:43:44+08:00" level=info msg="[UE] Initiating Registration"
time="2026-08-11T20:43:44+08:00" level=info msg="[UE] Switched from state 0 to state 1"
time="2026-08-11T20:43:44+08:00" level=info msg="[TESTER] TESTING REGISTRATION USING IMSI 0000013100 UE"
time="2026-08-11T20:43:44+08:00" level=info msg="[GNB] Received incoming connection from new UE"
time="2026-08-11T20:43:44+08:00" level=info msg="[UE] Initiating Registration"
time="2026-08-11T20:43:44+08:00" level=info msg="[UE] Switched from state 0 to state 1"
time="2026-08-11T20:43:44+08:00" level=info msg="[GNB][SCTP] Receive message in 0 stream\n"
time="2026-08-11T20:43:44+08:00" level=info msg="[GNB][NGAP] Receive Downlink NAS Transport"
time="2026-08-11T20:43:44+08:00" level=info msg="[UE][NAS] Message with security header"
time="2026-08-11T20:43:44+08:00" level=info msg="[UE][NAS] Message with integrity and with NEW 5G NAS SECURITY CONTEXT"
time="2026-08-11T20:43:44+08:00" level=info msg="[UE][NAS] successful NAS MAC verification"
time="2026-08-11T20:43:44+08:00" level=info msg="[UE][NAS] Receive Security Mode Command"
time="2026-08-11T20:43:44+08:00" level=info msg="[UE][NAS] Type of ciphering algorithm is 5G-EA0"
time="2026-08-11T20:43:44+08:00" level=info msg="[UE][NAS] Type of integrity protection algorithm is 128-5G-IA2"
time="2026-08-11T20:43:44+08:00" level=info msg="[GNB][SCTP] Receive message in 0 stream\n"
time="2026-08-11T20:43:44+08:00" level=info msg="[GNB][NGAP] Receive Downlink NAS Transport"
time="2026-08-11T20:43:44+08:00" level=info msg="[UE][NAS] Message with security header"
time="2026-08-11T20:43:44+08:00" level=info msg="[UE][NAS] Message with integrity and ciphered"
time="2026-08-11T20:43:44+08:00" level=info msg="[UE][NAS] successful NAS CIPHERING"
time="2026-08-11T20:43:44+08:00" level=info msg="[UE][NAS] successful NAS MAC verification"
time="2026-08-11T20:43:44+08:00" level=info msg="[UE][NAS] Receive Configuration Update Command"
time="2026-08-11T20:43:44+08:00" level=info msg="[UE] Initiating Configuration Update Complete"
time="2026-08-11T20:43:44+08:00" level=info msg="[GNB][SCTP] Receive message in 0 stream\n"
time="2026-08-11T20:43:44+08:00" level=info msg="[GNB][NGAP] Receive Downlink NAS Transport"
time="2026-08-11T20:43:44+08:00" level=info msg="[UE][NAS] Message with security header"
time="2026-08-11T20:43:44+08:00" level=info msg="[UE][NAS] Message with integrity and with NEW 5G NAS SECURITY CONTEXT"
time="2026-08-11T20:43:44+08:00" level=info msg="[UE][NAS] successful NAS MAC verification"
time="2026-08-11T20:43:44+08:00" level=info msg="[UE][NAS] Receive Security Mode Command"
time="2026-08-11T20:43:44+08:00" level=info msg="[UE][NAS] Type of ciphering algorithm is 5G-EA0"
time="2026-08-11T20:43:44+08:00" level=info msg="[UE][NAS] Type of integrity protection algorithm is 128-5G-IA2"
time="2026-08-11T20:43:44+08:00" level=info msg="[GNB][SCTP] Receive message in 0 stream\n"
time="2026-08-11T20:43:44+08:00" level=info msg="[GNB][NGAP] Receive Downlink NAS Transport"
time="2026-08-11T20:43:44+08:00" level=info msg="[UE][NAS] Message with security header"
time="2026-08-11T20:43:44+08:00" level=info msg="[UE][NAS] Message with integrity and with NEW 5G NAS SECURITY CONTEXT"
time="2026-08-11T20:43:44+08:00" level=info msg="[UE][NAS] successful NAS MAC verification"
time="2026-08-11T20:43:44+08:00" level=info msg="[UE][NAS] Receive Security Mode Command"
time="2026-08-11T20:43:44+08:00" level=info msg="[UE][NAS] Type of ciphering algorithm is 5G-EA0"
time="2026-08-11T20:43:44+08:00" level=info msg="[UE][NAS] Type of integrity protection algorithm is 128-5G-IA2"
time="2026-08-11T20:43:44+08:00" level=info msg="[GNB][SCTP] Receive message in 0 stream\n"
time="2026-08-11T20:43:44+08:00" level=info msg="[GNB][NGAP] Receive Downlink NAS Transport"
time="2026-08-11T20:43:44+08:00" level=info msg="[UE][NAS] Message with security header"
time="2026-08-11T20:43:44+08:00" level=info msg="[UE][NAS] Message with integrity and ciphered"
time="2026-08-11T20:43:44+08:00" level=info msg="[UE][NAS] successful NAS CIPHERING"
time="2026-08-11T20:43:44+08:00" level=info msg="[UE][NAS] successful NAS MAC verification"
time="2026-08-11T20:43:44+08:00" level=info msg="[UE][NAS] Receive Configuration Update Command"
time="2026-08-11T20:43:44+08:00" level=info msg="[UE] Initiating Configuration Update Complete"
time="2026-08-11T20:43:44+08:00" level=info msg="[GNB][SCTP] Receive message in 0 stream\n"
time="2026-08-11T20:43:44+08:00" level=info msg="[GNB][NGAP] Receive Downlink NAS Transport"
time="2026-08-11T20:43:44+08:00" level=info msg="[UE][NAS] Message without security header"
time="2026-08-11T20:43:44+08:00" level=info msg="[UE][NAS] Receive Authentication Request"
time="2026-08-11T20:43:44+08:00" level=info msg="[UE][NAS][MAC] Authenticity of the authentication request message: OK"
time="2026-08-11T20:43:44+08:00" level=info msg="[GNB][SCTP] Receive message in 0 stream\n"
time="2026-08-11T20:43:44+08:00" level=info msg="[UE][NAS][SQN] SQN of the authentication request message: VALID"
time="2026-08-11T20:43:44+08:00" level=info msg="[UE][NAS] Send authentication response"
time="2026-08-11T20:43:44+08:00" level=info msg="[UE] Switched from state 1 to state 2"
time="2026-08-11T20:43:44+08:00" level=info msg="[GNB][NGAP] Receive Downlink NAS Transport"
time="2026-08-11T20:43:44+08:00" level=info msg="[UE][NAS] Message with security header"
time="2026-08-11T20:43:44+08:00" level=info msg="[UE][NAS] Message with integrity and with NEW 5G NAS SECURITY CONTEXT"
time="2026-08-11T20:43:44+08:00" level=info msg="[UE][NAS] successful NAS MAC verification"
time="2026-08-11T20:43:44+08:00" level=info msg="[UE][NAS] Receive Security Mode Command"
time="2026-08-11T20:43:44+08:00" level=info msg="[UE][NAS] Type of ciphering algorithm is 5G-EA0"
time="2026-08-11T20:43:44+08:00" level=info msg="[UE][NAS] Type of integrity protection algorithm is 128-5G-IA2"
time="2026-08-11T20:43:44+08:00" level=info msg="[GNB][SCTP] Receive message in 0 stream\n"
time="2026-08-11T20:43:44+08:00" level=info msg="[GNB][NGAP] Receive Downlink NAS Transport"
time="2026-08-11T20:43:44+08:00" level=info msg="[UE][NAS] Message with security header"
time="2026-08-11T20:43:44+08:00" level=info msg="[UE][NAS] Message with integrity and with NEW 5G NAS SECURITY CONTEXT"
time="2026-08-11T20:43:44+08:00" level=info msg="[UE][NAS] successful NAS MAC verification"
time="2026-08-11T20:43:44+08:00" level=info msg="[UE][NAS] Receive Security Mode Command"
time="2026-08-11T20:43:44+08:00" level=info msg="[UE][NAS] Type of ciphering algorithm is 5G-EA0"
time="2026-08-11T20:43:44+08:00" level=info msg="[UE][NAS] Type of integrity protection algorithm is 128-5G-IA2"
time="2026-08-11T20:43:44+08:00" level=info msg="[GNB][SCTP] Receive message in 0 stream\n"
time="2026-08-11T20:43:44+08:00" level=info msg="[GNB][NGAP] Receive Downlink NAS Transport"
time="2026-08-11T20:43:44+08:00" level=info msg="[UE][NAS] Message without security header"
time="2026-08-11T20:43:44+08:00" level=info msg="[UE][NAS] Receive Authentication Request"
time="2026-08-11T20:43:44+08:00" level=info msg="[UE][NAS][MAC] Authenticity of the authentication request message: OK"
time="2026-08-11T20:43:44+08:00" level=info msg="[UE][NAS][SQN] SQN of the authentication request message: VALID"
time="2026-08-11T20:43:44+08:00" level=info msg="[UE][NAS] Send authentication response"
time="2026-08-11T20:43:44+08:00" level=info msg="[UE] Switched from state 1 to state 2"
time="2026-08-11T20:43:44+08:00" level=info msg="[GNB][SCTP] Receive message in 0 stream\n"
time="2026-08-11T20:43:44+08:00" level=info msg="[GNB][NGAP] Receive Downlink NAS Transport"
time="2026-08-11T20:43:44+08:00" level=info msg="[UE][NAS] Message without security header"
time="2026-08-11T20:43:44+08:00" level=info msg="[UE][NAS] Receive Authentication Request"
time="2026-08-11T20:43:44+08:00" level=info msg="[UE][NAS][MAC] Authenticity of the authentication request message: OK"
time="2026-08-11T20:43:44+08:00" level=info msg="[UE][NAS][SQN] SQN of the authentication request message: VALID"
time="2026-08-11T20:43:44+08:00" level=info msg="[UE][NAS] Send authentication response"
time="2026-08-11T20:43:44+08:00" level=info msg="[UE] Switched from state 1 to state 2"
time="2026-08-11T20:43:44+08:00" level=info msg="[GNB][SCTP] Receive message in 0 stream\n"
time="2026-08-11T20:43:44+08:00" level=info msg="[GNB][NGAP] Receive Initial Context Setup Request"
time="2026-08-11T20:43:44+08:00" level=info msg="[GNB][UE] UE Context was created with successful"
time="2026-08-11T20:43:44+08:00" level=info msg="[GNB][UE] UE RAN ID 14"
time="2026-08-11T20:43:44+08:00" level=info msg="[GNB][UE] UE AMF ID 13"
time="2026-08-11T20:43:44+08:00" level=info msg="[GNB][UE] UE Mobility Restrict --Plmn-- Mcc: 208 Mnc: 93"
time="2026-08-11T20:43:44+08:00" level=info msg="[GNB][UE] UE Masked Imeisv: 1110000000ffff00"
time="2026-08-11T20:43:44+08:00" level=info msg="[GNB][UE] Allowed Nssai-- Sst: [01 01] Sd: [010203 112233]"
time="2026-08-11T20:43:44+08:00" level=info msg="[GNB][NGAP][AMF] Send Initial Context Setup Response."
time="2026-08-11T20:43:44+08:00" level=info msg="[GNB] Initiating Initial Context Setup Response"
time="2026-08-11T20:43:44+08:00" level=info msg="[GNB][NGAP] No PDU Session to set up in InitialContextSetupResponse."
time="2026-08-11T20:43:44+08:00" level=info msg="[UE][NAS] Message with security header"
time="2026-08-11T20:43:44+08:00" level=info msg="[UE][NAS] Message with integrity and ciphered"
time="2026-08-11T20:43:44+08:00" level=info msg="[UE][NAS] successful NAS CIPHERING"
time="2026-08-11T20:43:44+08:00" level=info msg="[UE][NAS] successful NAS MAC verification"
time="2026-08-11T20:43:44+08:00" level=info msg="[UE][NAS] Receive Registration Accept"
time="2026-08-11T20:43:44+08:00" level=info msg="[UE][NAS] UE 5G GUTI: &{119 11 [242 2 248 57 202 254 0 0 0 0 8]}"
time="2026-08-11T20:43:44+08:00" level=info msg="[UE] Switched from state 2 to state 3"
time="2026-08-11T20:43:44+08:00" level=info msg="[GNB][SCTP] Receive message in 0 stream\n"
time="2026-08-11T20:43:44+08:00" level=info msg="[GNB][NGAP] Receive Initial Context Setup Request"
time="2026-08-11T20:43:44+08:00" level=info msg="[GNB][UE] UE Context was created with successful"
time="2026-08-11T20:43:44+08:00" level=info msg="[GNB][UE] UE RAN ID 9"
time="2026-08-11T20:43:44+08:00" level=info msg="[GNB][UE] UE AMF ID 8"
time="2026-08-11T20:43:44+08:00" level=info msg="[GNB][UE] UE Mobility Restrict --Plmn-- Mcc: 208 Mnc: 93"
time="2026-08-11T20:43:44+08:00" level=info msg="[GNB][UE] UE Masked Imeisv: 1110000000ffff00"
time="2026-08-11T20:43:44+08:00" level=info msg="[GNB][UE] Allowed Nssai-- Sst: [01 01] Sd: [010203 112233]"
time="2026-08-11T20:43:44+08:00" level=info msg="[GNB][NGAP][AMF] Send Initial Context Setup Response."
time="2026-08-11T20:43:44+08:00" level=info msg="[GNB] Initiating Initial Context Setup Response"
time="2026-08-11T20:43:44+08:00" level=info msg="[GNB][NGAP] No PDU Session to set up in InitialContextSetupResponse."
time="2026-08-11T20:43:44+08:00" level=info msg="[UE][NAS] Message with security header"
time="2026-08-11T20:43:44+08:00" level=info msg="[UE][NAS] Message with integrity and ciphered"
time="2026-08-11T20:43:44+08:00" level=info msg="[UE][NAS] successful NAS CIPHERING"
time="2026-08-11T20:43:44+08:00" level=info msg="[UE][NAS] successful NAS MAC verification"
time="2026-08-11T20:43:44+08:00" level=info msg="[UE][NAS] Receive Registration Accept"
time="2026-08-11T20:43:44+08:00" level=info msg="[UE][NAS] UE 5G GUTI: &{119 11 [242 2 248 57 202 254 0 0 0 0 4]}"
time="2026-08-11T20:43:44+08:00" level=info msg="[UE] Switched from state 2 to state 3"
time="2026-08-11T20:43:44+08:00" level=info msg="[GNB][SCTP] Receive message in 0 stream\n"
time="2026-08-11T20:43:44+08:00" level=info msg="[GNB][SCTP] Receive message in 0 stream\n"
time="2026-08-11T20:43:44+08:00" level=info msg="[GNB][NGAP] Receive Downlink NAS Transport"
time="2026-08-11T20:43:44+08:00" level=info msg="[UE][NAS] Message without security header"
time="2026-08-11T20:43:44+08:00" level=info msg="[UE][NAS] Receive Authentication Request"
time="2026-08-11T20:43:44+08:00" level=info msg="[UE][NAS][MAC] Authenticity of the authentication request message: OK"
time="2026-08-11T20:43:44+08:00" level=info msg="[UE][NAS][SQN] SQN of the authentication request message: VALID"
time="2026-08-11T20:43:44+08:00" level=info msg="[UE][NAS] Send authentication response"
time="2026-08-11T20:43:44+08:00" level=info msg="[UE] Switched from state 1 to state 2"
time="2026-08-11T20:43:44+08:00" level=info msg="[GNB][NGAP] Receive Initial Context Setup Request"
time="2026-08-11T20:43:44+08:00" level=info msg="[GNB][UE] UE Context was created with successful"
time="2026-08-11T20:43:44+08:00" level=info msg="[GNB][UE] UE RAN ID 31"
time="2026-08-11T20:43:44+08:00" level=info msg="[GNB][UE] UE AMF ID 30"
time="2026-08-11T20:43:44+08:00" level=info msg="[GNB][UE] UE Mobility Restrict --Plmn-- Mcc: 208 Mnc: 93"
time="2026-08-11T20:43:44+08:00" level=info msg="[GNB][UE] UE Masked Imeisv: 1110000000ffff00"
time="2026-08-11T20:43:44+08:00" level=info msg="[GNB][UE] Allowed Nssai-- Sst: [01 01] Sd: [010203 112233]"
time="2026-08-11T20:43:44+08:00" level=info msg="[GNB][NGAP][AMF] Send Initial Context Setup Response."
time="2026-08-11T20:43:44+08:00" level=info msg="[GNB] Initiating Initial Context Setup Response"
time="2026-08-11T20:43:44+08:00" level=info msg="[GNB][NGAP] No PDU Session to set up in InitialContextSetupResponse."
time="2026-08-11T20:43:44+08:00" level=info msg="[UE][NAS] Message with security header"
time="2026-08-11T20:43:44+08:00" level=info msg="[UE][NAS] Message with integrity and ciphered"
time="2026-08-11T20:43:44+08:00" level=info msg="[UE][NAS] successful NAS CIPHERING"
time="2026-08-11T20:43:44+08:00" level=info msg="[UE][NAS] successful NAS MAC verification"
time="2026-08-11T20:43:44+08:00" level=info msg="[UE][NAS] Receive Registration Accept"
time="2026-08-11T20:43:44+08:00" level=info msg="[UE][NAS] UE 5G GUTI: &{119 11 [242 2 248 57 202 254 0 0 0 0 9]}"
time="2026-08-11T20:43:44+08:00" level=info msg="[UE] Switched from state 2 to state 3"
time="2026-08-11T20:43:45+08:00" level=info msg="[GNB][SCTP] Receive message in 0 stream\n"
time="2026-08-11T20:43:45+08:00" level=info msg="[GNB][NGAP] Receive Downlink NAS Transport"
time="2026-08-11T20:43:45+08:00" level=info msg="[UE][NAS] Message without security header"
time="2026-08-11T20:43:45+08:00" level=info msg="[UE][NAS] Receive Authentication Request"
time="2026-08-11T20:43:45+08:00" level=info msg="[UE][NAS][MAC] Authenticity of the authentication request message: OK"
time="2026-08-11T20:43:45+08:00" level=info msg="[UE][NAS][SQN] SQN of the authentication request message: VALID"
time="2026-08-11T20:43:45+08:00" level=info msg="[UE][NAS] Send authentication response"
time="2026-08-11T20:43:45+08:00" level=info msg="[UE] Switched from state 1 to state 2"
time="2026-08-11T20:43:45+08:00" level=info msg="[GNB][SCTP] Receive message in 0 stream\n"
time="2026-08-11T20:43:45+08:00" level=info msg="[GNB][NGAP] Receive Downlink NAS Transport"
time="2026-08-11T20:43:45+08:00" level=info msg="[UE][NAS] Message without security header"
time="2026-08-11T20:43:45+08:00" level=info msg="[UE][NAS] Receive Authentication Request"
time="2026-08-11T20:43:45+08:00" level=info msg="[UE][NAS][MAC] Authenticity of the authentication request message: OK"
time="2026-08-11T20:43:45+08:00" level=info msg="[UE][NAS][SQN] SQN of the authentication request message: VALID"
time="2026-08-11T20:43:45+08:00" level=info msg="[UE][NAS] Send authentication response"
time="2026-08-11T20:43:45+08:00" level=info msg="[UE] Switched from state 1 to state 2"
time="2026-08-11T20:43:45+08:00" level=info msg="[GNB][SCTP] Receive message in 0 stream\n"
time="2026-08-11T20:43:45+08:00" level=info msg="[GNB][NGAP] Receive Downlink NAS Transport"
time="2026-08-11T20:43:45+08:00" level=info msg="[UE][NAS] Message with security header"
time="2026-08-11T20:43:45+08:00" level=info msg="[UE][NAS] Message with integrity and with NEW 5G NAS SECURITY CONTEXT"
time="2026-08-11T20:43:45+08:00" level=info msg="[UE][NAS] successful NAS MAC verification"
time="2026-08-11T20:43:45+08:00" level=info msg="[UE][NAS] Receive Security Mode Command"
time="2026-08-11T20:43:45+08:00" level=info msg="[UE][NAS] Type of ciphering algorithm is 5G-EA0"
time="2026-08-11T20:43:45+08:00" level=info msg="[UE][NAS] Type of integrity protection algorithm is 128-5G-IA2"
time="2026-08-11T20:43:45+08:00" level=info msg="[GNB][SCTP] Receive message in 0 stream\n"
time="2026-08-11T20:43:45+08:00" level=info msg="[GNB][NGAP] Receive Downlink NAS Transport"
time="2026-08-11T20:43:45+08:00" level=info msg="[UE][NAS] Message without security header"
time="2026-08-11T20:43:45+08:00" level=info msg="[UE][NAS] Receive Authentication Request"
time="2026-08-11T20:43:45+08:00" level=info msg="[UE][NAS][MAC] Authenticity of the authentication request message: OK"
time="2026-08-11T20:43:45+08:00" level=info msg="[UE][NAS][SQN] SQN of the authentication request message: VALID"
time="2026-08-11T20:43:45+08:00" level=info msg="[UE][NAS] Send authentication response"
time="2026-08-11T20:43:45+08:00" level=info msg="[UE] Switched from state 1 to state 2"
time="2026-08-11T20:43:45+08:00" level=info msg="[GNB][SCTP] Receive message in 0 stream\n"
time="2026-08-11T20:43:45+08:00" level=info msg="[GNB][NGAP] Receive Downlink NAS Transport"
time="2026-08-11T20:43:45+08:00" level=info msg="[UE][NAS] Message without security header"
time="2026-08-11T20:43:45+08:00" level=info msg="[UE][NAS] Receive Authentication Request"
time="2026-08-11T20:43:45+08:00" level=info msg="[UE][NAS][MAC] Authenticity of the authentication request message: OK"
time="2026-08-11T20:43:45+08:00" level=info msg="[UE][NAS][SQN] SQN of the authentication request message: VALID"
time="2026-08-11T20:43:45+08:00" level=info msg="[UE][NAS] Send authentication response"
time="2026-08-11T20:43:45+08:00" level=info msg="[UE] Switched from state 1 to state 2"
time="2026-08-11T20:43:45+08:00" level=info msg="[GNB][SCTP] Receive message in 0 stream\n"
time="2026-08-11T20:43:45+08:00" level=info msg="[GNB][NGAP] Receive Downlink NAS Transport"
time="2026-08-11T20:43:45+08:00" level=info msg="[UE][NAS] Message without security header"
time="2026-08-11T20:43:45+08:00" level=info msg="[UE][NAS] Receive Authentication Request"
time="2026-08-11T20:43:45+08:00" level=info msg="[GNB][SCTP] Receive message in 0 stream\n"
time="2026-08-11T20:43:45+08:00" level=info msg="[UE][NAS][MAC] Authenticity of the authentication request message: OK"
time="2026-08-11T20:43:45+08:00" level=info msg="[UE][NAS][SQN] SQN of the authentication request message: VALID"
time="2026-08-11T20:43:45+08:00" level=info msg="[UE][NAS] Send authentication response"
time="2026-08-11T20:43:45+08:00" level=info msg="[UE] Switched from state 1 to state 2"
time="2026-08-11T20:43:45+08:00" level=info msg="[GNB][NGAP] Receive Downlink NAS Transport"
time="2026-08-11T20:43:45+08:00" level=info msg="[UE][NAS] Message with security header"
time="2026-08-11T20:43:45+08:00" level=info msg="[UE][NAS] Message with integrity and ciphered"
time="2026-08-11T20:43:45+08:00" level=info msg="[UE][NAS] successful NAS CIPHERING"
time="2026-08-11T20:43:45+08:00" level=info msg="[UE][NAS] successful NAS MAC verification"
time="2026-08-11T20:43:45+08:00" level=info msg="[UE][NAS] Receive Configuration Update Command"
time="2026-08-11T20:43:45+08:00" level=info msg="[UE] Initiating Configuration Update Complete"
time="2026-08-11T20:43:45+08:00" level=info msg="[GNB][SCTP] Receive message in 0 stream\n"
time="2026-08-11T20:43:45+08:00" level=info msg="[GNB][NGAP] Receive Downlink NAS Transport"
time="2026-08-11T20:43:45+08:00" level=info msg="[UE][NAS] Message with security header"
time="2026-08-11T20:43:45+08:00" level=info msg="[UE][NAS] Message with integrity and with NEW 5G NAS SECURITY CONTEXT"
time="2026-08-11T20:43:45+08:00" level=info msg="[UE][NAS] successful NAS MAC verification"
time="2026-08-11T20:43:45+08:00" level=info msg="[UE][NAS] Receive Security Mode Command"
time="2026-08-11T20:43:45+08:00" level=info msg="[UE][NAS] Type of ciphering algorithm is 5G-EA0"
time="2026-08-11T20:43:45+08:00" level=info msg="[UE][NAS] Type of integrity protection algorithm is 128-5G-IA2"
time="2026-08-11T20:43:45+08:00" level=info msg="[GNB][SCTP] Receive message in 0 stream\n"
time="2026-08-11T20:43:45+08:00" level=info msg="[GNB][NGAP] Receive Downlink NAS Transport"
time="2026-08-11T20:43:45+08:00" level=info msg="[UE][NAS] Message without security header"
time="2026-08-11T20:43:45+08:00" level=info msg="[UE][NAS] Receive Authentication Request"
time="2026-08-11T20:43:45+08:00" level=info msg="[UE][NAS][MAC] Authenticity of the authentication request message: OK"
time="2026-08-11T20:43:45+08:00" level=info msg="[UE][NAS][SQN] SQN of the authentication request message: VALID"
time="2026-08-11T20:43:45+08:00" level=info msg="[UE][NAS] Send authentication response"
time="2026-08-11T20:43:45+08:00" level=info msg="[UE] Switched from state 1 to state 2"
time="2026-08-11T20:43:45+08:00" level=info msg="[GNB][SCTP] Receive message in 0 stream\n"
time="2026-08-11T20:43:45+08:00" level=info msg="[GNB][NGAP] Receive Downlink NAS Transport"
time="2026-08-11T20:43:45+08:00" level=info msg="[UE][NAS] Message without security header"
time="2026-08-11T20:43:45+08:00" level=info msg="[UE][NAS] Receive Authentication Request"
time="2026-08-11T20:43:45+08:00" level=info msg="[UE][NAS][MAC] Authenticity of the authentication request message: OK"
time="2026-08-11T20:43:45+08:00" level=info msg="[UE][NAS][SQN] SQN of the authentication request message: VALID"
time="2026-08-11T20:43:45+08:00" level=info msg="[UE][NAS] Send authentication response"
time="2026-08-11T20:43:45+08:00" level=info msg="[UE] Switched from state 1 to state 2"
time="2026-08-11T20:43:45+08:00" level=info msg="[GNB][SCTP] Receive message in 0 stream\n"
time="2026-08-11T20:43:45+08:00" level=info msg="[GNB][NGAP] Receive Downlink NAS Transport"
time="2026-08-11T20:43:45+08:00" level=info msg="[UE][NAS] Message without security header"
time="2026-08-11T20:43:45+08:00" level=info msg="[UE][NAS] Receive Authentication Request"
time="2026-08-11T20:43:45+08:00" level=info msg="[UE][NAS][MAC] Authenticity of the authentication request message: OK"
time="2026-08-11T20:43:45+08:00" level=info msg="[UE][NAS][SQN] SQN of the authentication request message: VALID"
time="2026-08-11T20:43:45+08:00" level=info msg="[UE][NAS] Send authentication response"
time="2026-08-11T20:43:45+08:00" level=info msg="[UE] Switched from state 1 to state 2"
time="2026-08-11T20:43:45+08:00" level=info msg="[GNB][SCTP] Receive message in 0 stream\n"
time="2026-08-11T20:43:45+08:00" level=info msg="[GNB][NGAP] Receive Initial Context Setup Request"
time="2026-08-11T20:43:45+08:00" level=info msg="[GNB][UE] UE Context was created with successful"
time="2026-08-11T20:43:45+08:00" level=info msg="[GNB][UE] UE RAN ID 23"
time="2026-08-11T20:43:45+08:00" level=info msg="[GNB][UE] UE AMF ID 22"
time="2026-08-11T20:43:45+08:00" level=info msg="[GNB][UE] UE Mobility Restrict --Plmn-- Mcc: 208 Mnc: 93"
time="2026-08-11T20:43:45+08:00" level=info msg="[GNB][UE] UE Masked Imeisv: 1110000000ffff00"
time="2026-08-11T20:43:45+08:00" level=info msg="[GNB][UE] Allowed Nssai-- Sst: [01 01] Sd: [010203 112233]"
time="2026-08-11T20:43:45+08:00" level=info msg="[GNB][NGAP][AMF] Send Initial Context Setup Response."
time="2026-08-11T20:43:45+08:00" level=info msg="[GNB] Initiating Initial Context Setup Response"
time="2026-08-11T20:43:45+08:00" level=info msg="[GNB][NGAP] No PDU Session to set up in InitialContextSetupResponse."
time="2026-08-11T20:43:45+08:00" level=info msg="[UE][NAS] Message with security header"
time="2026-08-11T20:43:45+08:00" level=info msg="[UE][NAS] Message with integrity and ciphered"
time="2026-08-11T20:43:45+08:00" level=info msg="[UE][NAS] successful NAS CIPHERING"
time="2026-08-11T20:43:45+08:00" level=info msg="[UE][NAS] successful NAS MAC verification"
time="2026-08-11T20:43:45+08:00" level=info msg="[UE][NAS] Receive Registration Accept"
time="2026-08-11T20:43:45+08:00" level=info msg="[UE][NAS] UE 5G GUTI: &{119 11 [242 2 248 57 202 254 0 0 0 1 149]}"
time="2026-08-11T20:43:45+08:00" level=info msg="[UE] Switched from state 2 to state 3"
time="2026-08-11T20:43:45+08:00" level=info msg="[GNB][SCTP] Receive message in 0 stream\n"
time="2026-08-11T20:43:45+08:00" level=info msg="[GNB][NGAP] Receive Downlink NAS Transport"
time="2026-08-11T20:43:45+08:00" level=info msg="[UE][NAS] Message with security header"
time="2026-08-11T20:43:45+08:00" level=info msg="[UE][NAS] Message with integrity and with NEW 5G NAS SECURITY CONTEXT"
time="2026-08-11T20:43:45+08:00" level=info msg="[UE][NAS] successful NAS MAC verification"
time="2026-08-11T20:43:45+08:00" level=info msg="[UE][NAS] Receive Security Mode Command"
time="2026-08-11T20:43:45+08:00" level=info msg="[UE][NAS] Type of ciphering algorithm is 5G-EA0"
time="2026-08-11T20:43:45+08:00" level=info msg="[UE][NAS] Type of integrity protection algorithm is 128-5G-IA2"
time="2026-08-11T20:43:45+08:00" level=info msg="[GNB][SCTP] Receive message in 0 stream\n"
time="2026-08-11T20:43:45+08:00" level=info msg="[GNB][NGAP] Receive Initial Context Setup Request"
time="2026-08-11T20:43:45+08:00" level=info msg="[GNB][UE] UE Context was created with successful"
time="2026-08-11T20:43:45+08:00" level=info msg="[GNB][UE] UE RAN ID 26"
time="2026-08-11T20:43:45+08:00" level=info msg="[GNB][UE] UE AMF ID 25"
time="2026-08-11T20:43:45+08:00" level=info msg="[GNB][UE] UE Mobility Restrict --Plmn-- Mcc: 208 Mnc: 93"
time="2026-08-11T20:43:45+08:00" level=info msg="[GNB][UE] UE Masked Imeisv: 1110000000ffff00"
time="2026-08-11T20:43:45+08:00" level=info msg="[GNB][UE] Allowed Nssai-- Sst: [01 01] Sd: [010203 112233]"
time="2026-08-11T20:43:45+08:00" level=info msg="[GNB][NGAP][AMF] Send Initial Context Setup Response."
time="2026-08-11T20:43:45+08:00" level=info msg="[GNB] Initiating Initial Context Setup Response"
time="2026-08-11T20:43:45+08:00" level=info msg="[GNB][NGAP] No PDU Session to set up in InitialContextSetupResponse."
time="2026-08-11T20:43:45+08:00" level=info msg="[UE][NAS] Message with security header"
time="2026-08-11T20:43:45+08:00" level=info msg="[UE][NAS] Message with integrity and ciphered"
time="2026-08-11T20:43:45+08:00" level=info msg="[UE][NAS] successful NAS CIPHERING"
time="2026-08-11T20:43:45+08:00" level=info msg="[UE][NAS] successful NAS MAC verification"
time="2026-08-11T20:43:45+08:00" level=info msg="[UE][NAS] Receive Registration Accept"
time="2026-08-11T20:43:45+08:00" level=info msg="[UE][NAS] UE 5G GUTI: &{119 11 [242 2 248 57 202 254 0 0 0 1 150]}"
time="2026-08-11T20:43:45+08:00" level=info msg="[UE] Switched from state 2 to state 3"
time="2026-08-11T20:43:45+08:00" level=info msg="[GNB][SCTP] Receive message in 0 stream\n"
time="2026-08-11T20:43:45+08:00" level=info msg="[GNB][NGAP] Receive Initial Context Setup Request"
time="2026-08-11T20:43:45+08:00" level=info msg="[GNB][UE] UE Context was created with successful"
time="2026-08-11T20:43:45+08:00" level=info msg="[GNB][UE] UE RAN ID 29"
time="2026-08-11T20:43:45+08:00" level=info msg="[GNB][UE] UE AMF ID 28"
time="2026-08-11T20:43:45+08:00" level=info msg="[GNB][UE] UE Mobility Restrict --Plmn-- Mcc: 208 Mnc: 93"
time="2026-08-11T20:43:45+08:00" level=info msg="[GNB][UE] UE Masked Imeisv: 1110000000ffff00"
time="2026-08-11T20:43:45+08:00" level=info msg="[GNB][UE] Allowed Nssai-- Sst: [01 01] Sd: [010203 112233]"
time="2026-08-11T20:43:45+08:00" level=info msg="[GNB][NGAP][AMF] Send Initial Context Setup Response."
time="2026-08-11T20:43:45+08:00" level=info msg="[GNB] Initiating Initial Context Setup Response"
time="2026-08-11T20:43:45+08:00" level=info msg="[GNB][NGAP] No PDU Session to set up in InitialContextSetupResponse."
time="2026-08-11T20:43:45+08:00" level=info msg="[UE][NAS] Message with security header"
time="2026-08-11T20:43:45+08:00" level=info msg="[UE][NAS] Message with integrity and ciphered"
time="2026-08-11T20:43:45+08:00" level=info msg="[UE][NAS] successful NAS CIPHERING"
time="2026-08-11T20:43:45+08:00" level=info msg="[UE][NAS] successful NAS MAC verification"
time="2026-08-11T20:43:45+08:00" level=info msg="[UE][NAS] Receive Registration Accept"
time="2026-08-11T20:43:45+08:00" level=info msg="[UE][NAS] UE 5G GUTI: &{119 11 [242 2 248 57 202 254 0 0 0 0 10]}"
time="2026-08-11T20:43:45+08:00" level=info msg="[UE] Switched from state 2 to state 3"
time="2026-08-11T20:43:45+08:00" level=info msg="[GNB][SCTP] Receive message in 0 stream\n"
time="2026-08-11T20:43:45+08:00" level=info msg="[GNB][NGAP] Receive Initial Context Setup Request"
time="2026-08-11T20:43:45+08:00" level=info msg="[GNB][UE] UE Context was created with successful"
time="2026-08-11T20:43:45+08:00" level=info msg="[GNB][UE] UE RAN ID 22"
time="2026-08-11T20:43:45+08:00" level=info msg="[GNB][UE] UE AMF ID 21"
time="2026-08-11T20:43:45+08:00" level=info msg="[GNB][UE] UE Mobility Restrict --Plmn-- Mcc: 208 Mnc: 93"
time="2026-08-11T20:43:45+08:00" level=info msg="[GNB][UE] UE Masked Imeisv: 1110000000ffff00"
time="2026-08-11T20:43:45+08:00" level=info msg="[GNB][UE] Allowed Nssai-- Sst: [01 01] Sd: [010203 112233]"
time="2026-08-11T20:43:45+08:00" level=info msg="[GNB][NGAP][AMF] Send Initial Context Setup Response."
time="2026-08-11T20:43:45+08:00" level=info msg="[GNB] Initiating Initial Context Setup Response"
time="2026-08-11T20:43:45+08:00" level=info msg="[GNB][NGAP] No PDU Session to set up in InitialContextSetupResponse."
time="2026-08-11T20:43:45+08:00" level=info msg="[UE][NAS] Message with security header"
time="2026-08-11T20:43:45+08:00" level=info msg="[UE][NAS] Message with integrity and ciphered"
time="2026-08-11T20:43:45+08:00" level=info msg="[UE][NAS] successful NAS CIPHERING"
time="2026-08-11T20:43:45+08:00" level=info msg="[UE][NAS] successful NAS MAC verification"
time="2026-08-11T20:43:45+08:00" level=info msg="[UE][NAS] Receive Registration Accept"
time="2026-08-11T20:43:45+08:00" level=info msg="[UE][NAS] UE 5G GUTI: &{119 11 [242 2 248 57 202 254 0 0 0 1 148]}"
time="2026-08-11T20:43:45+08:00" level=info msg="[UE] Switched from state 2 to state 3"
time="2026-08-11T20:43:45+08:00" level=info msg="[GNB][SCTP] Receive message in 0 stream\n"
time="2026-08-11T20:43:45+08:00" level=info msg="[GNB][NGAP] Receive Downlink NAS Transport"
time="2026-08-11T20:43:45+08:00" level=info msg="[UE][NAS] Message with security header"
time="2026-08-11T20:43:45+08:00" level=info msg="[UE][NAS] Message with integrity and with NEW 5G NAS SECURITY CONTEXT"
time="2026-08-11T20:43:45+08:00" level=info msg="[UE][NAS] successful NAS MAC verification"
time="2026-08-11T20:43:45+08:00" level=info msg="[UE][NAS] Receive Security Mode Command"
time="2026-08-11T20:43:45+08:00" level=info msg="[UE][NAS] Type of ciphering algorithm is 5G-EA0"
time="2026-08-11T20:43:45+08:00" level=info msg="[UE][NAS] Type of integrity protection algorithm is 128-5G-IA2"
time="2026-08-11T20:43:45+08:00" level=info msg="[GNB][SCTP] Receive message in 0 stream\n"
time="2026-08-11T20:43:45+08:00" level=info msg="[GNB][NGAP] Receive Downlink NAS Transport"
time="2026-08-11T20:43:45+08:00" level=info msg="[UE][NAS] Message with security header"
time="2026-08-11T20:43:45+08:00" level=info msg="[UE][NAS] Message with integrity and with NEW 5G NAS SECURITY CONTEXT"
time="2026-08-11T20:43:45+08:00" level=info msg="[UE][NAS] successful NAS MAC verification"
time="2026-08-11T20:43:45+08:00" level=info msg="[UE][NAS] Receive Security Mode Command"
time="2026-08-11T20:43:45+08:00" level=info msg="[UE][NAS] Type of ciphering algorithm is 5G-EA0"
time="2026-08-11T20:43:45+08:00" level=info msg="[UE][NAS] Type of integrity protection algorithm is 128-5G-IA2"
time="2026-08-11T20:43:45+08:00" level=info msg="[GNB][SCTP] Receive message in 0 stream\n"
time="2026-08-11T20:43:45+08:00" level=info msg="[GNB][NGAP] Receive Initial Context Setup Request"
time="2026-08-11T20:43:45+08:00" level=info msg="[GNB][UE] UE Context was created with successful"
time="2026-08-11T20:43:45+08:00" level=info msg="[GNB][UE] UE RAN ID 25"
time="2026-08-11T20:43:45+08:00" level=info msg="[GNB][UE] UE AMF ID 24"
time="2026-08-11T20:43:45+08:00" level=info msg="[GNB][UE] UE Mobility Restrict --Plmn-- Mcc: 208 Mnc: 93"
time="2026-08-11T20:43:45+08:00" level=info msg="[GNB][UE] UE Masked Imeisv: 1110000000ffff00"
time="2026-08-11T20:43:45+08:00" level=info msg="[GNB][UE] Allowed Nssai-- Sst: [01 01] Sd: [010203 112233]"
time="2026-08-11T20:43:45+08:00" level=info msg="[UE][NAS] Message with security header"
time="2026-08-11T20:43:45+08:00" level=info msg="[UE][NAS] Message with integrity and ciphered"
time="2026-08-11T20:43:45+08:00" level=info msg="[UE][NAS] successful NAS CIPHERING"
time="2026-08-11T20:43:45+08:00" level=info msg="[UE][NAS] successful NAS MAC verification"
time="2026-08-11T20:43:45+08:00" level=info msg="[UE][NAS] Receive Registration Accept"
time="2026-08-11T20:43:45+08:00" level=info msg="[UE][NAS] UE 5G GUTI: &{119 11 [242 2 248 57 202 254 0 0 0 1 153]}"
time="2026-08-11T20:43:45+08:00" level=info msg="[UE] Switched from state 2 to state 3"
time="2026-08-11T20:43:45+08:00" level=info msg="[GNB][NGAP][AMF] Send Initial Context Setup Response."
time="2026-08-11T20:43:45+08:00" level=info msg="[GNB] Initiating Initial Context Setup Response"
time="2026-08-11T20:43:45+08:00" level=info msg="[GNB][NGAP] No PDU Session to set up in InitialContextSetupResponse."
time="2026-08-11T20:43:45+08:00" level=info msg="[GNB][SCTP] Receive message in 0 stream\n"
time="2026-08-11T20:43:45+08:00" level=info msg="[GNB][SCTP] Receive message in 0 stream\n"
time="2026-08-11T20:43:45+08:00" level=info msg="[GNB][NGAP] Receive Downlink NAS Transport"
time="2026-08-11T20:43:45+08:00" level=info msg="[UE][NAS] Message without security header"
time="2026-08-11T20:43:45+08:00" level=info msg="[UE][NAS] Receive Authentication Request"
time="2026-08-11T20:43:45+08:00" level=info msg="[UE][NAS][MAC] Authenticity of the authentication request message: OK"
time="2026-08-11T20:43:45+08:00" level=info msg="[UE][NAS][SQN] SQN of the authentication request message: VALID"
time="2026-08-11T20:43:45+08:00" level=info msg="[UE][NAS] Send authentication response"
time="2026-08-11T20:43:45+08:00" level=info msg="[GNB][NGAP] Receive Downlink NAS Transport"
time="2026-08-11T20:43:45+08:00" level=info msg="[UE][NAS] Message without security header"
time="2026-08-11T20:43:45+08:00" level=info msg="[UE][NAS] Receive Authentication Request"
time="2026-08-11T20:43:45+08:00" level=info msg="[UE] Switched from state 1 to state 2"
time="2026-08-11T20:43:45+08:00" level=info msg="[UE][NAS][MAC] Authenticity of the authentication request message: OK"
time="2026-08-11T20:43:45+08:00" level=info msg="[UE][NAS][SQN] SQN of the authentication request message: VALID"
time="2026-08-11T20:43:45+08:00" level=info msg="[UE][NAS] Send authentication response"
time="2026-08-11T20:43:45+08:00" level=info msg="[UE] Switched from state 1 to state 2"
time="2026-08-11T20:43:45+08:00" level=info msg="[GNB][SCTP] Receive message in 0 stream\n"
time="2026-08-11T20:43:45+08:00" level=info msg="[GNB][NGAP] Receive Downlink NAS Transport"
time="2026-08-11T20:43:45+08:00" level=info msg="[UE][NAS] Message with security header"
time="2026-08-11T20:43:45+08:00" level=info msg="[UE][NAS] Message with integrity and with NEW 5G NAS SECURITY CONTEXT"
time="2026-08-11T20:43:45+08:00" level=info msg="[UE][NAS] successful NAS MAC verification"
time="2026-08-11T20:43:45+08:00" level=info msg="[UE][NAS] Receive Security Mode Command"
time="2026-08-11T20:43:45+08:00" level=info msg="[UE][NAS] Type of ciphering algorithm is 5G-EA0"
time="2026-08-11T20:43:45+08:00" level=info msg="[UE][NAS] Type of integrity protection algorithm is 128-5G-IA2"
time="2026-08-11T20:43:45+08:00" level=info msg="[GNB][SCTP] Receive message in 0 stream\n"
time="2026-08-11T20:43:45+08:00" level=info msg="[GNB][SCTP] Receive message in 0 stream\n"
time="2026-08-11T20:43:45+08:00" level=info msg="[GNB][NGAP] Receive Downlink NAS Transport"
time="2026-08-11T20:43:45+08:00" level=info msg="[UE][NAS] Message with security header"
time="2026-08-11T20:43:45+08:00" level=info msg="[UE][NAS] Message with integrity and with NEW 5G NAS SECURITY CONTEXT"
time="2026-08-11T20:43:45+08:00" level=info msg="[UE][NAS] successful NAS MAC verification"
time="2026-08-11T20:43:45+08:00" level=info msg="[UE][NAS] Receive Security Mode Command"
time="2026-08-11T20:43:45+08:00" level=info msg="[UE][NAS] Type of ciphering algorithm is 5G-EA0"
time="2026-08-11T20:43:45+08:00" level=info msg="[UE][NAS] Type of integrity protection algorithm is 128-5G-IA2"
time="2026-08-11T20:43:45+08:00" level=info msg="[GNB][NGAP] Receive Downlink NAS Transport"
time="2026-08-11T20:43:45+08:00" level=info msg="[UE][NAS] Message with security header"
time="2026-08-11T20:43:45+08:00" level=info msg="[UE][NAS] Message with integrity and with NEW 5G NAS SECURITY CONTEXT"
time="2026-08-11T20:43:45+08:00" level=info msg="[UE][NAS] successful NAS MAC verification"
time="2026-08-11T20:43:45+08:00" level=info msg="[UE][NAS] Receive Security Mode Command"
time="2026-08-11T20:43:45+08:00" level=info msg="[UE][NAS] Type of ciphering algorithm is 5G-EA0"
time="2026-08-11T20:43:45+08:00" level=info msg="[UE][NAS] Type of integrity protection algorithm is 128-5G-IA2"
time="2026-08-11T20:43:45+08:00" level=info msg="[GNB][SCTP] Receive message in 0 stream\n"
time="2026-08-11T20:43:45+08:00" level=info msg="[GNB][NGAP] Receive Initial Context Setup Request"
time="2026-08-11T20:43:45+08:00" level=info msg="[GNB][UE] UE Context was created with successful"
time="2026-08-11T20:43:45+08:00" level=info msg="[GNB][UE] UE RAN ID 28"
time="2026-08-11T20:43:45+08:00" level=info msg="[GNB][UE] UE AMF ID 27"
time="2026-08-11T20:43:45+08:00" level=info msg="[GNB][UE] UE Mobility Restrict --Plmn-- Mcc: 208 Mnc: 93"
time="2026-08-11T20:43:45+08:00" level=info msg="[GNB][UE] UE Masked Imeisv: 1110000000ffff00"
time="2026-08-11T20:43:45+08:00" level=info msg="[GNB][UE] Allowed Nssai-- Sst: [01 01] Sd: [010203 112233]"
time="2026-08-11T20:43:45+08:00" level=info msg="[GNB][NGAP][AMF] Send Initial Context Setup Response."
time="2026-08-11T20:43:45+08:00" level=info msg="[GNB] Initiating Initial Context Setup Response"
time="2026-08-11T20:43:45+08:00" level=info msg="[GNB][NGAP] No PDU Session to set up in InitialContextSetupResponse."
time="2026-08-11T20:43:45+08:00" level=info msg="[UE][NAS] Message with security header"
time="2026-08-11T20:43:45+08:00" level=info msg="[UE][NAS] Message with integrity and ciphered"
time="2026-08-11T20:43:45+08:00" level=info msg="[UE][NAS] successful NAS CIPHERING"
time="2026-08-11T20:43:45+08:00" level=info msg="[UE][NAS] successful NAS MAC verification"
time="2026-08-11T20:43:45+08:00" level=info msg="[UE][NAS] Receive Registration Accept"
time="2026-08-11T20:43:45+08:00" level=info msg="[UE][NAS] UE 5G GUTI: &{119 11 [242 2 248 57 202 254 0 0 0 1 151]}"
time="2026-08-11T20:43:45+08:00" level=info msg="[UE] Switched from state 2 to state 3"
time="2026-08-11T20:43:45+08:00" level=info msg="[GNB][SCTP] Receive message in 0 stream\n"
time="2026-08-11T20:43:45+08:00" level=info msg="[GNB][NGAP] Receive Downlink NAS Transport"
time="2026-08-11T20:43:45+08:00" level=info msg="[UE][NAS] Message with security header"
time="2026-08-11T20:43:45+08:00" level=info msg="[UE][NAS] Message with integrity and with NEW 5G NAS SECURITY CONTEXT"
time="2026-08-11T20:43:45+08:00" level=info msg="[UE][NAS] successful NAS MAC verification"
time="2026-08-11T20:43:45+08:00" level=info msg="[UE][NAS] Receive Security Mode Command"
time="2026-08-11T20:43:45+08:00" level=info msg="[UE][NAS] Type of ciphering algorithm is 5G-EA0"
time="2026-08-11T20:43:45+08:00" level=info msg="[UE][NAS] Type of integrity protection algorithm is 128-5G-IA2"
time="2026-08-11T20:43:45+08:00" level=info msg="[GNB][SCTP] Receive message in 0 stream\n"
time="2026-08-11T20:43:45+08:00" level=info msg="[GNB][SCTP] Receive message in 0 stream\n"
time="2026-08-11T20:43:45+08:00" level=info msg="[GNB][NGAP] Receive Downlink NAS Transport"
time="2026-08-11T20:43:45+08:00" level=info msg="[UE][NAS] Message with security header"
time="2026-08-11T20:43:45+08:00" level=info msg="[UE][NAS] Message with integrity and ciphered"
time="2026-08-11T20:43:45+08:00" level=info msg="[UE][NAS] successful NAS CIPHERING"
time="2026-08-11T20:43:45+08:00" level=info msg="[UE][NAS] successful NAS MAC verification"
time="2026-08-11T20:43:45+08:00" level=info msg="[UE][NAS] Receive Configuration Update Command"
time="2026-08-11T20:43:45+08:00" level=info msg="[UE] Initiating Configuration Update Complete"
time="2026-08-11T20:43:45+08:00" level=info msg="[GNB][NGAP] Receive Downlink NAS Transport"
time="2026-08-11T20:43:45+08:00" level=info msg="[UE][NAS] Message with security header"
time="2026-08-11T20:43:45+08:00" level=info msg="[UE][NAS] Message with integrity and with NEW 5G NAS SECURITY CONTEXT"
time="2026-08-11T20:43:45+08:00" level=info msg="[UE][NAS] successful NAS MAC verification"
time="2026-08-11T20:43:45+08:00" level=info msg="[UE][NAS] Receive Security Mode Command"
time="2026-08-11T20:43:45+08:00" level=info msg="[UE][NAS] Type of ciphering algorithm is 5G-EA0"
time="2026-08-11T20:43:45+08:00" level=info msg="[UE][NAS] Type of integrity protection algorithm is 128-5G-IA2"
time="2026-08-11T20:43:45+08:00" level=info msg="[GNB][SCTP] Receive message in 0 stream\n"
time="2026-08-11T20:43:45+08:00" level=info msg="[GNB][NGAP] Receive Downlink NAS Transport"
time="2026-08-11T20:43:45+08:00" level=info msg="[UE][NAS] Message with security header"
time="2026-08-11T20:43:45+08:00" level=info msg="[UE][NAS] Message with integrity and with NEW 5G NAS SECURITY CONTEXT"
time="2026-08-11T20:43:45+08:00" level=info msg="[UE][NAS] successful NAS MAC verification"
time="2026-08-11T20:43:45+08:00" level=info msg="[UE][NAS] Receive Security Mode Command"
time="2026-08-11T20:43:45+08:00" level=info msg="[UE][NAS] Type of ciphering algorithm is 5G-EA0"
time="2026-08-11T20:43:45+08:00" level=info msg="[UE][NAS] Type of integrity protection algorithm is 128-5G-IA2"
time="2026-08-11T20:43:45+08:00" level=info msg="[GNB][SCTP] Receive message in 0 stream\n"
time="2026-08-11T20:43:45+08:00" level=info msg="[GNB][NGAP] Receive Downlink NAS Transport"
time="2026-08-11T20:43:45+08:00" level=info msg="[UE][NAS] Message without security header"
time="2026-08-11T20:43:45+08:00" level=info msg="[UE][NAS] Receive Authentication Request"
time="2026-08-11T20:43:45+08:00" level=info msg="[UE][NAS][MAC] Authenticity of the authentication request message: OK"
time="2026-08-11T20:43:45+08:00" level=info msg="[UE][NAS][SQN] SQN of the authentication request message: VALID"
time="2026-08-11T20:43:45+08:00" level=info msg="[UE][NAS] Send authentication response"
time="2026-08-11T20:43:45+08:00" level=info msg="[UE] Switched from state 1 to state 2"
time="2026-08-11T20:43:45+08:00" level=info msg="[GNB][SCTP] Receive message in 0 stream\n"
time="2026-08-11T20:43:45+08:00" level=info msg="[GNB][NGAP] Receive Downlink NAS Transport"
time="2026-08-11T20:43:45+08:00" level=info msg="[UE][NAS] Message with security header"
time="2026-08-11T20:43:45+08:00" level=info msg="[UE][NAS] Message with integrity and with NEW 5G NAS SECURITY CONTEXT"
time="2026-08-11T20:43:45+08:00" level=info msg="[UE][NAS] successful NAS MAC verification"
time="2026-08-11T20:43:45+08:00" level=info msg="[UE][NAS] Receive Security Mode Command"
time="2026-08-11T20:43:45+08:00" level=info msg="[UE][NAS] Type of ciphering algorithm is 5G-EA0"
time="2026-08-11T20:43:45+08:00" level=info msg="[UE][NAS] Type of integrity protection algorithm is 128-5G-IA2"
time="2026-08-11T20:43:45+08:00" level=info msg="[GNB][SCTP] Receive message in 0 stream\n"
time="2026-08-11T20:43:45+08:00" level=info msg="[GNB][NGAP] Receive Downlink NAS Transport"
time="2026-08-11T20:43:45+08:00" level=info msg="[UE][NAS] Message without security header"
time="2026-08-11T20:43:45+08:00" level=info msg="[UE][NAS] Receive Authentication Request"
time="2026-08-11T20:43:45+08:00" level=info msg="[UE][NAS][MAC] Authenticity of the authentication request message: OK"
time="2026-08-11T20:43:45+08:00" level=info msg="[UE][NAS][SQN] SQN of the authentication request message: VALID"
time="2026-08-11T20:43:45+08:00" level=info msg="[UE][NAS] Send authentication response"
time="2026-08-11T20:43:45+08:00" level=info msg="[GNB][SCTP] Receive message in 0 stream\n"
time="2026-08-11T20:43:45+08:00" level=info msg="[UE] Switched from state 1 to state 2"
time="2026-08-11T20:43:45+08:00" level=info msg="[GNB][NGAP] Receive Downlink NAS Transport"
time="2026-08-11T20:43:45+08:00" level=info msg="[UE][NAS] Message without security header"
time="2026-08-11T20:43:45+08:00" level=info msg="[UE][NAS] Receive Authentication Request"
time="2026-08-11T20:43:45+08:00" level=info msg="[UE][NAS][MAC] Authenticity of the authentication request message: OK"
time="2026-08-11T20:43:45+08:00" level=info msg="[UE][NAS][SQN] SQN of the authentication request message: VALID"
time="2026-08-11T20:43:45+08:00" level=info msg="[UE][NAS] Send authentication response"
time="2026-08-11T20:43:45+08:00" level=info msg="[UE] Switched from state 1 to state 2"
time="2026-08-11T20:43:45+08:00" level=info msg="[GNB][SCTP] Receive message in 0 stream\n"
time="2026-08-11T20:43:45+08:00" level=info msg="[GNB][NGAP] Receive Downlink NAS Transport"
time="2026-08-11T20:43:45+08:00" level=info msg="[UE][NAS] Message without security header"
time="2026-08-11T20:43:45+08:00" level=info msg="[UE][NAS] Receive Authentication Request"
time="2026-08-11T20:43:45+08:00" level=info msg="[UE][NAS][MAC] Authenticity of the authentication request message: OK"
time="2026-08-11T20:43:45+08:00" level=info msg="[UE][NAS][SQN] SQN of the authentication request message: VALID"
time="2026-08-11T20:43:45+08:00" level=info msg="[UE][NAS] Send authentication response"
time="2026-08-11T20:43:45+08:00" level=info msg="[UE] Switched from state 1 to state 2"
time="2026-08-11T20:43:45+08:00" level=info msg="[GNB][SCTP] Receive message in 0 stream\n"
time="2026-08-11T20:43:45+08:00" level=info msg="[GNB][SCTP] Receive message in 0 stream\n"
time="2026-08-11T20:43:45+08:00" level=info msg="[GNB][NGAP] Receive Downlink NAS Transport"
time="2026-08-11T20:43:45+08:00" level=info msg="[UE][NAS] Message without security header"
time="2026-08-11T20:43:45+08:00" level=info msg="[UE][NAS] Receive Authentication Request"
time="2026-08-11T20:43:45+08:00" level=info msg="[UE][NAS][MAC] Authenticity of the authentication request message: OK"
time="2026-08-11T20:43:45+08:00" level=info msg="[UE][NAS][SQN] SQN of the authentication request message: VALID"
time="2026-08-11T20:43:45+08:00" level=info msg="[UE][NAS] Send authentication response"
time="2026-08-11T20:43:45+08:00" level=info msg="[GNB][NGAP] Receive Downlink NAS Transport"
time="2026-08-11T20:43:45+08:00" level=info msg="[UE][NAS] Message with security header"
time="2026-08-11T20:43:45+08:00" level=info msg="[UE][NAS] Message with integrity and ciphered"
time="2026-08-11T20:43:45+08:00" level=info msg="[UE][NAS] successful NAS CIPHERING"
time="2026-08-11T20:43:45+08:00" level=info msg="[UE][NAS] successful NAS MAC verification"
time="2026-08-11T20:43:45+08:00" level=info msg="[UE][NAS] Receive Configuration Update Command"
time="2026-08-11T20:43:45+08:00" level=info msg="[UE] Initiating Configuration Update Complete"
time="2026-08-11T20:43:45+08:00" level=info msg="[UE] Switched from state 1 to state 2"
time="2026-08-11T20:43:46+08:00" level=info msg="[GNB][SCTP] Receive message in 0 stream\n"
time="2026-08-11T20:43:46+08:00" level=info msg="[GNB][SCTP] Receive message in 0 stream\n"
time="2026-08-11T20:43:46+08:00" level=info msg="[GNB][NGAP] Receive Downlink NAS Transport"
time="2026-08-11T20:43:46+08:00" level=info msg="[UE][NAS] Message with security header"
time="2026-08-11T20:43:46+08:00" level=info msg="[UE][NAS] Message with integrity and with NEW 5G NAS SECURITY CONTEXT"
time="2026-08-11T20:43:46+08:00" level=info msg="[UE][NAS] successful NAS MAC verification"
time="2026-08-11T20:43:46+08:00" level=info msg="[UE][NAS] Receive Security Mode Command"
time="2026-08-11T20:43:46+08:00" level=info msg="[UE][NAS] Type of ciphering algorithm is 5G-EA0"
time="2026-08-11T20:43:46+08:00" level=info msg="[UE][NAS] Type of integrity protection algorithm is 128-5G-IA2"
time="2026-08-11T20:43:46+08:00" level=info msg="[GNB][NGAP] Receive Downlink NAS Transport"
time="2026-08-11T20:43:46+08:00" level=info msg="[UE][NAS] Message with security header"
time="2026-08-11T20:43:46+08:00" level=info msg="[UE][NAS] Message with integrity and with NEW 5G NAS SECURITY CONTEXT"
time="2026-08-11T20:43:46+08:00" level=info msg="[UE][NAS] successful NAS MAC verification"
time="2026-08-11T20:43:46+08:00" level=info msg="[UE][NAS] Receive Security Mode Command"
time="2026-08-11T20:43:46+08:00" level=info msg="[UE][NAS] Type of ciphering algorithm is 5G-EA0"
time="2026-08-11T20:43:46+08:00" level=info msg="[UE][NAS] Type of integrity protection algorithm is 128-5G-IA2"
time="2026-08-11T20:43:46+08:00" level=info msg="[GNB][SCTP] Receive message in 0 stream\n"
time="2026-08-11T20:43:46+08:00" level=info msg="[GNB][NGAP] Receive Downlink NAS Transport"
time="2026-08-11T20:43:46+08:00" level=info msg="[UE][NAS] Message with security header"
time="2026-08-11T20:43:46+08:00" level=info msg="[UE][NAS] Message with integrity and with NEW 5G NAS SECURITY CONTEXT"
time="2026-08-11T20:43:46+08:00" level=info msg="[UE][NAS] successful NAS MAC verification"
time="2026-08-11T20:43:46+08:00" level=info msg="[UE][NAS] Receive Security Mode Command"
time="2026-08-11T20:43:46+08:00" level=info msg="[UE][NAS] Type of ciphering algorithm is 5G-EA0"
time="2026-08-11T20:43:46+08:00" level=info msg="[UE][NAS] Type of integrity protection algorithm is 128-5G-IA2"
time="2026-08-11T20:43:46+08:00" level=info msg="[GNB][SCTP] Receive message in 0 stream\n"
time="2026-08-11T20:43:46+08:00" level=info msg="[GNB][NGAP] Receive Downlink NAS Transport"
time="2026-08-11T20:43:46+08:00" level=info msg="[UE][NAS] Message with security header"
time="2026-08-11T20:43:46+08:00" level=info msg="[UE][NAS] Message with integrity and with NEW 5G NAS SECURITY CONTEXT"
time="2026-08-11T20:43:46+08:00" level=info msg="[UE][NAS] successful NAS MAC verification"
time="2026-08-11T20:43:46+08:00" level=info msg="[UE][NAS] Receive Security Mode Command"
time="2026-08-11T20:43:46+08:00" level=info msg="[UE][NAS] Type of ciphering algorithm is 5G-EA0"
time="2026-08-11T20:43:46+08:00" level=info msg="[UE][NAS] Type of integrity protection algorithm is 128-5G-IA2"
time="2026-08-11T20:43:46+08:00" level=info msg="[GNB][SCTP] Receive message in 0 stream\n"
time="2026-08-11T20:43:46+08:00" level=info msg="[GNB][NGAP] Receive Initial Context Setup Request"
time="2026-08-11T20:43:46+08:00" level=info msg="[GNB][UE] UE Context was created with successful"
time="2026-08-11T20:43:46+08:00" level=info msg="[GNB][UE] UE RAN ID 38"
time="2026-08-11T20:43:46+08:00" level=info msg="[GNB][UE] UE AMF ID 37"
time="2026-08-11T20:43:46+08:00" level=info msg="[GNB][UE] UE Mobility Restrict --Plmn-- Mcc: 208 Mnc: 93"
time="2026-08-11T20:43:46+08:00" level=info msg="[GNB][UE] UE Masked Imeisv: 1110000000ffff00"
time="2026-08-11T20:43:46+08:00" level=info msg="[GNB][UE] Allowed Nssai-- Sst: [01 01] Sd: [010203 112233]"
time="2026-08-11T20:43:46+08:00" level=info msg="[GNB][NGAP][AMF] Send Initial Context Setup Response."
time="2026-08-11T20:43:46+08:00" level=info msg="[GNB] Initiating Initial Context Setup Response"
time="2026-08-11T20:43:46+08:00" level=info msg="[GNB][NGAP] No PDU Session to set up in InitialContextSetupResponse."
time="2026-08-11T20:43:46+08:00" level=info msg="[UE][NAS] Message with security header"
time="2026-08-11T20:43:46+08:00" level=info msg="[UE][NAS] Message with integrity and ciphered"
time="2026-08-11T20:43:46+08:00" level=info msg="[UE][NAS] successful NAS CIPHERING"
time="2026-08-11T20:43:46+08:00" level=info msg="[UE][NAS] successful NAS MAC verification"
time="2026-08-11T20:43:46+08:00" level=info msg="[UE][NAS] Receive Registration Accept"
time="2026-08-11T20:43:46+08:00" level=info msg="[UE][NAS] UE 5G GUTI: &{119 11 [242 2 248 57 202 254 0 0 0 1 155]}"
time="2026-08-11T20:43:46+08:00" level=info msg="[UE] Switched from state 2 to state 3"
time="2026-08-11T20:43:46+08:00" level=info msg="[GNB][SCTP] Receive message in 0 stream\n"
time="2026-08-11T20:43:46+08:00" level=info msg="[GNB][NGAP] Receive Downlink NAS Transport"
time="2026-08-11T20:43:46+08:00" level=info msg="[UE][NAS] Message without security header"
time="2026-08-11T20:43:46+08:00" level=info msg="[UE][NAS] Receive Authentication Request"
time="2026-08-11T20:43:46+08:00" level=info msg="[UE][NAS][MAC] Authenticity of the authentication request message: OK"
time="2026-08-11T20:43:46+08:00" level=info msg="[UE][NAS][SQN] SQN of the authentication request message: VALID"
time="2026-08-11T20:43:46+08:00" level=info msg="[UE][NAS] Send authentication response"
time="2026-08-11T20:43:46+08:00" level=info msg="[UE] Switched from state 1 to state 2"
time="2026-08-11T20:43:46+08:00" level=info msg="[GNB][SCTP] Receive message in 0 stream\n"
time="2026-08-11T20:43:46+08:00" level=info msg="[GNB][NGAP] Receive Downlink NAS Transport"
time="2026-08-11T20:43:46+08:00" level=info msg="[UE][NAS] Message without security header"
time="2026-08-11T20:43:46+08:00" level=info msg="[UE][NAS] Receive Authentication Request"
time="2026-08-11T20:43:46+08:00" level=info msg="[UE][NAS][MAC] Authenticity of the authentication request message: OK"
time="2026-08-11T20:43:46+08:00" level=info msg="[UE][NAS][SQN] SQN of the authentication request message: VALID"
time="2026-08-11T20:43:46+08:00" level=info msg="[UE][NAS] Send authentication response"
time="2026-08-11T20:43:46+08:00" level=info msg="[UE] Switched from state 1 to state 2"
time="2026-08-11T20:43:46+08:00" level=info msg="[GNB][SCTP] Receive message in 0 stream\n"
time="2026-08-11T20:43:46+08:00" level=info msg="[GNB][NGAP] Receive Downlink NAS Transport"
time="2026-08-11T20:43:46+08:00" level=info msg="[UE][NAS] Message without security header"
time="2026-08-11T20:43:46+08:00" level=info msg="[UE][NAS] Receive Authentication Request"
time="2026-08-11T20:43:46+08:00" level=info msg="[UE][NAS][MAC] Authenticity of the authentication request message: OK"
time="2026-08-11T20:43:46+08:00" level=info msg="[UE][NAS][SQN] SQN of the authentication request message: VALID"
time="2026-08-11T20:43:46+08:00" level=info msg="[UE][NAS] Send authentication response"
time="2026-08-11T20:43:46+08:00" level=info msg="[UE] Switched from state 1 to state 2"
time="2026-08-11T20:43:46+08:00" level=info msg="[GNB][SCTP] Receive message in 0 stream\n"
time="2026-08-11T20:43:46+08:00" level=info msg="[GNB][SCTP] Receive message in 0 stream\n"
time="2026-08-11T20:43:46+08:00" level=info msg="[GNB][NGAP] Receive Downlink NAS Transport"
time="2026-08-11T20:43:46+08:00" level=info msg="[UE][NAS] Message with security header"
time="2026-08-11T20:43:46+08:00" level=info msg="[UE][NAS] Message with integrity and with NEW 5G NAS SECURITY CONTEXT"
time="2026-08-11T20:43:46+08:00" level=info msg="[UE][NAS] successful NAS MAC verification"
time="2026-08-11T20:43:46+08:00" level=info msg="[UE][NAS] Receive Security Mode Command"
time="2026-08-11T20:43:46+08:00" level=info msg="[UE][NAS] Type of ciphering algorithm is 5G-EA0"
time="2026-08-11T20:43:46+08:00" level=info msg="[UE][NAS] Type of integrity protection algorithm is 128-5G-IA2"
time="2026-08-11T20:43:46+08:00" level=info msg="[GNB][NGAP] Receive Downlink NAS Transport"
time="2026-08-11T20:43:46+08:00" level=info msg="[UE][NAS] Message without security header"
time="2026-08-11T20:43:46+08:00" level=info msg="[UE][NAS] Receive Authentication Request"
time="2026-08-11T20:43:46+08:00" level=info msg="[UE][NAS][MAC] Authenticity of the authentication request message: OK"
time="2026-08-11T20:43:46+08:00" level=info msg="[UE][NAS][SQN] SQN of the authentication request message: VALID"
time="2026-08-11T20:43:46+08:00" level=info msg="[UE][NAS] Send authentication response"
time="2026-08-11T20:43:46+08:00" level=info msg="[UE] Switched from state 1 to state 2"
time="2026-08-11T20:43:46+08:00" level=info msg="[GNB][SCTP] Receive message in 0 stream\n"
time="2026-08-11T20:43:46+08:00" level=info msg="[GNB][NGAP] Receive Initial Context Setup Request"
time="2026-08-11T20:43:46+08:00" level=info msg="[GNB][UE] UE Context was created with successful"
time="2026-08-11T20:43:46+08:00" level=info msg="[GNB][UE] UE RAN ID 35"
time="2026-08-11T20:43:46+08:00" level=info msg="[GNB][UE] UE AMF ID 34"
time="2026-08-11T20:43:46+08:00" level=info msg="[GNB][UE] UE Mobility Restrict --Plmn-- Mcc: 208 Mnc: 93"
time="2026-08-11T20:43:46+08:00" level=info msg="[GNB][UE] UE Masked Imeisv: 1110000000ffff00"
time="2026-08-11T20:43:46+08:00" level=info msg="[GNB][UE] Allowed Nssai-- Sst: [01 01] Sd: [010203 112233]"
time="2026-08-11T20:43:46+08:00" level=info msg="[GNB][NGAP][AMF] Send Initial Context Setup Response."
time="2026-08-11T20:43:46+08:00" level=info msg="[GNB] Initiating Initial Context Setup Response"
time="2026-08-11T20:43:46+08:00" level=info msg="[GNB][NGAP] No PDU Session to set up in InitialContextSetupResponse."
time="2026-08-11T20:43:46+08:00" level=info msg="[UE][NAS] Message with security header"
time="2026-08-11T20:43:46+08:00" level=info msg="[UE][NAS] Message with integrity and ciphered"
time="2026-08-11T20:43:46+08:00" level=info msg="[UE][NAS] successful NAS CIPHERING"
time="2026-08-11T20:43:46+08:00" level=info msg="[UE][NAS] successful NAS MAC verification"
time="2026-08-11T20:43:46+08:00" level=info msg="[UE][NAS] Receive Registration Accept"
time="2026-08-11T20:43:46+08:00" level=info msg="[UE][NAS] UE 5G GUTI: &{119 11 [242 2 248 57 202 254 0 0 0 1 157]}"
time="2026-08-11T20:43:46+08:00" level=info msg="[UE] Switched from state 2 to state 3"
time="2026-08-11T20:43:46+08:00" level=info msg="[GNB][SCTP] Receive message in 0 stream\n"
time="2026-08-11T20:43:46+08:00" level=info msg="[GNB][NGAP] Receive Downlink NAS Transport"
time="2026-08-11T20:43:46+08:00" level=info msg="[UE][NAS] Message without security header"
time="2026-08-11T20:43:46+08:00" level=info msg="[UE][NAS] Receive Authentication Request"
time="2026-08-11T20:43:46+08:00" level=info msg="[UE][NAS][MAC] Authenticity of the authentication request message: OK"
time="2026-08-11T20:43:46+08:00" level=info msg="[UE][NAS][SQN] SQN of the authentication request message: VALID"
time="2026-08-11T20:43:46+08:00" level=info msg="[UE][NAS] Send authentication response"
time="2026-08-11T20:43:46+08:00" level=info msg="[UE] Switched from state 1 to state 2"
time="2026-08-11T20:43:46+08:00" level=info msg="[GNB][SCTP] Receive message in 0 stream\n"
time="2026-08-11T20:43:46+08:00" level=info msg="[GNB][NGAP] Receive Downlink NAS Transport"
time="2026-08-11T20:43:46+08:00" level=info msg="[UE][NAS] Message without security header"
time="2026-08-11T20:43:46+08:00" level=info msg="[UE][NAS] Receive Authentication Request"
time="2026-08-11T20:43:46+08:00" level=info msg="[UE][NAS][MAC] Authenticity of the authentication request message: OK"
time="2026-08-11T20:43:46+08:00" level=info msg="[UE][NAS][SQN] SQN of the authentication request message: VALID"
time="2026-08-11T20:43:46+08:00" level=info msg="[UE][NAS] Send authentication response"
time="2026-08-11T20:43:46+08:00" level=info msg="[UE] Switched from state 1 to state 2"
time="2026-08-11T20:43:46+08:00" level=info msg="[GNB][SCTP] Receive message in 0 stream\n"
time="2026-08-11T20:43:46+08:00" level=info msg="[GNB][NGAP] Receive Initial Context Setup Request"
time="2026-08-11T20:43:46+08:00" level=info msg="[GNB][UE] UE Context was created with successful"
time="2026-08-11T20:43:46+08:00" level=info msg="[GNB][UE] UE RAN ID 49"
time="2026-08-11T20:43:46+08:00" level=info msg="[GNB][UE] UE AMF ID 48"
time="2026-08-11T20:43:46+08:00" level=info msg="[GNB][UE] UE Mobility Restrict --Plmn-- Mcc: 208 Mnc: 93"
time="2026-08-11T20:43:46+08:00" level=info msg="[GNB][UE] UE Masked Imeisv: 1110000000ffff00"
time="2026-08-11T20:43:46+08:00" level=info msg="[GNB][UE] Allowed Nssai-- Sst: [01 01] Sd: [010203 112233]"
time="2026-08-11T20:43:46+08:00" level=info msg="[GNB][NGAP][AMF] Send Initial Context Setup Response."
time="2026-08-11T20:43:46+08:00" level=info msg="[GNB] Initiating Initial Context Setup Response"
time="2026-08-11T20:43:46+08:00" level=info msg="[GNB][NGAP] No PDU Session to set up in InitialContextSetupResponse."
time="2026-08-11T20:43:46+08:00" level=info msg="[UE][NAS] Message with security header"
time="2026-08-11T20:43:46+08:00" level=info msg="[UE][NAS] Message with integrity and ciphered"
time="2026-08-11T20:43:46+08:00" level=info msg="[UE][NAS] successful NAS CIPHERING"
time="2026-08-11T20:43:46+08:00" level=info msg="[UE][NAS] successful NAS MAC verification"
time="2026-08-11T20:43:46+08:00" level=info msg="[UE][NAS] Receive Registration Accept"
time="2026-08-11T20:43:46+08:00" level=info msg="[UE][NAS] UE 5G GUTI: &{119 11 [242 2 248 57 202 254 0 0 0 0 12]}"
time="2026-08-11T20:43:46+08:00" level=info msg="[UE] Switched from state 2 to state 3"
time="2026-08-11T20:43:46+08:00" level=info msg="[GNB][SCTP] Receive message in 0 stream\n"
time="2026-08-11T20:43:46+08:00" level=info msg="[GNB][NGAP] Receive Downlink NAS Transport"
time="2026-08-11T20:43:46+08:00" level=info msg="[UE][NAS] Message without security header"
time="2026-08-11T20:43:46+08:00" level=info msg="[UE][NAS] Receive Authentication Request"
time="2026-08-11T20:43:46+08:00" level=info msg="[UE][NAS][MAC] Authenticity of the authentication request message: OK"
time="2026-08-11T20:43:46+08:00" level=info msg="[UE][NAS][SQN] SQN of the authentication request message: VALID"
time="2026-08-11T20:43:46+08:00" level=info msg="[UE][NAS] Send authentication response"
time="2026-08-11T20:43:46+08:00" level=info msg="[UE] Switched from state 1 to state 2"
time="2026-08-11T20:43:46+08:00" level=info msg="[GNB][SCTP] Receive message in 0 stream\n"
time="2026-08-11T20:43:46+08:00" level=info msg="[GNB][SCTP] Receive message in 0 stream\n"
time="2026-08-11T20:43:46+08:00" level=info msg="[GNB][NGAP] Receive Downlink NAS Transport"
time="2026-08-11T20:43:46+08:00" level=info msg="[UE][NAS] Message without security header"
time="2026-08-11T20:43:46+08:00" level=info msg="[UE][NAS] Receive Authentication Request"
time="2026-08-11T20:43:46+08:00" level=info msg="[UE][NAS][MAC] Authenticity of the authentication request message: OK"
time="2026-08-11T20:43:46+08:00" level=info msg="[UE][NAS][SQN] SQN of the authentication request message: VALID"
time="2026-08-11T20:43:46+08:00" level=info msg="[UE][NAS] Send authentication response"
time="2026-08-11T20:43:46+08:00" level=info msg="[GNB][NGAP] Receive Downlink NAS Transport"
time="2026-08-11T20:43:46+08:00" level=info msg="[UE][NAS] Message with security header"
time="2026-08-11T20:43:46+08:00" level=info msg="[UE][NAS] Message with integrity and ciphered"
time="2026-08-11T20:43:46+08:00" level=info msg="[UE][NAS] successful NAS CIPHERING"
time="2026-08-11T20:43:46+08:00" level=info msg="[UE][NAS] successful NAS MAC verification"
time="2026-08-11T20:43:46+08:00" level=info msg="[UE][NAS] Receive Configuration Update Command"
time="2026-08-11T20:43:46+08:00" level=info msg="[UE] Initiating Configuration Update Complete"
time="2026-08-11T20:43:46+08:00" level=info msg="[UE] Switched from state 1 to state 2"
time="2026-08-11T20:43:46+08:00" level=info msg="[GNB][SCTP] Receive message in 0 stream\n"
time="2026-08-11T20:43:46+08:00" level=info msg="[GNB][NGAP] Receive Initial Context Setup Request"
time="2026-08-11T20:43:46+08:00" level=info msg="[GNB][UE] UE Context was created with successful"
time="2026-08-11T20:43:46+08:00" level=info msg="[GNB][UE] UE RAN ID 27"
time="2026-08-11T20:43:46+08:00" level=info msg="[GNB][UE] UE AMF ID 26"
time="2026-08-11T20:43:46+08:00" level=info msg="[GNB][UE] UE Mobility Restrict --Plmn-- Mcc: 208 Mnc: 93"
time="2026-08-11T20:43:46+08:00" level=info msg="[GNB][UE] UE Masked Imeisv: 1110000000ffff00"
time="2026-08-11T20:43:46+08:00" level=info msg="[GNB][UE] Allowed Nssai-- Sst: [01 01] Sd: [010203 112233]"
time="2026-08-11T20:43:46+08:00" level=info msg="[GNB][NGAP][AMF] Send Initial Context Setup Response."
time="2026-08-11T20:43:46+08:00" level=info msg="[GNB] Initiating Initial Context Setup Response"
time="2026-08-11T20:43:46+08:00" level=info msg="[GNB][NGAP] No PDU Session to set up in InitialContextSetupResponse."
time="2026-08-11T20:43:46+08:00" level=info msg="[UE][NAS] Message with security header"
time="2026-08-11T20:43:46+08:00" level=info msg="[UE][NAS] Message with integrity and ciphered"
time="2026-08-11T20:43:46+08:00" level=info msg="[UE][NAS] successful NAS CIPHERING"
time="2026-08-11T20:43:46+08:00" level=info msg="[UE][NAS] successful NAS MAC verification"
time="2026-08-11T20:43:46+08:00" level=info msg="[UE][NAS] Receive Registration Accept"
time="2026-08-11T20:43:46+08:00" level=info msg="[UE][NAS] UE 5G GUTI: &{119 11 [242 2 248 57 202 254 0 0 0 1 156]}"
time="2026-08-11T20:43:46+08:00" level=info msg="[UE] Switched from state 2 to state 3"
time="2026-08-11T20:43:46+08:00" level=info msg="[GNB][SCTP] Receive message in 0 stream\n"
time="2026-08-11T20:43:46+08:00" level=info msg="[GNB][NGAP] Receive Downlink NAS Transport"
time="2026-08-11T20:43:46+08:00" level=info msg="[UE][NAS] Message with security header"
time="2026-08-11T20:43:46+08:00" level=info msg="[UE][NAS] Message with integrity and ciphered"
time="2026-08-11T20:43:46+08:00" level=info msg="[UE][NAS] successful NAS CIPHERING"
time="2026-08-11T20:43:46+08:00" level=info msg="[UE][NAS] successful NAS MAC verification"
time="2026-08-11T20:43:46+08:00" level=info msg="[UE][NAS] Receive Configuration Update Command"
time="2026-08-11T20:43:46+08:00" level=info msg="[UE] Initiating Configuration Update Complete"
time="2026-08-11T20:43:46+08:00" level=info msg="[GNB][SCTP] Receive message in 0 stream\n"
time="2026-08-11T20:43:46+08:00" level=info msg="[GNB][NGAP] Receive Downlink NAS Transport"
time="2026-08-11T20:43:46+08:00" level=info msg="[UE][NAS] Message without security header"
time="2026-08-11T20:43:46+08:00" level=info msg="[UE][NAS] Receive Authentication Request"
time="2026-08-11T20:43:46+08:00" level=info msg="[UE][NAS][MAC] Authenticity of the authentication request message: OK"
time="2026-08-11T20:43:46+08:00" level=info msg="[UE][NAS][SQN] SQN of the authentication request message: VALID"
time="2026-08-11T20:43:46+08:00" level=info msg="[UE][NAS] Send authentication response"
time="2026-08-11T20:43:46+08:00" level=info msg="[UE] Switched from state 1 to state 2"
time="2026-08-11T20:43:46+08:00" level=info msg="[GNB][SCTP] Receive message in 0 stream\n"
time="2026-08-11T20:43:46+08:00" level=info msg="[GNB][NGAP] Receive Downlink NAS Transport"
time="2026-08-11T20:43:46+08:00" level=info msg="[UE][NAS] Message without security header"
time="2026-08-11T20:43:46+08:00" level=info msg="[UE][NAS] Receive Authentication Request"
time="2026-08-11T20:43:46+08:00" level=info msg="[UE][NAS][MAC] Authenticity of the authentication request message: OK"
time="2026-08-11T20:43:46+08:00" level=info msg="[UE][NAS][SQN] SQN of the authentication request message: VALID"
time="2026-08-11T20:43:46+08:00" level=info msg="[UE][NAS] Send authentication response"
time="2026-08-11T20:43:46+08:00" level=info msg="[UE] Switched from state 1 to state 2"
time="2026-08-11T20:43:46+08:00" level=info msg="[GNB][SCTP] Receive message in 0 stream\n"
time="2026-08-11T20:43:46+08:00" level=info msg="[GNB][NGAP] Receive Downlink NAS Transport"
time="2026-08-11T20:43:46+08:00" level=info msg="[UE][NAS] Message with security header"
time="2026-08-11T20:43:46+08:00" level=info msg="[UE][NAS] Message with integrity and with NEW 5G NAS SECURITY CONTEXT"
time="2026-08-11T20:43:46+08:00" level=info msg="[UE][NAS] successful NAS MAC verification"
time="2026-08-11T20:43:46+08:00" level=info msg="[UE][NAS] Receive Security Mode Command"
time="2026-08-11T20:43:46+08:00" level=info msg="[UE][NAS] Type of ciphering algorithm is 5G-EA0"
time="2026-08-11T20:43:46+08:00" level=info msg="[UE][NAS] Type of integrity protection algorithm is 128-5G-IA2"
time="2026-08-11T20:43:46+08:00" level=info msg="[GNB][SCTP] Receive message in 0 stream\n"
time="2026-08-11T20:43:46+08:00" level=info msg="[GNB][NGAP] Receive Downlink NAS Transport"
time="2026-08-11T20:43:46+08:00" level=info msg="[UE][NAS] Message with security header"
time="2026-08-11T20:43:46+08:00" level=info msg="[UE][NAS] Message with integrity and ciphered"
time="2026-08-11T20:43:46+08:00" level=info msg="[UE][NAS] successful NAS CIPHERING"
time="2026-08-11T20:43:46+08:00" level=info msg="[UE][NAS] successful NAS MAC verification"
time="2026-08-11T20:43:46+08:00" level=info msg="[UE][NAS] Receive Configuration Update Command"
time="2026-08-11T20:43:46+08:00" level=info msg="[UE] Initiating Configuration Update Complete"
time="2026-08-11T20:43:46+08:00" level=info msg="[GNB][SCTP] Receive message in 0 stream\n"
time="2026-08-11T20:43:46+08:00" level=info msg="[GNB][NGAP] Receive Downlink NAS Transport"
time="2026-08-11T20:43:46+08:00" level=info msg="[UE][NAS] Message without security header"
time="2026-08-11T20:43:46+08:00" level=info msg="[UE][NAS] Receive Authentication Request"
time="2026-08-11T20:43:46+08:00" level=info msg="[UE][NAS][MAC] Authenticity of the authentication request message: OK"
time="2026-08-11T20:43:46+08:00" level=info msg="[UE][NAS][SQN] SQN of the authentication request message: VALID"
time="2026-08-11T20:43:46+08:00" level=info msg="[UE][NAS] Send authentication response"
time="2026-08-11T20:43:46+08:00" level=info msg="[UE] Switched from state 1 to state 2"
time="2026-08-11T20:43:46+08:00" level=info msg="[GNB][SCTP] Receive message in 0 stream\n"
time="2026-08-11T20:43:46+08:00" level=info msg="[GNB][NGAP] Receive Downlink NAS Transport"
time="2026-08-11T20:43:46+08:00" level=info msg="[UE][NAS] Message without security header"
time="2026-08-11T20:43:46+08:00" level=info msg="[UE][NAS] Receive Authentication Request"
time="2026-08-11T20:43:46+08:00" level=info msg="[UE][NAS][MAC] Authenticity of the authentication request message: OK"
time="2026-08-11T20:43:46+08:00" level=info msg="[UE][NAS][SQN] SQN of the authentication request message: VALID"
time="2026-08-11T20:43:46+08:00" level=info msg="[UE][NAS] Send authentication response"
time="2026-08-11T20:43:46+08:00" level=info msg="[GNB][SCTP] Receive message in 0 stream\n"
time="2026-08-11T20:43:46+08:00" level=info msg="[UE] Switched from state 1 to state 2"
time="2026-08-11T20:43:46+08:00" level=info msg="[GNB][NGAP] Receive Initial Context Setup Request"
time="2026-08-11T20:43:46+08:00" level=info msg="[GNB][UE] UE Context was created with successful"
time="2026-08-11T20:43:46+08:00" level=info msg="[GNB][UE] UE RAN ID 33"
time="2026-08-11T20:43:46+08:00" level=info msg="[GNB][UE] UE AMF ID 32"
time="2026-08-11T20:43:46+08:00" level=info msg="[GNB][UE] UE Mobility Restrict --Plmn-- Mcc: 208 Mnc: 93"
time="2026-08-11T20:43:46+08:00" level=info msg="[GNB][UE] UE Masked Imeisv: 1110000000ffff00"
time="2026-08-11T20:43:46+08:00" level=info msg="[GNB][UE] Allowed Nssai-- Sst: [01 01] Sd: [010203 112233]"
time="2026-08-11T20:43:46+08:00" level=info msg="[GNB][NGAP][AMF] Send Initial Context Setup Response."
time="2026-08-11T20:43:46+08:00" level=info msg="[GNB] Initiating Initial Context Setup Response"
time="2026-08-11T20:43:46+08:00" level=info msg="[GNB][NGAP] No PDU Session to set up in InitialContextSetupResponse."
time="2026-08-11T20:43:46+08:00" level=info msg="[GNB][SCTP] Receive message in 0 stream\n"
time="2026-08-11T20:43:46+08:00" level=info msg="[UE][NAS] Message with security header"
time="2026-08-11T20:43:46+08:00" level=info msg="[UE][NAS] Message with integrity and ciphered"
time="2026-08-11T20:43:46+08:00" level=info msg="[UE][NAS] successful NAS CIPHERING"
time="2026-08-11T20:43:46+08:00" level=info msg="[UE][NAS] successful NAS MAC verification"
time="2026-08-11T20:43:46+08:00" level=info msg="[UE][NAS] Receive Registration Accept"
time="2026-08-11T20:43:46+08:00" level=info msg="[UE][NAS] UE 5G GUTI: &{119 11 [242 2 248 57 202 254 0 0 0 1 160]}"
time="2026-08-11T20:43:46+08:00" level=info msg="[UE] Switched from state 2 to state 3"
time="2026-08-11T20:43:46+08:00" level=info msg="[GNB][NGAP] Receive Initial Context Setup Request"
time="2026-08-11T20:43:46+08:00" level=info msg="[GNB][UE] UE Context was created with successful"
time="2026-08-11T20:43:46+08:00" level=info msg="[GNB][UE] UE RAN ID 51"
time="2026-08-11T20:43:46+08:00" level=info msg="[GNB][UE] UE AMF ID 50"
time="2026-08-11T20:43:46+08:00" level=info msg="[GNB][UE] UE Mobility Restrict --Plmn-- Mcc: 208 Mnc: 93"
time="2026-08-11T20:43:46+08:00" level=info msg="[GNB][UE] UE Masked Imeisv: 1110000000ffff00"
time="2026-08-11T20:43:46+08:00" level=info msg="[GNB][UE] Allowed Nssai-- Sst: [01 01] Sd: [010203 112233]"
time="2026-08-11T20:43:46+08:00" level=info msg="[GNB][NGAP][AMF] Send Initial Context Setup Response."
time="2026-08-11T20:43:46+08:00" level=info msg="[GNB] Initiating Initial Context Setup Response"
time="2026-08-11T20:43:46+08:00" level=info msg="[GNB][NGAP] No PDU Session to set up in InitialContextSetupResponse."
time="2026-08-11T20:43:46+08:00" level=info msg="[UE][NAS] Message with security header"
time="2026-08-11T20:43:46+08:00" level=info msg="[UE][NAS] Message with integrity and ciphered"
time="2026-08-11T20:43:46+08:00" level=info msg="[UE][NAS] successful NAS CIPHERING"
time="2026-08-11T20:43:46+08:00" level=info msg="[UE][NAS] successful NAS MAC verification"
time="2026-08-11T20:43:46+08:00" level=info msg="[UE][NAS] Receive Registration Accept"
time="2026-08-11T20:43:46+08:00" level=info msg="[UE][NAS] UE 5G GUTI: &{119 11 [242 2 248 57 202 254 0 0 0 0 19]}"
time="2026-08-11T20:43:46+08:00" level=info msg="[UE] Switched from state 2 to state 3"
time="2026-08-11T20:43:46+08:00" level=info msg="[GNB][SCTP] Receive message in 0 stream\n"
time="2026-08-11T20:43:46+08:00" level=info msg="[GNB][NGAP] Receive Downlink NAS Transport"
time="2026-08-11T20:43:46+08:00" level=info msg="[UE][NAS] Message with security header"
time="2026-08-11T20:43:46+08:00" level=info msg="[UE][NAS] Message with integrity and with NEW 5G NAS SECURITY CONTEXT"
time="2026-08-11T20:43:46+08:00" level=info msg="[UE][NAS] successful NAS MAC verification"
time="2026-08-11T20:43:46+08:00" level=info msg="[UE][NAS] Receive Security Mode Command"
time="2026-08-11T20:43:46+08:00" level=info msg="[UE][NAS] Type of ciphering algorithm is 5G-EA0"
time="2026-08-11T20:43:46+08:00" level=info msg="[UE][NAS] Type of integrity protection algorithm is 128-5G-IA2"
time="2026-08-11T20:43:47+08:00" level=info msg="[GNB][SCTP] Receive message in 0 stream\n"
time="2026-08-11T20:43:47+08:00" level=info msg="[GNB][NGAP] Receive Initial Context Setup Request"
time="2026-08-11T20:43:47+08:00" level=info msg="[GNB][UE] UE Context was created with successful"
time="2026-08-11T20:43:47+08:00" level=info msg="[GNB][UE] UE RAN ID 40"
time="2026-08-11T20:43:47+08:00" level=info msg="[GNB][UE] UE AMF ID 39"
time="2026-08-11T20:43:47+08:00" level=info msg="[GNB][UE] UE Mobility Restrict --Plmn-- Mcc: 208 Mnc: 93"
time="2026-08-11T20:43:47+08:00" level=info msg="[GNB][UE] UE Masked Imeisv: 1110000000ffff00"
time="2026-08-11T20:43:47+08:00" level=info msg="[GNB][UE] Allowed Nssai-- Sst: [01 01] Sd: [010203 112233]"
time="2026-08-11T20:43:47+08:00" level=info msg="[GNB][NGAP][AMF] Send Initial Context Setup Response."
time="2026-08-11T20:43:47+08:00" level=info msg="[GNB] Initiating Initial Context Setup Response"
time="2026-08-11T20:43:47+08:00" level=info msg="[GNB][NGAP] No PDU Session to set up in InitialContextSetupResponse."
time="2026-08-11T20:43:47+08:00" level=info msg="[UE][NAS] Message with security header"
time="2026-08-11T20:43:47+08:00" level=info msg="[UE][NAS] Message with integrity and ciphered"
time="2026-08-11T20:43:47+08:00" level=info msg="[UE][NAS] successful NAS CIPHERING"
time="2026-08-11T20:43:47+08:00" level=info msg="[UE][NAS] successful NAS MAC verification"
time="2026-08-11T20:43:47+08:00" level=info msg="[UE][NAS] Receive Registration Accept"
time="2026-08-11T20:43:47+08:00" level=info msg="[UE][NAS] UE 5G GUTI: &{119 11 [242 2 248 57 202 254 0 0 0 1 161]}"
time="2026-08-11T20:43:47+08:00" level=info msg="[UE] Switched from state 2 to state 3"
time="2026-08-11T20:43:47+08:00" level=info msg="[GNB][SCTP] Receive message in 0 stream\n"
time="2026-08-11T20:43:47+08:00" level=info msg="[GNB][NGAP] Receive Initial Context Setup Request"
time="2026-08-11T20:43:47+08:00" level=info msg="[GNB][UE] UE Context was created with successful"
time="2026-08-11T20:43:47+08:00" level=info msg="[GNB][UE] UE RAN ID 19"
time="2026-08-11T20:43:47+08:00" level=info msg="[GNB][UE] UE AMF ID 18"
time="2026-08-11T20:43:47+08:00" level=info msg="[GNB][UE] UE Mobility Restrict --Plmn-- Mcc: 208 Mnc: 93"
time="2026-08-11T20:43:47+08:00" level=info msg="[GNB][UE] UE Masked Imeisv: 1110000000ffff00"
time="2026-08-11T20:43:47+08:00" level=info msg="[GNB][UE] Allowed Nssai-- Sst: [01 01] Sd: [010203 112233]"
time="2026-08-11T20:43:47+08:00" level=info msg="[GNB][NGAP][AMF] Send Initial Context Setup Response."
time="2026-08-11T20:43:47+08:00" level=info msg="[GNB] Initiating Initial Context Setup Response"
time="2026-08-11T20:43:47+08:00" level=info msg="[GNB][NGAP] No PDU Session to set up in InitialContextSetupResponse."
time="2026-08-11T20:43:47+08:00" level=info msg="[UE][NAS] Message with security header"
time="2026-08-11T20:43:47+08:00" level=info msg="[UE][NAS] Message with integrity and ciphered"
time="2026-08-11T20:43:47+08:00" level=info msg="[UE][NAS] successful NAS CIPHERING"
time="2026-08-11T20:43:47+08:00" level=info msg="[UE][NAS] successful NAS MAC verification"
time="2026-08-11T20:43:47+08:00" level=info msg="[UE][NAS] Receive Registration Accept"
time="2026-08-11T20:43:47+08:00" level=info msg="[UE][NAS] UE 5G GUTI: &{119 11 [242 2 248 57 202 254 0 0 0 0 7]}"
time="2026-08-11T20:43:47+08:00" level=info msg="[UE] Switched from state 2 to state 3"
time="2026-08-11T20:43:47+08:00" level=info msg="[GNB][SCTP] Receive message in 0 stream\n"
time="2026-08-11T20:43:47+08:00" level=info msg="[GNB][NGAP] Receive Initial Context Setup Request"
time="2026-08-11T20:43:47+08:00" level=info msg="[GNB][UE] UE Context was created with successful"
time="2026-08-11T20:43:47+08:00" level=info msg="[GNB][UE] UE RAN ID 58"
time="2026-08-11T20:43:47+08:00" level=info msg="[GNB][UE] UE AMF ID 57"
time="2026-08-11T20:43:47+08:00" level=info msg="[GNB][UE] UE Mobility Restrict --Plmn-- Mcc: 208 Mnc: 93"
time="2026-08-11T20:43:47+08:00" level=info msg="[GNB][UE] UE Masked Imeisv: 1110000000ffff00"
time="2026-08-11T20:43:47+08:00" level=info msg="[GNB][UE] Allowed Nssai-- Sst: [01 01] Sd: [010203 112233]"
time="2026-08-11T20:43:47+08:00" level=info msg="[GNB][NGAP][AMF] Send Initial Context Setup Response."
time="2026-08-11T20:43:47+08:00" level=info msg="[GNB] Initiating Initial Context Setup Response"
time="2026-08-11T20:43:47+08:00" level=info msg="[GNB][NGAP] No PDU Session to set up in InitialContextSetupResponse."
time="2026-08-11T20:43:47+08:00" level=info msg="[UE][NAS] Message with security header"
time="2026-08-11T20:43:47+08:00" level=info msg="[UE][NAS] Message with integrity and ciphered"
time="2026-08-11T20:43:47+08:00" level=info msg="[UE][NAS] successful NAS CIPHERING"
time="2026-08-11T20:43:47+08:00" level=info msg="[UE][NAS] successful NAS MAC verification"
time="2026-08-11T20:43:47+08:00" level=info msg="[UE][NAS] Receive Registration Accept"
time="2026-08-11T20:43:47+08:00" level=info msg="[UE][NAS] UE 5G GUTI: &{119 11 [242 2 248 57 202 254 0 0 0 0 18]}"
time="2026-08-11T20:43:47+08:00" level=info msg="[GNB][SCTP] Receive message in 0 stream\n"
time="2026-08-11T20:43:47+08:00" level=info msg="[UE] Switched from state 2 to state 3"
time="2026-08-11T20:43:47+08:00" level=info msg="[GNB][NGAP] Receive Initial Context Setup Request"
time="2026-08-11T20:43:47+08:00" level=info msg="[GNB][UE] UE Context was created with successful"
time="2026-08-11T20:43:47+08:00" level=info msg="[GNB][UE] UE RAN ID 39"
time="2026-08-11T20:43:47+08:00" level=info msg="[GNB][UE] UE AMF ID 38"
time="2026-08-11T20:43:47+08:00" level=info msg="[GNB][UE] UE Mobility Restrict --Plmn-- Mcc: 208 Mnc: 93"
time="2026-08-11T20:43:47+08:00" level=info msg="[GNB][UE] UE Masked Imeisv: 1110000000ffff00"
time="2026-08-11T20:43:47+08:00" level=info msg="[GNB][UE] Allowed Nssai-- Sst: [01 01] Sd: [010203 112233]"
time="2026-08-11T20:43:47+08:00" level=info msg="[GNB][NGAP][AMF] Send Initial Context Setup Response."
time="2026-08-11T20:43:47+08:00" level=info msg="[GNB] Initiating Initial Context Setup Response"
time="2026-08-11T20:43:47+08:00" level=info msg="[GNB][NGAP] No PDU Session to set up in InitialContextSetupResponse."
time="2026-08-11T20:43:47+08:00" level=info msg="[UE][NAS] Message with security header"
time="2026-08-11T20:43:47+08:00" level=info msg="[UE][NAS] Message with integrity and ciphered"
time="2026-08-11T20:43:47+08:00" level=info msg="[UE][NAS] successful NAS CIPHERING"
time="2026-08-11T20:43:47+08:00" level=info msg="[UE][NAS] successful NAS MAC verification"
time="2026-08-11T20:43:47+08:00" level=info msg="[UE][NAS] Receive Registration Accept"
time="2026-08-11T20:43:47+08:00" level=info msg="[UE][NAS] UE 5G GUTI: &{119 11 [242 2 248 57 202 254 0 0 0 1 163]}"
time="2026-08-11T20:43:47+08:00" level=info msg="[UE] Switched from state 2 to state 3"
time="2026-08-11T20:43:47+08:00" level=info msg="[GNB][SCTP] Receive message in 0 stream\n"
time="2026-08-11T20:43:47+08:00" level=info msg="[GNB][NGAP] Receive Downlink NAS Transport"
time="2026-08-11T20:43:47+08:00" level=info msg="[UE][NAS] Message with security header"
time="2026-08-11T20:43:47+08:00" level=info msg="[UE][NAS] Message with integrity and ciphered"
time="2026-08-11T20:43:47+08:00" level=info msg="[UE][NAS] successful NAS CIPHERING"
time="2026-08-11T20:43:47+08:00" level=info msg="[UE][NAS] successful NAS MAC verification"
time="2026-08-11T20:43:47+08:00" level=info msg="[UE][NAS] Receive Configuration Update Command"
time="2026-08-11T20:43:47+08:00" level=info msg="[UE] Initiating Configuration Update Complete"
time="2026-08-11T20:43:47+08:00" level=info msg="[GNB][SCTP] Receive message in 0 stream\n"
time="2026-08-11T20:43:47+08:00" level=info msg="[GNB][NGAP] Receive Downlink NAS Transport"
time="2026-08-11T20:43:47+08:00" level=info msg="[UE][NAS] Message with security header"
time="2026-08-11T20:43:47+08:00" level=info msg="[UE][NAS] Message with integrity and ciphered"
time="2026-08-11T20:43:47+08:00" level=info msg="[UE][NAS] successful NAS CIPHERING"
time="2026-08-11T20:43:47+08:00" level=info msg="[UE][NAS] successful NAS MAC verification"
time="2026-08-11T20:43:47+08:00" level=info msg="[UE][NAS] Receive Configuration Update Command"
time="2026-08-11T20:43:47+08:00" level=info msg="[UE] Initiating Configuration Update Complete"
time="2026-08-11T20:43:47+08:00" level=info msg="[GNB][SCTP] Receive message in 0 stream\n"
time="2026-08-11T20:43:47+08:00" level=info msg="[GNB][SCTP] Receive message in 0 stream\n"
time="2026-08-11T20:43:47+08:00" level=info msg="[GNB][NGAP] Receive Downlink NAS Transport"
time="2026-08-11T20:43:47+08:00" level=info msg="[UE][NAS] Message with security header"
time="2026-08-11T20:43:47+08:00" level=info msg="[UE][NAS] Message with integrity and ciphered"
time="2026-08-11T20:43:47+08:00" level=info msg="[UE][NAS] successful NAS CIPHERING"
time="2026-08-11T20:43:47+08:00" level=info msg="[UE][NAS] successful NAS MAC verification"
time="2026-08-11T20:43:47+08:00" level=info msg="[UE][NAS] Receive Configuration Update Command"
time="2026-08-11T20:43:47+08:00" level=info msg="[UE] Initiating Configuration Update Complete"
time="2026-08-11T20:43:47+08:00" level=info msg="[GNB][NGAP] Receive Initial Context Setup Request"
time="2026-08-11T20:43:47+08:00" level=info msg="[GNB][UE] UE Context was created with successful"
time="2026-08-11T20:43:47+08:00" level=info msg="[GNB][UE] UE RAN ID 30"
time="2026-08-11T20:43:47+08:00" level=info msg="[GNB][UE] UE AMF ID 29"
time="2026-08-11T20:43:47+08:00" level=info msg="[GNB][UE] UE Mobility Restrict --Plmn-- Mcc: 208 Mnc: 93"
time="2026-08-11T20:43:47+08:00" level=info msg="[GNB][UE] UE Masked Imeisv: 1110000000ffff00"
time="2026-08-11T20:43:47+08:00" level=info msg="[GNB][UE] Allowed Nssai-- Sst: [01 01] Sd: [010203 112233]"
time="2026-08-11T20:43:47+08:00" level=info msg="[GNB][NGAP][AMF] Send Initial Context Setup Response."
time="2026-08-11T20:43:47+08:00" level=info msg="[GNB] Initiating Initial Context Setup Response"
time="2026-08-11T20:43:47+08:00" level=info msg="[GNB][NGAP] No PDU Session to set up in InitialContextSetupResponse."
time="2026-08-11T20:43:47+08:00" level=info msg="[UE][NAS] Message with security header"
time="2026-08-11T20:43:47+08:00" level=info msg="[UE][NAS] Message with integrity and ciphered"
time="2026-08-11T20:43:47+08:00" level=info msg="[UE][NAS] successful NAS CIPHERING"
time="2026-08-11T20:43:47+08:00" level=info msg="[UE][NAS] successful NAS MAC verification"
time="2026-08-11T20:43:47+08:00" level=info msg="[UE][NAS] Receive Registration Accept"
time="2026-08-11T20:43:47+08:00" level=info msg="[UE][NAS] UE 5G GUTI: &{119 11 [242 2 248 57 202 254 0 0 0 1 165]}"
time="2026-08-11T20:43:47+08:00" level=info msg="[UE] Switched from state 2 to state 3"
time="2026-08-11T20:43:47+08:00" level=info msg="[GNB][SCTP] Receive message in 0 stream\n"
time="2026-08-11T20:43:47+08:00" level=info msg="[GNB][NGAP] Receive Downlink NAS Transport"
time="2026-08-11T20:43:47+08:00" level=info msg="[UE][NAS] Message with security header"
time="2026-08-11T20:43:47+08:00" level=info msg="[UE][NAS] Message with integrity and ciphered"
time="2026-08-11T20:43:47+08:00" level=info msg="[UE][NAS] successful NAS CIPHERING"
time="2026-08-11T20:43:47+08:00" level=info msg="[UE][NAS] successful NAS MAC verification"
time="2026-08-11T20:43:47+08:00" level=info msg="[UE][NAS] Receive Configuration Update Command"
time="2026-08-11T20:43:47+08:00" level=info msg="[UE] Initiating Configuration Update Complete"
time="2026-08-11T20:43:47+08:00" level=info msg="[GNB][SCTP] Receive message in 0 stream\n"
time="2026-08-11T20:43:47+08:00" level=info msg="[GNB][NGAP] Receive Downlink NAS Transport"
time="2026-08-11T20:43:47+08:00" level=info msg="[UE][NAS] Message with security header"
time="2026-08-11T20:43:47+08:00" level=info msg="[UE][NAS] Message with integrity and with NEW 5G NAS SECURITY CONTEXT"
time="2026-08-11T20:43:47+08:00" level=info msg="[UE][NAS] successful NAS MAC verification"
time="2026-08-11T20:43:47+08:00" level=info msg="[UE][NAS] Receive Security Mode Command"
time="2026-08-11T20:43:47+08:00" level=info msg="[UE][NAS] Type of ciphering algorithm is 5G-EA0"
time="2026-08-11T20:43:47+08:00" level=info msg="[UE][NAS] Type of integrity protection algorithm is 128-5G-IA2"
time="2026-08-11T20:43:47+08:00" level=info msg="[GNB][SCTP] Receive message in 0 stream\n"
time="2026-08-11T20:43:47+08:00" level=info msg="[GNB][NGAP] Receive Downlink NAS Transport"
time="2026-08-11T20:43:47+08:00" level=info msg="[UE][NAS] Message with security header"
time="2026-08-11T20:43:47+08:00" level=info msg="[UE][NAS] Message with integrity and ciphered"
time="2026-08-11T20:43:47+08:00" level=info msg="[UE][NAS] successful NAS CIPHERING"
time="2026-08-11T20:43:47+08:00" level=info msg="[UE][NAS] successful NAS MAC verification"
time="2026-08-11T20:43:47+08:00" level=info msg="[UE][NAS] Receive Configuration Update Command"
time="2026-08-11T20:43:47+08:00" level=info msg="[UE] Initiating Configuration Update Complete"
time="2026-08-11T20:43:47+08:00" level=info msg="[GNB][SCTP] Receive message in 0 stream\n"
time="2026-08-11T20:43:47+08:00" level=info msg="[GNB][SCTP] Receive message in 0 stream\n"
time="2026-08-11T20:43:47+08:00" level=info msg="[GNB][NGAP] Receive Downlink NAS Transport"
time="2026-08-11T20:43:47+08:00" level=info msg="[UE][NAS] Message with security header"
time="2026-08-11T20:43:47+08:00" level=info msg="[UE][NAS] Message with integrity and with NEW 5G NAS SECURITY CONTEXT"
time="2026-08-11T20:43:47+08:00" level=info msg="[UE][NAS] successful NAS MAC verification"
time="2026-08-11T20:43:47+08:00" level=info msg="[UE][NAS] Receive Security Mode Command"
time="2026-08-11T20:43:47+08:00" level=info msg="[UE][NAS] Type of ciphering algorithm is 5G-EA0"
time="2026-08-11T20:43:47+08:00" level=info msg="[UE][NAS] Type of integrity protection algorithm is 128-5G-IA2"
time="2026-08-11T20:43:47+08:00" level=info msg="[GNB][NGAP] Receive Downlink NAS Transport"
time="2026-08-11T20:43:47+08:00" level=info msg="[UE][NAS] Message with security header"
time="2026-08-11T20:43:47+08:00" level=info msg="[UE][NAS] Message with integrity and ciphered"
time="2026-08-11T20:43:47+08:00" level=info msg="[UE][NAS] successful NAS CIPHERING"
time="2026-08-11T20:43:47+08:00" level=info msg="[UE][NAS] successful NAS MAC verification"
time="2026-08-11T20:43:47+08:00" level=info msg="[UE][NAS] Receive Configuration Update Command"
time="2026-08-11T20:43:47+08:00" level=info msg="[UE] Initiating Configuration Update Complete"
time="2026-08-11T20:43:47+08:00" level=info msg="[GNB][SCTP] Receive message in 0 stream\n"
time="2026-08-11T20:43:47+08:00" level=info msg="[GNB][SCTP] Receive message in 0 stream\n"
time="2026-08-11T20:43:47+08:00" level=info msg="[GNB][NGAP] Receive Downlink NAS Transport"
time="2026-08-11T20:43:47+08:00" level=info msg="[UE][NAS] Message with security header"
time="2026-08-11T20:43:47+08:00" level=info msg="[UE][NAS] Message with integrity and ciphered"
time="2026-08-11T20:43:47+08:00" level=info msg="[UE][NAS] successful NAS CIPHERING"
time="2026-08-11T20:43:47+08:00" level=info msg="[UE][NAS] successful NAS MAC verification"
time="2026-08-11T20:43:47+08:00" level=info msg="[UE][NAS] Receive Configuration Update Command"
time="2026-08-11T20:43:47+08:00" level=info msg="[UE] Initiating Configuration Update Complete"
time="2026-08-11T20:43:47+08:00" level=info msg="[GNB][NGAP] Receive Downlink NAS Transport"
time="2026-08-11T20:43:47+08:00" level=info msg="[UE][NAS] Message with security header"
time="2026-08-11T20:43:47+08:00" level=info msg="[UE][NAS] Message with integrity and ciphered"
time="2026-08-11T20:43:47+08:00" level=info msg="[UE][NAS] successful NAS CIPHERING"
time="2026-08-11T20:43:47+08:00" level=info msg="[UE][NAS] successful NAS MAC verification"
time="2026-08-11T20:43:47+08:00" level=info msg="[UE][NAS] Receive Configuration Update Command"
time="2026-08-11T20:43:47+08:00" level=info msg="[UE] Initiating Configuration Update Complete"
time="2026-08-11T20:43:47+08:00" level=info msg="[GNB][SCTP] Receive message in 0 stream\n"
time="2026-08-11T20:43:47+08:00" level=info msg="[GNB][NGAP] Receive Downlink NAS Transport"
time="2026-08-11T20:43:47+08:00" level=info msg="[UE][NAS] Message without security header"
time="2026-08-11T20:43:47+08:00" level=info msg="[UE][NAS] Receive Authentication Request"
time="2026-08-11T20:43:47+08:00" level=info msg="[UE][NAS][MAC] Authenticity of the authentication request message: OK"
time="2026-08-11T20:43:47+08:00" level=info msg="[UE][NAS][SQN] SQN of the authentication request message: VALID"
time="2026-08-11T20:43:47+08:00" level=info msg="[UE][NAS] Send authentication response"
time="2026-08-11T20:43:47+08:00" level=info msg="[UE] Switched from state 1 to state 2"
time="2026-08-11T20:43:47+08:00" level=info msg="[GNB][SCTP] Receive message in 0 stream\n"
time="2026-08-11T20:43:47+08:00" level=info msg="[GNB][NGAP] Receive Downlink NAS Transport"
time="2026-08-11T20:43:47+08:00" level=info msg="[UE][NAS] Message with security header"
time="2026-08-11T20:43:47+08:00" level=info msg="[UE][NAS] Message with integrity and ciphered"
time="2026-08-11T20:43:47+08:00" level=info msg="[UE][NAS] successful NAS CIPHERING"
time="2026-08-11T20:43:47+08:00" level=info msg="[UE][NAS] successful NAS MAC verification"
time="2026-08-11T20:43:47+08:00" level=info msg="[UE][NAS] Receive Configuration Update Command"
time="2026-08-11T20:43:47+08:00" level=info msg="[UE] Initiating Configuration Update Complete"
time="2026-08-11T20:43:47+08:00" level=info msg="[GNB][SCTP] Receive message in 0 stream\n"
time="2026-08-11T20:43:47+08:00" level=info msg="[GNB][NGAP] Receive Downlink NAS Transport"
time="2026-08-11T20:43:47+08:00" level=info msg="[UE][NAS] Message without security header"
time="2026-08-11T20:43:47+08:00" level=info msg="[UE][NAS] Receive Authentication Request"
time="2026-08-11T20:43:47+08:00" level=info msg="[UE][NAS][MAC] Authenticity of the authentication request message: OK"
time="2026-08-11T20:43:47+08:00" level=info msg="[UE][NAS][SQN] SQN of the authentication request message: VALID"
time="2026-08-11T20:43:47+08:00" level=info msg="[UE][NAS] Send authentication response"
time="2026-08-11T20:43:47+08:00" level=info msg="[UE] Switched from state 1 to state 2"
time="2026-08-11T20:43:47+08:00" level=info msg="[GNB][SCTP] Receive message in 0 stream\n"
time="2026-08-11T20:43:47+08:00" level=info msg="[GNB][SCTP] Receive message in 0 stream\n"
time="2026-08-11T20:43:47+08:00" level=info msg="[GNB][NGAP] Receive Downlink NAS Transport"
time="2026-08-11T20:43:47+08:00" level=info msg="[UE][NAS] Message without security header"
time="2026-08-11T20:43:47+08:00" level=info msg="[UE][NAS] Receive Authentication Request"
time="2026-08-11T20:43:47+08:00" level=info msg="[UE][NAS][MAC] Authenticity of the authentication request message: OK"
time="2026-08-11T20:43:47+08:00" level=info msg="[UE][NAS][SQN] SQN of the authentication request message: VALID"
time="2026-08-11T20:43:47+08:00" level=info msg="[UE][NAS] Send authentication response"
time="2026-08-11T20:43:47+08:00" level=info msg="[GNB][NGAP] Receive Downlink NAS Transport"
time="2026-08-11T20:43:47+08:00" level=info msg="[UE][NAS] Message without security header"
time="2026-08-11T20:43:47+08:00" level=info msg="[UE][NAS] Receive Authentication Request"
time="2026-08-11T20:43:47+08:00" level=info msg="[UE][NAS][MAC] Authenticity of the authentication request message: OK"
time="2026-08-11T20:43:47+08:00" level=info msg="[UE][NAS][SQN] SQN of the authentication request message: VALID"
time="2026-08-11T20:43:47+08:00" level=info msg="[UE][NAS] Send authentication response"
time="2026-08-11T20:43:47+08:00" level=info msg="[UE] Switched from state 1 to state 2"
time="2026-08-11T20:43:47+08:00" level=info msg="[UE] Switched from state 1 to state 2"
time="2026-08-11T20:43:47+08:00" level=info msg="[GNB][SCTP] Receive message in 0 stream\n"
time="2026-08-11T20:43:47+08:00" level=info msg="[GNB][SCTP] Receive message in 0 stream\n"
time="2026-08-11T20:43:47+08:00" level=info msg="[GNB][NGAP] Receive Downlink NAS Transport"
time="2026-08-11T20:43:47+08:00" level=info msg="[UE][NAS] Message without security header"
time="2026-08-11T20:43:47+08:00" level=info msg="[UE][NAS] Receive Authentication Request"
time="2026-08-11T20:43:47+08:00" level=info msg="[UE][NAS][MAC] Authenticity of the authentication request message: OK"
time="2026-08-11T20:43:47+08:00" level=info msg="[UE][NAS][SQN] SQN of the authentication request message: VALID"
time="2026-08-11T20:43:47+08:00" level=info msg="[UE][NAS] Send authentication response"
time="2026-08-11T20:43:47+08:00" level=info msg="[UE] Switched from state 1 to state 2"
time="2026-08-11T20:43:47+08:00" level=info msg="[GNB][NGAP] Receive Downlink NAS Transport"
time="2026-08-11T20:43:47+08:00" level=info msg="[UE][NAS] Message with security header"
time="2026-08-11T20:43:47+08:00" level=info msg="[UE][NAS] Message with integrity and ciphered"
time="2026-08-11T20:43:47+08:00" level=info msg="[UE][NAS] successful NAS CIPHERING"
time="2026-08-11T20:43:47+08:00" level=info msg="[UE][NAS] successful NAS MAC verification"
time="2026-08-11T20:43:47+08:00" level=info msg="[UE][NAS] Receive Configuration Update Command"
time="2026-08-11T20:43:47+08:00" level=info msg="[UE] Initiating Configuration Update Complete"
time="2026-08-11T20:43:47+08:00" level=info msg="[GNB][SCTP] Receive message in 0 stream\n"
time="2026-08-11T20:43:47+08:00" level=info msg="[GNB][NGAP] Receive Initial Context Setup Request"
time="2026-08-11T20:43:47+08:00" level=info msg="[GNB][UE] UE Context was created with successful"
time="2026-08-11T20:43:47+08:00" level=info msg="[GNB][UE] UE RAN ID 20"
time="2026-08-11T20:43:47+08:00" level=info msg="[GNB][UE] UE AMF ID 19"
time="2026-08-11T20:43:47+08:00" level=info msg="[GNB][UE] UE Mobility Restrict --Plmn-- Mcc: 208 Mnc: 93"
time="2026-08-11T20:43:47+08:00" level=info msg="[GNB][UE] UE Masked Imeisv: 1110000000ffff00"
time="2026-08-11T20:43:47+08:00" level=info msg="[GNB][UE] Allowed Nssai-- Sst: [01 01] Sd: [010203 112233]"
time="2026-08-11T20:43:47+08:00" level=info msg="[GNB][NGAP][AMF] Send Initial Context Setup Response."
time="2026-08-11T20:43:47+08:00" level=info msg="[GNB] Initiating Initial Context Setup Response"
time="2026-08-11T20:43:47+08:00" level=info msg="[GNB][NGAP] No PDU Session to set up in InitialContextSetupResponse."
time="2026-08-11T20:43:47+08:00" level=info msg="[UE][NAS] Message with security header"
time="2026-08-11T20:43:47+08:00" level=info msg="[UE][NAS] Message with integrity and ciphered"
time="2026-08-11T20:43:47+08:00" level=info msg="[UE][NAS] successful NAS CIPHERING"
time="2026-08-11T20:43:47+08:00" level=info msg="[UE][NAS] successful NAS MAC verification"
time="2026-08-11T20:43:47+08:00" level=info msg="[UE][NAS] Receive Registration Accept"
time="2026-08-11T20:43:47+08:00" level=info msg="[UE][NAS] UE 5G GUTI: &{119 11 [242 2 248 57 202 254 0 0 0 0 11]}"
time="2026-08-11T20:43:47+08:00" level=info msg="[UE] Switched from state 2 to state 3"
time="2026-08-11T20:43:47+08:00" level=info msg="[GNB][SCTP] Receive message in 0 stream\n"
time="2026-08-11T20:43:47+08:00" level=info msg="[GNB][NGAP] Receive Downlink NAS Transport"
time="2026-08-11T20:43:47+08:00" level=info msg="[UE][NAS] Message with security header"
time="2026-08-11T20:43:47+08:00" level=info msg="[UE][NAS] Message with integrity and with NEW 5G NAS SECURITY CONTEXT"
time="2026-08-11T20:43:47+08:00" level=info msg="[UE][NAS] successful NAS MAC verification"
time="2026-08-11T20:43:47+08:00" level=info msg="[UE][NAS] Receive Security Mode Command"
time="2026-08-11T20:43:47+08:00" level=info msg="[UE][NAS] Type of ciphering algorithm is 5G-EA0"
time="2026-08-11T20:43:47+08:00" level=info msg="[UE][NAS] Type of integrity protection algorithm is 128-5G-IA2"
time="2026-08-11T20:43:47+08:00" level=info msg="[GNB][SCTP] Receive message in 0 stream\n"
time="2026-08-11T20:43:47+08:00" level=info msg="[GNB][NGAP] Receive Downlink NAS Transport"
time="2026-08-11T20:43:47+08:00" level=info msg="[UE][NAS] Message with security header"
time="2026-08-11T20:43:47+08:00" level=info msg="[UE][NAS] Message with integrity and with NEW 5G NAS SECURITY CONTEXT"
time="2026-08-11T20:43:47+08:00" level=info msg="[UE][NAS] successful NAS MAC verification"
time="2026-08-11T20:43:47+08:00" level=info msg="[UE][NAS] Receive Security Mode Command"
time="2026-08-11T20:43:47+08:00" level=info msg="[UE][NAS] Type of ciphering algorithm is 5G-EA0"
time="2026-08-11T20:43:47+08:00" level=info msg="[UE][NAS] Type of integrity protection algorithm is 128-5G-IA2"
time="2026-08-11T20:43:47+08:00" level=info msg="[GNB][SCTP] Receive message in 0 stream\n"
time="2026-08-11T20:43:47+08:00" level=info msg="[GNB][NGAP] Receive Downlink NAS Transport"
time="2026-08-11T20:43:47+08:00" level=info msg="[UE][NAS] Message with security header"
time="2026-08-11T20:43:47+08:00" level=info msg="[UE][NAS] Message with integrity and with NEW 5G NAS SECURITY CONTEXT"
time="2026-08-11T20:43:47+08:00" level=info msg="[UE][NAS] successful NAS MAC verification"
time="2026-08-11T20:43:47+08:00" level=info msg="[UE][NAS] Receive Security Mode Command"
time="2026-08-11T20:43:47+08:00" level=info msg="[UE][NAS] Type of ciphering algorithm is 5G-EA0"
time="2026-08-11T20:43:47+08:00" level=info msg="[UE][NAS] Type of integrity protection algorithm is 128-5G-IA2"
time="2026-08-11T20:43:47+08:00" level=info msg="[GNB][SCTP] Receive message in 0 stream\n"
time="2026-08-11T20:43:47+08:00" level=info msg="[GNB][NGAP] Receive Downlink NAS Transport"
time="2026-08-11T20:43:47+08:00" level=info msg="[UE][NAS] Message with security header"
time="2026-08-11T20:43:47+08:00" level=info msg="[UE][NAS] Message with integrity and ciphered"
time="2026-08-11T20:43:47+08:00" level=info msg="[UE][NAS] successful NAS CIPHERING"
time="2026-08-11T20:43:47+08:00" level=info msg="[UE][NAS] successful NAS MAC verification"
time="2026-08-11T20:43:47+08:00" level=info msg="[UE][NAS] Receive Configuration Update Command"
time="2026-08-11T20:43:47+08:00" level=info msg="[UE] Initiating Configuration Update Complete"
time="2026-08-11T20:43:47+08:00" level=info msg="[GNB][SCTP] Receive message in 0 stream\n"
time="2026-08-11T20:43:47+08:00" level=info msg="[GNB][NGAP] Receive Initial Context Setup Request"
time="2026-08-11T20:43:47+08:00" level=info msg="[GNB][UE] UE Context was created with successful"
time="2026-08-11T20:43:47+08:00" level=info msg="[GNB][UE] UE RAN ID 72"
time="2026-08-11T20:43:47+08:00" level=info msg="[GNB][UE] UE AMF ID 71"
time="2026-08-11T20:43:47+08:00" level=info msg="[GNB][UE] UE Mobility Restrict --Plmn-- Mcc: 208 Mnc: 93"
time="2026-08-11T20:43:47+08:00" level=info msg="[GNB][UE] UE Masked Imeisv: 1110000000ffff00"
time="2026-08-11T20:43:47+08:00" level=info msg="[GNB][UE] Allowed Nssai-- Sst: [01 01] Sd: [010203 112233]"
time="2026-08-11T20:43:47+08:00" level=info msg="[GNB][NGAP][AMF] Send Initial Context Setup Response."
time="2026-08-11T20:43:47+08:00" level=info msg="[GNB] Initiating Initial Context Setup Response"
time="2026-08-11T20:43:47+08:00" level=info msg="[GNB][NGAP] No PDU Session to set up in InitialContextSetupResponse."
time="2026-08-11T20:43:47+08:00" level=info msg="[UE][NAS] Message with security header"
time="2026-08-11T20:43:47+08:00" level=info msg="[UE][NAS] Message with integrity and ciphered"
time="2026-08-11T20:43:47+08:00" level=info msg="[UE][NAS] successful NAS CIPHERING"
time="2026-08-11T20:43:47+08:00" level=info msg="[UE][NAS] successful NAS MAC verification"
time="2026-08-11T20:43:47+08:00" level=info msg="[UE][NAS] Receive Registration Accept"
time="2026-08-11T20:43:47+08:00" level=info msg="[UE][NAS] UE 5G GUTI: &{119 11 [242 2 248 57 202 254 0 0 0 0 12]}"
time="2026-08-11T20:43:47+08:00" level=info msg="[UE] Switched from state 2 to state 3"
time="2026-08-11T20:43:47+08:00" level=info msg="[GNB][SCTP] Receive message in 0 stream\n"
time="2026-08-11T20:43:47+08:00" level=info msg="[GNB][NGAP] Receive Downlink NAS Transport"
time="2026-08-11T20:43:47+08:00" level=info msg="[UE][NAS] Message with security header"
time="2026-08-11T20:43:47+08:00" level=info msg="[UE][NAS] Message with integrity and with NEW 5G NAS SECURITY CONTEXT"
time="2026-08-11T20:43:47+08:00" level=info msg="[UE][NAS] successful NAS MAC verification"
time="2026-08-11T20:43:47+08:00" level=info msg="[UE][NAS] Receive Security Mode Command"
time="2026-08-11T20:43:47+08:00" level=info msg="[UE][NAS] Type of ciphering algorithm is 5G-EA0"
time="2026-08-11T20:43:47+08:00" level=info msg="[UE][NAS] Type of integrity protection algorithm is 128-5G-IA2"
time="2026-08-11T20:43:47+08:00" level=info msg="[GNB][SCTP] Receive message in 0 stream\n"
time="2026-08-11T20:43:47+08:00" level=info msg="[GNB][NGAP] Receive Downlink NAS Transport"
time="2026-08-11T20:43:47+08:00" level=info msg="[UE][NAS] Message with security header"
time="2026-08-11T20:43:47+08:00" level=info msg="[UE][NAS] Message with integrity and with NEW 5G NAS SECURITY CONTEXT"
time="2026-08-11T20:43:47+08:00" level=info msg="[UE][NAS] successful NAS MAC verification"
time="2026-08-11T20:43:47+08:00" level=info msg="[UE][NAS] Receive Security Mode Command"
time="2026-08-11T20:43:47+08:00" level=info msg="[UE][NAS] Type of ciphering algorithm is 5G-EA0"
time="2026-08-11T20:43:47+08:00" level=info msg="[UE][NAS] Type of integrity protection algorithm is 128-5G-IA2"
time="2026-08-11T20:43:47+08:00" level=info msg="[GNB][SCTP] Receive message in 0 stream\n"
time="2026-08-11T20:43:47+08:00" level=info msg="[GNB][NGAP] Receive Downlink NAS Transport"
time="2026-08-11T20:43:47+08:00" level=info msg="[UE][NAS] Message with security header"
time="2026-08-11T20:43:47+08:00" level=info msg="[UE][NAS] Message with integrity and with NEW 5G NAS SECURITY CONTEXT"
time="2026-08-11T20:43:47+08:00" level=info msg="[UE][NAS] successful NAS MAC verification"
time="2026-08-11T20:43:47+08:00" level=info msg="[UE][NAS] Receive Security Mode Command"
time="2026-08-11T20:43:47+08:00" level=info msg="[UE][NAS] Type of ciphering algorithm is 5G-EA0"
time="2026-08-11T20:43:47+08:00" level=info msg="[UE][NAS] Type of integrity protection algorithm is 128-5G-IA2"
time="2026-08-11T20:43:47+08:00" level=info msg="[GNB][SCTP] Receive message in 0 stream\n"
time="2026-08-11T20:43:47+08:00" level=info msg="[GNB][NGAP] Receive Downlink NAS Transport"
time="2026-08-11T20:43:47+08:00" level=info msg="[UE][NAS] Message with security header"
time="2026-08-11T20:43:47+08:00" level=info msg="[UE][NAS] Message with integrity and with NEW 5G NAS SECURITY CONTEXT"
time="2026-08-11T20:43:47+08:00" level=info msg="[UE][NAS] successful NAS MAC verification"
time="2026-08-11T20:43:47+08:00" level=info msg="[UE][NAS] Receive Security Mode Command"
time="2026-08-11T20:43:47+08:00" level=info msg="[UE][NAS] Type of ciphering algorithm is 5G-EA0"
time="2026-08-11T20:43:47+08:00" level=info msg="[UE][NAS] Type of integrity protection algorithm is 128-5G-IA2"
time="2026-08-11T20:43:47+08:00" level=info msg="[GNB][SCTP] Receive message in 0 stream\n"
time="2026-08-11T20:43:47+08:00" level=info msg="[GNB][NGAP] Receive Downlink NAS Transport"
time="2026-08-11T20:43:47+08:00" level=info msg="[UE][NAS] Message with security header"
time="2026-08-11T20:43:47+08:00" level=info msg="[UE][NAS] Message with integrity and with NEW 5G NAS SECURITY CONTEXT"
time="2026-08-11T20:43:48+08:00" level=info msg="[UE][NAS] successful NAS MAC verification"
time="2026-08-11T20:43:48+08:00" level=info msg="[UE][NAS] Receive Security Mode Command"
time="2026-08-11T20:43:48+08:00" level=info msg="[UE][NAS] Type of ciphering algorithm is 5G-EA0"
time="2026-08-11T20:43:48+08:00" level=info msg="[UE][NAS] Type of integrity protection algorithm is 128-5G-IA2"
time="2026-08-11T20:43:48+08:00" level=info msg="[GNB][SCTP] Receive message in 0 stream\n"
time="2026-08-11T20:43:48+08:00" level=info msg="[GNB][NGAP] Receive Initial Context Setup Request"
time="2026-08-11T20:43:48+08:00" level=info msg="[GNB][UE] UE Context was created with successful"
time="2026-08-11T20:43:48+08:00" level=info msg="[GNB][UE] UE RAN ID 56"
time="2026-08-11T20:43:48+08:00" level=info msg="[GNB][UE] UE AMF ID 55"
time="2026-08-11T20:43:48+08:00" level=info msg="[GNB][UE] UE Mobility Restrict --Plmn-- Mcc: 208 Mnc: 93"
time="2026-08-11T20:43:48+08:00" level=info msg="[GNB][UE] UE Masked Imeisv: 1110000000ffff00"
time="2026-08-11T20:43:48+08:00" level=info msg="[GNB][UE] Allowed Nssai-- Sst: [01 01] Sd: [010203 112233]"
time="2026-08-11T20:43:48+08:00" level=info msg="[GNB][NGAP][AMF] Send Initial Context Setup Response."
time="2026-08-11T20:43:48+08:00" level=info msg="[GNB] Initiating Initial Context Setup Response"
time="2026-08-11T20:43:48+08:00" level=info msg="[GNB][NGAP] No PDU Session to set up in InitialContextSetupResponse."
time="2026-08-11T20:43:48+08:00" level=info msg="[UE][NAS] Message with security header"
time="2026-08-11T20:43:48+08:00" level=info msg="[UE][NAS] Message with integrity and ciphered"
time="2026-08-11T20:43:48+08:00" level=info msg="[UE][NAS] successful NAS CIPHERING"
time="2026-08-11T20:43:48+08:00" level=info msg="[UE][NAS] successful NAS MAC verification"
time="2026-08-11T20:43:48+08:00" level=info msg="[UE][NAS] Receive Registration Accept"
time="2026-08-11T20:43:48+08:00" level=info msg="[UE][NAS] UE 5G GUTI: &{119 11 [242 2 248 57 202 254 0 0 0 0 13]}"
time="2026-08-11T20:43:48+08:00" level=info msg="[UE] Switched from state 2 to state 3"
time="2026-08-11T20:43:48+08:00" level=info msg="[GNB][SCTP] Receive message in 0 stream\n"
time="2026-08-11T20:43:48+08:00" level=info msg="[GNB][SCTP] Receive message in 0 stream\n"
time="2026-08-11T20:43:48+08:00" level=info msg="[GNB][NGAP] Receive Initial Context Setup Request"
time="2026-08-11T20:43:48+08:00" level=info msg="[GNB][UE] UE Context was created with successful"
time="2026-08-11T20:43:48+08:00" level=info msg="[GNB][UE] UE RAN ID 36"
time="2026-08-11T20:43:48+08:00" level=info msg="[GNB][UE] UE AMF ID 35"
time="2026-08-11T20:43:48+08:00" level=info msg="[GNB][UE] UE Mobility Restrict --Plmn-- Mcc: 208 Mnc: 93"
time="2026-08-11T20:43:48+08:00" level=info msg="[GNB][UE] UE Masked Imeisv: 1110000000ffff00"
time="2026-08-11T20:43:48+08:00" level=info msg="[GNB][UE] Allowed Nssai-- Sst: [01 01] Sd: [010203 112233]"
time="2026-08-11T20:43:48+08:00" level=info msg="[GNB][NGAP][AMF] Send Initial Context Setup Response."
time="2026-08-11T20:43:48+08:00" level=info msg="[GNB] Initiating Initial Context Setup Response"
time="2026-08-11T20:43:48+08:00" level=info msg="[GNB][NGAP] No PDU Session to set up in InitialContextSetupResponse."
time="2026-08-11T20:43:48+08:00" level=info msg="[GNB][SCTP] Receive message in 0 stream\n"
time="2026-08-11T20:43:48+08:00" level=info msg="[GNB][SCTP] Receive message in 0 stream\n"
time="2026-08-11T20:43:48+08:00" level=info msg="[GNB][SCTP] Receive message in 0 stream\n"
time="2026-08-11T20:43:48+08:00" level=info msg="[UE][NAS] Message with security header"
time="2026-08-11T20:43:48+08:00" level=info msg="[UE][NAS] Message with integrity and ciphered"
time="2026-08-11T20:43:48+08:00" level=info msg="[UE][NAS] successful NAS CIPHERING"
time="2026-08-11T20:43:48+08:00" level=info msg="[UE][NAS] successful NAS MAC verification"
time="2026-08-11T20:43:48+08:00" level=info msg="[UE][NAS] Receive Registration Accept"
time="2026-08-11T20:43:48+08:00" level=info msg="[UE][NAS] UE 5G GUTI: &{119 11 [242 2 248 57 202 254 0 0 0 1 166]}"
time="2026-08-11T20:43:48+08:00" level=info msg="[GNB][NGAP] Receive Initial Context Setup Request"
time="2026-08-11T20:43:48+08:00" level=info msg="[GNB][UE] UE Context was created with successful"
time="2026-08-11T20:43:48+08:00" level=info msg="[GNB][NGAP] Receive Downlink NAS Transport"
time="2026-08-11T20:43:48+08:00" level=info msg="[UE][NAS] Message with security header"
time="2026-08-11T20:43:48+08:00" level=info msg="[UE][NAS] Message with integrity and ciphered"
time="2026-08-11T20:43:48+08:00" level=info msg="[UE][NAS] successful NAS CIPHERING"
time="2026-08-11T20:43:48+08:00" level=info msg="[UE][NAS] successful NAS MAC verification"
time="2026-08-11T20:43:48+08:00" level=info msg="[UE][NAS] Receive Configuration Update Command"
time="2026-08-11T20:43:48+08:00" level=info msg="[UE] Initiating Configuration Update Complete"
time="2026-08-11T20:43:48+08:00" level=info msg="[GNB][UE] UE RAN ID 61"
time="2026-08-11T20:43:48+08:00" level=info msg="[GNB][UE] UE AMF ID 60"
time="2026-08-11T20:43:48+08:00" level=info msg="[GNB][UE] UE Mobility Restrict --Plmn-- Mcc: 208 Mnc: 93"
time="2026-08-11T20:43:48+08:00" level=info msg="[GNB][UE] UE Masked Imeisv: 1110000000ffff00"
time="2026-08-11T20:43:48+08:00" level=info msg="[GNB][UE] Allowed Nssai-- Sst: [01 01] Sd: [010203 112233]"
time="2026-08-11T20:43:48+08:00" level=info msg="[GNB][NGAP][AMF] Send Initial Context Setup Response."
time="2026-08-11T20:43:48+08:00" level=info msg="[GNB] Initiating Initial Context Setup Response"
time="2026-08-11T20:43:48+08:00" level=info msg="[GNB][NGAP] No PDU Session to set up in InitialContextSetupResponse."
time="2026-08-11T20:43:48+08:00" level=info msg="[GNB][NGAP] Receive Downlink NAS Transport"
time="2026-08-11T20:43:48+08:00" level=info msg="[UE][NAS] Message with security header"
time="2026-08-11T20:43:48+08:00" level=info msg="[UE][NAS] Message with integrity and ciphered"
time="2026-08-11T20:43:48+08:00" level=info msg="[UE][NAS] successful NAS CIPHERING"
time="2026-08-11T20:43:48+08:00" level=info msg="[UE][NAS] successful NAS MAC verification"
time="2026-08-11T20:43:48+08:00" level=info msg="[UE][NAS] Receive Configuration Update Command"
time="2026-08-11T20:43:48+08:00" level=info msg="[UE] Initiating Configuration Update Complete"
time="2026-08-11T20:43:48+08:00" level=info msg="[UE][NAS] Message with security header"
time="2026-08-11T20:43:48+08:00" level=info msg="[UE][NAS] Message with integrity and ciphered"
time="2026-08-11T20:43:48+08:00" level=info msg="[UE][NAS] successful NAS CIPHERING"
time="2026-08-11T20:43:48+08:00" level=info msg="[UE][NAS] successful NAS MAC verification"
time="2026-08-11T20:43:48+08:00" level=info msg="[UE][NAS] Receive Registration Accept"
time="2026-08-11T20:43:48+08:00" level=info msg="[UE][NAS] UE 5G GUTI: &{119 11 [242 2 248 57 202 254 0 0 0 0 24]}"
time="2026-08-11T20:43:48+08:00" level=info msg="[UE] Switched from state 2 to state 3"
time="2026-08-11T20:43:48+08:00" level=info msg="[GNB][SCTP] Receive message in 0 stream\n"
time="2026-08-11T20:43:48+08:00" level=info msg="[GNB][NGAP] Receive Downlink NAS Transport"
time="2026-08-11T20:43:48+08:00" level=info msg="[UE][NAS] Message with security header"
time="2026-08-11T20:43:48+08:00" level=info msg="[UE][NAS] Message with integrity and ciphered"
time="2026-08-11T20:43:48+08:00" level=info msg="[UE][NAS] successful NAS CIPHERING"
time="2026-08-11T20:43:48+08:00" level=info msg="[UE][NAS] successful NAS MAC verification"
time="2026-08-11T20:43:48+08:00" level=info msg="[UE][NAS] Receive Configuration Update Command"
time="2026-08-11T20:43:48+08:00" level=info msg="[UE] Initiating Configuration Update Complete"
time="2026-08-11T20:43:48+08:00" level=info msg="[GNB][SCTP] Receive message in 0 stream\n"
time="2026-08-11T20:43:48+08:00" level=info msg="[GNB][NGAP] Receive Downlink NAS Transport"
time="2026-08-11T20:43:48+08:00" level=info msg="[GNB][SCTP] Receive message in 0 stream\n"
time="2026-08-11T20:43:48+08:00" level=info msg="[GNB][NGAP] Receive Initial Context Setup Request"
time="2026-08-11T20:43:48+08:00" level=info msg="[GNB][UE] UE Context was created with successful"
time="2026-08-11T20:43:48+08:00" level=info msg="[GNB][UE] UE RAN ID 41"
time="2026-08-11T20:43:48+08:00" level=info msg="[GNB][UE] UE AMF ID 40"
time="2026-08-11T20:43:48+08:00" level=info msg="[GNB][UE] UE Mobility Restrict --Plmn-- Mcc: 208 Mnc: 93"
time="2026-08-11T20:43:48+08:00" level=info msg="[GNB][UE] UE Masked Imeisv: 1110000000ffff00"
time="2026-08-11T20:43:48+08:00" level=info msg="[GNB][UE] Allowed Nssai-- Sst: [01 01] Sd: [010203 112233]"
time="2026-08-11T20:43:48+08:00" level=info msg="[GNB][NGAP][AMF] Send Initial Context Setup Response."
time="2026-08-11T20:43:48+08:00" level=info msg="[GNB] Initiating Initial Context Setup Response"
time="2026-08-11T20:43:48+08:00" level=info msg="[GNB][NGAP] No PDU Session to set up in InitialContextSetupResponse."
time="2026-08-11T20:43:48+08:00" level=info msg="[UE][NAS] Message with security header"
time="2026-08-11T20:43:48+08:00" level=info msg="[UE][NAS] Message with integrity and ciphered"
time="2026-08-11T20:43:48+08:00" level=info msg="[UE][NAS] successful NAS CIPHERING"
time="2026-08-11T20:43:48+08:00" level=info msg="[UE][NAS] successful NAS MAC verification"
time="2026-08-11T20:43:48+08:00" level=info msg="[UE][NAS] Receive Registration Accept"
time="2026-08-11T20:43:48+08:00" level=info msg="[UE][NAS] UE 5G GUTI: &{119 11 [242 2 248 57 202 254 0 0 0 1 162]}"
time="2026-08-11T20:43:48+08:00" level=info msg="[GNB][NGAP] Receive Downlink NAS Transport"
time="2026-08-11T20:43:48+08:00" level=info msg="[UE][NAS] Message with security header"
time="2026-08-11T20:43:48+08:00" level=info msg="[UE][NAS] Message with integrity and ciphered"
time="2026-08-11T20:43:48+08:00" level=info msg="[UE][NAS] successful NAS CIPHERING"
time="2026-08-11T20:43:48+08:00" level=info msg="[UE][NAS] successful NAS MAC verification"
time="2026-08-11T20:43:48+08:00" level=info msg="[UE][NAS] Receive Configuration Update Command"
time="2026-08-11T20:43:48+08:00" level=info msg="[UE] Initiating Configuration Update Complete"
time="2026-08-11T20:43:48+08:00" level=info msg="[UE] Switched from state 2 to state 3"
time="2026-08-11T20:43:48+08:00" level=info msg="[UE][NAS] Message with security header"
time="2026-08-11T20:43:48+08:00" level=info msg="[UE][NAS] Message with integrity and with NEW 5G NAS SECURITY CONTEXT"
time="2026-08-11T20:43:48+08:00" level=info msg="[UE][NAS] successful NAS MAC verification"
time="2026-08-11T20:43:48+08:00" level=info msg="[UE][NAS] Receive Security Mode Command"
time="2026-08-11T20:43:48+08:00" level=info msg="[UE][NAS] Type of ciphering algorithm is 5G-EA0"
time="2026-08-11T20:43:48+08:00" level=info msg="[UE][NAS] Type of integrity protection algorithm is 128-5G-IA2"
time="2026-08-11T20:43:48+08:00" level=info msg="[UE] Switched from state 2 to state 3"
time="2026-08-11T20:43:48+08:00" level=info msg="[GNB][SCTP] Receive message in 0 stream\n"
time="2026-08-11T20:43:48+08:00" level=info msg="[GNB][NGAP] Receive Downlink NAS Transport"
time="2026-08-11T20:43:48+08:00" level=info msg="[UE][NAS] Message without security header"
time="2026-08-11T20:43:48+08:00" level=info msg="[UE][NAS] Receive Authentication Request"
time="2026-08-11T20:43:48+08:00" level=info msg="[UE][NAS][MAC] Authenticity of the authentication request message: OK"
time="2026-08-11T20:43:48+08:00" level=info msg="[UE][NAS][SQN] SQN of the authentication request message: VALID"
time="2026-08-11T20:43:48+08:00" level=info msg="[UE][NAS] Send authentication response"
time="2026-08-11T20:43:48+08:00" level=info msg="[UE] Switched from state 1 to state 2"
time="2026-08-11T20:43:48+08:00" level=info msg="[GNB][SCTP] Receive message in 0 stream\n"
time="2026-08-11T20:43:48+08:00" level=info msg="[GNB][NGAP] Receive Downlink NAS Transport"
time="2026-08-11T20:43:48+08:00" level=info msg="[UE][NAS] Message with security header"
time="2026-08-11T20:43:48+08:00" level=info msg="[UE][NAS] Message with integrity and ciphered"
time="2026-08-11T20:43:48+08:00" level=info msg="[UE][NAS] successful NAS CIPHERING"
time="2026-08-11T20:43:48+08:00" level=info msg="[UE][NAS] successful NAS MAC verification"
time="2026-08-11T20:43:48+08:00" level=info msg="[UE][NAS] Receive Configuration Update Command"
time="2026-08-11T20:43:48+08:00" level=info msg="[UE] Initiating Configuration Update Complete"
time="2026-08-11T20:43:48+08:00" level=info msg="[GNB][SCTP] Receive message in 0 stream\n"
time="2026-08-11T20:43:48+08:00" level=info msg="[GNB][SCTP] Receive message in 0 stream\n"
time="2026-08-11T20:43:48+08:00" level=info msg="[GNB][NGAP] Receive Downlink NAS Transport"
time="2026-08-11T20:43:48+08:00" level=info msg="[UE][NAS] Message with security header"
time="2026-08-11T20:43:48+08:00" level=info msg="[UE][NAS] Message with integrity and with NEW 5G NAS SECURITY CONTEXT"
time="2026-08-11T20:43:48+08:00" level=info msg="[UE][NAS] successful NAS MAC verification"
time="2026-08-11T20:43:48+08:00" level=info msg="[UE][NAS] Receive Security Mode Command"
time="2026-08-11T20:43:48+08:00" level=info msg="[UE][NAS] Type of ciphering algorithm is 5G-EA0"
time="2026-08-11T20:43:48+08:00" level=info msg="[UE][NAS] Type of integrity protection algorithm is 128-5G-IA2"
time="2026-08-11T20:43:48+08:00" level=info msg="[GNB][NGAP] Receive Downlink NAS Transport"
time="2026-08-11T20:43:48+08:00" level=info msg="[UE][NAS] Message with security header"
time="2026-08-11T20:43:48+08:00" level=info msg="[UE][NAS] Message with integrity and with NEW 5G NAS SECURITY CONTEXT"
time="2026-08-11T20:43:48+08:00" level=info msg="[UE][NAS] successful NAS MAC verification"
time="2026-08-11T20:43:48+08:00" level=info msg="[UE][NAS] Receive Security Mode Command"
time="2026-08-11T20:43:48+08:00" level=info msg="[UE][NAS] Type of ciphering algorithm is 5G-EA0"
time="2026-08-11T20:43:48+08:00" level=info msg="[UE][NAS] Type of integrity protection algorithm is 128-5G-IA2"
time="2026-08-11T20:43:48+08:00" level=info msg="[GNB][SCTP] Receive message in 0 stream\n"
time="2026-08-11T20:43:48+08:00" level=info msg="[GNB][NGAP] Receive Initial Context Setup Request"
time="2026-08-11T20:43:48+08:00" level=info msg="[GNB][UE] UE Context was created with successful"
time="2026-08-11T20:43:48+08:00" level=info msg="[GNB][UE] UE RAN ID 55"
time="2026-08-11T20:43:48+08:00" level=info msg="[GNB][UE] UE AMF ID 54"
time="2026-08-11T20:43:48+08:00" level=info msg="[GNB][UE] UE Mobility Restrict --Plmn-- Mcc: 208 Mnc: 93"
time="2026-08-11T20:43:48+08:00" level=info msg="[GNB][UE] UE Masked Imeisv: 1110000000ffff00"
time="2026-08-11T20:43:48+08:00" level=info msg="[GNB][UE] Allowed Nssai-- Sst: [01 01] Sd: [010203 112233]"
time="2026-08-11T20:43:48+08:00" level=info msg="[GNB][NGAP][AMF] Send Initial Context Setup Response."
time="2026-08-11T20:43:48+08:00" level=info msg="[GNB] Initiating Initial Context Setup Response"
time="2026-08-11T20:43:48+08:00" level=info msg="[GNB][NGAP] No PDU Session to set up in InitialContextSetupResponse."
time="2026-08-11T20:43:48+08:00" level=info msg="[UE][NAS] Message with security header"
time="2026-08-11T20:43:48+08:00" level=info msg="[UE][NAS] Message with integrity and ciphered"
time="2026-08-11T20:43:48+08:00" level=info msg="[UE][NAS] successful NAS CIPHERING"
time="2026-08-11T20:43:48+08:00" level=info msg="[UE][NAS] successful NAS MAC verification"
time="2026-08-11T20:43:48+08:00" level=info msg="[UE][NAS] Receive Registration Accept"
time="2026-08-11T20:43:48+08:00" level=info msg="[UE][NAS] UE 5G GUTI: &{119 11 [242 2 248 57 202 254 0 0 0 0 14]}"
time="2026-08-11T20:43:48+08:00" level=info msg="[UE] Switched from state 2 to state 3"
time="2026-08-11T20:43:48+08:00" level=info msg="[GNB][SCTP] Receive message in 0 stream\n"
time="2026-08-11T20:43:48+08:00" level=info msg="[GNB][NGAP] Receive Initial Context Setup Request"
time="2026-08-11T20:43:48+08:00" level=info msg="[GNB][UE] UE Context was created with successful"
time="2026-08-11T20:43:48+08:00" level=info msg="[GNB][UE] UE RAN ID 46"
time="2026-08-11T20:43:48+08:00" level=info msg="[GNB][UE] UE AMF ID 45"
time="2026-08-11T20:43:48+08:00" level=info msg="[GNB][UE] UE Mobility Restrict --Plmn-- Mcc: 208 Mnc: 93"
time="2026-08-11T20:43:48+08:00" level=info msg="[GNB][UE] UE Masked Imeisv: 1110000000ffff00"
time="2026-08-11T20:43:48+08:00" level=info msg="[GNB][UE] Allowed Nssai-- Sst: [01 01] Sd: [010203 112233]"
time="2026-08-11T20:43:48+08:00" level=info msg="[GNB][NGAP][AMF] Send Initial Context Setup Response."
time="2026-08-11T20:43:48+08:00" level=info msg="[GNB] Initiating Initial Context Setup Response"
time="2026-08-11T20:43:48+08:00" level=info msg="[GNB][NGAP] No PDU Session to set up in InitialContextSetupResponse."
time="2026-08-11T20:43:48+08:00" level=info msg="[UE][NAS] Message with security header"
time="2026-08-11T20:43:48+08:00" level=info msg="[UE][NAS] Message with integrity and ciphered"
time="2026-08-11T20:43:48+08:00" level=info msg="[UE][NAS] successful NAS CIPHERING"
time="2026-08-11T20:43:48+08:00" level=info msg="[UE][NAS] successful NAS MAC verification"
time="2026-08-11T20:43:48+08:00" level=info msg="[UE][NAS] Receive Registration Accept"
time="2026-08-11T20:43:48+08:00" level=info msg="[UE][NAS] UE 5G GUTI: &{119 11 [242 2 248 57 202 254 0 0 0 0 9]}"
time="2026-08-11T20:43:48+08:00" level=info msg="[UE] Switched from state 2 to state 3"
time="2026-08-11T20:43:48+08:00" level=info msg="[GNB][SCTP] Receive message in 0 stream\n"
time="2026-08-11T20:43:48+08:00" level=info msg="[GNB][NGAP] Receive Downlink NAS Transport"
time="2026-08-11T20:43:48+08:00" level=info msg="[UE][NAS] Message without security header"
time="2026-08-11T20:43:48+08:00" level=info msg="[UE][NAS] Receive Authentication Request"
time="2026-08-11T20:43:48+08:00" level=info msg="[UE][NAS][MAC] Authenticity of the authentication request message: OK"
time="2026-08-11T20:43:48+08:00" level=info msg="[UE][NAS][SQN] SQN of the authentication request message: VALID"
time="2026-08-11T20:43:48+08:00" level=info msg="[UE][NAS] Send authentication response"
time="2026-08-11T20:43:48+08:00" level=info msg="[UE] Switched from state 1 to state 2"
time="2026-08-11T20:43:48+08:00" level=info msg="[GNB][SCTP] Receive message in 0 stream\n"
time="2026-08-11T20:43:48+08:00" level=info msg="[GNB][SCTP] Receive message in 0 stream\n"
time="2026-08-11T20:43:48+08:00" level=info msg="[GNB][NGAP] Receive Downlink NAS Transport"
time="2026-08-11T20:43:48+08:00" level=info msg="[UE][NAS] Message with security header"
time="2026-08-11T20:43:48+08:00" level=info msg="[UE][NAS] Message with integrity and with NEW 5G NAS SECURITY CONTEXT"
time="2026-08-11T20:43:48+08:00" level=info msg="[UE][NAS] successful NAS MAC verification"
time="2026-08-11T20:43:48+08:00" level=info msg="[UE][NAS] Receive Security Mode Command"
time="2026-08-11T20:43:48+08:00" level=info msg="[UE][NAS] Type of ciphering algorithm is 5G-EA0"
time="2026-08-11T20:43:48+08:00" level=info msg="[UE][NAS] Type of integrity protection algorithm is 128-5G-IA2"
time="2026-08-11T20:43:48+08:00" level=info msg="[GNB][NGAP] Receive Downlink NAS Transport"
time="2026-08-11T20:43:48+08:00" level=info msg="[UE][NAS] Message with security header"
time="2026-08-11T20:43:48+08:00" level=info msg="[UE][NAS] Message with integrity and with NEW 5G NAS SECURITY CONTEXT"
time="2026-08-11T20:43:48+08:00" level=info msg="[UE][NAS] successful NAS MAC verification"
time="2026-08-11T20:43:48+08:00" level=info msg="[UE][NAS] Receive Security Mode Command"
time="2026-08-11T20:43:48+08:00" level=info msg="[UE][NAS] Type of ciphering algorithm is 5G-EA0"
time="2026-08-11T20:43:48+08:00" level=info msg="[UE][NAS] Type of integrity protection algorithm is 128-5G-IA2"
time="2026-08-11T20:43:48+08:00" level=info msg="[GNB][SCTP] Receive message in 0 stream\n"
time="2026-08-11T20:43:48+08:00" level=info msg="[GNB][NGAP] Receive Downlink NAS Transport"
time="2026-08-11T20:43:48+08:00" level=info msg="[UE][NAS] Message with security header"
time="2026-08-11T20:43:48+08:00" level=info msg="[UE][NAS] Message with integrity and ciphered"
time="2026-08-11T20:43:48+08:00" level=info msg="[UE][NAS] successful NAS CIPHERING"
time="2026-08-11T20:43:48+08:00" level=info msg="[UE][NAS] successful NAS MAC verification"
time="2026-08-11T20:43:48+08:00" level=info msg="[UE][NAS] Receive Configuration Update Command"
time="2026-08-11T20:43:48+08:00" level=info msg="[UE] Initiating Configuration Update Complete"
time="2026-08-11T20:43:48+08:00" level=info msg="[GNB][SCTP] Receive message in 0 stream\n"
time="2026-08-11T20:43:48+08:00" level=info msg="[GNB][NGAP] Receive Downlink NAS Transport"
time="2026-08-11T20:43:48+08:00" level=info msg="[UE][NAS] Message with security header"
time="2026-08-11T20:43:48+08:00" level=info msg="[UE][NAS] Message with integrity and ciphered"
time="2026-08-11T20:43:48+08:00" level=info msg="[UE][NAS] successful NAS CIPHERING"
time="2026-08-11T20:43:48+08:00" level=info msg="[UE][NAS] successful NAS MAC verification"
time="2026-08-11T20:43:48+08:00" level=info msg="[UE][NAS] Receive Configuration Update Command"
time="2026-08-11T20:43:48+08:00" level=info msg="[UE] Initiating Configuration Update Complete"
time="2026-08-11T20:43:48+08:00" level=info msg="[GNB][SCTP] Receive message in 0 stream\n"
time="2026-08-11T20:43:48+08:00" level=info msg="[GNB][NGAP] Receive Downlink NAS Transport"
time="2026-08-11T20:43:48+08:00" level=info msg="[UE][NAS] Message with security header"
time="2026-08-11T20:43:48+08:00" level=info msg="[UE][NAS] Message with integrity and with NEW 5G NAS SECURITY CONTEXT"
time="2026-08-11T20:43:48+08:00" level=info msg="[UE][NAS] successful NAS MAC verification"
time="2026-08-11T20:43:48+08:00" level=info msg="[UE][NAS] Receive Security Mode Command"
time="2026-08-11T20:43:48+08:00" level=info msg="[UE][NAS] Type of ciphering algorithm is 5G-EA0"
time="2026-08-11T20:43:48+08:00" level=info msg="[UE][NAS] Type of integrity protection algorithm is 128-5G-IA2"
time="2026-08-11T20:43:48+08:00" level=info msg="[GNB][SCTP] Receive message in 0 stream\n"
time="2026-08-11T20:43:48+08:00" level=info msg="[GNB][NGAP] Receive Downlink NAS Transport"
time="2026-08-11T20:43:48+08:00" level=info msg="[UE][NAS] Message without security header"
time="2026-08-11T20:43:48+08:00" level=info msg="[UE][NAS] Receive Authentication Request"
time="2026-08-11T20:43:48+08:00" level=info msg="[UE][NAS][MAC] Authenticity of the authentication request message: OK"
time="2026-08-11T20:43:48+08:00" level=info msg="[UE][NAS][SQN] SQN of the authentication request message: VALID"
time="2026-08-11T20:43:48+08:00" level=info msg="[UE][NAS] Send authentication response"
time="2026-08-11T20:43:48+08:00" level=info msg="[UE] Switched from state 1 to state 2"
time="2026-08-11T20:43:48+08:00" level=info msg="[GNB][SCTP] Receive message in 0 stream\n"
time="2026-08-11T20:43:48+08:00" level=info msg="[GNB][NGAP] Receive Downlink NAS Transport"
time="2026-08-11T20:43:48+08:00" level=info msg="[UE][NAS] Message with security header"
time="2026-08-11T20:43:48+08:00" level=info msg="[UE][NAS] Message with integrity and with NEW 5G NAS SECURITY CONTEXT"
time="2026-08-11T20:43:48+08:00" level=info msg="[UE][NAS] successful NAS MAC verification"
time="2026-08-11T20:43:48+08:00" level=info msg="[UE][NAS] Receive Security Mode Command"
time="2026-08-11T20:43:48+08:00" level=info msg="[UE][NAS] Type of ciphering algorithm is 5G-EA0"
time="2026-08-11T20:43:48+08:00" level=info msg="[UE][NAS] Type of integrity protection algorithm is 128-5G-IA2"
time="2026-08-11T20:43:48+08:00" level=info msg="[GNB][SCTP] Receive message in 0 stream\n"
time="2026-08-11T20:43:48+08:00" level=info msg="[GNB][NGAP] Receive Downlink NAS Transport"
time="2026-08-11T20:43:48+08:00" level=info msg="[UE][NAS] Message with security header"
time="2026-08-11T20:43:48+08:00" level=info msg="[UE][NAS] Message with integrity and ciphered"
time="2026-08-11T20:43:48+08:00" level=info msg="[UE][NAS] successful NAS CIPHERING"
time="2026-08-11T20:43:48+08:00" level=info msg="[UE][NAS] successful NAS MAC verification"
time="2026-08-11T20:43:48+08:00" level=info msg="[UE][NAS] Receive Configuration Update Command"
time="2026-08-11T20:43:48+08:00" level=info msg="[UE] Initiating Configuration Update Complete"
time="2026-08-11T20:43:48+08:00" level=info msg="[GNB][SCTP] Receive message in 0 stream\n"
time="2026-08-11T20:43:48+08:00" level=info msg="[GNB][NGAP] Receive Downlink NAS Transport"
time="2026-08-11T20:43:48+08:00" level=info msg="[UE][NAS] Message with security header"
time="2026-08-11T20:43:48+08:00" level=info msg="[UE][NAS] Message with integrity and with NEW 5G NAS SECURITY CONTEXT"
time="2026-08-11T20:43:48+08:00" level=info msg="[UE][NAS] successful NAS MAC verification"
time="2026-08-11T20:43:48+08:00" level=info msg="[UE][NAS] Receive Security Mode Command"
time="2026-08-11T20:43:48+08:00" level=info msg="[UE][NAS] Type of ciphering algorithm is 5G-EA0"
time="2026-08-11T20:43:48+08:00" level=info msg="[UE][NAS] Type of integrity protection algorithm is 128-5G-IA2"
time="2026-08-11T20:43:48+08:00" level=info msg="[GNB][SCTP] Receive message in 0 stream\n"
time="2026-08-11T20:43:48+08:00" level=info msg="[GNB][NGAP] Receive Initial Context Setup Request"
time="2026-08-11T20:43:48+08:00" level=info msg="[GNB][UE] UE Context was created with successful"
time="2026-08-11T20:43:48+08:00" level=info msg="[GNB][UE] UE RAN ID 42"
time="2026-08-11T20:43:48+08:00" level=info msg="[GNB][UE] UE AMF ID 41"
time="2026-08-11T20:43:48+08:00" level=info msg="[GNB][UE] UE Mobility Restrict --Plmn-- Mcc: 208 Mnc: 93"
time="2026-08-11T20:43:48+08:00" level=info msg="[GNB][UE] UE Masked Imeisv: 1110000000ffff00"
time="2026-08-11T20:43:48+08:00" level=info msg="[GNB][UE] Allowed Nssai-- Sst: [01 01] Sd: [010203 112233]"
time="2026-08-11T20:43:48+08:00" level=info msg="[GNB][NGAP][AMF] Send Initial Context Setup Response."
time="2026-08-11T20:43:48+08:00" level=info msg="[GNB] Initiating Initial Context Setup Response"
time="2026-08-11T20:43:48+08:00" level=info msg="[GNB][NGAP] No PDU Session to set up in InitialContextSetupResponse."
time="2026-08-11T20:43:48+08:00" level=info msg="[UE][NAS] Message with security header"
time="2026-08-11T20:43:48+08:00" level=info msg="[UE][NAS] Message with integrity and ciphered"
time="2026-08-11T20:43:48+08:00" level=info msg="[UE][NAS] successful NAS CIPHERING"
time="2026-08-11T20:43:48+08:00" level=info msg="[UE][NAS] successful NAS MAC verification"
time="2026-08-11T20:43:48+08:00" level=info msg="[UE][NAS] Receive Registration Accept"
time="2026-08-11T20:43:48+08:00" level=info msg="[UE][NAS] UE 5G GUTI: &{119 11 [242 2 248 57 202 254 0 0 0 1 167]}"
time="2026-08-11T20:43:48+08:00" level=info msg="[UE] Switched from state 2 to state 3"
time="2026-08-11T20:43:48+08:00" level=info msg="[GNB][SCTP] Receive message in 0 stream\n"
time="2026-08-11T20:43:48+08:00" level=info msg="[GNB][NGAP] Receive Initial Context Setup Request"
time="2026-08-11T20:43:48+08:00" level=info msg="[GNB][UE] UE Context was created with successful"
time="2026-08-11T20:43:48+08:00" level=info msg="[GNB][UE] UE RAN ID 37"
time="2026-08-11T20:43:48+08:00" level=info msg="[GNB][UE] UE AMF ID 36"
time="2026-08-11T20:43:48+08:00" level=info msg="[GNB][UE] UE Mobility Restrict --Plmn-- Mcc: 208 Mnc: 93"
time="2026-08-11T20:43:48+08:00" level=info msg="[GNB][UE] UE Masked Imeisv: 1110000000ffff00"
time="2026-08-11T20:43:48+08:00" level=info msg="[GNB][UE] Allowed Nssai-- Sst: [01 01] Sd: [010203 112233]"
time="2026-08-11T20:43:48+08:00" level=info msg="[GNB][NGAP][AMF] Send Initial Context Setup Response."
time="2026-08-11T20:43:48+08:00" level=info msg="[GNB] Initiating Initial Context Setup Response"
time="2026-08-11T20:43:48+08:00" level=info msg="[GNB][NGAP] No PDU Session to set up in InitialContextSetupResponse."
time="2026-08-11T20:43:48+08:00" level=info msg="[UE][NAS] Message with security header"
time="2026-08-11T20:43:48+08:00" level=info msg="[UE][NAS] Message with integrity and ciphered"
time="2026-08-11T20:43:48+08:00" level=info msg="[UE][NAS] successful NAS CIPHERING"
time="2026-08-11T20:43:48+08:00" level=info msg="[UE][NAS] successful NAS MAC verification"
time="2026-08-11T20:43:48+08:00" level=info msg="[UE][NAS] Receive Registration Accept"
time="2026-08-11T20:43:48+08:00" level=info msg="[UE][NAS] UE 5G GUTI: &{119 11 [242 2 248 57 202 254 0 0 0 1 159]}"
time="2026-08-11T20:43:48+08:00" level=info msg="[UE] Switched from state 2 to state 3"
time="2026-08-11T20:43:48+08:00" level=info msg="[GNB][SCTP] Receive message in 0 stream\n"
time="2026-08-11T20:43:48+08:00" level=info msg="[GNB][NGAP] Receive Downlink NAS Transport"
time="2026-08-11T20:43:48+08:00" level=info msg="[UE][NAS] Message with security header"
time="2026-08-11T20:43:48+08:00" level=info msg="[UE][NAS] Message with integrity and ciphered"
time="2026-08-11T20:43:48+08:00" level=info msg="[UE][NAS] successful NAS CIPHERING"
time="2026-08-11T20:43:48+08:00" level=info msg="[UE][NAS] successful NAS MAC verification"
time="2026-08-11T20:43:48+08:00" level=info msg="[UE][NAS] Receive Configuration Update Command"
time="2026-08-11T20:43:48+08:00" level=info msg="[UE] Initiating Configuration Update Complete"
time="2026-08-11T20:43:48+08:00" level=info msg="[GNB][SCTP] Receive message in 0 stream\n"
time="2026-08-11T20:43:48+08:00" level=info msg="[GNB][NGAP] Receive Downlink NAS Transport"
time="2026-08-11T20:43:48+08:00" level=info msg="[UE][NAS] Message without security header"
time="2026-08-11T20:43:48+08:00" level=info msg="[UE][NAS] Receive Authentication Request"
time="2026-08-11T20:43:48+08:00" level=info msg="[UE][NAS][MAC] Authenticity of the authentication request message: OK"
time="2026-08-11T20:43:48+08:00" level=info msg="[UE][NAS][SQN] SQN of the authentication request message: VALID"
time="2026-08-11T20:43:48+08:00" level=info msg="[UE][NAS] Send authentication response"
time="2026-08-11T20:43:48+08:00" level=info msg="[UE] Switched from state 1 to state 2"
time="2026-08-11T20:43:48+08:00" level=info msg="[GNB][SCTP] Receive message in 0 stream\n"
time="2026-08-11T20:43:48+08:00" level=info msg="[GNB][NGAP] Receive Downlink NAS Transport"
time="2026-08-11T20:43:48+08:00" level=info msg="[UE][NAS] Message without security header"
time="2026-08-11T20:43:48+08:00" level=info msg="[UE][NAS] Receive Authentication Request"
time="2026-08-11T20:43:48+08:00" level=info msg="[UE][NAS][MAC] Authenticity of the authentication request message: OK"
time="2026-08-11T20:43:48+08:00" level=info msg="[UE][NAS][SQN] SQN of the authentication request message: VALID"
time="2026-08-11T20:43:48+08:00" level=info msg="[UE][NAS] Send authentication response"
time="2026-08-11T20:43:48+08:00" level=info msg="[UE] Switched from state 1 to state 2"
time="2026-08-11T20:43:48+08:00" level=info msg="[GNB][SCTP] Receive message in 0 stream\n"
time="2026-08-11T20:43:48+08:00" level=info msg="[GNB][NGAP] Receive Downlink NAS Transport"
time="2026-08-11T20:43:48+08:00" level=info msg="[UE][NAS] Message with security header"
time="2026-08-11T20:43:48+08:00" level=info msg="[UE][NAS] Message with integrity and ciphered"
time="2026-08-11T20:43:48+08:00" level=info msg="[UE][NAS] successful NAS CIPHERING"
time="2026-08-11T20:43:48+08:00" level=info msg="[UE][NAS] successful NAS MAC verification"
time="2026-08-11T20:43:48+08:00" level=info msg="[UE][NAS] Receive Configuration Update Command"
time="2026-08-11T20:43:48+08:00" level=info msg="[UE] Initiating Configuration Update Complete"
time="2026-08-11T20:43:48+08:00" level=info msg="[GNB][SCTP] Receive message in 0 stream\n"
time="2026-08-11T20:43:48+08:00" level=info msg="[GNB][NGAP] Receive Downlink NAS Transport"
time="2026-08-11T20:43:48+08:00" level=info msg="[UE][NAS] Message with security header"
time="2026-08-11T20:43:48+08:00" level=info msg="[UE][NAS] Message with integrity and with NEW 5G NAS SECURITY CONTEXT"
time="2026-08-11T20:43:48+08:00" level=info msg="[UE][NAS] successful NAS MAC verification"
time="2026-08-11T20:43:48+08:00" level=info msg="[UE][NAS] Receive Security Mode Command"
time="2026-08-11T20:43:48+08:00" level=info msg="[UE][NAS] Type of ciphering algorithm is 5G-EA0"
time="2026-08-11T20:43:48+08:00" level=info msg="[UE][NAS] Type of integrity protection algorithm is 128-5G-IA2"
time="2026-08-11T20:43:48+08:00" level=info msg="[GNB][SCTP] Receive message in 0 stream\n"
time="2026-08-11T20:43:48+08:00" level=info msg="[GNB][NGAP] Receive Downlink NAS Transport"
time="2026-08-11T20:43:48+08:00" level=info msg="[UE][NAS] Message with security header"
time="2026-08-11T20:43:48+08:00" level=info msg="[UE][NAS] Message with integrity and with NEW 5G NAS SECURITY CONTEXT"
time="2026-08-11T20:43:48+08:00" level=info msg="[UE][NAS] successful NAS MAC verification"
time="2026-08-11T20:43:48+08:00" level=info msg="[UE][NAS] Receive Security Mode Command"
time="2026-08-11T20:43:48+08:00" level=info msg="[UE][NAS] Type of ciphering algorithm is 5G-EA0"
time="2026-08-11T20:43:48+08:00" level=info msg="[UE][NAS] Type of integrity protection algorithm is 128-5G-IA2"
time="2026-08-11T20:43:48+08:00" level=info msg="[GNB][SCTP] Receive message in 0 stream\n"
time="2026-08-11T20:43:48+08:00" level=info msg="[GNB][NGAP] Receive Downlink NAS Transport"
time="2026-08-11T20:43:48+08:00" level=info msg="[UE][NAS] Message with security header"
time="2026-08-11T20:43:48+08:00" level=info msg="[UE][NAS] Message with integrity and with NEW 5G NAS SECURITY CONTEXT"
time="2026-08-11T20:43:48+08:00" level=info msg="[UE][NAS] successful NAS MAC verification"
time="2026-08-11T20:43:48+08:00" level=info msg="[UE][NAS] Receive Security Mode Command"
time="2026-08-11T20:43:48+08:00" level=info msg="[UE][NAS] Type of ciphering algorithm is 5G-EA0"
time="2026-08-11T20:43:48+08:00" level=info msg="[UE][NAS] Type of integrity protection algorithm is 128-5G-IA2"
time="2026-08-11T20:43:48+08:00" level=info msg="[GNB][SCTP] Receive message in 0 stream\n"
time="2026-08-11T20:43:48+08:00" level=info msg="[GNB][NGAP] Receive Initial Context Setup Request"
time="2026-08-11T20:43:48+08:00" level=info msg="[GNB][UE] UE Context was created with successful"
time="2026-08-11T20:43:48+08:00" level=info msg="[GNB][UE] UE RAN ID 62"
time="2026-08-11T20:43:48+08:00" level=info msg="[GNB][UE] UE AMF ID 61"
time="2026-08-11T20:43:48+08:00" level=info msg="[GNB][UE] UE Mobility Restrict --Plmn-- Mcc: 208 Mnc: 93"
time="2026-08-11T20:43:48+08:00" level=info msg="[GNB][UE] UE Masked Imeisv: 1110000000ffff00"
time="2026-08-11T20:43:48+08:00" level=info msg="[GNB][UE] Allowed Nssai-- Sst: [01 01] Sd: [010203 112233]"
time="2026-08-11T20:43:48+08:00" level=info msg="[GNB][NGAP][AMF] Send Initial Context Setup Response."
time="2026-08-11T20:43:48+08:00" level=info msg="[GNB] Initiating Initial Context Setup Response"
time="2026-08-11T20:43:48+08:00" level=info msg="[GNB][NGAP] No PDU Session to set up in InitialContextSetupResponse."
time="2026-08-11T20:43:48+08:00" level=info msg="[UE][NAS] Message with security header"
time="2026-08-11T20:43:48+08:00" level=info msg="[UE][NAS] Message with integrity and ciphered"
time="2026-08-11T20:43:48+08:00" level=info msg="[UE][NAS] successful NAS CIPHERING"
time="2026-08-11T20:43:48+08:00" level=info msg="[UE][NAS] successful NAS MAC verification"
time="2026-08-11T20:43:48+08:00" level=info msg="[UE][NAS] Receive Registration Accept"
time="2026-08-11T20:43:48+08:00" level=info msg="[UE][NAS] UE 5G GUTI: &{119 11 [242 2 248 57 202 254 0 0 0 0 25]}"
time="2026-08-11T20:43:48+08:00" level=info msg="[UE] Switched from state 2 to state 3"
time="2026-08-11T20:43:48+08:00" level=info msg="[GNB][SCTP] Receive message in 0 stream\n"
time="2026-08-11T20:43:48+08:00" level=info msg="[GNB][NGAP] Receive Downlink NAS Transport"
time="2026-08-11T20:43:48+08:00" level=info msg="[UE][NAS] Message without security header"
time="2026-08-11T20:43:48+08:00" level=info msg="[UE][NAS] Receive Authentication Request"
time="2026-08-11T20:43:48+08:00" level=info msg="[UE][NAS][MAC] Authenticity of the authentication request message: OK"
time="2026-08-11T20:43:48+08:00" level=info msg="[UE][NAS][SQN] SQN of the authentication request message: VALID"
time="2026-08-11T20:43:48+08:00" level=info msg="[UE][NAS] Send authentication response"
time="2026-08-11T20:43:48+08:00" level=info msg="[UE] Switched from state 1 to state 2"
time="2026-08-11T20:43:49+08:00" level=info msg="[GNB][SCTP] Receive message in 0 stream\n"
time="2026-08-11T20:43:49+08:00" level=info msg="[GNB][NGAP] Receive Downlink NAS Transport"
time="2026-08-11T20:43:49+08:00" level=info msg="[UE][NAS] Message with security header"
time="2026-08-11T20:43:49+08:00" level=info msg="[UE][NAS] Message with integrity and with NEW 5G NAS SECURITY CONTEXT"
time="2026-08-11T20:43:49+08:00" level=info msg="[UE][NAS] successful NAS MAC verification"
time="2026-08-11T20:43:49+08:00" level=info msg="[UE][NAS] Receive Security Mode Command"
time="2026-08-11T20:43:49+08:00" level=info msg="[UE][NAS] Type of ciphering algorithm is 5G-EA0"
time="2026-08-11T20:43:49+08:00" level=info msg="[UE][NAS] Type of integrity protection algorithm is 128-5G-IA2"
time="2026-08-11T20:43:49+08:00" level=info msg="[GNB][SCTP] Receive message in 0 stream\n"
time="2026-08-11T20:43:49+08:00" level=info msg="[GNB][NGAP] Receive Downlink NAS Transport"
time="2026-08-11T20:43:49+08:00" level=info msg="[UE][NAS] Message with security header"
time="2026-08-11T20:43:49+08:00" level=info msg="[UE][NAS] Message with integrity and with NEW 5G NAS SECURITY CONTEXT"
time="2026-08-11T20:43:49+08:00" level=info msg="[UE][NAS] successful NAS MAC verification"
time="2026-08-11T20:43:49+08:00" level=info msg="[UE][NAS] Receive Security Mode Command"
time="2026-08-11T20:43:49+08:00" level=info msg="[UE][NAS] Type of ciphering algorithm is 5G-EA0"
time="2026-08-11T20:43:49+08:00" level=info msg="[UE][NAS] Type of integrity protection algorithm is 128-5G-IA2"
time="2026-08-11T20:43:49+08:00" level=info msg="[GNB][SCTP] Receive message in 0 stream\n"
time="2026-08-11T20:43:49+08:00" level=info msg="[GNB][SCTP] Receive message in 0 stream\n"
time="2026-08-11T20:43:49+08:00" level=info msg="[GNB][NGAP] Receive Downlink NAS Transport"
time="2026-08-11T20:43:49+08:00" level=info msg="[UE][NAS] Message with security header"
time="2026-08-11T20:43:49+08:00" level=info msg="[UE][NAS] Message with integrity and ciphered"
time="2026-08-11T20:43:49+08:00" level=info msg="[UE][NAS] successful NAS CIPHERING"
time="2026-08-11T20:43:49+08:00" level=info msg="[UE][NAS] successful NAS MAC verification"
time="2026-08-11T20:43:49+08:00" level=info msg="[UE][NAS] Receive Configuration Update Command"
time="2026-08-11T20:43:49+08:00" level=info msg="[UE] Initiating Configuration Update Complete"
time="2026-08-11T20:43:49+08:00" level=info msg="[GNB][NGAP] Receive Downlink NAS Transport"
time="2026-08-11T20:43:49+08:00" level=info msg="[UE][NAS] Message with security header"
time="2026-08-11T20:43:49+08:00" level=info msg="[UE][NAS] Message with integrity and ciphered"
time="2026-08-11T20:43:49+08:00" level=info msg="[UE][NAS] successful NAS CIPHERING"
time="2026-08-11T20:43:49+08:00" level=info msg="[UE][NAS] successful NAS MAC verification"
time="2026-08-11T20:43:49+08:00" level=info msg="[UE][NAS] Receive Configuration Update Command"
time="2026-08-11T20:43:49+08:00" level=info msg="[UE] Initiating Configuration Update Complete"
time="2026-08-11T20:43:49+08:00" level=info msg="[GNB][SCTP] Receive message in 0 stream\n"
time="2026-08-11T20:43:49+08:00" level=info msg="[GNB][NGAP] Receive Downlink NAS Transport"
time="2026-08-11T20:43:49+08:00" level=info msg="[UE][NAS] Message with security header"
time="2026-08-11T20:43:49+08:00" level=info msg="[UE][NAS] Message with integrity and ciphered"
time="2026-08-11T20:43:49+08:00" level=info msg="[UE][NAS] successful NAS CIPHERING"
time="2026-08-11T20:43:49+08:00" level=info msg="[UE][NAS] successful NAS MAC verification"
time="2026-08-11T20:43:49+08:00" level=info msg="[UE][NAS] Receive Configuration Update Command"
time="2026-08-11T20:43:49+08:00" level=info msg="[UE] Initiating Configuration Update Complete"
time="2026-08-11T20:43:49+08:00" level=info msg="[GNB][SCTP] Receive message in 0 stream\n"
time="2026-08-11T20:43:49+08:00" level=info msg="[GNB][NGAP] Receive Downlink NAS Transport"
time="2026-08-11T20:43:49+08:00" level=info msg="[UE][NAS] Message with security header"
time="2026-08-11T20:43:49+08:00" level=info msg="[UE][NAS] Message with integrity and with NEW 5G NAS SECURITY CONTEXT"
time="2026-08-11T20:43:49+08:00" level=info msg="[UE][NAS] successful NAS MAC verification"
time="2026-08-11T20:43:49+08:00" level=info msg="[UE][NAS] Receive Security Mode Command"
time="2026-08-11T20:43:49+08:00" level=info msg="[UE][NAS] Type of ciphering algorithm is 5G-EA0"
time="2026-08-11T20:43:49+08:00" level=info msg="[UE][NAS] Type of integrity protection algorithm is 128-5G-IA2"
time="2026-08-11T20:43:49+08:00" level=info msg="[GNB][SCTP] Receive message in 0 stream\n"
time="2026-08-11T20:43:49+08:00" level=info msg="[GNB][NGAP] Receive Initial Context Setup Request"
time="2026-08-11T20:43:49+08:00" level=info msg="[GNB][UE] UE Context was created with successful"
time="2026-08-11T20:43:49+08:00" level=info msg="[GNB][UE] UE RAN ID 73"
time="2026-08-11T20:43:49+08:00" level=info msg="[GNB][UE] UE AMF ID 72"
time="2026-08-11T20:43:49+08:00" level=info msg="[GNB][UE] UE Mobility Restrict --Plmn-- Mcc: 208 Mnc: 93"
time="2026-08-11T20:43:49+08:00" level=info msg="[GNB][UE] UE Masked Imeisv: 1110000000ffff00"
time="2026-08-11T20:43:49+08:00" level=info msg="[GNB][UE] Allowed Nssai-- Sst: [01 01] Sd: [010203 112233]"
time="2026-08-11T20:43:49+08:00" level=info msg="[GNB][NGAP][AMF] Send Initial Context Setup Response."
time="2026-08-11T20:43:49+08:00" level=info msg="[GNB] Initiating Initial Context Setup Response"
time="2026-08-11T20:43:49+08:00" level=info msg="[GNB][NGAP] No PDU Session to set up in InitialContextSetupResponse."
time="2026-08-11T20:43:49+08:00" level=info msg="[UE][NAS] Message with security header"
time="2026-08-11T20:43:49+08:00" level=info msg="[UE][NAS] Message with integrity and ciphered"
time="2026-08-11T20:43:49+08:00" level=info msg="[UE][NAS] successful NAS CIPHERING"
time="2026-08-11T20:43:49+08:00" level=info msg="[UE][NAS] successful NAS MAC verification"
time="2026-08-11T20:43:49+08:00" level=info msg="[UE][NAS] Receive Registration Accept"
time="2026-08-11T20:43:49+08:00" level=info msg="[UE][NAS] UE 5G GUTI: &{119 11 [242 2 248 57 202 254 0 0 0 0 16]}"
time="2026-08-11T20:43:49+08:00" level=info msg="[GNB][SCTP] Receive message in 0 stream\n"
time="2026-08-11T20:43:49+08:00" level=info msg="[UE] Switched from state 2 to state 3"
time="2026-08-11T20:43:49+08:00" level=info msg="[GNB][NGAP] Receive Initial Context Setup Request"
time="2026-08-11T20:43:49+08:00" level=info msg="[GNB][UE] UE Context was created with successful"
time="2026-08-11T20:43:49+08:00" level=info msg="[GNB][UE] UE RAN ID 43"
time="2026-08-11T20:43:49+08:00" level=info msg="[GNB][UE] UE AMF ID 42"
time="2026-08-11T20:43:49+08:00" level=info msg="[GNB][UE] UE Mobility Restrict --Plmn-- Mcc: 208 Mnc: 93"
time="2026-08-11T20:43:49+08:00" level=info msg="[GNB][UE] UE Masked Imeisv: 1110000000ffff00"
time="2026-08-11T20:43:49+08:00" level=info msg="[GNB][UE] Allowed Nssai-- Sst: [01 01] Sd: [010203 112233]"
time="2026-08-11T20:43:49+08:00" level=info msg="[GNB][NGAP][AMF] Send Initial Context Setup Response."
time="2026-08-11T20:43:49+08:00" level=info msg="[GNB] Initiating Initial Context Setup Response"
time="2026-08-11T20:43:49+08:00" level=info msg="[GNB][NGAP] No PDU Session to set up in InitialContextSetupResponse."
time="2026-08-11T20:43:49+08:00" level=info msg="[UE][NAS] Message with security header"
time="2026-08-11T20:43:49+08:00" level=info msg="[UE][NAS] Message with integrity and ciphered"
time="2026-08-11T20:43:49+08:00" level=info msg="[UE][NAS] successful NAS CIPHERING"
time="2026-08-11T20:43:49+08:00" level=info msg="[UE][NAS] successful NAS MAC verification"
time="2026-08-11T20:43:49+08:00" level=info msg="[UE][NAS] Receive Registration Accept"
time="2026-08-11T20:43:49+08:00" level=info msg="[UE][NAS] UE 5G GUTI: &{119 11 [242 2 248 57 202 254 0 0 0 1 168]}"
time="2026-08-11T20:43:49+08:00" level=info msg="[UE] Switched from state 2 to state 3"
time="2026-08-11T20:43:49+08:00" level=info msg="[GNB][SCTP] Receive message in 0 stream\n"
time="2026-08-11T20:43:49+08:00" level=info msg="[GNB][NGAP] Receive Downlink NAS Transport"
time="2026-08-11T20:43:49+08:00" level=info msg="[UE][NAS] Message with security header"
time="2026-08-11T20:43:49+08:00" level=info msg="[UE][NAS] Message with integrity and with NEW 5G NAS SECURITY CONTEXT"
time="2026-08-11T20:43:49+08:00" level=info msg="[UE][NAS] successful NAS MAC verification"
time="2026-08-11T20:43:49+08:00" level=info msg="[UE][NAS] Receive Security Mode Command"
time="2026-08-11T20:43:49+08:00" level=info msg="[UE][NAS] Type of ciphering algorithm is 5G-EA0"
time="2026-08-11T20:43:49+08:00" level=info msg="[UE][NAS] Type of integrity protection algorithm is 128-5G-IA2"
time="2026-08-11T20:43:49+08:00" level=info msg="[GNB][SCTP] Receive message in 0 stream\n"
time="2026-08-11T20:43:49+08:00" level=info msg="[GNB][NGAP] Receive Initial Context Setup Request"
time="2026-08-11T20:43:49+08:00" level=info msg="[GNB][UE] UE Context was created with successful"
time="2026-08-11T20:43:49+08:00" level=info msg="[GNB][UE] UE RAN ID 79"
time="2026-08-11T20:43:49+08:00" level=info msg="[GNB][UE] UE AMF ID 78"
time="2026-08-11T20:43:49+08:00" level=info msg="[GNB][UE] UE Mobility Restrict --Plmn-- Mcc: 208 Mnc: 93"
time="2026-08-11T20:43:49+08:00" level=info msg="[GNB][UE] UE Masked Imeisv: 1110000000ffff00"
time="2026-08-11T20:43:49+08:00" level=info msg="[GNB][UE] Allowed Nssai-- Sst: [01 01] Sd: [010203 112233]"
time="2026-08-11T20:43:49+08:00" level=info msg="[GNB][NGAP][AMF] Send Initial Context Setup Response."
time="2026-08-11T20:43:49+08:00" level=info msg="[GNB] Initiating Initial Context Setup Response"
time="2026-08-11T20:43:49+08:00" level=info msg="[GNB][NGAP] No PDU Session to set up in InitialContextSetupResponse."
time="2026-08-11T20:43:49+08:00" level=info msg="[UE][NAS] Message with security header"
time="2026-08-11T20:43:49+08:00" level=info msg="[UE][NAS] Message with integrity and ciphered"
time="2026-08-11T20:43:49+08:00" level=info msg="[UE][NAS] successful NAS CIPHERING"
time="2026-08-11T20:43:49+08:00" level=info msg="[UE][NAS] successful NAS MAC verification"
time="2026-08-11T20:43:49+08:00" level=info msg="[UE][NAS] Receive Registration Accept"
time="2026-08-11T20:43:49+08:00" level=info msg="[UE][NAS] UE 5G GUTI: &{119 11 [242 2 248 57 202 254 0 0 0 0 18]}"
time="2026-08-11T20:43:49+08:00" level=info msg="[UE] Switched from state 2 to state 3"
time="2026-08-11T20:43:49+08:00" level=info msg="[GNB][SCTP] Receive message in 0 stream\n"
time="2026-08-11T20:43:49+08:00" level=info msg="[GNB][NGAP] Receive Downlink NAS Transport"
time="2026-08-11T20:43:49+08:00" level=info msg="[UE][NAS] Message with security header"
time="2026-08-11T20:43:49+08:00" level=info msg="[UE][NAS] Message with integrity and ciphered"
time="2026-08-11T20:43:49+08:00" level=info msg="[UE][NAS] successful NAS CIPHERING"
time="2026-08-11T20:43:49+08:00" level=info msg="[UE][NAS] successful NAS MAC verification"
time="2026-08-11T20:43:49+08:00" level=info msg="[UE][NAS] Receive Configuration Update Command"
time="2026-08-11T20:43:49+08:00" level=info msg="[UE] Initiating Configuration Update Complete"
time="2026-08-11T20:43:49+08:00" level=info msg="[GNB][SCTP] Receive message in 0 stream\n"
time="2026-08-11T20:43:49+08:00" level=info msg="[GNB][NGAP] Receive Downlink NAS Transport"
time="2026-08-11T20:43:49+08:00" level=info msg="[UE][NAS] Message with security header"
time="2026-08-11T20:43:49+08:00" level=info msg="[UE][NAS] Message with integrity and with NEW 5G NAS SECURITY CONTEXT"
time="2026-08-11T20:43:49+08:00" level=info msg="[UE][NAS] successful NAS MAC verification"
time="2026-08-11T20:43:49+08:00" level=info msg="[UE][NAS] Receive Security Mode Command"
time="2026-08-11T20:43:49+08:00" level=info msg="[UE][NAS] Type of ciphering algorithm is 5G-EA0"
time="2026-08-11T20:43:49+08:00" level=info msg="[UE][NAS] Type of integrity protection algorithm is 128-5G-IA2"
time="2026-08-11T20:43:49+08:00" level=info msg="[GNB][SCTP] Receive message in 0 stream\n"
time="2026-08-11T20:43:49+08:00" level=info msg="[GNB][NGAP] Receive Downlink NAS Transport"
time="2026-08-11T20:43:49+08:00" level=info msg="[UE][NAS] Message without security header"
time="2026-08-11T20:43:49+08:00" level=info msg="[UE][NAS] Receive Authentication Request"
time="2026-08-11T20:43:49+08:00" level=info msg="[UE][NAS][MAC] Authenticity of the authentication request message: OK"
time="2026-08-11T20:43:49+08:00" level=info msg="[UE][NAS][SQN] SQN of the authentication request message: VALID"
time="2026-08-11T20:43:49+08:00" level=info msg="[UE][NAS] Send authentication response"
time="2026-08-11T20:43:49+08:00" level=info msg="[UE] Switched from state 1 to state 2"
time="2026-08-11T20:43:49+08:00" level=info msg="[GNB][SCTP] Receive message in 0 stream\n"
time="2026-08-11T20:43:49+08:00" level=info msg="[GNB][SCTP] Receive message in 0 stream\n"
time="2026-08-11T20:43:49+08:00" level=info msg="[GNB][NGAP] Receive Downlink NAS Transport"
time="2026-08-11T20:43:49+08:00" level=info msg="[UE][NAS] Message with security header"
time="2026-08-11T20:43:49+08:00" level=info msg="[UE][NAS] Message with integrity and ciphered"
time="2026-08-11T20:43:49+08:00" level=info msg="[UE][NAS] successful NAS CIPHERING"
time="2026-08-11T20:43:49+08:00" level=info msg="[UE][NAS] successful NAS MAC verification"
time="2026-08-11T20:43:49+08:00" level=info msg="[UE][NAS] Receive Configuration Update Command"
time="2026-08-11T20:43:49+08:00" level=info msg="[UE] Initiating Configuration Update Complete"
time="2026-08-11T20:43:49+08:00" level=info msg="[GNB][NGAP] Receive Downlink NAS Transport"
time="2026-08-11T20:43:49+08:00" level=info msg="[UE][NAS] Message with security header"
time="2026-08-11T20:43:49+08:00" level=info msg="[UE][NAS] Message with integrity and with NEW 5G NAS SECURITY CONTEXT"
time="2026-08-11T20:43:49+08:00" level=info msg="[UE][NAS] successful NAS MAC verification"
time="2026-08-11T20:43:49+08:00" level=info msg="[UE][NAS] Receive Security Mode Command"
time="2026-08-11T20:43:49+08:00" level=info msg="[UE][NAS] Type of ciphering algorithm is 5G-EA0"
time="2026-08-11T20:43:49+08:00" level=info msg="[UE][NAS] Type of integrity protection algorithm is 128-5G-IA2"
time="2026-08-11T20:43:49+08:00" level=info msg="[GNB][SCTP] Receive message in 0 stream\n"
time="2026-08-11T20:43:49+08:00" level=info msg="[GNB][SCTP] Receive message in 0 stream\n"
time="2026-08-11T20:43:49+08:00" level=info msg="[GNB][NGAP] Receive Downlink NAS Transport"
time="2026-08-11T20:43:49+08:00" level=info msg="[UE][NAS] Message with security header"
time="2026-08-11T20:43:49+08:00" level=info msg="[UE][NAS] Message with integrity and with NEW 5G NAS SECURITY CONTEXT"
time="2026-08-11T20:43:49+08:00" level=info msg="[UE][NAS] successful NAS MAC verification"
time="2026-08-11T20:43:49+08:00" level=info msg="[UE][NAS] Receive Security Mode Command"
time="2026-08-11T20:43:49+08:00" level=info msg="[UE][NAS] Type of ciphering algorithm is 5G-EA0"
time="2026-08-11T20:43:49+08:00" level=info msg="[UE][NAS] Type of integrity protection algorithm is 128-5G-IA2"
time="2026-08-11T20:43:49+08:00" level=info msg="[GNB][SCTP] Receive message in 0 stream\n"
time="2026-08-11T20:43:49+08:00" level=info msg="[GNB][NGAP] Receive Downlink NAS Transport"
time="2026-08-11T20:43:49+08:00" level=info msg="[UE][NAS] Message with security header"
time="2026-08-11T20:43:49+08:00" level=info msg="[UE][NAS] Message with integrity and ciphered"
time="2026-08-11T20:43:49+08:00" level=info msg="[UE][NAS] successful NAS CIPHERING"
time="2026-08-11T20:43:49+08:00" level=info msg="[UE][NAS] successful NAS MAC verification"
time="2026-08-11T20:43:49+08:00" level=info msg="[UE][NAS] Receive Configuration Update Command"
time="2026-08-11T20:43:49+08:00" level=info msg="[UE] Initiating Configuration Update Complete"
time="2026-08-11T20:43:49+08:00" level=info msg="[GNB][NGAP] Receive Initial Context Setup Request"
time="2026-08-11T20:43:49+08:00" level=info msg="[GNB][UE] UE Context was created with successful"
time="2026-08-11T20:43:49+08:00" level=info msg="[GNB][UE] UE RAN ID 66"
time="2026-08-11T20:43:49+08:00" level=info msg="[GNB][UE] UE AMF ID 65"
time="2026-08-11T20:43:49+08:00" level=info msg="[GNB][UE] UE Mobility Restrict --Plmn-- Mcc: 208 Mnc: 93"
time="2026-08-11T20:43:49+08:00" level=info msg="[GNB][UE] UE Masked Imeisv: 1110000000ffff00"
time="2026-08-11T20:43:49+08:00" level=info msg="[GNB][UE] Allowed Nssai-- Sst: [01 01] Sd: [010203 112233]"
time="2026-08-11T20:43:49+08:00" level=info msg="[GNB][NGAP][AMF] Send Initial Context Setup Response."
time="2026-08-11T20:43:49+08:00" level=info msg="[GNB] Initiating Initial Context Setup Response"
time="2026-08-11T20:43:49+08:00" level=info msg="[GNB][NGAP] No PDU Session to set up in InitialContextSetupResponse."
time="2026-08-11T20:43:49+08:00" level=info msg="[GNB][SCTP] Receive message in 0 stream\n"
time="2026-08-11T20:43:49+08:00" level=info msg="[UE][NAS] Message with security header"
time="2026-08-11T20:43:49+08:00" level=info msg="[UE][NAS] Message with integrity and ciphered"
time="2026-08-11T20:43:49+08:00" level=info msg="[UE][NAS] successful NAS CIPHERING"
time="2026-08-11T20:43:49+08:00" level=info msg="[UE][NAS] successful NAS MAC verification"
time="2026-08-11T20:43:49+08:00" level=info msg="[UE][NAS] Receive Registration Accept"
time="2026-08-11T20:43:49+08:00" level=info msg="[UE][NAS] UE 5G GUTI: &{119 11 [242 2 248 57 202 254 0 0 0 0 30]}"
time="2026-08-11T20:43:49+08:00" level=info msg="[UE] Switched from state 2 to state 3"
time="2026-08-11T20:43:49+08:00" level=info msg="[GNB][NGAP] Receive Initial Context Setup Request"
time="2026-08-11T20:43:49+08:00" level=info msg="[GNB][UE] UE Context was created with successful"
time="2026-08-11T20:43:49+08:00" level=info msg="[GNB][UE] UE RAN ID 45"
time="2026-08-11T20:43:49+08:00" level=info msg="[GNB][UE] UE AMF ID 44"
time="2026-08-11T20:43:49+08:00" level=info msg="[GNB][UE] UE Mobility Restrict --Plmn-- Mcc: 208 Mnc: 93"
time="2026-08-11T20:43:49+08:00" level=info msg="[GNB][UE] UE Masked Imeisv: 1110000000ffff00"
time="2026-08-11T20:43:49+08:00" level=info msg="[GNB][UE] Allowed Nssai-- Sst: [01 01] Sd: [010203 112233]"
time="2026-08-11T20:43:49+08:00" level=info msg="[GNB][NGAP][AMF] Send Initial Context Setup Response."
time="2026-08-11T20:43:49+08:00" level=info msg="[GNB] Initiating Initial Context Setup Response"
time="2026-08-11T20:43:49+08:00" level=info msg="[GNB][NGAP] No PDU Session to set up in InitialContextSetupResponse."
time="2026-08-11T20:43:49+08:00" level=info msg="[UE][NAS] Message with security header"
time="2026-08-11T20:43:49+08:00" level=info msg="[UE][NAS] Message with integrity and ciphered"
time="2026-08-11T20:43:49+08:00" level=info msg="[UE][NAS] successful NAS CIPHERING"
time="2026-08-11T20:43:49+08:00" level=info msg="[UE][NAS] successful NAS MAC verification"
time="2026-08-11T20:43:49+08:00" level=info msg="[UE][NAS] Receive Registration Accept"
time="2026-08-11T20:43:49+08:00" level=info msg="[UE][NAS] UE 5G GUTI: &{119 11 [242 2 248 57 202 254 0 0 0 0 15]}"
time="2026-08-11T20:43:49+08:00" level=info msg="[UE] Switched from state 2 to state 3"
time="2026-08-11T20:43:49+08:00" level=info msg="[GNB][SCTP] Receive message in 0 stream\n"
time="2026-08-11T20:43:49+08:00" level=info msg="[GNB][NGAP] Receive Initial Context Setup Request"
time="2026-08-11T20:43:49+08:00" level=info msg="[GNB][UE] UE Context was created with successful"
time="2026-08-11T20:43:49+08:00" level=info msg="[GNB][UE] UE RAN ID 50"
time="2026-08-11T20:43:49+08:00" level=info msg="[GNB][UE] UE AMF ID 49"
time="2026-08-11T20:43:49+08:00" level=info msg="[GNB][UE] UE Mobility Restrict --Plmn-- Mcc: 208 Mnc: 93"
time="2026-08-11T20:43:49+08:00" level=info msg="[GNB][UE] UE Masked Imeisv: 1110000000ffff00"
time="2026-08-11T20:43:49+08:00" level=info msg="[GNB][UE] Allowed Nssai-- Sst: [01 01] Sd: [010203 112233]"
time="2026-08-11T20:43:49+08:00" level=info msg="[GNB][NGAP][AMF] Send Initial Context Setup Response."
time="2026-08-11T20:43:49+08:00" level=info msg="[GNB] Initiating Initial Context Setup Response"
time="2026-08-11T20:43:49+08:00" level=info msg="[GNB][NGAP] No PDU Session to set up in InitialContextSetupResponse."
time="2026-08-11T20:43:49+08:00" level=info msg="[UE][NAS] Message with security header"
time="2026-08-11T20:43:49+08:00" level=info msg="[UE][NAS] Message with integrity and ciphered"
time="2026-08-11T20:43:49+08:00" level=info msg="[UE][NAS] successful NAS CIPHERING"
time="2026-08-11T20:43:49+08:00" level=info msg="[UE][NAS] successful NAS MAC verification"
time="2026-08-11T20:43:49+08:00" level=info msg="[UE][NAS] Receive Registration Accept"
time="2026-08-11T20:43:49+08:00" level=info msg="[UE][NAS] UE 5G GUTI: &{119 11 [242 2 248 57 202 254 0 0 0 0 11]}"
time="2026-08-11T20:43:49+08:00" level=info msg="[UE] Switched from state 2 to state 3"
time="2026-08-11T20:43:49+08:00" level=info msg="[GNB][SCTP] Receive message in 0 stream\n"
time="2026-08-11T20:43:49+08:00" level=info msg="[GNB][NGAP] Receive Downlink NAS Transport"
time="2026-08-11T20:43:49+08:00" level=info msg="[UE][NAS] Message with security header"
time="2026-08-11T20:43:49+08:00" level=info msg="[UE][NAS] Message with integrity and with NEW 5G NAS SECURITY CONTEXT"
time="2026-08-11T20:43:49+08:00" level=info msg="[UE][NAS] successful NAS MAC verification"
time="2026-08-11T20:43:49+08:00" level=info msg="[UE][NAS] Receive Security Mode Command"
time="2026-08-11T20:43:49+08:00" level=info msg="[UE][NAS] Type of ciphering algorithm is 5G-EA0"
time="2026-08-11T20:43:49+08:00" level=info msg="[UE][NAS] Type of integrity protection algorithm is 128-5G-IA2"
time="2026-08-11T20:43:49+08:00" level=info msg="[GNB][SCTP] Receive message in 0 stream\n"
time="2026-08-11T20:43:49+08:00" level=info msg="[GNB][NGAP] Receive Initial Context Setup Request"
time="2026-08-11T20:43:49+08:00" level=info msg="[GNB][UE] UE Context was created with successful"
time="2026-08-11T20:43:49+08:00" level=info msg="[GNB][UE] UE RAN ID 64"
time="2026-08-11T20:43:49+08:00" level=info msg="[GNB][UE] UE AMF ID 63"
time="2026-08-11T20:43:49+08:00" level=info msg="[GNB][UE] UE Mobility Restrict --Plmn-- Mcc: 208 Mnc: 93"
time="2026-08-11T20:43:49+08:00" level=info msg="[GNB][UE] UE Masked Imeisv: 1110000000ffff00"
time="2026-08-11T20:43:49+08:00" level=info msg="[GNB][UE] Allowed Nssai-- Sst: [01 01] Sd: [010203 112233]"
time="2026-08-11T20:43:49+08:00" level=info msg="[GNB][NGAP][AMF] Send Initial Context Setup Response."
time="2026-08-11T20:43:49+08:00" level=info msg="[GNB] Initiating Initial Context Setup Response"
time="2026-08-11T20:43:49+08:00" level=info msg="[GNB][NGAP] No PDU Session to set up in InitialContextSetupResponse."
time="2026-08-11T20:43:49+08:00" level=info msg="[UE][NAS] Message with security header"
time="2026-08-11T20:43:49+08:00" level=info msg="[UE][NAS] Message with integrity and ciphered"
time="2026-08-11T20:43:49+08:00" level=info msg="[UE][NAS] successful NAS CIPHERING"
time="2026-08-11T20:43:49+08:00" level=info msg="[UE][NAS] successful NAS MAC verification"
time="2026-08-11T20:43:49+08:00" level=info msg="[UE][NAS] Receive Registration Accept"
time="2026-08-11T20:43:49+08:00" level=info msg="[UE][NAS] UE 5G GUTI: &{119 11 [242 2 248 57 202 254 0 0 0 0 20]}"
time="2026-08-11T20:43:49+08:00" level=info msg="[UE] Switched from state 2 to state 3"
time="2026-08-11T20:43:49+08:00" level=info msg="[GNB][SCTP] Receive message in 0 stream\n"
time="2026-08-11T20:43:49+08:00" level=info msg="[GNB][NGAP] Receive Downlink NAS Transport"
time="2026-08-11T20:43:49+08:00" level=info msg="[UE][NAS] Message with security header"
time="2026-08-11T20:43:49+08:00" level=info msg="[UE][NAS] Message with integrity and ciphered"
time="2026-08-11T20:43:49+08:00" level=info msg="[UE][NAS] successful NAS CIPHERING"
time="2026-08-11T20:43:49+08:00" level=info msg="[UE][NAS] successful NAS MAC verification"
time="2026-08-11T20:43:49+08:00" level=info msg="[UE][NAS] Receive Configuration Update Command"
time="2026-08-11T20:43:49+08:00" level=info msg="[UE] Initiating Configuration Update Complete"
time="2026-08-11T20:43:49+08:00" level=info msg="[GNB][SCTP] Receive message in 0 stream\n"
time="2026-08-11T20:43:49+08:00" level=info msg="[GNB][NGAP] Receive Downlink NAS Transport"
time="2026-08-11T20:43:49+08:00" level=info msg="[UE][NAS] Message with security header"
time="2026-08-11T20:43:49+08:00" level=info msg="[UE][NAS] Message with integrity and ciphered"
time="2026-08-11T20:43:49+08:00" level=info msg="[UE][NAS] successful NAS CIPHERING"
time="2026-08-11T20:43:49+08:00" level=info msg="[UE][NAS] successful NAS MAC verification"
time="2026-08-11T20:43:49+08:00" level=info msg="[UE][NAS] Receive Configuration Update Command"
time="2026-08-11T20:43:49+08:00" level=info msg="[UE] Initiating Configuration Update Complete"
time="2026-08-11T20:43:49+08:00" level=info msg="[GNB][SCTP] Receive message in 0 stream\n"
time="2026-08-11T20:43:49+08:00" level=info msg="[GNB][NGAP] Receive Downlink NAS Transport"
time="2026-08-11T20:43:49+08:00" level=info msg="[UE][NAS] Message with security header"
time="2026-08-11T20:43:49+08:00" level=info msg="[UE][NAS] Message with integrity and with NEW 5G NAS SECURITY CONTEXT"
time="2026-08-11T20:43:49+08:00" level=info msg="[UE][NAS] successful NAS MAC verification"
time="2026-08-11T20:43:49+08:00" level=info msg="[UE][NAS] Receive Security Mode Command"
time="2026-08-11T20:43:49+08:00" level=info msg="[UE][NAS] Type of ciphering algorithm is 5G-EA0"
time="2026-08-11T20:43:49+08:00" level=info msg="[UE][NAS] Type of integrity protection algorithm is 128-5G-IA2"
time="2026-08-11T20:43:49+08:00" level=info msg="[GNB][SCTP] Receive message in 0 stream\n"
time="2026-08-11T20:43:49+08:00" level=info msg="[GNB][NGAP] Receive Downlink NAS Transport"
time="2026-08-11T20:43:49+08:00" level=info msg="[UE][NAS] Message with security header"
time="2026-08-11T20:43:49+08:00" level=info msg="[UE][NAS] Message with integrity and with NEW 5G NAS SECURITY CONTEXT"
time="2026-08-11T20:43:49+08:00" level=info msg="[UE][NAS] successful NAS MAC verification"
time="2026-08-11T20:43:49+08:00" level=info msg="[UE][NAS] Receive Security Mode Command"
time="2026-08-11T20:43:49+08:00" level=info msg="[UE][NAS] Type of ciphering algorithm is 5G-EA0"
time="2026-08-11T20:43:49+08:00" level=info msg="[UE][NAS] Type of integrity protection algorithm is 128-5G-IA2"
time="2026-08-11T20:43:49+08:00" level=info msg="[GNB][SCTP] Receive message in 0 stream\n"
time="2026-08-11T20:43:49+08:00" level=info msg="[GNB][NGAP] Receive Downlink NAS Transport"
time="2026-08-11T20:43:49+08:00" level=info msg="[UE][NAS] Message with security header"
time="2026-08-11T20:43:49+08:00" level=info msg="[UE][NAS] Message with integrity and with NEW 5G NAS SECURITY CONTEXT"
time="2026-08-11T20:43:49+08:00" level=info msg="[UE][NAS] successful NAS MAC verification"
time="2026-08-11T20:43:49+08:00" level=info msg="[UE][NAS] Receive Security Mode Command"
time="2026-08-11T20:43:49+08:00" level=info msg="[UE][NAS] Type of ciphering algorithm is 5G-EA0"
time="2026-08-11T20:43:49+08:00" level=info msg="[UE][NAS] Type of integrity protection algorithm is 128-5G-IA2"
time="2026-08-11T20:43:49+08:00" level=info msg="[GNB][SCTP] Receive message in 0 stream\n"
time="2026-08-11T20:43:49+08:00" level=info msg="[GNB][NGAP] Receive Initial Context Setup Request"
time="2026-08-11T20:43:49+08:00" level=info msg="[GNB][UE] UE Context was created with successful"
time="2026-08-11T20:43:49+08:00" level=info msg="[GNB][UE] UE RAN ID 48"
time="2026-08-11T20:43:49+08:00" level=info msg="[GNB][UE] UE AMF ID 47"
time="2026-08-11T20:43:49+08:00" level=info msg="[GNB][UE] UE Mobility Restrict --Plmn-- Mcc: 208 Mnc: 93"
time="2026-08-11T20:43:49+08:00" level=info msg="[GNB][UE] UE Masked Imeisv: 1110000000ffff00"
time="2026-08-11T20:43:49+08:00" level=info msg="[GNB][UE] Allowed Nssai-- Sst: [01 01] Sd: [010203 112233]"
time="2026-08-11T20:43:49+08:00" level=info msg="[GNB][NGAP][AMF] Send Initial Context Setup Response."
time="2026-08-11T20:43:49+08:00" level=info msg="[GNB] Initiating Initial Context Setup Response"
time="2026-08-11T20:43:49+08:00" level=info msg="[GNB][NGAP] No PDU Session to set up in InitialContextSetupResponse."
time="2026-08-11T20:43:49+08:00" level=info msg="[UE][NAS] Message with security header"
time="2026-08-11T20:43:49+08:00" level=info msg="[UE][NAS] Message with integrity and ciphered"
time="2026-08-11T20:43:49+08:00" level=info msg="[UE][NAS] successful NAS CIPHERING"
time="2026-08-11T20:43:49+08:00" level=info msg="[UE][NAS] successful NAS MAC verification"
time="2026-08-11T20:43:49+08:00" level=info msg="[UE][NAS] Receive Registration Accept"
time="2026-08-11T20:43:49+08:00" level=info msg="[UE][NAS] UE 5G GUTI: &{119 11 [242 2 248 57 202 254 0 0 0 0 10]}"
time="2026-08-11T20:43:49+08:00" level=info msg="[UE] Switched from state 2 to state 3"
time="2026-08-11T20:43:49+08:00" level=info msg="[GNB][SCTP] Receive message in 0 stream\n"
time="2026-08-11T20:43:49+08:00" level=info msg="[GNB][SCTP] Receive message in 0 stream\n"
time="2026-08-11T20:43:49+08:00" level=info msg="[GNB][NGAP] Receive Downlink NAS Transport"
time="2026-08-11T20:43:49+08:00" level=info msg="[UE][NAS] Message with security header"
time="2026-08-11T20:43:49+08:00" level=info msg="[UE][NAS] Message with integrity and with NEW 5G NAS SECURITY CONTEXT"
time="2026-08-11T20:43:49+08:00" level=info msg="[UE][NAS] successful NAS MAC verification"
time="2026-08-11T20:43:49+08:00" level=info msg="[UE][NAS] Receive Security Mode Command"
time="2026-08-11T20:43:49+08:00" level=info msg="[UE][NAS] Type of ciphering algorithm is 5G-EA0"
time="2026-08-11T20:43:49+08:00" level=info msg="[UE][NAS] Type of integrity protection algorithm is 128-5G-IA2"
time="2026-08-11T20:43:49+08:00" level=info msg="[GNB][NGAP] Receive Downlink NAS Transport"
time="2026-08-11T20:43:49+08:00" level=info msg="[UE][NAS] Message without security header"
time="2026-08-11T20:43:49+08:00" level=info msg="[UE][NAS] Receive Authentication Request"
time="2026-08-11T20:43:49+08:00" level=info msg="[UE][NAS][MAC] Authenticity of the authentication request message: OK"
time="2026-08-11T20:43:49+08:00" level=info msg="[UE][NAS][SQN] SQN of the authentication request message: VALID"
time="2026-08-11T20:43:49+08:00" level=info msg="[UE][NAS] Send authentication response"
time="2026-08-11T20:43:49+08:00" level=info msg="[UE] Switched from state 1 to state 2"
time="2026-08-11T20:43:49+08:00" level=info msg="[GNB][SCTP] Receive message in 0 stream\n"
time="2026-08-11T20:43:49+08:00" level=info msg="[GNB][NGAP] Receive Downlink NAS Transport"
time="2026-08-11T20:43:49+08:00" level=info msg="[UE][NAS] Message with security header"
time="2026-08-11T20:43:49+08:00" level=info msg="[UE][NAS] Message with integrity and with NEW 5G NAS SECURITY CONTEXT"
time="2026-08-11T20:43:49+08:00" level=info msg="[UE][NAS] successful NAS MAC verification"
time="2026-08-11T20:43:49+08:00" level=info msg="[UE][NAS] Receive Security Mode Command"
time="2026-08-11T20:43:49+08:00" level=info msg="[UE][NAS] Type of ciphering algorithm is 5G-EA0"
time="2026-08-11T20:43:49+08:00" level=info msg="[UE][NAS] Type of integrity protection algorithm is 128-5G-IA2"
time="2026-08-11T20:43:49+08:00" level=info msg="[GNB][SCTP] Receive message in 0 stream\n"
time="2026-08-11T20:43:49+08:00" level=info msg="[GNB][NGAP] Receive Downlink NAS Transport"
time="2026-08-11T20:43:49+08:00" level=info msg="[UE][NAS] Message with security header"
time="2026-08-11T20:43:49+08:00" level=info msg="[UE][NAS] Message with integrity and with NEW 5G NAS SECURITY CONTEXT"
time="2026-08-11T20:43:49+08:00" level=info msg="[UE][NAS] successful NAS MAC verification"
time="2026-08-11T20:43:49+08:00" level=info msg="[UE][NAS] Receive Security Mode Command"
time="2026-08-11T20:43:49+08:00" level=info msg="[UE][NAS] Type of ciphering algorithm is 5G-EA0"
time="2026-08-11T20:43:49+08:00" level=info msg="[UE][NAS] Type of integrity protection algorithm is 128-5G-IA2"
time="2026-08-11T20:43:49+08:00" level=info msg="[GNB][SCTP] Receive message in 0 stream\n"
time="2026-08-11T20:43:49+08:00" level=info msg="[GNB][NGAP] Receive Downlink NAS Transport"
time="2026-08-11T20:43:49+08:00" level=info msg="[UE][NAS] Message with security header"
time="2026-08-11T20:43:49+08:00" level=info msg="[UE][NAS] Message with integrity and with NEW 5G NAS SECURITY CONTEXT"
time="2026-08-11T20:43:49+08:00" level=info msg="[UE][NAS] successful NAS MAC verification"
time="2026-08-11T20:43:49+08:00" level=info msg="[UE][NAS] Receive Security Mode Command"
time="2026-08-11T20:43:49+08:00" level=info msg="[UE][NAS] Type of ciphering algorithm is 5G-EA0"
time="2026-08-11T20:43:49+08:00" level=info msg="[UE][NAS] Type of integrity protection algorithm is 128-5G-IA2"
time="2026-08-11T20:43:49+08:00" level=info msg="[GNB][SCTP] Receive message in 0 stream\n"
time="2026-08-11T20:43:49+08:00" level=info msg="[GNB][NGAP] Receive Downlink NAS Transport"
time="2026-08-11T20:43:49+08:00" level=info msg="[UE][NAS] Message with security header"
time="2026-08-11T20:43:49+08:00" level=info msg="[UE][NAS] Message with integrity and with NEW 5G NAS SECURITY CONTEXT"
time="2026-08-11T20:43:49+08:00" level=info msg="[UE][NAS] successful NAS MAC verification"
time="2026-08-11T20:43:49+08:00" level=info msg="[UE][NAS] Receive Security Mode Command"
time="2026-08-11T20:43:49+08:00" level=info msg="[UE][NAS] Type of ciphering algorithm is 5G-EA0"
time="2026-08-11T20:43:49+08:00" level=info msg="[UE][NAS] Type of integrity protection algorithm is 128-5G-IA2"
time="2026-08-11T20:43:49+08:00" level=info msg="[GNB][SCTP] Receive message in 0 stream\n"
time="2026-08-11T20:43:49+08:00" level=info msg="[GNB][NGAP] Receive Downlink NAS Transport"
time="2026-08-11T20:43:49+08:00" level=info msg="[UE][NAS] Message with security header"
time="2026-08-11T20:43:49+08:00" level=info msg="[UE][NAS] Message with integrity and with NEW 5G NAS SECURITY CONTEXT"
time="2026-08-11T20:43:49+08:00" level=info msg="[UE][NAS] successful NAS MAC verification"
time="2026-08-11T20:43:49+08:00" level=info msg="[UE][NAS] Receive Security Mode Command"
time="2026-08-11T20:43:49+08:00" level=info msg="[UE][NAS] Type of ciphering algorithm is 5G-EA0"
time="2026-08-11T20:43:49+08:00" level=info msg="[UE][NAS] Type of integrity protection algorithm is 128-5G-IA2"
time="2026-08-11T20:43:49+08:00" level=info msg="[GNB][SCTP] Receive message in 0 stream\n"
time="2026-08-11T20:43:49+08:00" level=info msg="[GNB][NGAP] Receive Initial Context Setup Request"
time="2026-08-11T20:43:49+08:00" level=info msg="[GNB][UE] UE Context was created with successful"
time="2026-08-11T20:43:49+08:00" level=info msg="[GNB][UE] UE RAN ID 53"
time="2026-08-11T20:43:49+08:00" level=info msg="[GNB][UE] UE AMF ID 52"
time="2026-08-11T20:43:49+08:00" level=info msg="[GNB][UE] UE Mobility Restrict --Plmn-- Mcc: 208 Mnc: 93"
time="2026-08-11T20:43:49+08:00" level=info msg="[GNB][UE] UE Masked Imeisv: 1110000000ffff00"
time="2026-08-11T20:43:49+08:00" level=info msg="[GNB][UE] Allowed Nssai-- Sst: [01 01] Sd: [010203 112233]"
time="2026-08-11T20:43:49+08:00" level=info msg="[GNB][NGAP][AMF] Send Initial Context Setup Response."
time="2026-08-11T20:43:49+08:00" level=info msg="[GNB] Initiating Initial Context Setup Response"
time="2026-08-11T20:43:49+08:00" level=info msg="[GNB][NGAP] No PDU Session to set up in InitialContextSetupResponse."
time="2026-08-11T20:43:49+08:00" level=info msg="[UE][NAS] Message with security header"
time="2026-08-11T20:43:49+08:00" level=info msg="[UE][NAS] Message with integrity and ciphered"
time="2026-08-11T20:43:49+08:00" level=info msg="[UE][NAS] successful NAS CIPHERING"
time="2026-08-11T20:43:49+08:00" level=info msg="[UE][NAS] successful NAS MAC verification"
time="2026-08-11T20:43:49+08:00" level=info msg="[UE][NAS] Receive Registration Accept"
time="2026-08-11T20:43:49+08:00" level=info msg="[UE][NAS] UE 5G GUTI: &{119 11 [242 2 248 57 202 254 0 0 0 0 31]}"
time="2026-08-11T20:43:49+08:00" level=info msg="[UE] Switched from state 2 to state 3"
time="2026-08-11T20:43:49+08:00" level=info msg="[GNB][SCTP] Receive message in 0 stream\n"
time="2026-08-11T20:43:49+08:00" level=info msg="[GNB][NGAP] Receive Downlink NAS Transport"
time="2026-08-11T20:43:49+08:00" level=info msg="[UE][NAS] Message with security header"
time="2026-08-11T20:43:49+08:00" level=info msg="[UE][NAS] Message with integrity and with NEW 5G NAS SECURITY CONTEXT"
time="2026-08-11T20:43:49+08:00" level=info msg="[UE][NAS] successful NAS MAC verification"
time="2026-08-11T20:43:49+08:00" level=info msg="[UE][NAS] Receive Security Mode Command"
time="2026-08-11T20:43:49+08:00" level=info msg="[UE][NAS] Type of ciphering algorithm is 5G-EA0"
time="2026-08-11T20:43:49+08:00" level=info msg="[UE][NAS] Type of integrity protection algorithm is 128-5G-IA2"
time="2026-08-11T20:43:49+08:00" level=info msg="[GNB][SCTP] Receive message in 0 stream\n"
time="2026-08-11T20:43:49+08:00" level=info msg="[GNB][NGAP] Receive Downlink NAS Transport"
time="2026-08-11T20:43:49+08:00" level=info msg="[UE][NAS] Message with security header"
time="2026-08-11T20:43:49+08:00" level=info msg="[UE][NAS] Message with integrity and with NEW 5G NAS SECURITY CONTEXT"
time="2026-08-11T20:43:49+08:00" level=info msg="[UE][NAS] successful NAS MAC verification"
time="2026-08-11T20:43:49+08:00" level=info msg="[UE][NAS] Receive Security Mode Command"
time="2026-08-11T20:43:49+08:00" level=info msg="[UE][NAS] Type of ciphering algorithm is 5G-EA0"
time="2026-08-11T20:43:49+08:00" level=info msg="[UE][NAS] Type of integrity protection algorithm is 128-5G-IA2"
time="2026-08-11T20:43:49+08:00" level=info msg="[GNB][SCTP] Receive message in 0 stream\n"
time="2026-08-11T20:43:49+08:00" level=info msg="[GNB][NGAP] Receive Downlink NAS Transport"
time="2026-08-11T20:43:49+08:00" level=info msg="[UE][NAS] Message with security header"
time="2026-08-11T20:43:49+08:00" level=info msg="[UE][NAS] Message with integrity and ciphered"
time="2026-08-11T20:43:49+08:00" level=info msg="[UE][NAS] successful NAS CIPHERING"
time="2026-08-11T20:43:49+08:00" level=info msg="[UE][NAS] successful NAS MAC verification"
time="2026-08-11T20:43:49+08:00" level=info msg="[UE][NAS] Receive Configuration Update Command"
time="2026-08-11T20:43:49+08:00" level=info msg="[UE] Initiating Configuration Update Complete"
time="2026-08-11T20:43:49+08:00" level=info msg="[GNB][SCTP] Receive message in 0 stream\n"
time="2026-08-11T20:43:49+08:00" level=info msg="[GNB][SCTP] Receive message in 0 stream\n"
time="2026-08-11T20:43:49+08:00" level=info msg="[GNB][NGAP] Receive Initial Context Setup Request"
time="2026-08-11T20:43:49+08:00" level=info msg="[GNB][UE] UE Context was created with successful"
time="2026-08-11T20:43:49+08:00" level=info msg="[GNB][UE] UE RAN ID 77"
time="2026-08-11T20:43:49+08:00" level=info msg="[GNB][UE] UE AMF ID 76"
time="2026-08-11T20:43:49+08:00" level=info msg="[GNB][UE] UE Mobility Restrict --Plmn-- Mcc: 208 Mnc: 93"
time="2026-08-11T20:43:49+08:00" level=info msg="[GNB][UE] UE Masked Imeisv: 1110000000ffff00"
time="2026-08-11T20:43:49+08:00" level=info msg="[GNB][UE] Allowed Nssai-- Sst: [01 01] Sd: [010203 112233]"
time="2026-08-11T20:43:49+08:00" level=info msg="[GNB][NGAP][AMF] Send Initial Context Setup Response."
time="2026-08-11T20:43:49+08:00" level=info msg="[GNB] Initiating Initial Context Setup Response"
time="2026-08-11T20:43:49+08:00" level=info msg="[GNB][NGAP] No PDU Session to set up in InitialContextSetupResponse."
time="2026-08-11T20:43:49+08:00" level=info msg="[UE][NAS] Message with security header"
time="2026-08-11T20:43:49+08:00" level=info msg="[UE][NAS] Message with integrity and ciphered"
time="2026-08-11T20:43:49+08:00" level=info msg="[UE][NAS] successful NAS CIPHERING"
time="2026-08-11T20:43:49+08:00" level=info msg="[UE][NAS] successful NAS MAC verification"
time="2026-08-11T20:43:49+08:00" level=info msg="[UE][NAS] Receive Registration Accept"
time="2026-08-11T20:43:49+08:00" level=info msg="[UE][NAS] UE 5G GUTI: &{119 11 [242 2 248 57 202 254 0 0 0 0 24]}"
time="2026-08-11T20:43:49+08:00" level=info msg="[UE] Switched from state 2 to state 3"
time="2026-08-11T20:43:49+08:00" level=info msg="[GNB][NGAP] Receive Initial Context Setup Request"
time="2026-08-11T20:43:49+08:00" level=info msg="[GNB][UE] UE Context was created with successful"
time="2026-08-11T20:43:49+08:00" level=info msg="[GNB][UE] UE RAN ID 91"
time="2026-08-11T20:43:49+08:00" level=info msg="[GNB][UE] UE AMF ID 90"
time="2026-08-11T20:43:49+08:00" level=info msg="[GNB][UE] UE Mobility Restrict --Plmn-- Mcc: 208 Mnc: 93"
time="2026-08-11T20:43:49+08:00" level=info msg="[GNB][UE] UE Masked Imeisv: 1110000000ffff00"
time="2026-08-11T20:43:49+08:00" level=info msg="[GNB][UE] Allowed Nssai-- Sst: [01 01] Sd: [010203 112233]"
time="2026-08-11T20:43:49+08:00" level=info msg="[GNB][NGAP][AMF] Send Initial Context Setup Response."
time="2026-08-11T20:43:49+08:00" level=info msg="[GNB] Initiating Initial Context Setup Response"
time="2026-08-11T20:43:49+08:00" level=info msg="[GNB][NGAP] No PDU Session to set up in InitialContextSetupResponse."
time="2026-08-11T20:43:49+08:00" level=info msg="[UE][NAS] Message with security header"
time="2026-08-11T20:43:49+08:00" level=info msg="[UE][NAS] Message with integrity and ciphered"
time="2026-08-11T20:43:49+08:00" level=info msg="[UE][NAS] successful NAS CIPHERING"
time="2026-08-11T20:43:49+08:00" level=info msg="[UE][NAS] successful NAS MAC verification"
time="2026-08-11T20:43:49+08:00" level=info msg="[UE][NAS] Receive Registration Accept"
time="2026-08-11T20:43:49+08:00" level=info msg="[UE][NAS] UE 5G GUTI: &{119 11 [242 2 248 57 202 254 0 0 0 0 27]}"
time="2026-08-11T20:43:49+08:00" level=info msg="[UE] Switched from state 2 to state 3"
time="2026-08-11T20:43:49+08:00" level=info msg="[GNB][SCTP] Receive message in 0 stream\n"
time="2026-08-11T20:43:49+08:00" level=info msg="[GNB][NGAP] Receive Downlink NAS Transport"
time="2026-08-11T20:43:49+08:00" level=info msg="[UE][NAS] Message with security header"
time="2026-08-11T20:43:49+08:00" level=info msg="[UE][NAS] Message with integrity and with NEW 5G NAS SECURITY CONTEXT"
time="2026-08-11T20:43:49+08:00" level=info msg="[UE][NAS] successful NAS MAC verification"
time="2026-08-11T20:43:49+08:00" level=info msg="[UE][NAS] Receive Security Mode Command"
time="2026-08-11T20:43:49+08:00" level=info msg="[UE][NAS] Type of ciphering algorithm is 5G-EA0"
time="2026-08-11T20:43:49+08:00" level=info msg="[UE][NAS] Type of integrity protection algorithm is 128-5G-IA2"
time="2026-08-11T20:43:49+08:00" level=info msg="[GNB][SCTP] Receive message in 0 stream\n"
time="2026-08-11T20:43:49+08:00" level=info msg="[GNB][NGAP] Receive Downlink NAS Transport"
time="2026-08-11T20:43:49+08:00" level=info msg="[UE][NAS] Message with security header"
time="2026-08-11T20:43:49+08:00" level=info msg="[UE][NAS] Message with integrity and with NEW 5G NAS SECURITY CONTEXT"
time="2026-08-11T20:43:49+08:00" level=info msg="[UE][NAS] successful NAS MAC verification"
time="2026-08-11T20:43:49+08:00" level=info msg="[UE][NAS] Receive Security Mode Command"
time="2026-08-11T20:43:49+08:00" level=info msg="[UE][NAS] Type of ciphering algorithm is 5G-EA0"
time="2026-08-11T20:43:49+08:00" level=info msg="[UE][NAS] Type of integrity protection algorithm is 128-5G-IA2"
time="2026-08-11T20:43:49+08:00" level=info msg="[GNB][SCTP] Receive message in 0 stream\n"
time="2026-08-11T20:43:49+08:00" level=info msg="[GNB][NGAP] Receive Downlink NAS Transport"
time="2026-08-11T20:43:49+08:00" level=info msg="[UE][NAS] Message with security header"
time="2026-08-11T20:43:49+08:00" level=info msg="[UE][NAS] Message with integrity and ciphered"
time="2026-08-11T20:43:49+08:00" level=info msg="[UE][NAS] successful NAS CIPHERING"
time="2026-08-11T20:43:49+08:00" level=info msg="[UE][NAS] successful NAS MAC verification"
time="2026-08-11T20:43:49+08:00" level=info msg="[UE][NAS] Receive Configuration Update Command"
time="2026-08-11T20:43:49+08:00" level=info msg="[UE] Initiating Configuration Update Complete"
time="2026-08-11T20:43:49+08:00" level=info msg="[GNB][SCTP] Receive message in 0 stream\n"
time="2026-08-11T20:43:49+08:00" level=info msg="[GNB][SCTP] Receive message in 0 stream\n"
time="2026-08-11T20:43:49+08:00" level=info msg="[GNB][NGAP] Receive Initial Context Setup Request"
time="2026-08-11T20:43:49+08:00" level=info msg="[GNB][UE] UE Context was created with successful"
time="2026-08-11T20:43:49+08:00" level=info msg="[GNB][UE] UE RAN ID 54"
time="2026-08-11T20:43:49+08:00" level=info msg="[GNB][UE] UE AMF ID 53"
time="2026-08-11T20:43:49+08:00" level=info msg="[GNB][UE] UE Mobility Restrict --Plmn-- Mcc: 208 Mnc: 93"
time="2026-08-11T20:43:49+08:00" level=info msg="[GNB][UE] UE Masked Imeisv: 1110000000ffff00"
time="2026-08-11T20:43:49+08:00" level=info msg="[GNB][UE] Allowed Nssai-- Sst: [01 01] Sd: [010203 112233]"
time="2026-08-11T20:43:49+08:00" level=info msg="[GNB][NGAP] Receive Downlink NAS Transport"
time="2026-08-11T20:43:49+08:00" level=info msg="[UE][NAS] Message with security header"
time="2026-08-11T20:43:49+08:00" level=info msg="[UE][NAS] Message with integrity and ciphered"
time="2026-08-11T20:43:49+08:00" level=info msg="[UE][NAS] successful NAS CIPHERING"
time="2026-08-11T20:43:49+08:00" level=info msg="[UE][NAS] successful NAS MAC verification"
time="2026-08-11T20:43:49+08:00" level=info msg="[UE][NAS] Receive Configuration Update Command"
time="2026-08-11T20:43:49+08:00" level=info msg="[UE] Initiating Configuration Update Complete"
time="2026-08-11T20:43:49+08:00" level=info msg="[GNB][NGAP][AMF] Send Initial Context Setup Response."
time="2026-08-11T20:43:49+08:00" level=info msg="[GNB] Initiating Initial Context Setup Response"
time="2026-08-11T20:43:49+08:00" level=info msg="[UE][NAS] Message with security header"
time="2026-08-11T20:43:49+08:00" level=info msg="[UE][NAS] Message with integrity and ciphered"
time="2026-08-11T20:43:49+08:00" level=info msg="[UE][NAS] successful NAS CIPHERING"
time="2026-08-11T20:43:49+08:00" level=info msg="[UE][NAS] successful NAS MAC verification"
time="2026-08-11T20:43:49+08:00" level=info msg="[UE][NAS] Receive Registration Accept"
time="2026-08-11T20:43:49+08:00" level=info msg="[UE][NAS] UE 5G GUTI: &{119 11 [242 2 248 57 202 254 0 0 0 0 17]}"
time="2026-08-11T20:43:49+08:00" level=info msg="[UE] Switched from state 2 to state 3"
time="2026-08-11T20:43:49+08:00" level=info msg="[GNB][NGAP] No PDU Session to set up in InitialContextSetupResponse."
time="2026-08-11T20:43:49+08:00" level=info msg="[GNB][SCTP] Receive message in 0 stream\n"
time="2026-08-11T20:43:49+08:00" level=info msg="[GNB][NGAP] Receive Initial Context Setup Request"
time="2026-08-11T20:43:49+08:00" level=info msg="[GNB][UE] UE Context was created with successful"
time="2026-08-11T20:43:49+08:00" level=info msg="[GNB][UE] UE RAN ID 52"
time="2026-08-11T20:43:49+08:00" level=info msg="[GNB][UE] UE AMF ID 51"
time="2026-08-11T20:43:49+08:00" level=info msg="[GNB][UE] UE Mobility Restrict --Plmn-- Mcc: 208 Mnc: 93"
time="2026-08-11T20:43:49+08:00" level=info msg="[GNB][UE] UE Masked Imeisv: 1110000000ffff00"
time="2026-08-11T20:43:49+08:00" level=info msg="[GNB][UE] Allowed Nssai-- Sst: [01 01] Sd: [010203 112233]"
time="2026-08-11T20:43:49+08:00" level=info msg="[GNB][NGAP][AMF] Send Initial Context Setup Response."
time="2026-08-11T20:43:49+08:00" level=info msg="[GNB] Initiating Initial Context Setup Response"
time="2026-08-11T20:43:49+08:00" level=info msg="[GNB][NGAP] No PDU Session to set up in InitialContextSetupResponse."
time="2026-08-11T20:43:49+08:00" level=info msg="[UE][NAS] Message with security header"
time="2026-08-11T20:43:49+08:00" level=info msg="[UE][NAS] Message with integrity and ciphered"
time="2026-08-11T20:43:49+08:00" level=info msg="[UE][NAS] successful NAS CIPHERING"
time="2026-08-11T20:43:49+08:00" level=info msg="[UE][NAS] successful NAS MAC verification"
time="2026-08-11T20:43:49+08:00" level=info msg="[UE][NAS] Receive Registration Accept"
time="2026-08-11T20:43:49+08:00" level=info msg="[UE][NAS] UE 5G GUTI: &{119 11 [242 2 248 57 202 254 0 0 0 0 16]}"
time="2026-08-11T20:43:49+08:00" level=info msg="[UE] Switched from state 2 to state 3"
time="2026-08-11T20:43:50+08:00" level=info msg="[GNB][SCTP] Receive message in 0 stream\n"
time="2026-08-11T20:43:50+08:00" level=info msg="[GNB][NGAP] Receive Initial Context Setup Request"
time="2026-08-11T20:43:50+08:00" level=info msg="[GNB][UE] UE Context was created with successful"
time="2026-08-11T20:43:50+08:00" level=info msg="[GNB][UE] UE RAN ID 67"
time="2026-08-11T20:43:50+08:00" level=info msg="[GNB][UE] UE AMF ID 66"
time="2026-08-11T20:43:50+08:00" level=info msg="[GNB][UE] UE Mobility Restrict --Plmn-- Mcc: 208 Mnc: 93"
time="2026-08-11T20:43:50+08:00" level=info msg="[GNB][UE] UE Masked Imeisv: 1110000000ffff00"
time="2026-08-11T20:43:50+08:00" level=info msg="[GNB][UE] Allowed Nssai-- Sst: [01 01] Sd: [010203 112233]"
time="2026-08-11T20:43:50+08:00" level=info msg="[GNB][NGAP][AMF] Send Initial Context Setup Response."
time="2026-08-11T20:43:50+08:00" level=info msg="[GNB] Initiating Initial Context Setup Response"
time="2026-08-11T20:43:50+08:00" level=info msg="[GNB][NGAP] No PDU Session to set up in InitialContextSetupResponse."
time="2026-08-11T20:43:50+08:00" level=info msg="[GNB][SCTP] Receive message in 0 stream\n"
time="2026-08-11T20:43:50+08:00" level=info msg="[GNB][NGAP] Receive Downlink NAS Transport"
time="2026-08-11T20:43:50+08:00" level=info msg="[UE][NAS] Message with security header"
time="2026-08-11T20:43:50+08:00" level=info msg="[UE][NAS] Message with integrity and ciphered"
time="2026-08-11T20:43:50+08:00" level=info msg="[UE][NAS] successful NAS CIPHERING"
time="2026-08-11T20:43:50+08:00" level=info msg="[UE][NAS] successful NAS MAC verification"
time="2026-08-11T20:43:50+08:00" level=info msg="[UE][NAS] Receive Configuration Update Command"
time="2026-08-11T20:43:50+08:00" level=info msg="[UE] Initiating Configuration Update Complete"
time="2026-08-11T20:43:50+08:00" level=info msg="[UE][NAS] Message with security header"
time="2026-08-11T20:43:50+08:00" level=info msg="[UE][NAS] Message with integrity and ciphered"
time="2026-08-11T20:43:50+08:00" level=info msg="[UE][NAS] successful NAS CIPHERING"
time="2026-08-11T20:43:50+08:00" level=info msg="[UE][NAS] successful NAS MAC verification"
time="2026-08-11T20:43:50+08:00" level=info msg="[UE][NAS] Receive Registration Accept"
time="2026-08-11T20:43:50+08:00" level=info msg="[UE][NAS] UE 5G GUTI: &{119 11 [242 2 248 57 202 254 0 0 0 0 26]}"
time="2026-08-11T20:43:50+08:00" level=info msg="[UE] Switched from state 2 to state 3"
time="2026-08-11T20:43:50+08:00" level=info msg="[GNB][SCTP] Receive message in 0 stream\n"
time="2026-08-11T20:43:50+08:00" level=info msg="[GNB][SCTP] Receive message in 0 stream\n"
time="2026-08-11T20:43:50+08:00" level=info msg="[GNB][NGAP] Receive Downlink NAS Transport"
time="2026-08-11T20:43:50+08:00" level=info msg="[UE][NAS] Message with security header"
time="2026-08-11T20:43:50+08:00" level=info msg="[UE][NAS] Message with integrity and ciphered"
time="2026-08-11T20:43:50+08:00" level=info msg="[UE][NAS] successful NAS CIPHERING"
time="2026-08-11T20:43:50+08:00" level=info msg="[UE][NAS] successful NAS MAC verification"
time="2026-08-11T20:43:50+08:00" level=info msg="[UE][NAS] Receive Configuration Update Command"
time="2026-08-11T20:43:50+08:00" level=info msg="[UE] Initiating Configuration Update Complete"
time="2026-08-11T20:43:50+08:00" level=info msg="[GNB][NGAP] Receive Initial Context Setup Request"
time="2026-08-11T20:43:50+08:00" level=info msg="[GNB][UE] UE Context was created with successful"
time="2026-08-11T20:43:50+08:00" level=info msg="[GNB][UE] UE RAN ID 69"
time="2026-08-11T20:43:50+08:00" level=info msg="[GNB][UE] UE AMF ID 68"
time="2026-08-11T20:43:50+08:00" level=info msg="[GNB][UE] UE Mobility Restrict --Plmn-- Mcc: 208 Mnc: 93"
time="2026-08-11T20:43:50+08:00" level=info msg="[GNB][UE] UE Masked Imeisv: 1110000000ffff00"
time="2026-08-11T20:43:50+08:00" level=info msg="[GNB][UE] Allowed Nssai-- Sst: [01 01] Sd: [010203 112233]"
time="2026-08-11T20:43:50+08:00" level=info msg="[GNB][NGAP][AMF] Send Initial Context Setup Response."
time="2026-08-11T20:43:50+08:00" level=info msg="[GNB] Initiating Initial Context Setup Response"
time="2026-08-11T20:43:50+08:00" level=info msg="[GNB][NGAP] No PDU Session to set up in InitialContextSetupResponse."
time="2026-08-11T20:43:50+08:00" level=info msg="[UE][NAS] Message with security header"
time="2026-08-11T20:43:50+08:00" level=info msg="[UE][NAS] Message with integrity and ciphered"
time="2026-08-11T20:43:50+08:00" level=info msg="[UE][NAS] successful NAS CIPHERING"
time="2026-08-11T20:43:50+08:00" level=info msg="[UE][NAS] successful NAS MAC verification"
time="2026-08-11T20:43:50+08:00" level=info msg="[UE][NAS] Receive Registration Accept"
time="2026-08-11T20:43:50+08:00" level=info msg="[UE][NAS] UE 5G GUTI: &{119 11 [242 2 248 57 202 254 0 0 0 0 21]}"
time="2026-08-11T20:43:50+08:00" level=info msg="[UE] Switched from state 2 to state 3"
time="2026-08-11T20:43:50+08:00" level=info msg="[GNB][SCTP] Receive message in 0 stream\n"
time="2026-08-11T20:43:50+08:00" level=info msg="[GNB][NGAP] Receive Initial Context Setup Request"
time="2026-08-11T20:43:50+08:00" level=info msg="[GNB][UE] UE Context was created with successful"
time="2026-08-11T20:43:50+08:00" level=info msg="[GNB][UE] UE RAN ID 21"
time="2026-08-11T20:43:50+08:00" level=info msg="[GNB][UE] UE AMF ID 20"
time="2026-08-11T20:43:50+08:00" level=info msg="[GNB][UE] UE Mobility Restrict --Plmn-- Mcc: 208 Mnc: 93"
time="2026-08-11T20:43:50+08:00" level=info msg="[GNB][UE] UE Masked Imeisv: 1110000000ffff00"
time="2026-08-11T20:43:50+08:00" level=info msg="[GNB][UE] Allowed Nssai-- Sst: [01 01] Sd: [010203 112233]"
time="2026-08-11T20:43:50+08:00" level=info msg="[GNB][NGAP][AMF] Send Initial Context Setup Response."
time="2026-08-11T20:43:50+08:00" level=info msg="[GNB] Initiating Initial Context Setup Response"
time="2026-08-11T20:43:50+08:00" level=info msg="[GNB][NGAP] No PDU Session to set up in InitialContextSetupResponse."
time="2026-08-11T20:43:50+08:00" level=info msg="[UE][NAS] Message with security header"
time="2026-08-11T20:43:50+08:00" level=info msg="[UE][NAS] Message with integrity and ciphered"
time="2026-08-11T20:43:50+08:00" level=info msg="[UE][NAS] successful NAS CIPHERING"
time="2026-08-11T20:43:50+08:00" level=info msg="[UE][NAS] successful NAS MAC verification"
time="2026-08-11T20:43:50+08:00" level=info msg="[UE][NAS] Receive Registration Accept"
time="2026-08-11T20:43:50+08:00" level=info msg="[UE][NAS] UE 5G GUTI: &{119 11 [242 2 248 57 202 254 0 0 0 1 152]}"
time="2026-08-11T20:43:50+08:00" level=info msg="[UE] Switched from state 2 to state 3"
time="2026-08-11T20:43:50+08:00" level=info msg="[GNB][SCTP] Receive message in 0 stream\n"
time="2026-08-11T20:43:50+08:00" level=info msg="[GNB][NGAP] Receive Initial Context Setup Request"
time="2026-08-11T20:43:50+08:00" level=info msg="[GNB][UE] UE Context was created with successful"
time="2026-08-11T20:43:50+08:00" level=info msg="[GNB][UE] UE RAN ID 78"
time="2026-08-11T20:43:50+08:00" level=info msg="[GNB][UE] UE AMF ID 77"
time="2026-08-11T20:43:50+08:00" level=info msg="[GNB][UE] UE Mobility Restrict --Plmn-- Mcc: 208 Mnc: 93"
time="2026-08-11T20:43:50+08:00" level=info msg="[GNB][UE] UE Masked Imeisv: 1110000000ffff00"
time="2026-08-11T20:43:50+08:00" level=info msg="[GNB][UE] Allowed Nssai-- Sst: [01 01] Sd: [010203 112233]"
time="2026-08-11T20:43:50+08:00" level=info msg="[GNB][NGAP][AMF] Send Initial Context Setup Response."
time="2026-08-11T20:43:50+08:00" level=info msg="[GNB] Initiating Initial Context Setup Response"
time="2026-08-11T20:43:50+08:00" level=info msg="[GNB][NGAP] No PDU Session to set up in InitialContextSetupResponse."
time="2026-08-11T20:43:50+08:00" level=info msg="[UE][NAS] Message with security header"
time="2026-08-11T20:43:50+08:00" level=info msg="[UE][NAS] Message with integrity and ciphered"
time="2026-08-11T20:43:50+08:00" level=info msg="[UE][NAS] successful NAS CIPHERING"
time="2026-08-11T20:43:50+08:00" level=info msg="[UE][NAS] successful NAS MAC verification"
time="2026-08-11T20:43:50+08:00" level=info msg="[UE][NAS] Receive Registration Accept"
time="2026-08-11T20:43:50+08:00" level=info msg="[UE][NAS] UE 5G GUTI: &{119 11 [242 2 248 57 202 254 0 0 0 0 13]}"
time="2026-08-11T20:43:50+08:00" level=info msg="[UE] Switched from state 2 to state 3"
time="2026-08-11T20:43:50+08:00" level=info msg="[GNB][SCTP] Receive message in 0 stream\n"
time="2026-08-11T20:43:50+08:00" level=info msg="[GNB][NGAP] Receive Initial Context Setup Request"
time="2026-08-11T20:43:50+08:00" level=info msg="[GNB][UE] UE Context was created with successful"
time="2026-08-11T20:43:50+08:00" level=info msg="[GNB][UE] UE RAN ID 89"
time="2026-08-11T20:43:50+08:00" level=info msg="[GNB][UE] UE AMF ID 88"
time="2026-08-11T20:43:50+08:00" level=info msg="[GNB][UE] UE Mobility Restrict --Plmn-- Mcc: 208 Mnc: 93"
time="2026-08-11T20:43:50+08:00" level=info msg="[GNB][UE] UE Masked Imeisv: 1110000000ffff00"
time="2026-08-11T20:43:50+08:00" level=info msg="[GNB][UE] Allowed Nssai-- Sst: [01 01] Sd: [010203 112233]"
time="2026-08-11T20:43:50+08:00" level=info msg="[GNB][NGAP][AMF] Send Initial Context Setup Response."
time="2026-08-11T20:43:50+08:00" level=info msg="[GNB] Initiating Initial Context Setup Response"
time="2026-08-11T20:43:50+08:00" level=info msg="[GNB][NGAP] No PDU Session to set up in InitialContextSetupResponse."
time="2026-08-11T20:43:50+08:00" level=info msg="[UE][NAS] Message with security header"
time="2026-08-11T20:43:50+08:00" level=info msg="[UE][NAS] Message with integrity and ciphered"
time="2026-08-11T20:43:50+08:00" level=info msg="[UE][NAS] successful NAS CIPHERING"
time="2026-08-11T20:43:50+08:00" level=info msg="[UE][NAS] successful NAS MAC verification"
time="2026-08-11T20:43:50+08:00" level=info msg="[UE][NAS] Receive Registration Accept"
time="2026-08-11T20:43:50+08:00" level=info msg="[UE][NAS] UE 5G GUTI: &{119 11 [242 2 248 57 202 254 0 0 0 0 30]}"
time="2026-08-11T20:43:50+08:00" level=info msg="[UE] Switched from state 2 to state 3"
time="2026-08-11T20:43:50+08:00" level=info msg="[GNB][SCTP] Receive message in 0 stream\n"
time="2026-08-11T20:43:50+08:00" level=info msg="[GNB][NGAP] Receive Downlink NAS Transport"
time="2026-08-11T20:43:50+08:00" level=info msg="[UE][NAS] Message with security header"
time="2026-08-11T20:43:50+08:00" level=info msg="[UE][NAS] Message with integrity and ciphered"
time="2026-08-11T20:43:50+08:00" level=info msg="[UE][NAS] successful NAS CIPHERING"
time="2026-08-11T20:43:50+08:00" level=info msg="[UE][NAS] successful NAS MAC verification"
time="2026-08-11T20:43:50+08:00" level=info msg="[UE][NAS] Receive Configuration Update Command"
time="2026-08-11T20:43:50+08:00" level=info msg="[UE] Initiating Configuration Update Complete"
time="2026-08-11T20:43:50+08:00" level=info msg="[GNB][SCTP] Receive message in 0 stream\n"
time="2026-08-11T20:43:50+08:00" level=info msg="[GNB][SCTP] Receive message in 0 stream\n"
time="2026-08-11T20:43:50+08:00" level=info msg="[GNB][NGAP] Receive Downlink NAS Transport"
time="2026-08-11T20:43:50+08:00" level=info msg="[UE][NAS] Message with security header"
time="2026-08-11T20:43:50+08:00" level=info msg="[UE][NAS] Message with integrity and ciphered"
time="2026-08-11T20:43:50+08:00" level=info msg="[UE][NAS] successful NAS CIPHERING"
time="2026-08-11T20:43:50+08:00" level=info msg="[UE][NAS] successful NAS MAC verification"
time="2026-08-11T20:43:50+08:00" level=info msg="[UE][NAS] Receive Configuration Update Command"
time="2026-08-11T20:43:50+08:00" level=info msg="[UE] Initiating Configuration Update Complete"
time="2026-08-11T20:43:50+08:00" level=info msg="[GNB][NGAP] Receive Downlink NAS Transport"
time="2026-08-11T20:43:50+08:00" level=info msg="[UE][NAS] Message with security header"
time="2026-08-11T20:43:50+08:00" level=info msg="[UE][NAS] Message with integrity and with NEW 5G NAS SECURITY CONTEXT"
time="2026-08-11T20:43:50+08:00" level=info msg="[UE][NAS] successful NAS MAC verification"
time="2026-08-11T20:43:50+08:00" level=info msg="[UE][NAS] Receive Security Mode Command"
time="2026-08-11T20:43:50+08:00" level=info msg="[UE][NAS] Type of ciphering algorithm is 5G-EA0"
time="2026-08-11T20:43:50+08:00" level=info msg="[UE][NAS] Type of integrity protection algorithm is 128-5G-IA2"
time="2026-08-11T20:43:50+08:00" level=info msg="[GNB][SCTP] Receive message in 0 stream\n"
time="2026-08-11T20:43:50+08:00" level=info msg="[GNB][NGAP] Receive Initial Context Setup Request"
time="2026-08-11T20:43:50+08:00" level=info msg="[GNB][UE] UE Context was created with successful"
time="2026-08-11T20:43:50+08:00" level=info msg="[GNB][UE] UE RAN ID 59"
time="2026-08-11T20:43:50+08:00" level=info msg="[GNB][UE] UE AMF ID 58"
time="2026-08-11T20:43:50+08:00" level=info msg="[GNB][UE] UE Mobility Restrict --Plmn-- Mcc: 208 Mnc: 93"
time="2026-08-11T20:43:50+08:00" level=info msg="[GNB][UE] UE Masked Imeisv: 1110000000ffff00"
time="2026-08-11T20:43:50+08:00" level=info msg="[GNB][UE] Allowed Nssai-- Sst: [01 01] Sd: [010203 112233]"
time="2026-08-11T20:43:50+08:00" level=info msg="[GNB][NGAP][AMF] Send Initial Context Setup Response."
time="2026-08-11T20:43:50+08:00" level=info msg="[GNB] Initiating Initial Context Setup Response"
time="2026-08-11T20:43:50+08:00" level=info msg="[GNB][NGAP] No PDU Session to set up in InitialContextSetupResponse."
time="2026-08-11T20:43:50+08:00" level=info msg="[UE][NAS] Message with security header"
time="2026-08-11T20:43:50+08:00" level=info msg="[UE][NAS] Message with integrity and ciphered"
time="2026-08-11T20:43:50+08:00" level=info msg="[UE][NAS] successful NAS CIPHERING"
time="2026-08-11T20:43:50+08:00" level=info msg="[UE][NAS] successful NAS MAC verification"
time="2026-08-11T20:43:50+08:00" level=info msg="[UE][NAS] Receive Registration Accept"
time="2026-08-11T20:43:50+08:00" level=info msg="[UE][NAS] UE 5G GUTI: &{119 11 [242 2 248 57 202 254 0 0 0 0 32]}"
time="2026-08-11T20:43:50+08:00" level=info msg="[UE] Switched from state 2 to state 3"
time="2026-08-11T20:43:50+08:00" level=info msg="[GNB][SCTP] Receive message in 0 stream\n"
time="2026-08-11T20:43:50+08:00" level=info msg="[GNB][SCTP] Receive message in 0 stream\n"
time="2026-08-11T20:43:50+08:00" level=info msg="[GNB][NGAP] Receive Initial Context Setup Request"
time="2026-08-11T20:43:50+08:00" level=info msg="[GNB][UE] UE Context was created with successful"
time="2026-08-11T20:43:50+08:00" level=info msg="[GNB][UE] UE RAN ID 80"
time="2026-08-11T20:43:50+08:00" level=info msg="[GNB][UE] UE AMF ID 79"
time="2026-08-11T20:43:50+08:00" level=info msg="[GNB][UE] UE Mobility Restrict --Plmn-- Mcc: 208 Mnc: 93"
time="2026-08-11T20:43:50+08:00" level=info msg="[GNB][UE] UE Masked Imeisv: 1110000000ffff00"
time="2026-08-11T20:43:50+08:00" level=info msg="[GNB][UE] Allowed Nssai-- Sst: [01 01] Sd: [010203 112233]"
time="2026-08-11T20:43:50+08:00" level=info msg="[GNB][NGAP][AMF] Send Initial Context Setup Response."
time="2026-08-11T20:43:50+08:00" level=info msg="[GNB] Initiating Initial Context Setup Response"
time="2026-08-11T20:43:50+08:00" level=info msg="[GNB][NGAP] No PDU Session to set up in InitialContextSetupResponse."
time="2026-08-11T20:43:50+08:00" level=info msg="[UE][NAS] Message with security header"
time="2026-08-11T20:43:50+08:00" level=info msg="[UE][NAS] Message with integrity and ciphered"
time="2026-08-11T20:43:50+08:00" level=info msg="[UE][NAS] successful NAS CIPHERING"
time="2026-08-11T20:43:50+08:00" level=info msg="[UE][NAS] successful NAS MAC verification"
time="2026-08-11T20:43:50+08:00" level=info msg="[UE][NAS] Receive Registration Accept"
time="2026-08-11T20:43:50+08:00" level=info msg="[UE][NAS] UE 5G GUTI: &{119 11 [242 2 248 57 202 254 0 0 0 0 19]}"
time="2026-08-11T20:43:50+08:00" level=info msg="[GNB][NGAP] Receive Downlink NAS Transport"
time="2026-08-11T20:43:50+08:00" level=info msg="[UE][NAS] Message with security header"
time="2026-08-11T20:43:50+08:00" level=info msg="[UE][NAS] Message with integrity and ciphered"
time="2026-08-11T20:43:50+08:00" level=info msg="[UE][NAS] successful NAS CIPHERING"
time="2026-08-11T20:43:50+08:00" level=info msg="[UE][NAS] successful NAS MAC verification"
time="2026-08-11T20:43:50+08:00" level=info msg="[UE][NAS] Receive Configuration Update Command"
time="2026-08-11T20:43:50+08:00" level=info msg="[UE] Initiating Configuration Update Complete"
time="2026-08-11T20:43:50+08:00" level=info msg="[UE] Switched from state 2 to state 3"
time="2026-08-11T20:43:50+08:00" level=info msg="[GNB][SCTP] Receive message in 0 stream\n"
time="2026-08-11T20:43:50+08:00" level=info msg="[GNB][SCTP] Receive message in 0 stream\n"
time="2026-08-11T20:43:50+08:00" level=info msg="[GNB][NGAP] Receive Initial Context Setup Request"
time="2026-08-11T20:43:50+08:00" level=info msg="[GNB][UE] UE Context was created with successful"
time="2026-08-11T20:43:50+08:00" level=info msg="[GNB][UE] UE RAN ID 57"
time="2026-08-11T20:43:50+08:00" level=info msg="[GNB][UE] UE AMF ID 56"
time="2026-08-11T20:43:50+08:00" level=info msg="[GNB][UE] UE Mobility Restrict --Plmn-- Mcc: 208 Mnc: 93"
time="2026-08-11T20:43:50+08:00" level=info msg="[GNB][UE] UE Masked Imeisv: 1110000000ffff00"
time="2026-08-11T20:43:50+08:00" level=info msg="[GNB][UE] Allowed Nssai-- Sst: [01 01] Sd: [010203 112233]"
time="2026-08-11T20:43:50+08:00" level=info msg="[GNB][NGAP][AMF] Send Initial Context Setup Response."
time="2026-08-11T20:43:50+08:00" level=info msg="[GNB] Initiating Initial Context Setup Response"
time="2026-08-11T20:43:50+08:00" level=info msg="[GNB][NGAP] No PDU Session to set up in InitialContextSetupResponse."
time="2026-08-11T20:43:50+08:00" level=info msg="[UE][NAS] Message with security header"
time="2026-08-11T20:43:50+08:00" level=info msg="[UE][NAS] Message with integrity and ciphered"
time="2026-08-11T20:43:50+08:00" level=info msg="[UE][NAS] successful NAS CIPHERING"
time="2026-08-11T20:43:50+08:00" level=info msg="[UE][NAS] successful NAS MAC verification"
time="2026-08-11T20:43:50+08:00" level=info msg="[UE][NAS] Receive Registration Accept"
time="2026-08-11T20:43:50+08:00" level=info msg="[UE][NAS] UE 5G GUTI: &{119 11 [242 2 248 57 202 254 0 0 0 0 22]}"
time="2026-08-11T20:43:50+08:00" level=info msg="[UE] Switched from state 2 to state 3"
time="2026-08-11T20:43:50+08:00" level=info msg="[GNB][NGAP] Receive Initial Context Setup Request"
time="2026-08-11T20:43:50+08:00" level=info msg="[GNB][UE] UE Context was created with successful"
time="2026-08-11T20:43:50+08:00" level=info msg="[GNB][UE] UE RAN ID 60"
time="2026-08-11T20:43:50+08:00" level=info msg="[GNB][UE] UE AMF ID 59"
time="2026-08-11T20:43:50+08:00" level=info msg="[GNB][UE] UE Mobility Restrict --Plmn-- Mcc: 208 Mnc: 93"
time="2026-08-11T20:43:50+08:00" level=info msg="[GNB][UE] UE Masked Imeisv: 1110000000ffff00"
time="2026-08-11T20:43:50+08:00" level=info msg="[GNB][UE] Allowed Nssai-- Sst: [01 01] Sd: [010203 112233]"
time="2026-08-11T20:43:50+08:00" level=info msg="[GNB][NGAP][AMF] Send Initial Context Setup Response."
time="2026-08-11T20:43:50+08:00" level=info msg="[GNB] Initiating Initial Context Setup Response"
time="2026-08-11T20:43:50+08:00" level=info msg="[GNB][NGAP] No PDU Session to set up in InitialContextSetupResponse."
time="2026-08-11T20:43:50+08:00" level=info msg="[UE][NAS] Message with security header"
time="2026-08-11T20:43:50+08:00" level=info msg="[UE][NAS] Message with integrity and ciphered"
time="2026-08-11T20:43:50+08:00" level=info msg="[UE][NAS] successful NAS CIPHERING"
time="2026-08-11T20:43:50+08:00" level=info msg="[UE][NAS] successful NAS MAC verification"
time="2026-08-11T20:43:50+08:00" level=info msg="[UE][NAS] Receive Registration Accept"
time="2026-08-11T20:43:50+08:00" level=info msg="[UE][NAS] UE 5G GUTI: &{119 11 [242 2 248 57 202 254 0 0 0 0 21]}"
time="2026-08-11T20:43:50+08:00" level=info msg="[UE] Switched from state 2 to state 3"
time="2026-08-11T20:43:50+08:00" level=info msg="[GNB][SCTP] Receive message in 0 stream\n"
time="2026-08-11T20:43:50+08:00" level=info msg="[GNB][SCTP] Receive message in 0 stream\n"
time="2026-08-11T20:43:50+08:00" level=info msg="[GNB][NGAP] Receive Initial Context Setup Request"
time="2026-08-11T20:43:50+08:00" level=info msg="[GNB][UE] UE Context was created with successful"
time="2026-08-11T20:43:50+08:00" level=info msg="[GNB][UE] UE RAN ID 34"
time="2026-08-11T20:43:50+08:00" level=info msg="[GNB][UE] UE AMF ID 33"
time="2026-08-11T20:43:50+08:00" level=info msg="[GNB][UE] UE Mobility Restrict --Plmn-- Mcc: 208 Mnc: 93"
time="2026-08-11T20:43:50+08:00" level=info msg="[GNB][UE] UE Masked Imeisv: 1110000000ffff00"
time="2026-08-11T20:43:50+08:00" level=info msg="[GNB][UE] Allowed Nssai-- Sst: [01 01] Sd: [010203 112233]"
time="2026-08-11T20:43:50+08:00" level=info msg="[GNB][NGAP][AMF] Send Initial Context Setup Response."
time="2026-08-11T20:43:50+08:00" level=info msg="[GNB] Initiating Initial Context Setup Response"
time="2026-08-11T20:43:50+08:00" level=info msg="[GNB][NGAP] No PDU Session to set up in InitialContextSetupResponse."
time="2026-08-11T20:43:50+08:00" level=info msg="[UE][NAS] Message with security header"
time="2026-08-11T20:43:50+08:00" level=info msg="[UE][NAS] Message with integrity and ciphered"
time="2026-08-11T20:43:50+08:00" level=info msg="[UE][NAS] successful NAS CIPHERING"
time="2026-08-11T20:43:50+08:00" level=info msg="[UE][NAS] successful NAS MAC verification"
time="2026-08-11T20:43:50+08:00" level=info msg="[UE][NAS] Receive Registration Accept"
time="2026-08-11T20:43:50+08:00" level=info msg="[UE][NAS] UE 5G GUTI: &{119 11 [242 2 248 57 202 254 0 0 0 1 158]}"
time="2026-08-11T20:43:50+08:00" level=info msg="[UE] Switched from state 2 to state 3"
time="2026-08-11T20:43:50+08:00" level=info msg="[GNB][NGAP] Receive Initial Context Setup Request"
time="2026-08-11T20:43:50+08:00" level=info msg="[GNB][UE] UE Context was created with successful"
time="2026-08-11T20:43:50+08:00" level=info msg="[GNB][UE] UE RAN ID 83"
time="2026-08-11T20:43:50+08:00" level=info msg="[GNB][UE] UE AMF ID 82"
time="2026-08-11T20:43:50+08:00" level=info msg="[GNB][UE] UE Mobility Restrict --Plmn-- Mcc: 208 Mnc: 93"
time="2026-08-11T20:43:50+08:00" level=info msg="[GNB][UE] UE Masked Imeisv: 1110000000ffff00"
time="2026-08-11T20:43:50+08:00" level=info msg="[GNB][UE] Allowed Nssai-- Sst: [01 01] Sd: [010203 112233]"
time="2026-08-11T20:43:50+08:00" level=info msg="[GNB][NGAP][AMF] Send Initial Context Setup Response."
time="2026-08-11T20:43:50+08:00" level=info msg="[GNB] Initiating Initial Context Setup Response"
time="2026-08-11T20:43:50+08:00" level=info msg="[GNB][NGAP] No PDU Session to set up in InitialContextSetupResponse."
time="2026-08-11T20:43:50+08:00" level=info msg="[UE][NAS] Message with security header"
time="2026-08-11T20:43:50+08:00" level=info msg="[UE][NAS] Message with integrity and ciphered"
time="2026-08-11T20:43:50+08:00" level=info msg="[UE][NAS] successful NAS CIPHERING"
time="2026-08-11T20:43:50+08:00" level=info msg="[UE][NAS] successful NAS MAC verification"
time="2026-08-11T20:43:50+08:00" level=info msg="[UE][NAS] Receive Registration Accept"
time="2026-08-11T20:43:50+08:00" level=info msg="[UE][NAS] UE 5G GUTI: &{119 11 [242 2 248 57 202 254 0 0 0 0 28]}"
time="2026-08-11T20:43:50+08:00" level=info msg="[UE] Switched from state 2 to state 3"
time="2026-08-11T20:43:50+08:00" level=info msg="[GNB][SCTP] Receive message in 0 stream\n"
time="2026-08-11T20:43:50+08:00" level=info msg="[GNB][NGAP] Receive Downlink NAS Transport"
time="2026-08-11T20:43:50+08:00" level=info msg="[UE][NAS] Message with security header"
time="2026-08-11T20:43:50+08:00" level=info msg="[UE][NAS] Message with integrity and ciphered"
time="2026-08-11T20:43:50+08:00" level=info msg="[UE][NAS] successful NAS CIPHERING"
time="2026-08-11T20:43:50+08:00" level=info msg="[UE][NAS] successful NAS MAC verification"
time="2026-08-11T20:43:50+08:00" level=info msg="[UE][NAS] Receive Configuration Update Command"
time="2026-08-11T20:43:50+08:00" level=info msg="[UE] Initiating Configuration Update Complete"
time="2026-08-11T20:43:50+08:00" level=info msg="[GNB][SCTP] Receive message in 0 stream\n"
time="2026-08-11T20:43:50+08:00" level=info msg="[GNB][NGAP] Receive Initial Context Setup Request"
time="2026-08-11T20:43:50+08:00" level=info msg="[GNB][UE] UE Context was created with successful"
time="2026-08-11T20:43:50+08:00" level=info msg="[GNB][UE] UE RAN ID 74"
time="2026-08-11T20:43:50+08:00" level=info msg="[GNB][UE] UE AMF ID 73"
time="2026-08-11T20:43:50+08:00" level=info msg="[GNB][UE] UE Mobility Restrict --Plmn-- Mcc: 208 Mnc: 93"
time="2026-08-11T20:43:50+08:00" level=info msg="[GNB][UE] UE Masked Imeisv: 1110000000ffff00"
time="2026-08-11T20:43:50+08:00" level=info msg="[GNB][UE] Allowed Nssai-- Sst: [01 01] Sd: [010203 112233]"
time="2026-08-11T20:43:50+08:00" level=info msg="[GNB][NGAP][AMF] Send Initial Context Setup Response."
time="2026-08-11T20:43:50+08:00" level=info msg="[GNB] Initiating Initial Context Setup Response"
time="2026-08-11T20:43:50+08:00" level=info msg="[GNB][NGAP] No PDU Session to set up in InitialContextSetupResponse."
time="2026-08-11T20:43:50+08:00" level=info msg="[UE][NAS] Message with security header"
time="2026-08-11T20:43:50+08:00" level=info msg="[UE][NAS] Message with integrity and ciphered"
time="2026-08-11T20:43:50+08:00" level=info msg="[UE][NAS] successful NAS CIPHERING"
time="2026-08-11T20:43:50+08:00" level=info msg="[UE][NAS] successful NAS MAC verification"
time="2026-08-11T20:43:50+08:00" level=info msg="[UE][NAS] Receive Registration Accept"
time="2026-08-11T20:43:50+08:00" level=info msg="[UE][NAS] UE 5G GUTI: &{119 11 [242 2 248 57 202 254 0 0 0 0 17]}"
time="2026-08-11T20:43:50+08:00" level=info msg="[UE] Switched from state 2 to state 3"
time="2026-08-11T20:43:51+08:00" level=info msg="[GNB][SCTP] Receive message in 0 stream\n"
time="2026-08-11T20:43:51+08:00" level=info msg="[GNB][NGAP] Receive Initial Context Setup Request"
time="2026-08-11T20:43:51+08:00" level=info msg="[GNB][UE] UE Context was created with successful"
time="2026-08-11T20:43:51+08:00" level=info msg="[GNB][UE] UE RAN ID 87"
time="2026-08-11T20:43:51+08:00" level=info msg="[GNB][UE] UE AMF ID 86"
time="2026-08-11T20:43:51+08:00" level=info msg="[GNB][UE] UE Mobility Restrict --Plmn-- Mcc: 208 Mnc: 93"
time="2026-08-11T20:43:51+08:00" level=info msg="[GNB][UE] UE Masked Imeisv: 1110000000ffff00"
time="2026-08-11T20:43:51+08:00" level=info msg="[GNB][UE] Allowed Nssai-- Sst: [01 01] Sd: [010203 112233]"
time="2026-08-11T20:43:51+08:00" level=info msg="[GNB][NGAP][AMF] Send Initial Context Setup Response."
time="2026-08-11T20:43:51+08:00" level=info msg="[GNB] Initiating Initial Context Setup Response"
time="2026-08-11T20:43:51+08:00" level=info msg="[GNB][NGAP] No PDU Session to set up in InitialContextSetupResponse."
time="2026-08-11T20:43:51+08:00" level=info msg="[UE][NAS] Message with security header"
time="2026-08-11T20:43:51+08:00" level=info msg="[UE][NAS] Message with integrity and ciphered"
time="2026-08-11T20:43:51+08:00" level=info msg="[UE][NAS] successful NAS CIPHERING"
time="2026-08-11T20:43:51+08:00" level=info msg="[UE][NAS] successful NAS MAC verification"
time="2026-08-11T20:43:51+08:00" level=info msg="[UE][NAS] Receive Registration Accept"
time="2026-08-11T20:43:51+08:00" level=info msg="[UE][NAS] UE 5G GUTI: &{119 11 [242 2 248 57 202 254 0 0 0 0 36]}"
time="2026-08-11T20:43:51+08:00" level=info msg="[UE] Switched from state 2 to state 3"
time="2026-08-11T20:43:51+08:00" level=info msg="[GNB][SCTP] Receive message in 0 stream\n"
time="2026-08-11T20:43:51+08:00" level=info msg="[GNB][NGAP] Receive Downlink NAS Transport"
time="2026-08-11T20:43:51+08:00" level=info msg="[UE][NAS] Message with security header"
time="2026-08-11T20:43:51+08:00" level=info msg="[UE][NAS] Message with integrity and ciphered"
time="2026-08-11T20:43:51+08:00" level=info msg="[UE][NAS] successful NAS CIPHERING"
time="2026-08-11T20:43:51+08:00" level=info msg="[UE][NAS] successful NAS MAC verification"
time="2026-08-11T20:43:51+08:00" level=info msg="[UE][NAS] Receive Configuration Update Command"
time="2026-08-11T20:43:51+08:00" level=info msg="[UE] Initiating Configuration Update Complete"
time="2026-08-11T20:43:51+08:00" level=info msg="[GNB][SCTP] Receive message in 0 stream\n"
time="2026-08-11T20:43:51+08:00" level=info msg="[GNB][NGAP] Receive Initial Context Setup Request"
time="2026-08-11T20:43:51+08:00" level=info msg="[GNB][UE] UE Context was created with successful"
time="2026-08-11T20:43:51+08:00" level=info msg="[GNB][UE] UE RAN ID 44"
time="2026-08-11T20:43:51+08:00" level=info msg="[GNB][UE] UE AMF ID 43"
time="2026-08-11T20:43:51+08:00" level=info msg="[GNB][UE] UE Mobility Restrict --Plmn-- Mcc: 208 Mnc: 93"
time="2026-08-11T20:43:51+08:00" level=info msg="[GNB][UE] UE Masked Imeisv: 1110000000ffff00"
time="2026-08-11T20:43:51+08:00" level=info msg="[GNB][UE] Allowed Nssai-- Sst: [01 01] Sd: [010203 112233]"
time="2026-08-11T20:43:51+08:00" level=info msg="[GNB][NGAP][AMF] Send Initial Context Setup Response."
time="2026-08-11T20:43:51+08:00" level=info msg="[GNB] Initiating Initial Context Setup Response"
time="2026-08-11T20:43:51+08:00" level=info msg="[GNB][NGAP] No PDU Session to set up in InitialContextSetupResponse."
time="2026-08-11T20:43:51+08:00" level=info msg="[UE][NAS] Message with security header"
time="2026-08-11T20:43:51+08:00" level=info msg="[UE][NAS] Message with integrity and ciphered"
time="2026-08-11T20:43:51+08:00" level=info msg="[UE][NAS] successful NAS CIPHERING"
time="2026-08-11T20:43:51+08:00" level=info msg="[UE][NAS] successful NAS MAC verification"
time="2026-08-11T20:43:51+08:00" level=info msg="[UE][NAS] Receive Registration Accept"
time="2026-08-11T20:43:51+08:00" level=info msg="[UE][NAS] UE 5G GUTI: &{119 11 [242 2 248 57 202 254 0 0 0 0 14]}"
time="2026-08-11T20:43:51+08:00" level=info msg="[UE] Switched from state 2 to state 3"
time="2026-08-11T20:43:51+08:00" level=info msg="[GNB][SCTP] Receive message in 0 stream\n"
time="2026-08-11T20:43:51+08:00" level=info msg="[GNB][NGAP] Receive Initial Context Setup Request"
time="2026-08-11T20:43:51+08:00" level=info msg="[GNB][UE] UE Context was created with successful"
time="2026-08-11T20:43:51+08:00" level=info msg="[GNB][UE] UE RAN ID 75"
time="2026-08-11T20:43:51+08:00" level=info msg="[GNB][UE] UE AMF ID 74"
time="2026-08-11T20:43:51+08:00" level=info msg="[GNB][UE] UE Mobility Restrict --Plmn-- Mcc: 208 Mnc: 93"
time="2026-08-11T20:43:51+08:00" level=info msg="[GNB][UE] UE Masked Imeisv: 1110000000ffff00"
time="2026-08-11T20:43:51+08:00" level=info msg="[GNB][UE] Allowed Nssai-- Sst: [01 01] Sd: [010203 112233]"
time="2026-08-11T20:43:51+08:00" level=info msg="[GNB][NGAP][AMF] Send Initial Context Setup Response."
time="2026-08-11T20:43:51+08:00" level=info msg="[GNB] Initiating Initial Context Setup Response"
time="2026-08-11T20:43:51+08:00" level=info msg="[GNB][NGAP] No PDU Session to set up in InitialContextSetupResponse."
time="2026-08-11T20:43:51+08:00" level=info msg="[UE][NAS] Message with security header"
time="2026-08-11T20:43:51+08:00" level=info msg="[UE][NAS] Message with integrity and ciphered"
time="2026-08-11T20:43:51+08:00" level=info msg="[UE][NAS] successful NAS CIPHERING"
time="2026-08-11T20:43:51+08:00" level=info msg="[UE][NAS] successful NAS MAC verification"
time="2026-08-11T20:43:51+08:00" level=info msg="[UE][NAS] Receive Registration Accept"
time="2026-08-11T20:43:51+08:00" level=info msg="[UE][NAS] UE 5G GUTI: &{119 11 [242 2 248 57 202 254 0 0 0 0 22]}"
time="2026-08-11T20:43:51+08:00" level=info msg="[UE] Switched from state 2 to state 3"
time="2026-08-11T20:43:51+08:00" level=info msg="[GNB][SCTP] Receive message in 0 stream\n"
time="2026-08-11T20:43:51+08:00" level=info msg="[GNB][NGAP] Receive Initial Context Setup Request"
time="2026-08-11T20:43:51+08:00" level=info msg="[GNB][UE] UE Context was created with successful"
time="2026-08-11T20:43:51+08:00" level=info msg="[GNB][UE] UE RAN ID 47"
time="2026-08-11T20:43:51+08:00" level=info msg="[GNB][UE] UE AMF ID 46"
time="2026-08-11T20:43:51+08:00" level=info msg="[GNB][UE] UE Mobility Restrict --Plmn-- Mcc: 208 Mnc: 93"
time="2026-08-11T20:43:51+08:00" level=info msg="[GNB][UE] UE Masked Imeisv: 1110000000ffff00"
time="2026-08-11T20:43:51+08:00" level=info msg="[GNB][UE] Allowed Nssai-- Sst: [01 01] Sd: [010203 112233]"
time="2026-08-11T20:43:51+08:00" level=info msg="[GNB][NGAP][AMF] Send Initial Context Setup Response."
time="2026-08-11T20:43:51+08:00" level=info msg="[GNB] Initiating Initial Context Setup Response"
time="2026-08-11T20:43:51+08:00" level=info msg="[GNB][NGAP] No PDU Session to set up in InitialContextSetupResponse."
time="2026-08-11T20:43:51+08:00" level=info msg="[UE][NAS] Message with security header"
time="2026-08-11T20:43:51+08:00" level=info msg="[UE][NAS] Message with integrity and ciphered"
time="2026-08-11T20:43:51+08:00" level=info msg="[UE][NAS] successful NAS CIPHERING"
time="2026-08-11T20:43:51+08:00" level=info msg="[UE][NAS] successful NAS MAC verification"
time="2026-08-11T20:43:51+08:00" level=info msg="[UE][NAS] Receive Registration Accept"
time="2026-08-11T20:43:51+08:00" level=info msg="[UE][NAS] UE 5G GUTI: &{119 11 [242 2 248 57 202 254 0 0 0 0 28]}"
time="2026-08-11T20:43:51+08:00" level=info msg="[UE] Switched from state 2 to state 3"
time="2026-08-11T20:43:51+08:00" level=info msg="[GNB][SCTP] Receive message in 0 stream\n"
time="2026-08-11T20:43:51+08:00" level=info msg="[GNB][SCTP] Receive message in 0 stream\n"
time="2026-08-11T20:43:51+08:00" level=info msg="[GNB][NGAP] Receive Initial Context Setup Request"
time="2026-08-11T20:43:51+08:00" level=info msg="[GNB][UE] UE Context was created with successful"
time="2026-08-11T20:43:51+08:00" level=info msg="[GNB][UE] UE RAN ID 70"
time="2026-08-11T20:43:51+08:00" level=info msg="[GNB][UE] UE AMF ID 69"
time="2026-08-11T20:43:51+08:00" level=info msg="[GNB][UE] UE Mobility Restrict --Plmn-- Mcc: 208 Mnc: 93"
time="2026-08-11T20:43:51+08:00" level=info msg="[GNB][UE] UE Masked Imeisv: 1110000000ffff00"
time="2026-08-11T20:43:51+08:00" level=info msg="[GNB][UE] Allowed Nssai-- Sst: [01 01] Sd: [010203 112233]"
time="2026-08-11T20:43:51+08:00" level=info msg="[GNB][NGAP][AMF] Send Initial Context Setup Response."
time="2026-08-11T20:43:51+08:00" level=info msg="[GNB] Initiating Initial Context Setup Response"
time="2026-08-11T20:43:51+08:00" level=info msg="[GNB][NGAP] No PDU Session to set up in InitialContextSetupResponse."
time="2026-08-11T20:43:51+08:00" level=info msg="[UE][NAS] Message with security header"
time="2026-08-11T20:43:51+08:00" level=info msg="[UE][NAS] Message with integrity and ciphered"
time="2026-08-11T20:43:51+08:00" level=info msg="[UE][NAS] successful NAS CIPHERING"
time="2026-08-11T20:43:51+08:00" level=info msg="[UE][NAS] successful NAS MAC verification"
time="2026-08-11T20:43:51+08:00" level=info msg="[UE][NAS] Receive Registration Accept"
time="2026-08-11T20:43:51+08:00" level=info msg="[UE][NAS] UE 5G GUTI: &{119 11 [242 2 248 57 202 254 0 0 0 0 29]}"
time="2026-08-11T20:43:51+08:00" level=info msg="[UE] Switched from state 2 to state 3"
time="2026-08-11T20:43:51+08:00" level=info msg="[GNB][NGAP] Receive Initial Context Setup Request"
time="2026-08-11T20:43:51+08:00" level=info msg="[GNB][UE] UE Context was created with successful"
time="2026-08-11T20:43:51+08:00" level=info msg="[GNB][UE] UE RAN ID 82"
time="2026-08-11T20:43:51+08:00" level=info msg="[GNB][UE] UE AMF ID 81"
time="2026-08-11T20:43:51+08:00" level=info msg="[GNB][UE] UE Mobility Restrict --Plmn-- Mcc: 208 Mnc: 93"
time="2026-08-11T20:43:51+08:00" level=info msg="[GNB][UE] UE Masked Imeisv: 1110000000ffff00"
time="2026-08-11T20:43:51+08:00" level=info msg="[GNB][UE] Allowed Nssai-- Sst: [01 01] Sd: [010203 112233]"
time="2026-08-11T20:43:51+08:00" level=info msg="[GNB][NGAP][AMF] Send Initial Context Setup Response."
time="2026-08-11T20:43:51+08:00" level=info msg="[GNB] Initiating Initial Context Setup Response"
time="2026-08-11T20:43:51+08:00" level=info msg="[GNB][NGAP] No PDU Session to set up in InitialContextSetupResponse."
time="2026-08-11T20:43:51+08:00" level=info msg="[UE][NAS] Message with security header"
time="2026-08-11T20:43:51+08:00" level=info msg="[UE][NAS] Message with integrity and ciphered"
time="2026-08-11T20:43:51+08:00" level=info msg="[UE][NAS] successful NAS CIPHERING"
time="2026-08-11T20:43:51+08:00" level=info msg="[UE][NAS] successful NAS MAC verification"
time="2026-08-11T20:43:51+08:00" level=info msg="[UE][NAS] Receive Registration Accept"
time="2026-08-11T20:43:51+08:00" level=info msg="[UE][NAS] UE 5G GUTI: &{119 11 [242 2 248 57 202 254 0 0 0 0 23]}"
time="2026-08-11T20:43:51+08:00" level=info msg="[UE] Switched from state 2 to state 3"
time="2026-08-11T20:43:51+08:00" level=info msg="[GNB][SCTP] Receive message in 0 stream\n"
time="2026-08-11T20:43:51+08:00" level=info msg="[GNB][NGAP] Receive Downlink NAS Transport"
time="2026-08-11T20:43:51+08:00" level=info msg="[UE][NAS] Message with security header"
time="2026-08-11T20:43:51+08:00" level=info msg="[UE][NAS] Message with integrity and with NEW 5G NAS SECURITY CONTEXT"
time="2026-08-11T20:43:51+08:00" level=info msg="[UE][NAS] successful NAS MAC verification"
time="2026-08-11T20:43:51+08:00" level=info msg="[UE][NAS] Receive Security Mode Command"
time="2026-08-11T20:43:51+08:00" level=info msg="[UE][NAS] Type of ciphering algorithm is 5G-EA0"
time="2026-08-11T20:43:51+08:00" level=info msg="[UE][NAS] Type of integrity protection algorithm is 128-5G-IA2"
time="2026-08-11T20:43:51+08:00" level=info msg="[GNB][SCTP] Receive message in 0 stream\n"
time="2026-08-11T20:43:51+08:00" level=info msg="[GNB][NGAP] Receive Initial Context Setup Request"
time="2026-08-11T20:43:51+08:00" level=info msg="[GNB][UE] UE Context was created with successful"
time="2026-08-11T20:43:51+08:00" level=info msg="[GNB][UE] UE RAN ID 84"
time="2026-08-11T20:43:51+08:00" level=info msg="[GNB][UE] UE AMF ID 83"
time="2026-08-11T20:43:51+08:00" level=info msg="[GNB][UE] UE Mobility Restrict --Plmn-- Mcc: 208 Mnc: 93"
time="2026-08-11T20:43:51+08:00" level=info msg="[GNB][UE] UE Masked Imeisv: 1110000000ffff00"
time="2026-08-11T20:43:51+08:00" level=info msg="[GNB][UE] Allowed Nssai-- Sst: [01 01] Sd: [010203 112233]"
time="2026-08-11T20:43:51+08:00" level=info msg="[GNB][NGAP][AMF] Send Initial Context Setup Response."
time="2026-08-11T20:43:51+08:00" level=info msg="[GNB] Initiating Initial Context Setup Response"
time="2026-08-11T20:43:51+08:00" level=info msg="[GNB][NGAP] No PDU Session to set up in InitialContextSetupResponse."
time="2026-08-11T20:43:51+08:00" level=info msg="[UE][NAS] Message with security header"
time="2026-08-11T20:43:51+08:00" level=info msg="[UE][NAS] Message with integrity and ciphered"
time="2026-08-11T20:43:51+08:00" level=info msg="[UE][NAS] successful NAS CIPHERING"
time="2026-08-11T20:43:51+08:00" level=info msg="[UE][NAS] successful NAS MAC verification"
time="2026-08-11T20:43:51+08:00" level=info msg="[UE][NAS] Receive Registration Accept"
time="2026-08-11T20:43:51+08:00" level=info msg="[UE][NAS] UE 5G GUTI: &{119 11 [242 2 248 57 202 254 0 0 0 0 15]}"
time="2026-08-11T20:43:51+08:00" level=info msg="[UE] Switched from state 2 to state 3"
time="2026-08-11T20:43:51+08:00" level=info msg="[GNB][SCTP] Receive message in 0 stream\n"
time="2026-08-11T20:43:51+08:00" level=info msg="[GNB][NGAP] Receive Initial Context Setup Request"
time="2026-08-11T20:43:51+08:00" level=info msg="[GNB][UE] UE Context was created with successful"
time="2026-08-11T20:43:51+08:00" level=info msg="[GNB][UE] UE RAN ID 68"
time="2026-08-11T20:43:51+08:00" level=info msg="[GNB][UE] UE AMF ID 67"
time="2026-08-11T20:43:51+08:00" level=info msg="[GNB][UE] UE Mobility Restrict --Plmn-- Mcc: 208 Mnc: 93"
time="2026-08-11T20:43:51+08:00" level=info msg="[GNB][UE] UE Masked Imeisv: 1110000000ffff00"
time="2026-08-11T20:43:51+08:00" level=info msg="[GNB][UE] Allowed Nssai-- Sst: [01 01] Sd: [010203 112233]"
time="2026-08-11T20:43:51+08:00" level=info msg="[GNB][NGAP][AMF] Send Initial Context Setup Response."
time="2026-08-11T20:43:51+08:00" level=info msg="[GNB] Initiating Initial Context Setup Response"
time="2026-08-11T20:43:51+08:00" level=info msg="[GNB][NGAP] No PDU Session to set up in InitialContextSetupResponse."
time="2026-08-11T20:43:51+08:00" level=info msg="[UE][NAS] Message with security header"
time="2026-08-11T20:43:51+08:00" level=info msg="[UE][NAS] Message with integrity and ciphered"
time="2026-08-11T20:43:51+08:00" level=info msg="[UE][NAS] successful NAS CIPHERING"
time="2026-08-11T20:43:51+08:00" level=info msg="[UE][NAS] successful NAS MAC verification"
time="2026-08-11T20:43:51+08:00" level=info msg="[UE][NAS] Receive Registration Accept"
time="2026-08-11T20:43:51+08:00" level=info msg="[UE][NAS] UE 5G GUTI: &{119 11 [242 2 248 57 202 254 0 0 0 0 27]}"
time="2026-08-11T20:43:51+08:00" level=info msg="[UE] Switched from state 2 to state 3"
time="2026-08-11T20:43:51+08:00" level=info msg="[GNB][SCTP] Receive message in 0 stream\n"
time="2026-08-11T20:43:51+08:00" level=info msg="[GNB][NGAP] Receive Initial Context Setup Request"
time="2026-08-11T20:43:51+08:00" level=info msg="[GNB][UE] UE Context was created with successful"
time="2026-08-11T20:43:51+08:00" level=info msg="[GNB][UE] UE RAN ID 24"
time="2026-08-11T20:43:51+08:00" level=info msg="[GNB][UE] UE AMF ID 23"
time="2026-08-11T20:43:51+08:00" level=info msg="[GNB][UE] UE Mobility Restrict --Plmn-- Mcc: 208 Mnc: 93"
time="2026-08-11T20:43:51+08:00" level=info msg="[GNB][UE] UE Masked Imeisv: 1110000000ffff00"
time="2026-08-11T20:43:51+08:00" level=info msg="[GNB][UE] Allowed Nssai-- Sst: [01 01] Sd: [010203 112233]"
time="2026-08-11T20:43:51+08:00" level=info msg="[GNB][NGAP][AMF] Send Initial Context Setup Response."
time="2026-08-11T20:43:51+08:00" level=info msg="[GNB] Initiating Initial Context Setup Response"
time="2026-08-11T20:43:51+08:00" level=info msg="[GNB][NGAP] No PDU Session to set up in InitialContextSetupResponse."
time="2026-08-11T20:43:51+08:00" level=info msg="[UE][NAS] Message with security header"
time="2026-08-11T20:43:51+08:00" level=info msg="[UE][NAS] Message with integrity and ciphered"
time="2026-08-11T20:43:51+08:00" level=info msg="[UE][NAS] successful NAS CIPHERING"
time="2026-08-11T20:43:51+08:00" level=info msg="[UE][NAS] successful NAS MAC verification"
time="2026-08-11T20:43:51+08:00" level=info msg="[UE][NAS] Receive Registration Accept"
time="2026-08-11T20:43:51+08:00" level=info msg="[UE][NAS] UE 5G GUTI: &{119 11 [242 2 248 57 202 254 0 0 0 1 164]}"
time="2026-08-11T20:43:51+08:00" level=info msg="[UE] Switched from state 2 to state 3"
time="2026-08-11T20:43:51+08:00" level=info msg="[GNB][SCTP] Receive message in 0 stream\n"
time="2026-08-11T20:43:51+08:00" level=info msg="[GNB][NGAP] Receive Initial Context Setup Request"
time="2026-08-11T20:43:51+08:00" level=info msg="[GNB][UE] UE Context was created with successful"
time="2026-08-11T20:43:51+08:00" level=info msg="[GNB][UE] UE RAN ID 85"
time="2026-08-11T20:43:51+08:00" level=info msg="[GNB][UE] UE AMF ID 84"
time="2026-08-11T20:43:51+08:00" level=info msg="[GNB][UE] UE Mobility Restrict --Plmn-- Mcc: 208 Mnc: 93"
time="2026-08-11T20:43:51+08:00" level=info msg="[GNB][UE] UE Masked Imeisv: 1110000000ffff00"
time="2026-08-11T20:43:51+08:00" level=info msg="[GNB][UE] Allowed Nssai-- Sst: [01 01] Sd: [010203 112233]"
time="2026-08-11T20:43:51+08:00" level=info msg="[GNB][NGAP][AMF] Send Initial Context Setup Response."
time="2026-08-11T20:43:51+08:00" level=info msg="[GNB] Initiating Initial Context Setup Response"
time="2026-08-11T20:43:51+08:00" level=info msg="[GNB][NGAP] No PDU Session to set up in InitialContextSetupResponse."
time="2026-08-11T20:43:51+08:00" level=info msg="[UE][NAS] Message with security header"
time="2026-08-11T20:43:51+08:00" level=info msg="[UE][NAS] Message with integrity and ciphered"
time="2026-08-11T20:43:51+08:00" level=info msg="[UE][NAS] successful NAS CIPHERING"
time="2026-08-11T20:43:51+08:00" level=info msg="[UE][NAS] successful NAS MAC verification"
time="2026-08-11T20:43:51+08:00" level=info msg="[UE][NAS] Receive Registration Accept"
time="2026-08-11T20:43:51+08:00" level=info msg="[UE][NAS] UE 5G GUTI: &{119 11 [242 2 248 57 202 254 0 0 0 0 25]}"
time="2026-08-11T20:43:51+08:00" level=info msg="[UE] Switched from state 2 to state 3"
time="2026-08-11T20:43:51+08:00" level=info msg="[GNB][SCTP] Receive message in 0 stream\n"
time="2026-08-11T20:43:51+08:00" level=info msg="[GNB][NGAP] Receive Downlink NAS Transport"
time="2026-08-11T20:43:51+08:00" level=info msg="[UE][NAS] Message with security header"
time="2026-08-11T20:43:51+08:00" level=info msg="[UE][NAS] Message with integrity and with NEW 5G NAS SECURITY CONTEXT"
time="2026-08-11T20:43:51+08:00" level=info msg="[UE][NAS] successful NAS MAC verification"
time="2026-08-11T20:43:51+08:00" level=info msg="[UE][NAS] Receive Security Mode Command"
time="2026-08-11T20:43:51+08:00" level=info msg="[UE][NAS] Type of ciphering algorithm is 5G-EA0"
time="2026-08-11T20:43:51+08:00" level=info msg="[UE][NAS] Type of integrity protection algorithm is 128-5G-IA2"
time="2026-08-11T20:43:51+08:00" level=info msg="[GNB][SCTP] Receive message in 0 stream\n"
time="2026-08-11T20:43:51+08:00" level=info msg="[GNB][NGAP] Receive Downlink NAS Transport"
time="2026-08-11T20:43:51+08:00" level=info msg="[UE][NAS] Message with security header"
time="2026-08-11T20:43:51+08:00" level=info msg="[UE][NAS] Message with integrity and ciphered"
time="2026-08-11T20:43:51+08:00" level=info msg="[UE][NAS] successful NAS CIPHERING"
time="2026-08-11T20:43:51+08:00" level=info msg="[UE][NAS] successful NAS MAC verification"
time="2026-08-11T20:43:51+08:00" level=info msg="[UE][NAS] Receive Configuration Update Command"
time="2026-08-11T20:43:51+08:00" level=info msg="[UE] Initiating Configuration Update Complete"
time="2026-08-11T20:43:51+08:00" level=info msg="[GNB][SCTP] Receive message in 0 stream\n"
time="2026-08-11T20:43:51+08:00" level=info msg="[GNB][NGAP] Receive Downlink NAS Transport"
time="2026-08-11T20:43:51+08:00" level=info msg="[UE][NAS] Message with security header"
time="2026-08-11T20:43:51+08:00" level=info msg="[UE][NAS] Message with integrity and ciphered"
time="2026-08-11T20:43:51+08:00" level=info msg="[UE][NAS] successful NAS CIPHERING"
time="2026-08-11T20:43:51+08:00" level=info msg="[UE][NAS] successful NAS MAC verification"
time="2026-08-11T20:43:51+08:00" level=info msg="[UE][NAS] Receive Configuration Update Command"
time="2026-08-11T20:43:51+08:00" level=info msg="[UE] Initiating Configuration Update Complete"
time="2026-08-11T20:43:51+08:00" level=info msg="[GNB][SCTP] Receive message in 0 stream\n"
time="2026-08-11T20:43:51+08:00" level=info msg="[GNB][NGAP] Receive Downlink NAS Transport"
time="2026-08-11T20:43:51+08:00" level=info msg="[UE][NAS] Message with security header"
time="2026-08-11T20:43:51+08:00" level=info msg="[UE][NAS] Message with integrity and ciphered"
time="2026-08-11T20:43:51+08:00" level=info msg="[UE][NAS] successful NAS CIPHERING"
time="2026-08-11T20:43:51+08:00" level=info msg="[UE][NAS] successful NAS MAC verification"
time="2026-08-11T20:43:51+08:00" level=info msg="[UE][NAS] Receive Configuration Update Command"
time="2026-08-11T20:43:51+08:00" level=info msg="[UE] Initiating Configuration Update Complete"
time="2026-08-11T20:43:51+08:00" level=info msg="[GNB][SCTP] Receive message in 0 stream\n"
time="2026-08-11T20:43:51+08:00" level=info msg="[GNB][SCTP] Receive message in 0 stream\n"
time="2026-08-11T20:43:51+08:00" level=info msg="[GNB][NGAP] Receive Downlink NAS Transport"
time="2026-08-11T20:43:51+08:00" level=info msg="[UE][NAS] Message with security header"
time="2026-08-11T20:43:51+08:00" level=info msg="[UE][NAS] Message with integrity and ciphered"
time="2026-08-11T20:43:51+08:00" level=info msg="[UE][NAS] successful NAS CIPHERING"
time="2026-08-11T20:43:51+08:00" level=info msg="[UE][NAS] successful NAS MAC verification"
time="2026-08-11T20:43:51+08:00" level=info msg="[UE][NAS] Receive Configuration Update Command"
time="2026-08-11T20:43:51+08:00" level=info msg="[UE] Initiating Configuration Update Complete"
time="2026-08-11T20:43:51+08:00" level=info msg="[GNB][NGAP] Receive Downlink NAS Transport"
time="2026-08-11T20:43:51+08:00" level=info msg="[UE][NAS] Message with security header"
time="2026-08-11T20:43:51+08:00" level=info msg="[UE][NAS] Message with integrity and ciphered"
time="2026-08-11T20:43:51+08:00" level=info msg="[UE][NAS] successful NAS CIPHERING"
time="2026-08-11T20:43:51+08:00" level=info msg="[UE][NAS] successful NAS MAC verification"
time="2026-08-11T20:43:51+08:00" level=info msg="[UE][NAS] Receive Configuration Update Command"
time="2026-08-11T20:43:51+08:00" level=info msg="[UE] Initiating Configuration Update Complete"
time="2026-08-11T20:43:51+08:00" level=info msg="[GNB][SCTP] Receive message in 0 stream\n"
time="2026-08-11T20:43:51+08:00" level=info msg="[GNB][NGAP] Receive Downlink NAS Transport"
time="2026-08-11T20:43:51+08:00" level=info msg="[UE][NAS] Message with security header"
time="2026-08-11T20:43:51+08:00" level=info msg="[UE][NAS] Message with integrity and ciphered"
time="2026-08-11T20:43:51+08:00" level=info msg="[UE][NAS] successful NAS CIPHERING"
time="2026-08-11T20:43:51+08:00" level=info msg="[UE][NAS] successful NAS MAC verification"
time="2026-08-11T20:43:51+08:00" level=info msg="[UE][NAS] Receive Configuration Update Command"
time="2026-08-11T20:43:51+08:00" level=info msg="[UE] Initiating Configuration Update Complete"
time="2026-08-11T20:43:51+08:00" level=info msg="[GNB][SCTP] Receive message in 0 stream\n"
time="2026-08-11T20:43:51+08:00" level=info msg="[GNB][NGAP] Receive Downlink NAS Transport"
time="2026-08-11T20:43:51+08:00" level=info msg="[UE][NAS] Message with security header"
time="2026-08-11T20:43:51+08:00" level=info msg="[UE][NAS] Message with integrity and ciphered"
time="2026-08-11T20:43:51+08:00" level=info msg="[UE][NAS] successful NAS CIPHERING"
time="2026-08-11T20:43:51+08:00" level=info msg="[UE][NAS] successful NAS MAC verification"
time="2026-08-11T20:43:51+08:00" level=info msg="[UE][NAS] Receive Configuration Update Command"
time="2026-08-11T20:43:51+08:00" level=info msg="[UE] Initiating Configuration Update Complete"
time="2026-08-11T20:43:52+08:00" level=info msg="[GNB][SCTP] Receive message in 0 stream\n"
time="2026-08-11T20:43:52+08:00" level=info msg="[GNB][NGAP] Receive Initial Context Setup Request"
time="2026-08-11T20:43:52+08:00" level=info msg="[GNB][UE] UE Context was created with successful"
time="2026-08-11T20:43:52+08:00" level=info msg="[GNB][UE] UE RAN ID 63"
time="2026-08-11T20:43:52+08:00" level=info msg="[GNB][UE] UE AMF ID 62"
time="2026-08-11T20:43:52+08:00" level=info msg="[GNB][UE] UE Mobility Restrict --Plmn-- Mcc: 208 Mnc: 93"
time="2026-08-11T20:43:52+08:00" level=info msg="[GNB][UE] UE Masked Imeisv: 1110000000ffff00"
time="2026-08-11T20:43:52+08:00" level=info msg="[GNB][UE] Allowed Nssai-- Sst: [01 01] Sd: [010203 112233]"
time="2026-08-11T20:43:52+08:00" level=info msg="[GNB][NGAP][AMF] Send Initial Context Setup Response."
time="2026-08-11T20:43:52+08:00" level=info msg="[GNB] Initiating Initial Context Setup Response"
time="2026-08-11T20:43:52+08:00" level=info msg="[GNB][NGAP] No PDU Session to set up in InitialContextSetupResponse."
time="2026-08-11T20:43:52+08:00" level=info msg="[UE][NAS] Message with security header"
time="2026-08-11T20:43:52+08:00" level=info msg="[UE][NAS] Message with integrity and ciphered"
time="2026-08-11T20:43:52+08:00" level=info msg="[UE][NAS] successful NAS CIPHERING"
time="2026-08-11T20:43:52+08:00" level=info msg="[UE][NAS] successful NAS MAC verification"
time="2026-08-11T20:43:52+08:00" level=info msg="[UE][NAS] Receive Registration Accept"
time="2026-08-11T20:43:52+08:00" level=info msg="[UE][NAS] UE 5G GUTI: &{119 11 [242 2 248 57 202 254 0 0 0 0 23]}"
time="2026-08-11T20:43:52+08:00" level=info msg="[UE] Switched from state 2 to state 3"
time="2026-08-11T20:43:52+08:00" level=info msg="[GNB][SCTP] Receive message in 0 stream\n"
time="2026-08-11T20:43:52+08:00" level=info msg="[GNB][NGAP] Receive Downlink NAS Transport"
time="2026-08-11T20:43:52+08:00" level=info msg="[UE][NAS] Message with security header"
time="2026-08-11T20:43:52+08:00" level=info msg="[UE][NAS] Message with integrity and ciphered"
time="2026-08-11T20:43:52+08:00" level=info msg="[UE][NAS] successful NAS CIPHERING"
time="2026-08-11T20:43:52+08:00" level=info msg="[UE][NAS] successful NAS MAC verification"
time="2026-08-11T20:43:52+08:00" level=info msg="[UE][NAS] Receive Configuration Update Command"
time="2026-08-11T20:43:52+08:00" level=info msg="[UE] Initiating Configuration Update Complete"
time="2026-08-11T20:43:52+08:00" level=info msg="[GNB][SCTP] Receive message in 0 stream\n"
time="2026-08-11T20:43:52+08:00" level=info msg="[GNB][NGAP] Receive Downlink NAS Transport"
time="2026-08-11T20:43:52+08:00" level=info msg="[UE][NAS] Message with security header"
time="2026-08-11T20:43:52+08:00" level=info msg="[UE][NAS] Message with integrity and ciphered"
time="2026-08-11T20:43:52+08:00" level=info msg="[UE][NAS] successful NAS CIPHERING"
time="2026-08-11T20:43:52+08:00" level=info msg="[UE][NAS] successful NAS MAC verification"
time="2026-08-11T20:43:52+08:00" level=info msg="[UE][NAS] Receive Configuration Update Command"
time="2026-08-11T20:43:52+08:00" level=info msg="[UE] Initiating Configuration Update Complete"
time="2026-08-11T20:43:52+08:00" level=info msg="[GNB][SCTP] Receive message in 0 stream\n"
time="2026-08-11T20:43:52+08:00" level=info msg="[GNB][NGAP] Receive Downlink NAS Transport"
time="2026-08-11T20:43:52+08:00" level=info msg="[UE][NAS] Message with security header"
time="2026-08-11T20:43:52+08:00" level=info msg="[UE][NAS] Message with integrity and ciphered"
time="2026-08-11T20:43:52+08:00" level=info msg="[UE][NAS] successful NAS CIPHERING"
time="2026-08-11T20:43:52+08:00" level=info msg="[UE][NAS] successful NAS MAC verification"
time="2026-08-11T20:43:52+08:00" level=info msg="[UE][NAS] Receive Configuration Update Command"
time="2026-08-11T20:43:52+08:00" level=info msg="[UE] Initiating Configuration Update Complete"
time="2026-08-11T20:43:52+08:00" level=info msg="[GNB][SCTP] Receive message in 0 stream\n"
time="2026-08-11T20:43:52+08:00" level=info msg="[GNB][NGAP] Receive Initial Context Setup Request"
time="2026-08-11T20:43:52+08:00" level=info msg="[GNB][UE] UE Context was created with successful"
time="2026-08-11T20:43:52+08:00" level=info msg="[GNB][UE] UE RAN ID 97"
time="2026-08-11T20:43:52+08:00" level=info msg="[GNB][UE] UE AMF ID 96"
time="2026-08-11T20:43:52+08:00" level=info msg="[GNB][UE] UE Mobility Restrict --Plmn-- Mcc: 208 Mnc: 93"
time="2026-08-11T20:43:52+08:00" level=info msg="[GNB][UE] UE Masked Imeisv: 1110000000ffff00"
time="2026-08-11T20:43:52+08:00" level=info msg="[GNB][UE] Allowed Nssai-- Sst: [01 01] Sd: [010203 112233]"
time="2026-08-11T20:43:52+08:00" level=info msg="[UE][NAS] Message with security header"
time="2026-08-11T20:43:52+08:00" level=info msg="[UE][NAS] Message with integrity and ciphered"
time="2026-08-11T20:43:52+08:00" level=info msg="[UE][NAS] successful NAS CIPHERING"
time="2026-08-11T20:43:52+08:00" level=info msg="[UE][NAS] successful NAS MAC verification"
time="2026-08-11T20:43:52+08:00" level=info msg="[UE][NAS] Receive Registration Accept"
time="2026-08-11T20:43:52+08:00" level=info msg="[UE][NAS] UE 5G GUTI: &{119 11 [242 2 248 57 202 254 0 0 0 0 29]}"
time="2026-08-11T20:43:52+08:00" level=info msg="[UE] Switched from state 2 to state 3"
time="2026-08-11T20:43:52+08:00" level=info msg="[GNB][NGAP][AMF] Send Initial Context Setup Response."
time="2026-08-11T20:43:52+08:00" level=info msg="[GNB] Initiating Initial Context Setup Response"
time="2026-08-11T20:43:52+08:00" level=info msg="[GNB][NGAP] No PDU Session to set up in InitialContextSetupResponse."
time="2026-08-11T20:43:52+08:00" level=info msg="[GNB][SCTP] Receive message in 0 stream\n"
time="2026-08-11T20:43:52+08:00" level=info msg="[GNB][SCTP] Receive message in 0 stream\n"
time="2026-08-11T20:43:52+08:00" level=info msg="[GNB][NGAP] Receive Initial Context Setup Request"
time="2026-08-11T20:43:52+08:00" level=info msg="[GNB][UE] UE Context was created with successful"
time="2026-08-11T20:43:52+08:00" level=info msg="[GNB][UE] UE RAN ID 95"
time="2026-08-11T20:43:52+08:00" level=info msg="[GNB][UE] UE AMF ID 94"
time="2026-08-11T20:43:52+08:00" level=info msg="[GNB][UE] UE Mobility Restrict --Plmn-- Mcc: 208 Mnc: 93"
time="2026-08-11T20:43:52+08:00" level=info msg="[GNB][UE] UE Masked Imeisv: 1110000000ffff00"
time="2026-08-11T20:43:52+08:00" level=info msg="[GNB][NGAP] Receive Initial Context Setup Request"
time="2026-08-11T20:43:52+08:00" level=info msg="[GNB][UE] UE Context was created with successful"
time="2026-08-11T20:43:52+08:00" level=info msg="[GNB][UE] UE RAN ID 94"
time="2026-08-11T20:43:52+08:00" level=info msg="[GNB][UE] UE AMF ID 93"
time="2026-08-11T20:43:52+08:00" level=info msg="[GNB][UE] UE Mobility Restrict --Plmn-- Mcc: 208 Mnc: 93"
time="2026-08-11T20:43:52+08:00" level=info msg="[GNB][UE] UE Masked Imeisv: 1110000000ffff00"
time="2026-08-11T20:43:52+08:00" level=info msg="[GNB][UE] Allowed Nssai-- Sst: [01 01] Sd: [010203 112233]"
time="2026-08-11T20:43:52+08:00" level=info msg="[GNB][NGAP][AMF] Send Initial Context Setup Response."
time="2026-08-11T20:43:52+08:00" level=info msg="[GNB] Initiating Initial Context Setup Response"
time="2026-08-11T20:43:52+08:00" level=info msg="[GNB][NGAP] No PDU Session to set up in InitialContextSetupResponse."
time="2026-08-11T20:43:52+08:00" level=info msg="[UE][NAS] Message with security header"
time="2026-08-11T20:43:52+08:00" level=info msg="[UE][NAS] Message with integrity and ciphered"
time="2026-08-11T20:43:52+08:00" level=info msg="[UE][NAS] successful NAS CIPHERING"
time="2026-08-11T20:43:52+08:00" level=info msg="[UE][NAS] successful NAS MAC verification"
time="2026-08-11T20:43:52+08:00" level=info msg="[UE][NAS] Receive Registration Accept"
time="2026-08-11T20:43:52+08:00" level=info msg="[UE][NAS] UE 5G GUTI: &{119 11 [242 2 248 57 202 254 0 0 0 0 31]}"
time="2026-08-11T20:43:52+08:00" level=info msg="[GNB][UE] Allowed Nssai-- Sst: [01 01] Sd: [010203 112233]"
time="2026-08-11T20:43:52+08:00" level=info msg="[GNB][NGAP][AMF] Send Initial Context Setup Response."
time="2026-08-11T20:43:52+08:00" level=info msg="[GNB] Initiating Initial Context Setup Response"
time="2026-08-11T20:43:52+08:00" level=info msg="[GNB][NGAP] No PDU Session to set up in InitialContextSetupResponse."
time="2026-08-11T20:43:52+08:00" level=info msg="[UE][NAS] Message with security header"
time="2026-08-11T20:43:52+08:00" level=info msg="[UE][NAS] Message with integrity and ciphered"
time="2026-08-11T20:43:52+08:00" level=info msg="[UE][NAS] successful NAS CIPHERING"
time="2026-08-11T20:43:52+08:00" level=info msg="[UE][NAS] successful NAS MAC verification"
time="2026-08-11T20:43:52+08:00" level=info msg="[UE][NAS] Receive Registration Accept"
time="2026-08-11T20:43:52+08:00" level=info msg="[UE][NAS] UE 5G GUTI: &{119 11 [242 2 248 57 202 254 0 0 0 0 33]}"
time="2026-08-11T20:43:52+08:00" level=info msg="[UE] Switched from state 2 to state 3"
time="2026-08-11T20:43:52+08:00" level=info msg="[UE] Switched from state 2 to state 3"
time="2026-08-11T20:43:52+08:00" level=info msg="[GNB][SCTP] Receive message in 0 stream\n"
time="2026-08-11T20:43:52+08:00" level=info msg="[GNB][NGAP] Receive Initial Context Setup Request"
time="2026-08-11T20:43:52+08:00" level=info msg="[GNB][UE] UE Context was created with successful"
time="2026-08-11T20:43:52+08:00" level=info msg="[GNB][UE] UE RAN ID 65"
time="2026-08-11T20:43:52+08:00" level=info msg="[GNB][UE] UE AMF ID 64"
time="2026-08-11T20:43:52+08:00" level=info msg="[GNB][UE] UE Mobility Restrict --Plmn-- Mcc: 208 Mnc: 93"
time="2026-08-11T20:43:52+08:00" level=info msg="[GNB][UE] UE Masked Imeisv: 1110000000ffff00"
time="2026-08-11T20:43:52+08:00" level=info msg="[GNB][UE] Allowed Nssai-- Sst: [01 01] Sd: [010203 112233]"
time="2026-08-11T20:43:52+08:00" level=info msg="[GNB][NGAP][AMF] Send Initial Context Setup Response."
time="2026-08-11T20:43:52+08:00" level=info msg="[GNB] Initiating Initial Context Setup Response"
time="2026-08-11T20:43:52+08:00" level=info msg="[GNB][NGAP] No PDU Session to set up in InitialContextSetupResponse."
time="2026-08-11T20:43:52+08:00" level=info msg="[UE][NAS] Message with security header"
time="2026-08-11T20:43:52+08:00" level=info msg="[UE][NAS] Message with integrity and ciphered"
time="2026-08-11T20:43:52+08:00" level=info msg="[UE][NAS] successful NAS CIPHERING"
time="2026-08-11T20:43:52+08:00" level=info msg="[UE][NAS] successful NAS MAC verification"
time="2026-08-11T20:43:52+08:00" level=info msg="[UE][NAS] Receive Registration Accept"
time="2026-08-11T20:43:52+08:00" level=info msg="[UE][NAS] UE 5G GUTI: &{119 11 [242 2 248 57 202 254 0 0 0 0 33]}"
time="2026-08-11T20:43:52+08:00" level=info msg="[UE] Switched from state 2 to state 3"
time="2026-08-11T20:43:52+08:00" level=info msg="[GNB][SCTP] Receive message in 0 stream\n"
time="2026-08-11T20:43:52+08:00" level=info msg="[GNB][NGAP] Receive Initial Context Setup Request"
time="2026-08-11T20:43:52+08:00" level=info msg="[GNB][UE] UE Context was created with successful"
time="2026-08-11T20:43:52+08:00" level=info msg="[GNB][UE] UE RAN ID 86"
time="2026-08-11T20:43:52+08:00" level=info msg="[GNB][UE] UE AMF ID 85"
time="2026-08-11T20:43:52+08:00" level=info msg="[GNB][UE] UE Mobility Restrict --Plmn-- Mcc: 208 Mnc: 93"
time="2026-08-11T20:43:52+08:00" level=info msg="[GNB][UE] UE Masked Imeisv: 1110000000ffff00"
time="2026-08-11T20:43:52+08:00" level=info msg="[GNB][UE] Allowed Nssai-- Sst: [01 01] Sd: [010203 112233]"
time="2026-08-11T20:43:52+08:00" level=info msg="[GNB][NGAP][AMF] Send Initial Context Setup Response."
time="2026-08-11T20:43:52+08:00" level=info msg="[GNB] Initiating Initial Context Setup Response"
time="2026-08-11T20:43:52+08:00" level=info msg="[GNB][NGAP] No PDU Session to set up in InitialContextSetupResponse."
time="2026-08-11T20:43:52+08:00" level=info msg="[GNB][SCTP] Receive message in 0 stream\n"
time="2026-08-11T20:43:52+08:00" level=info msg="[UE][NAS] Message with security header"
time="2026-08-11T20:43:52+08:00" level=info msg="[UE][NAS] Message with integrity and ciphered"
time="2026-08-11T20:43:52+08:00" level=info msg="[UE][NAS] successful NAS CIPHERING"
time="2026-08-11T20:43:52+08:00" level=info msg="[UE][NAS] successful NAS MAC verification"
time="2026-08-11T20:43:52+08:00" level=info msg="[UE][NAS] Receive Registration Accept"
time="2026-08-11T20:43:52+08:00" level=info msg="[UE][NAS] UE 5G GUTI: &{119 11 [242 2 248 57 202 254 0 0 0 0 35]}"
time="2026-08-11T20:43:52+08:00" level=info msg="[UE] Switched from state 2 to state 3"
time="2026-08-11T20:43:52+08:00" level=info msg="[GNB][NGAP] Receive Downlink NAS Transport"
time="2026-08-11T20:43:52+08:00" level=info msg="[UE][NAS] Message with security header"
time="2026-08-11T20:43:52+08:00" level=info msg="[UE][NAS] Message with integrity and ciphered"
time="2026-08-11T20:43:52+08:00" level=info msg="[UE][NAS] successful NAS CIPHERING"
time="2026-08-11T20:43:52+08:00" level=info msg="[UE][NAS] successful NAS MAC verification"
time="2026-08-11T20:43:52+08:00" level=info msg="[UE][NAS] Receive Configuration Update Command"
time="2026-08-11T20:43:52+08:00" level=info msg="[UE] Initiating Configuration Update Complete"
time="2026-08-11T20:43:52+08:00" level=info msg="[GNB][SCTP] Receive message in 0 stream\n"
time="2026-08-11T20:43:52+08:00" level=info msg="[GNB][NGAP] Receive Downlink NAS Transport"
time="2026-08-11T20:43:52+08:00" level=info msg="[UE][NAS] Message with security header"
time="2026-08-11T20:43:52+08:00" level=info msg="[UE][NAS] Message with integrity and ciphered"
time="2026-08-11T20:43:52+08:00" level=info msg="[UE][NAS] successful NAS CIPHERING"
time="2026-08-11T20:43:52+08:00" level=info msg="[UE][NAS] successful NAS MAC verification"
time="2026-08-11T20:43:52+08:00" level=info msg="[UE][NAS] Receive Configuration Update Command"
time="2026-08-11T20:43:52+08:00" level=info msg="[UE] Initiating Configuration Update Complete"
time="2026-08-11T20:43:52+08:00" level=info msg="[GNB][SCTP] Receive message in 0 stream\n"
time="2026-08-11T20:43:52+08:00" level=info msg="[GNB][NGAP] Receive Downlink NAS Transport"
time="2026-08-11T20:43:52+08:00" level=info msg="[UE][NAS] Message with security header"
time="2026-08-11T20:43:52+08:00" level=info msg="[UE][NAS] Message with integrity and ciphered"
time="2026-08-11T20:43:52+08:00" level=info msg="[UE][NAS] successful NAS CIPHERING"
time="2026-08-11T20:43:52+08:00" level=info msg="[UE][NAS] successful NAS MAC verification"
time="2026-08-11T20:43:52+08:00" level=info msg="[UE][NAS] Receive Configuration Update Command"
time="2026-08-11T20:43:52+08:00" level=info msg="[UE] Initiating Configuration Update Complete"
time="2026-08-11T20:43:52+08:00" level=info msg="[GNB][SCTP] Receive message in 0 stream\n"
time="2026-08-11T20:43:52+08:00" level=info msg="[GNB][SCTP] Receive message in 0 stream\n"
time="2026-08-11T20:43:52+08:00" level=info msg="[GNB][NGAP] Receive Initial Context Setup Request"
time="2026-08-11T20:43:52+08:00" level=info msg="[GNB][UE] UE Context was created with successful"
time="2026-08-11T20:43:52+08:00" level=info msg="[GNB][UE] UE RAN ID 90"
time="2026-08-11T20:43:52+08:00" level=info msg="[GNB][UE] UE AMF ID 89"
time="2026-08-11T20:43:52+08:00" level=info msg="[GNB][UE] UE Mobility Restrict --Plmn-- Mcc: 208 Mnc: 93"
time="2026-08-11T20:43:52+08:00" level=info msg="[GNB][UE] UE Masked Imeisv: 1110000000ffff00"
time="2026-08-11T20:43:52+08:00" level=info msg="[GNB][UE] Allowed Nssai-- Sst: [01 01] Sd: [010203 112233]"
time="2026-08-11T20:43:52+08:00" level=info msg="[GNB][NGAP][AMF] Send Initial Context Setup Response."
time="2026-08-11T20:43:52+08:00" level=info msg="[GNB] Initiating Initial Context Setup Response"
time="2026-08-11T20:43:52+08:00" level=info msg="[GNB][NGAP] No PDU Session to set up in InitialContextSetupResponse."
time="2026-08-11T20:43:52+08:00" level=info msg="[UE][NAS] Message with security header"
time="2026-08-11T20:43:52+08:00" level=info msg="[UE][NAS] Message with integrity and ciphered"
time="2026-08-11T20:43:52+08:00" level=info msg="[UE][NAS] successful NAS CIPHERING"
time="2026-08-11T20:43:52+08:00" level=info msg="[UE][NAS] successful NAS MAC verification"
time="2026-08-11T20:43:52+08:00" level=info msg="[UE][NAS] Receive Registration Accept"
time="2026-08-11T20:43:52+08:00" level=info msg="[UE][NAS] UE 5G GUTI: &{119 11 [242 2 248 57 202 254 0 0 0 0 37]}"
time="2026-08-11T20:43:52+08:00" level=info msg="[UE] Switched from state 2 to state 3"
time="2026-08-11T20:43:52+08:00" level=info msg="[GNB][NGAP] Receive Initial Context Setup Request"
time="2026-08-11T20:43:52+08:00" level=info msg="[GNB][UE] UE Context was created with successful"
time="2026-08-11T20:43:52+08:00" level=info msg="[GNB][UE] UE RAN ID 96"
time="2026-08-11T20:43:52+08:00" level=info msg="[GNB][UE] UE AMF ID 95"
time="2026-08-11T20:43:52+08:00" level=info msg="[GNB][UE] UE Mobility Restrict --Plmn-- Mcc: 208 Mnc: 93"
time="2026-08-11T20:43:52+08:00" level=info msg="[GNB][UE] UE Masked Imeisv: 1110000000ffff00"
time="2026-08-11T20:43:52+08:00" level=info msg="[GNB][UE] Allowed Nssai-- Sst: [01 01] Sd: [010203 112233]"
time="2026-08-11T20:43:52+08:00" level=info msg="[GNB][NGAP][AMF] Send Initial Context Setup Response."
time="2026-08-11T20:43:52+08:00" level=info msg="[GNB] Initiating Initial Context Setup Response"
time="2026-08-11T20:43:52+08:00" level=info msg="[GNB][NGAP] No PDU Session to set up in InitialContextSetupResponse."
time="2026-08-11T20:43:52+08:00" level=info msg="[GNB][SCTP] Receive message in 0 stream\n"
time="2026-08-11T20:43:52+08:00" level=info msg="[UE][NAS] Message with security header"
time="2026-08-11T20:43:52+08:00" level=info msg="[UE][NAS] Message with integrity and ciphered"
time="2026-08-11T20:43:52+08:00" level=info msg="[UE][NAS] successful NAS CIPHERING"
time="2026-08-11T20:43:52+08:00" level=info msg="[UE][NAS] successful NAS MAC verification"
time="2026-08-11T20:43:52+08:00" level=info msg="[UE][NAS] Receive Registration Accept"
time="2026-08-11T20:43:52+08:00" level=info msg="[UE][NAS] UE 5G GUTI: &{119 11 [242 2 248 57 202 254 0 0 0 0 39]}"
time="2026-08-11T20:43:52+08:00" level=info msg="[GNB][SCTP] Receive message in 0 stream\n"
time="2026-08-11T20:43:52+08:00" level=info msg="[GNB][SCTP] Receive message in 0 stream\n"
time="2026-08-11T20:43:52+08:00" level=info msg="[GNB][NGAP] Receive Downlink NAS Transport"
time="2026-08-11T20:43:52+08:00" level=info msg="[UE][NAS] Message with security header"
time="2026-08-11T20:43:52+08:00" level=info msg="[UE][NAS] Message with integrity and ciphered"
time="2026-08-11T20:43:52+08:00" level=info msg="[UE][NAS] successful NAS CIPHERING"
time="2026-08-11T20:43:52+08:00" level=info msg="[UE][NAS] successful NAS MAC verification"
time="2026-08-11T20:43:52+08:00" level=info msg="[UE][NAS] Receive Configuration Update Command"
time="2026-08-11T20:43:52+08:00" level=info msg="[UE] Initiating Configuration Update Complete"
time="2026-08-11T20:43:52+08:00" level=info msg="[UE] Switched from state 2 to state 3"
time="2026-08-11T20:43:52+08:00" level=info msg="[GNB][NGAP] Receive Downlink NAS Transport"
time="2026-08-11T20:43:52+08:00" level=info msg="[GNB][SCTP] Receive message in 0 stream\n"
time="2026-08-11T20:43:52+08:00" level=info msg="[GNB][SCTP] Receive message in 0 stream\n"
time="2026-08-11T20:43:52+08:00" level=info msg="[GNB][SCTP] Receive message in 0 stream\n"
time="2026-08-11T20:43:52+08:00" level=info msg="[GNB][SCTP] Receive message in 0 stream\n"
time="2026-08-11T20:43:52+08:00" level=info msg="[GNB][SCTP] Receive message in 0 stream\n"
time="2026-08-11T20:43:52+08:00" level=info msg="[GNB][SCTP] Receive message in 0 stream\n"
time="2026-08-11T20:43:52+08:00" level=info msg="[GNB][SCTP] Receive message in 0 stream\n"
time="2026-08-11T20:43:52+08:00" level=info msg="[GNB][SCTP] Receive message in 0 stream\n"
time="2026-08-11T20:43:52+08:00" level=info msg="[GNB][NGAP] Receive Downlink NAS Transport"
time="2026-08-11T20:43:52+08:00" level=info msg="[UE][NAS] Message with security header"
time="2026-08-11T20:43:52+08:00" level=info msg="[UE][NAS] Message with integrity and ciphered"
time="2026-08-11T20:43:52+08:00" level=info msg="[UE][NAS] successful NAS CIPHERING"
time="2026-08-11T20:43:52+08:00" level=info msg="[UE][NAS] successful NAS MAC verification"
time="2026-08-11T20:43:52+08:00" level=info msg="[UE][NAS] Receive Configuration Update Command"
time="2026-08-11T20:43:52+08:00" level=info msg="[UE] Initiating Configuration Update Complete"
time="2026-08-11T20:43:52+08:00" level=info msg="[GNB][NGAP] Receive Downlink NAS Transport"
time="2026-08-11T20:43:52+08:00" level=info msg="[UE][NAS] Message with security header"
time="2026-08-11T20:43:52+08:00" level=info msg="[UE][NAS] Message with integrity and ciphered"
time="2026-08-11T20:43:52+08:00" level=info msg="[UE][NAS] successful NAS CIPHERING"
time="2026-08-11T20:43:52+08:00" level=info msg="[UE][NAS] successful NAS MAC verification"
time="2026-08-11T20:43:52+08:00" level=info msg="[UE][NAS] Receive Configuration Update Command"
time="2026-08-11T20:43:52+08:00" level=info msg="[UE] Initiating Configuration Update Complete"
time="2026-08-11T20:43:52+08:00" level=info msg="[GNB][SCTP] Receive message in 0 stream\n"
time="2026-08-11T20:43:52+08:00" level=info msg="[GNB][NGAP] Receive Downlink NAS Transport"
time="2026-08-11T20:43:52+08:00" level=info msg="[UE][NAS] Message with security header"
time="2026-08-11T20:43:52+08:00" level=info msg="[UE][NAS] Message with integrity and ciphered"
time="2026-08-11T20:43:52+08:00" level=info msg="[UE][NAS] successful NAS CIPHERING"
time="2026-08-11T20:43:52+08:00" level=info msg="[UE][NAS] successful NAS MAC verification"
time="2026-08-11T20:43:52+08:00" level=info msg="[GNB][NGAP] Receive Downlink NAS Transport"
time="2026-08-11T20:43:52+08:00" level=info msg="[UE][NAS] Message with security header"
time="2026-08-11T20:43:52+08:00" level=info msg="[UE][NAS] Message with integrity and ciphered"
time="2026-08-11T20:43:52+08:00" level=info msg="[UE][NAS] successful NAS CIPHERING"
time="2026-08-11T20:43:52+08:00" level=info msg="[UE][NAS] successful NAS MAC verification"
time="2026-08-11T20:43:52+08:00" level=info msg="[UE][NAS] Receive Configuration Update Command"
time="2026-08-11T20:43:52+08:00" level=info msg="[UE] Initiating Configuration Update Complete"
time="2026-08-11T20:43:52+08:00" level=info msg="[GNB][NGAP] Receive Downlink NAS Transport"
time="2026-08-11T20:43:52+08:00" level=info msg="[UE][NAS] Message with security header"
time="2026-08-11T20:43:52+08:00" level=info msg="[UE][NAS] Message with integrity and ciphered"
time="2026-08-11T20:43:52+08:00" level=info msg="[UE][NAS] successful NAS CIPHERING"
time="2026-08-11T20:43:52+08:00" level=info msg="[UE][NAS] successful NAS MAC verification"
time="2026-08-11T20:43:52+08:00" level=info msg="[UE][NAS] Receive Configuration Update Command"
time="2026-08-11T20:43:52+08:00" level=info msg="[UE] Initiating Configuration Update Complete"
time="2026-08-11T20:43:52+08:00" level=info msg="[GNB][NGAP] Receive Downlink NAS Transport"
time="2026-08-11T20:43:52+08:00" level=info msg="[UE][NAS] Message with security header"
time="2026-08-11T20:43:52+08:00" level=info msg="[UE][NAS] Message with integrity and ciphered"
time="2026-08-11T20:43:52+08:00" level=info msg="[UE][NAS] successful NAS CIPHERING"
time="2026-08-11T20:43:52+08:00" level=info msg="[UE][NAS] successful NAS MAC verification"
time="2026-08-11T20:43:52+08:00" level=info msg="[UE][NAS] Receive Configuration Update Command"
time="2026-08-11T20:43:52+08:00" level=info msg="[UE] Initiating Configuration Update Complete"
time="2026-08-11T20:43:52+08:00" level=info msg="[GNB][NGAP] Receive Initial Context Setup Request"
time="2026-08-11T20:43:52+08:00" level=info msg="[GNB][UE] UE Context was created with successful"
time="2026-08-11T20:43:52+08:00" level=info msg="[GNB][UE] UE RAN ID 99"
time="2026-08-11T20:43:52+08:00" level=info msg="[GNB][UE] UE AMF ID 98"
time="2026-08-11T20:43:52+08:00" level=info msg="[GNB][UE] UE Mobility Restrict --Plmn-- Mcc: 208 Mnc: 93"
time="2026-08-11T20:43:52+08:00" level=info msg="[GNB][UE] UE Masked Imeisv: 1110000000ffff00"
time="2026-08-11T20:43:52+08:00" level=info msg="[GNB][UE] Allowed Nssai-- Sst: [01 01] Sd: [010203 112233]"
time="2026-08-11T20:43:52+08:00" level=info msg="[GNB][NGAP][AMF] Send Initial Context Setup Response."
time="2026-08-11T20:43:52+08:00" level=info msg="[GNB] Initiating Initial Context Setup Response"
time="2026-08-11T20:43:52+08:00" level=info msg="[GNB][NGAP] No PDU Session to set up in InitialContextSetupResponse."
time="2026-08-11T20:43:52+08:00" level=info msg="[GNB][NGAP] Receive Downlink NAS Transport"
time="2026-08-11T20:43:52+08:00" level=info msg="[UE][NAS] Message with security header"
time="2026-08-11T20:43:52+08:00" level=info msg="[UE][NAS] Message with integrity and ciphered"
time="2026-08-11T20:43:52+08:00" level=info msg="[UE][NAS] successful NAS CIPHERING"
time="2026-08-11T20:43:52+08:00" level=info msg="[UE][NAS] successful NAS MAC verification"
time="2026-08-11T20:43:52+08:00" level=info msg="[UE][NAS] Receive Configuration Update Command"
time="2026-08-11T20:43:52+08:00" level=info msg="[GNB][NGAP] Receive Downlink NAS Transport"
time="2026-08-11T20:43:52+08:00" level=info msg="[UE][NAS] Message with security header"
time="2026-08-11T20:43:52+08:00" level=info msg="[UE][NAS] Message with integrity and ciphered"
time="2026-08-11T20:43:52+08:00" level=info msg="[UE][NAS] successful NAS CIPHERING"
time="2026-08-11T20:43:52+08:00" level=info msg="[UE][NAS] successful NAS MAC verification"
time="2026-08-11T20:43:52+08:00" level=info msg="[UE][NAS] Receive Configuration Update Command"
time="2026-08-11T20:43:52+08:00" level=info msg="[UE] Initiating Configuration Update Complete"
time="2026-08-11T20:43:52+08:00" level=info msg="[GNB][NGAP] Receive Downlink NAS Transport"
time="2026-08-11T20:43:52+08:00" level=info msg="[UE][NAS] Message with security header"
time="2026-08-11T20:43:52+08:00" level=info msg="[UE][NAS] Message with integrity and ciphered"
time="2026-08-11T20:43:52+08:00" level=info msg="[UE][NAS] successful NAS CIPHERING"
time="2026-08-11T20:43:52+08:00" level=info msg="[UE][NAS] Receive Configuration Update Command"
time="2026-08-11T20:43:52+08:00" level=info msg="[UE] Initiating Configuration Update Complete"
time="2026-08-11T20:43:52+08:00" level=info msg="[UE][NAS] Message with security header"
time="2026-08-11T20:43:52+08:00" level=info msg="[UE][NAS] Message with integrity and ciphered"
time="2026-08-11T20:43:52+08:00" level=info msg="[UE][NAS] successful NAS CIPHERING"
time="2026-08-11T20:43:52+08:00" level=info msg="[UE][NAS] successful NAS MAC verification"
time="2026-08-11T20:43:52+08:00" level=info msg="[UE][NAS] Receive Configuration Update Command"
time="2026-08-11T20:43:52+08:00" level=info msg="[UE] Initiating Configuration Update Complete"
time="2026-08-11T20:43:52+08:00" level=info msg="[UE][NAS] successful NAS MAC verification"
time="2026-08-11T20:43:52+08:00" level=info msg="[UE][NAS] Receive Configuration Update Command"
time="2026-08-11T20:43:52+08:00" level=info msg="[UE] Initiating Configuration Update Complete"
time="2026-08-11T20:43:52+08:00" level=info msg="[UE] Initiating Configuration Update Complete"
time="2026-08-11T20:43:52+08:00" level=info msg="[UE][NAS] Message with security header"
time="2026-08-11T20:43:52+08:00" level=info msg="[UE][NAS] Message with integrity and ciphered"
time="2026-08-11T20:43:52+08:00" level=info msg="[UE][NAS] successful NAS CIPHERING"
time="2026-08-11T20:43:52+08:00" level=info msg="[UE][NAS] successful NAS MAC verification"
time="2026-08-11T20:43:52+08:00" level=info msg="[UE][NAS] Receive Registration Accept"
time="2026-08-11T20:43:52+08:00" level=info msg="[UE][NAS] UE 5G GUTI: &{119 11 [242 2 248 57 202 254 0 0 0 0 41]}"
time="2026-08-11T20:43:52+08:00" level=info msg="[UE] Switched from state 2 to state 3"
time="2026-08-11T20:43:52+08:00" level=info msg="[GNB][SCTP] Receive message in 0 stream\n"
time="2026-08-11T20:43:52+08:00" level=info msg="[GNB][NGAP] Receive Downlink NAS Transport"
time="2026-08-11T20:43:52+08:00" level=info msg="[UE][NAS] Message with security header"
time="2026-08-11T20:43:52+08:00" level=info msg="[UE][NAS] Message with integrity and ciphered"
time="2026-08-11T20:43:52+08:00" level=info msg="[UE][NAS] successful NAS CIPHERING"
time="2026-08-11T20:43:52+08:00" level=info msg="[UE][NAS] successful NAS MAC verification"
time="2026-08-11T20:43:52+08:00" level=info msg="[UE][NAS] Receive Configuration Update Command"
time="2026-08-11T20:43:52+08:00" level=info msg="[UE] Initiating Configuration Update Complete"
time="2026-08-11T20:43:52+08:00" level=info msg="[GNB][SCTP] Receive message in 0 stream\n"
time="2026-08-11T20:43:52+08:00" level=info msg="[GNB][NGAP] Receive Initial Context Setup Request"
time="2026-08-11T20:43:52+08:00" level=info msg="[GNB][UE] UE Context was created with successful"
time="2026-08-11T20:43:52+08:00" level=info msg="[GNB][UE] UE RAN ID 98"
time="2026-08-11T20:43:52+08:00" level=info msg="[GNB][UE] UE AMF ID 97"
time="2026-08-11T20:43:52+08:00" level=info msg="[GNB][UE] UE Mobility Restrict --Plmn-- Mcc: 208 Mnc: 93"
time="2026-08-11T20:43:52+08:00" level=info msg="[GNB][UE] UE Masked Imeisv: 1110000000ffff00"
time="2026-08-11T20:43:52+08:00" level=info msg="[GNB][UE] Allowed Nssai-- Sst: [01 01] Sd: [010203 112233]"
time="2026-08-11T20:43:52+08:00" level=info msg="[GNB][NGAP][AMF] Send Initial Context Setup Response."
time="2026-08-11T20:43:52+08:00" level=info msg="[GNB] Initiating Initial Context Setup Response"
time="2026-08-11T20:43:52+08:00" level=info msg="[GNB][NGAP] No PDU Session to set up in InitialContextSetupResponse."
time="2026-08-11T20:43:52+08:00" level=info msg="[UE][NAS] Message with security header"
time="2026-08-11T20:43:52+08:00" level=info msg="[UE][NAS] Message with integrity and ciphered"
time="2026-08-11T20:43:52+08:00" level=info msg="[UE][NAS] successful NAS CIPHERING"
time="2026-08-11T20:43:52+08:00" level=info msg="[UE][NAS] successful NAS MAC verification"
time="2026-08-11T20:43:52+08:00" level=info msg="[UE][NAS] Receive Registration Accept"
time="2026-08-11T20:43:52+08:00" level=info msg="[UE][NAS] UE 5G GUTI: &{119 11 [242 2 248 57 202 254 0 0 0 0 42]}"
time="2026-08-11T20:43:52+08:00" level=info msg="[UE] Switched from state 2 to state 3"
time="2026-08-11T20:43:52+08:00" level=info msg="[GNB][SCTP] Receive message in 0 stream\n"
time="2026-08-11T20:43:52+08:00" level=info msg="[GNB][NGAP] Receive Downlink NAS Transport"
time="2026-08-11T20:43:52+08:00" level=info msg="[UE][NAS] Message with security header"
time="2026-08-11T20:43:52+08:00" level=info msg="[UE][NAS] Message with integrity and ciphered"
time="2026-08-11T20:43:52+08:00" level=info msg="[UE][NAS] successful NAS CIPHERING"
time="2026-08-11T20:43:52+08:00" level=info msg="[UE][NAS] successful NAS MAC verification"
time="2026-08-11T20:43:52+08:00" level=info msg="[UE][NAS] Receive Configuration Update Command"
time="2026-08-11T20:43:52+08:00" level=info msg="[UE] Initiating Configuration Update Complete"
time="2026-08-11T20:43:52+08:00" level=info msg="[GNB][SCTP] Receive message in 0 stream\n"
time="2026-08-11T20:43:52+08:00" level=info msg="[GNB][NGAP] Receive Downlink NAS Transport"
time="2026-08-11T20:43:52+08:00" level=info msg="[UE][NAS] Message with security header"
time="2026-08-11T20:43:52+08:00" level=info msg="[UE][NAS] Message with integrity and ciphered"
time="2026-08-11T20:43:52+08:00" level=info msg="[UE][NAS] successful NAS CIPHERING"
time="2026-08-11T20:43:52+08:00" level=info msg="[UE][NAS] successful NAS MAC verification"
time="2026-08-11T20:43:52+08:00" level=info msg="[UE][NAS] Receive Configuration Update Command"
time="2026-08-11T20:43:52+08:00" level=info msg="[UE] Initiating Configuration Update Complete"
time="2026-08-11T20:43:52+08:00" level=info msg="[GNB][SCTP] Receive message in 0 stream\n"
time="2026-08-11T20:43:52+08:00" level=info msg="[GNB][NGAP] Receive Downlink NAS Transport"
time="2026-08-11T20:43:52+08:00" level=info msg="[UE][NAS] Message with security header"
time="2026-08-11T20:43:52+08:00" level=info msg="[UE][NAS] Message with integrity and ciphered"
time="2026-08-11T20:43:52+08:00" level=info msg="[UE][NAS] successful NAS CIPHERING"
time="2026-08-11T20:43:52+08:00" level=info msg="[UE][NAS] successful NAS MAC verification"
time="2026-08-11T20:43:52+08:00" level=info msg="[UE][NAS] Receive Configuration Update Command"
time="2026-08-11T20:43:52+08:00" level=info msg="[UE] Initiating Configuration Update Complete"
time="2026-08-11T20:43:52+08:00" level=info msg="[GNB][SCTP] Receive message in 0 stream\n"
time="2026-08-11T20:43:52+08:00" level=info msg="[GNB][NGAP] Receive Initial Context Setup Request"
time="2026-08-11T20:43:52+08:00" level=info msg="[GNB][UE] UE Context was created with successful"
time="2026-08-11T20:43:52+08:00" level=info msg="[GNB][UE] UE RAN ID 76"
time="2026-08-11T20:43:52+08:00" level=info msg="[GNB][UE] UE AMF ID 75"
time="2026-08-11T20:43:52+08:00" level=info msg="[GNB][UE] UE Mobility Restrict --Plmn-- Mcc: 208 Mnc: 93"
time="2026-08-11T20:43:52+08:00" level=info msg="[GNB][UE] UE Masked Imeisv: 1110000000ffff00"
time="2026-08-11T20:43:52+08:00" level=info msg="[GNB][UE] Allowed Nssai-- Sst: [01 01] Sd: [010203 112233]"
time="2026-08-11T20:43:52+08:00" level=info msg="[GNB][NGAP][AMF] Send Initial Context Setup Response."
time="2026-08-11T20:43:52+08:00" level=info msg="[GNB] Initiating Initial Context Setup Response"
time="2026-08-11T20:43:52+08:00" level=info msg="[GNB][NGAP] No PDU Session to set up in InitialContextSetupResponse."
time="2026-08-11T20:43:52+08:00" level=info msg="[UE][NAS] Message with security header"
time="2026-08-11T20:43:52+08:00" level=info msg="[UE][NAS] Message with integrity and ciphered"
time="2026-08-11T20:43:52+08:00" level=info msg="[UE][NAS] successful NAS CIPHERING"
time="2026-08-11T20:43:52+08:00" level=info msg="[UE][NAS] successful NAS MAC verification"
time="2026-08-11T20:43:52+08:00" level=info msg="[UE][NAS] Receive Registration Accept"
time="2026-08-11T20:43:52+08:00" level=info msg="[UE][NAS] UE 5G GUTI: &{119 11 [242 2 248 57 202 254 0 0 0 0 20]}"
time="2026-08-11T20:43:52+08:00" level=info msg="[UE] Switched from state 2 to state 3"
time="2026-08-11T20:43:52+08:00" level=info msg="[GNB][SCTP] Receive message in 0 stream\n"
time="2026-08-11T20:43:52+08:00" level=info msg="[GNB][NGAP] Receive Initial Context Setup Request"
time="2026-08-11T20:43:52+08:00" level=info msg="[GNB][UE] UE Context was created with successful"
time="2026-08-11T20:43:52+08:00" level=info msg="[GNB][UE] UE RAN ID 81"
time="2026-08-11T20:43:52+08:00" level=info msg="[GNB][UE] UE AMF ID 80"
time="2026-08-11T20:43:52+08:00" level=info msg="[GNB][UE] UE Mobility Restrict --Plmn-- Mcc: 208 Mnc: 93"
time="2026-08-11T20:43:52+08:00" level=info msg="[GNB][UE] UE Masked Imeisv: 1110000000ffff00"
time="2026-08-11T20:43:52+08:00" level=info msg="[GNB][UE] Allowed Nssai-- Sst: [01 01] Sd: [010203 112233]"
time="2026-08-11T20:43:52+08:00" level=info msg="[GNB][NGAP][AMF] Send Initial Context Setup Response."
time="2026-08-11T20:43:52+08:00" level=info msg="[GNB] Initiating Initial Context Setup Response"
time="2026-08-11T20:43:52+08:00" level=info msg="[GNB][NGAP] No PDU Session to set up in InitialContextSetupResponse."
time="2026-08-11T20:43:52+08:00" level=info msg="[UE][NAS] Message with security header"
time="2026-08-11T20:43:52+08:00" level=info msg="[UE][NAS] Message with integrity and ciphered"
time="2026-08-11T20:43:52+08:00" level=info msg="[UE][NAS] successful NAS CIPHERING"
time="2026-08-11T20:43:52+08:00" level=info msg="[UE][NAS] successful NAS MAC verification"
time="2026-08-11T20:43:52+08:00" level=info msg="[UE][NAS] Receive Registration Accept"
time="2026-08-11T20:43:52+08:00" level=info msg="[UE][NAS] UE 5G GUTI: &{119 11 [242 2 248 57 202 254 0 0 0 0 34]}"
time="2026-08-11T20:43:52+08:00" level=info msg="[UE] Switched from state 2 to state 3"
time="2026-08-11T20:43:53+08:00" level=info msg="[GNB][SCTP] Receive message in 0 stream\n"
time="2026-08-11T20:43:53+08:00" level=info msg="[GNB][NGAP] Receive Downlink NAS Transport"
time="2026-08-11T20:43:53+08:00" level=info msg="[UE][NAS] Message with security header"
time="2026-08-11T20:43:53+08:00" level=info msg="[UE][NAS] Message with integrity and with NEW 5G NAS SECURITY CONTEXT"
time="2026-08-11T20:43:53+08:00" level=info msg="[UE][NAS] successful NAS MAC verification"
time="2026-08-11T20:43:53+08:00" level=info msg="[UE][NAS] Receive Security Mode Command"
time="2026-08-11T20:43:53+08:00" level=info msg="[GNB][SCTP] Receive message in 0 stream\n"
time="2026-08-11T20:43:53+08:00" level=info msg="[UE][NAS] Type of ciphering algorithm is 5G-EA0"
time="2026-08-11T20:43:53+08:00" level=info msg="[UE][NAS] Type of integrity protection algorithm is 128-5G-IA2"
time="2026-08-11T20:43:53+08:00" level=info msg="[GNB][NGAP] Receive Downlink NAS Transport"
time="2026-08-11T20:43:53+08:00" level=info msg="[UE][NAS] Message with security header"
time="2026-08-11T20:43:53+08:00" level=info msg="[UE][NAS] Message with integrity and ciphered"
time="2026-08-11T20:43:53+08:00" level=info msg="[UE][NAS] successful NAS CIPHERING"
time="2026-08-11T20:43:53+08:00" level=info msg="[UE][NAS] successful NAS MAC verification"
time="2026-08-11T20:43:53+08:00" level=info msg="[UE][NAS] Receive Configuration Update Command"
time="2026-08-11T20:43:53+08:00" level=info msg="[UE] Initiating Configuration Update Complete"
time="2026-08-11T20:43:53+08:00" level=info msg="[GNB][SCTP] Receive message in 0 stream\n"
time="2026-08-11T20:43:53+08:00" level=info msg="[GNB][NGAP] Receive Downlink NAS Transport"
time="2026-08-11T20:43:53+08:00" level=info msg="[UE][NAS] Message with security header"
time="2026-08-11T20:43:53+08:00" level=info msg="[UE][NAS] Message with integrity and ciphered"
time="2026-08-11T20:43:53+08:00" level=info msg="[UE][NAS] successful NAS CIPHERING"
time="2026-08-11T20:43:53+08:00" level=info msg="[UE][NAS] successful NAS MAC verification"
time="2026-08-11T20:43:53+08:00" level=info msg="[UE][NAS] Receive Configuration Update Command"
time="2026-08-11T20:43:53+08:00" level=info msg="[UE] Initiating Configuration Update Complete"
time="2026-08-11T20:43:53+08:00" level=info msg="[GNB][SCTP] Receive message in 0 stream\n"
time="2026-08-11T20:43:53+08:00" level=info msg="[GNB][NGAP] Receive Downlink NAS Transport"
time="2026-08-11T20:43:53+08:00" level=info msg="[UE][NAS] Message with security header"
time="2026-08-11T20:43:53+08:00" level=info msg="[UE][NAS] Message with integrity and ciphered"
time="2026-08-11T20:43:53+08:00" level=info msg="[UE][NAS] successful NAS CIPHERING"
time="2026-08-11T20:43:53+08:00" level=info msg="[UE][NAS] successful NAS MAC verification"
time="2026-08-11T20:43:53+08:00" level=info msg="[UE][NAS] Receive Configuration Update Command"
time="2026-08-11T20:43:53+08:00" level=info msg="[UE] Initiating Configuration Update Complete"
time="2026-08-11T20:43:53+08:00" level=info msg="[GNB][SCTP] Receive message in 0 stream\n"
time="2026-08-11T20:43:53+08:00" level=info msg="[GNB][NGAP] Receive Downlink NAS Transport"
time="2026-08-11T20:43:53+08:00" level=info msg="[UE][NAS] Message with security header"
time="2026-08-11T20:43:53+08:00" level=info msg="[UE][NAS] Message with integrity and ciphered"
time="2026-08-11T20:43:53+08:00" level=info msg="[UE][NAS] successful NAS CIPHERING"
time="2026-08-11T20:43:53+08:00" level=info msg="[UE][NAS] successful NAS MAC verification"
time="2026-08-11T20:43:53+08:00" level=info msg="[UE][NAS] Receive Configuration Update Command"
time="2026-08-11T20:43:53+08:00" level=info msg="[UE] Initiating Configuration Update Complete"
time="2026-08-11T20:43:53+08:00" level=info msg="[GNB][SCTP] Receive message in 0 stream\n"
time="2026-08-11T20:43:53+08:00" level=info msg="[GNB][NGAP] Receive Initial Context Setup Request"
time="2026-08-11T20:43:53+08:00" level=info msg="[GNB][UE] UE Context was created with successful"
time="2026-08-11T20:43:53+08:00" level=info msg="[GNB][UE] UE RAN ID 71"
time="2026-08-11T20:43:53+08:00" level=info msg="[GNB][UE] UE AMF ID 70"
time="2026-08-11T20:43:53+08:00" level=info msg="[GNB][UE] UE Mobility Restrict --Plmn-- Mcc: 208 Mnc: 93"
time="2026-08-11T20:43:53+08:00" level=info msg="[GNB][UE] UE Masked Imeisv: 1110000000ffff00"
time="2026-08-11T20:43:53+08:00" level=info msg="[GNB][UE] Allowed Nssai-- Sst: [01 01] Sd: [010203 112233]"
time="2026-08-11T20:43:53+08:00" level=info msg="[GNB][NGAP][AMF] Send Initial Context Setup Response."
time="2026-08-11T20:43:53+08:00" level=info msg="[GNB] Initiating Initial Context Setup Response"
time="2026-08-11T20:43:53+08:00" level=info msg="[GNB][NGAP] No PDU Session to set up in InitialContextSetupResponse."
time="2026-08-11T20:43:53+08:00" level=info msg="[UE][NAS] Message with security header"
time="2026-08-11T20:43:53+08:00" level=info msg="[UE][NAS] Message with integrity and ciphered"
time="2026-08-11T20:43:53+08:00" level=info msg="[UE][NAS] successful NAS CIPHERING"
time="2026-08-11T20:43:53+08:00" level=info msg="[UE][NAS] successful NAS MAC verification"
time="2026-08-11T20:43:53+08:00" level=info msg="[UE][NAS] Receive Registration Accept"
time="2026-08-11T20:43:53+08:00" level=info msg="[UE][NAS] UE 5G GUTI: &{119 11 [242 2 248 57 202 254 0 0 0 0 34]}"
time="2026-08-11T20:43:53+08:00" level=info msg="[UE] Switched from state 2 to state 3"
time="2026-08-11T20:43:53+08:00" level=info msg="[GNB][SCTP] Receive message in 0 stream\n"
time="2026-08-11T20:43:53+08:00" level=info msg="[GNB][NGAP] Receive Downlink NAS Transport"
time="2026-08-11T20:43:53+08:00" level=info msg="[UE][NAS] Message with security header"
time="2026-08-11T20:43:53+08:00" level=info msg="[UE][NAS] Message with integrity and ciphered"
time="2026-08-11T20:43:53+08:00" level=info msg="[UE][NAS] successful NAS CIPHERING"
time="2026-08-11T20:43:53+08:00" level=info msg="[UE][NAS] successful NAS MAC verification"
time="2026-08-11T20:43:53+08:00" level=info msg="[UE][NAS] Receive Configuration Update Command"
time="2026-08-11T20:43:53+08:00" level=info msg="[UE] Initiating Configuration Update Complete"
time="2026-08-11T20:43:53+08:00" level=info msg="[GNB][SCTP] Receive message in 0 stream\n"
time="2026-08-11T20:43:53+08:00" level=info msg="[GNB][NGAP] Receive Downlink NAS Transport"
time="2026-08-11T20:43:53+08:00" level=info msg="[UE][NAS] Message with security header"
time="2026-08-11T20:43:53+08:00" level=info msg="[UE][NAS] Message with integrity and ciphered"
time="2026-08-11T20:43:53+08:00" level=info msg="[UE][NAS] successful NAS CIPHERING"
time="2026-08-11T20:43:53+08:00" level=info msg="[UE][NAS] successful NAS MAC verification"
time="2026-08-11T20:43:53+08:00" level=info msg="[UE][NAS] Receive Configuration Update Command"
time="2026-08-11T20:43:53+08:00" level=info msg="[UE] Initiating Configuration Update Complete"
time="2026-08-11T20:43:53+08:00" level=info msg="[GNB][SCTP] Receive message in 0 stream\n"
time="2026-08-11T20:43:53+08:00" level=info msg="[GNB][SCTP] Receive message in 0 stream\n"
time="2026-08-11T20:43:53+08:00" level=info msg="[GNB][NGAP] Receive Downlink NAS Transport"
time="2026-08-11T20:43:53+08:00" level=info msg="[UE][NAS] Message with security header"
time="2026-08-11T20:43:53+08:00" level=info msg="[UE][NAS] Message with integrity and ciphered"
time="2026-08-11T20:43:53+08:00" level=info msg="[UE][NAS] successful NAS CIPHERING"
time="2026-08-11T20:43:53+08:00" level=info msg="[UE][NAS] successful NAS MAC verification"
time="2026-08-11T20:43:53+08:00" level=info msg="[UE][NAS] Receive Configuration Update Command"
time="2026-08-11T20:43:53+08:00" level=info msg="[UE] Initiating Configuration Update Complete"
time="2026-08-11T20:43:53+08:00" level=info msg="[GNB][NGAP] Receive Downlink NAS Transport"
time="2026-08-11T20:43:53+08:00" level=info msg="[UE][NAS] Message with security header"
time="2026-08-11T20:43:53+08:00" level=info msg="[UE][NAS] Message with integrity and ciphered"
time="2026-08-11T20:43:53+08:00" level=info msg="[UE][NAS] successful NAS CIPHERING"
time="2026-08-11T20:43:53+08:00" level=info msg="[UE][NAS] successful NAS MAC verification"
time="2026-08-11T20:43:53+08:00" level=info msg="[UE][NAS] Receive Configuration Update Command"
time="2026-08-11T20:43:53+08:00" level=info msg="[UE] Initiating Configuration Update Complete"
time="2026-08-11T20:43:53+08:00" level=info msg="[GNB][SCTP] Receive message in 0 stream\n"
time="2026-08-11T20:43:53+08:00" level=info msg="[GNB][NGAP] Receive Initial Context Setup Request"
time="2026-08-11T20:43:53+08:00" level=info msg="[GNB][UE] UE Context was created with successful"
time="2026-08-11T20:43:53+08:00" level=info msg="[GNB][UE] UE RAN ID 92"
time="2026-08-11T20:43:53+08:00" level=info msg="[GNB][UE] UE AMF ID 91"
time="2026-08-11T20:43:53+08:00" level=info msg="[GNB][UE] UE Mobility Restrict --Plmn-- Mcc: 208 Mnc: 93"
time="2026-08-11T20:43:53+08:00" level=info msg="[GNB][UE] UE Masked Imeisv: 1110000000ffff00"
time="2026-08-11T20:43:53+08:00" level=info msg="[GNB][UE] Allowed Nssai-- Sst: [01 01] Sd: [010203 112233]"
time="2026-08-11T20:43:53+08:00" level=info msg="[GNB][NGAP][AMF] Send Initial Context Setup Response."
time="2026-08-11T20:43:53+08:00" level=info msg="[GNB] Initiating Initial Context Setup Response"
time="2026-08-11T20:43:53+08:00" level=info msg="[GNB][NGAP] No PDU Session to set up in InitialContextSetupResponse."
time="2026-08-11T20:43:53+08:00" level=info msg="[UE][NAS] Message with security header"
time="2026-08-11T20:43:53+08:00" level=info msg="[UE][NAS] Message with integrity and ciphered"
time="2026-08-11T20:43:53+08:00" level=info msg="[UE][NAS] successful NAS CIPHERING"
time="2026-08-11T20:43:53+08:00" level=info msg="[UE][NAS] successful NAS MAC verification"
time="2026-08-11T20:43:53+08:00" level=info msg="[UE][NAS] Receive Registration Accept"
time="2026-08-11T20:43:53+08:00" level=info msg="[UE][NAS] UE 5G GUTI: &{119 11 [242 2 248 57 202 254 0 0 0 0 40]}"
time="2026-08-11T20:43:53+08:00" level=info msg="[UE] Switched from state 2 to state 3"
time="2026-08-11T20:43:53+08:00" level=info msg="[GNB][SCTP] Receive message in 0 stream\n"
time="2026-08-11T20:43:53+08:00" level=info msg="[GNB][NGAP] Receive Downlink NAS Transport"
time="2026-08-11T20:43:53+08:00" level=info msg="[UE][NAS] Message with security header"
time="2026-08-11T20:43:53+08:00" level=info msg="[UE][NAS] Message with integrity and ciphered"
time="2026-08-11T20:43:53+08:00" level=info msg="[UE][NAS] successful NAS CIPHERING"
time="2026-08-11T20:43:53+08:00" level=info msg="[UE][NAS] successful NAS MAC verification"
time="2026-08-11T20:43:53+08:00" level=info msg="[UE][NAS] Receive Configuration Update Command"
time="2026-08-11T20:43:53+08:00" level=info msg="[UE] Initiating Configuration Update Complete"
time="2026-08-11T20:43:53+08:00" level=info msg="[GNB][SCTP] Receive message in 0 stream\n"
time="2026-08-11T20:43:53+08:00" level=info msg="[GNB][NGAP] Receive Downlink NAS Transport"
time="2026-08-11T20:43:53+08:00" level=info msg="[UE][NAS] Message with security header"
time="2026-08-11T20:43:53+08:00" level=info msg="[UE][NAS] Message with integrity and ciphered"
time="2026-08-11T20:43:53+08:00" level=info msg="[UE][NAS] successful NAS CIPHERING"
time="2026-08-11T20:43:53+08:00" level=info msg="[UE][NAS] successful NAS MAC verification"
time="2026-08-11T20:43:53+08:00" level=info msg="[UE][NAS] Receive Configuration Update Command"
time="2026-08-11T20:43:53+08:00" level=info msg="[UE] Initiating Configuration Update Complete"
time="2026-08-11T20:43:54+08:00" level=info msg="[GNB][SCTP] Receive message in 0 stream\n"
time="2026-08-11T20:43:54+08:00" level=info msg="[GNB][NGAP] Receive Initial Context Setup Request"
time="2026-08-11T20:43:54+08:00" level=info msg="[GNB][UE] UE Context was created with successful"
time="2026-08-11T20:43:54+08:00" level=info msg="[GNB][UE] UE RAN ID 88"
time="2026-08-11T20:43:54+08:00" level=info msg="[GNB][UE] UE AMF ID 87"
time="2026-08-11T20:43:54+08:00" level=info msg="[GNB][UE] UE Mobility Restrict --Plmn-- Mcc: 208 Mnc: 93"
time="2026-08-11T20:43:54+08:00" level=info msg="[GNB][UE] UE Masked Imeisv: 1110000000ffff00"
time="2026-08-11T20:43:54+08:00" level=info msg="[GNB][UE] Allowed Nssai-- Sst: [01 01] Sd: [010203 112233]"
time="2026-08-11T20:43:54+08:00" level=info msg="[GNB][NGAP][AMF] Send Initial Context Setup Response."
time="2026-08-11T20:43:54+08:00" level=info msg="[GNB] Initiating Initial Context Setup Response"
time="2026-08-11T20:43:54+08:00" level=info msg="[GNB][NGAP] No PDU Session to set up in InitialContextSetupResponse."
time="2026-08-11T20:43:54+08:00" level=info msg="[UE][NAS] Message with security header"
time="2026-08-11T20:43:54+08:00" level=info msg="[UE][NAS] Message with integrity and ciphered"
time="2026-08-11T20:43:54+08:00" level=info msg="[UE][NAS] successful NAS CIPHERING"
time="2026-08-11T20:43:54+08:00" level=info msg="[UE][NAS] successful NAS MAC verification"
time="2026-08-11T20:43:54+08:00" level=info msg="[UE][NAS] Receive Registration Accept"
time="2026-08-11T20:43:54+08:00" level=info msg="[UE][NAS] UE 5G GUTI: &{119 11 [242 2 248 57 202 254 0 0 0 0 26]}"
time="2026-08-11T20:43:54+08:00" level=info msg="[UE] Switched from state 2 to state 3"
time="2026-08-11T20:43:54+08:00" level=info msg="[GNB][SCTP] Receive message in 0 stream\n"
time="2026-08-11T20:43:54+08:00" level=info msg="[GNB][NGAP] Receive Initial Context Setup Request"
time="2026-08-11T20:43:54+08:00" level=info msg="[GNB][UE] UE Context was created with successful"
time="2026-08-11T20:43:54+08:00" level=info msg="[GNB][UE] UE RAN ID 100"
time="2026-08-11T20:43:54+08:00" level=info msg="[GNB][UE] UE AMF ID 99"
time="2026-08-11T20:43:54+08:00" level=info msg="[GNB][UE] UE Mobility Restrict --Plmn-- Mcc: 208 Mnc: 93"
time="2026-08-11T20:43:54+08:00" level=info msg="[GNB][UE] UE Masked Imeisv: 1110000000ffff00"
time="2026-08-11T20:43:54+08:00" level=info msg="[GNB][UE] Allowed Nssai-- Sst: [01 01] Sd: [010203 112233]"
time="2026-08-11T20:43:54+08:00" level=info msg="[GNB][NGAP][AMF] Send Initial Context Setup Response."
time="2026-08-11T20:43:54+08:00" level=info msg="[GNB] Initiating Initial Context Setup Response"
time="2026-08-11T20:43:54+08:00" level=info msg="[GNB][NGAP] No PDU Session to set up in InitialContextSetupResponse."
time="2026-08-11T20:43:54+08:00" level=info msg="[UE][NAS] Message with security header"
time="2026-08-11T20:43:54+08:00" level=info msg="[UE][NAS] Message with integrity and ciphered"
time="2026-08-11T20:43:54+08:00" level=info msg="[UE][NAS] successful NAS CIPHERING"
time="2026-08-11T20:43:54+08:00" level=info msg="[UE][NAS] successful NAS MAC verification"
time="2026-08-11T20:43:54+08:00" level=info msg="[UE][NAS] Receive Registration Accept"
time="2026-08-11T20:43:54+08:00" level=info msg="[UE][NAS] UE 5G GUTI: &{119 11 [242 2 248 57 202 254 0 0 0 0 32]}"
time="2026-08-11T20:43:54+08:00" level=info msg="[UE] Switched from state 2 to state 3"
time="2026-08-11T20:43:54+08:00" level=info msg="[GNB][SCTP] Receive message in 0 stream\n"
time="2026-08-11T20:43:54+08:00" level=info msg="[GNB][NGAP] Receive Initial Context Setup Request"
time="2026-08-11T20:43:54+08:00" level=info msg="[GNB][UE] UE Context was created with successful"
time="2026-08-11T20:43:54+08:00" level=info msg="[GNB][UE] UE RAN ID 93"
time="2026-08-11T20:43:54+08:00" level=info msg="[GNB][UE] UE AMF ID 92"
time="2026-08-11T20:43:54+08:00" level=info msg="[GNB][UE] UE Mobility Restrict --Plmn-- Mcc: 208 Mnc: 93"
time="2026-08-11T20:43:54+08:00" level=info msg="[GNB][UE] UE Masked Imeisv: 1110000000ffff00"
time="2026-08-11T20:43:54+08:00" level=info msg="[GNB][UE] Allowed Nssai-- Sst: [01 01] Sd: [010203 112233]"
time="2026-08-11T20:43:54+08:00" level=info msg="[GNB][NGAP][AMF] Send Initial Context Setup Response."
time="2026-08-11T20:43:54+08:00" level=info msg="[GNB] Initiating Initial Context Setup Response"
time="2026-08-11T20:43:54+08:00" level=info msg="[GNB][NGAP] No PDU Session to set up in InitialContextSetupResponse."
time="2026-08-11T20:43:54+08:00" level=info msg="[UE][NAS] Message with security header"
time="2026-08-11T20:43:54+08:00" level=info msg="[UE][NAS] Message with integrity and ciphered"
time="2026-08-11T20:43:54+08:00" level=info msg="[UE][NAS] successful NAS CIPHERING"
time="2026-08-11T20:43:54+08:00" level=info msg="[UE][NAS] successful NAS MAC verification"
time="2026-08-11T20:43:54+08:00" level=info msg="[UE][NAS] Receive Registration Accept"
time="2026-08-11T20:43:54+08:00" level=info msg="[UE][NAS] UE 5G GUTI: &{119 11 [242 2 248 57 202 254 0 0 0 0 38]}"
time="2026-08-11T20:43:54+08:00" level=info msg="[UE] Switched from state 2 to state 3"
time="2026-08-11T20:43:54+08:00" level=info msg="[GNB][SCTP] Receive message in 0 stream\n"
time="2026-08-11T20:43:54+08:00" level=info msg="[GNB][SCTP] Receive message in 0 stream\n"
time="2026-08-11T20:43:54+08:00" level=info msg="[GNB][SCTP] Receive message in 0 stream\n"
time="2026-08-11T20:43:54+08:00" level=info msg="[GNB][NGAP] Receive Downlink NAS Transport"
time="2026-08-11T20:43:54+08:00" level=info msg="[GNB][SCTP] Receive message in 0 stream\n"
time="2026-08-11T20:43:54+08:00" level=info msg="[UE][NAS] Message with security header"
time="2026-08-11T20:43:54+08:00" level=info msg="[UE][NAS] Message with integrity and ciphered"
time="2026-08-11T20:43:54+08:00" level=info msg="[UE][NAS] successful NAS CIPHERING"
time="2026-08-11T20:43:54+08:00" level=info msg="[UE][NAS] successful NAS MAC verification"
time="2026-08-11T20:43:54+08:00" level=info msg="[UE][NAS] Receive Configuration Update Command"
time="2026-08-11T20:43:54+08:00" level=info msg="[UE] Initiating Configuration Update Complete"
time="2026-08-11T20:43:54+08:00" level=info msg="[GNB][NGAP] Receive Downlink NAS Transport"
time="2026-08-11T20:43:54+08:00" level=info msg="[UE][NAS] Message with security header"
time="2026-08-11T20:43:54+08:00" level=info msg="[UE][NAS] Message with integrity and ciphered"
time="2026-08-11T20:43:54+08:00" level=info msg="[UE][NAS] successful NAS CIPHERING"
time="2026-08-11T20:43:54+08:00" level=info msg="[UE][NAS] successful NAS MAC verification"
time="2026-08-11T20:43:54+08:00" level=info msg="[UE][NAS] Receive Configuration Update Command"
time="2026-08-11T20:43:54+08:00" level=info msg="[UE] Initiating Configuration Update Complete"
time="2026-08-11T20:43:54+08:00" level=info msg="[GNB][NGAP] Receive Downlink NAS Transport"
time="2026-08-11T20:43:54+08:00" level=info msg="[UE][NAS] Message with security header"
time="2026-08-11T20:43:54+08:00" level=info msg="[UE][NAS] Message with integrity and ciphered"
time="2026-08-11T20:43:54+08:00" level=info msg="[UE][NAS] successful NAS CIPHERING"
time="2026-08-11T20:43:54+08:00" level=info msg="[UE][NAS] successful NAS MAC verification"
time="2026-08-11T20:43:54+08:00" level=info msg="[UE][NAS] Receive Configuration Update Command"
time="2026-08-11T20:43:54+08:00" level=info msg="[UE] Initiating Configuration Update Complete"
time="2026-08-11T20:43:54+08:00" level=info msg="[GNB][NGAP] Receive Downlink NAS Transport"
time="2026-08-11T20:43:54+08:00" level=info msg="[UE][NAS] Message with security header"
time="2026-08-11T20:43:54+08:00" level=info msg="[UE][NAS] Message with integrity and ciphered"
time="2026-08-11T20:43:54+08:00" level=info msg="[UE][NAS] successful NAS CIPHERING"
time="2026-08-11T20:43:54+08:00" level=info msg="[UE][NAS] successful NAS MAC verification"
time="2026-08-11T20:43:54+08:00" level=info msg="[UE][NAS] Receive Configuration Update Command"
time="2026-08-11T20:43:54+08:00" level=info msg="[UE] Initiating Configuration Update Complete"
time="2026-08-11T20:43:54+08:00" level=info msg="[GNB][SCTP] Receive message in 0 stream\n"
time="2026-08-11T20:43:54+08:00" level=info msg="[GNB][NGAP] Receive Downlink NAS Transport"
time="2026-08-11T20:43:54+08:00" level=info msg="[UE][NAS] Message with security header"
time="2026-08-11T20:43:54+08:00" level=info msg="[UE][NAS] Message with integrity and ciphered"
time="2026-08-11T20:43:54+08:00" level=info msg="[UE][NAS] successful NAS CIPHERING"
time="2026-08-11T20:43:54+08:00" level=info msg="[UE][NAS] successful NAS MAC verification"
time="2026-08-11T20:43:54+08:00" level=info msg="[UE][NAS] Receive Configuration Update Command"
time="2026-08-11T20:43:54+08:00" level=info msg="[UE] Initiating Configuration Update Complete"
