time="2026-08-11T19:18:12+08:00" level=info msg="Loaded config at: config/b0-run1.yml"
time="2026-08-11T19:18:12+08:00" level=info msg="PacketRusher version 1.0.1"
time="2026-08-11T19:18:12+08:00" level=info msg=---------------------------------------
time="2026-08-11T19:18:12+08:00" level=info msg="[TESTER] Starting test function: Testing registration of multiple UEs"
time="2026-08-11T19:18:12+08:00" level=info msg="[TESTER][UE] Number of UEs: 100"
time="2026-08-11T19:18:12+08:00" level=info msg="[TESTER][GNB] gNodeB control interface IP/Port: 172.18.0.1:9487~"
time="2026-08-11T19:18:12+08:00" level=info msg="[TESTER][GNB] gNodeB data interface IP/Port: 172.18.0.1:2152"
time="2026-08-11T19:18:12+08:00" level=info msg="[TESTER][AMF] AMF IP/Port: 172.18.0.2:31412"
time="2026-08-11T19:18:12+08:00" level=info msg=---------------------------------------
time="2026-08-11T19:18:12+08:00" level=info msg="[GNB] InitGnb called with N2 IP: 172.18.0.1:9487"
time="2026-08-11T19:18:12+08:00" level=info msg="[GNB] Attempting connection with N2 IP: 172.18.0.1:9487"
time="2026-08-11T19:18:12+08:00" level=info msg="[GNB][SCTP] Initializing connection: local=172.18.0.1:9487 remote=172.18.0.2:31412"
time="2026-08-11T19:18:12+08:00" level=info msg="[GNB][SCTP] Attempting SCTP dial..."
time="2026-08-11T19:18:12+08:00" level=info msg="[GNB][SCTP] SCTP connection established successfully"
time="2026-08-11T19:18:12+08:00" level=info msg="[GNB][SCTP] Starting GnbListen goroutine..."
time="2026-08-11T19:18:12+08:00" level=info msg="[GNB] SCTP/NGAP service is running"
time="2026-08-11T19:18:12+08:00" level=info msg="[GNB] Sending NG Setup Request..."
time="2026-08-11T19:18:12+08:00" level=info msg="[GNB] Initiating NG Setup Request"
time="2026-08-11T19:18:12+08:00" level=info msg="[GNB] NG Setup Request sent, waiting for response..."
time="2026-08-11T19:18:12+08:00" level=info msg="[GNB][SCTP] Receive message in 0 stream\n"
time="2026-08-11T19:18:12+08:00" level=info msg="[GNB][NGAP] Receive NG Setup Response"
time="2026-08-11T19:18:12+08:00" level=info msg="[GNB][AMF] AMF Name: AMF"
time="2026-08-11T19:18:12+08:00" level=info msg="[GNB][AMF] State of AMF: Active"
time="2026-08-11T19:18:12+08:00" level=info msg="[GNB][AMF] Capacity of AMF: 255"
time="2026-08-11T19:18:12+08:00" level=info msg="[GNB][AMF] PLMNs Identities Supported by AMF -- mcc: 208 mnc:93"
time="2026-08-11T19:18:12+08:00" level=info msg="[GNB][AMF] List of AMF slices Supported by AMF -- sst:01 sd:010203"
time="2026-08-11T19:18:12+08:00" level=info msg="[GNB][AMF] List of AMF slices Supported by AMF -- sst:01 sd:112233"
time="2026-08-11T19:18:12+08:00" level=info msg="[GNB] NG Setup successful with N2 IP: 172.18.0.1:9487"
time="2026-08-11T19:18:13+08:00" level=info msg="[TESTER] TESTING REGISTRATION USING IMSI 0000007001 UE"
time="2026-08-11T19:18:13+08:00" level=info msg="[GNB] Received incoming connection from new UE"
time="2026-08-11T19:18:13+08:00" level=info msg="[UE] Initiating Registration"
time="2026-08-11T19:18:13+08:00" level=info msg="[UE] Switched from state 0 to state 1"
time="2026-08-11T19:18:14+08:00" level=info msg="[TESTER] TESTING REGISTRATION USING IMSI 0000007002 UE"
time="2026-08-11T19:18:14+08:00" level=info msg="[GNB] Received incoming connection from new UE"
time="2026-08-11T19:18:14+08:00" level=info msg="[UE] Initiating Registration"
time="2026-08-11T19:18:14+08:00" level=info msg="[UE] Switched from state 0 to state 1"
time="2026-08-11T19:18:14+08:00" level=info msg="[TESTER] TESTING REGISTRATION USING IMSI 0000007003 UE"
time="2026-08-11T19:18:14+08:00" level=info msg="[GNB] Received incoming connection from new UE"
time="2026-08-11T19:18:14+08:00" level=info msg="[UE] Initiating Registration"
time="2026-08-11T19:18:14+08:00" level=info msg="[UE] Switched from state 0 to state 1"
time="2026-08-11T19:18:14+08:00" level=info msg="[GNB][SCTP] Receive message in 0 stream\n"
time="2026-08-11T19:18:14+08:00" level=info msg="[GNB][NGAP] Receive Downlink NAS Transport"
time="2026-08-11T19:18:14+08:00" level=info msg="[UE][NAS] Message without security header"
time="2026-08-11T19:18:14+08:00" level=info msg="[UE][NAS] Receive Authentication Request"
time="2026-08-11T19:18:14+08:00" level=info msg="[UE][NAS][MAC] Authenticity of the authentication request message: OK"
time="2026-08-11T19:18:14+08:00" level=info msg="[UE][NAS][SQN] SQN of the authentication request message: VALID"
time="2026-08-11T19:18:14+08:00" level=info msg="[UE][NAS] Send authentication response"
time="2026-08-11T19:18:14+08:00" level=info msg="[UE] Switched from state 1 to state 2"
time="2026-08-11T19:18:14+08:00" level=info msg="[TESTER] TESTING REGISTRATION USING IMSI 0000007004 UE"
time="2026-08-11T19:18:14+08:00" level=info msg="[GNB] Received incoming connection from new UE"
time="2026-08-11T19:18:14+08:00" level=info msg="[UE] Initiating Registration"
time="2026-08-11T19:18:14+08:00" level=info msg="[UE] Switched from state 0 to state 1"
time="2026-08-11T19:18:14+08:00" level=info msg="[TESTER] TESTING REGISTRATION USING IMSI 0000007005 UE"
time="2026-08-11T19:18:14+08:00" level=info msg="[GNB] Received incoming connection from new UE"
time="2026-08-11T19:18:14+08:00" level=info msg="[UE] Initiating Registration"
time="2026-08-11T19:18:14+08:00" level=info msg="[UE] Switched from state 0 to state 1"
time="2026-08-11T19:18:14+08:00" level=info msg="[TESTER] TESTING REGISTRATION USING IMSI 0000007006 UE"
time="2026-08-11T19:18:14+08:00" level=info msg="[GNB] Received incoming connection from new UE"
time="2026-08-11T19:18:14+08:00" level=info msg="[UE] Initiating Registration"
time="2026-08-11T19:18:14+08:00" level=info msg="[UE] Switched from state 0 to state 1"
time="2026-08-11T19:18:14+08:00" level=info msg="[TESTER] TESTING REGISTRATION USING IMSI 0000007007 UE"
time="2026-08-11T19:18:14+08:00" level=info msg="[GNB] Received incoming connection from new UE"
time="2026-08-11T19:18:14+08:00" level=info msg="[UE] Initiating Registration"
time="2026-08-11T19:18:14+08:00" level=info msg="[UE] Switched from state 0 to state 1"
time="2026-08-11T19:18:14+08:00" level=info msg="[GNB][SCTP] Receive message in 0 stream\n"
time="2026-08-11T19:18:14+08:00" level=info msg="[GNB][NGAP] Receive Downlink NAS Transport"
time="2026-08-11T19:18:14+08:00" level=info msg="[UE][NAS] Message without security header"
time="2026-08-11T19:18:14+08:00" level=info msg="[UE][NAS] Receive Authentication Request"
time="2026-08-11T19:18:14+08:00" level=info msg="[UE][NAS][MAC] Authenticity of the authentication request message: OK"
time="2026-08-11T19:18:14+08:00" level=info msg="[UE][NAS][SQN] SQN of the authentication request message: VALID"
time="2026-08-11T19:18:14+08:00" level=info msg="[UE][NAS] Send authentication response"
time="2026-08-11T19:18:14+08:00" level=info msg="[UE] Switched from state 1 to state 2"
time="2026-08-11T19:18:14+08:00" level=info msg="[GNB][SCTP] Receive message in 0 stream\n"
time="2026-08-11T19:18:14+08:00" level=info msg="[GNB][NGAP] Receive Downlink NAS Transport"
time="2026-08-11T19:18:14+08:00" level=info msg="[UE][NAS] Message without security header"
time="2026-08-11T19:18:14+08:00" level=info msg="[UE][NAS] Receive Authentication Request"
time="2026-08-11T19:18:14+08:00" level=info msg="[TESTER] TESTING REGISTRATION USING IMSI 0000007008 UE"
time="2026-08-11T19:18:14+08:00" level=info msg="[UE][NAS][MAC] Authenticity of the authentication request message: OK"
time="2026-08-11T19:18:14+08:00" level=info msg="[UE][NAS][SQN] SQN of the authentication request message: VALID"
time="2026-08-11T19:18:14+08:00" level=info msg="[UE][NAS] Send authentication response"
time="2026-08-11T19:18:14+08:00" level=info msg="[GNB] Received incoming connection from new UE"
time="2026-08-11T19:18:14+08:00" level=info msg="[UE] Initiating Registration"
time="2026-08-11T19:18:14+08:00" level=info msg="[UE] Switched from state 0 to state 1"
time="2026-08-11T19:18:14+08:00" level=info msg="[UE] Switched from state 1 to state 2"
time="2026-08-11T19:18:14+08:00" level=info msg="[GNB][SCTP] Receive message in 0 stream\n"
time="2026-08-11T19:18:14+08:00" level=info msg="[GNB][NGAP] Receive Downlink NAS Transport"
time="2026-08-11T19:18:14+08:00" level=info msg="[UE][NAS] Message with security header"
time="2026-08-11T19:18:14+08:00" level=info msg="[UE][NAS] Message with integrity and with NEW 5G NAS SECURITY CONTEXT"
time="2026-08-11T19:18:14+08:00" level=info msg="[UE][NAS] successful NAS MAC verification"
time="2026-08-11T19:18:14+08:00" level=info msg="[UE][NAS] Receive Security Mode Command"
time="2026-08-11T19:18:14+08:00" level=info msg="[UE][NAS] Type of ciphering algorithm is 5G-EA0"
time="2026-08-11T19:18:14+08:00" level=info msg="[UE][NAS] Type of integrity protection algorithm is 128-5G-IA2"
time="2026-08-11T19:18:14+08:00" level=info msg="[TESTER] TESTING REGISTRATION USING IMSI 0000007009 UE"
time="2026-08-11T19:18:14+08:00" level=info msg="[GNB] Received incoming connection from new UE"
time="2026-08-11T19:18:14+08:00" level=info msg="[UE] Initiating Registration"
time="2026-08-11T19:18:14+08:00" level=info msg="[UE] Switched from state 0 to state 1"
time="2026-08-11T19:18:14+08:00" level=info msg="[TESTER] TESTING REGISTRATION USING IMSI 0000007010 UE"
time="2026-08-11T19:18:14+08:00" level=info msg="[GNB] Received incoming connection from new UE"
time="2026-08-11T19:18:14+08:00" level=info msg="[UE] Initiating Registration"
time="2026-08-11T19:18:14+08:00" level=info msg="[UE] Switched from state 0 to state 1"
time="2026-08-11T19:18:14+08:00" level=info msg="[GNB][SCTP] Receive message in 0 stream\n"
time="2026-08-11T19:18:14+08:00" level=info msg="[GNB][SCTP] Receive message in 0 stream\n"
time="2026-08-11T19:18:14+08:00" level=info msg="[GNB][NGAP] Receive Downlink NAS Transport"
time="2026-08-11T19:18:14+08:00" level=info msg="[UE][NAS] Message with security header"
time="2026-08-11T19:18:14+08:00" level=info msg="[UE][NAS] Message with integrity and with NEW 5G NAS SECURITY CONTEXT"
time="2026-08-11T19:18:14+08:00" level=info msg="[UE][NAS] successful NAS MAC verification"
time="2026-08-11T19:18:14+08:00" level=info msg="[UE][NAS] Receive Security Mode Command"
time="2026-08-11T19:18:14+08:00" level=info msg="[UE][NAS] Type of ciphering algorithm is 5G-EA0"
time="2026-08-11T19:18:14+08:00" level=info msg="[UE][NAS] Type of integrity protection algorithm is 128-5G-IA2"
time="2026-08-11T19:18:14+08:00" level=info msg="[GNB][NGAP] Receive Downlink NAS Transport"
time="2026-08-11T19:18:14+08:00" level=info msg="[UE][NAS] Message with security header"
time="2026-08-11T19:18:14+08:00" level=info msg="[UE][NAS] Message with integrity and with NEW 5G NAS SECURITY CONTEXT"
time="2026-08-11T19:18:14+08:00" level=info msg="[UE][NAS] successful NAS MAC verification"
time="2026-08-11T19:18:14+08:00" level=info msg="[UE][NAS] Receive Security Mode Command"
time="2026-08-11T19:18:14+08:00" level=info msg="[UE][NAS] Type of ciphering algorithm is 5G-EA0"
time="2026-08-11T19:18:14+08:00" level=info msg="[UE][NAS] Type of integrity protection algorithm is 128-5G-IA2"
time="2026-08-11T19:18:14+08:00" level=info msg="[TESTER] TESTING REGISTRATION USING IMSI 0000007011 UE"
time="2026-08-11T19:18:14+08:00" level=info msg="[GNB] Received incoming connection from new UE"
time="2026-08-11T19:18:14+08:00" level=info msg="[UE] Initiating Registration"
time="2026-08-11T19:18:14+08:00" level=info msg="[UE] Switched from state 0 to state 1"
time="2026-08-11T19:18:14+08:00" level=info msg="[TESTER] TESTING REGISTRATION USING IMSI 0000007012 UE"
time="2026-08-11T19:18:14+08:00" level=info msg="[GNB] Received incoming connection from new UE"
time="2026-08-11T19:18:14+08:00" level=info msg="[UE] Initiating Registration"
time="2026-08-11T19:18:14+08:00" level=info msg="[UE] Switched from state 0 to state 1"
time="2026-08-11T19:18:14+08:00" level=info msg="[GNB][SCTP] Receive message in 0 stream\n"
time="2026-08-11T19:18:14+08:00" level=info msg="[GNB][SCTP] Receive message in 0 stream\n"
time="2026-08-11T19:18:14+08:00" level=info msg="[GNB][NGAP] Receive Downlink NAS Transport"
time="2026-08-11T19:18:14+08:00" level=info msg="[UE][NAS] Message without security header"
time="2026-08-11T19:18:14+08:00" level=info msg="[UE][NAS] Receive Authentication Request"
time="2026-08-11T19:18:14+08:00" level=info msg="[UE][NAS][MAC] Authenticity of the authentication request message: OK"
time="2026-08-11T19:18:14+08:00" level=info msg="[UE][NAS][SQN] SQN of the authentication request message: VALID"
time="2026-08-11T19:18:14+08:00" level=info msg="[UE][NAS] Send authentication response"
time="2026-08-11T19:18:14+08:00" level=info msg="[GNB][NGAP] Receive Downlink NAS Transport"
time="2026-08-11T19:18:14+08:00" level=info msg="[UE] Switched from state 1 to state 2"
time="2026-08-11T19:18:14+08:00" level=info msg="[TESTER] TESTING REGISTRATION USING IMSI 0000007013 UE"
time="2026-08-11T19:18:14+08:00" level=info msg="[GNB] Received incoming connection from new UE"
time="2026-08-11T19:18:14+08:00" level=info msg="[UE] Initiating Registration"
time="2026-08-11T19:18:14+08:00" level=info msg="[UE] Switched from state 0 to state 1"
time="2026-08-11T19:18:14+08:00" level=info msg="[UE][NAS] Message without security header"
time="2026-08-11T19:18:14+08:00" level=info msg="[UE][NAS] Receive Authentication Request"
time="2026-08-11T19:18:14+08:00" level=info msg="[UE][NAS][MAC] Authenticity of the authentication request message: OK"
time="2026-08-11T19:18:14+08:00" level=info msg="[UE][NAS][SQN] SQN of the authentication request message: VALID"
time="2026-08-11T19:18:14+08:00" level=info msg="[UE][NAS] Send authentication response"
time="2026-08-11T19:18:14+08:00" level=info msg="[UE] Switched from state 1 to state 2"
time="2026-08-11T19:18:14+08:00" level=info msg="[GNB][SCTP] Receive message in 0 stream\n"
time="2026-08-11T19:18:14+08:00" level=info msg="[GNB][SCTP] Receive message in 0 stream\n"
time="2026-08-11T19:18:14+08:00" level=info msg="[GNB][NGAP] Receive Downlink NAS Transport"
time="2026-08-11T19:18:14+08:00" level=info msg="[UE][NAS] Message without security header"
time="2026-08-11T19:18:14+08:00" level=info msg="[UE][NAS] Receive Authentication Request"
time="2026-08-11T19:18:14+08:00" level=info msg="[UE][NAS][MAC] Authenticity of the authentication request message: OK"
time="2026-08-11T19:18:14+08:00" level=info msg="[UE][NAS][SQN] SQN of the authentication request message: VALID"
time="2026-08-11T19:18:14+08:00" level=info msg="[UE][NAS] Send authentication response"
time="2026-08-11T19:18:14+08:00" level=info msg="[UE] Switched from state 1 to state 2"
time="2026-08-11T19:18:14+08:00" level=info msg="[GNB][NGAP] Receive Downlink NAS Transport"
time="2026-08-11T19:18:14+08:00" level=info msg="[UE][NAS] Message without security header"
time="2026-08-11T19:18:14+08:00" level=info msg="[UE][NAS] Receive Authentication Request"
time="2026-08-11T19:18:14+08:00" level=info msg="[UE][NAS][MAC] Authenticity of the authentication request message: OK"
time="2026-08-11T19:18:14+08:00" level=info msg="[UE][NAS][SQN] SQN of the authentication request message: VALID"
time="2026-08-11T19:18:14+08:00" level=info msg="[UE][NAS] Send authentication response"
time="2026-08-11T19:18:14+08:00" level=info msg="[UE] Switched from state 1 to state 2"
time="2026-08-11T19:18:14+08:00" level=info msg="[TESTER] TESTING REGISTRATION USING IMSI 0000007014 UE"
time="2026-08-11T19:18:14+08:00" level=info msg="[GNB] Received incoming connection from new UE"
time="2026-08-11T19:18:14+08:00" level=info msg="[UE] Initiating Registration"
time="2026-08-11T19:18:14+08:00" level=info msg="[UE] Switched from state 0 to state 1"
time="2026-08-11T19:18:14+08:00" level=info msg="[TESTER] TESTING REGISTRATION USING IMSI 0000007015 UE"
time="2026-08-11T19:18:14+08:00" level=info msg="[GNB] Received incoming connection from new UE"
time="2026-08-11T19:18:14+08:00" level=info msg="[UE] Initiating Registration"
time="2026-08-11T19:18:14+08:00" level=info msg="[UE] Switched from state 0 to state 1"
time="2026-08-11T19:18:14+08:00" level=info msg="[TESTER] TESTING REGISTRATION USING IMSI 0000007016 UE"
time="2026-08-11T19:18:14+08:00" level=info msg="[GNB] Received incoming connection from new UE"
time="2026-08-11T19:18:14+08:00" level=info msg="[UE] Initiating Registration"
time="2026-08-11T19:18:14+08:00" level=info msg="[UE] Switched from state 0 to state 1"
time="2026-08-11T19:18:14+08:00" level=info msg="[GNB][SCTP] Receive message in 0 stream\n"
time="2026-08-11T19:18:14+08:00" level=info msg="[GNB][SCTP] Receive message in 0 stream\n"
time="2026-08-11T19:18:14+08:00" level=info msg="[GNB][NGAP] Receive Downlink NAS Transport"
time="2026-08-11T19:18:14+08:00" level=info msg="[UE][NAS] Message without security header"
time="2026-08-11T19:18:14+08:00" level=info msg="[UE][NAS] Receive Authentication Request"
time="2026-08-11T19:18:14+08:00" level=info msg="[UE][NAS][MAC] Authenticity of the authentication request message: OK"
time="2026-08-11T19:18:14+08:00" level=info msg="[UE][NAS][SQN] SQN of the authentication request message: VALID"
time="2026-08-11T19:18:14+08:00" level=info msg="[UE][NAS] Send authentication response"
time="2026-08-11T19:18:14+08:00" level=info msg="[UE] Switched from state 1 to state 2"
time="2026-08-11T19:18:14+08:00" level=info msg="[GNB][NGAP] Receive Downlink NAS Transport"
time="2026-08-11T19:18:14+08:00" level=info msg="[UE][NAS] Message without security header"
time="2026-08-11T19:18:14+08:00" level=info msg="[UE][NAS] Receive Authentication Request"
time="2026-08-11T19:18:14+08:00" level=info msg="[UE][NAS][MAC] Authenticity of the authentication request message: OK"
time="2026-08-11T19:18:14+08:00" level=info msg="[UE][NAS][SQN] SQN of the authentication request message: VALID"
time="2026-08-11T19:18:14+08:00" level=info msg="[UE][NAS] Send authentication response"
time="2026-08-11T19:18:14+08:00" level=info msg="[UE] Switched from state 1 to state 2"
time="2026-08-11T19:18:14+08:00" level=info msg="[GNB][SCTP] Receive message in 0 stream\n"
time="2026-08-11T19:18:14+08:00" level=info msg="[GNB][NGAP] Receive Downlink NAS Transport"
time="2026-08-11T19:18:14+08:00" level=info msg="[UE][NAS] Message without security header"
time="2026-08-11T19:18:14+08:00" level=info msg="[UE][NAS] Receive Authentication Request"
time="2026-08-11T19:18:14+08:00" level=info msg="[UE][NAS][MAC] Authenticity of the authentication request message: OK"
time="2026-08-11T19:18:14+08:00" level=info msg="[UE][NAS][SQN] SQN of the authentication request message: VALID"
time="2026-08-11T19:18:14+08:00" level=info msg="[UE][NAS] Send authentication response"
time="2026-08-11T19:18:14+08:00" level=info msg="[UE] Switched from state 1 to state 2"
time="2026-08-11T19:18:14+08:00" level=info msg="[GNB][SCTP] Receive message in 0 stream\n"
time="2026-08-11T19:18:14+08:00" level=info msg="[GNB][NGAP] Receive Downlink NAS Transport"
time="2026-08-11T19:18:14+08:00" level=info msg="[UE][NAS] Message without security header"
time="2026-08-11T19:18:14+08:00" level=info msg="[UE][NAS] Receive Authentication Request"
time="2026-08-11T19:18:14+08:00" level=info msg="[UE][NAS][MAC] Authenticity of the authentication request message: OK"
time="2026-08-11T19:18:14+08:00" level=info msg="[UE][NAS][SQN] SQN of the authentication request message: VALID"
time="2026-08-11T19:18:14+08:00" level=info msg="[UE][NAS] Send authentication response"
time="2026-08-11T19:18:14+08:00" level=info msg="[UE] Switched from state 1 to state 2"
time="2026-08-11T19:18:14+08:00" level=info msg="[TESTER] TESTING REGISTRATION USING IMSI 0000007017 UE"
time="2026-08-11T19:18:14+08:00" level=info msg="[GNB] Received incoming connection from new UE"
time="2026-08-11T19:18:14+08:00" level=info msg="[UE] Initiating Registration"
time="2026-08-11T19:18:14+08:00" level=info msg="[UE] Switched from state 0 to state 1"
time="2026-08-11T19:18:14+08:00" level=info msg="[GNB][SCTP] Receive message in 0 stream\n"
time="2026-08-11T19:18:14+08:00" level=info msg="[GNB][NGAP] Receive Downlink NAS Transport"
time="2026-08-11T19:18:14+08:00" level=info msg="[UE][NAS] Message without security header"
time="2026-08-11T19:18:14+08:00" level=info msg="[UE][NAS] Receive Authentication Request"
time="2026-08-11T19:18:14+08:00" level=info msg="[UE][NAS][MAC] Authenticity of the authentication request message: OK"
time="2026-08-11T19:18:14+08:00" level=info msg="[UE][NAS][SQN] SQN of the authentication request message: VALID"
time="2026-08-11T19:18:14+08:00" level=info msg="[UE][NAS] Send authentication response"
time="2026-08-11T19:18:14+08:00" level=info msg="[UE] Switched from state 1 to state 2"
time="2026-08-11T19:18:14+08:00" level=info msg="[GNB][SCTP] Receive message in 0 stream\n"
time="2026-08-11T19:18:14+08:00" level=info msg="[GNB][NGAP] Receive Downlink NAS Transport"
time="2026-08-11T19:18:14+08:00" level=info msg="[UE][NAS] Message with security header"
time="2026-08-11T19:18:14+08:00" level=info msg="[UE][NAS] Message with integrity and with NEW 5G NAS SECURITY CONTEXT"
time="2026-08-11T19:18:14+08:00" level=info msg="[UE][NAS] successful NAS MAC verification"
time="2026-08-11T19:18:14+08:00" level=info msg="[UE][NAS] Receive Security Mode Command"
time="2026-08-11T19:18:14+08:00" level=info msg="[UE][NAS] Type of ciphering algorithm is 5G-EA0"
time="2026-08-11T19:18:14+08:00" level=info msg="[UE][NAS] Type of integrity protection algorithm is 128-5G-IA2"
time="2026-08-11T19:18:14+08:00" level=info msg="[TESTER] TESTING REGISTRATION USING IMSI 0000007018 UE"
time="2026-08-11T19:18:14+08:00" level=info msg="[GNB] Received incoming connection from new UE"
time="2026-08-11T19:18:14+08:00" level=info msg="[UE] Initiating Registration"
time="2026-08-11T19:18:14+08:00" level=info msg="[UE] Switched from state 0 to state 1"
time="2026-08-11T19:18:14+08:00" level=info msg="[GNB][SCTP] Receive message in 0 stream\n"
time="2026-08-11T19:18:14+08:00" level=info msg="[GNB][NGAP] Receive Downlink NAS Transport"
time="2026-08-11T19:18:14+08:00" level=info msg="[GNB][SCTP] Receive message in 0 stream\n"
time="2026-08-11T19:18:14+08:00" level=info msg="[GNB][NGAP] Receive Downlink NAS Transport"
time="2026-08-11T19:18:14+08:00" level=info msg="[UE][NAS] Message with security header"
time="2026-08-11T19:18:14+08:00" level=info msg="[UE][NAS] Message with integrity and with NEW 5G NAS SECURITY CONTEXT"
time="2026-08-11T19:18:14+08:00" level=info msg="[UE][NAS] successful NAS MAC verification"
time="2026-08-11T19:18:14+08:00" level=info msg="[UE][NAS] Receive Security Mode Command"
time="2026-08-11T19:18:14+08:00" level=info msg="[UE][NAS] Type of ciphering algorithm is 5G-EA0"
time="2026-08-11T19:18:14+08:00" level=info msg="[UE][NAS] Type of integrity protection algorithm is 128-5G-IA2"
time="2026-08-11T19:18:14+08:00" level=info msg="[UE][NAS] Message with security header"
time="2026-08-11T19:18:14+08:00" level=info msg="[UE][NAS] Message with integrity and with NEW 5G NAS SECURITY CONTEXT"
time="2026-08-11T19:18:14+08:00" level=info msg="[UE][NAS] successful NAS MAC verification"
time="2026-08-11T19:18:14+08:00" level=info msg="[UE][NAS] Receive Security Mode Command"
time="2026-08-11T19:18:14+08:00" level=info msg="[UE][NAS] Type of ciphering algorithm is 5G-EA0"
time="2026-08-11T19:18:14+08:00" level=info msg="[UE][NAS] Type of integrity protection algorithm is 128-5G-IA2"
time="2026-08-11T19:18:14+08:00" level=info msg="[TESTER] TESTING REGISTRATION USING IMSI 0000007019 UE"
time="2026-08-11T19:18:14+08:00" level=info msg="[GNB] Received incoming connection from new UE"
time="2026-08-11T19:18:14+08:00" level=info msg="[UE] Initiating Registration"
time="2026-08-11T19:18:14+08:00" level=info msg="[UE] Switched from state 0 to state 1"
time="2026-08-11T19:18:14+08:00" level=info msg="[TESTER] TESTING REGISTRATION USING IMSI 0000007020 UE"
time="2026-08-11T19:18:14+08:00" level=info msg="[GNB] Received incoming connection from new UE"
time="2026-08-11T19:18:14+08:00" level=info msg="[UE] Initiating Registration"
time="2026-08-11T19:18:14+08:00" level=info msg="[UE] Switched from state 0 to state 1"
time="2026-08-11T19:18:15+08:00" level=info msg="[TESTER] TESTING REGISTRATION USING IMSI 0000007021 UE"
time="2026-08-11T19:18:15+08:00" level=info msg="[GNB] Received incoming connection from new UE"
time="2026-08-11T19:18:15+08:00" level=info msg="[UE] Initiating Registration"
time="2026-08-11T19:18:15+08:00" level=info msg="[UE] Switched from state 0 to state 1"
time="2026-08-11T19:18:15+08:00" level=info msg="[TESTER] TESTING REGISTRATION USING IMSI 0000007022 UE"
time="2026-08-11T19:18:15+08:00" level=info msg="[GNB] Received incoming connection from new UE"
time="2026-08-11T19:18:15+08:00" level=info msg="[UE] Initiating Registration"
time="2026-08-11T19:18:15+08:00" level=info msg="[UE] Switched from state 0 to state 1"
time="2026-08-11T19:18:15+08:00" level=info msg="[GNB][SCTP] Receive message in 0 stream\n"
time="2026-08-11T19:18:15+08:00" level=info msg="[GNB][NGAP] Receive Downlink NAS Transport"
time="2026-08-11T19:18:15+08:00" level=info msg="[UE][NAS] Message with security header"
time="2026-08-11T19:18:15+08:00" level=info msg="[UE][NAS] Message with integrity and with NEW 5G NAS SECURITY CONTEXT"
time="2026-08-11T19:18:15+08:00" level=info msg="[UE][NAS] successful NAS MAC verification"
time="2026-08-11T19:18:15+08:00" level=info msg="[UE][NAS] Receive Security Mode Command"
time="2026-08-11T19:18:15+08:00" level=info msg="[UE][NAS] Type of ciphering algorithm is 5G-EA0"
time="2026-08-11T19:18:15+08:00" level=info msg="[UE][NAS] Type of integrity protection algorithm is 128-5G-IA2"
time="2026-08-11T19:18:15+08:00" level=info msg="[GNB][SCTP] Receive message in 0 stream\n"
time="2026-08-11T19:18:15+08:00" level=info msg="[GNB][NGAP] Receive Downlink NAS Transport"
time="2026-08-11T19:18:15+08:00" level=info msg="[UE][NAS] Message with security header"
time="2026-08-11T19:18:15+08:00" level=info msg="[UE][NAS] Message with integrity and with NEW 5G NAS SECURITY CONTEXT"
time="2026-08-11T19:18:15+08:00" level=info msg="[UE][NAS] successful NAS MAC verification"
time="2026-08-11T19:18:15+08:00" level=info msg="[UE][NAS] Receive Security Mode Command"
time="2026-08-11T19:18:15+08:00" level=info msg="[UE][NAS] Type of ciphering algorithm is 5G-EA0"
time="2026-08-11T19:18:15+08:00" level=info msg="[UE][NAS] Type of integrity protection algorithm is 128-5G-IA2"
time="2026-08-11T19:18:15+08:00" level=info msg="[TESTER] TESTING REGISTRATION USING IMSI 0000007023 UE"
time="2026-08-11T19:18:15+08:00" level=info msg="[GNB] Received incoming connection from new UE"
time="2026-08-11T19:18:15+08:00" level=info msg="[UE] Initiating Registration"
time="2026-08-11T19:18:15+08:00" level=info msg="[UE] Switched from state 0 to state 1"
time="2026-08-11T19:18:15+08:00" level=info msg="[GNB][SCTP] Receive message in 0 stream\n"
time="2026-08-11T19:18:15+08:00" level=info msg="[TESTER] TESTING REGISTRATION USING IMSI 0000007024 UE"
time="2026-08-11T19:18:15+08:00" level=info msg="[GNB] Received incoming connection from new UE"
time="2026-08-11T19:18:15+08:00" level=info msg="[UE] Initiating Registration"
time="2026-08-11T19:18:15+08:00" level=info msg="[UE] Switched from state 0 to state 1"
time="2026-08-11T19:18:15+08:00" level=info msg="[GNB][NGAP] Receive Downlink NAS Transport"
time="2026-08-11T19:18:15+08:00" level=info msg="[UE][NAS] Message without security header"
time="2026-08-11T19:18:15+08:00" level=info msg="[UE][NAS] Receive Authentication Request"
time="2026-08-11T19:18:15+08:00" level=info msg="[UE][NAS][MAC] Authenticity of the authentication request message: OK"
time="2026-08-11T19:18:15+08:00" level=info msg="[UE][NAS][SQN] SQN of the authentication request message: VALID"
time="2026-08-11T19:18:15+08:00" level=info msg="[UE][NAS] Send authentication response"
time="2026-08-11T19:18:15+08:00" level=info msg="[UE] Switched from state 1 to state 2"
time="2026-08-11T19:18:15+08:00" level=info msg="[GNB][SCTP] Receive message in 0 stream\n"
time="2026-08-11T19:18:15+08:00" level=info msg="[GNB][NGAP] Receive Downlink NAS Transport"
time="2026-08-11T19:18:15+08:00" level=info msg="[UE][NAS] Message without security header"
time="2026-08-11T19:18:15+08:00" level=info msg="[UE][NAS] Receive Authentication Request"
time="2026-08-11T19:18:15+08:00" level=info msg="[UE][NAS][MAC] Authenticity of the authentication request message: OK"
time="2026-08-11T19:18:15+08:00" level=info msg="[UE][NAS][SQN] SQN of the authentication request message: VALID"
time="2026-08-11T19:18:15+08:00" level=info msg="[UE][NAS] Send authentication response"
time="2026-08-11T19:18:15+08:00" level=info msg="[UE] Switched from state 1 to state 2"
time="2026-08-11T19:18:15+08:00" level=info msg="[TESTER] TESTING REGISTRATION USING IMSI 0000007025 UE"
time="2026-08-11T19:18:15+08:00" level=info msg="[GNB] Received incoming connection from new UE"
time="2026-08-11T19:18:15+08:00" level=info msg="[UE] Initiating Registration"
time="2026-08-11T19:18:15+08:00" level=info msg="[UE] Switched from state 0 to state 1"
time="2026-08-11T19:18:15+08:00" level=info msg="[GNB][SCTP] Receive message in 0 stream\n"
time="2026-08-11T19:18:15+08:00" level=info msg="[GNB][NGAP] Receive Initial Context Setup Request"
time="2026-08-11T19:18:15+08:00" level=info msg="[GNB][UE] UE Context was created with successful"
time="2026-08-11T19:18:15+08:00" level=info msg="[GNB][UE] UE RAN ID 1"
time="2026-08-11T19:18:15+08:00" level=info msg="[GNB][UE] UE AMF ID 229"
time="2026-08-11T19:18:15+08:00" level=info msg="[GNB][UE] UE Mobility Restrict --Plmn-- Mcc: 208 Mnc: 93"
time="2026-08-11T19:18:15+08:00" level=info msg="[GNB][UE] UE Masked Imeisv: 1110000000ffff00"
time="2026-08-11T19:18:15+08:00" level=info msg="[GNB][UE] Allowed Nssai-- Sst: [01 01] Sd: [010203 112233]"
time="2026-08-11T19:18:15+08:00" level=info msg="[GNB][NGAP][AMF] Send Initial Context Setup Response."
time="2026-08-11T19:18:15+08:00" level=info msg="[GNB] Initiating Initial Context Setup Response"
time="2026-08-11T19:18:15+08:00" level=info msg="[GNB][NGAP] No PDU Session to set up in InitialContextSetupResponse."
time="2026-08-11T19:18:15+08:00" level=info msg="[UE][NAS] Message with security header"
time="2026-08-11T19:18:15+08:00" level=info msg="[UE][NAS] Message with integrity and ciphered"
time="2026-08-11T19:18:15+08:00" level=info msg="[UE][NAS] successful NAS CIPHERING"
time="2026-08-11T19:18:15+08:00" level=info msg="[UE][NAS] successful NAS MAC verification"
time="2026-08-11T19:18:15+08:00" level=info msg="[UE][NAS] Receive Registration Accept"
time="2026-08-11T19:18:15+08:00" level=info msg="[UE][NAS] UE 5G GUTI: &{119 11 [242 2 248 57 202 254 0 0 0 0 225]}"
time="2026-08-11T19:18:15+08:00" level=info msg="[UE] Switched from state 2 to state 3"
time="2026-08-11T19:18:15+08:00" level=info msg="[TESTER] TESTING REGISTRATION USING IMSI 0000007026 UE"
time="2026-08-11T19:18:15+08:00" level=info msg="[GNB] Received incoming connection from new UE"
time="2026-08-11T19:18:15+08:00" level=info msg="[UE] Initiating Registration"
time="2026-08-11T19:18:15+08:00" level=info msg="[UE] Switched from state 0 to state 1"
time="2026-08-11T19:18:15+08:00" level=info msg="[TESTER] TESTING REGISTRATION USING IMSI 0000007027 UE"
time="2026-08-11T19:18:15+08:00" level=info msg="[GNB] Received incoming connection from new UE"
time="2026-08-11T19:18:15+08:00" level=info msg="[UE] Initiating Registration"
time="2026-08-11T19:18:15+08:00" level=info msg="[UE] Switched from state 0 to state 1"
time="2026-08-11T19:18:15+08:00" level=info msg="[GNB][SCTP] Receive message in 0 stream\n"
time="2026-08-11T19:18:15+08:00" level=info msg="[GNB][NGAP] Receive Downlink NAS Transport"
time="2026-08-11T19:18:15+08:00" level=info msg="[UE][NAS] Message with security header"
time="2026-08-11T19:18:15+08:00" level=info msg="[UE][NAS] Message with integrity and with NEW 5G NAS SECURITY CONTEXT"
time="2026-08-11T19:18:15+08:00" level=info msg="[UE][NAS] successful NAS MAC verification"
time="2026-08-11T19:18:15+08:00" level=info msg="[UE][NAS] Receive Security Mode Command"
time="2026-08-11T19:18:15+08:00" level=info msg="[UE][NAS] Type of ciphering algorithm is 5G-EA0"
time="2026-08-11T19:18:15+08:00" level=info msg="[UE][NAS] Type of integrity protection algorithm is 128-5G-IA2"
time="2026-08-11T19:18:15+08:00" level=info msg="[TESTER] TESTING REGISTRATION USING IMSI 0000007028 UE"
time="2026-08-11T19:18:15+08:00" level=info msg="[GNB] Received incoming connection from new UE"
time="2026-08-11T19:18:15+08:00" level=info msg="[UE] Initiating Registration"
time="2026-08-11T19:18:15+08:00" level=info msg="[UE] Switched from state 0 to state 1"
time="2026-08-11T19:18:15+08:00" level=info msg="[TESTER] TESTING REGISTRATION USING IMSI 0000007029 UE"
time="2026-08-11T19:18:15+08:00" level=info msg="[GNB] Received incoming connection from new UE"
time="2026-08-11T19:18:15+08:00" level=info msg="[UE] Initiating Registration"
time="2026-08-11T19:18:15+08:00" level=info msg="[UE] Switched from state 0 to state 1"
time="2026-08-11T19:18:15+08:00" level=info msg="[TESTER] TESTING REGISTRATION USING IMSI 0000007030 UE"
time="2026-08-11T19:18:15+08:00" level=info msg="[GNB] Received incoming connection from new UE"
time="2026-08-11T19:18:15+08:00" level=info msg="[UE] Initiating Registration"
time="2026-08-11T19:18:15+08:00" level=info msg="[UE] Switched from state 0 to state 1"
time="2026-08-11T19:18:15+08:00" level=info msg="[TESTER] TESTING REGISTRATION USING IMSI 0000007031 UE"
time="2026-08-11T19:18:15+08:00" level=info msg="[GNB] Received incoming connection from new UE"
time="2026-08-11T19:18:15+08:00" level=info msg="[UE] Initiating Registration"
time="2026-08-11T19:18:15+08:00" level=info msg="[UE] Switched from state 0 to state 1"
time="2026-08-11T19:18:15+08:00" level=info msg="[TESTER] TESTING REGISTRATION USING IMSI 0000007032 UE"
time="2026-08-11T19:18:15+08:00" level=info msg="[GNB] Received incoming connection from new UE"
time="2026-08-11T19:18:15+08:00" level=info msg="[UE] Initiating Registration"
time="2026-08-11T19:18:15+08:00" level=info msg="[UE] Switched from state 0 to state 1"
time="2026-08-11T19:18:15+08:00" level=info msg="[GNB][SCTP] Receive message in 0 stream\n"
time="2026-08-11T19:18:15+08:00" level=info msg="[GNB][SCTP] Receive message in 0 stream\n"
time="2026-08-11T19:18:15+08:00" level=info msg="[GNB][NGAP] Receive Downlink NAS Transport"
time="2026-08-11T19:18:15+08:00" level=info msg="[GNB][NGAP] Receive Initial Context Setup Request"
time="2026-08-11T19:18:15+08:00" level=info msg="[GNB][UE] UE Context was created with successful"
time="2026-08-11T19:18:15+08:00" level=info msg="[GNB][UE] UE RAN ID 3"
time="2026-08-11T19:18:15+08:00" level=info msg="[GNB][UE] UE AMF ID 231"
time="2026-08-11T19:18:15+08:00" level=info msg="[GNB][UE] UE Mobility Restrict --Plmn-- Mcc: 208 Mnc: 93"
time="2026-08-11T19:18:15+08:00" level=info msg="[GNB][UE] UE Masked Imeisv: 1110000000ffff00"
time="2026-08-11T19:18:15+08:00" level=info msg="[GNB][UE] Allowed Nssai-- Sst: [01 01] Sd: [010203 112233]"
time="2026-08-11T19:18:15+08:00" level=info msg="[GNB][NGAP][AMF] Send Initial Context Setup Response."
time="2026-08-11T19:18:15+08:00" level=info msg="[GNB] Initiating Initial Context Setup Response"
time="2026-08-11T19:18:15+08:00" level=info msg="[GNB][NGAP] No PDU Session to set up in InitialContextSetupResponse."
time="2026-08-11T19:18:15+08:00" level=info msg="[UE][NAS] Message without security header"
time="2026-08-11T19:18:15+08:00" level=info msg="[UE][NAS] Receive Authentication Request"
time="2026-08-11T19:18:15+08:00" level=info msg="[UE][NAS][MAC] Authenticity of the authentication request message: OK"
time="2026-08-11T19:18:15+08:00" level=info msg="[UE][NAS][SQN] SQN of the authentication request message: VALID"
time="2026-08-11T19:18:15+08:00" level=info msg="[UE][NAS] Send authentication response"
time="2026-08-11T19:18:15+08:00" level=info msg="[UE][NAS] Message with security header"
time="2026-08-11T19:18:15+08:00" level=info msg="[UE][NAS] Message with integrity and ciphered"
time="2026-08-11T19:18:15+08:00" level=info msg="[UE][NAS] successful NAS CIPHERING"
time="2026-08-11T19:18:15+08:00" level=info msg="[UE][NAS] successful NAS MAC verification"
time="2026-08-11T19:18:15+08:00" level=info msg="[UE][NAS] Receive Registration Accept"
time="2026-08-11T19:18:15+08:00" level=info msg="[UE][NAS] UE 5G GUTI: &{119 11 [242 2 248 57 202 254 0 0 0 0 227]}"
time="2026-08-11T19:18:15+08:00" level=info msg="[UE] Switched from state 2 to state 3"
time="2026-08-11T19:18:15+08:00" level=info msg="[UE] Switched from state 1 to state 2"
time="2026-08-11T19:18:15+08:00" level=info msg="[GNB][SCTP] Receive message in 0 stream\n"
time="2026-08-11T19:18:15+08:00" level=info msg="[GNB][NGAP] Receive Initial Context Setup Request"
time="2026-08-11T19:18:15+08:00" level=info msg="[GNB][UE] UE Context was created with successful"
time="2026-08-11T19:18:15+08:00" level=info msg="[GNB][UE] UE RAN ID 2"
time="2026-08-11T19:18:15+08:00" level=info msg="[GNB][UE] UE AMF ID 230"
time="2026-08-11T19:18:15+08:00" level=info msg="[GNB][UE] UE Mobility Restrict --Plmn-- Mcc: 208 Mnc: 93"
time="2026-08-11T19:18:15+08:00" level=info msg="[GNB][UE] UE Masked Imeisv: 1110000000ffff00"
time="2026-08-11T19:18:15+08:00" level=info msg="[GNB][UE] Allowed Nssai-- Sst: [01 01] Sd: [010203 112233]"
time="2026-08-11T19:18:15+08:00" level=info msg="[GNB][NGAP][AMF] Send Initial Context Setup Response."
time="2026-08-11T19:18:15+08:00" level=info msg="[GNB] Initiating Initial Context Setup Response"
time="2026-08-11T19:18:15+08:00" level=info msg="[GNB][NGAP] No PDU Session to set up in InitialContextSetupResponse."
time="2026-08-11T19:18:15+08:00" level=info msg="[UE][NAS] Message with security header"
time="2026-08-11T19:18:15+08:00" level=info msg="[UE][NAS] Message with integrity and ciphered"
time="2026-08-11T19:18:15+08:00" level=info msg="[UE][NAS] successful NAS CIPHERING"
time="2026-08-11T19:18:15+08:00" level=info msg="[UE][NAS] successful NAS MAC verification"
time="2026-08-11T19:18:15+08:00" level=info msg="[UE][NAS] Receive Registration Accept"
time="2026-08-11T19:18:15+08:00" level=info msg="[UE][NAS] UE 5G GUTI: &{119 11 [242 2 248 57 202 254 0 0 0 0 226]}"
time="2026-08-11T19:18:15+08:00" level=info msg="[UE] Switched from state 2 to state 3"
time="2026-08-11T19:18:15+08:00" level=info msg="[TESTER] TESTING REGISTRATION USING IMSI 0000007033 UE"
time="2026-08-11T19:18:15+08:00" level=info msg="[GNB] Received incoming connection from new UE"
time="2026-08-11T19:18:15+08:00" level=info msg="[UE] Initiating Registration"
time="2026-08-11T19:18:15+08:00" level=info msg="[UE] Switched from state 0 to state 1"
time="2026-08-11T19:18:15+08:00" level=info msg="[TESTER] TESTING REGISTRATION USING IMSI 0000007034 UE"
time="2026-08-11T19:18:15+08:00" level=info msg="[GNB] Received incoming connection from new UE"
time="2026-08-11T19:18:15+08:00" level=info msg="[UE] Initiating Registration"
time="2026-08-11T19:18:15+08:00" level=info msg="[UE] Switched from state 0 to state 1"
time="2026-08-11T19:18:15+08:00" level=info msg="[TESTER] TESTING REGISTRATION USING IMSI 0000007035 UE"
time="2026-08-11T19:18:15+08:00" level=info msg="[GNB] Received incoming connection from new UE"
time="2026-08-11T19:18:15+08:00" level=info msg="[UE] Initiating Registration"
time="2026-08-11T19:18:15+08:00" level=info msg="[UE] Switched from state 0 to state 1"
time="2026-08-11T19:18:15+08:00" level=info msg="[GNB][SCTP] Receive message in 0 stream\n"
time="2026-08-11T19:18:15+08:00" level=info msg="[GNB][NGAP] Receive Downlink NAS Transport"
time="2026-08-11T19:18:15+08:00" level=info msg="[UE][NAS] Message with security header"
time="2026-08-11T19:18:15+08:00" level=info msg="[UE][NAS] Message with integrity and with NEW 5G NAS SECURITY CONTEXT"
time="2026-08-11T19:18:15+08:00" level=info msg="[UE][NAS] successful NAS MAC verification"
time="2026-08-11T19:18:15+08:00" level=info msg="[UE][NAS] Receive Security Mode Command"
time="2026-08-11T19:18:15+08:00" level=info msg="[UE][NAS] Type of ciphering algorithm is 5G-EA0"
time="2026-08-11T19:18:15+08:00" level=info msg="[UE][NAS] Type of integrity protection algorithm is 128-5G-IA2"
time="2026-08-11T19:18:15+08:00" level=info msg="[GNB][SCTP] Receive message in 0 stream\n"
time="2026-08-11T19:18:15+08:00" level=info msg="[GNB][NGAP] Receive Initial Context Setup Request"
time="2026-08-11T19:18:15+08:00" level=info msg="[GNB][UE] UE Context was created with successful"
time="2026-08-11T19:18:15+08:00" level=info msg="[GNB][UE] UE RAN ID 6"
time="2026-08-11T19:18:15+08:00" level=info msg="[GNB][UE] UE AMF ID 234"
time="2026-08-11T19:18:15+08:00" level=info msg="[GNB][UE] UE Mobility Restrict --Plmn-- Mcc: 208 Mnc: 93"
time="2026-08-11T19:18:15+08:00" level=info msg="[GNB][UE] UE Masked Imeisv: 1110000000ffff00"
time="2026-08-11T19:18:15+08:00" level=info msg="[GNB][UE] Allowed Nssai-- Sst: [01 01] Sd: [010203 112233]"
time="2026-08-11T19:18:15+08:00" level=info msg="[GNB][NGAP][AMF] Send Initial Context Setup Response."
time="2026-08-11T19:18:15+08:00" level=info msg="[GNB] Initiating Initial Context Setup Response"
time="2026-08-11T19:18:15+08:00" level=info msg="[GNB][NGAP] No PDU Session to set up in InitialContextSetupResponse."
time="2026-08-11T19:18:15+08:00" level=info msg="[UE][NAS] Message with security header"
time="2026-08-11T19:18:15+08:00" level=info msg="[UE][NAS] Message with integrity and ciphered"
time="2026-08-11T19:18:15+08:00" level=info msg="[UE][NAS] successful NAS CIPHERING"
time="2026-08-11T19:18:15+08:00" level=info msg="[UE][NAS] successful NAS MAC verification"
time="2026-08-11T19:18:15+08:00" level=info msg="[UE][NAS] Receive Registration Accept"
time="2026-08-11T19:18:15+08:00" level=info msg="[UE][NAS] UE 5G GUTI: &{119 11 [242 2 248 57 202 254 0 0 0 0 230]}"
time="2026-08-11T19:18:15+08:00" level=info msg="[UE] Switched from state 2 to state 3"
time="2026-08-11T19:18:15+08:00" level=info msg="[TESTER] TESTING REGISTRATION USING IMSI 0000007036 UE"
time="2026-08-11T19:18:15+08:00" level=info msg="[GNB] Received incoming connection from new UE"
time="2026-08-11T19:18:15+08:00" level=info msg="[UE] Initiating Registration"
time="2026-08-11T19:18:15+08:00" level=info msg="[UE] Switched from state 0 to state 1"
time="2026-08-11T19:18:15+08:00" level=info msg="[GNB][SCTP] Receive message in 0 stream\n"
time="2026-08-11T19:18:15+08:00" level=info msg="[GNB][NGAP] Receive Downlink NAS Transport"
time="2026-08-11T19:18:15+08:00" level=info msg="[UE][NAS] Message without security header"
time="2026-08-11T19:18:15+08:00" level=info msg="[UE][NAS] Receive Authentication Request"
time="2026-08-11T19:18:15+08:00" level=info msg="[UE][NAS][MAC] Authenticity of the authentication request message: OK"
time="2026-08-11T19:18:15+08:00" level=info msg="[UE][NAS][SQN] SQN of the authentication request message: VALID"
time="2026-08-11T19:18:15+08:00" level=info msg="[UE][NAS] Send authentication response"
time="2026-08-11T19:18:15+08:00" level=info msg="[UE] Switched from state 1 to state 2"
time="2026-08-11T19:18:15+08:00" level=info msg="[GNB][SCTP] Receive message in 0 stream\n"
time="2026-08-11T19:18:15+08:00" level=info msg="[GNB][NGAP] Receive Downlink NAS Transport"
time="2026-08-11T19:18:15+08:00" level=info msg="[UE][NAS] Message without security header"
time="2026-08-11T19:18:15+08:00" level=info msg="[UE][NAS] Receive Authentication Request"
time="2026-08-11T19:18:15+08:00" level=info msg="[UE][NAS][MAC] Authenticity of the authentication request message: OK"
time="2026-08-11T19:18:15+08:00" level=info msg="[UE][NAS][SQN] SQN of the authentication request message: VALID"
time="2026-08-11T19:18:15+08:00" level=info msg="[UE][NAS] Send authentication response"
time="2026-08-11T19:18:15+08:00" level=info msg="[UE] Switched from state 1 to state 2"
time="2026-08-11T19:18:15+08:00" level=info msg="[TESTER] TESTING REGISTRATION USING IMSI 0000007037 UE"
time="2026-08-11T19:18:15+08:00" level=info msg="[GNB] Received incoming connection from new UE"
time="2026-08-11T19:18:15+08:00" level=info msg="[UE] Initiating Registration"
time="2026-08-11T19:18:15+08:00" level=info msg="[UE] Switched from state 0 to state 1"
time="2026-08-11T19:18:15+08:00" level=info msg="[GNB][SCTP] Receive message in 0 stream\n"
time="2026-08-11T19:18:15+08:00" level=info msg="[GNB][NGAP] Receive Downlink NAS Transport"
time="2026-08-11T19:18:15+08:00" level=info msg="[UE][NAS] Message with security header"
time="2026-08-11T19:18:15+08:00" level=info msg="[UE][NAS] Message with integrity and with NEW 5G NAS SECURITY CONTEXT"
time="2026-08-11T19:18:15+08:00" level=info msg="[UE][NAS] successful NAS MAC verification"
time="2026-08-11T19:18:15+08:00" level=info msg="[UE][NAS] Receive Security Mode Command"
time="2026-08-11T19:18:15+08:00" level=info msg="[UE][NAS] Type of ciphering algorithm is 5G-EA0"
time="2026-08-11T19:18:15+08:00" level=info msg="[UE][NAS] Type of integrity protection algorithm is 128-5G-IA2"
time="2026-08-11T19:18:15+08:00" level=info msg="[GNB][SCTP] Receive message in 0 stream\n"
time="2026-08-11T19:18:15+08:00" level=info msg="[GNB][NGAP] Receive Downlink NAS Transport"
time="2026-08-11T19:18:15+08:00" level=info msg="[UE][NAS] Message with security header"
time="2026-08-11T19:18:15+08:00" level=info msg="[UE][NAS] Message with integrity and with NEW 5G NAS SECURITY CONTEXT"
time="2026-08-11T19:18:15+08:00" level=info msg="[UE][NAS] successful NAS MAC verification"
time="2026-08-11T19:18:15+08:00" level=info msg="[UE][NAS] Receive Security Mode Command"
time="2026-08-11T19:18:15+08:00" level=info msg="[UE][NAS] Type of ciphering algorithm is 5G-EA0"
time="2026-08-11T19:18:15+08:00" level=info msg="[UE][NAS] Type of integrity protection algorithm is 128-5G-IA2"
time="2026-08-11T19:18:15+08:00" level=info msg="[TESTER] TESTING REGISTRATION USING IMSI 0000007038 UE"
time="2026-08-11T19:18:15+08:00" level=info msg="[GNB] Received incoming connection from new UE"
time="2026-08-11T19:18:15+08:00" level=info msg="[UE] Initiating Registration"
time="2026-08-11T19:18:15+08:00" level=info msg="[UE] Switched from state 0 to state 1"
time="2026-08-11T19:18:15+08:00" level=info msg="[TESTER] TESTING REGISTRATION USING IMSI 0000007039 UE"
time="2026-08-11T19:18:15+08:00" level=info msg="[GNB] Received incoming connection from new UE"
time="2026-08-11T19:18:15+08:00" level=info msg="[UE] Initiating Registration"
time="2026-08-11T19:18:15+08:00" level=info msg="[UE] Switched from state 0 to state 1"
time="2026-08-11T19:18:15+08:00" level=info msg="[TESTER] TESTING REGISTRATION USING IMSI 0000007040 UE"
time="2026-08-11T19:18:15+08:00" level=info msg="[GNB] Received incoming connection from new UE"
time="2026-08-11T19:18:15+08:00" level=info msg="[UE] Initiating Registration"
time="2026-08-11T19:18:15+08:00" level=info msg="[UE] Switched from state 0 to state 1"
time="2026-08-11T19:18:16+08:00" level=info msg="[TESTER] TESTING REGISTRATION USING IMSI 0000007041 UE"
time="2026-08-11T19:18:16+08:00" level=info msg="[GNB] Received incoming connection from new UE"
time="2026-08-11T19:18:16+08:00" level=info msg="[UE] Initiating Registration"
time="2026-08-11T19:18:16+08:00" level=info msg="[UE] Switched from state 0 to state 1"
time="2026-08-11T19:18:16+08:00" level=info msg="[TESTER] TESTING REGISTRATION USING IMSI 0000007042 UE"
time="2026-08-11T19:18:16+08:00" level=info msg="[GNB] Received incoming connection from new UE"
time="2026-08-11T19:18:16+08:00" level=info msg="[UE] Initiating Registration"
time="2026-08-11T19:18:16+08:00" level=info msg="[UE] Switched from state 0 to state 1"
time="2026-08-11T19:18:16+08:00" level=info msg="[TESTER] TESTING REGISTRATION USING IMSI 0000007043 UE"
time="2026-08-11T19:18:16+08:00" level=info msg="[GNB] Received incoming connection from new UE"
time="2026-08-11T19:18:16+08:00" level=info msg="[UE] Initiating Registration"
time="2026-08-11T19:18:16+08:00" level=info msg="[UE] Switched from state 0 to state 1"
time="2026-08-11T19:18:16+08:00" level=info msg="[GNB][SCTP] Receive message in 0 stream\n"
time="2026-08-11T19:18:16+08:00" level=info msg="[GNB][NGAP] Receive Initial Context Setup Request"
time="2026-08-11T19:18:16+08:00" level=info msg="[GNB][UE] UE Context was created with successful"
time="2026-08-11T19:18:16+08:00" level=info msg="[GNB][UE] UE RAN ID 5"
time="2026-08-11T19:18:16+08:00" level=info msg="[GNB][UE] UE AMF ID 233"
time="2026-08-11T19:18:16+08:00" level=info msg="[GNB][UE] UE Mobility Restrict --Plmn-- Mcc: 208 Mnc: 93"
time="2026-08-11T19:18:16+08:00" level=info msg="[GNB][UE] UE Masked Imeisv: 1110000000ffff00"
time="2026-08-11T19:18:16+08:00" level=info msg="[GNB][UE] Allowed Nssai-- Sst: [01 01] Sd: [010203 112233]"
time="2026-08-11T19:18:16+08:00" level=info msg="[GNB][NGAP][AMF] Send Initial Context Setup Response."
time="2026-08-11T19:18:16+08:00" level=info msg="[GNB] Initiating Initial Context Setup Response"
time="2026-08-11T19:18:16+08:00" level=info msg="[GNB][NGAP] No PDU Session to set up in InitialContextSetupResponse."
time="2026-08-11T19:18:16+08:00" level=info msg="[UE][NAS] Message with security header"
time="2026-08-11T19:18:16+08:00" level=info msg="[UE][NAS] Message with integrity and ciphered"
time="2026-08-11T19:18:16+08:00" level=info msg="[UE][NAS] successful NAS CIPHERING"
time="2026-08-11T19:18:16+08:00" level=info msg="[UE][NAS] successful NAS MAC verification"
time="2026-08-11T19:18:16+08:00" level=info msg="[UE][NAS] Receive Registration Accept"
time="2026-08-11T19:18:16+08:00" level=info msg="[UE][NAS] UE 5G GUTI: &{119 11 [242 2 248 57 202 254 0 0 0 0 229]}"
time="2026-08-11T19:18:16+08:00" level=info msg="[UE] Switched from state 2 to state 3"
time="2026-08-11T19:18:16+08:00" level=info msg="[GNB][SCTP] Receive message in 0 stream\n"
time="2026-08-11T19:18:16+08:00" level=info msg="[GNB][NGAP] Receive Downlink NAS Transport"
time="2026-08-11T19:18:16+08:00" level=info msg="[UE][NAS] Message without security header"
time="2026-08-11T19:18:16+08:00" level=info msg="[UE][NAS] Receive Authentication Request"
time="2026-08-11T19:18:16+08:00" level=info msg="[UE][NAS][MAC] Authenticity of the authentication request message: OK"
time="2026-08-11T19:18:16+08:00" level=info msg="[UE][NAS][SQN] SQN of the authentication request message: VALID"
time="2026-08-11T19:18:16+08:00" level=info msg="[UE][NAS] Send authentication response"
time="2026-08-11T19:18:16+08:00" level=info msg="[GNB][SCTP] Receive message in 0 stream\n"
time="2026-08-11T19:18:16+08:00" level=info msg="[UE] Switched from state 1 to state 2"
time="2026-08-11T19:18:16+08:00" level=info msg="[GNB][NGAP] Receive Initial Context Setup Request"
time="2026-08-11T19:18:16+08:00" level=info msg="[GNB][UE] UE Context was created with successful"
time="2026-08-11T19:18:16+08:00" level=info msg="[GNB][UE] UE RAN ID 4"
time="2026-08-11T19:18:16+08:00" level=info msg="[GNB][UE] UE AMF ID 232"
time="2026-08-11T19:18:16+08:00" level=info msg="[GNB][UE] UE Mobility Restrict --Plmn-- Mcc: 208 Mnc: 93"
time="2026-08-11T19:18:16+08:00" level=info msg="[GNB][UE] UE Masked Imeisv: 1110000000ffff00"
time="2026-08-11T19:18:16+08:00" level=info msg="[GNB][UE] Allowed Nssai-- Sst: [01 01] Sd: [010203 112233]"
time="2026-08-11T19:18:16+08:00" level=info msg="[GNB][NGAP][AMF] Send Initial Context Setup Response."
time="2026-08-11T19:18:16+08:00" level=info msg="[GNB] Initiating Initial Context Setup Response"
time="2026-08-11T19:18:16+08:00" level=info msg="[GNB][NGAP] No PDU Session to set up in InitialContextSetupResponse."
time="2026-08-11T19:18:16+08:00" level=info msg="[UE][NAS] Message with security header"
time="2026-08-11T19:18:16+08:00" level=info msg="[UE][NAS] Message with integrity and ciphered"
time="2026-08-11T19:18:16+08:00" level=info msg="[UE][NAS] successful NAS CIPHERING"
time="2026-08-11T19:18:16+08:00" level=info msg="[UE][NAS] successful NAS MAC verification"
time="2026-08-11T19:18:16+08:00" level=info msg="[UE][NAS] Receive Registration Accept"
time="2026-08-11T19:18:16+08:00" level=info msg="[UE][NAS] UE 5G GUTI: &{119 11 [242 2 248 57 202 254 0 0 0 0 228]}"
time="2026-08-11T19:18:16+08:00" level=info msg="[GNB][SCTP] Receive message in 0 stream\n"
time="2026-08-11T19:18:16+08:00" level=info msg="[GNB][NGAP] Receive Downlink NAS Transport"
time="2026-08-11T19:18:16+08:00" level=info msg="[UE][NAS] Message without security header"
time="2026-08-11T19:18:16+08:00" level=info msg="[UE][NAS] Receive Authentication Request"
time="2026-08-11T19:18:16+08:00" level=info msg="[UE] Switched from state 2 to state 3"
time="2026-08-11T19:18:16+08:00" level=info msg="[UE][NAS][MAC] Authenticity of the authentication request message: OK"
time="2026-08-11T19:18:16+08:00" level=info msg="[UE][NAS][SQN] SQN of the authentication request message: VALID"
time="2026-08-11T19:18:16+08:00" level=info msg="[UE][NAS] Send authentication response"
time="2026-08-11T19:18:16+08:00" level=info msg="[UE] Switched from state 1 to state 2"
time="2026-08-11T19:18:16+08:00" level=info msg="[GNB][SCTP] Receive message in 0 stream\n"
time="2026-08-11T19:18:16+08:00" level=info msg="[GNB][NGAP] Receive Downlink NAS Transport"
time="2026-08-11T19:18:16+08:00" level=info msg="[UE][NAS] Message without security header"
time="2026-08-11T19:18:16+08:00" level=info msg="[UE][NAS] Receive Authentication Request"
time="2026-08-11T19:18:16+08:00" level=info msg="[UE][NAS][MAC] Authenticity of the authentication request message: OK"
time="2026-08-11T19:18:16+08:00" level=info msg="[UE][NAS][SQN] SQN of the authentication request message: VALID"
time="2026-08-11T19:18:16+08:00" level=info msg="[UE][NAS] Send authentication response"
time="2026-08-11T19:18:16+08:00" level=info msg="[UE] Switched from state 1 to state 2"
time="2026-08-11T19:18:16+08:00" level=info msg="[GNB][SCTP] Receive message in 0 stream\n"
time="2026-08-11T19:18:16+08:00" level=info msg="[GNB][NGAP] Receive Downlink NAS Transport"
time="2026-08-11T19:18:16+08:00" level=info msg="[UE][NAS] Message without security header"
time="2026-08-11T19:18:16+08:00" level=info msg="[UE][NAS] Receive Authentication Request"
time="2026-08-11T19:18:16+08:00" level=info msg="[UE][NAS][MAC] Authenticity of the authentication request message: OK"
time="2026-08-11T19:18:16+08:00" level=info msg="[UE][NAS][SQN] SQN of the authentication request message: VALID"
time="2026-08-11T19:18:16+08:00" level=info msg="[UE][NAS] Send authentication response"
time="2026-08-11T19:18:16+08:00" level=info msg="[UE] Switched from state 1 to state 2"
time="2026-08-11T19:18:16+08:00" level=info msg="[TESTER] TESTING REGISTRATION USING IMSI 0000007044 UE"
time="2026-08-11T19:18:16+08:00" level=info msg="[GNB] Received incoming connection from new UE"
time="2026-08-11T19:18:16+08:00" level=info msg="[UE] Initiating Registration"
time="2026-08-11T19:18:16+08:00" level=info msg="[UE] Switched from state 0 to state 1"
time="2026-08-11T19:18:16+08:00" level=info msg="[TESTER] TESTING REGISTRATION USING IMSI 0000007045 UE"
time="2026-08-11T19:18:16+08:00" level=info msg="[GNB] Received incoming connection from new UE"
time="2026-08-11T19:18:16+08:00" level=info msg="[UE] Initiating Registration"
time="2026-08-11T19:18:16+08:00" level=info msg="[UE] Switched from state 0 to state 1"
time="2026-08-11T19:18:16+08:00" level=info msg="[TESTER] TESTING REGISTRATION USING IMSI 0000007046 UE"
time="2026-08-11T19:18:16+08:00" level=info msg="[GNB] Received incoming connection from new UE"
time="2026-08-11T19:18:16+08:00" level=info msg="[UE] Initiating Registration"
time="2026-08-11T19:18:16+08:00" level=info msg="[UE] Switched from state 0 to state 1"
time="2026-08-11T19:18:16+08:00" level=info msg="[TESTER] TESTING REGISTRATION USING IMSI 0000007047 UE"
time="2026-08-11T19:18:16+08:00" level=info msg="[GNB] Received incoming connection from new UE"
time="2026-08-11T19:18:16+08:00" level=info msg="[UE] Initiating Registration"
time="2026-08-11T19:18:16+08:00" level=info msg="[UE] Switched from state 0 to state 1"
time="2026-08-11T19:18:16+08:00" level=info msg="[GNB][SCTP] Receive message in 0 stream\n"
time="2026-08-11T19:18:16+08:00" level=info msg="[GNB][NGAP] Receive Downlink NAS Transport"
time="2026-08-11T19:18:16+08:00" level=info msg="[UE][NAS] Message with security header"
time="2026-08-11T19:18:16+08:00" level=info msg="[UE][NAS] Message with integrity and with NEW 5G NAS SECURITY CONTEXT"
time="2026-08-11T19:18:16+08:00" level=info msg="[UE][NAS] successful NAS MAC verification"
time="2026-08-11T19:18:16+08:00" level=info msg="[UE][NAS] Receive Security Mode Command"
time="2026-08-11T19:18:16+08:00" level=info msg="[UE][NAS] Type of ciphering algorithm is 5G-EA0"
time="2026-08-11T19:18:16+08:00" level=info msg="[UE][NAS] Type of integrity protection algorithm is 128-5G-IA2"
time="2026-08-11T19:18:16+08:00" level=info msg="[GNB][SCTP] Receive message in 0 stream\n"
time="2026-08-11T19:18:16+08:00" level=info msg="[GNB][NGAP] Receive Downlink NAS Transport"
time="2026-08-11T19:18:16+08:00" level=info msg="[UE][NAS] Message with security header"
time="2026-08-11T19:18:16+08:00" level=info msg="[UE][NAS] Message with integrity and with NEW 5G NAS SECURITY CONTEXT"
time="2026-08-11T19:18:16+08:00" level=info msg="[UE][NAS] successful NAS MAC verification"
time="2026-08-11T19:18:16+08:00" level=info msg="[UE][NAS] Receive Security Mode Command"
time="2026-08-11T19:18:16+08:00" level=info msg="[UE][NAS] Type of ciphering algorithm is 5G-EA0"
time="2026-08-11T19:18:16+08:00" level=info msg="[UE][NAS] Type of integrity protection algorithm is 128-5G-IA2"
time="2026-08-11T19:18:16+08:00" level=info msg="[TESTER] TESTING REGISTRATION USING IMSI 0000007048 UE"
time="2026-08-11T19:18:16+08:00" level=info msg="[GNB] Received incoming connection from new UE"
time="2026-08-11T19:18:16+08:00" level=info msg="[UE] Initiating Registration"
time="2026-08-11T19:18:16+08:00" level=info msg="[UE] Switched from state 0 to state 1"
time="2026-08-11T19:18:16+08:00" level=info msg="[TESTER] TESTING REGISTRATION USING IMSI 0000007049 UE"
time="2026-08-11T19:18:16+08:00" level=info msg="[GNB] Received incoming connection from new UE"
time="2026-08-11T19:18:16+08:00" level=info msg="[UE] Initiating Registration"
time="2026-08-11T19:18:16+08:00" level=info msg="[UE] Switched from state 0 to state 1"
time="2026-08-11T19:18:16+08:00" level=info msg="[GNB][SCTP] Receive message in 0 stream\n"
time="2026-08-11T19:18:16+08:00" level=info msg="[GNB][NGAP] Receive Downlink NAS Transport"
time="2026-08-11T19:18:16+08:00" level=info msg="[UE][NAS] Message without security header"
time="2026-08-11T19:18:16+08:00" level=info msg="[UE][NAS] Receive Authentication Request"
time="2026-08-11T19:18:16+08:00" level=info msg="[UE][NAS][MAC] Authenticity of the authentication request message: OK"
time="2026-08-11T19:18:16+08:00" level=info msg="[UE][NAS][SQN] SQN of the authentication request message: VALID"
time="2026-08-11T19:18:16+08:00" level=info msg="[UE][NAS] Send authentication response"
time="2026-08-11T19:18:16+08:00" level=info msg="[UE] Switched from state 1 to state 2"
time="2026-08-11T19:18:16+08:00" level=info msg="[TESTER] TESTING REGISTRATION USING IMSI 0000007050 UE"
time="2026-08-11T19:18:16+08:00" level=info msg="[GNB] Received incoming connection from new UE"
time="2026-08-11T19:18:16+08:00" level=info msg="[UE] Initiating Registration"
time="2026-08-11T19:18:16+08:00" level=info msg="[UE] Switched from state 0 to state 1"
time="2026-08-11T19:18:16+08:00" level=info msg="[GNB][SCTP] Receive message in 0 stream\n"
time="2026-08-11T19:18:16+08:00" level=info msg="[GNB][NGAP] Receive Downlink NAS Transport"
time="2026-08-11T19:18:16+08:00" level=info msg="[UE][NAS] Message without security header"
time="2026-08-11T19:18:16+08:00" level=info msg="[UE][NAS] Receive Authentication Request"
time="2026-08-11T19:18:16+08:00" level=info msg="[UE][NAS][MAC] Authenticity of the authentication request message: OK"
time="2026-08-11T19:18:16+08:00" level=info msg="[UE][NAS][SQN] SQN of the authentication request message: VALID"
time="2026-08-11T19:18:16+08:00" level=info msg="[UE][NAS] Send authentication response"
time="2026-08-11T19:18:16+08:00" level=info msg="[UE] Switched from state 1 to state 2"
time="2026-08-11T19:18:16+08:00" level=info msg="[TESTER] TESTING REGISTRATION USING IMSI 0000007051 UE"
time="2026-08-11T19:18:16+08:00" level=info msg="[GNB] Received incoming connection from new UE"
time="2026-08-11T19:18:16+08:00" level=info msg="[UE] Initiating Registration"
time="2026-08-11T19:18:16+08:00" level=info msg="[UE] Switched from state 0 to state 1"
time="2026-08-11T19:18:16+08:00" level=info msg="[GNB][SCTP] Receive message in 0 stream\n"
time="2026-08-11T19:18:16+08:00" level=info msg="[GNB][SCTP] Receive message in 0 stream\n"
time="2026-08-11T19:18:16+08:00" level=info msg="[GNB][NGAP] Receive Downlink NAS Transport"
time="2026-08-11T19:18:16+08:00" level=info msg="[GNB][NGAP] Receive Downlink NAS Transport"
time="2026-08-11T19:18:16+08:00" level=info msg="[UE][NAS] Message without security header"
time="2026-08-11T19:18:16+08:00" level=info msg="[UE][NAS] Receive Authentication Request"
time="2026-08-11T19:18:16+08:00" level=info msg="[UE][NAS][MAC] Authenticity of the authentication request message: OK"
time="2026-08-11T19:18:16+08:00" level=info msg="[UE][NAS][SQN] SQN of the authentication request message: VALID"
time="2026-08-11T19:18:16+08:00" level=info msg="[UE][NAS] Send authentication response"
time="2026-08-11T19:18:16+08:00" level=info msg="[UE][NAS] Message without security header"
time="2026-08-11T19:18:16+08:00" level=info msg="[UE][NAS] Receive Authentication Request"
time="2026-08-11T19:18:16+08:00" level=info msg="[UE][NAS][MAC] Authenticity of the authentication request message: OK"
time="2026-08-11T19:18:16+08:00" level=info msg="[UE][NAS][SQN] SQN of the authentication request message: VALID"
time="2026-08-11T19:18:16+08:00" level=info msg="[UE][NAS] Send authentication response"
time="2026-08-11T19:18:16+08:00" level=info msg="[UE] Switched from state 1 to state 2"
time="2026-08-11T19:18:16+08:00" level=info msg="[UE] Switched from state 1 to state 2"
time="2026-08-11T19:18:16+08:00" level=info msg="[GNB][SCTP] Receive message in 0 stream\n"
time="2026-08-11T19:18:16+08:00" level=info msg="[GNB][NGAP] Receive Downlink NAS Transport"
time="2026-08-11T19:18:16+08:00" level=info msg="[UE][NAS] Message with security header"
time="2026-08-11T19:18:16+08:00" level=info msg="[UE][NAS] Message with integrity and ciphered"
time="2026-08-11T19:18:16+08:00" level=info msg="[UE][NAS] successful NAS CIPHERING"
time="2026-08-11T19:18:16+08:00" level=info msg="[UE][NAS] successful NAS MAC verification"
time="2026-08-11T19:18:16+08:00" level=info msg="[UE][NAS] Receive Configuration Update Command"
time="2026-08-11T19:18:16+08:00" level=info msg="[UE] Initiating Configuration Update Complete"
time="2026-08-11T19:18:16+08:00" level=info msg="[TESTER] TESTING REGISTRATION USING IMSI 0000007052 UE"
time="2026-08-11T19:18:16+08:00" level=info msg="[GNB] Received incoming connection from new UE"
time="2026-08-11T19:18:16+08:00" level=info msg="[UE] Initiating Registration"
time="2026-08-11T19:18:16+08:00" level=info msg="[UE] Switched from state 0 to state 1"
time="2026-08-11T19:18:16+08:00" level=info msg="[TESTER] TESTING REGISTRATION USING IMSI 0000007053 UE"
time="2026-08-11T19:18:16+08:00" level=info msg="[GNB] Received incoming connection from new UE"
time="2026-08-11T19:18:16+08:00" level=info msg="[UE] Initiating Registration"
time="2026-08-11T19:18:16+08:00" level=info msg="[UE] Switched from state 0 to state 1"
time="2026-08-11T19:18:16+08:00" level=info msg="[GNB][SCTP] Receive message in 0 stream\n"
time="2026-08-11T19:18:16+08:00" level=info msg="[GNB][NGAP] Receive Downlink NAS Transport"
time="2026-08-11T19:18:16+08:00" level=info msg="[UE][NAS] Message with security header"
time="2026-08-11T19:18:16+08:00" level=info msg="[UE][NAS] Message with integrity and with NEW 5G NAS SECURITY CONTEXT"
time="2026-08-11T19:18:16+08:00" level=info msg="[UE][NAS] successful NAS MAC verification"
time="2026-08-11T19:18:16+08:00" level=info msg="[UE][NAS] Receive Security Mode Command"
time="2026-08-11T19:18:16+08:00" level=info msg="[UE][NAS] Type of ciphering algorithm is 5G-EA0"
time="2026-08-11T19:18:16+08:00" level=info msg="[UE][NAS] Type of integrity protection algorithm is 128-5G-IA2"
time="2026-08-11T19:18:16+08:00" level=info msg="[TESTER] TESTING REGISTRATION USING IMSI 0000007054 UE"
time="2026-08-11T19:18:16+08:00" level=info msg="[GNB] Received incoming connection from new UE"
time="2026-08-11T19:18:16+08:00" level=info msg="[UE] Initiating Registration"
time="2026-08-11T19:18:16+08:00" level=info msg="[UE] Switched from state 0 to state 1"
time="2026-08-11T19:18:16+08:00" level=info msg="[GNB][SCTP] Receive message in 0 stream\n"
time="2026-08-11T19:18:16+08:00" level=info msg="[GNB][NGAP] Receive Downlink NAS Transport"
time="2026-08-11T19:18:16+08:00" level=info msg="[UE][NAS] Message with security header"
time="2026-08-11T19:18:16+08:00" level=info msg="[UE][NAS] Message with integrity and ciphered"
time="2026-08-11T19:18:16+08:00" level=info msg="[UE][NAS] successful NAS CIPHERING"
time="2026-08-11T19:18:16+08:00" level=info msg="[UE][NAS] successful NAS MAC verification"
time="2026-08-11T19:18:16+08:00" level=info msg="[UE][NAS] Receive Configuration Update Command"
time="2026-08-11T19:18:16+08:00" level=info msg="[UE] Initiating Configuration Update Complete"
time="2026-08-11T19:18:16+08:00" level=info msg="[GNB][SCTP] Receive message in 0 stream\n"
time="2026-08-11T19:18:16+08:00" level=info msg="[GNB][NGAP] Receive Initial Context Setup Request"
time="2026-08-11T19:18:16+08:00" level=info msg="[GNB][UE] UE Context was created with successful"
time="2026-08-11T19:18:16+08:00" level=info msg="[GNB][UE] UE RAN ID 12"
time="2026-08-11T19:18:16+08:00" level=info msg="[GNB][UE] UE AMF ID 240"
time="2026-08-11T19:18:16+08:00" level=info msg="[GNB][UE] UE Mobility Restrict --Plmn-- Mcc: 208 Mnc: 93"
time="2026-08-11T19:18:16+08:00" level=info msg="[GNB][UE] UE Masked Imeisv: 1110000000ffff00"
time="2026-08-11T19:18:16+08:00" level=info msg="[GNB][UE] Allowed Nssai-- Sst: [01 01] Sd: [010203 112233]"
time="2026-08-11T19:18:16+08:00" level=info msg="[GNB][NGAP][AMF] Send Initial Context Setup Response."
time="2026-08-11T19:18:16+08:00" level=info msg="[GNB] Initiating Initial Context Setup Response"
time="2026-08-11T19:18:16+08:00" level=info msg="[GNB][NGAP] No PDU Session to set up in InitialContextSetupResponse."
time="2026-08-11T19:18:16+08:00" level=info msg="[UE][NAS] Message with security header"
time="2026-08-11T19:18:16+08:00" level=info msg="[UE][NAS] Message with integrity and ciphered"
time="2026-08-11T19:18:16+08:00" level=info msg="[UE][NAS] successful NAS CIPHERING"
time="2026-08-11T19:18:16+08:00" level=info msg="[UE][NAS] successful NAS MAC verification"
time="2026-08-11T19:18:16+08:00" level=info msg="[UE][NAS] Receive Registration Accept"
time="2026-08-11T19:18:16+08:00" level=info msg="[UE][NAS] UE 5G GUTI: &{119 11 [242 2 248 57 202 254 0 0 0 0 236]}"
time="2026-08-11T19:18:16+08:00" level=info msg="[UE] Switched from state 2 to state 3"
time="2026-08-11T19:18:16+08:00" level=info msg="[TESTER] TESTING REGISTRATION USING IMSI 0000007055 UE"
time="2026-08-11T19:18:16+08:00" level=info msg="[GNB] Received incoming connection from new UE"
time="2026-08-11T19:18:16+08:00" level=info msg="[UE] Initiating Registration"
time="2026-08-11T19:18:16+08:00" level=info msg="[UE] Switched from state 0 to state 1"
time="2026-08-11T19:18:16+08:00" level=info msg="[TESTER] TESTING REGISTRATION USING IMSI 0000007056 UE"
time="2026-08-11T19:18:16+08:00" level=info msg="[GNB] Received incoming connection from new UE"
time="2026-08-11T19:18:16+08:00" level=info msg="[UE] Initiating Registration"
time="2026-08-11T19:18:16+08:00" level=info msg="[UE] Switched from state 0 to state 1"
time="2026-08-11T19:18:16+08:00" level=info msg="[TESTER] TESTING REGISTRATION USING IMSI 0000007057 UE"
time="2026-08-11T19:18:16+08:00" level=info msg="[GNB] Received incoming connection from new UE"
time="2026-08-11T19:18:16+08:00" level=info msg="[UE] Initiating Registration"
time="2026-08-11T19:18:16+08:00" level=info msg="[UE] Switched from state 0 to state 1"
time="2026-08-11T19:18:16+08:00" level=info msg="[GNB][SCTP] Receive message in 0 stream\n"
time="2026-08-11T19:18:16+08:00" level=info msg="[GNB][NGAP] Receive Downlink NAS Transport"
time="2026-08-11T19:18:16+08:00" level=info msg="[UE][NAS] Message without security header"
time="2026-08-11T19:18:16+08:00" level=info msg="[UE][NAS] Receive Authentication Request"
time="2026-08-11T19:18:16+08:00" level=info msg="[UE][NAS][MAC] Authenticity of the authentication request message: OK"
time="2026-08-11T19:18:16+08:00" level=info msg="[UE][NAS][SQN] SQN of the authentication request message: VALID"
time="2026-08-11T19:18:16+08:00" level=info msg="[UE][NAS] Send authentication response"
time="2026-08-11T19:18:16+08:00" level=info msg="[UE] Switched from state 1 to state 2"
time="2026-08-11T19:18:16+08:00" level=info msg="[GNB][SCTP] Receive message in 0 stream\n"
time="2026-08-11T19:18:16+08:00" level=info msg="[GNB][NGAP] Receive Downlink NAS Transport"
time="2026-08-11T19:18:16+08:00" level=info msg="[UE][NAS] Message without security header"
time="2026-08-11T19:18:16+08:00" level=info msg="[UE][NAS] Receive Authentication Request"
time="2026-08-11T19:18:16+08:00" level=info msg="[UE][NAS][MAC] Authenticity of the authentication request message: OK"
time="2026-08-11T19:18:16+08:00" level=info msg="[UE][NAS][SQN] SQN of the authentication request message: VALID"
time="2026-08-11T19:18:16+08:00" level=info msg="[GNB][SCTP] Receive message in 0 stream\n"
time="2026-08-11T19:18:16+08:00" level=info msg="[UE][NAS] Send authentication response"
time="2026-08-11T19:18:16+08:00" level=info msg="[UE] Switched from state 1 to state 2"
time="2026-08-11T19:18:16+08:00" level=info msg="[GNB][NGAP] Receive Downlink NAS Transport"
time="2026-08-11T19:18:16+08:00" level=info msg="[UE][NAS] Message with security header"
time="2026-08-11T19:18:16+08:00" level=info msg="[UE][NAS] Message with integrity and ciphered"
time="2026-08-11T19:18:16+08:00" level=info msg="[UE][NAS] successful NAS CIPHERING"
time="2026-08-11T19:18:16+08:00" level=info msg="[UE][NAS] successful NAS MAC verification"
time="2026-08-11T19:18:16+08:00" level=info msg="[UE][NAS] Receive Configuration Update Command"
time="2026-08-11T19:18:16+08:00" level=info msg="[UE] Initiating Configuration Update Complete"
time="2026-08-11T19:18:16+08:00" level=info msg="[TESTER] TESTING REGISTRATION USING IMSI 0000007058 UE"
time="2026-08-11T19:18:16+08:00" level=info msg="[GNB] Received incoming connection from new UE"
time="2026-08-11T19:18:16+08:00" level=info msg="[UE] Initiating Registration"
time="2026-08-11T19:18:16+08:00" level=info msg="[UE] Switched from state 0 to state 1"
time="2026-08-11T19:18:16+08:00" level=info msg="[TESTER] TESTING REGISTRATION USING IMSI 0000007059 UE"
time="2026-08-11T19:18:16+08:00" level=info msg="[GNB] Received incoming connection from new UE"
time="2026-08-11T19:18:16+08:00" level=info msg="[UE] Initiating Registration"
time="2026-08-11T19:18:16+08:00" level=info msg="[UE] Switched from state 0 to state 1"
time="2026-08-11T19:18:16+08:00" level=info msg="[GNB][SCTP] Receive message in 0 stream\n"
time="2026-08-11T19:18:16+08:00" level=info msg="[GNB][NGAP] Receive Initial Context Setup Request"
time="2026-08-11T19:18:16+08:00" level=info msg="[GNB][UE] UE Context was created with successful"
time="2026-08-11T19:18:16+08:00" level=info msg="[GNB][UE] UE RAN ID 11"
time="2026-08-11T19:18:16+08:00" level=info msg="[GNB][UE] UE AMF ID 239"
time="2026-08-11T19:18:16+08:00" level=info msg="[GNB][UE] UE Mobility Restrict --Plmn-- Mcc: 208 Mnc: 93"
time="2026-08-11T19:18:16+08:00" level=info msg="[GNB][UE] UE Masked Imeisv: 1110000000ffff00"
time="2026-08-11T19:18:16+08:00" level=info msg="[GNB][UE] Allowed Nssai-- Sst: [01 01] Sd: [010203 112233]"
time="2026-08-11T19:18:16+08:00" level=info msg="[GNB][NGAP][AMF] Send Initial Context Setup Response."
time="2026-08-11T19:18:16+08:00" level=info msg="[GNB] Initiating Initial Context Setup Response"
time="2026-08-11T19:18:16+08:00" level=info msg="[GNB][NGAP] No PDU Session to set up in InitialContextSetupResponse."
time="2026-08-11T19:18:16+08:00" level=info msg="[UE][NAS] Message with security header"
time="2026-08-11T19:18:16+08:00" level=info msg="[UE][NAS] Message with integrity and ciphered"
time="2026-08-11T19:18:16+08:00" level=info msg="[UE][NAS] successful NAS CIPHERING"
time="2026-08-11T19:18:16+08:00" level=info msg="[UE][NAS] successful NAS MAC verification"
time="2026-08-11T19:18:16+08:00" level=info msg="[UE][NAS] Receive Registration Accept"
time="2026-08-11T19:18:16+08:00" level=info msg="[UE][NAS] UE 5G GUTI: &{119 11 [242 2 248 57 202 254 0 0 0 0 235]}"
time="2026-08-11T19:18:16+08:00" level=info msg="[UE] Switched from state 2 to state 3"
time="2026-08-11T19:18:17+08:00" level=info msg="[GNB][SCTP] Receive message in 0 stream\n"
time="2026-08-11T19:18:17+08:00" level=info msg="[GNB][NGAP] Receive Downlink NAS Transport"
time="2026-08-11T19:18:17+08:00" level=info msg="[UE][NAS] Message without security header"
time="2026-08-11T19:18:17+08:00" level=info msg="[UE][NAS] Receive Authentication Request"
time="2026-08-11T19:18:17+08:00" level=info msg="[UE][NAS][MAC] Authenticity of the authentication request message: OK"
time="2026-08-11T19:18:17+08:00" level=info msg="[UE][NAS][SQN] SQN of the authentication request message: VALID"
time="2026-08-11T19:18:17+08:00" level=info msg="[UE][NAS] Send authentication response"
time="2026-08-11T19:18:17+08:00" level=info msg="[UE] Switched from state 1 to state 2"
time="2026-08-11T19:18:17+08:00" level=info msg="[TESTER] TESTING REGISTRATION USING IMSI 0000007060 UE"
time="2026-08-11T19:18:17+08:00" level=info msg="[GNB] Received incoming connection from new UE"
time="2026-08-11T19:18:17+08:00" level=info msg="[UE] Initiating Registration"
time="2026-08-11T19:18:17+08:00" level=info msg="[UE] Switched from state 0 to state 1"
time="2026-08-11T19:18:17+08:00" level=info msg="[GNB][SCTP] Receive message in 0 stream\n"
time="2026-08-11T19:18:17+08:00" level=info msg="[GNB][NGAP] Receive Downlink NAS Transport"
time="2026-08-11T19:18:17+08:00" level=info msg="[UE][NAS] Message without security header"
time="2026-08-11T19:18:17+08:00" level=info msg="[UE][NAS] Receive Authentication Request"
time="2026-08-11T19:18:17+08:00" level=info msg="[UE][NAS][MAC] Authenticity of the authentication request message: OK"
time="2026-08-11T19:18:17+08:00" level=info msg="[UE][NAS][SQN] SQN of the authentication request message: VALID"
time="2026-08-11T19:18:17+08:00" level=info msg="[UE][NAS] Send authentication response"
time="2026-08-11T19:18:17+08:00" level=info msg="[UE] Switched from state 1 to state 2"
time="2026-08-11T19:18:17+08:00" level=info msg="[TESTER] TESTING REGISTRATION USING IMSI 0000007061 UE"
time="2026-08-11T19:18:17+08:00" level=info msg="[GNB] Received incoming connection from new UE"
time="2026-08-11T19:18:17+08:00" level=info msg="[UE] Initiating Registration"
time="2026-08-11T19:18:17+08:00" level=info msg="[UE] Switched from state 0 to state 1"
time="2026-08-11T19:18:17+08:00" level=info msg="[TESTER] TESTING REGISTRATION USING IMSI 0000007062 UE"
time="2026-08-11T19:18:17+08:00" level=info msg="[GNB] Received incoming connection from new UE"
time="2026-08-11T19:18:17+08:00" level=info msg="[UE] Initiating Registration"
time="2026-08-11T19:18:17+08:00" level=info msg="[UE] Switched from state 0 to state 1"
time="2026-08-11T19:18:17+08:00" level=info msg="[TESTER] TESTING REGISTRATION USING IMSI 0000007063 UE"
time="2026-08-11T19:18:17+08:00" level=info msg="[GNB] Received incoming connection from new UE"
time="2026-08-11T19:18:17+08:00" level=info msg="[UE] Initiating Registration"
time="2026-08-11T19:18:17+08:00" level=info msg="[UE] Switched from state 0 to state 1"
time="2026-08-11T19:18:17+08:00" level=info msg="[GNB][SCTP] Receive message in 0 stream\n"
time="2026-08-11T19:18:17+08:00" level=info msg="[GNB][NGAP] Receive Downlink NAS Transport"
time="2026-08-11T19:18:17+08:00" level=info msg="[UE][NAS] Message without security header"
time="2026-08-11T19:18:17+08:00" level=info msg="[UE][NAS] Receive Authentication Request"
time="2026-08-11T19:18:17+08:00" level=info msg="[UE][NAS][MAC] Authenticity of the authentication request message: OK"
time="2026-08-11T19:18:17+08:00" level=info msg="[UE][NAS][SQN] SQN of the authentication request message: VALID"
time="2026-08-11T19:18:17+08:00" level=info msg="[UE][NAS] Send authentication response"
time="2026-08-11T19:18:17+08:00" level=info msg="[UE] Switched from state 1 to state 2"
time="2026-08-11T19:18:17+08:00" level=info msg="[TESTER] TESTING REGISTRATION USING IMSI 0000007064 UE"
time="2026-08-11T19:18:17+08:00" level=info msg="[GNB] Received incoming connection from new UE"
time="2026-08-11T19:18:17+08:00" level=info msg="[UE] Initiating Registration"
time="2026-08-11T19:18:17+08:00" level=info msg="[UE] Switched from state 0 to state 1"
time="2026-08-11T19:18:17+08:00" level=info msg="[TESTER] TESTING REGISTRATION USING IMSI 0000007065 UE"
time="2026-08-11T19:18:17+08:00" level=info msg="[GNB] Received incoming connection from new UE"
time="2026-08-11T19:18:17+08:00" level=info msg="[UE] Initiating Registration"
time="2026-08-11T19:18:17+08:00" level=info msg="[UE] Switched from state 0 to state 1"
time="2026-08-11T19:18:17+08:00" level=info msg="[TESTER] TESTING REGISTRATION USING IMSI 0000007066 UE"
time="2026-08-11T19:18:17+08:00" level=info msg="[GNB] Received incoming connection from new UE"
time="2026-08-11T19:18:17+08:00" level=info msg="[UE] Initiating Registration"
time="2026-08-11T19:18:17+08:00" level=info msg="[UE] Switched from state 0 to state 1"
time="2026-08-11T19:18:17+08:00" level=info msg="[GNB][SCTP] Receive message in 0 stream\n"
time="2026-08-11T19:18:17+08:00" level=info msg="[GNB][NGAP] Receive Downlink NAS Transport"
time="2026-08-11T19:18:17+08:00" level=info msg="[UE][NAS] Message without security header"
time="2026-08-11T19:18:17+08:00" level=info msg="[UE][NAS] Receive Authentication Request"
time="2026-08-11T19:18:17+08:00" level=info msg="[UE][NAS][MAC] Authenticity of the authentication request message: OK"
time="2026-08-11T19:18:17+08:00" level=info msg="[UE][NAS][SQN] SQN of the authentication request message: VALID"
time="2026-08-11T19:18:17+08:00" level=info msg="[UE][NAS] Send authentication response"
time="2026-08-11T19:18:17+08:00" level=info msg="[UE] Switched from state 1 to state 2"
time="2026-08-11T19:18:17+08:00" level=info msg="[GNB][SCTP] Receive message in 0 stream\n"
time="2026-08-11T19:18:17+08:00" level=info msg="[GNB][NGAP] Receive Downlink NAS Transport"
time="2026-08-11T19:18:17+08:00" level=info msg="[UE][NAS] Message with security header"
time="2026-08-11T19:18:17+08:00" level=info msg="[UE][NAS] Message with integrity and ciphered"
time="2026-08-11T19:18:17+08:00" level=info msg="[UE][NAS] successful NAS CIPHERING"
time="2026-08-11T19:18:17+08:00" level=info msg="[UE][NAS] successful NAS MAC verification"
time="2026-08-11T19:18:17+08:00" level=info msg="[UE][NAS] Receive Configuration Update Command"
time="2026-08-11T19:18:17+08:00" level=info msg="[UE] Initiating Configuration Update Complete"
time="2026-08-11T19:18:17+08:00" level=info msg="[TESTER] TESTING REGISTRATION USING IMSI 0000007067 UE"
time="2026-08-11T19:18:17+08:00" level=info msg="[GNB] Received incoming connection from new UE"
time="2026-08-11T19:18:17+08:00" level=info msg="[UE] Initiating Registration"
time="2026-08-11T19:18:17+08:00" level=info msg="[UE] Switched from state 0 to state 1"
time="2026-08-11T19:18:17+08:00" level=info msg="[TESTER] TESTING REGISTRATION USING IMSI 0000007068 UE"
time="2026-08-11T19:18:17+08:00" level=info msg="[GNB] Received incoming connection from new UE"
time="2026-08-11T19:18:17+08:00" level=info msg="[UE] Initiating Registration"
time="2026-08-11T19:18:17+08:00" level=info msg="[UE] Switched from state 0 to state 1"
time="2026-08-11T19:18:17+08:00" level=info msg="[GNB][SCTP] Receive message in 0 stream\n"
time="2026-08-11T19:18:17+08:00" level=info msg="[GNB][NGAP] Receive Initial Context Setup Request"
time="2026-08-11T19:18:17+08:00" level=info msg="[GNB][UE] UE Context was created with successful"
time="2026-08-11T19:18:17+08:00" level=info msg="[GNB][UE] UE RAN ID 7"
time="2026-08-11T19:18:17+08:00" level=info msg="[GNB][UE] UE AMF ID 235"
time="2026-08-11T19:18:17+08:00" level=info msg="[GNB][UE] UE Mobility Restrict --Plmn-- Mcc: 208 Mnc: 93"
time="2026-08-11T19:18:17+08:00" level=info msg="[GNB][UE] UE Masked Imeisv: 1110000000ffff00"
time="2026-08-11T19:18:17+08:00" level=info msg="[GNB][UE] Allowed Nssai-- Sst: [01 01] Sd: [010203 112233]"
time="2026-08-11T19:18:17+08:00" level=info msg="[GNB][NGAP][AMF] Send Initial Context Setup Response."
time="2026-08-11T19:18:17+08:00" level=info msg="[GNB] Initiating Initial Context Setup Response"
time="2026-08-11T19:18:17+08:00" level=info msg="[GNB][NGAP] No PDU Session to set up in InitialContextSetupResponse."
time="2026-08-11T19:18:17+08:00" level=info msg="[UE][NAS] Message with security header"
time="2026-08-11T19:18:17+08:00" level=info msg="[UE][NAS] Message with integrity and ciphered"
time="2026-08-11T19:18:17+08:00" level=info msg="[UE][NAS] successful NAS CIPHERING"
time="2026-08-11T19:18:17+08:00" level=info msg="[UE][NAS] successful NAS MAC verification"
time="2026-08-11T19:18:17+08:00" level=info msg="[UE][NAS] Receive Registration Accept"
time="2026-08-11T19:18:17+08:00" level=info msg="[UE][NAS] UE 5G GUTI: &{119 11 [242 2 248 57 202 254 0 0 0 0 231]}"
time="2026-08-11T19:18:17+08:00" level=info msg="[UE] Switched from state 2 to state 3"
time="2026-08-11T19:18:17+08:00" level=info msg="[GNB][SCTP] Receive message in 0 stream\n"
time="2026-08-11T19:18:17+08:00" level=info msg="[GNB][NGAP] Receive Initial Context Setup Request"
time="2026-08-11T19:18:17+08:00" level=info msg="[GNB][UE] UE Context was created with successful"
time="2026-08-11T19:18:17+08:00" level=info msg="[GNB][UE] UE RAN ID 8"
time="2026-08-11T19:18:17+08:00" level=info msg="[GNB][UE] UE AMF ID 236"
time="2026-08-11T19:18:17+08:00" level=info msg="[GNB][UE] UE Mobility Restrict --Plmn-- Mcc: 208 Mnc: 93"
time="2026-08-11T19:18:17+08:00" level=info msg="[GNB][UE] UE Masked Imeisv: 1110000000ffff00"
time="2026-08-11T19:18:17+08:00" level=info msg="[GNB][UE] Allowed Nssai-- Sst: [01 01] Sd: [010203 112233]"
time="2026-08-11T19:18:17+08:00" level=info msg="[GNB][NGAP][AMF] Send Initial Context Setup Response."
time="2026-08-11T19:18:17+08:00" level=info msg="[GNB] Initiating Initial Context Setup Response"
time="2026-08-11T19:18:17+08:00" level=info msg="[GNB][NGAP] No PDU Session to set up in InitialContextSetupResponse."
time="2026-08-11T19:18:17+08:00" level=info msg="[UE][NAS] Message with security header"
time="2026-08-11T19:18:17+08:00" level=info msg="[UE][NAS] Message with integrity and ciphered"
time="2026-08-11T19:18:17+08:00" level=info msg="[UE][NAS] successful NAS CIPHERING"
time="2026-08-11T19:18:17+08:00" level=info msg="[UE][NAS] successful NAS MAC verification"
time="2026-08-11T19:18:17+08:00" level=info msg="[UE][NAS] Receive Registration Accept"
time="2026-08-11T19:18:17+08:00" level=info msg="[UE][NAS] UE 5G GUTI: &{119 11 [242 2 248 57 202 254 0 0 0 0 232]}"
time="2026-08-11T19:18:17+08:00" level=info msg="[UE] Switched from state 2 to state 3"
time="2026-08-11T19:18:17+08:00" level=info msg="[TESTER] TESTING REGISTRATION USING IMSI 0000007069 UE"
time="2026-08-11T19:18:17+08:00" level=info msg="[GNB] Received incoming connection from new UE"
time="2026-08-11T19:18:17+08:00" level=info msg="[UE] Initiating Registration"
time="2026-08-11T19:18:17+08:00" level=info msg="[UE] Switched from state 0 to state 1"
time="2026-08-11T19:18:17+08:00" level=info msg="[TESTER] TESTING REGISTRATION USING IMSI 0000007070 UE"
time="2026-08-11T19:18:17+08:00" level=info msg="[GNB] Received incoming connection from new UE"
time="2026-08-11T19:18:17+08:00" level=info msg="[UE] Initiating Registration"
time="2026-08-11T19:18:17+08:00" level=info msg="[UE] Switched from state 0 to state 1"
time="2026-08-11T19:18:17+08:00" level=info msg="[TESTER] TESTING REGISTRATION USING IMSI 0000007071 UE"
time="2026-08-11T19:18:17+08:00" level=info msg="[GNB] Received incoming connection from new UE"
time="2026-08-11T19:18:17+08:00" level=info msg="[UE] Initiating Registration"
time="2026-08-11T19:18:17+08:00" level=info msg="[UE] Switched from state 0 to state 1"
time="2026-08-11T19:18:17+08:00" level=info msg="[GNB][SCTP] Receive message in 0 stream\n"
time="2026-08-11T19:18:17+08:00" level=info msg="[GNB][NGAP] Receive Downlink NAS Transport"
time="2026-08-11T19:18:17+08:00" level=info msg="[UE][NAS] Message without security header"
time="2026-08-11T19:18:17+08:00" level=info msg="[UE][NAS] Receive Authentication Request"
time="2026-08-11T19:18:17+08:00" level=info msg="[UE][NAS][MAC] Authenticity of the authentication request message: OK"
time="2026-08-11T19:18:17+08:00" level=info msg="[UE][NAS][SQN] SQN of the authentication request message: VALID"
time="2026-08-11T19:18:17+08:00" level=info msg="[UE][NAS] Send authentication response"
time="2026-08-11T19:18:17+08:00" level=info msg="[UE] Switched from state 1 to state 2"
time="2026-08-11T19:18:17+08:00" level=info msg="[TESTER] TESTING REGISTRATION USING IMSI 0000007072 UE"
time="2026-08-11T19:18:17+08:00" level=info msg="[GNB] Received incoming connection from new UE"
time="2026-08-11T19:18:17+08:00" level=info msg="[UE] Initiating Registration"
time="2026-08-11T19:18:17+08:00" level=info msg="[UE] Switched from state 0 to state 1"
time="2026-08-11T19:18:17+08:00" level=info msg="[TESTER] TESTING REGISTRATION USING IMSI 0000007073 UE"
time="2026-08-11T19:18:17+08:00" level=info msg="[GNB] Received incoming connection from new UE"
time="2026-08-11T19:18:17+08:00" level=info msg="[UE] Initiating Registration"
time="2026-08-11T19:18:17+08:00" level=info msg="[UE] Switched from state 0 to state 1"
time="2026-08-11T19:18:17+08:00" level=info msg="[GNB][SCTP] Receive message in 0 stream\n"
time="2026-08-11T19:18:17+08:00" level=info msg="[GNB][NGAP] Receive Downlink NAS Transport"
time="2026-08-11T19:18:17+08:00" level=info msg="[UE][NAS] Message without security header"
time="2026-08-11T19:18:17+08:00" level=info msg="[UE][NAS] Receive Authentication Request"
time="2026-08-11T19:18:17+08:00" level=info msg="[UE][NAS][MAC] Authenticity of the authentication request message: OK"
time="2026-08-11T19:18:17+08:00" level=info msg="[UE][NAS][SQN] SQN of the authentication request message: VALID"
time="2026-08-11T19:18:17+08:00" level=info msg="[UE][NAS] Send authentication response"
time="2026-08-11T19:18:17+08:00" level=info msg="[UE] Switched from state 1 to state 2"
time="2026-08-11T19:18:17+08:00" level=info msg="[TESTER] TESTING REGISTRATION USING IMSI 0000007074 UE"
time="2026-08-11T19:18:17+08:00" level=info msg="[GNB] Received incoming connection from new UE"
time="2026-08-11T19:18:17+08:00" level=info msg="[UE] Initiating Registration"
time="2026-08-11T19:18:17+08:00" level=info msg="[UE] Switched from state 0 to state 1"
time="2026-08-11T19:18:17+08:00" level=info msg="[GNB][SCTP] Receive message in 0 stream\n"
time="2026-08-11T19:18:17+08:00" level=info msg="[GNB][NGAP] Receive Downlink NAS Transport"
time="2026-08-11T19:18:17+08:00" level=info msg="[UE][NAS] Message without security header"
time="2026-08-11T19:18:17+08:00" level=info msg="[UE][NAS] Receive Authentication Request"
time="2026-08-11T19:18:17+08:00" level=info msg="[UE][NAS][MAC] Authenticity of the authentication request message: OK"
time="2026-08-11T19:18:17+08:00" level=info msg="[UE][NAS][SQN] SQN of the authentication request message: VALID"
time="2026-08-11T19:18:17+08:00" level=info msg="[UE][NAS] Send authentication response"
time="2026-08-11T19:18:17+08:00" level=info msg="[UE] Switched from state 1 to state 2"
time="2026-08-11T19:18:17+08:00" level=info msg="[GNB][SCTP] Receive message in 0 stream\n"
time="2026-08-11T19:18:17+08:00" level=info msg="[GNB][NGAP] Receive Initial Context Setup Request"
time="2026-08-11T19:18:17+08:00" level=info msg="[GNB][UE] UE Context was created with successful"
time="2026-08-11T19:18:17+08:00" level=info msg="[GNB][UE] UE RAN ID 9"
time="2026-08-11T19:18:17+08:00" level=info msg="[GNB][UE] UE AMF ID 237"
time="2026-08-11T19:18:17+08:00" level=info msg="[GNB][UE] UE Mobility Restrict --Plmn-- Mcc: 208 Mnc: 93"
time="2026-08-11T19:18:17+08:00" level=info msg="[TESTER] TESTING REGISTRATION USING IMSI 0000007075 UE"
time="2026-08-11T19:18:17+08:00" level=info msg="[GNB] Received incoming connection from new UE"
time="2026-08-11T19:18:17+08:00" level=info msg="[GNB][SCTP] Receive message in 0 stream\n"
time="2026-08-11T19:18:17+08:00" level=info msg="[UE] Initiating Registration"
time="2026-08-11T19:18:17+08:00" level=info msg="[UE] Switched from state 0 to state 1"
time="2026-08-11T19:18:17+08:00" level=info msg="[GNB][NGAP] Receive Downlink NAS Transport"
time="2026-08-11T19:18:17+08:00" level=info msg="[UE][NAS] Message with security header"
time="2026-08-11T19:18:17+08:00" level=info msg="[UE][NAS] Message with integrity and with NEW 5G NAS SECURITY CONTEXT"
time="2026-08-11T19:18:17+08:00" level=info msg="[UE][NAS] successful NAS MAC verification"
time="2026-08-11T19:18:17+08:00" level=info msg="[UE][NAS] Receive Security Mode Command"
time="2026-08-11T19:18:17+08:00" level=info msg="[UE][NAS] Type of ciphering algorithm is 5G-EA0"
time="2026-08-11T19:18:17+08:00" level=info msg="[UE][NAS] Type of integrity protection algorithm is 128-5G-IA2"
time="2026-08-11T19:18:17+08:00" level=info msg="[GNB][SCTP] Receive message in 0 stream\n"
time="2026-08-11T19:18:17+08:00" level=info msg="[GNB][NGAP] Receive Downlink NAS Transport"
time="2026-08-11T19:18:17+08:00" level=info msg="[UE][NAS] Message without security header"
time="2026-08-11T19:18:17+08:00" level=info msg="[UE][NAS] Receive Authentication Request"
time="2026-08-11T19:18:17+08:00" level=info msg="[UE][NAS][MAC] Authenticity of the authentication request message: OK"
time="2026-08-11T19:18:17+08:00" level=info msg="[GNB][UE] UE Masked Imeisv: 1110000000ffff00"
time="2026-08-11T19:18:17+08:00" level=info msg="[GNB][UE] Allowed Nssai-- Sst: [01 01] Sd: [010203 112233]"
time="2026-08-11T19:18:17+08:00" level=info msg="[GNB][NGAP][AMF] Send Initial Context Setup Response."
time="2026-08-11T19:18:17+08:00" level=info msg="[GNB] Initiating Initial Context Setup Response"
time="2026-08-11T19:18:17+08:00" level=info msg="[GNB][NGAP] No PDU Session to set up in InitialContextSetupResponse."
time="2026-08-11T19:18:17+08:00" level=info msg="[UE][NAS] Message with security header"
time="2026-08-11T19:18:17+08:00" level=info msg="[UE][NAS] Message with integrity and ciphered"
time="2026-08-11T19:18:17+08:00" level=info msg="[UE][NAS] successful NAS CIPHERING"
time="2026-08-11T19:18:17+08:00" level=info msg="[UE][NAS] successful NAS MAC verification"
time="2026-08-11T19:18:17+08:00" level=info msg="[UE][NAS] Receive Registration Accept"
time="2026-08-11T19:18:17+08:00" level=info msg="[UE][NAS] UE 5G GUTI: &{119 11 [242 2 248 57 202 254 0 0 0 0 233]}"
time="2026-08-11T19:18:17+08:00" level=info msg="[UE][NAS][SQN] SQN of the authentication request message: VALID"
time="2026-08-11T19:18:17+08:00" level=info msg="[UE][NAS] Send authentication response"
time="2026-08-11T19:18:17+08:00" level=info msg="[UE] Switched from state 1 to state 2"
time="2026-08-11T19:18:17+08:00" level=info msg="[UE] Switched from state 2 to state 3"
time="2026-08-11T19:18:17+08:00" level=info msg="[GNB][SCTP] Receive message in 0 stream\n"
time="2026-08-11T19:18:17+08:00" level=info msg="[GNB][NGAP] Receive Downlink NAS Transport"
time="2026-08-11T19:18:17+08:00" level=info msg="[UE][NAS] Message without security header"
time="2026-08-11T19:18:17+08:00" level=info msg="[UE][NAS] Receive Authentication Request"
time="2026-08-11T19:18:17+08:00" level=info msg="[UE][NAS][MAC] Authenticity of the authentication request message: OK"
time="2026-08-11T19:18:17+08:00" level=info msg="[UE][NAS][SQN] SQN of the authentication request message: VALID"
time="2026-08-11T19:18:17+08:00" level=info msg="[UE][NAS] Send authentication response"
time="2026-08-11T19:18:17+08:00" level=info msg="[UE] Switched from state 1 to state 2"
time="2026-08-11T19:18:17+08:00" level=info msg="[TESTER] TESTING REGISTRATION USING IMSI 0000007076 UE"
time="2026-08-11T19:18:17+08:00" level=info msg="[GNB] Received incoming connection from new UE"
time="2026-08-11T19:18:17+08:00" level=info msg="[UE] Initiating Registration"
time="2026-08-11T19:18:17+08:00" level=info msg="[UE] Switched from state 0 to state 1"
time="2026-08-11T19:18:17+08:00" level=info msg="[TESTER] TESTING REGISTRATION USING IMSI 0000007077 UE"
time="2026-08-11T19:18:17+08:00" level=info msg="[GNB] Received incoming connection from new UE"
time="2026-08-11T19:18:17+08:00" level=info msg="[UE] Initiating Registration"
time="2026-08-11T19:18:17+08:00" level=info msg="[UE] Switched from state 0 to state 1"
time="2026-08-11T19:18:17+08:00" level=info msg="[GNB][SCTP] Receive message in 0 stream\n"
time="2026-08-11T19:18:17+08:00" level=info msg="[GNB][NGAP] Receive Downlink NAS Transport"
time="2026-08-11T19:18:17+08:00" level=info msg="[UE][NAS] Message with security header"
time="2026-08-11T19:18:17+08:00" level=info msg="[UE][NAS] Message with integrity and with NEW 5G NAS SECURITY CONTEXT"
time="2026-08-11T19:18:17+08:00" level=info msg="[UE][NAS] successful NAS MAC verification"
time="2026-08-11T19:18:17+08:00" level=info msg="[UE][NAS] Receive Security Mode Command"
time="2026-08-11T19:18:17+08:00" level=info msg="[UE][NAS] Type of ciphering algorithm is 5G-EA0"
time="2026-08-11T19:18:17+08:00" level=info msg="[UE][NAS] Type of integrity protection algorithm is 128-5G-IA2"
time="2026-08-11T19:18:17+08:00" level=info msg="[GNB][SCTP] Receive message in 0 stream\n"
time="2026-08-11T19:18:17+08:00" level=info msg="[GNB][NGAP] Receive Downlink NAS Transport"
time="2026-08-11T19:18:17+08:00" level=info msg="[UE][NAS] Message with security header"
time="2026-08-11T19:18:17+08:00" level=info msg="[UE][NAS] Message with integrity and with NEW 5G NAS SECURITY CONTEXT"
time="2026-08-11T19:18:17+08:00" level=info msg="[UE][NAS] successful NAS MAC verification"
time="2026-08-11T19:18:17+08:00" level=info msg="[UE][NAS] Receive Security Mode Command"
time="2026-08-11T19:18:17+08:00" level=info msg="[UE][NAS] Type of ciphering algorithm is 5G-EA0"
time="2026-08-11T19:18:17+08:00" level=info msg="[UE][NAS] Type of integrity protection algorithm is 128-5G-IA2"
time="2026-08-11T19:18:17+08:00" level=info msg="[TESTER] TESTING REGISTRATION USING IMSI 0000007078 UE"
time="2026-08-11T19:18:17+08:00" level=info msg="[GNB] Received incoming connection from new UE"
time="2026-08-11T19:18:17+08:00" level=info msg="[UE] Initiating Registration"
time="2026-08-11T19:18:17+08:00" level=info msg="[UE] Switched from state 0 to state 1"
time="2026-08-11T19:18:17+08:00" level=info msg="[TESTER] TESTING REGISTRATION USING IMSI 0000007079 UE"
time="2026-08-11T19:18:17+08:00" level=info msg="[GNB] Received incoming connection from new UE"
time="2026-08-11T19:18:17+08:00" level=info msg="[UE] Initiating Registration"
time="2026-08-11T19:18:17+08:00" level=info msg="[UE] Switched from state 0 to state 1"
time="2026-08-11T19:18:18+08:00" level=info msg="[GNB][SCTP] Receive message in 0 stream\n"
time="2026-08-11T19:18:18+08:00" level=info msg="[GNB][NGAP] Receive Downlink NAS Transport"
time="2026-08-11T19:18:18+08:00" level=info msg="[UE][NAS] Message without security header"
time="2026-08-11T19:18:18+08:00" level=info msg="[UE][NAS] Receive Authentication Request"
time="2026-08-11T19:18:18+08:00" level=info msg="[UE][NAS][MAC] Authenticity of the authentication request message: OK"
time="2026-08-11T19:18:18+08:00" level=info msg="[UE][NAS][SQN] SQN of the authentication request message: VALID"
time="2026-08-11T19:18:18+08:00" level=info msg="[UE][NAS] Send authentication response"
time="2026-08-11T19:18:18+08:00" level=info msg="[UE] Switched from state 1 to state 2"
time="2026-08-11T19:18:18+08:00" level=info msg="[TESTER] TESTING REGISTRATION USING IMSI 0000007080 UE"
time="2026-08-11T19:18:18+08:00" level=info msg="[GNB] Received incoming connection from new UE"
time="2026-08-11T19:18:18+08:00" level=info msg="[UE] Initiating Registration"
time="2026-08-11T19:18:18+08:00" level=info msg="[UE] Switched from state 0 to state 1"
time="2026-08-11T19:18:18+08:00" level=info msg="[TESTER] TESTING REGISTRATION USING IMSI 0000007081 UE"
time="2026-08-11T19:18:18+08:00" level=info msg="[GNB] Received incoming connection from new UE"
time="2026-08-11T19:18:18+08:00" level=info msg="[UE] Initiating Registration"
time="2026-08-11T19:18:18+08:00" level=info msg="[UE] Switched from state 0 to state 1"
time="2026-08-11T19:18:18+08:00" level=info msg="[TESTER] TESTING REGISTRATION USING IMSI 0000007082 UE"
time="2026-08-11T19:18:18+08:00" level=info msg="[GNB] Received incoming connection from new UE"
time="2026-08-11T19:18:18+08:00" level=info msg="[UE] Initiating Registration"
time="2026-08-11T19:18:18+08:00" level=info msg="[UE] Switched from state 0 to state 1"
time="2026-08-11T19:18:18+08:00" level=info msg="[GNB][SCTP] Receive message in 0 stream\n"
time="2026-08-11T19:18:18+08:00" level=info msg="[GNB][SCTP] Receive message in 0 stream\n"
time="2026-08-11T19:18:18+08:00" level=info msg="[GNB][NGAP] Receive Downlink NAS Transport"
time="2026-08-11T19:18:18+08:00" level=info msg="[UE][NAS] Message with security header"
time="2026-08-11T19:18:18+08:00" level=info msg="[UE][NAS] Message with integrity and ciphered"
time="2026-08-11T19:18:18+08:00" level=info msg="[UE][NAS] successful NAS CIPHERING"
time="2026-08-11T19:18:18+08:00" level=info msg="[UE][NAS] successful NAS MAC verification"
time="2026-08-11T19:18:18+08:00" level=info msg="[UE][NAS] Receive Configuration Update Command"
time="2026-08-11T19:18:18+08:00" level=info msg="[UE] Initiating Configuration Update Complete"
time="2026-08-11T19:18:18+08:00" level=info msg="[GNB][NGAP] Receive Downlink NAS Transport"
time="2026-08-11T19:18:18+08:00" level=info msg="[UE][NAS] Message without security header"
time="2026-08-11T19:18:18+08:00" level=info msg="[UE][NAS] Receive Authentication Request"
time="2026-08-11T19:18:18+08:00" level=info msg="[UE][NAS][MAC] Authenticity of the authentication request message: OK"
time="2026-08-11T19:18:18+08:00" level=info msg="[UE][NAS][SQN] SQN of the authentication request message: VALID"
time="2026-08-11T19:18:18+08:00" level=info msg="[UE][NAS] Send authentication response"
time="2026-08-11T19:18:18+08:00" level=info msg="[UE] Switched from state 1 to state 2"
time="2026-08-11T19:18:18+08:00" level=info msg="[TESTER] TESTING REGISTRATION USING IMSI 0000007083 UE"
time="2026-08-11T19:18:18+08:00" level=info msg="[GNB] Received incoming connection from new UE"
time="2026-08-11T19:18:18+08:00" level=info msg="[UE] Initiating Registration"
time="2026-08-11T19:18:18+08:00" level=info msg="[UE] Switched from state 0 to state 1"
time="2026-08-11T19:18:18+08:00" level=info msg="[GNB][SCTP] Receive message in 0 stream\n"
time="2026-08-11T19:18:18+08:00" level=info msg="[GNB][NGAP] Receive Downlink NAS Transport"
time="2026-08-11T19:18:18+08:00" level=info msg="[UE][NAS] Message without security header"
time="2026-08-11T19:18:18+08:00" level=info msg="[UE][NAS] Receive Authentication Request"
time="2026-08-11T19:18:18+08:00" level=info msg="[UE][NAS][MAC] Authenticity of the authentication request message: OK"
time="2026-08-11T19:18:18+08:00" level=info msg="[UE][NAS][SQN] SQN of the authentication request message: VALID"
time="2026-08-11T19:18:18+08:00" level=info msg="[UE][NAS] Send authentication response"
time="2026-08-11T19:18:18+08:00" level=info msg="[UE] Switched from state 1 to state 2"
time="2026-08-11T19:18:18+08:00" level=info msg="[TESTER] TESTING REGISTRATION USING IMSI 0000007084 UE"
time="2026-08-11T19:18:18+08:00" level=info msg="[GNB] Received incoming connection from new UE"
time="2026-08-11T19:18:18+08:00" level=info msg="[UE] Initiating Registration"
time="2026-08-11T19:18:18+08:00" level=info msg="[UE] Switched from state 0 to state 1"
time="2026-08-11T19:18:18+08:00" level=info msg="[TESTER] TESTING REGISTRATION USING IMSI 0000007085 UE"
time="2026-08-11T19:18:18+08:00" level=info msg="[GNB] Received incoming connection from new UE"
time="2026-08-11T19:18:18+08:00" level=info msg="[UE] Initiating Registration"
time="2026-08-11T19:18:18+08:00" level=info msg="[UE] Switched from state 0 to state 1"
time="2026-08-11T19:18:18+08:00" level=info msg="[GNB][SCTP] Receive message in 0 stream\n"
time="2026-08-11T19:18:18+08:00" level=info msg="[GNB][NGAP] Receive Downlink NAS Transport"
time="2026-08-11T19:18:18+08:00" level=info msg="[UE][NAS] Message with security header"
time="2026-08-11T19:18:18+08:00" level=info msg="[UE][NAS] Message with integrity and with NEW 5G NAS SECURITY CONTEXT"
time="2026-08-11T19:18:18+08:00" level=info msg="[UE][NAS] successful NAS MAC verification"
time="2026-08-11T19:18:18+08:00" level=info msg="[UE][NAS] Receive Security Mode Command"
time="2026-08-11T19:18:18+08:00" level=info msg="[UE][NAS] Type of ciphering algorithm is 5G-EA0"
time="2026-08-11T19:18:18+08:00" level=info msg="[UE][NAS] Type of integrity protection algorithm is 128-5G-IA2"
time="2026-08-11T19:18:18+08:00" level=info msg="[TESTER] TESTING REGISTRATION USING IMSI 0000007086 UE"
time="2026-08-11T19:18:18+08:00" level=info msg="[GNB] Received incoming connection from new UE"
time="2026-08-11T19:18:18+08:00" level=info msg="[UE] Initiating Registration"
time="2026-08-11T19:18:18+08:00" level=info msg="[UE] Switched from state 0 to state 1"
time="2026-08-11T19:18:18+08:00" level=info msg="[TESTER] TESTING REGISTRATION USING IMSI 0000007087 UE"
time="2026-08-11T19:18:18+08:00" level=info msg="[GNB] Received incoming connection from new UE"
time="2026-08-11T19:18:18+08:00" level=info msg="[UE] Initiating Registration"
time="2026-08-11T19:18:18+08:00" level=info msg="[UE] Switched from state 0 to state 1"
time="2026-08-11T19:18:18+08:00" level=info msg="[TESTER] TESTING REGISTRATION USING IMSI 0000007088 UE"
time="2026-08-11T19:18:18+08:00" level=info msg="[GNB] Received incoming connection from new UE"
time="2026-08-11T19:18:18+08:00" level=info msg="[UE] Initiating Registration"
time="2026-08-11T19:18:18+08:00" level=info msg="[UE] Switched from state 0 to state 1"
time="2026-08-11T19:18:18+08:00" level=info msg="[TESTER] TESTING REGISTRATION USING IMSI 0000007089 UE"
time="2026-08-11T19:18:18+08:00" level=info msg="[GNB] Received incoming connection from new UE"
time="2026-08-11T19:18:18+08:00" level=info msg="[UE] Initiating Registration"
time="2026-08-11T19:18:18+08:00" level=info msg="[UE] Switched from state 0 to state 1"
time="2026-08-11T19:18:18+08:00" level=info msg="[TESTER] TESTING REGISTRATION USING IMSI 0000007090 UE"
time="2026-08-11T19:18:18+08:00" level=info msg="[GNB] Received incoming connection from new UE"
time="2026-08-11T19:18:18+08:00" level=info msg="[UE] Initiating Registration"
time="2026-08-11T19:18:18+08:00" level=info msg="[UE] Switched from state 0 to state 1"
time="2026-08-11T19:18:18+08:00" level=info msg="[GNB][SCTP] Receive message in 0 stream\n"
time="2026-08-11T19:18:18+08:00" level=info msg="[GNB][NGAP] Receive Downlink NAS Transport"
time="2026-08-11T19:18:18+08:00" level=info msg="[UE][NAS] Message without security header"
time="2026-08-11T19:18:18+08:00" level=info msg="[UE][NAS] Receive Authentication Request"
time="2026-08-11T19:18:18+08:00" level=info msg="[UE][NAS][MAC] Authenticity of the authentication request message: OK"
time="2026-08-11T19:18:18+08:00" level=info msg="[UE][NAS][SQN] SQN of the authentication request message: VALID"
time="2026-08-11T19:18:18+08:00" level=info msg="[UE][NAS] Send authentication response"
time="2026-08-11T19:18:18+08:00" level=info msg="[GNB][SCTP] Receive message in 0 stream\n"
time="2026-08-11T19:18:18+08:00" level=info msg="[GNB][NGAP] Receive Downlink NAS Transport"
time="2026-08-11T19:18:18+08:00" level=info msg="[UE][NAS] Message without security header"
time="2026-08-11T19:18:18+08:00" level=info msg="[UE][NAS] Receive Authentication Request"
time="2026-08-11T19:18:18+08:00" level=info msg="[UE][NAS][MAC] Authenticity of the authentication request message: OK"
time="2026-08-11T19:18:18+08:00" level=info msg="[UE][NAS][SQN] SQN of the authentication request message: VALID"
time="2026-08-11T19:18:18+08:00" level=info msg="[UE][NAS] Send authentication response"
time="2026-08-11T19:18:18+08:00" level=info msg="[UE] Switched from state 1 to state 2"
time="2026-08-11T19:18:18+08:00" level=info msg="[UE] Switched from state 1 to state 2"
time="2026-08-11T19:18:18+08:00" level=info msg="[TESTER] TESTING REGISTRATION USING IMSI 0000007091 UE"
time="2026-08-11T19:18:18+08:00" level=info msg="[GNB] Received incoming connection from new UE"
time="2026-08-11T19:18:18+08:00" level=info msg="[UE] Initiating Registration"
time="2026-08-11T19:18:18+08:00" level=info msg="[UE] Switched from state 0 to state 1"
time="2026-08-11T19:18:18+08:00" level=info msg="[TESTER] TESTING REGISTRATION USING IMSI 0000007092 UE"
time="2026-08-11T19:18:18+08:00" level=info msg="[GNB][SCTP] Receive message in 0 stream\n"
time="2026-08-11T19:18:18+08:00" level=info msg="[GNB] Received incoming connection from new UE"
time="2026-08-11T19:18:18+08:00" level=info msg="[UE] Initiating Registration"
time="2026-08-11T19:18:18+08:00" level=info msg="[GNB][NGAP] Receive Downlink NAS Transport"
time="2026-08-11T19:18:18+08:00" level=info msg="[UE][NAS] Message with security header"
time="2026-08-11T19:18:18+08:00" level=info msg="[UE][NAS] Message with integrity and with NEW 5G NAS SECURITY CONTEXT"
time="2026-08-11T19:18:18+08:00" level=info msg="[UE][NAS] successful NAS MAC verification"
time="2026-08-11T19:18:18+08:00" level=info msg="[UE][NAS] Receive Security Mode Command"
time="2026-08-11T19:18:18+08:00" level=info msg="[UE][NAS] Type of ciphering algorithm is 5G-EA0"
time="2026-08-11T19:18:18+08:00" level=info msg="[UE][NAS] Type of integrity protection algorithm is 128-5G-IA2"
time="2026-08-11T19:18:18+08:00" level=info msg="[UE] Switched from state 0 to state 1"
time="2026-08-11T19:18:18+08:00" level=info msg="[TESTER] TESTING REGISTRATION USING IMSI 0000007093 UE"
time="2026-08-11T19:18:18+08:00" level=info msg="[GNB] Received incoming connection from new UE"
time="2026-08-11T19:18:18+08:00" level=info msg="[UE] Initiating Registration"
time="2026-08-11T19:18:18+08:00" level=info msg="[UE] Switched from state 0 to state 1"
time="2026-08-11T19:18:18+08:00" level=info msg="[TESTER] TESTING REGISTRATION USING IMSI 0000007094 UE"
time="2026-08-11T19:18:18+08:00" level=info msg="[GNB] Received incoming connection from new UE"
time="2026-08-11T19:18:18+08:00" level=info msg="[UE] Initiating Registration"
time="2026-08-11T19:18:18+08:00" level=info msg="[UE] Switched from state 0 to state 1"
time="2026-08-11T19:18:18+08:00" level=info msg="[GNB][SCTP] Receive message in 0 stream\n"
time="2026-08-11T19:18:18+08:00" level=info msg="[GNB][NGAP] Receive Initial Context Setup Request"
time="2026-08-11T19:18:18+08:00" level=info msg="[GNB][UE] UE Context was created with successful"
time="2026-08-11T19:18:18+08:00" level=info msg="[GNB][UE] UE RAN ID 17"
time="2026-08-11T19:18:18+08:00" level=info msg="[GNB][UE] UE AMF ID 242"
time="2026-08-11T19:18:18+08:00" level=info msg="[GNB][UE] UE Mobility Restrict --Plmn-- Mcc: 208 Mnc: 93"
time="2026-08-11T19:18:18+08:00" level=info msg="[GNB][UE] UE Masked Imeisv: 1110000000ffff00"
time="2026-08-11T19:18:18+08:00" level=info msg="[GNB][UE] Allowed Nssai-- Sst: [01 01] Sd: [010203 112233]"
time="2026-08-11T19:18:18+08:00" level=info msg="[GNB][NGAP][AMF] Send Initial Context Setup Response."
time="2026-08-11T19:18:18+08:00" level=info msg="[GNB] Initiating Initial Context Setup Response"
time="2026-08-11T19:18:18+08:00" level=info msg="[GNB][NGAP] No PDU Session to set up in InitialContextSetupResponse."
time="2026-08-11T19:18:18+08:00" level=info msg="[UE][NAS] Message with security header"
time="2026-08-11T19:18:18+08:00" level=info msg="[UE][NAS] Message with integrity and ciphered"
time="2026-08-11T19:18:18+08:00" level=info msg="[UE][NAS] successful NAS CIPHERING"
time="2026-08-11T19:18:18+08:00" level=info msg="[UE][NAS] successful NAS MAC verification"
time="2026-08-11T19:18:18+08:00" level=info msg="[UE][NAS] Receive Registration Accept"
time="2026-08-11T19:18:18+08:00" level=info msg="[UE][NAS] UE 5G GUTI: &{119 11 [242 2 248 57 202 254 0 0 0 0 238]}"
time="2026-08-11T19:18:18+08:00" level=info msg="[UE] Switched from state 2 to state 3"
time="2026-08-11T19:18:18+08:00" level=info msg="[GNB][SCTP] Receive message in 0 stream\n"
time="2026-08-11T19:18:18+08:00" level=info msg="[GNB][NGAP] Receive Downlink NAS Transport"
time="2026-08-11T19:18:18+08:00" level=info msg="[UE][NAS] Message without security header"
time="2026-08-11T19:18:18+08:00" level=info msg="[UE][NAS] Receive Authentication Request"
time="2026-08-11T19:18:18+08:00" level=info msg="[UE][NAS][MAC] Authenticity of the authentication request message: OK"
time="2026-08-11T19:18:18+08:00" level=info msg="[UE][NAS][SQN] SQN of the authentication request message: VALID"
time="2026-08-11T19:18:18+08:00" level=info msg="[UE][NAS] Send authentication response"
time="2026-08-11T19:18:18+08:00" level=info msg="[UE] Switched from state 1 to state 2"
time="2026-08-11T19:18:18+08:00" level=info msg="[TESTER] TESTING REGISTRATION USING IMSI 0000007095 UE"
time="2026-08-11T19:18:18+08:00" level=info msg="[GNB] Received incoming connection from new UE"
time="2026-08-11T19:18:18+08:00" level=info msg="[UE] Initiating Registration"
time="2026-08-11T19:18:18+08:00" level=info msg="[UE] Switched from state 0 to state 1"
time="2026-08-11T19:18:18+08:00" level=info msg="[TESTER] TESTING REGISTRATION USING IMSI 0000007096 UE"
time="2026-08-11T19:18:18+08:00" level=info msg="[GNB] Received incoming connection from new UE"
time="2026-08-11T19:18:18+08:00" level=info msg="[UE] Initiating Registration"
time="2026-08-11T19:18:18+08:00" level=info msg="[UE] Switched from state 0 to state 1"
time="2026-08-11T19:18:18+08:00" level=info msg="[TESTER] TESTING REGISTRATION USING IMSI 0000007097 UE"
time="2026-08-11T19:18:18+08:00" level=info msg="[GNB] Received incoming connection from new UE"
time="2026-08-11T19:18:18+08:00" level=info msg="[UE] Initiating Registration"
time="2026-08-11T19:18:18+08:00" level=info msg="[UE] Switched from state 0 to state 1"
time="2026-08-11T19:18:18+08:00" level=info msg="[TESTER] TESTING REGISTRATION USING IMSI 0000007098 UE"
time="2026-08-11T19:18:18+08:00" level=info msg="[GNB] Received incoming connection from new UE"
time="2026-08-11T19:18:18+08:00" level=info msg="[UE] Initiating Registration"
time="2026-08-11T19:18:18+08:00" level=info msg="[UE] Switched from state 0 to state 1"
time="2026-08-11T19:18:19+08:00" level=info msg="[TESTER] TESTING REGISTRATION USING IMSI 0000007099 UE"
time="2026-08-11T19:18:19+08:00" level=info msg="[GNB] Received incoming connection from new UE"
time="2026-08-11T19:18:19+08:00" level=info msg="[UE] Initiating Registration"
time="2026-08-11T19:18:19+08:00" level=info msg="[UE] Switched from state 0 to state 1"
time="2026-08-11T19:18:19+08:00" level=info msg="[TESTER] TESTING REGISTRATION USING IMSI 0000007100 UE"
time="2026-08-11T19:18:19+08:00" level=info msg="[GNB] Received incoming connection from new UE"
time="2026-08-11T19:18:19+08:00" level=info msg="[UE] Initiating Registration"
time="2026-08-11T19:18:19+08:00" level=info msg="[UE] Switched from state 0 to state 1"
time="2026-08-11T19:18:19+08:00" level=info msg="[GNB][SCTP] Receive message in 0 stream\n"
time="2026-08-11T19:18:19+08:00" level=info msg="[GNB][NGAP] Receive Downlink NAS Transport"
time="2026-08-11T19:18:19+08:00" level=info msg="[UE][NAS] Message without security header"
time="2026-08-11T19:18:19+08:00" level=info msg="[UE][NAS] Receive Authentication Request"
time="2026-08-11T19:18:19+08:00" level=info msg="[UE][NAS][MAC] Authenticity of the authentication request message: OK"
time="2026-08-11T19:18:19+08:00" level=info msg="[UE][NAS][SQN] SQN of the authentication request message: VALID"
time="2026-08-11T19:18:19+08:00" level=info msg="[UE][NAS] Send authentication response"
time="2026-08-11T19:18:19+08:00" level=info msg="[UE] Switched from state 1 to state 2"
time="2026-08-11T19:18:19+08:00" level=info msg="[GNB][SCTP] Receive message in 0 stream\n"
time="2026-08-11T19:18:19+08:00" level=info msg="[GNB][NGAP] Receive Downlink NAS Transport"
time="2026-08-11T19:18:19+08:00" level=info msg="[UE][NAS] Message without security header"
time="2026-08-11T19:18:19+08:00" level=info msg="[UE][NAS] Receive Authentication Request"
time="2026-08-11T19:18:19+08:00" level=info msg="[UE][NAS][MAC] Authenticity of the authentication request message: OK"
time="2026-08-11T19:18:19+08:00" level=info msg="[UE][NAS][SQN] SQN of the authentication request message: VALID"
time="2026-08-11T19:18:19+08:00" level=info msg="[UE][NAS] Send authentication response"
time="2026-08-11T19:18:19+08:00" level=info msg="[UE] Switched from state 1 to state 2"
time="2026-08-11T19:18:19+08:00" level=info msg="[GNB][SCTP] Receive message in 0 stream\n"
time="2026-08-11T19:18:19+08:00" level=info msg="[GNB][NGAP] Receive Downlink NAS Transport"
time="2026-08-11T19:18:19+08:00" level=info msg="[UE][NAS] Message without security header"
time="2026-08-11T19:18:19+08:00" level=info msg="[UE][NAS] Receive Authentication Request"
time="2026-08-11T19:18:19+08:00" level=info msg="[UE][NAS][MAC] Authenticity of the authentication request message: OK"
time="2026-08-11T19:18:19+08:00" level=info msg="[UE][NAS][SQN] SQN of the authentication request message: VALID"
time="2026-08-11T19:18:19+08:00" level=info msg="[UE][NAS] Send authentication response"
time="2026-08-11T19:18:19+08:00" level=info msg="[UE] Switched from state 1 to state 2"
time="2026-08-11T19:18:19+08:00" level=info msg="[GNB][SCTP] Receive message in 0 stream\n"
time="2026-08-11T19:18:19+08:00" level=info msg="[GNB][NGAP] Receive Downlink NAS Transport"
time="2026-08-11T19:18:19+08:00" level=info msg="[UE][NAS] Message with security header"
time="2026-08-11T19:18:19+08:00" level=info msg="[UE][NAS] Message with integrity and with NEW 5G NAS SECURITY CONTEXT"
time="2026-08-11T19:18:19+08:00" level=info msg="[UE][NAS] successful NAS MAC verification"
time="2026-08-11T19:18:19+08:00" level=info msg="[UE][NAS] Receive Security Mode Command"
time="2026-08-11T19:18:19+08:00" level=info msg="[UE][NAS] Type of ciphering algorithm is 5G-EA0"
time="2026-08-11T19:18:19+08:00" level=info msg="[UE][NAS] Type of integrity protection algorithm is 128-5G-IA2"
time="2026-08-11T19:18:19+08:00" level=info msg="[GNB][SCTP] Receive message in 0 stream\n"
time="2026-08-11T19:18:19+08:00" level=info msg="[GNB][NGAP] Receive Downlink NAS Transport"
time="2026-08-11T19:18:19+08:00" level=info msg="[UE][NAS] Message without security header"
time="2026-08-11T19:18:19+08:00" level=info msg="[UE][NAS] Receive Authentication Request"
time="2026-08-11T19:18:19+08:00" level=info msg="[UE][NAS][MAC] Authenticity of the authentication request message: OK"
time="2026-08-11T19:18:19+08:00" level=info msg="[UE][NAS][SQN] SQN of the authentication request message: VALID"
time="2026-08-11T19:18:19+08:00" level=info msg="[UE][NAS] Send authentication response"
time="2026-08-11T19:18:19+08:00" level=info msg="[UE] Switched from state 1 to state 2"
time="2026-08-11T19:18:19+08:00" level=info msg="[GNB][SCTP] Receive message in 0 stream\n"
time="2026-08-11T19:18:19+08:00" level=info msg="[GNB][NGAP] Receive Downlink NAS Transport"
time="2026-08-11T19:18:19+08:00" level=info msg="[UE][NAS] Message with security header"
time="2026-08-11T19:18:19+08:00" level=info msg="[UE][NAS] Message with integrity and with NEW 5G NAS SECURITY CONTEXT"
time="2026-08-11T19:18:19+08:00" level=info msg="[UE][NAS] successful NAS MAC verification"
time="2026-08-11T19:18:19+08:00" level=info msg="[UE][NAS] Receive Security Mode Command"
time="2026-08-11T19:18:19+08:00" level=info msg="[UE][NAS] Type of ciphering algorithm is 5G-EA0"
time="2026-08-11T19:18:19+08:00" level=info msg="[UE][NAS] Type of integrity protection algorithm is 128-5G-IA2"
time="2026-08-11T19:18:19+08:00" level=info msg="[GNB][SCTP] Receive message in 0 stream\n"
time="2026-08-11T19:18:19+08:00" level=info msg="[GNB][NGAP] Receive Initial Context Setup Request"
time="2026-08-11T19:18:19+08:00" level=info msg="[GNB][UE] UE Context was created with successful"
time="2026-08-11T19:18:19+08:00" level=info msg="[GNB][UE] UE RAN ID 16"
time="2026-08-11T19:18:19+08:00" level=info msg="[GNB][UE] UE AMF ID 241"
time="2026-08-11T19:18:19+08:00" level=info msg="[GNB][UE] UE Mobility Restrict --Plmn-- Mcc: 208 Mnc: 93"
time="2026-08-11T19:18:19+08:00" level=info msg="[GNB][UE] UE Masked Imeisv: 1110000000ffff00"
time="2026-08-11T19:18:19+08:00" level=info msg="[GNB][UE] Allowed Nssai-- Sst: [01 01] Sd: [010203 112233]"
time="2026-08-11T19:18:19+08:00" level=info msg="[GNB][NGAP][AMF] Send Initial Context Setup Response."
time="2026-08-11T19:18:19+08:00" level=info msg="[GNB] Initiating Initial Context Setup Response"
time="2026-08-11T19:18:19+08:00" level=info msg="[GNB][NGAP] No PDU Session to set up in InitialContextSetupResponse."
time="2026-08-11T19:18:19+08:00" level=info msg="[UE][NAS] Message with security header"
time="2026-08-11T19:18:19+08:00" level=info msg="[UE][NAS] Message with integrity and ciphered"
time="2026-08-11T19:18:19+08:00" level=info msg="[UE][NAS] successful NAS CIPHERING"
time="2026-08-11T19:18:19+08:00" level=info msg="[UE][NAS] successful NAS MAC verification"
time="2026-08-11T19:18:19+08:00" level=info msg="[UE][NAS] Receive Registration Accept"
time="2026-08-11T19:18:19+08:00" level=info msg="[UE][NAS] UE 5G GUTI: &{119 11 [242 2 248 57 202 254 0 0 0 0 237]}"
time="2026-08-11T19:18:19+08:00" level=info msg="[UE] Switched from state 2 to state 3"
time="2026-08-11T19:18:19+08:00" level=info msg="[GNB][SCTP] Receive message in 0 stream\n"
time="2026-08-11T19:18:19+08:00" level=info msg="[GNB][NGAP] Receive Downlink NAS Transport"
time="2026-08-11T19:18:19+08:00" level=info msg="[UE][NAS] Message without security header"
time="2026-08-11T19:18:19+08:00" level=info msg="[UE][NAS] Receive Authentication Request"
time="2026-08-11T19:18:19+08:00" level=info msg="[UE][NAS][MAC] Authenticity of the authentication request message: OK"
time="2026-08-11T19:18:19+08:00" level=info msg="[UE][NAS][SQN] SQN of the authentication request message: VALID"
time="2026-08-11T19:18:19+08:00" level=info msg="[UE][NAS] Send authentication response"
time="2026-08-11T19:18:19+08:00" level=info msg="[UE] Switched from state 1 to state 2"
time="2026-08-11T19:18:19+08:00" level=info msg="[GNB][SCTP] Receive message in 0 stream\n"
time="2026-08-11T19:18:19+08:00" level=info msg="[GNB][NGAP] Receive Downlink NAS Transport"
time="2026-08-11T19:18:19+08:00" level=info msg="[UE][NAS] Message without security header"
time="2026-08-11T19:18:19+08:00" level=info msg="[UE][NAS] Receive Authentication Request"
time="2026-08-11T19:18:19+08:00" level=info msg="[UE][NAS][MAC] Authenticity of the authentication request message: OK"
time="2026-08-11T19:18:19+08:00" level=info msg="[UE][NAS][SQN] SQN of the authentication request message: VALID"
time="2026-08-11T19:18:19+08:00" level=info msg="[UE][NAS] Send authentication response"
time="2026-08-11T19:18:19+08:00" level=info msg="[UE] Switched from state 1 to state 2"
time="2026-08-11T19:18:19+08:00" level=info msg="[GNB][SCTP] Receive message in 0 stream\n"
time="2026-08-11T19:18:19+08:00" level=info msg="[GNB][NGAP] Receive Initial Context Setup Request"
time="2026-08-11T19:18:19+08:00" level=info msg="[GNB][UE] UE Context was created with successful"
time="2026-08-11T19:18:19+08:00" level=info msg="[GNB][UE] UE RAN ID 13"
time="2026-08-11T19:18:19+08:00" level=info msg="[GNB][UE] UE AMF ID 243"
time="2026-08-11T19:18:19+08:00" level=info msg="[GNB][UE] UE Mobility Restrict --Plmn-- Mcc: 208 Mnc: 93"
time="2026-08-11T19:18:19+08:00" level=info msg="[GNB][UE] UE Masked Imeisv: 1110000000ffff00"
time="2026-08-11T19:18:19+08:00" level=info msg="[GNB][UE] Allowed Nssai-- Sst: [01 01] Sd: [010203 112233]"
time="2026-08-11T19:18:19+08:00" level=info msg="[UE][NAS] Message with security header"
time="2026-08-11T19:18:19+08:00" level=info msg="[UE][NAS] Message with integrity and ciphered"
time="2026-08-11T19:18:19+08:00" level=info msg="[UE][NAS] successful NAS CIPHERING"
time="2026-08-11T19:18:19+08:00" level=info msg="[UE][NAS] successful NAS MAC verification"
time="2026-08-11T19:18:19+08:00" level=info msg="[UE][NAS] Receive Registration Accept"
time="2026-08-11T19:18:19+08:00" level=info msg="[UE][NAS] UE 5G GUTI: &{119 11 [242 2 248 57 202 254 0 0 0 0 239]}"
time="2026-08-11T19:18:19+08:00" level=info msg="[UE] Switched from state 2 to state 3"
time="2026-08-11T19:18:19+08:00" level=info msg="[GNB][NGAP][AMF] Send Initial Context Setup Response."
time="2026-08-11T19:18:19+08:00" level=info msg="[GNB] Initiating Initial Context Setup Response"
time="2026-08-11T19:18:19+08:00" level=info msg="[GNB][NGAP] No PDU Session to set up in InitialContextSetupResponse."
time="2026-08-11T19:18:19+08:00" level=info msg="[GNB][SCTP] Receive message in 0 stream\n"
time="2026-08-11T19:18:19+08:00" level=info msg="[GNB][NGAP] Receive Downlink NAS Transport"
time="2026-08-11T19:18:19+08:00" level=info msg="[UE][NAS] Message without security header"
time="2026-08-11T19:18:19+08:00" level=info msg="[UE][NAS] Receive Authentication Request"
time="2026-08-11T19:18:19+08:00" level=info msg="[UE][NAS][MAC] Authenticity of the authentication request message: OK"
time="2026-08-11T19:18:19+08:00" level=info msg="[UE][NAS][SQN] SQN of the authentication request message: VALID"
time="2026-08-11T19:18:19+08:00" level=info msg="[UE][NAS] Send authentication response"
time="2026-08-11T19:18:19+08:00" level=info msg="[GNB][SCTP] Receive message in 0 stream\n"
time="2026-08-11T19:18:19+08:00" level=info msg="[UE] Switched from state 1 to state 2"
time="2026-08-11T19:18:19+08:00" level=info msg="[GNB][NGAP] Receive Downlink NAS Transport"
time="2026-08-11T19:18:19+08:00" level=info msg="[UE][NAS] Message with security header"
time="2026-08-11T19:18:19+08:00" level=info msg="[UE][NAS] Message with integrity and with NEW 5G NAS SECURITY CONTEXT"
time="2026-08-11T19:18:19+08:00" level=info msg="[UE][NAS] successful NAS MAC verification"
time="2026-08-11T19:18:19+08:00" level=info msg="[UE][NAS] Receive Security Mode Command"
time="2026-08-11T19:18:19+08:00" level=info msg="[UE][NAS] Type of ciphering algorithm is 5G-EA0"
time="2026-08-11T19:18:19+08:00" level=info msg="[UE][NAS] Type of integrity protection algorithm is 128-5G-IA2"
time="2026-08-11T19:18:19+08:00" level=info msg="[GNB][SCTP] Receive message in 0 stream\n"
time="2026-08-11T19:18:19+08:00" level=info msg="[GNB][NGAP] Receive Downlink NAS Transport"
time="2026-08-11T19:18:19+08:00" level=info msg="[UE][NAS] Message with security header"
time="2026-08-11T19:18:19+08:00" level=info msg="[UE][NAS] Message with integrity and with NEW 5G NAS SECURITY CONTEXT"
time="2026-08-11T19:18:19+08:00" level=info msg="[UE][NAS] successful NAS MAC verification"
time="2026-08-11T19:18:19+08:00" level=info msg="[UE][NAS] Receive Security Mode Command"
time="2026-08-11T19:18:19+08:00" level=info msg="[UE][NAS] Type of ciphering algorithm is 5G-EA0"
time="2026-08-11T19:18:19+08:00" level=info msg="[UE][NAS] Type of integrity protection algorithm is 128-5G-IA2"
time="2026-08-11T19:18:19+08:00" level=info msg="[GNB][SCTP] Receive message in 0 stream\n"
time="2026-08-11T19:18:19+08:00" level=info msg="[GNB][NGAP] Receive Downlink NAS Transport"
time="2026-08-11T19:18:19+08:00" level=info msg="[UE][NAS] Message without security header"
time="2026-08-11T19:18:19+08:00" level=info msg="[UE][NAS] Receive Authentication Request"
time="2026-08-11T19:18:19+08:00" level=info msg="[UE][NAS][MAC] Authenticity of the authentication request message: OK"
time="2026-08-11T19:18:19+08:00" level=info msg="[UE][NAS][SQN] SQN of the authentication request message: VALID"
time="2026-08-11T19:18:19+08:00" level=info msg="[UE][NAS] Send authentication response"
time="2026-08-11T19:18:19+08:00" level=info msg="[UE] Switched from state 1 to state 2"
time="2026-08-11T19:18:19+08:00" level=info msg="[GNB][SCTP] Receive message in 0 stream\n"
time="2026-08-11T19:18:19+08:00" level=info msg="[GNB][NGAP] Receive Downlink NAS Transport"
time="2026-08-11T19:18:19+08:00" level=info msg="[UE][NAS] Message with security header"
time="2026-08-11T19:18:19+08:00" level=info msg="[UE][NAS] Message with integrity and with NEW 5G NAS SECURITY CONTEXT"
time="2026-08-11T19:18:19+08:00" level=info msg="[UE][NAS] successful NAS MAC verification"
time="2026-08-11T19:18:19+08:00" level=info msg="[UE][NAS] Receive Security Mode Command"
time="2026-08-11T19:18:19+08:00" level=info msg="[UE][NAS] Type of ciphering algorithm is 5G-EA0"
time="2026-08-11T19:18:19+08:00" level=info msg="[UE][NAS] Type of integrity protection algorithm is 128-5G-IA2"
time="2026-08-11T19:18:19+08:00" level=info msg="[GNB][SCTP] Receive message in 0 stream\n"
time="2026-08-11T19:18:19+08:00" level=info msg="[GNB][SCTP] Receive message in 0 stream\n"
time="2026-08-11T19:18:19+08:00" level=info msg="[GNB][NGAP] Receive Downlink NAS Transport"
time="2026-08-11T19:18:19+08:00" level=info msg="[UE][NAS] Message without security header"
time="2026-08-11T19:18:19+08:00" level=info msg="[UE][NAS] Receive Authentication Request"
time="2026-08-11T19:18:19+08:00" level=info msg="[UE][NAS][MAC] Authenticity of the authentication request message: OK"
time="2026-08-11T19:18:19+08:00" level=info msg="[UE][NAS][SQN] SQN of the authentication request message: VALID"
time="2026-08-11T19:18:19+08:00" level=info msg="[UE][NAS] Send authentication response"
time="2026-08-11T19:18:19+08:00" level=info msg="[GNB][NGAP] Receive Downlink NAS Transport"
time="2026-08-11T19:18:19+08:00" level=info msg="[UE][NAS] Message with security header"
time="2026-08-11T19:18:19+08:00" level=info msg="[UE][NAS] Message with integrity and ciphered"
time="2026-08-11T19:18:19+08:00" level=info msg="[UE][NAS] successful NAS CIPHERING"
time="2026-08-11T19:18:19+08:00" level=info msg="[UE][NAS] successful NAS MAC verification"
time="2026-08-11T19:18:19+08:00" level=info msg="[UE][NAS] Receive Configuration Update Command"
time="2026-08-11T19:18:19+08:00" level=info msg="[UE] Initiating Configuration Update Complete"
time="2026-08-11T19:18:19+08:00" level=info msg="[UE] Switched from state 1 to state 2"
time="2026-08-11T19:18:19+08:00" level=info msg="[GNB][SCTP] Receive message in 0 stream\n"
time="2026-08-11T19:18:19+08:00" level=info msg="[GNB][NGAP] Receive Downlink NAS Transport"
time="2026-08-11T19:18:19+08:00" level=info msg="[UE][NAS] Message without security header"
time="2026-08-11T19:18:19+08:00" level=info msg="[UE][NAS] Receive Authentication Request"
time="2026-08-11T19:18:19+08:00" level=info msg="[UE][NAS][MAC] Authenticity of the authentication request message: OK"
time="2026-08-11T19:18:19+08:00" level=info msg="[UE][NAS][SQN] SQN of the authentication request message: VALID"
time="2026-08-11T19:18:19+08:00" level=info msg="[UE][NAS] Send authentication response"
time="2026-08-11T19:18:19+08:00" level=info msg="[UE] Switched from state 1 to state 2"
time="2026-08-11T19:18:19+08:00" level=info msg="[GNB][SCTP] Receive message in 0 stream\n"
time="2026-08-11T19:18:19+08:00" level=info msg="[GNB][NGAP] Receive Downlink NAS Transport"
time="2026-08-11T19:18:19+08:00" level=info msg="[UE][NAS] Message with security header"
time="2026-08-11T19:18:19+08:00" level=info msg="[UE][NAS] Message with integrity and with NEW 5G NAS SECURITY CONTEXT"
time="2026-08-11T19:18:19+08:00" level=info msg="[UE][NAS] successful NAS MAC verification"
time="2026-08-11T19:18:19+08:00" level=info msg="[UE][NAS] Receive Security Mode Command"
time="2026-08-11T19:18:19+08:00" level=info msg="[UE][NAS] Type of ciphering algorithm is 5G-EA0"
time="2026-08-11T19:18:19+08:00" level=info msg="[UE][NAS] Type of integrity protection algorithm is 128-5G-IA2"
time="2026-08-11T19:18:19+08:00" level=info msg="[GNB][SCTP] Receive message in 0 stream\n"
time="2026-08-11T19:18:19+08:00" level=info msg="[GNB][NGAP] Receive Downlink NAS Transport"
time="2026-08-11T19:18:19+08:00" level=info msg="[UE][NAS] Message without security header"
time="2026-08-11T19:18:19+08:00" level=info msg="[UE][NAS] Receive Authentication Request"
time="2026-08-11T19:18:19+08:00" level=info msg="[UE][NAS][MAC] Authenticity of the authentication request message: OK"
time="2026-08-11T19:18:19+08:00" level=info msg="[UE][NAS][SQN] SQN of the authentication request message: VALID"
time="2026-08-11T19:18:19+08:00" level=info msg="[UE][NAS] Send authentication response"
time="2026-08-11T19:18:19+08:00" level=info msg="[UE] Switched from state 1 to state 2"
time="2026-08-11T19:18:19+08:00" level=info msg="[GNB][SCTP] Receive message in 0 stream\n"
time="2026-08-11T19:18:19+08:00" level=info msg="[GNB][NGAP] Receive Downlink NAS Transport"
time="2026-08-11T19:18:19+08:00" level=info msg="[UE][NAS] Message with security header"
time="2026-08-11T19:18:19+08:00" level=info msg="[UE][NAS] Message with integrity and ciphered"
time="2026-08-11T19:18:19+08:00" level=info msg="[UE][NAS] successful NAS CIPHERING"
time="2026-08-11T19:18:19+08:00" level=info msg="[UE][NAS] successful NAS MAC verification"
time="2026-08-11T19:18:19+08:00" level=info msg="[UE][NAS] Receive Configuration Update Command"
time="2026-08-11T19:18:19+08:00" level=info msg="[UE] Initiating Configuration Update Complete"
time="2026-08-11T19:18:19+08:00" level=info msg="[GNB][SCTP] Receive message in 0 stream\n"
time="2026-08-11T19:18:19+08:00" level=info msg="[GNB][NGAP] Receive Downlink NAS Transport"
time="2026-08-11T19:18:19+08:00" level=info msg="[UE][NAS] Message without security header"
time="2026-08-11T19:18:19+08:00" level=info msg="[UE][NAS] Receive Authentication Request"
time="2026-08-11T19:18:19+08:00" level=info msg="[UE][NAS][MAC] Authenticity of the authentication request message: OK"
time="2026-08-11T19:18:19+08:00" level=info msg="[UE][NAS][SQN] SQN of the authentication request message: VALID"
time="2026-08-11T19:18:19+08:00" level=info msg="[UE][NAS] Send authentication response"
time="2026-08-11T19:18:19+08:00" level=info msg="[UE] Switched from state 1 to state 2"
time="2026-08-11T19:18:19+08:00" level=info msg="[GNB][SCTP] Receive message in 0 stream\n"
time="2026-08-11T19:18:19+08:00" level=info msg="[GNB][NGAP] Receive Downlink NAS Transport"
time="2026-08-11T19:18:19+08:00" level=info msg="[UE][NAS] Message without security header"
time="2026-08-11T19:18:19+08:00" level=info msg="[UE][NAS] Receive Authentication Request"
time="2026-08-11T19:18:19+08:00" level=info msg="[UE][NAS][MAC] Authenticity of the authentication request message: OK"
time="2026-08-11T19:18:19+08:00" level=info msg="[UE][NAS][SQN] SQN of the authentication request message: VALID"
time="2026-08-11T19:18:19+08:00" level=info msg="[UE][NAS] Send authentication response"
time="2026-08-11T19:18:19+08:00" level=info msg="[UE] Switched from state 1 to state 2"
time="2026-08-11T19:18:20+08:00" level=info msg="[GNB][SCTP] Receive message in 0 stream\n"
time="2026-08-11T19:18:20+08:00" level=info msg="[GNB][NGAP] Receive Downlink NAS Transport"
time="2026-08-11T19:18:20+08:00" level=info msg="[UE][NAS] Message without security header"
time="2026-08-11T19:18:20+08:00" level=info msg="[UE][NAS] Receive Authentication Request"
time="2026-08-11T19:18:20+08:00" level=info msg="[UE][NAS][MAC] Authenticity of the authentication request message: OK"
time="2026-08-11T19:18:20+08:00" level=info msg="[UE][NAS][SQN] SQN of the authentication request message: VALID"
time="2026-08-11T19:18:20+08:00" level=info msg="[UE][NAS] Send authentication response"
time="2026-08-11T19:18:20+08:00" level=info msg="[UE] Switched from state 1 to state 2"
time="2026-08-11T19:18:20+08:00" level=info msg="[GNB][SCTP] Receive message in 0 stream\n"
time="2026-08-11T19:18:20+08:00" level=info msg="[GNB][NGAP] Receive Downlink NAS Transport"
time="2026-08-11T19:18:20+08:00" level=info msg="[UE][NAS] Message without security header"
time="2026-08-11T19:18:20+08:00" level=info msg="[UE][NAS] Receive Authentication Request"
time="2026-08-11T19:18:20+08:00" level=info msg="[UE][NAS][MAC] Authenticity of the authentication request message: OK"
time="2026-08-11T19:18:20+08:00" level=info msg="[UE][NAS][SQN] SQN of the authentication request message: VALID"
time="2026-08-11T19:18:20+08:00" level=info msg="[UE][NAS] Send authentication response"
time="2026-08-11T19:18:20+08:00" level=info msg="[UE] Switched from state 1 to state 2"
time="2026-08-11T19:18:20+08:00" level=info msg="[GNB][SCTP] Receive message in 0 stream\n"
time="2026-08-11T19:18:20+08:00" level=info msg="[GNB][NGAP] Receive Downlink NAS Transport"
time="2026-08-11T19:18:20+08:00" level=info msg="[UE][NAS] Message without security header"
time="2026-08-11T19:18:20+08:00" level=info msg="[UE][NAS] Receive Authentication Request"
time="2026-08-11T19:18:20+08:00" level=info msg="[UE][NAS][MAC] Authenticity of the authentication request message: OK"
time="2026-08-11T19:18:20+08:00" level=info msg="[UE][NAS][SQN] SQN of the authentication request message: VALID"
time="2026-08-11T19:18:20+08:00" level=info msg="[UE][NAS] Send authentication response"
time="2026-08-11T19:18:20+08:00" level=info msg="[UE] Switched from state 1 to state 2"
time="2026-08-11T19:18:20+08:00" level=info msg="[GNB][SCTP] Receive message in 0 stream\n"
time="2026-08-11T19:18:20+08:00" level=info msg="[GNB][SCTP] Receive message in 0 stream\n"
time="2026-08-11T19:18:20+08:00" level=info msg="[GNB][NGAP] Receive Downlink NAS Transport"
time="2026-08-11T19:18:20+08:00" level=info msg="[UE][NAS] Message without security header"
time="2026-08-11T19:18:20+08:00" level=info msg="[UE][NAS] Receive Authentication Request"
time="2026-08-11T19:18:20+08:00" level=info msg="[UE][NAS][MAC] Authenticity of the authentication request message: OK"
time="2026-08-11T19:18:20+08:00" level=info msg="[UE][NAS][SQN] SQN of the authentication request message: VALID"
time="2026-08-11T19:18:20+08:00" level=info msg="[UE][NAS] Send authentication response"
time="2026-08-11T19:18:20+08:00" level=info msg="[GNB][NGAP] Receive Downlink NAS Transport"
time="2026-08-11T19:18:20+08:00" level=info msg="[UE][NAS] Message with security header"
time="2026-08-11T19:18:20+08:00" level=info msg="[UE][NAS] Message with integrity and with NEW 5G NAS SECURITY CONTEXT"
time="2026-08-11T19:18:20+08:00" level=info msg="[UE][NAS] successful NAS MAC verification"
time="2026-08-11T19:18:20+08:00" level=info msg="[UE][NAS] Receive Security Mode Command"
time="2026-08-11T19:18:20+08:00" level=info msg="[UE][NAS] Type of ciphering algorithm is 5G-EA0"
time="2026-08-11T19:18:20+08:00" level=info msg="[UE][NAS] Type of integrity protection algorithm is 128-5G-IA2"
time="2026-08-11T19:18:20+08:00" level=info msg="[UE] Switched from state 1 to state 2"
time="2026-08-11T19:18:20+08:00" level=info msg="[GNB][SCTP] Receive message in 0 stream\n"
time="2026-08-11T19:18:20+08:00" level=info msg="[GNB][NGAP] Receive Downlink NAS Transport"
time="2026-08-11T19:18:20+08:00" level=info msg="[UE][NAS] Message with security header"
time="2026-08-11T19:18:20+08:00" level=info msg="[UE][NAS] Message with integrity and ciphered"
time="2026-08-11T19:18:20+08:00" level=info msg="[UE][NAS] successful NAS CIPHERING"
time="2026-08-11T19:18:20+08:00" level=info msg="[UE][NAS] successful NAS MAC verification"
time="2026-08-11T19:18:20+08:00" level=info msg="[UE][NAS] Receive Configuration Update Command"
time="2026-08-11T19:18:20+08:00" level=info msg="[UE] Initiating Configuration Update Complete"
time="2026-08-11T19:18:20+08:00" level=info msg="[GNB][SCTP] Receive message in 0 stream\n"
time="2026-08-11T19:18:20+08:00" level=info msg="[GNB][NGAP] Receive Downlink NAS Transport"
time="2026-08-11T19:18:20+08:00" level=info msg="[UE][NAS] Message without security header"
time="2026-08-11T19:18:20+08:00" level=info msg="[GNB][SCTP] Receive message in 0 stream\n"
time="2026-08-11T19:18:20+08:00" level=info msg="[UE][NAS] Receive Authentication Request"
time="2026-08-11T19:18:20+08:00" level=info msg="[GNB][NGAP] Receive Downlink NAS Transport"
time="2026-08-11T19:18:20+08:00" level=info msg="[UE][NAS] Message with security header"
time="2026-08-11T19:18:20+08:00" level=info msg="[UE][NAS] Message with integrity and with NEW 5G NAS SECURITY CONTEXT"
time="2026-08-11T19:18:20+08:00" level=info msg="[UE][NAS][MAC] Authenticity of the authentication request message: OK"
time="2026-08-11T19:18:20+08:00" level=info msg="[UE][NAS] successful NAS MAC verification"
time="2026-08-11T19:18:20+08:00" level=info msg="[UE][NAS] Receive Security Mode Command"
time="2026-08-11T19:18:20+08:00" level=info msg="[UE][NAS] Type of ciphering algorithm is 5G-EA0"
time="2026-08-11T19:18:20+08:00" level=info msg="[UE][NAS] Type of integrity protection algorithm is 128-5G-IA2"
time="2026-08-11T19:18:20+08:00" level=info msg="[UE][NAS][SQN] SQN of the authentication request message: VALID"
time="2026-08-11T19:18:20+08:00" level=info msg="[UE][NAS] Send authentication response"
time="2026-08-11T19:18:20+08:00" level=info msg="[UE] Switched from state 1 to state 2"
time="2026-08-11T19:18:20+08:00" level=info msg="[GNB][SCTP] Receive message in 0 stream\n"
time="2026-08-11T19:18:20+08:00" level=info msg="[GNB][NGAP] Receive Downlink NAS Transport"
time="2026-08-11T19:18:20+08:00" level=info msg="[UE][NAS] Message with security header"
time="2026-08-11T19:18:20+08:00" level=info msg="[UE][NAS] Message with integrity and with NEW 5G NAS SECURITY CONTEXT"
time="2026-08-11T19:18:20+08:00" level=info msg="[UE][NAS] successful NAS MAC verification"
time="2026-08-11T19:18:20+08:00" level=info msg="[UE][NAS] Receive Security Mode Command"
time="2026-08-11T19:18:20+08:00" level=info msg="[UE][NAS] Type of ciphering algorithm is 5G-EA0"
time="2026-08-11T19:18:20+08:00" level=info msg="[UE][NAS] Type of integrity protection algorithm is 128-5G-IA2"
time="2026-08-11T19:18:20+08:00" level=info msg="[GNB][SCTP] Receive message in 0 stream\n"
time="2026-08-11T19:18:20+08:00" level=info msg="[GNB][SCTP] Receive message in 0 stream\n"
time="2026-08-11T19:18:20+08:00" level=info msg="[GNB][NGAP] Receive Downlink NAS Transport"
time="2026-08-11T19:18:20+08:00" level=info msg="[UE][NAS] Message without security header"
time="2026-08-11T19:18:20+08:00" level=info msg="[UE][NAS] Receive Authentication Request"
time="2026-08-11T19:18:20+08:00" level=info msg="[GNB][NGAP] Receive Downlink NAS Transport"
time="2026-08-11T19:18:20+08:00" level=info msg="[UE][NAS] Message with security header"
time="2026-08-11T19:18:20+08:00" level=info msg="[UE][NAS] Message with integrity and ciphered"
time="2026-08-11T19:18:20+08:00" level=info msg="[UE][NAS] successful NAS CIPHERING"
time="2026-08-11T19:18:20+08:00" level=info msg="[UE][NAS] successful NAS MAC verification"
time="2026-08-11T19:18:20+08:00" level=info msg="[UE][NAS] Receive Configuration Update Command"
time="2026-08-11T19:18:20+08:00" level=info msg="[UE] Initiating Configuration Update Complete"
time="2026-08-11T19:18:20+08:00" level=info msg="[UE][NAS][MAC] Authenticity of the authentication request message: OK"
time="2026-08-11T19:18:20+08:00" level=info msg="[UE][NAS][SQN] SQN of the authentication request message: VALID"
time="2026-08-11T19:18:20+08:00" level=info msg="[UE][NAS] Send authentication response"
time="2026-08-11T19:18:20+08:00" level=info msg="[UE] Switched from state 1 to state 2"
time="2026-08-11T19:18:20+08:00" level=info msg="[GNB][SCTP] Receive message in 0 stream\n"
time="2026-08-11T19:18:20+08:00" level=info msg="[GNB][NGAP] Receive Downlink NAS Transport"
time="2026-08-11T19:18:20+08:00" level=info msg="[UE][NAS] Message without security header"
time="2026-08-11T19:18:20+08:00" level=info msg="[UE][NAS] Receive Authentication Request"
time="2026-08-11T19:18:20+08:00" level=info msg="[UE][NAS][MAC] Authenticity of the authentication request message: OK"
time="2026-08-11T19:18:20+08:00" level=info msg="[UE][NAS][SQN] SQN of the authentication request message: VALID"
time="2026-08-11T19:18:20+08:00" level=info msg="[UE][NAS] Send authentication response"
time="2026-08-11T19:18:20+08:00" level=info msg="[UE] Switched from state 1 to state 2"
time="2026-08-11T19:18:20+08:00" level=info msg="[GNB][SCTP] Receive message in 0 stream\n"
time="2026-08-11T19:18:20+08:00" level=info msg="[GNB][NGAP] Receive Downlink NAS Transport"
time="2026-08-11T19:18:20+08:00" level=info msg="[UE][NAS] Message with security header"
time="2026-08-11T19:18:20+08:00" level=info msg="[UE][NAS] Message with integrity and ciphered"
time="2026-08-11T19:18:20+08:00" level=info msg="[UE][NAS] successful NAS CIPHERING"
time="2026-08-11T19:18:20+08:00" level=info msg="[UE][NAS] successful NAS MAC verification"
time="2026-08-11T19:18:20+08:00" level=info msg="[UE][NAS] Receive Configuration Update Command"
time="2026-08-11T19:18:20+08:00" level=info msg="[UE] Initiating Configuration Update Complete"
time="2026-08-11T19:18:20+08:00" level=info msg="[GNB][SCTP] Receive message in 0 stream\n"
time="2026-08-11T19:18:20+08:00" level=info msg="[GNB][NGAP] Receive Initial Context Setup Request"
time="2026-08-11T19:18:20+08:00" level=info msg="[GNB][UE] UE Context was created with successful"
time="2026-08-11T19:18:20+08:00" level=info msg="[GNB][UE] UE RAN ID 21"
time="2026-08-11T19:18:20+08:00" level=info msg="[GNB][UE] UE AMF ID 248"
time="2026-08-11T19:18:20+08:00" level=info msg="[GNB][UE] UE Mobility Restrict --Plmn-- Mcc: 208 Mnc: 93"
time="2026-08-11T19:18:20+08:00" level=info msg="[GNB][UE] UE Masked Imeisv: 1110000000ffff00"
time="2026-08-11T19:18:20+08:00" level=info msg="[GNB][UE] Allowed Nssai-- Sst: [01 01] Sd: [010203 112233]"
time="2026-08-11T19:18:20+08:00" level=info msg="[GNB][NGAP][AMF] Send Initial Context Setup Response."
time="2026-08-11T19:18:20+08:00" level=info msg="[GNB] Initiating Initial Context Setup Response"
time="2026-08-11T19:18:20+08:00" level=info msg="[GNB][NGAP] No PDU Session to set up in InitialContextSetupResponse."
time="2026-08-11T19:18:20+08:00" level=info msg="[UE][NAS] Message with security header"
time="2026-08-11T19:18:20+08:00" level=info msg="[UE][NAS] Message with integrity and ciphered"
time="2026-08-11T19:18:20+08:00" level=info msg="[UE][NAS] successful NAS CIPHERING"
time="2026-08-11T19:18:20+08:00" level=info msg="[UE][NAS] successful NAS MAC verification"
time="2026-08-11T19:18:20+08:00" level=info msg="[UE][NAS] Receive Registration Accept"
time="2026-08-11T19:18:20+08:00" level=info msg="[UE][NAS] UE 5G GUTI: &{119 11 [242 2 248 57 202 254 0 0 0 0 244]}"
time="2026-08-11T19:18:20+08:00" level=info msg="[UE] Switched from state 2 to state 3"
time="2026-08-11T19:18:20+08:00" level=info msg="[GNB][SCTP] Receive message in 0 stream\n"
time="2026-08-11T19:18:20+08:00" level=info msg="[GNB][SCTP] Receive message in 0 stream\n"
time="2026-08-11T19:18:20+08:00" level=info msg="[GNB][NGAP] Receive Downlink NAS Transport"
time="2026-08-11T19:18:20+08:00" level=info msg="[UE][NAS] Message with security header"
time="2026-08-11T19:18:20+08:00" level=info msg="[UE][NAS] Message with integrity and with NEW 5G NAS SECURITY CONTEXT"
time="2026-08-11T19:18:20+08:00" level=info msg="[UE][NAS] successful NAS MAC verification"
time="2026-08-11T19:18:20+08:00" level=info msg="[UE][NAS] Receive Security Mode Command"
time="2026-08-11T19:18:20+08:00" level=info msg="[UE][NAS] Type of ciphering algorithm is 5G-EA0"
time="2026-08-11T19:18:20+08:00" level=info msg="[UE][NAS] Type of integrity protection algorithm is 128-5G-IA2"
time="2026-08-11T19:18:20+08:00" level=info msg="[GNB][SCTP] Receive message in 0 stream\n"
time="2026-08-11T19:18:20+08:00" level=info msg="[GNB][NGAP] Receive Downlink NAS Transport"
time="2026-08-11T19:18:20+08:00" level=info msg="[UE][NAS] Message without security header"
time="2026-08-11T19:18:20+08:00" level=info msg="[UE][NAS] Receive Authentication Request"
time="2026-08-11T19:18:20+08:00" level=info msg="[UE][NAS][MAC] Authenticity of the authentication request message: OK"
time="2026-08-11T19:18:20+08:00" level=info msg="[UE][NAS][SQN] SQN of the authentication request message: VALID"
time="2026-08-11T19:18:20+08:00" level=info msg="[UE][NAS] Send authentication response"
time="2026-08-11T19:18:20+08:00" level=info msg="[UE] Switched from state 1 to state 2"
time="2026-08-11T19:18:20+08:00" level=info msg="[GNB][SCTP] Receive message in 0 stream\n"
time="2026-08-11T19:18:20+08:00" level=info msg="[GNB][NGAP] Receive Downlink NAS Transport"
time="2026-08-11T19:18:20+08:00" level=info msg="[UE][NAS] Message without security header"
time="2026-08-11T19:18:20+08:00" level=info msg="[UE][NAS] Receive Authentication Request"
time="2026-08-11T19:18:20+08:00" level=info msg="[UE][NAS][MAC] Authenticity of the authentication request message: OK"
time="2026-08-11T19:18:20+08:00" level=info msg="[UE][NAS][SQN] SQN of the authentication request message: VALID"
time="2026-08-11T19:18:20+08:00" level=info msg="[UE][NAS] Send authentication response"
time="2026-08-11T19:18:20+08:00" level=info msg="[GNB][NGAP] Receive Downlink NAS Transport"
time="2026-08-11T19:18:20+08:00" level=info msg="[UE][NAS] Message without security header"
time="2026-08-11T19:18:20+08:00" level=info msg="[UE][NAS] Receive Authentication Request"
time="2026-08-11T19:18:20+08:00" level=info msg="[UE][NAS][MAC] Authenticity of the authentication request message: OK"
time="2026-08-11T19:18:20+08:00" level=info msg="[UE] Switched from state 1 to state 2"
time="2026-08-11T19:18:20+08:00" level=info msg="[UE][NAS][SQN] SQN of the authentication request message: VALID"
time="2026-08-11T19:18:20+08:00" level=info msg="[UE][NAS] Send authentication response"
time="2026-08-11T19:18:20+08:00" level=info msg="[UE] Switched from state 1 to state 2"
time="2026-08-11T19:18:20+08:00" level=info msg="[GNB][SCTP] Receive message in 0 stream\n"
time="2026-08-11T19:18:20+08:00" level=info msg="[GNB][NGAP] Receive Downlink NAS Transport"
time="2026-08-11T19:18:20+08:00" level=info msg="[UE][NAS] Message with security header"
time="2026-08-11T19:18:20+08:00" level=info msg="[UE][NAS] Message with integrity and with NEW 5G NAS SECURITY CONTEXT"
time="2026-08-11T19:18:20+08:00" level=info msg="[UE][NAS] successful NAS MAC verification"
time="2026-08-11T19:18:20+08:00" level=info msg="[UE][NAS] Receive Security Mode Command"
time="2026-08-11T19:18:20+08:00" level=info msg="[UE][NAS] Type of ciphering algorithm is 5G-EA0"
time="2026-08-11T19:18:20+08:00" level=info msg="[UE][NAS] Type of integrity protection algorithm is 128-5G-IA2"
time="2026-08-11T19:18:20+08:00" level=info msg="[GNB][SCTP] Receive message in 0 stream\n"
time="2026-08-11T19:18:20+08:00" level=info msg="[GNB][SCTP] Receive message in 0 stream\n"
time="2026-08-11T19:18:20+08:00" level=info msg="[GNB][NGAP] Receive Downlink NAS Transport"
time="2026-08-11T19:18:20+08:00" level=info msg="[UE][NAS] Message without security header"
time="2026-08-11T19:18:20+08:00" level=info msg="[UE][NAS] Receive Authentication Request"
time="2026-08-11T19:18:20+08:00" level=info msg="[UE][NAS][MAC] Authenticity of the authentication request message: OK"
time="2026-08-11T19:18:20+08:00" level=info msg="[UE][NAS][SQN] SQN of the authentication request message: VALID"
time="2026-08-11T19:18:20+08:00" level=info msg="[UE][NAS] Send authentication response"
time="2026-08-11T19:18:20+08:00" level=info msg="[UE] Switched from state 1 to state 2"
time="2026-08-11T19:18:20+08:00" level=info msg="[GNB][NGAP] Receive Downlink NAS Transport"
time="2026-08-11T19:18:20+08:00" level=info msg="[UE][NAS] Message without security header"
time="2026-08-11T19:18:20+08:00" level=info msg="[UE][NAS] Receive Authentication Request"
time="2026-08-11T19:18:20+08:00" level=info msg="[UE][NAS][MAC] Authenticity of the authentication request message: OK"
time="2026-08-11T19:18:20+08:00" level=info msg="[UE][NAS][SQN] SQN of the authentication request message: VALID"
time="2026-08-11T19:18:20+08:00" level=info msg="[UE][NAS] Send authentication response"
time="2026-08-11T19:18:20+08:00" level=info msg="[UE] Switched from state 1 to state 2"
time="2026-08-11T19:18:20+08:00" level=info msg="[GNB][SCTP] Receive message in 0 stream\n"
time="2026-08-11T19:18:20+08:00" level=info msg="[GNB][NGAP] Receive Downlink NAS Transport"
time="2026-08-11T19:18:20+08:00" level=info msg="[UE][NAS] Message without security header"
time="2026-08-11T19:18:20+08:00" level=info msg="[UE][NAS] Receive Authentication Request"
time="2026-08-11T19:18:20+08:00" level=info msg="[UE][NAS][MAC] Authenticity of the authentication request message: OK"
time="2026-08-11T19:18:20+08:00" level=info msg="[UE][NAS][SQN] SQN of the authentication request message: VALID"
time="2026-08-11T19:18:20+08:00" level=info msg="[UE][NAS] Send authentication response"
time="2026-08-11T19:18:20+08:00" level=info msg="[UE] Switched from state 1 to state 2"
time="2026-08-11T19:18:20+08:00" level=info msg="[GNB][SCTP] Receive message in 0 stream\n"
time="2026-08-11T19:18:20+08:00" level=info msg="[GNB][NGAP] Receive Downlink NAS Transport"
time="2026-08-11T19:18:20+08:00" level=info msg="[UE][NAS] Message without security header"
time="2026-08-11T19:18:20+08:00" level=info msg="[UE][NAS] Receive Authentication Request"
time="2026-08-11T19:18:20+08:00" level=info msg="[UE][NAS][MAC] Authenticity of the authentication request message: OK"
time="2026-08-11T19:18:20+08:00" level=info msg="[UE][NAS][SQN] SQN of the authentication request message: VALID"
time="2026-08-11T19:18:20+08:00" level=info msg="[UE][NAS] Send authentication response"
time="2026-08-11T19:18:20+08:00" level=info msg="[UE] Switched from state 1 to state 2"
time="2026-08-11T19:18:20+08:00" level=info msg="[GNB][SCTP] Receive message in 0 stream\n"
time="2026-08-11T19:18:20+08:00" level=info msg="[GNB][NGAP] Receive Downlink NAS Transport"
time="2026-08-11T19:18:20+08:00" level=info msg="[UE][NAS] Message with security header"
time="2026-08-11T19:18:20+08:00" level=info msg="[UE][NAS] Message with integrity and with NEW 5G NAS SECURITY CONTEXT"
time="2026-08-11T19:18:20+08:00" level=info msg="[UE][NAS] successful NAS MAC verification"
time="2026-08-11T19:18:20+08:00" level=info msg="[UE][NAS] Receive Security Mode Command"
time="2026-08-11T19:18:20+08:00" level=info msg="[UE][NAS] Type of ciphering algorithm is 5G-EA0"
time="2026-08-11T19:18:20+08:00" level=info msg="[UE][NAS] Type of integrity protection algorithm is 128-5G-IA2"
time="2026-08-11T19:18:20+08:00" level=info msg="[GNB][SCTP] Receive message in 0 stream\n"
time="2026-08-11T19:18:20+08:00" level=info msg="[GNB][NGAP] Receive Downlink NAS Transport"
time="2026-08-11T19:18:20+08:00" level=info msg="[UE][NAS] Message with security header"
time="2026-08-11T19:18:20+08:00" level=info msg="[UE][NAS] Message with integrity and with NEW 5G NAS SECURITY CONTEXT"
time="2026-08-11T19:18:20+08:00" level=info msg="[UE][NAS] successful NAS MAC verification"
time="2026-08-11T19:18:20+08:00" level=info msg="[UE][NAS] Receive Security Mode Command"
time="2026-08-11T19:18:20+08:00" level=info msg="[UE][NAS] Type of ciphering algorithm is 5G-EA0"
time="2026-08-11T19:18:20+08:00" level=info msg="[UE][NAS] Type of integrity protection algorithm is 128-5G-IA2"
time="2026-08-11T19:18:20+08:00" level=info msg="[GNB][SCTP] Receive message in 0 stream\n"
time="2026-08-11T19:18:20+08:00" level=info msg="[GNB][NGAP] Receive Downlink NAS Transport"
time="2026-08-11T19:18:20+08:00" level=info msg="[UE][NAS] Message with security header"
time="2026-08-11T19:18:20+08:00" level=info msg="[UE][NAS] Message with integrity and with NEW 5G NAS SECURITY CONTEXT"
time="2026-08-11T19:18:20+08:00" level=info msg="[UE][NAS] successful NAS MAC verification"
time="2026-08-11T19:18:20+08:00" level=info msg="[UE][NAS] Receive Security Mode Command"
time="2026-08-11T19:18:20+08:00" level=info msg="[UE][NAS] Type of ciphering algorithm is 5G-EA0"
time="2026-08-11T19:18:20+08:00" level=info msg="[UE][NAS] Type of integrity protection algorithm is 128-5G-IA2"
time="2026-08-11T19:18:20+08:00" level=info msg="[GNB][SCTP] Receive message in 0 stream\n"
time="2026-08-11T19:18:20+08:00" level=info msg="[GNB][NGAP] Receive Initial Context Setup Request"
time="2026-08-11T19:18:20+08:00" level=info msg="[GNB][UE] UE Context was created with successful"
time="2026-08-11T19:18:20+08:00" level=info msg="[GNB][UE] UE RAN ID 18"
time="2026-08-11T19:18:20+08:00" level=info msg="[GNB][UE] UE AMF ID 247"
time="2026-08-11T19:18:20+08:00" level=info msg="[GNB][UE] UE Mobility Restrict --Plmn-- Mcc: 208 Mnc: 93"
time="2026-08-11T19:18:20+08:00" level=info msg="[GNB][UE] UE Masked Imeisv: 1110000000ffff00"
time="2026-08-11T19:18:20+08:00" level=info msg="[GNB][UE] Allowed Nssai-- Sst: [01 01] Sd: [010203 112233]"
time="2026-08-11T19:18:20+08:00" level=info msg="[GNB][NGAP][AMF] Send Initial Context Setup Response."
time="2026-08-11T19:18:20+08:00" level=info msg="[GNB] Initiating Initial Context Setup Response"
time="2026-08-11T19:18:20+08:00" level=info msg="[GNB][NGAP] No PDU Session to set up in InitialContextSetupResponse."
time="2026-08-11T19:18:20+08:00" level=info msg="[UE][NAS] Message with security header"
time="2026-08-11T19:18:20+08:00" level=info msg="[UE][NAS] Message with integrity and ciphered"
time="2026-08-11T19:18:20+08:00" level=info msg="[UE][NAS] successful NAS CIPHERING"
time="2026-08-11T19:18:20+08:00" level=info msg="[UE][NAS] successful NAS MAC verification"
time="2026-08-11T19:18:20+08:00" level=info msg="[UE][NAS] Receive Registration Accept"
time="2026-08-11T19:18:20+08:00" level=info msg="[UE][NAS] UE 5G GUTI: &{119 11 [242 2 248 57 202 254 0 0 0 0 243]}"
time="2026-08-11T19:18:20+08:00" level=info msg="[UE] Switched from state 2 to state 3"
time="2026-08-11T19:18:20+08:00" level=info msg="[GNB][SCTP] Receive message in 0 stream\n"
time="2026-08-11T19:18:20+08:00" level=info msg="[GNB][SCTP] Receive message in 0 stream\n"
time="2026-08-11T19:18:20+08:00" level=info msg="[GNB][NGAP] Receive Initial Context Setup Request"
time="2026-08-11T19:18:20+08:00" level=info msg="[GNB][UE] UE Context was created with successful"
time="2026-08-11T19:18:20+08:00" level=info msg="[GNB][UE] UE RAN ID 20"
time="2026-08-11T19:18:20+08:00" level=info msg="[GNB][UE] UE AMF ID 249"
time="2026-08-11T19:18:20+08:00" level=info msg="[GNB][UE] UE Mobility Restrict --Plmn-- Mcc: 208 Mnc: 93"
time="2026-08-11T19:18:20+08:00" level=info msg="[GNB][UE] UE Masked Imeisv: 1110000000ffff00"
time="2026-08-11T19:18:20+08:00" level=info msg="[GNB][UE] Allowed Nssai-- Sst: [01 01] Sd: [010203 112233]"
time="2026-08-11T19:18:20+08:00" level=info msg="[GNB][NGAP][AMF] Send Initial Context Setup Response."
time="2026-08-11T19:18:20+08:00" level=info msg="[GNB] Initiating Initial Context Setup Response"
time="2026-08-11T19:18:20+08:00" level=info msg="[GNB][NGAP] No PDU Session to set up in InitialContextSetupResponse."
time="2026-08-11T19:18:20+08:00" level=info msg="[GNB][NGAP] Receive Downlink NAS Transport"
time="2026-08-11T19:18:20+08:00" level=info msg="[UE][NAS] Message without security header"
time="2026-08-11T19:18:20+08:00" level=info msg="[UE][NAS] Receive Authentication Request"
time="2026-08-11T19:18:20+08:00" level=info msg="[UE][NAS][MAC] Authenticity of the authentication request message: OK"
time="2026-08-11T19:18:20+08:00" level=info msg="[UE][NAS][SQN] SQN of the authentication request message: VALID"
time="2026-08-11T19:18:20+08:00" level=info msg="[UE][NAS] Send authentication response"
time="2026-08-11T19:18:20+08:00" level=info msg="[UE] Switched from state 1 to state 2"
time="2026-08-11T19:18:20+08:00" level=info msg="[UE][NAS] Message with security header"
time="2026-08-11T19:18:20+08:00" level=info msg="[UE][NAS] Message with integrity and ciphered"
time="2026-08-11T19:18:20+08:00" level=info msg="[UE][NAS] successful NAS CIPHERING"
time="2026-08-11T19:18:20+08:00" level=info msg="[UE][NAS] successful NAS MAC verification"
time="2026-08-11T19:18:20+08:00" level=info msg="[UE][NAS] Receive Registration Accept"
time="2026-08-11T19:18:20+08:00" level=info msg="[UE][NAS] UE 5G GUTI: &{119 11 [242 2 248 57 202 254 0 0 0 0 245]}"
time="2026-08-11T19:18:20+08:00" level=info msg="[UE] Switched from state 2 to state 3"
time="2026-08-11T19:18:20+08:00" level=info msg="[GNB][SCTP] Receive message in 0 stream\n"
time="2026-08-11T19:18:20+08:00" level=info msg="[GNB][NGAP] Receive Downlink NAS Transport"
time="2026-08-11T19:18:20+08:00" level=info msg="[UE][NAS] Message without security header"
time="2026-08-11T19:18:20+08:00" level=info msg="[UE][NAS] Receive Authentication Request"
time="2026-08-11T19:18:20+08:00" level=info msg="[UE][NAS][MAC] Authenticity of the authentication request message: OK"
time="2026-08-11T19:18:20+08:00" level=info msg="[UE][NAS][SQN] SQN of the authentication request message: VALID"
time="2026-08-11T19:18:20+08:00" level=info msg="[UE][NAS] Send authentication response"
time="2026-08-11T19:18:20+08:00" level=info msg="[UE] Switched from state 1 to state 2"
time="2026-08-11T19:18:20+08:00" level=info msg="[GNB][SCTP] Receive message in 0 stream\n"
time="2026-08-11T19:18:20+08:00" level=info msg="[GNB][SCTP] Receive message in 0 stream\n"
time="2026-08-11T19:18:20+08:00" level=info msg="[GNB][NGAP] Receive Downlink NAS Transport"
time="2026-08-11T19:18:20+08:00" level=info msg="[UE][NAS] Message without security header"
time="2026-08-11T19:18:20+08:00" level=info msg="[GNB][NGAP] Receive Downlink NAS Transport"
time="2026-08-11T19:18:20+08:00" level=info msg="[UE][NAS] Message without security header"
time="2026-08-11T19:18:20+08:00" level=info msg="[UE][NAS] Receive Authentication Request"
time="2026-08-11T19:18:20+08:00" level=info msg="[UE][NAS] Receive Authentication Request"
time="2026-08-11T19:18:20+08:00" level=info msg="[UE][NAS][MAC] Authenticity of the authentication request message: OK"
time="2026-08-11T19:18:20+08:00" level=info msg="[UE][NAS][SQN] SQN of the authentication request message: VALID"
time="2026-08-11T19:18:20+08:00" level=info msg="[UE][NAS] Send authentication response"
time="2026-08-11T19:18:20+08:00" level=info msg="[UE][NAS][MAC] Authenticity of the authentication request message: OK"
time="2026-08-11T19:18:20+08:00" level=info msg="[UE][NAS][SQN] SQN of the authentication request message: VALID"
time="2026-08-11T19:18:20+08:00" level=info msg="[UE][NAS] Send authentication response"
time="2026-08-11T19:18:20+08:00" level=info msg="[UE] Switched from state 1 to state 2"
time="2026-08-11T19:18:20+08:00" level=info msg="[UE] Switched from state 1 to state 2"
time="2026-08-11T19:18:21+08:00" level=info msg="[GNB][SCTP] Receive message in 0 stream\n"
time="2026-08-11T19:18:21+08:00" level=info msg="[GNB][SCTP] Receive message in 0 stream\n"
time="2026-08-11T19:18:21+08:00" level=info msg="[GNB][NGAP] Receive Downlink NAS Transport"
time="2026-08-11T19:18:21+08:00" level=info msg="[UE][NAS] Message without security header"
time="2026-08-11T19:18:21+08:00" level=info msg="[UE][NAS] Receive Authentication Request"
time="2026-08-11T19:18:21+08:00" level=info msg="[UE][NAS][MAC] Authenticity of the authentication request message: OK"
time="2026-08-11T19:18:21+08:00" level=info msg="[UE][NAS][SQN] SQN of the authentication request message: VALID"
time="2026-08-11T19:18:21+08:00" level=info msg="[UE][NAS] Send authentication response"
time="2026-08-11T19:18:21+08:00" level=info msg="[GNB][NGAP] Receive Downlink NAS Transport"
time="2026-08-11T19:18:21+08:00" level=info msg="[UE][NAS] Message without security header"
time="2026-08-11T19:18:21+08:00" level=info msg="[UE][NAS] Receive Authentication Request"
time="2026-08-11T19:18:21+08:00" level=info msg="[UE][NAS][MAC] Authenticity of the authentication request message: OK"
time="2026-08-11T19:18:21+08:00" level=info msg="[UE][NAS][SQN] SQN of the authentication request message: VALID"
time="2026-08-11T19:18:21+08:00" level=info msg="[UE][NAS] Send authentication response"
time="2026-08-11T19:18:21+08:00" level=info msg="[UE] Switched from state 1 to state 2"
time="2026-08-11T19:18:21+08:00" level=info msg="[UE] Switched from state 1 to state 2"
time="2026-08-11T19:18:21+08:00" level=info msg="[GNB][SCTP] Receive message in 0 stream\n"
time="2026-08-11T19:18:21+08:00" level=info msg="[GNB][SCTP] Receive message in 0 stream\n"
time="2026-08-11T19:18:21+08:00" level=info msg="[GNB][NGAP] Receive Downlink NAS Transport"
time="2026-08-11T19:18:21+08:00" level=info msg="[GNB][NGAP] Receive Downlink NAS Transport"
time="2026-08-11T19:18:21+08:00" level=info msg="[UE][NAS] Message without security header"
time="2026-08-11T19:18:21+08:00" level=info msg="[UE][NAS] Receive Authentication Request"
time="2026-08-11T19:18:21+08:00" level=info msg="[UE][NAS][MAC] Authenticity of the authentication request message: OK"
time="2026-08-11T19:18:21+08:00" level=info msg="[UE][NAS][SQN] SQN of the authentication request message: VALID"
time="2026-08-11T19:18:21+08:00" level=info msg="[UE][NAS] Send authentication response"
time="2026-08-11T19:18:21+08:00" level=info msg="[UE][NAS] Message with security header"
time="2026-08-11T19:18:21+08:00" level=info msg="[UE][NAS] Message with integrity and ciphered"
time="2026-08-11T19:18:21+08:00" level=info msg="[UE][NAS] successful NAS CIPHERING"
time="2026-08-11T19:18:21+08:00" level=info msg="[UE][NAS] successful NAS MAC verification"
time="2026-08-11T19:18:21+08:00" level=info msg="[UE][NAS] Receive Configuration Update Command"
time="2026-08-11T19:18:21+08:00" level=info msg="[UE] Initiating Configuration Update Complete"
time="2026-08-11T19:18:21+08:00" level=info msg="[UE] Switched from state 1 to state 2"
time="2026-08-11T19:18:21+08:00" level=info msg="[GNB][SCTP] Receive message in 0 stream\n"
time="2026-08-11T19:18:21+08:00" level=info msg="[GNB][NGAP] Receive Downlink NAS Transport"
time="2026-08-11T19:18:21+08:00" level=info msg="[UE][NAS] Message without security header"
time="2026-08-11T19:18:21+08:00" level=info msg="[UE][NAS] Receive Authentication Request"
time="2026-08-11T19:18:21+08:00" level=info msg="[UE][NAS][MAC] Authenticity of the authentication request message: OK"
time="2026-08-11T19:18:21+08:00" level=info msg="[UE][NAS][SQN] SQN of the authentication request message: VALID"
time="2026-08-11T19:18:21+08:00" level=info msg="[UE][NAS] Send authentication response"
time="2026-08-11T19:18:21+08:00" level=info msg="[UE] Switched from state 1 to state 2"
time="2026-08-11T19:18:21+08:00" level=info msg="[GNB][SCTP] Receive message in 0 stream\n"
time="2026-08-11T19:18:21+08:00" level=info msg="[GNB][NGAP] Receive Downlink NAS Transport"
time="2026-08-11T19:18:21+08:00" level=info msg="[UE][NAS] Message without security header"
time="2026-08-11T19:18:21+08:00" level=info msg="[UE][NAS] Receive Authentication Request"
time="2026-08-11T19:18:21+08:00" level=info msg="[UE][NAS][MAC] Authenticity of the authentication request message: OK"
time="2026-08-11T19:18:21+08:00" level=info msg="[UE][NAS][SQN] SQN of the authentication request message: VALID"
time="2026-08-11T19:18:21+08:00" level=info msg="[UE][NAS] Send authentication response"
time="2026-08-11T19:18:21+08:00" level=info msg="[UE] Switched from state 1 to state 2"
time="2026-08-11T19:18:21+08:00" level=info msg="[GNB][SCTP] Receive message in 0 stream\n"
time="2026-08-11T19:18:21+08:00" level=info msg="[GNB][NGAP] Receive Initial Context Setup Request"
time="2026-08-11T19:18:21+08:00" level=info msg="[GNB][UE] UE Context was created with successful"
time="2026-08-11T19:18:21+08:00" level=info msg="[GNB][UE] UE RAN ID 14"
time="2026-08-11T19:18:21+08:00" level=info msg="[GNB][UE] UE AMF ID 245"
time="2026-08-11T19:18:21+08:00" level=info msg="[GNB][UE] UE Mobility Restrict --Plmn-- Mcc: 208 Mnc: 93"
time="2026-08-11T19:18:21+08:00" level=info msg="[GNB][UE] UE Masked Imeisv: 1110000000ffff00"
time="2026-08-11T19:18:21+08:00" level=info msg="[GNB][UE] Allowed Nssai-- Sst: [01 01] Sd: [010203 112233]"
time="2026-08-11T19:18:21+08:00" level=info msg="[GNB][NGAP][AMF] Send Initial Context Setup Response."
time="2026-08-11T19:18:21+08:00" level=info msg="[GNB] Initiating Initial Context Setup Response"
time="2026-08-11T19:18:21+08:00" level=info msg="[GNB][NGAP] No PDU Session to set up in InitialContextSetupResponse."
time="2026-08-11T19:18:21+08:00" level=info msg="[UE][NAS] Message with security header"
time="2026-08-11T19:18:21+08:00" level=info msg="[UE][NAS] Message with integrity and ciphered"
time="2026-08-11T19:18:21+08:00" level=info msg="[UE][NAS] successful NAS CIPHERING"
time="2026-08-11T19:18:21+08:00" level=info msg="[UE][NAS] successful NAS MAC verification"
time="2026-08-11T19:18:21+08:00" level=info msg="[UE][NAS] Receive Registration Accept"
time="2026-08-11T19:18:21+08:00" level=info msg="[UE][NAS] UE 5G GUTI: &{119 11 [242 2 248 57 202 254 0 0 0 0 241]}"
time="2026-08-11T19:18:21+08:00" level=info msg="[UE] Switched from state 2 to state 3"
time="2026-08-11T19:18:21+08:00" level=info msg="[GNB][SCTP] Receive message in 0 stream\n"
time="2026-08-11T19:18:21+08:00" level=info msg="[GNB][NGAP] Receive Downlink NAS Transport"
time="2026-08-11T19:18:21+08:00" level=info msg="[UE][NAS] Message without security header"
time="2026-08-11T19:18:21+08:00" level=info msg="[UE][NAS] Receive Authentication Request"
time="2026-08-11T19:18:21+08:00" level=info msg="[UE][NAS][MAC] Authenticity of the authentication request message: OK"
time="2026-08-11T19:18:21+08:00" level=info msg="[UE][NAS][SQN] SQN of the authentication request message: VALID"
time="2026-08-11T19:18:21+08:00" level=info msg="[UE][NAS] Send authentication response"
time="2026-08-11T19:18:21+08:00" level=info msg="[UE] Switched from state 1 to state 2"
time="2026-08-11T19:18:21+08:00" level=info msg="[GNB][SCTP] Receive message in 0 stream\n"
time="2026-08-11T19:18:21+08:00" level=info msg="[GNB][SCTP] Receive message in 0 stream\n"
time="2026-08-11T19:18:21+08:00" level=info msg="[GNB][NGAP] Receive Downlink NAS Transport"
time="2026-08-11T19:18:21+08:00" level=info msg="[UE][NAS] Message with security header"
time="2026-08-11T19:18:21+08:00" level=info msg="[UE][NAS] Message with integrity and with NEW 5G NAS SECURITY CONTEXT"
time="2026-08-11T19:18:21+08:00" level=info msg="[UE][NAS] successful NAS MAC verification"
time="2026-08-11T19:18:21+08:00" level=info msg="[UE][NAS] Receive Security Mode Command"
time="2026-08-11T19:18:21+08:00" level=info msg="[UE][NAS] Type of ciphering algorithm is 5G-EA0"
time="2026-08-11T19:18:21+08:00" level=info msg="[UE][NAS] Type of integrity protection algorithm is 128-5G-IA2"
time="2026-08-11T19:18:21+08:00" level=info msg="[GNB][NGAP] Receive Downlink NAS Transport"
time="2026-08-11T19:18:21+08:00" level=info msg="[UE][NAS] Message without security header"
time="2026-08-11T19:18:21+08:00" level=info msg="[UE][NAS] Receive Authentication Request"
time="2026-08-11T19:18:21+08:00" level=info msg="[UE][NAS][MAC] Authenticity of the authentication request message: OK"
time="2026-08-11T19:18:21+08:00" level=info msg="[UE][NAS][SQN] SQN of the authentication request message: VALID"
time="2026-08-11T19:18:21+08:00" level=info msg="[UE][NAS] Send authentication response"
time="2026-08-11T19:18:21+08:00" level=info msg="[UE] Switched from state 1 to state 2"
time="2026-08-11T19:18:21+08:00" level=info msg="[GNB][SCTP] Receive message in 0 stream\n"
time="2026-08-11T19:18:21+08:00" level=info msg="[GNB][NGAP] Receive Downlink NAS Transport"
time="2026-08-11T19:18:21+08:00" level=info msg="[UE][NAS] Message without security header"
time="2026-08-11T19:18:21+08:00" level=info msg="[UE][NAS] Receive Authentication Request"
time="2026-08-11T19:18:21+08:00" level=info msg="[UE][NAS][MAC] Authenticity of the authentication request message: OK"
time="2026-08-11T19:18:21+08:00" level=info msg="[UE][NAS][SQN] SQN of the authentication request message: VALID"
time="2026-08-11T19:18:21+08:00" level=info msg="[UE][NAS] Send authentication response"
time="2026-08-11T19:18:21+08:00" level=info msg="[UE] Switched from state 1 to state 2"
time="2026-08-11T19:18:21+08:00" level=info msg="[GNB][SCTP] Receive message in 0 stream\n"
time="2026-08-11T19:18:21+08:00" level=info msg="[GNB][NGAP] Receive Downlink NAS Transport"
time="2026-08-11T19:18:21+08:00" level=info msg="[UE][NAS] Message with security header"
time="2026-08-11T19:18:21+08:00" level=info msg="[UE][NAS] Message with integrity and with NEW 5G NAS SECURITY CONTEXT"
time="2026-08-11T19:18:21+08:00" level=info msg="[UE][NAS] successful NAS MAC verification"
time="2026-08-11T19:18:21+08:00" level=info msg="[UE][NAS] Receive Security Mode Command"
time="2026-08-11T19:18:21+08:00" level=info msg="[UE][NAS] Type of ciphering algorithm is 5G-EA0"
time="2026-08-11T19:18:21+08:00" level=info msg="[UE][NAS] Type of integrity protection algorithm is 128-5G-IA2"
time="2026-08-11T19:18:21+08:00" level=info msg="[GNB][SCTP] Receive message in 0 stream\n"
time="2026-08-11T19:18:21+08:00" level=info msg="[GNB][NGAP] Receive Downlink NAS Transport"
time="2026-08-11T19:18:21+08:00" level=info msg="[UE][NAS] Message without security header"
time="2026-08-11T19:18:21+08:00" level=info msg="[UE][NAS] Receive Authentication Request"
time="2026-08-11T19:18:21+08:00" level=info msg="[UE][NAS][MAC] Authenticity of the authentication request message: OK"
time="2026-08-11T19:18:21+08:00" level=info msg="[UE][NAS][SQN] SQN of the authentication request message: VALID"
time="2026-08-11T19:18:21+08:00" level=info msg="[UE][NAS] Send authentication response"
time="2026-08-11T19:18:21+08:00" level=info msg="[UE] Switched from state 1 to state 2"
time="2026-08-11T19:18:21+08:00" level=info msg="[GNB][SCTP] Receive message in 0 stream\n"
time="2026-08-11T19:18:21+08:00" level=info msg="[GNB][NGAP] Receive Initial Context Setup Request"
time="2026-08-11T19:18:21+08:00" level=info msg="[GNB][UE] UE Context was created with successful"
time="2026-08-11T19:18:21+08:00" level=info msg="[GNB][UE] UE RAN ID 32"
time="2026-08-11T19:18:21+08:00" level=info msg="[GNB][UE] UE AMF ID 254"
time="2026-08-11T19:18:21+08:00" level=info msg="[GNB][UE] UE Mobility Restrict --Plmn-- Mcc: 208 Mnc: 93"
time="2026-08-11T19:18:21+08:00" level=info msg="[GNB][UE] UE Masked Imeisv: 1110000000ffff00"
time="2026-08-11T19:18:21+08:00" level=info msg="[GNB][UE] Allowed Nssai-- Sst: [01 01] Sd: [010203 112233]"
time="2026-08-11T19:18:21+08:00" level=info msg="[GNB][NGAP][AMF] Send Initial Context Setup Response."
time="2026-08-11T19:18:21+08:00" level=info msg="[GNB] Initiating Initial Context Setup Response"
time="2026-08-11T19:18:21+08:00" level=info msg="[GNB][NGAP] No PDU Session to set up in InitialContextSetupResponse."
time="2026-08-11T19:18:21+08:00" level=info msg="[UE][NAS] Message with security header"
time="2026-08-11T19:18:21+08:00" level=info msg="[UE][NAS] Message with integrity and ciphered"
time="2026-08-11T19:18:21+08:00" level=info msg="[UE][NAS] successful NAS CIPHERING"
time="2026-08-11T19:18:21+08:00" level=info msg="[UE][NAS] successful NAS MAC verification"
time="2026-08-11T19:18:21+08:00" level=info msg="[UE][NAS] Receive Registration Accept"
time="2026-08-11T19:18:21+08:00" level=info msg="[UE][NAS] UE 5G GUTI: &{119 11 [242 2 248 57 202 254 0 0 0 0 250]}"
time="2026-08-11T19:18:21+08:00" level=info msg="[UE] Switched from state 2 to state 3"
time="2026-08-11T19:18:21+08:00" level=info msg="[GNB][SCTP] Receive message in 0 stream\n"
time="2026-08-11T19:18:21+08:00" level=info msg="[GNB][NGAP] Receive Downlink NAS Transport"
time="2026-08-11T19:18:21+08:00" level=info msg="[UE][NAS] Message without security header"
time="2026-08-11T19:18:21+08:00" level=info msg="[UE][NAS] Receive Authentication Request"
time="2026-08-11T19:18:21+08:00" level=info msg="[UE][NAS][MAC] Authenticity of the authentication request message: OK"
time="2026-08-11T19:18:21+08:00" level=info msg="[GNB][SCTP] Receive message in 0 stream\n"
time="2026-08-11T19:18:21+08:00" level=info msg="[UE][NAS][SQN] SQN of the authentication request message: VALID"
time="2026-08-11T19:18:21+08:00" level=info msg="[UE][NAS] Send authentication response"
time="2026-08-11T19:18:21+08:00" level=info msg="[UE] Switched from state 1 to state 2"
time="2026-08-11T19:18:21+08:00" level=info msg="[GNB][NGAP] Receive Downlink NAS Transport"
time="2026-08-11T19:18:21+08:00" level=info msg="[UE][NAS] Message without security header"
time="2026-08-11T19:18:21+08:00" level=info msg="[UE][NAS] Receive Authentication Request"
time="2026-08-11T19:18:21+08:00" level=info msg="[UE][NAS][MAC] Authenticity of the authentication request message: OK"
time="2026-08-11T19:18:21+08:00" level=info msg="[UE][NAS][SQN] SQN of the authentication request message: VALID"
time="2026-08-11T19:18:21+08:00" level=info msg="[UE][NAS] Send authentication response"
time="2026-08-11T19:18:21+08:00" level=info msg="[UE] Switched from state 1 to state 2"
time="2026-08-11T19:18:21+08:00" level=info msg="[GNB][SCTP] Receive message in 0 stream\n"
time="2026-08-11T19:18:21+08:00" level=info msg="[GNB][NGAP] Receive Downlink NAS Transport"
time="2026-08-11T19:18:21+08:00" level=info msg="[UE][NAS] Message with security header"
time="2026-08-11T19:18:21+08:00" level=info msg="[UE][NAS] Message with integrity and with NEW 5G NAS SECURITY CONTEXT"
time="2026-08-11T19:18:21+08:00" level=info msg="[UE][NAS] successful NAS MAC verification"
time="2026-08-11T19:18:21+08:00" level=info msg="[UE][NAS] Receive Security Mode Command"
time="2026-08-11T19:18:21+08:00" level=info msg="[UE][NAS] Type of ciphering algorithm is 5G-EA0"
time="2026-08-11T19:18:21+08:00" level=info msg="[UE][NAS] Type of integrity protection algorithm is 128-5G-IA2"
time="2026-08-11T19:18:21+08:00" level=info msg="[GNB][SCTP] Receive message in 0 stream\n"
time="2026-08-11T19:18:21+08:00" level=info msg="[GNB][NGAP] Receive Downlink NAS Transport"
time="2026-08-11T19:18:21+08:00" level=info msg="[UE][NAS] Message with security header"
time="2026-08-11T19:18:21+08:00" level=info msg="[UE][NAS] Message with integrity and with NEW 5G NAS SECURITY CONTEXT"
time="2026-08-11T19:18:21+08:00" level=info msg="[UE][NAS] successful NAS MAC verification"
time="2026-08-11T19:18:21+08:00" level=info msg="[UE][NAS] Receive Security Mode Command"
time="2026-08-11T19:18:21+08:00" level=info msg="[UE][NAS] Type of ciphering algorithm is 5G-EA0"
time="2026-08-11T19:18:21+08:00" level=info msg="[UE][NAS] Type of integrity protection algorithm is 128-5G-IA2"
time="2026-08-11T19:18:21+08:00" level=info msg="[GNB][SCTP] Receive message in 0 stream\n"
time="2026-08-11T19:18:21+08:00" level=info msg="[GNB][NGAP] Receive Downlink NAS Transport"
time="2026-08-11T19:18:21+08:00" level=info msg="[UE][NAS] Message with security header"
time="2026-08-11T19:18:21+08:00" level=info msg="[UE][NAS] Message with integrity and ciphered"
time="2026-08-11T19:18:21+08:00" level=info msg="[UE][NAS] successful NAS CIPHERING"
time="2026-08-11T19:18:21+08:00" level=info msg="[UE][NAS] successful NAS MAC verification"
time="2026-08-11T19:18:21+08:00" level=info msg="[UE][NAS] Receive Configuration Update Command"
time="2026-08-11T19:18:21+08:00" level=info msg="[UE] Initiating Configuration Update Complete"
time="2026-08-11T19:18:21+08:00" level=info msg="[GNB][SCTP] Receive message in 0 stream\n"
time="2026-08-11T19:18:21+08:00" level=info msg="[GNB][NGAP] Receive Downlink NAS Transport"
time="2026-08-11T19:18:21+08:00" level=info msg="[UE][NAS] Message without security header"
time="2026-08-11T19:18:21+08:00" level=info msg="[UE][NAS] Receive Authentication Request"
time="2026-08-11T19:18:21+08:00" level=info msg="[UE][NAS][MAC] Authenticity of the authentication request message: OK"
time="2026-08-11T19:18:21+08:00" level=info msg="[UE][NAS][SQN] SQN of the authentication request message: VALID"
time="2026-08-11T19:18:21+08:00" level=info msg="[UE][NAS] Send authentication response"
time="2026-08-11T19:18:21+08:00" level=info msg="[UE] Switched from state 2 to state 2"
time="2026-08-11T19:18:21+08:00" level=info msg="[GNB][SCTP] Receive message in 0 stream\n"
time="2026-08-11T19:18:21+08:00" level=info msg="[GNB][NGAP] Receive Downlink NAS Transport"
time="2026-08-11T19:18:21+08:00" level=info msg="[UE][NAS] Message with security header"
time="2026-08-11T19:18:21+08:00" level=info msg="[UE][NAS] Message with integrity and with NEW 5G NAS SECURITY CONTEXT"
time="2026-08-11T19:18:21+08:00" level=info msg="[UE][NAS] successful NAS MAC verification"
time="2026-08-11T19:18:21+08:00" level=info msg="[UE][NAS] Receive Security Mode Command"
time="2026-08-11T19:18:21+08:00" level=info msg="[UE][NAS] Type of ciphering algorithm is 5G-EA0"
time="2026-08-11T19:18:21+08:00" level=info msg="[UE][NAS] Type of integrity protection algorithm is 128-5G-IA2"
time="2026-08-11T19:18:22+08:00" level=info msg="[GNB][SCTP] Receive message in 0 stream\n"
time="2026-08-11T19:18:22+08:00" level=info msg="[GNB][NGAP] Receive Initial Context Setup Request"
time="2026-08-11T19:18:22+08:00" level=info msg="[GNB][UE] UE Context was created with successful"
time="2026-08-11T19:18:22+08:00" level=info msg="[GNB][UE] UE RAN ID 29"
time="2026-08-11T19:18:22+08:00" level=info msg="[GNB][UE] UE AMF ID 260"
time="2026-08-11T19:18:22+08:00" level=info msg="[GNB][UE] UE Mobility Restrict --Plmn-- Mcc: 208 Mnc: 93"
time="2026-08-11T19:18:22+08:00" level=info msg="[GNB][UE] UE Masked Imeisv: 1110000000ffff00"
time="2026-08-11T19:18:22+08:00" level=info msg="[GNB][UE] Allowed Nssai-- Sst: [01 01] Sd: [010203 112233]"
time="2026-08-11T19:18:22+08:00" level=info msg="[GNB][NGAP][AMF] Send Initial Context Setup Response."
time="2026-08-11T19:18:22+08:00" level=info msg="[GNB] Initiating Initial Context Setup Response"
time="2026-08-11T19:18:22+08:00" level=info msg="[GNB][NGAP] No PDU Session to set up in InitialContextSetupResponse."
time="2026-08-11T19:18:22+08:00" level=info msg="[UE][NAS] Message with security header"
time="2026-08-11T19:18:22+08:00" level=info msg="[UE][NAS] Message with integrity and ciphered"
time="2026-08-11T19:18:22+08:00" level=info msg="[UE][NAS] successful NAS CIPHERING"
time="2026-08-11T19:18:22+08:00" level=info msg="[UE][NAS] successful NAS MAC verification"
time="2026-08-11T19:18:22+08:00" level=info msg="[UE][NAS] Receive Registration Accept"
time="2026-08-11T19:18:22+08:00" level=info msg="[UE][NAS] UE 5G GUTI: &{119 11 [242 2 248 57 202 254 0 0 0 1 0]}"
time="2026-08-11T19:18:22+08:00" level=info msg="[GNB][SCTP] Receive message in 0 stream\n"
time="2026-08-11T19:18:22+08:00" level=info msg="[UE] Switched from state 2 to state 3"
time="2026-08-11T19:18:22+08:00" level=info msg="[GNB][NGAP] Receive Initial Context Setup Request"
time="2026-08-11T19:18:22+08:00" level=info msg="[GNB][UE] UE Context was created with successful"
time="2026-08-11T19:18:22+08:00" level=info msg="[GNB][UE] UE RAN ID 19"
time="2026-08-11T19:18:22+08:00" level=info msg="[GNB][UE] UE AMF ID 246"
time="2026-08-11T19:18:22+08:00" level=info msg="[GNB][UE] UE Mobility Restrict --Plmn-- Mcc: 208 Mnc: 93"
time="2026-08-11T19:18:22+08:00" level=info msg="[GNB][UE] UE Masked Imeisv: 1110000000ffff00"
time="2026-08-11T19:18:22+08:00" level=info msg="[GNB][UE] Allowed Nssai-- Sst: [01 01] Sd: [010203 112233]"
time="2026-08-11T19:18:22+08:00" level=info msg="[GNB][NGAP][AMF] Send Initial Context Setup Response."
time="2026-08-11T19:18:22+08:00" level=info msg="[GNB] Initiating Initial Context Setup Response"
time="2026-08-11T19:18:22+08:00" level=info msg="[GNB][NGAP] No PDU Session to set up in InitialContextSetupResponse."
time="2026-08-11T19:18:22+08:00" level=info msg="[UE][NAS] Message with security header"
time="2026-08-11T19:18:22+08:00" level=info msg="[UE][NAS] Message with integrity and ciphered"
time="2026-08-11T19:18:22+08:00" level=info msg="[UE][NAS] successful NAS CIPHERING"
time="2026-08-11T19:18:22+08:00" level=info msg="[UE][NAS] successful NAS MAC verification"
time="2026-08-11T19:18:22+08:00" level=info msg="[UE][NAS] Receive Registration Accept"
time="2026-08-11T19:18:22+08:00" level=info msg="[UE][NAS] UE 5G GUTI: &{119 11 [242 2 248 57 202 254 0 0 0 0 242]}"
time="2026-08-11T19:18:22+08:00" level=info msg="[UE] Switched from state 2 to state 3"
time="2026-08-11T19:18:22+08:00" level=info msg="[GNB][SCTP] Receive message in 0 stream\n"
time="2026-08-11T19:18:22+08:00" level=info msg="[GNB][NGAP] Receive Downlink NAS Transport"
time="2026-08-11T19:18:22+08:00" level=info msg="[UE][NAS] Message with security header"
time="2026-08-11T19:18:22+08:00" level=info msg="[UE][NAS] Message with integrity and with NEW 5G NAS SECURITY CONTEXT"
time="2026-08-11T19:18:22+08:00" level=info msg="[UE][NAS] successful NAS MAC verification"
time="2026-08-11T19:18:22+08:00" level=info msg="[UE][NAS] Receive Security Mode Command"
time="2026-08-11T19:18:22+08:00" level=info msg="[UE][NAS] Type of ciphering algorithm is 5G-EA0"
time="2026-08-11T19:18:22+08:00" level=info msg="[UE][NAS] Type of integrity protection algorithm is 128-5G-IA2"
time="2026-08-11T19:18:22+08:00" level=info msg="[GNB][SCTP] Receive message in 0 stream\n"
time="2026-08-11T19:18:22+08:00" level=info msg="[GNB][NGAP] Receive Downlink NAS Transport"
time="2026-08-11T19:18:22+08:00" level=info msg="[UE][NAS] Message with security header"
time="2026-08-11T19:18:22+08:00" level=info msg="[UE][NAS] Message with integrity and with NEW 5G NAS SECURITY CONTEXT"
time="2026-08-11T19:18:22+08:00" level=info msg="[UE][NAS] successful NAS MAC verification"
time="2026-08-11T19:18:22+08:00" level=info msg="[UE][NAS] Receive Security Mode Command"
time="2026-08-11T19:18:22+08:00" level=info msg="[UE][NAS] Type of ciphering algorithm is 5G-EA0"
time="2026-08-11T19:18:22+08:00" level=info msg="[UE][NAS] Type of integrity protection algorithm is 128-5G-IA2"
time="2026-08-11T19:18:22+08:00" level=info msg="[GNB][SCTP] Receive message in 0 stream\n"
time="2026-08-11T19:18:22+08:00" level=info msg="[GNB][NGAP] Receive Initial Context Setup Request"
time="2026-08-11T19:18:22+08:00" level=info msg="[GNB][UE] UE Context was created with successful"
time="2026-08-11T19:18:22+08:00" level=info msg="[GNB][UE] UE RAN ID 25"
time="2026-08-11T19:18:22+08:00" level=info msg="[GNB][UE] UE AMF ID 253"
time="2026-08-11T19:18:22+08:00" level=info msg="[GNB][UE] UE Mobility Restrict --Plmn-- Mcc: 208 Mnc: 93"
time="2026-08-11T19:18:22+08:00" level=info msg="[GNB][UE] UE Masked Imeisv: 1110000000ffff00"
time="2026-08-11T19:18:22+08:00" level=info msg="[GNB][UE] Allowed Nssai-- Sst: [01 01] Sd: [010203 112233]"
time="2026-08-11T19:18:22+08:00" level=info msg="[GNB][NGAP][AMF] Send Initial Context Setup Response."
time="2026-08-11T19:18:22+08:00" level=info msg="[GNB] Initiating Initial Context Setup Response"
time="2026-08-11T19:18:22+08:00" level=info msg="[GNB][NGAP] No PDU Session to set up in InitialContextSetupResponse."
time="2026-08-11T19:18:22+08:00" level=info msg="[UE][NAS] Message with security header"
time="2026-08-11T19:18:22+08:00" level=info msg="[UE][NAS] Message with integrity and ciphered"
time="2026-08-11T19:18:22+08:00" level=info msg="[UE][NAS] successful NAS CIPHERING"
time="2026-08-11T19:18:22+08:00" level=info msg="[UE][NAS] successful NAS MAC verification"
time="2026-08-11T19:18:22+08:00" level=info msg="[UE][NAS] Receive Registration Accept"
time="2026-08-11T19:18:22+08:00" level=info msg="[UE][NAS] UE 5G GUTI: &{119 11 [242 2 248 57 202 254 0 0 0 0 249]}"
time="2026-08-11T19:18:22+08:00" level=info msg="[GNB][SCTP] Receive message in 0 stream\n"
time="2026-08-11T19:18:22+08:00" level=info msg="[UE] Switched from state 2 to state 3"
time="2026-08-11T19:18:22+08:00" level=info msg="[GNB][NGAP] Receive Downlink NAS Transport"
time="2026-08-11T19:18:22+08:00" level=info msg="[UE][NAS] Message with security header"
time="2026-08-11T19:18:22+08:00" level=info msg="[UE][NAS] Message with integrity and with NEW 5G NAS SECURITY CONTEXT"
time="2026-08-11T19:18:22+08:00" level=info msg="[UE][NAS] successful NAS MAC verification"
time="2026-08-11T19:18:22+08:00" level=info msg="[UE][NAS] Receive Security Mode Command"
time="2026-08-11T19:18:22+08:00" level=info msg="[UE][NAS] Type of ciphering algorithm is 5G-EA0"
time="2026-08-11T19:18:22+08:00" level=info msg="[UE][NAS] Type of integrity protection algorithm is 128-5G-IA2"
time="2026-08-11T19:18:22+08:00" level=info msg="[GNB][SCTP] Receive message in 0 stream\n"
time="2026-08-11T19:18:22+08:00" level=info msg="[GNB][NGAP] Receive Initial Context Setup Request"
time="2026-08-11T19:18:22+08:00" level=info msg="[GNB][UE] UE Context was created with successful"
time="2026-08-11T19:18:22+08:00" level=info msg="[GNB][UE] UE RAN ID 4"
time="2026-08-11T19:18:22+08:00" level=info msg="[GNB][UE] UE AMF ID 232"
time="2026-08-11T19:18:22+08:00" level=info msg="[GNB][UE] UE Mobility Restrict --Plmn-- Mcc: 208 Mnc: 93"
time="2026-08-11T19:18:22+08:00" level=info msg="[GNB][UE] UE Masked Imeisv: 1110000000ffff00"
time="2026-08-11T19:18:22+08:00" level=info msg="[GNB][UE] Allowed Nssai-- Sst: [01 01] Sd: [010203 112233]"
time="2026-08-11T19:18:22+08:00" level=info msg="[GNB][NGAP][AMF] Send Initial Context Setup Response."
time="2026-08-11T19:18:22+08:00" level=info msg="[GNB] Initiating Initial Context Setup Response"
time="2026-08-11T19:18:22+08:00" level=info msg="[GNB][NGAP] No PDU Session to set up in InitialContextSetupResponse."
time="2026-08-11T19:18:22+08:00" level=info msg="[UE][NAS] Message with security header"
time="2026-08-11T19:18:22+08:00" level=info msg="[UE][NAS] Message with integrity and ciphered"
time="2026-08-11T19:18:22+08:00" level=info msg="[UE][NAS] successful NAS CIPHERING"
time="2026-08-11T19:18:22+08:00" level=info msg="[UE][NAS] successful NAS MAC verification"
time="2026-08-11T19:18:22+08:00" level=info msg="[UE][NAS] Receive Registration Accept"
time="2026-08-11T19:18:22+08:00" level=info msg="[UE][NAS] UE 5G GUTI: &{119 11 [242 2 248 57 202 254 0 0 0 0 228]}"
time="2026-08-11T19:18:22+08:00" level=info msg="[UE] Switched from state 3 to state 3"
time="2026-08-11T19:18:22+08:00" level=info msg="[GNB][SCTP] Receive message in 0 stream\n"
time="2026-08-11T19:18:22+08:00" level=info msg="[GNB][NGAP] Receive Downlink NAS Transport"
time="2026-08-11T19:18:22+08:00" level=info msg="[UE][NAS] Message with security header"
time="2026-08-11T19:18:22+08:00" level=info msg="[UE][NAS] Message with integrity and with NEW 5G NAS SECURITY CONTEXT"
time="2026-08-11T19:18:22+08:00" level=info msg="[UE][NAS] successful NAS MAC verification"
time="2026-08-11T19:18:22+08:00" level=info msg="[UE][NAS] Receive Security Mode Command"
time="2026-08-11T19:18:22+08:00" level=info msg="[UE][NAS] Type of ciphering algorithm is 5G-EA0"
time="2026-08-11T19:18:22+08:00" level=info msg="[UE][NAS] Type of integrity protection algorithm is 128-5G-IA2"
time="2026-08-11T19:18:22+08:00" level=info msg="[GNB][SCTP] Receive message in 0 stream\n"
time="2026-08-11T19:18:22+08:00" level=info msg="[GNB][NGAP] Receive Downlink NAS Transport"
time="2026-08-11T19:18:22+08:00" level=info msg="[UE][NAS] Message with security header"
time="2026-08-11T19:18:22+08:00" level=info msg="[UE][NAS] Message with integrity and with NEW 5G NAS SECURITY CONTEXT"
time="2026-08-11T19:18:22+08:00" level=info msg="[UE][NAS] successful NAS MAC verification"
time="2026-08-11T19:18:22+08:00" level=info msg="[UE][NAS] Receive Security Mode Command"
time="2026-08-11T19:18:22+08:00" level=info msg="[UE][NAS] Type of ciphering algorithm is 5G-EA0"
time="2026-08-11T19:18:22+08:00" level=info msg="[UE][NAS] Type of integrity protection algorithm is 128-5G-IA2"
time="2026-08-11T19:18:22+08:00" level=info msg="[GNB][SCTP] Receive message in 0 stream\n"
time="2026-08-11T19:18:22+08:00" level=info msg="[GNB][NGAP] Receive Downlink NAS Transport"
time="2026-08-11T19:18:22+08:00" level=info msg="[UE][NAS] Message with security header"
time="2026-08-11T19:18:22+08:00" level=info msg="[UE][NAS] Message with integrity and ciphered"
time="2026-08-11T19:18:22+08:00" level=info msg="[UE][NAS] successful NAS CIPHERING"
time="2026-08-11T19:18:22+08:00" level=info msg="[UE][NAS] successful NAS MAC verification"
time="2026-08-11T19:18:22+08:00" level=info msg="[UE][NAS] Receive Configuration Update Command"
time="2026-08-11T19:18:22+08:00" level=info msg="[UE] Initiating Configuration Update Complete"
time="2026-08-11T19:18:22+08:00" level=info msg="[GNB][SCTP] Receive message in 0 stream\n"
time="2026-08-11T19:18:22+08:00" level=info msg="[GNB][NGAP] Receive Initial Context Setup Request"
time="2026-08-11T19:18:22+08:00" level=info msg="[GNB][UE] UE Context was created with successful"
time="2026-08-11T19:18:22+08:00" level=info msg="[GNB][UE] UE RAN ID 10"
time="2026-08-11T19:18:22+08:00" level=info msg="[GNB][UE] UE AMF ID 238"
time="2026-08-11T19:18:22+08:00" level=info msg="[GNB][UE] UE Mobility Restrict --Plmn-- Mcc: 208 Mnc: 93"
time="2026-08-11T19:18:22+08:00" level=info msg="[GNB][UE] UE Masked Imeisv: 1110000000ffff00"
time="2026-08-11T19:18:22+08:00" level=info msg="[GNB][UE] Allowed Nssai-- Sst: [01 01] Sd: [010203 112233]"
time="2026-08-11T19:18:22+08:00" level=info msg="[GNB][NGAP][AMF] Send Initial Context Setup Response."
time="2026-08-11T19:18:22+08:00" level=info msg="[GNB] Initiating Initial Context Setup Response"
time="2026-08-11T19:18:22+08:00" level=info msg="[GNB][NGAP] No PDU Session to set up in InitialContextSetupResponse."
time="2026-08-11T19:18:22+08:00" level=info msg="[UE][NAS] Message with security header"
time="2026-08-11T19:18:22+08:00" level=info msg="[UE][NAS] Message with integrity and ciphered"
time="2026-08-11T19:18:22+08:00" level=info msg="[UE][NAS] successful NAS CIPHERING"
time="2026-08-11T19:18:22+08:00" level=info msg="[UE][NAS] successful NAS MAC verification"
time="2026-08-11T19:18:22+08:00" level=info msg="[UE][NAS] Receive Registration Accept"
time="2026-08-11T19:18:22+08:00" level=info msg="[UE][NAS] UE 5G GUTI: &{119 11 [242 2 248 57 202 254 0 0 0 0 234]}"
time="2026-08-11T19:18:22+08:00" level=info msg="[UE] Switched from state 2 to state 3"
time="2026-08-11T19:18:22+08:00" level=info msg="[GNB][SCTP] Receive message in 0 stream\n"
time="2026-08-11T19:18:22+08:00" level=info msg="[GNB][NGAP] Receive Downlink NAS Transport"
time="2026-08-11T19:18:22+08:00" level=info msg="[UE][NAS] Message with security header"
time="2026-08-11T19:18:22+08:00" level=info msg="[UE][NAS] Message with integrity and with NEW 5G NAS SECURITY CONTEXT"
time="2026-08-11T19:18:22+08:00" level=info msg="[UE][NAS] successful NAS MAC verification"
time="2026-08-11T19:18:22+08:00" level=info msg="[UE][NAS] Receive Security Mode Command"
time="2026-08-11T19:18:22+08:00" level=info msg="[UE][NAS] Type of ciphering algorithm is 5G-EA0"
time="2026-08-11T19:18:22+08:00" level=info msg="[UE][NAS] Type of integrity protection algorithm is 128-5G-IA2"
time="2026-08-11T19:18:22+08:00" level=info msg="[GNB][SCTP] Receive message in 0 stream\n"
time="2026-08-11T19:18:22+08:00" level=info msg="[GNB][NGAP] Receive Initial Context Setup Request"
time="2026-08-11T19:18:22+08:00" level=info msg="[GNB][UE] UE Context was created with successful"
time="2026-08-11T19:18:22+08:00" level=info msg="[GNB][UE] UE RAN ID 26"
time="2026-08-11T19:18:22+08:00" level=info msg="[GNB][UE] UE AMF ID 252"
time="2026-08-11T19:18:22+08:00" level=info msg="[GNB][UE] UE Mobility Restrict --Plmn-- Mcc: 208 Mnc: 93"
time="2026-08-11T19:18:22+08:00" level=info msg="[GNB][UE] UE Masked Imeisv: 1110000000ffff00"
time="2026-08-11T19:18:22+08:00" level=info msg="[GNB][UE] Allowed Nssai-- Sst: [01 01] Sd: [010203 112233]"
time="2026-08-11T19:18:22+08:00" level=info msg="[GNB][NGAP][AMF] Send Initial Context Setup Response."
time="2026-08-11T19:18:22+08:00" level=info msg="[GNB] Initiating Initial Context Setup Response"
time="2026-08-11T19:18:22+08:00" level=info msg="[GNB][NGAP] No PDU Session to set up in InitialContextSetupResponse."
time="2026-08-11T19:18:22+08:00" level=info msg="[UE][NAS] Message with security header"
time="2026-08-11T19:18:22+08:00" level=info msg="[UE][NAS] Message with integrity and ciphered"
time="2026-08-11T19:18:22+08:00" level=info msg="[UE][NAS] successful NAS CIPHERING"
time="2026-08-11T19:18:22+08:00" level=info msg="[UE][NAS] successful NAS MAC verification"
time="2026-08-11T19:18:22+08:00" level=info msg="[UE][NAS] Receive Registration Accept"
time="2026-08-11T19:18:22+08:00" level=info msg="[UE][NAS] UE 5G GUTI: &{119 11 [242 2 248 57 202 254 0 0 0 0 248]}"
time="2026-08-11T19:18:22+08:00" level=info msg="[UE] Switched from state 2 to state 3"
time="2026-08-11T19:18:22+08:00" level=info msg="[GNB][SCTP] Receive message in 0 stream\n"
time="2026-08-11T19:18:22+08:00" level=info msg="[GNB][NGAP] Receive Downlink NAS Transport"
time="2026-08-11T19:18:22+08:00" level=info msg="[UE][NAS] Message without security header"
time="2026-08-11T19:18:22+08:00" level=info msg="[UE][NAS] Receive Authentication Request"
time="2026-08-11T19:18:22+08:00" level=info msg="[UE][NAS][MAC] Authenticity of the authentication request message: OK"
time="2026-08-11T19:18:22+08:00" level=info msg="[UE][NAS][SQN] SQN of the authentication request message: VALID"
time="2026-08-11T19:18:22+08:00" level=info msg="[UE][NAS] Send authentication response"
time="2026-08-11T19:18:22+08:00" level=info msg="[UE] Switched from state 2 to state 2"
time="2026-08-11T19:18:22+08:00" level=info msg="[GNB][SCTP] Receive message in 0 stream\n"
time="2026-08-11T19:18:22+08:00" level=info msg="[GNB][NGAP] Receive Downlink NAS Transport"
time="2026-08-11T19:18:22+08:00" level=info msg="[UE][NAS] Message without security header"
time="2026-08-11T19:18:22+08:00" level=info msg="[UE][NAS] Receive Authentication Request"
time="2026-08-11T19:18:22+08:00" level=info msg="[UE][NAS][MAC] Authenticity of the authentication request message: OK"
time="2026-08-11T19:18:22+08:00" level=info msg="[UE][NAS][SQN] SQN of the authentication request message: VALID"
time="2026-08-11T19:18:22+08:00" level=info msg="[UE][NAS] Send authentication response"
time="2026-08-11T19:18:22+08:00" level=info msg="[UE] Switched from state 1 to state 2"
time="2026-08-11T19:18:22+08:00" level=info msg="[GNB][SCTP] Receive message in 0 stream\n"
time="2026-08-11T19:18:22+08:00" level=info msg="[GNB][NGAP] Receive Downlink NAS Transport"
time="2026-08-11T19:18:22+08:00" level=info msg="[UE][NAS] Message with security header"
time="2026-08-11T19:18:22+08:00" level=info msg="[UE][NAS] Message with integrity and with NEW 5G NAS SECURITY CONTEXT"
time="2026-08-11T19:18:22+08:00" level=info msg="[UE][NAS] successful NAS MAC verification"
time="2026-08-11T19:18:22+08:00" level=info msg="[UE][NAS] Receive Security Mode Command"
time="2026-08-11T19:18:22+08:00" level=info msg="[UE][NAS] Type of ciphering algorithm is 5G-EA0"
time="2026-08-11T19:18:22+08:00" level=info msg="[UE][NAS] Type of integrity protection algorithm is 128-5G-IA2"
time="2026-08-11T19:18:22+08:00" level=info msg="[GNB][SCTP] Receive message in 0 stream\n"
time="2026-08-11T19:18:22+08:00" level=info msg="[GNB][NGAP] Receive Initial Context Setup Request"
time="2026-08-11T19:18:22+08:00" level=info msg="[GNB][UE] UE Context was created with successful"
time="2026-08-11T19:18:22+08:00" level=info msg="[GNB][UE] UE RAN ID 30"
time="2026-08-11T19:18:22+08:00" level=info msg="[GNB][UE] UE AMF ID 259"
time="2026-08-11T19:18:22+08:00" level=info msg="[GNB][UE] UE Mobility Restrict --Plmn-- Mcc: 208 Mnc: 93"
time="2026-08-11T19:18:22+08:00" level=info msg="[GNB][UE] UE Masked Imeisv: 1110000000ffff00"
time="2026-08-11T19:18:22+08:00" level=info msg="[GNB][UE] Allowed Nssai-- Sst: [01 01] Sd: [010203 112233]"
time="2026-08-11T19:18:22+08:00" level=info msg="[GNB][NGAP][AMF] Send Initial Context Setup Response."
time="2026-08-11T19:18:22+08:00" level=info msg="[GNB] Initiating Initial Context Setup Response"
time="2026-08-11T19:18:22+08:00" level=info msg="[GNB][NGAP] No PDU Session to set up in InitialContextSetupResponse."
time="2026-08-11T19:18:22+08:00" level=info msg="[UE][NAS] Message with security header"
time="2026-08-11T19:18:22+08:00" level=info msg="[UE][NAS] Message with integrity and ciphered"
time="2026-08-11T19:18:22+08:00" level=info msg="[UE][NAS] successful NAS CIPHERING"
time="2026-08-11T19:18:22+08:00" level=info msg="[UE][NAS] successful NAS MAC verification"
time="2026-08-11T19:18:22+08:00" level=info msg="[UE][NAS] Receive Registration Accept"
time="2026-08-11T19:18:22+08:00" level=info msg="[UE][NAS] UE 5G GUTI: &{119 11 [242 2 248 57 202 254 0 0 0 0 255]}"
time="2026-08-11T19:18:22+08:00" level=info msg="[UE] Switched from state 2 to state 3"
time="2026-08-11T19:18:22+08:00" level=info msg="[GNB][SCTP] Receive message in 0 stream\n"
time="2026-08-11T19:18:22+08:00" level=info msg="[GNB][SCTP] Receive message in 0 stream\n"
time="2026-08-11T19:18:22+08:00" level=info msg="[GNB][NGAP] Receive Downlink NAS Transport"
time="2026-08-11T19:18:22+08:00" level=info msg="[UE][NAS] Message with security header"
time="2026-08-11T19:18:22+08:00" level=info msg="[UE][NAS] Message with integrity and with NEW 5G NAS SECURITY CONTEXT"
time="2026-08-11T19:18:22+08:00" level=info msg="[UE][NAS] successful NAS MAC verification"
time="2026-08-11T19:18:22+08:00" level=info msg="[UE][NAS] Receive Security Mode Command"
time="2026-08-11T19:18:22+08:00" level=info msg="[UE][NAS] Type of ciphering algorithm is 5G-EA0"
time="2026-08-11T19:18:22+08:00" level=info msg="[UE][NAS] Type of integrity protection algorithm is 128-5G-IA2"
time="2026-08-11T19:18:22+08:00" level=info msg="[GNB][NGAP] Receive Downlink NAS Transport"
time="2026-08-11T19:18:22+08:00" level=info msg="[UE][NAS] Message with security header"
time="2026-08-11T19:18:22+08:00" level=info msg="[UE][NAS] Message with integrity and with NEW 5G NAS SECURITY CONTEXT"
time="2026-08-11T19:18:22+08:00" level=info msg="[UE][NAS] successful NAS MAC verification"
time="2026-08-11T19:18:22+08:00" level=info msg="[UE][NAS] Receive Security Mode Command"
time="2026-08-11T19:18:22+08:00" level=info msg="[UE][NAS] Type of ciphering algorithm is 5G-EA0"
time="2026-08-11T19:18:22+08:00" level=info msg="[UE][NAS] Type of integrity protection algorithm is 128-5G-IA2"
time="2026-08-11T19:18:22+08:00" level=info msg="[GNB][SCTP] Receive message in 0 stream\n"
time="2026-08-11T19:18:22+08:00" level=info msg="[GNB][NGAP] Receive Downlink NAS Transport"
time="2026-08-11T19:18:22+08:00" level=info msg="[UE][NAS] Message without security header"
time="2026-08-11T19:18:22+08:00" level=info msg="[UE][NAS] Receive Authentication Request"
time="2026-08-11T19:18:22+08:00" level=info msg="[UE][NAS][MAC] Authenticity of the authentication request message: OK"
time="2026-08-11T19:18:22+08:00" level=info msg="[UE][NAS][SQN] SQN of the authentication request message: VALID"
time="2026-08-11T19:18:22+08:00" level=info msg="[UE][NAS] Send authentication response"
time="2026-08-11T19:18:22+08:00" level=info msg="[UE] Switched from state 1 to state 2"
time="2026-08-11T19:18:22+08:00" level=info msg="[GNB][SCTP] Receive message in 0 stream\n"
time="2026-08-11T19:18:22+08:00" level=info msg="[GNB][NGAP] Receive Downlink NAS Transport"
time="2026-08-11T19:18:22+08:00" level=info msg="[UE][NAS] Message with security header"
time="2026-08-11T19:18:22+08:00" level=info msg="[UE][NAS] Message with integrity and with NEW 5G NAS SECURITY CONTEXT"
time="2026-08-11T19:18:22+08:00" level=info msg="[UE][NAS] successful NAS MAC verification"
time="2026-08-11T19:18:22+08:00" level=info msg="[UE][NAS] Receive Security Mode Command"
time="2026-08-11T19:18:22+08:00" level=info msg="[UE][NAS] Type of ciphering algorithm is 5G-EA0"
time="2026-08-11T19:18:22+08:00" level=info msg="[UE][NAS] Type of integrity protection algorithm is 128-5G-IA2"
time="2026-08-11T19:18:22+08:00" level=info msg="[GNB][SCTP] Receive message in 0 stream\n"
time="2026-08-11T19:18:22+08:00" level=info msg="[GNB][NGAP] Receive Downlink NAS Transport"
time="2026-08-11T19:18:22+08:00" level=info msg="[UE][NAS] Message without security header"
time="2026-08-11T19:18:22+08:00" level=info msg="[UE][NAS] Receive Authentication Request"
time="2026-08-11T19:18:22+08:00" level=info msg="[UE][NAS][MAC] Authenticity of the authentication request message: OK"
time="2026-08-11T19:18:22+08:00" level=info msg="[UE][NAS][SQN] SQN of the authentication request message: VALID"
time="2026-08-11T19:18:22+08:00" level=info msg="[UE][NAS] Send authentication response"
time="2026-08-11T19:18:22+08:00" level=info msg="[UE] Switched from state 1 to state 2"
time="2026-08-11T19:18:22+08:00" level=info msg="[GNB][SCTP] Receive message in 0 stream\n"
time="2026-08-11T19:18:22+08:00" level=info msg="[GNB][NGAP] Receive Downlink NAS Transport"
time="2026-08-11T19:18:22+08:00" level=info msg="[UE][NAS] Message without security header"
time="2026-08-11T19:18:22+08:00" level=info msg="[UE][NAS] Receive Authentication Request"
time="2026-08-11T19:18:22+08:00" level=info msg="[UE][NAS][MAC] Authenticity of the authentication request message: OK"
time="2026-08-11T19:18:22+08:00" level=info msg="[UE][NAS][SQN] SQN of the authentication request message: VALID"
time="2026-08-11T19:18:22+08:00" level=info msg="[UE][NAS] Send authentication response"
time="2026-08-11T19:18:22+08:00" level=info msg="[UE] Switched from state 1 to state 2"
time="2026-08-11T19:18:22+08:00" level=info msg="[GNB][SCTP] Receive message in 0 stream\n"
time="2026-08-11T19:18:22+08:00" level=info msg="[GNB][SCTP] Receive message in 0 stream\n"
time="2026-08-11T19:18:22+08:00" level=info msg="[GNB][NGAP] Receive Downlink NAS Transport"
time="2026-08-11T19:18:22+08:00" level=info msg="[GNB][NGAP] Receive Downlink NAS Transport"
time="2026-08-11T19:18:22+08:00" level=info msg="[UE][NAS] Message with security header"
time="2026-08-11T19:18:22+08:00" level=info msg="[UE][NAS] Message with integrity and ciphered"
time="2026-08-11T19:18:22+08:00" level=info msg="[UE][NAS] successful NAS CIPHERING"
time="2026-08-11T19:18:22+08:00" level=info msg="[UE][NAS] successful NAS MAC verification"
time="2026-08-11T19:18:22+08:00" level=info msg="[UE][NAS] Receive Configuration Update Command"
time="2026-08-11T19:18:22+08:00" level=info msg="[UE] Initiating Configuration Update Complete"
time="2026-08-11T19:18:22+08:00" level=info msg="[UE][NAS] Message with security header"
time="2026-08-11T19:18:22+08:00" level=info msg="[UE][NAS] Message with integrity and with NEW 5G NAS SECURITY CONTEXT"
time="2026-08-11T19:18:22+08:00" level=info msg="[UE][NAS] successful NAS MAC verification"
time="2026-08-11T19:18:22+08:00" level=info msg="[UE][NAS] Receive Security Mode Command"
time="2026-08-11T19:18:22+08:00" level=info msg="[UE][NAS] Type of ciphering algorithm is 5G-EA0"
time="2026-08-11T19:18:22+08:00" level=info msg="[UE][NAS] Type of integrity protection algorithm is 128-5G-IA2"
time="2026-08-11T19:18:22+08:00" level=info msg="[GNB][SCTP] Receive message in 0 stream\n"
time="2026-08-11T19:18:22+08:00" level=info msg="[GNB][NGAP] Receive Downlink NAS Transport"
time="2026-08-11T19:18:22+08:00" level=info msg="[UE][NAS] Message with security header"
time="2026-08-11T19:18:22+08:00" level=info msg="[UE][NAS] Message with integrity and with NEW 5G NAS SECURITY CONTEXT"
time="2026-08-11T19:18:22+08:00" level=info msg="[UE][NAS] successful NAS MAC verification"
time="2026-08-11T19:18:22+08:00" level=info msg="[UE][NAS] Receive Security Mode Command"
time="2026-08-11T19:18:22+08:00" level=info msg="[UE][NAS] Type of ciphering algorithm is 5G-EA0"
time="2026-08-11T19:18:22+08:00" level=info msg="[UE][NAS] Type of integrity protection algorithm is 128-5G-IA2"
time="2026-08-11T19:18:22+08:00" level=info msg="[GNB][SCTP] Receive message in 0 stream\n"
time="2026-08-11T19:18:22+08:00" level=info msg="[GNB][NGAP] Receive Initial Context Setup Request"
time="2026-08-11T19:18:22+08:00" level=info msg="[GNB][UE] UE Context was created with successful"
time="2026-08-11T19:18:22+08:00" level=info msg="[GNB][UE] UE RAN ID 39"
time="2026-08-11T19:18:22+08:00" level=info msg="[GNB][UE] UE AMF ID 266"
time="2026-08-11T19:18:22+08:00" level=info msg="[GNB][UE] UE Mobility Restrict --Plmn-- Mcc: 208 Mnc: 93"
time="2026-08-11T19:18:22+08:00" level=info msg="[GNB][UE] UE Masked Imeisv: 1110000000ffff00"
time="2026-08-11T19:18:22+08:00" level=info msg="[GNB][UE] Allowed Nssai-- Sst: [01 01] Sd: [010203 112233]"
time="2026-08-11T19:18:22+08:00" level=info msg="[GNB][NGAP][AMF] Send Initial Context Setup Response."
time="2026-08-11T19:18:22+08:00" level=info msg="[GNB] Initiating Initial Context Setup Response"
time="2026-08-11T19:18:22+08:00" level=info msg="[GNB][NGAP] No PDU Session to set up in InitialContextSetupResponse."
time="2026-08-11T19:18:22+08:00" level=info msg="[UE][NAS] Message with security header"
time="2026-08-11T19:18:22+08:00" level=info msg="[UE][NAS] Message with integrity and ciphered"
time="2026-08-11T19:18:22+08:00" level=info msg="[UE][NAS] successful NAS CIPHERING"
time="2026-08-11T19:18:22+08:00" level=info msg="[UE][NAS] successful NAS MAC verification"
time="2026-08-11T19:18:22+08:00" level=info msg="[UE][NAS] Receive Registration Accept"
time="2026-08-11T19:18:22+08:00" level=info msg="[UE][NAS] UE 5G GUTI: &{119 11 [242 2 248 57 202 254 0 0 0 1 6]}"
time="2026-08-11T19:18:22+08:00" level=info msg="[UE] Switched from state 2 to state 3"
time="2026-08-11T19:18:22+08:00" level=info msg="[GNB][SCTP] Receive message in 0 stream\n"
time="2026-08-11T19:18:22+08:00" level=info msg="[GNB][NGAP] Receive Downlink NAS Transport"
time="2026-08-11T19:18:22+08:00" level=info msg="[UE][NAS] Message without security header"
time="2026-08-11T19:18:22+08:00" level=info msg="[UE][NAS] Receive Authentication Request"
time="2026-08-11T19:18:22+08:00" level=info msg="[UE][NAS][MAC] Authenticity of the authentication request message: OK"
time="2026-08-11T19:18:22+08:00" level=info msg="[UE][NAS][SQN] SQN of the authentication request message: VALID"
time="2026-08-11T19:18:22+08:00" level=info msg="[UE][NAS] Send authentication response"
time="2026-08-11T19:18:22+08:00" level=info msg="[GNB][SCTP] Receive message in 0 stream\n"
time="2026-08-11T19:18:22+08:00" level=info msg="[UE] Switched from state 1 to state 2"
time="2026-08-11T19:18:22+08:00" level=info msg="[GNB][NGAP] Receive Downlink NAS Transport"
time="2026-08-11T19:18:22+08:00" level=info msg="[UE][NAS] Message with security header"
time="2026-08-11T19:18:22+08:00" level=info msg="[UE][NAS] Message with integrity and with NEW 5G NAS SECURITY CONTEXT"
time="2026-08-11T19:18:22+08:00" level=info msg="[UE][NAS] successful NAS MAC verification"
time="2026-08-11T19:18:22+08:00" level=info msg="[UE][NAS] Receive Security Mode Command"
time="2026-08-11T19:18:22+08:00" level=info msg="[UE][NAS] Type of ciphering algorithm is 5G-EA0"
time="2026-08-11T19:18:22+08:00" level=info msg="[UE][NAS] Type of integrity protection algorithm is 128-5G-IA2"
time="2026-08-11T19:18:22+08:00" level=info msg="[GNB][SCTP] Receive message in 0 stream\n"
time="2026-08-11T19:18:22+08:00" level=info msg="[GNB][SCTP] Receive message in 0 stream\n"
time="2026-08-11T19:18:22+08:00" level=info msg="[GNB][NGAP] Receive Downlink NAS Transport"
time="2026-08-11T19:18:22+08:00" level=info msg="[UE][NAS] Message with security header"
time="2026-08-11T19:18:22+08:00" level=info msg="[UE][NAS] Message with integrity and with NEW 5G NAS SECURITY CONTEXT"
time="2026-08-11T19:18:22+08:00" level=info msg="[UE][NAS] successful NAS MAC verification"
time="2026-08-11T19:18:22+08:00" level=info msg="[UE][NAS] Receive Security Mode Command"
time="2026-08-11T19:18:22+08:00" level=info msg="[UE][NAS] Type of ciphering algorithm is 5G-EA0"
time="2026-08-11T19:18:22+08:00" level=info msg="[UE][NAS] Type of integrity protection algorithm is 128-5G-IA2"
time="2026-08-11T19:18:22+08:00" level=info msg="[GNB][NGAP] Receive Downlink NAS Transport"
time="2026-08-11T19:18:22+08:00" level=info msg="[UE][NAS] Message with security header"
time="2026-08-11T19:18:22+08:00" level=info msg="[UE][NAS] Message with integrity and ciphered"
time="2026-08-11T19:18:22+08:00" level=info msg="[UE][NAS] successful NAS CIPHERING"
time="2026-08-11T19:18:22+08:00" level=info msg="[UE][NAS] successful NAS MAC verification"
time="2026-08-11T19:18:22+08:00" level=info msg="[UE][NAS] Receive Configuration Update Command"
time="2026-08-11T19:18:22+08:00" level=info msg="[UE] Initiating Configuration Update Complete"
time="2026-08-11T19:18:23+08:00" level=info msg="[GNB][SCTP] Receive message in 0 stream\n"
time="2026-08-11T19:18:23+08:00" level=info msg="[GNB][NGAP] Receive Downlink NAS Transport"
time="2026-08-11T19:18:23+08:00" level=info msg="[UE][NAS] Message without security header"
time="2026-08-11T19:18:23+08:00" level=info msg="[UE][NAS] Receive Authentication Request"
time="2026-08-11T19:18:23+08:00" level=info msg="[UE][NAS][MAC] Authenticity of the authentication request message: OK"
time="2026-08-11T19:18:23+08:00" level=info msg="[UE][NAS][SQN] SQN of the authentication request message: VALID"
time="2026-08-11T19:18:23+08:00" level=info msg="[UE][NAS] Send authentication response"
time="2026-08-11T19:18:23+08:00" level=info msg="[UE] Switched from state 2 to state 2"
time="2026-08-11T19:18:23+08:00" level=info msg="[GNB][SCTP] Receive message in 0 stream\n"
time="2026-08-11T19:18:23+08:00" level=info msg="[GNB][SCTP] Receive message in 0 stream\n"
time="2026-08-11T19:18:23+08:00" level=info msg="[GNB][NGAP] Receive Downlink NAS Transport"
time="2026-08-11T19:18:23+08:00" level=info msg="[UE][NAS] Message with security header"
time="2026-08-11T19:18:23+08:00" level=info msg="[UE][NAS] Message with integrity and with NEW 5G NAS SECURITY CONTEXT"
time="2026-08-11T19:18:23+08:00" level=info msg="[UE][NAS] successful NAS MAC verification"
time="2026-08-11T19:18:23+08:00" level=info msg="[UE][NAS] Receive Security Mode Command"
time="2026-08-11T19:18:23+08:00" level=info msg="[UE][NAS] Type of ciphering algorithm is 5G-EA0"
time="2026-08-11T19:18:23+08:00" level=info msg="[UE][NAS] Type of integrity protection algorithm is 128-5G-IA2"
time="2026-08-11T19:18:23+08:00" level=info msg="[GNB][NGAP] Receive Downlink NAS Transport"
time="2026-08-11T19:18:23+08:00" level=info msg="[UE][NAS] Message with security header"
time="2026-08-11T19:18:23+08:00" level=info msg="[UE][NAS] Message with integrity and ciphered"
time="2026-08-11T19:18:23+08:00" level=info msg="[UE][NAS] successful NAS CIPHERING"
time="2026-08-11T19:18:23+08:00" level=info msg="[UE][NAS] successful NAS MAC verification"
time="2026-08-11T19:18:23+08:00" level=info msg="[UE][NAS] Receive Configuration Update Command"
time="2026-08-11T19:18:23+08:00" level=info msg="[UE] Initiating Configuration Update Complete"
time="2026-08-11T19:18:23+08:00" level=info msg="[GNB][SCTP] Receive message in 0 stream\n"
time="2026-08-11T19:18:23+08:00" level=info msg="[GNB][SCTP] Receive message in 0 stream\n"
time="2026-08-11T19:18:23+08:00" level=info msg="[GNB][NGAP] Receive Initial Context Setup Request"
time="2026-08-11T19:18:23+08:00" level=info msg="[GNB][UE] UE Context was created with successful"
time="2026-08-11T19:18:23+08:00" level=info msg="[GNB][UE] UE RAN ID 43"
time="2026-08-11T19:18:23+08:00" level=info msg="[GNB][UE] UE AMF ID 265"
time="2026-08-11T19:18:23+08:00" level=info msg="[GNB][UE] UE Mobility Restrict --Plmn-- Mcc: 208 Mnc: 93"
time="2026-08-11T19:18:23+08:00" level=info msg="[GNB][UE] UE Masked Imeisv: 1110000000ffff00"
time="2026-08-11T19:18:23+08:00" level=info msg="[GNB][UE] Allowed Nssai-- Sst: [01 01] Sd: [010203 112233]"
time="2026-08-11T19:18:23+08:00" level=info msg="[GNB][NGAP][AMF] Send Initial Context Setup Response."
time="2026-08-11T19:18:23+08:00" level=info msg="[GNB] Initiating Initial Context Setup Response"
time="2026-08-11T19:18:23+08:00" level=info msg="[GNB][NGAP] No PDU Session to set up in InitialContextSetupResponse."
time="2026-08-11T19:18:23+08:00" level=info msg="[GNB][NGAP] Receive Initial Context Setup Request"
time="2026-08-11T19:18:23+08:00" level=info msg="[GNB][UE] UE Context was created with successful"
time="2026-08-11T19:18:23+08:00" level=info msg="[GNB][UE] UE RAN ID 23"
time="2026-08-11T19:18:23+08:00" level=info msg="[GNB][UE] UE AMF ID 258"
time="2026-08-11T19:18:23+08:00" level=info msg="[GNB][UE] UE Mobility Restrict --Plmn-- Mcc: 208 Mnc: 93"
time="2026-08-11T19:18:23+08:00" level=info msg="[GNB][UE] UE Masked Imeisv: 1110000000ffff00"
time="2026-08-11T19:18:23+08:00" level=info msg="[GNB][UE] Allowed Nssai-- Sst: [01 01] Sd: [010203 112233]"
time="2026-08-11T19:18:23+08:00" level=info msg="[GNB][NGAP][AMF] Send Initial Context Setup Response."
time="2026-08-11T19:18:23+08:00" level=info msg="[GNB] Initiating Initial Context Setup Response"
time="2026-08-11T19:18:23+08:00" level=info msg="[GNB][NGAP] No PDU Session to set up in InitialContextSetupResponse."
time="2026-08-11T19:18:23+08:00" level=info msg="[UE][NAS] Message with security header"
time="2026-08-11T19:18:23+08:00" level=info msg="[UE][NAS] Message with integrity and ciphered"
time="2026-08-11T19:18:23+08:00" level=info msg="[UE][NAS] successful NAS CIPHERING"
time="2026-08-11T19:18:23+08:00" level=info msg="[UE][NAS] successful NAS MAC verification"
time="2026-08-11T19:18:23+08:00" level=info msg="[UE][NAS] Receive Registration Accept"
time="2026-08-11T19:18:23+08:00" level=info msg="[UE][NAS] UE 5G GUTI: &{119 11 [242 2 248 57 202 254 0 0 0 0 254]}"
time="2026-08-11T19:18:23+08:00" level=info msg="[UE][NAS] Message with security header"
time="2026-08-11T19:18:23+08:00" level=info msg="[UE][NAS] Message with integrity and ciphered"
time="2026-08-11T19:18:23+08:00" level=info msg="[UE][NAS] successful NAS CIPHERING"
time="2026-08-11T19:18:23+08:00" level=info msg="[UE][NAS] successful NAS MAC verification"
time="2026-08-11T19:18:23+08:00" level=info msg="[UE][NAS] Receive Registration Accept"
time="2026-08-11T19:18:23+08:00" level=info msg="[UE][NAS] UE 5G GUTI: &{119 11 [242 2 248 57 202 254 0 0 0 1 5]}"
time="2026-08-11T19:18:23+08:00" level=info msg="[UE] Switched from state 2 to state 3"
time="2026-08-11T19:18:23+08:00" level=info msg="[UE] Switched from state 2 to state 3"
time="2026-08-11T19:18:23+08:00" level=info msg="[GNB][SCTP] Receive message in 0 stream\n"
time="2026-08-11T19:18:23+08:00" level=info msg="[GNB][NGAP] Receive Initial Context Setup Request"
time="2026-08-11T19:18:23+08:00" level=info msg="[GNB][UE] UE Context was created with successful"
time="2026-08-11T19:18:23+08:00" level=info msg="[GNB][UE] UE RAN ID 22"
time="2026-08-11T19:18:23+08:00" level=info msg="[GNB][UE] UE AMF ID 251"
time="2026-08-11T19:18:23+08:00" level=info msg="[GNB][UE] UE Mobility Restrict --Plmn-- Mcc: 208 Mnc: 93"
time="2026-08-11T19:18:23+08:00" level=info msg="[GNB][UE] UE Masked Imeisv: 1110000000ffff00"
time="2026-08-11T19:18:23+08:00" level=info msg="[GNB][UE] Allowed Nssai-- Sst: [01 01] Sd: [010203 112233]"
time="2026-08-11T19:18:23+08:00" level=info msg="[GNB][NGAP][AMF] Send Initial Context Setup Response."
time="2026-08-11T19:18:23+08:00" level=info msg="[GNB] Initiating Initial Context Setup Response"
time="2026-08-11T19:18:23+08:00" level=info msg="[GNB][NGAP] No PDU Session to set up in InitialContextSetupResponse."
time="2026-08-11T19:18:23+08:00" level=info msg="[UE][NAS] Message with security header"
time="2026-08-11T19:18:23+08:00" level=info msg="[UE][NAS] Message with integrity and ciphered"
time="2026-08-11T19:18:23+08:00" level=info msg="[UE][NAS] successful NAS CIPHERING"
time="2026-08-11T19:18:23+08:00" level=info msg="[UE][NAS] successful NAS MAC verification"
time="2026-08-11T19:18:23+08:00" level=info msg="[UE][NAS] Receive Registration Accept"
time="2026-08-11T19:18:23+08:00" level=info msg="[UE][NAS] UE 5G GUTI: &{119 11 [242 2 248 57 202 254 0 0 0 0 247]}"
time="2026-08-11T19:18:23+08:00" level=info msg="[UE] Switched from state 2 to state 3"
time="2026-08-11T19:18:23+08:00" level=info msg="[GNB][SCTP] Receive message in 0 stream\n"
time="2026-08-11T19:18:23+08:00" level=info msg="[GNB][NGAP] Receive Downlink NAS Transport"
time="2026-08-11T19:18:23+08:00" level=info msg="[UE][NAS] Message with security header"
time="2026-08-11T19:18:23+08:00" level=info msg="[UE][NAS] Message with integrity and with NEW 5G NAS SECURITY CONTEXT"
time="2026-08-11T19:18:23+08:00" level=info msg="[UE][NAS] successful NAS MAC verification"
time="2026-08-11T19:18:23+08:00" level=info msg="[UE][NAS] Receive Security Mode Command"
time="2026-08-11T19:18:23+08:00" level=info msg="[UE][NAS] Type of ciphering algorithm is 5G-EA0"
time="2026-08-11T19:18:23+08:00" level=info msg="[UE][NAS] Type of integrity protection algorithm is 128-5G-IA2"
time="2026-08-11T19:18:23+08:00" level=info msg="[GNB][SCTP] Receive message in 0 stream\n"
time="2026-08-11T19:18:23+08:00" level=info msg="[GNB][NGAP] Receive Downlink NAS Transport"
time="2026-08-11T19:18:23+08:00" level=info msg="[UE][NAS] Message with security header"
time="2026-08-11T19:18:23+08:00" level=info msg="[UE][NAS] Message with integrity and with NEW 5G NAS SECURITY CONTEXT"
time="2026-08-11T19:18:23+08:00" level=info msg="[UE][NAS] successful NAS MAC verification"
time="2026-08-11T19:18:23+08:00" level=info msg="[UE][NAS] Receive Security Mode Command"
time="2026-08-11T19:18:23+08:00" level=info msg="[UE][NAS] Type of ciphering algorithm is 5G-EA0"
time="2026-08-11T19:18:23+08:00" level=info msg="[UE][NAS] Type of integrity protection algorithm is 128-5G-IA2"
time="2026-08-11T19:18:23+08:00" level=info msg="[GNB][SCTP] Receive message in 0 stream\n"
time="2026-08-11T19:18:23+08:00" level=info msg="[GNB][NGAP] Receive Downlink NAS Transport"
time="2026-08-11T19:18:23+08:00" level=info msg="[UE][NAS] Message with security header"
time="2026-08-11T19:18:23+08:00" level=info msg="[UE][NAS] Message with integrity and ciphered"
time="2026-08-11T19:18:23+08:00" level=info msg="[UE][NAS] successful NAS CIPHERING"
time="2026-08-11T19:18:23+08:00" level=info msg="[UE][NAS] successful NAS MAC verification"
time="2026-08-11T19:18:23+08:00" level=info msg="[UE][NAS] Receive Configuration Update Command"
time="2026-08-11T19:18:23+08:00" level=info msg="[UE] Initiating Configuration Update Complete"
time="2026-08-11T19:18:23+08:00" level=info msg="[GNB][SCTP] Receive message in 0 stream\n"
time="2026-08-11T19:18:23+08:00" level=info msg="[GNB][NGAP] Receive Downlink NAS Transport"
time="2026-08-11T19:18:23+08:00" level=info msg="[UE][NAS] Message with security header"
time="2026-08-11T19:18:23+08:00" level=info msg="[UE][NAS] Message with integrity and with NEW 5G NAS SECURITY CONTEXT"
time="2026-08-11T19:18:23+08:00" level=info msg="[UE][NAS] successful NAS MAC verification"
time="2026-08-11T19:18:23+08:00" level=info msg="[UE][NAS] Receive Security Mode Command"
time="2026-08-11T19:18:23+08:00" level=info msg="[UE][NAS] Type of ciphering algorithm is 5G-EA0"
time="2026-08-11T19:18:23+08:00" level=info msg="[UE][NAS] Type of integrity protection algorithm is 128-5G-IA2"
time="2026-08-11T19:18:23+08:00" level=info msg="[GNB][SCTP] Receive message in 0 stream\n"
time="2026-08-11T19:18:23+08:00" level=info msg="[GNB][NGAP] Receive Initial Context Setup Request"
time="2026-08-11T19:18:23+08:00" level=info msg="[GNB][UE] UE Context was created with successful"
time="2026-08-11T19:18:23+08:00" level=info msg="[GNB][UE] UE RAN ID 31"
time="2026-08-11T19:18:23+08:00" level=info msg="[GNB][UE] UE AMF ID 255"
time="2026-08-11T19:18:23+08:00" level=info msg="[GNB][UE] UE Mobility Restrict --Plmn-- Mcc: 208 Mnc: 93"
time="2026-08-11T19:18:23+08:00" level=info msg="[GNB][UE] UE Masked Imeisv: 1110000000ffff00"
time="2026-08-11T19:18:23+08:00" level=info msg="[GNB][UE] Allowed Nssai-- Sst: [01 01] Sd: [010203 112233]"
time="2026-08-11T19:18:23+08:00" level=info msg="[GNB][NGAP][AMF] Send Initial Context Setup Response."
time="2026-08-11T19:18:23+08:00" level=info msg="[GNB] Initiating Initial Context Setup Response"
time="2026-08-11T19:18:23+08:00" level=info msg="[GNB][NGAP] No PDU Session to set up in InitialContextSetupResponse."
time="2026-08-11T19:18:23+08:00" level=info msg="[UE][NAS] Message with security header"
time="2026-08-11T19:18:23+08:00" level=info msg="[UE][NAS] Message with integrity and ciphered"
time="2026-08-11T19:18:23+08:00" level=info msg="[UE][NAS] successful NAS CIPHERING"
time="2026-08-11T19:18:23+08:00" level=info msg="[UE][NAS] successful NAS MAC verification"
time="2026-08-11T19:18:23+08:00" level=info msg="[UE][NAS] Receive Registration Accept"
time="2026-08-11T19:18:23+08:00" level=info msg="[UE][NAS] UE 5G GUTI: &{119 11 [242 2 248 57 202 254 0 0 0 0 251]}"
time="2026-08-11T19:18:23+08:00" level=info msg="[UE] Switched from state 2 to state 3"
time="2026-08-11T19:18:23+08:00" level=info msg="[GNB][SCTP] Receive message in 0 stream\n"
time="2026-08-11T19:18:23+08:00" level=info msg="[GNB][SCTP] Receive message in 0 stream\n"
time="2026-08-11T19:18:23+08:00" level=info msg="[GNB][NGAP] Receive Downlink NAS Transport"
time="2026-08-11T19:18:23+08:00" level=info msg="[UE][NAS] Message with security header"
time="2026-08-11T19:18:23+08:00" level=info msg="[UE][NAS] Message with integrity and ciphered"
time="2026-08-11T19:18:23+08:00" level=info msg="[UE][NAS] successful NAS CIPHERING"
time="2026-08-11T19:18:23+08:00" level=info msg="[UE][NAS] successful NAS MAC verification"
time="2026-08-11T19:18:23+08:00" level=info msg="[UE][NAS] Receive Configuration Update Command"
time="2026-08-11T19:18:23+08:00" level=info msg="[UE] Initiating Configuration Update Complete"
time="2026-08-11T19:18:23+08:00" level=info msg="[GNB][NGAP] Receive Initial Context Setup Request"
time="2026-08-11T19:18:23+08:00" level=info msg="[GNB][UE] UE Context was created with successful"
time="2026-08-11T19:18:23+08:00" level=info msg="[GNB][UE] UE RAN ID 49"
time="2026-08-11T19:18:23+08:00" level=info msg="[GNB][UE] UE AMF ID 278"
time="2026-08-11T19:18:23+08:00" level=info msg="[GNB][UE] UE Mobility Restrict --Plmn-- Mcc: 208 Mnc: 93"
time="2026-08-11T19:18:23+08:00" level=info msg="[GNB][UE] UE Masked Imeisv: 1110000000ffff00"
time="2026-08-11T19:18:23+08:00" level=info msg="[GNB][UE] Allowed Nssai-- Sst: [01 01] Sd: [010203 112233]"
time="2026-08-11T19:18:23+08:00" level=info msg="[GNB][NGAP][AMF] Send Initial Context Setup Response."
time="2026-08-11T19:18:23+08:00" level=info msg="[GNB] Initiating Initial Context Setup Response"
time="2026-08-11T19:18:23+08:00" level=info msg="[GNB][NGAP] No PDU Session to set up in InitialContextSetupResponse."
time="2026-08-11T19:18:23+08:00" level=info msg="[UE][NAS] Message with security header"
time="2026-08-11T19:18:23+08:00" level=info msg="[UE][NAS] Message with integrity and ciphered"
time="2026-08-11T19:18:23+08:00" level=info msg="[UE][NAS] successful NAS CIPHERING"
time="2026-08-11T19:18:23+08:00" level=info msg="[UE][NAS] successful NAS MAC verification"
time="2026-08-11T19:18:23+08:00" level=info msg="[UE][NAS] Receive Registration Accept"
time="2026-08-11T19:18:23+08:00" level=info msg="[UE][NAS] UE 5G GUTI: &{119 11 [242 2 248 57 202 254 0 0 0 1 18]}"
time="2026-08-11T19:18:23+08:00" level=info msg="[UE] Switched from state 2 to state 3"
time="2026-08-11T19:18:23+08:00" level=info msg="[GNB][SCTP] Receive message in 0 stream\n"
time="2026-08-11T19:18:23+08:00" level=info msg="[GNB][NGAP] Receive Downlink NAS Transport"
time="2026-08-11T19:18:23+08:00" level=info msg="[UE][NAS] Message without security header"
time="2026-08-11T19:18:23+08:00" level=info msg="[UE][NAS] Receive Authentication Request"
time="2026-08-11T19:18:23+08:00" level=info msg="[UE][NAS][MAC] Authenticity of the authentication request message: OK"
time="2026-08-11T19:18:23+08:00" level=info msg="[UE][NAS][SQN] SQN of the authentication request message: VALID"
time="2026-08-11T19:18:23+08:00" level=info msg="[UE][NAS] Send authentication response"
time="2026-08-11T19:18:23+08:00" level=info msg="[UE] Switched from state 1 to state 2"
time="2026-08-11T19:18:23+08:00" level=info msg="[GNB][SCTP] Receive message in 0 stream\n"
time="2026-08-11T19:18:23+08:00" level=info msg="[GNB][NGAP] Receive Downlink NAS Transport"
time="2026-08-11T19:18:23+08:00" level=info msg="[UE][NAS] Message with security header"
time="2026-08-11T19:18:23+08:00" level=info msg="[UE][NAS] Message with integrity and with NEW 5G NAS SECURITY CONTEXT"
time="2026-08-11T19:18:23+08:00" level=info msg="[UE][NAS] successful NAS MAC verification"
time="2026-08-11T19:18:23+08:00" level=info msg="[UE][NAS] Receive Security Mode Command"
time="2026-08-11T19:18:23+08:00" level=info msg="[UE][NAS] Type of ciphering algorithm is 5G-EA0"
time="2026-08-11T19:18:23+08:00" level=info msg="[UE][NAS] Type of integrity protection algorithm is 128-5G-IA2"
time="2026-08-11T19:18:23+08:00" level=info msg="[GNB][SCTP] Receive message in 0 stream\n"
time="2026-08-11T19:18:23+08:00" level=info msg="[GNB][NGAP] Receive Downlink NAS Transport"
time="2026-08-11T19:18:23+08:00" level=info msg="[UE][NAS] Message with security header"
time="2026-08-11T19:18:23+08:00" level=info msg="[UE][NAS] Message with integrity and with NEW 5G NAS SECURITY CONTEXT"
time="2026-08-11T19:18:23+08:00" level=info msg="[UE][NAS] successful NAS MAC verification"
time="2026-08-11T19:18:23+08:00" level=info msg="[UE][NAS] Receive Security Mode Command"
time="2026-08-11T19:18:23+08:00" level=info msg="[UE][NAS] Type of ciphering algorithm is 5G-EA0"
time="2026-08-11T19:18:23+08:00" level=info msg="[UE][NAS] Type of integrity protection algorithm is 128-5G-IA2"
time="2026-08-11T19:18:23+08:00" level=info msg="[GNB][SCTP] Receive message in 0 stream\n"
time="2026-08-11T19:18:23+08:00" level=info msg="[GNB][NGAP] Receive Downlink NAS Transport"
time="2026-08-11T19:18:23+08:00" level=info msg="[UE][NAS] Message with security header"
time="2026-08-11T19:18:23+08:00" level=info msg="[UE][NAS] Message with integrity and with NEW 5G NAS SECURITY CONTEXT"
time="2026-08-11T19:18:23+08:00" level=info msg="[UE][NAS] successful NAS MAC verification"
time="2026-08-11T19:18:23+08:00" level=info msg="[UE][NAS] Receive Security Mode Command"
time="2026-08-11T19:18:23+08:00" level=info msg="[UE][NAS] Type of ciphering algorithm is 5G-EA0"
time="2026-08-11T19:18:23+08:00" level=info msg="[UE][NAS] Type of integrity protection algorithm is 128-5G-IA2"
time="2026-08-11T19:18:23+08:00" level=info msg="[GNB][SCTP] Receive message in 0 stream\n"
time="2026-08-11T19:18:23+08:00" level=info msg="[GNB][NGAP] Receive Downlink NAS Transport"
time="2026-08-11T19:18:23+08:00" level=info msg="[UE][NAS] Message without security header"
time="2026-08-11T19:18:23+08:00" level=info msg="[UE][NAS] Receive Authentication Request"
time="2026-08-11T19:18:23+08:00" level=info msg="[UE][NAS][MAC] Authenticity of the authentication request message: OK"
time="2026-08-11T19:18:23+08:00" level=info msg="[UE][NAS][SQN] SQN of the authentication request message: VALID"
time="2026-08-11T19:18:23+08:00" level=info msg="[UE][NAS] Send authentication response"
time="2026-08-11T19:18:23+08:00" level=info msg="[UE] Switched from state 2 to state 2"
time="2026-08-11T19:18:23+08:00" level=info msg="[GNB][SCTP] Receive message in 0 stream\n"
time="2026-08-11T19:18:23+08:00" level=info msg="[GNB][NGAP] Receive Downlink NAS Transport"
time="2026-08-11T19:18:23+08:00" level=info msg="[UE][NAS] Message with security header"
time="2026-08-11T19:18:23+08:00" level=info msg="[UE][NAS] Message with integrity and with NEW 5G NAS SECURITY CONTEXT"
time="2026-08-11T19:18:23+08:00" level=info msg="[UE][NAS] successful NAS MAC verification"
time="2026-08-11T19:18:23+08:00" level=info msg="[UE][NAS] Receive Security Mode Command"
time="2026-08-11T19:18:23+08:00" level=info msg="[UE][NAS] Type of ciphering algorithm is 5G-EA0"
time="2026-08-11T19:18:23+08:00" level=info msg="[UE][NAS] Type of integrity protection algorithm is 128-5G-IA2"
time="2026-08-11T19:18:23+08:00" level=info msg="[GNB][SCTP] Receive message in 0 stream\n"
time="2026-08-11T19:18:23+08:00" level=info msg="[GNB][NGAP] Receive Downlink NAS Transport"
time="2026-08-11T19:18:23+08:00" level=info msg="[UE][NAS] Message with security header"
time="2026-08-11T19:18:23+08:00" level=info msg="[UE][NAS] Message with integrity and with NEW 5G NAS SECURITY CONTEXT"
time="2026-08-11T19:18:23+08:00" level=info msg="[UE][NAS] successful NAS MAC verification"
time="2026-08-11T19:18:23+08:00" level=info msg="[UE][NAS] Receive Security Mode Command"
time="2026-08-11T19:18:23+08:00" level=info msg="[UE][NAS] Type of ciphering algorithm is 5G-EA0"
time="2026-08-11T19:18:23+08:00" level=info msg="[UE][NAS] Type of integrity protection algorithm is 128-5G-IA2"
time="2026-08-11T19:18:23+08:00" level=info msg="[GNB][SCTP] Receive message in 0 stream\n"
time="2026-08-11T19:18:23+08:00" level=info msg="[GNB][NGAP] Receive Initial Context Setup Request"
time="2026-08-11T19:18:23+08:00" level=info msg="[GNB][UE] UE Context was created with successful"
time="2026-08-11T19:18:23+08:00" level=info msg="[GNB][UE] UE RAN ID 35"
time="2026-08-11T19:18:23+08:00" level=info msg="[GNB][UE] UE AMF ID 264"
time="2026-08-11T19:18:23+08:00" level=info msg="[GNB][UE] UE Mobility Restrict --Plmn-- Mcc: 208 Mnc: 93"
time="2026-08-11T19:18:23+08:00" level=info msg="[GNB][UE] UE Masked Imeisv: 1110000000ffff00"
time="2026-08-11T19:18:23+08:00" level=info msg="[GNB][UE] Allowed Nssai-- Sst: [01 01] Sd: [010203 112233]"
time="2026-08-11T19:18:23+08:00" level=info msg="[GNB][NGAP][AMF] Send Initial Context Setup Response."
time="2026-08-11T19:18:23+08:00" level=info msg="[GNB] Initiating Initial Context Setup Response"
time="2026-08-11T19:18:23+08:00" level=info msg="[GNB][NGAP] No PDU Session to set up in InitialContextSetupResponse."
time="2026-08-11T19:18:23+08:00" level=info msg="[UE][NAS] Message with security header"
time="2026-08-11T19:18:23+08:00" level=info msg="[UE][NAS] Message with integrity and ciphered"
time="2026-08-11T19:18:23+08:00" level=info msg="[UE][NAS] successful NAS CIPHERING"
time="2026-08-11T19:18:23+08:00" level=info msg="[UE][NAS] successful NAS MAC verification"
time="2026-08-11T19:18:23+08:00" level=info msg="[UE][NAS] Receive Registration Accept"
time="2026-08-11T19:18:23+08:00" level=info msg="[UE][NAS] UE 5G GUTI: &{119 11 [242 2 248 57 202 254 0 0 0 1 4]}"
time="2026-08-11T19:18:23+08:00" level=info msg="[UE] Switched from state 2 to state 3"
time="2026-08-11T19:18:23+08:00" level=info msg="[GNB][SCTP] Receive message in 0 stream\n"
time="2026-08-11T19:18:23+08:00" level=info msg="[GNB][NGAP] Receive Downlink NAS Transport"
time="2026-08-11T19:18:23+08:00" level=info msg="[UE][NAS] Message with security header"
time="2026-08-11T19:18:23+08:00" level=info msg="[UE][NAS] Message with integrity and with NEW 5G NAS SECURITY CONTEXT"
time="2026-08-11T19:18:23+08:00" level=info msg="[UE][NAS] successful NAS MAC verification"
time="2026-08-11T19:18:23+08:00" level=info msg="[UE][NAS] Receive Security Mode Command"
time="2026-08-11T19:18:23+08:00" level=info msg="[UE][NAS] Type of ciphering algorithm is 5G-EA0"
time="2026-08-11T19:18:23+08:00" level=info msg="[UE][NAS] Type of integrity protection algorithm is 128-5G-IA2"
time="2026-08-11T19:18:23+08:00" level=info msg="[GNB][SCTP] Receive message in 0 stream\n"
time="2026-08-11T19:18:23+08:00" level=info msg="[GNB][SCTP] Receive message in 0 stream\n"
time="2026-08-11T19:18:23+08:00" level=info msg="[GNB][NGAP] Receive Initial Context Setup Request"
time="2026-08-11T19:18:23+08:00" level=info msg="[GNB][UE] UE Context was created with successful"
time="2026-08-11T19:18:23+08:00" level=info msg="[GNB][UE] UE RAN ID 53"
time="2026-08-11T19:18:23+08:00" level=info msg="[GNB][UE] UE AMF ID 272"
time="2026-08-11T19:18:23+08:00" level=info msg="[GNB][UE] UE Mobility Restrict --Plmn-- Mcc: 208 Mnc: 93"
time="2026-08-11T19:18:23+08:00" level=info msg="[GNB][UE] UE Masked Imeisv: 1110000000ffff00"
time="2026-08-11T19:18:23+08:00" level=info msg="[GNB][UE] Allowed Nssai-- Sst: [01 01] Sd: [010203 112233]"
time="2026-08-11T19:18:23+08:00" level=info msg="[GNB][NGAP][AMF] Send Initial Context Setup Response."
time="2026-08-11T19:18:23+08:00" level=info msg="[GNB] Initiating Initial Context Setup Response"
time="2026-08-11T19:18:23+08:00" level=info msg="[GNB][NGAP] No PDU Session to set up in InitialContextSetupResponse."
time="2026-08-11T19:18:23+08:00" level=info msg="[UE][NAS] Message with security header"
time="2026-08-11T19:18:23+08:00" level=info msg="[UE][NAS] Message with integrity and ciphered"
time="2026-08-11T19:18:23+08:00" level=info msg="[UE][NAS] successful NAS CIPHERING"
time="2026-08-11T19:18:23+08:00" level=info msg="[UE][NAS] successful NAS MAC verification"
time="2026-08-11T19:18:23+08:00" level=info msg="[UE][NAS] Receive Registration Accept"
time="2026-08-11T19:18:23+08:00" level=info msg="[UE][NAS] UE 5G GUTI: &{119 11 [242 2 248 57 202 254 0 0 0 1 12]}"
time="2026-08-11T19:18:23+08:00" level=info msg="[UE] Switched from state 2 to state 3"
time="2026-08-11T19:18:23+08:00" level=info msg="[GNB][NGAP] Receive Initial Context Setup Request"
time="2026-08-11T19:18:23+08:00" level=info msg="[GNB][UE] UE Context was created with successful"
time="2026-08-11T19:18:23+08:00" level=info msg="[GNB][UE] UE RAN ID 44"
time="2026-08-11T19:18:23+08:00" level=info msg="[GNB][UE] UE AMF ID 267"
time="2026-08-11T19:18:23+08:00" level=info msg="[GNB][UE] UE Mobility Restrict --Plmn-- Mcc: 208 Mnc: 93"
time="2026-08-11T19:18:23+08:00" level=info msg="[GNB][UE] UE Masked Imeisv: 1110000000ffff00"
time="2026-08-11T19:18:23+08:00" level=info msg="[GNB][UE] Allowed Nssai-- Sst: [01 01] Sd: [010203 112233]"
time="2026-08-11T19:18:23+08:00" level=info msg="[GNB][NGAP][AMF] Send Initial Context Setup Response."
time="2026-08-11T19:18:23+08:00" level=info msg="[GNB] Initiating Initial Context Setup Response"
time="2026-08-11T19:18:23+08:00" level=info msg="[GNB][NGAP] No PDU Session to set up in InitialContextSetupResponse."
time="2026-08-11T19:18:23+08:00" level=info msg="[UE][NAS] Message with security header"
time="2026-08-11T19:18:23+08:00" level=info msg="[UE][NAS] Message with integrity and ciphered"
time="2026-08-11T19:18:23+08:00" level=info msg="[UE][NAS] successful NAS CIPHERING"
time="2026-08-11T19:18:23+08:00" level=info msg="[UE][NAS] successful NAS MAC verification"
time="2026-08-11T19:18:23+08:00" level=info msg="[UE][NAS] Receive Registration Accept"
time="2026-08-11T19:18:23+08:00" level=info msg="[UE][NAS] UE 5G GUTI: &{119 11 [242 2 248 57 202 254 0 0 0 1 7]}"
time="2026-08-11T19:18:23+08:00" level=info msg="[UE] Switched from state 2 to state 3"
time="2026-08-11T19:18:23+08:00" level=info msg="[GNB][SCTP] Receive message in 0 stream\n"
time="2026-08-11T19:18:23+08:00" level=info msg="[GNB][NGAP] Receive Downlink NAS Transport"
time="2026-08-11T19:18:23+08:00" level=info msg="[UE][NAS] Message with security header"
time="2026-08-11T19:18:23+08:00" level=info msg="[UE][NAS] Message with integrity and with NEW 5G NAS SECURITY CONTEXT"
time="2026-08-11T19:18:23+08:00" level=info msg="[UE][NAS] successful NAS MAC verification"
time="2026-08-11T19:18:23+08:00" level=info msg="[UE][NAS] Receive Security Mode Command"
time="2026-08-11T19:18:23+08:00" level=info msg="[UE][NAS] Type of ciphering algorithm is 5G-EA0"
time="2026-08-11T19:18:23+08:00" level=info msg="[UE][NAS] Type of integrity protection algorithm is 128-5G-IA2"
time="2026-08-11T19:18:24+08:00" level=info msg="[GNB][SCTP] Receive message in 0 stream\n"
time="2026-08-11T19:18:24+08:00" level=info msg="[GNB][NGAP] Receive Initial Context Setup Request"
time="2026-08-11T19:18:24+08:00" level=info msg="[GNB][UE] UE Context was created with successful"
time="2026-08-11T19:18:24+08:00" level=info msg="[GNB][UE] UE RAN ID 51"
time="2026-08-11T19:18:24+08:00" level=info msg="[GNB][UE] UE AMF ID 271"
time="2026-08-11T19:18:24+08:00" level=info msg="[GNB][UE] UE Mobility Restrict --Plmn-- Mcc: 208 Mnc: 93"
time="2026-08-11T19:18:24+08:00" level=info msg="[GNB][UE] UE Masked Imeisv: 1110000000ffff00"
time="2026-08-11T19:18:24+08:00" level=info msg="[GNB][UE] Allowed Nssai-- Sst: [01 01] Sd: [010203 112233]"
time="2026-08-11T19:18:24+08:00" level=info msg="[GNB][NGAP][AMF] Send Initial Context Setup Response."
time="2026-08-11T19:18:24+08:00" level=info msg="[GNB] Initiating Initial Context Setup Response"
time="2026-08-11T19:18:24+08:00" level=info msg="[GNB][NGAP] No PDU Session to set up in InitialContextSetupResponse."
time="2026-08-11T19:18:24+08:00" level=info msg="[UE][NAS] Message with security header"
time="2026-08-11T19:18:24+08:00" level=info msg="[UE][NAS] Message with integrity and ciphered"
time="2026-08-11T19:18:24+08:00" level=info msg="[UE][NAS] successful NAS CIPHERING"
time="2026-08-11T19:18:24+08:00" level=info msg="[UE][NAS] successful NAS MAC verification"
time="2026-08-11T19:18:24+08:00" level=info msg="[UE][NAS] Receive Registration Accept"
time="2026-08-11T19:18:24+08:00" level=info msg="[UE][NAS] UE 5G GUTI: &{119 11 [242 2 248 57 202 254 0 0 0 1 11]}"
time="2026-08-11T19:18:24+08:00" level=info msg="[GNB][SCTP] Receive message in 0 stream\n"
time="2026-08-11T19:18:24+08:00" level=info msg="[UE] Switched from state 2 to state 3"
time="2026-08-11T19:18:24+08:00" level=info msg="[GNB][NGAP] Receive Downlink NAS Transport"
time="2026-08-11T19:18:24+08:00" level=info msg="[UE][NAS] Message with security header"
time="2026-08-11T19:18:24+08:00" level=info msg="[UE][NAS] Message with integrity and with NEW 5G NAS SECURITY CONTEXT"
time="2026-08-11T19:18:24+08:00" level=info msg="[UE][NAS] successful NAS MAC verification"
time="2026-08-11T19:18:24+08:00" level=info msg="[UE][NAS] Receive Security Mode Command"
time="2026-08-11T19:18:24+08:00" level=info msg="[UE][NAS] Type of ciphering algorithm is 5G-EA0"
time="2026-08-11T19:18:24+08:00" level=info msg="[UE][NAS] Type of integrity protection algorithm is 128-5G-IA2"
time="2026-08-11T19:18:24+08:00" level=info msg="[GNB][SCTP] Receive message in 0 stream\n"
time="2026-08-11T19:18:24+08:00" level=info msg="[GNB][NGAP] Receive Downlink NAS Transport"
time="2026-08-11T19:18:24+08:00" level=info msg="[UE][NAS] Message with security header"
time="2026-08-11T19:18:24+08:00" level=info msg="[UE][NAS] Message with integrity and ciphered"
time="2026-08-11T19:18:24+08:00" level=info msg="[UE][NAS] successful NAS CIPHERING"
time="2026-08-11T19:18:24+08:00" level=info msg="[UE][NAS] successful NAS MAC verification"
time="2026-08-11T19:18:24+08:00" level=info msg="[UE][NAS] Receive Configuration Update Command"
time="2026-08-11T19:18:24+08:00" level=info msg="[UE] Initiating Configuration Update Complete"
time="2026-08-11T19:18:24+08:00" level=info msg="[GNB][SCTP] Receive message in 0 stream\n"
time="2026-08-11T19:18:24+08:00" level=info msg="[GNB][NGAP] Receive Downlink NAS Transport"
time="2026-08-11T19:18:24+08:00" level=info msg="[UE][NAS] Message with security header"
time="2026-08-11T19:18:24+08:00" level=info msg="[UE][NAS] Message with integrity and with NEW 5G NAS SECURITY CONTEXT"
time="2026-08-11T19:18:24+08:00" level=info msg="[UE][NAS] successful NAS MAC verification"
time="2026-08-11T19:18:24+08:00" level=info msg="[UE][NAS] Receive Security Mode Command"
time="2026-08-11T19:18:24+08:00" level=info msg="[UE][NAS] Type of ciphering algorithm is 5G-EA0"
time="2026-08-11T19:18:24+08:00" level=info msg="[UE][NAS] Type of integrity protection algorithm is 128-5G-IA2"
time="2026-08-11T19:18:24+08:00" level=info msg="[GNB][SCTP] Receive message in 0 stream\n"
time="2026-08-11T19:18:24+08:00" level=info msg="[GNB][NGAP] Receive Downlink NAS Transport"
time="2026-08-11T19:18:24+08:00" level=info msg="[UE][NAS] Message without security header"
time="2026-08-11T19:18:24+08:00" level=info msg="[UE][NAS] Receive Authentication Request"
time="2026-08-11T19:18:24+08:00" level=info msg="[UE][NAS][MAC] Authenticity of the authentication request message: OK"
time="2026-08-11T19:18:24+08:00" level=info msg="[UE][NAS][SQN] SQN of the authentication request message: VALID"
time="2026-08-11T19:18:24+08:00" level=info msg="[UE][NAS] Send authentication response"
time="2026-08-11T19:18:24+08:00" level=info msg="[UE] Switched from state 1 to state 2"
time="2026-08-11T19:18:24+08:00" level=info msg="[GNB][SCTP] Receive message in 0 stream\n"
time="2026-08-11T19:18:24+08:00" level=info msg="[GNB][NGAP] Receive Downlink NAS Transport"
time="2026-08-11T19:18:24+08:00" level=info msg="[UE][NAS] Message without security header"
time="2026-08-11T19:18:24+08:00" level=info msg="[UE][NAS] Receive Authentication Request"
time="2026-08-11T19:18:24+08:00" level=info msg="[UE][NAS][MAC] Authenticity of the authentication request message: OK"
time="2026-08-11T19:18:24+08:00" level=info msg="[UE][NAS][SQN] SQN of the authentication request message: VALID"
time="2026-08-11T19:18:24+08:00" level=info msg="[UE][NAS] Send authentication response"
time="2026-08-11T19:18:24+08:00" level=info msg="[UE] Switched from state 2 to state 2"
time="2026-08-11T19:18:24+08:00" level=info msg="[GNB][SCTP] Receive message in 0 stream\n"
time="2026-08-11T19:18:24+08:00" level=info msg="[GNB][SCTP] Receive message in 0 stream\n"
time="2026-08-11T19:18:24+08:00" level=info msg="[GNB][NGAP] Receive Initial Context Setup Request"
time="2026-08-11T19:18:24+08:00" level=info msg="[GNB][UE] UE Context was created with successful"
time="2026-08-11T19:18:24+08:00" level=info msg="[GNB][UE] UE RAN ID 24"
time="2026-08-11T19:18:24+08:00" level=info msg="[GNB][UE] UE AMF ID 257"
time="2026-08-11T19:18:24+08:00" level=info msg="[GNB][UE] UE Mobility Restrict --Plmn-- Mcc: 208 Mnc: 93"
time="2026-08-11T19:18:24+08:00" level=info msg="[GNB][UE] UE Masked Imeisv: 1110000000ffff00"
time="2026-08-11T19:18:24+08:00" level=info msg="[GNB][UE] Allowed Nssai-- Sst: [01 01] Sd: [010203 112233]"
time="2026-08-11T19:18:24+08:00" level=info msg="[GNB][NGAP][AMF] Send Initial Context Setup Response."
time="2026-08-11T19:18:24+08:00" level=info msg="[GNB] Initiating Initial Context Setup Response"
time="2026-08-11T19:18:24+08:00" level=info msg="[GNB][NGAP] No PDU Session to set up in InitialContextSetupResponse."
time="2026-08-11T19:18:24+08:00" level=info msg="[UE][NAS] Message with security header"
time="2026-08-11T19:18:24+08:00" level=info msg="[UE][NAS] Message with integrity and ciphered"
time="2026-08-11T19:18:24+08:00" level=info msg="[UE][NAS] successful NAS CIPHERING"
time="2026-08-11T19:18:24+08:00" level=info msg="[UE][NAS] successful NAS MAC verification"
time="2026-08-11T19:18:24+08:00" level=info msg="[UE][NAS] Receive Registration Accept"
time="2026-08-11T19:18:24+08:00" level=info msg="[UE][NAS] UE 5G GUTI: &{119 11 [242 2 248 57 202 254 0 0 0 0 253]}"
time="2026-08-11T19:18:24+08:00" level=info msg="[GNB][NGAP] Receive Initial Context Setup Request"
time="2026-08-11T19:18:24+08:00" level=info msg="[UE] Switched from state 2 to state 3"
time="2026-08-11T19:18:24+08:00" level=info msg="[GNB][UE] UE Context was created with successful"
time="2026-08-11T19:18:24+08:00" level=info msg="[GNB][UE] UE RAN ID 45"
time="2026-08-11T19:18:24+08:00" level=info msg="[GNB][UE] UE AMF ID 270"
time="2026-08-11T19:18:24+08:00" level=info msg="[GNB][UE] UE Mobility Restrict --Plmn-- Mcc: 208 Mnc: 93"
time="2026-08-11T19:18:24+08:00" level=info msg="[GNB][UE] UE Masked Imeisv: 1110000000ffff00"
time="2026-08-11T19:18:24+08:00" level=info msg="[GNB][UE] Allowed Nssai-- Sst: [01 01] Sd: [010203 112233]"
time="2026-08-11T19:18:24+08:00" level=info msg="[GNB][NGAP][AMF] Send Initial Context Setup Response."
time="2026-08-11T19:18:24+08:00" level=info msg="[GNB] Initiating Initial Context Setup Response"
time="2026-08-11T19:18:24+08:00" level=info msg="[GNB][NGAP] No PDU Session to set up in InitialContextSetupResponse."
time="2026-08-11T19:18:24+08:00" level=info msg="[UE][NAS] Message with security header"
time="2026-08-11T19:18:24+08:00" level=info msg="[UE][NAS] Message with integrity and ciphered"
time="2026-08-11T19:18:24+08:00" level=info msg="[UE][NAS] successful NAS CIPHERING"
time="2026-08-11T19:18:24+08:00" level=info msg="[UE][NAS] successful NAS MAC verification"
time="2026-08-11T19:18:24+08:00" level=info msg="[UE][NAS] Receive Registration Accept"
time="2026-08-11T19:18:24+08:00" level=info msg="[UE][NAS] UE 5G GUTI: &{119 11 [242 2 248 57 202 254 0 0 0 1 10]}"
time="2026-08-11T19:18:24+08:00" level=info msg="[UE] Switched from state 2 to state 3"
time="2026-08-11T19:18:24+08:00" level=info msg="[GNB][SCTP] Receive message in 0 stream\n"
time="2026-08-11T19:18:24+08:00" level=info msg="[GNB][NGAP] Receive Downlink NAS Transport"
time="2026-08-11T19:18:24+08:00" level=info msg="[UE][NAS] Message with security header"
time="2026-08-11T19:18:24+08:00" level=info msg="[UE][NAS] Message with integrity and with NEW 5G NAS SECURITY CONTEXT"
time="2026-08-11T19:18:24+08:00" level=info msg="[UE][NAS] successful NAS MAC verification"
time="2026-08-11T19:18:24+08:00" level=info msg="[UE][NAS] Receive Security Mode Command"
time="2026-08-11T19:18:24+08:00" level=info msg="[UE][NAS] Type of ciphering algorithm is 5G-EA0"
time="2026-08-11T19:18:24+08:00" level=info msg="[UE][NAS] Type of integrity protection algorithm is 128-5G-IA2"
time="2026-08-11T19:18:24+08:00" level=info msg="[GNB][SCTP] Receive message in 0 stream\n"
time="2026-08-11T19:18:24+08:00" level=info msg="[GNB][NGAP] Receive Downlink NAS Transport"
time="2026-08-11T19:18:24+08:00" level=info msg="[UE][NAS] Message with security header"
time="2026-08-11T19:18:24+08:00" level=info msg="[UE][NAS] Message with integrity and with NEW 5G NAS SECURITY CONTEXT"
time="2026-08-11T19:18:24+08:00" level=info msg="[UE][NAS] successful NAS MAC verification"
time="2026-08-11T19:18:24+08:00" level=info msg="[UE][NAS] Receive Security Mode Command"
time="2026-08-11T19:18:24+08:00" level=info msg="[UE][NAS] Type of ciphering algorithm is 5G-EA0"
time="2026-08-11T19:18:24+08:00" level=info msg="[UE][NAS] Type of integrity protection algorithm is 128-5G-IA2"
time="2026-08-11T19:18:24+08:00" level=info msg="[GNB][SCTP] Receive message in 0 stream\n"
time="2026-08-11T19:18:24+08:00" level=info msg="[GNB][NGAP] Receive Downlink NAS Transport"
time="2026-08-11T19:18:24+08:00" level=info msg="[UE][NAS] Message with security header"
time="2026-08-11T19:18:24+08:00" level=info msg="[UE][NAS] Message with integrity and with NEW 5G NAS SECURITY CONTEXT"
time="2026-08-11T19:18:24+08:00" level=info msg="[UE][NAS] successful NAS MAC verification"
time="2026-08-11T19:18:24+08:00" level=info msg="[UE][NAS] Receive Security Mode Command"
time="2026-08-11T19:18:24+08:00" level=info msg="[UE][NAS] Type of ciphering algorithm is 5G-EA0"
time="2026-08-11T19:18:24+08:00" level=info msg="[UE][NAS] Type of integrity protection algorithm is 128-5G-IA2"
time="2026-08-11T19:18:24+08:00" level=info msg="[GNB][SCTP] Receive message in 0 stream\n"
time="2026-08-11T19:18:24+08:00" level=info msg="[GNB][NGAP] Receive Downlink NAS Transport"
time="2026-08-11T19:18:24+08:00" level=info msg="[UE][NAS] Message with security header"
time="2026-08-11T19:18:24+08:00" level=info msg="[UE][NAS] Message with integrity and with NEW 5G NAS SECURITY CONTEXT"
time="2026-08-11T19:18:24+08:00" level=info msg="[UE][NAS] successful NAS MAC verification"
time="2026-08-11T19:18:24+08:00" level=info msg="[UE][NAS] Receive Security Mode Command"
time="2026-08-11T19:18:24+08:00" level=info msg="[UE][NAS] Type of ciphering algorithm is 5G-EA0"
time="2026-08-11T19:18:24+08:00" level=info msg="[UE][NAS] Type of integrity protection algorithm is 128-5G-IA2"
time="2026-08-11T19:18:24+08:00" level=info msg="[GNB][SCTP] Receive message in 0 stream\n"
time="2026-08-11T19:18:24+08:00" level=info msg="[GNB][NGAP] Receive Downlink NAS Transport"
time="2026-08-11T19:18:24+08:00" level=info msg="[UE][NAS] Message with security header"
time="2026-08-11T19:18:24+08:00" level=info msg="[UE][NAS] Message with integrity and with NEW 5G NAS SECURITY CONTEXT"
time="2026-08-11T19:18:24+08:00" level=info msg="[UE][NAS] successful NAS MAC verification"
time="2026-08-11T19:18:24+08:00" level=info msg="[UE][NAS] Receive Security Mode Command"
time="2026-08-11T19:18:24+08:00" level=info msg="[UE][NAS] Type of ciphering algorithm is 5G-EA0"
time="2026-08-11T19:18:24+08:00" level=info msg="[UE][NAS] Type of integrity protection algorithm is 128-5G-IA2"
time="2026-08-11T19:18:24+08:00" level=info msg="[GNB][SCTP] Receive message in 0 stream\n"
time="2026-08-11T19:18:24+08:00" level=info msg="[GNB][NGAP] Receive Downlink NAS Transport"
time="2026-08-11T19:18:24+08:00" level=info msg="[UE][NAS] Message with security header"
time="2026-08-11T19:18:24+08:00" level=info msg="[UE][NAS] Message with integrity and ciphered"
time="2026-08-11T19:18:24+08:00" level=info msg="[UE][NAS] successful NAS CIPHERING"
time="2026-08-11T19:18:24+08:00" level=info msg="[UE][NAS] successful NAS MAC verification"
time="2026-08-11T19:18:24+08:00" level=info msg="[UE][NAS] Receive Configuration Update Command"
time="2026-08-11T19:18:24+08:00" level=info msg="[UE] Initiating Configuration Update Complete"
time="2026-08-11T19:18:24+08:00" level=info msg="[GNB][SCTP] Receive message in 0 stream\n"
time="2026-08-11T19:18:24+08:00" level=info msg="[GNB][NGAP] Receive Initial Context Setup Request"
time="2026-08-11T19:18:24+08:00" level=info msg="[GNB][UE] UE Context was created with successful"
time="2026-08-11T19:18:24+08:00" level=info msg="[GNB][UE] UE RAN ID 61"
time="2026-08-11T19:18:24+08:00" level=info msg="[GNB][UE] UE AMF ID 284"
time="2026-08-11T19:18:24+08:00" level=info msg="[GNB][UE] UE Mobility Restrict --Plmn-- Mcc: 208 Mnc: 93"
time="2026-08-11T19:18:24+08:00" level=info msg="[GNB][UE] UE Masked Imeisv: 1110000000ffff00"
time="2026-08-11T19:18:24+08:00" level=info msg="[GNB][UE] Allowed Nssai-- Sst: [01 01] Sd: [010203 112233]"
time="2026-08-11T19:18:24+08:00" level=info msg="[GNB][NGAP][AMF] Send Initial Context Setup Response."
time="2026-08-11T19:18:24+08:00" level=info msg="[GNB] Initiating Initial Context Setup Response"
time="2026-08-11T19:18:24+08:00" level=info msg="[GNB][NGAP] No PDU Session to set up in InitialContextSetupResponse."
time="2026-08-11T19:18:24+08:00" level=info msg="[UE][NAS] Message with security header"
time="2026-08-11T19:18:24+08:00" level=info msg="[UE][NAS] Message with integrity and ciphered"
time="2026-08-11T19:18:24+08:00" level=info msg="[UE][NAS] successful NAS CIPHERING"
time="2026-08-11T19:18:24+08:00" level=info msg="[UE][NAS] successful NAS MAC verification"
time="2026-08-11T19:18:24+08:00" level=info msg="[UE][NAS] Receive Registration Accept"
time="2026-08-11T19:18:24+08:00" level=info msg="[UE][NAS] UE 5G GUTI: &{119 11 [242 2 248 57 202 254 0 0 0 1 24]}"
time="2026-08-11T19:18:24+08:00" level=info msg="[UE] Switched from state 2 to state 3"
time="2026-08-11T19:18:24+08:00" level=info msg="[GNB][SCTP] Receive message in 0 stream\n"
time="2026-08-11T19:18:24+08:00" level=info msg="[GNB][NGAP] Receive Initial Context Setup Request"
time="2026-08-11T19:18:24+08:00" level=info msg="[GNB][UE] UE Context was created with successful"
time="2026-08-11T19:18:24+08:00" level=info msg="[GNB][UE] UE RAN ID 62"
time="2026-08-11T19:18:24+08:00" level=info msg="[GNB][UE] UE AMF ID 277"
time="2026-08-11T19:18:24+08:00" level=info msg="[GNB][UE] UE Mobility Restrict --Plmn-- Mcc: 208 Mnc: 93"
time="2026-08-11T19:18:24+08:00" level=info msg="[GNB][UE] UE Masked Imeisv: 1110000000ffff00"
time="2026-08-11T19:18:24+08:00" level=info msg="[GNB][UE] Allowed Nssai-- Sst: [01 01] Sd: [010203 112233]"
time="2026-08-11T19:18:24+08:00" level=info msg="[GNB][NGAP][AMF] Send Initial Context Setup Response."
time="2026-08-11T19:18:24+08:00" level=info msg="[GNB] Initiating Initial Context Setup Response"
time="2026-08-11T19:18:24+08:00" level=info msg="[GNB][NGAP] No PDU Session to set up in InitialContextSetupResponse."
time="2026-08-11T19:18:24+08:00" level=info msg="[UE][NAS] Message with security header"
time="2026-08-11T19:18:24+08:00" level=info msg="[UE][NAS] Message with integrity and ciphered"
time="2026-08-11T19:18:24+08:00" level=info msg="[UE][NAS] successful NAS CIPHERING"
time="2026-08-11T19:18:24+08:00" level=info msg="[UE][NAS] successful NAS MAC verification"
time="2026-08-11T19:18:24+08:00" level=info msg="[UE][NAS] Receive Registration Accept"
time="2026-08-11T19:18:24+08:00" level=info msg="[UE][NAS] UE 5G GUTI: &{119 11 [242 2 248 57 202 254 0 0 0 1 17]}"
time="2026-08-11T19:18:24+08:00" level=info msg="[UE] Switched from state 2 to state 3"
time="2026-08-11T19:18:24+08:00" level=info msg="[GNB][SCTP] Receive message in 0 stream\n"
time="2026-08-11T19:18:24+08:00" level=info msg="[GNB][NGAP] Receive Downlink NAS Transport"
time="2026-08-11T19:18:24+08:00" level=info msg="[UE][NAS] Message with security header"
time="2026-08-11T19:18:24+08:00" level=info msg="[UE][NAS] Message with integrity and ciphered"
time="2026-08-11T19:18:24+08:00" level=info msg="[UE][NAS] successful NAS CIPHERING"
time="2026-08-11T19:18:24+08:00" level=info msg="[UE][NAS] successful NAS MAC verification"
time="2026-08-11T19:18:24+08:00" level=info msg="[UE][NAS] Receive Configuration Update Command"
time="2026-08-11T19:18:24+08:00" level=info msg="[UE] Initiating Configuration Update Complete"
time="2026-08-11T19:18:24+08:00" level=info msg="[GNB][SCTP] Receive message in 0 stream\n"
time="2026-08-11T19:18:24+08:00" level=info msg="[GNB][NGAP] Receive Downlink NAS Transport"
time="2026-08-11T19:18:24+08:00" level=info msg="[UE][NAS] Message without security header"
time="2026-08-11T19:18:24+08:00" level=info msg="[UE][NAS] Receive Authentication Request"
time="2026-08-11T19:18:24+08:00" level=info msg="[UE][NAS][MAC] Authenticity of the authentication request message: OK"
time="2026-08-11T19:18:24+08:00" level=info msg="[UE][NAS][SQN] SQN of the authentication request message: VALID"
time="2026-08-11T19:18:24+08:00" level=info msg="[UE][NAS] Send authentication response"
time="2026-08-11T19:18:24+08:00" level=info msg="[UE] Switched from state 1 to state 2"
time="2026-08-11T19:18:24+08:00" level=info msg="[GNB][SCTP] Receive message in 0 stream\n"
time="2026-08-11T19:18:24+08:00" level=info msg="[GNB][NGAP] Receive Downlink NAS Transport"
time="2026-08-11T19:18:24+08:00" level=info msg="[UE][NAS] Message without security header"
time="2026-08-11T19:18:24+08:00" level=info msg="[UE][NAS] Receive Authentication Request"
time="2026-08-11T19:18:24+08:00" level=info msg="[UE][NAS][MAC] Authenticity of the authentication request message: OK"
time="2026-08-11T19:18:24+08:00" level=info msg="[UE][NAS][SQN] SQN of the authentication request message: VALID"
time="2026-08-11T19:18:24+08:00" level=info msg="[UE][NAS] Send authentication response"
time="2026-08-11T19:18:24+08:00" level=info msg="[UE] Switched from state 1 to state 2"
time="2026-08-11T19:18:24+08:00" level=info msg="[GNB][SCTP] Receive message in 0 stream\n"
time="2026-08-11T19:18:24+08:00" level=info msg="[GNB][NGAP] Receive Downlink NAS Transport"
time="2026-08-11T19:18:24+08:00" level=info msg="[UE][NAS] Message with security header"
time="2026-08-11T19:18:24+08:00" level=info msg="[UE][NAS] Message with integrity and with NEW 5G NAS SECURITY CONTEXT"
time="2026-08-11T19:18:24+08:00" level=info msg="[UE][NAS] successful NAS MAC verification"
time="2026-08-11T19:18:24+08:00" level=info msg="[UE][NAS] Receive Security Mode Command"
time="2026-08-11T19:18:24+08:00" level=info msg="[UE][NAS] Type of ciphering algorithm is 5G-EA0"
time="2026-08-11T19:18:24+08:00" level=info msg="[UE][NAS] Type of integrity protection algorithm is 128-5G-IA2"
time="2026-08-11T19:18:24+08:00" level=info msg="[GNB][SCTP] Receive message in 0 stream\n"
time="2026-08-11T19:18:24+08:00" level=info msg="[GNB][SCTP] Receive message in 0 stream\n"
time="2026-08-11T19:18:24+08:00" level=info msg="[GNB][NGAP] Receive Initial Context Setup Request"
time="2026-08-11T19:18:24+08:00" level=info msg="[GNB][UE] UE Context was created with successful"
time="2026-08-11T19:18:24+08:00" level=info msg="[GNB][UE] UE RAN ID 36"
time="2026-08-11T19:18:24+08:00" level=info msg="[GNB][UE] UE AMF ID 261"
time="2026-08-11T19:18:24+08:00" level=info msg="[GNB][UE] UE Mobility Restrict --Plmn-- Mcc: 208 Mnc: 93"
time="2026-08-11T19:18:24+08:00" level=info msg="[GNB][UE] UE Masked Imeisv: 1110000000ffff00"
time="2026-08-11T19:18:24+08:00" level=info msg="[GNB][UE] Allowed Nssai-- Sst: [01 01] Sd: [010203 112233]"
time="2026-08-11T19:18:24+08:00" level=info msg="[GNB][NGAP][AMF] Send Initial Context Setup Response."
time="2026-08-11T19:18:24+08:00" level=info msg="[GNB] Initiating Initial Context Setup Response"
time="2026-08-11T19:18:24+08:00" level=info msg="[GNB][NGAP] No PDU Session to set up in InitialContextSetupResponse."
time="2026-08-11T19:18:24+08:00" level=info msg="[GNB][NGAP] Receive Initial Context Setup Request"
time="2026-08-11T19:18:24+08:00" level=info msg="[GNB][UE] UE Context was created with successful"
time="2026-08-11T19:18:24+08:00" level=info msg="[GNB][UE] UE RAN ID 75"
time="2026-08-11T19:18:24+08:00" level=info msg="[GNB][UE] UE AMF ID 290"
time="2026-08-11T19:18:24+08:00" level=info msg="[GNB][UE] UE Mobility Restrict --Plmn-- Mcc: 208 Mnc: 93"
time="2026-08-11T19:18:24+08:00" level=info msg="[GNB][UE] UE Masked Imeisv: 1110000000ffff00"
time="2026-08-11T19:18:24+08:00" level=info msg="[GNB][UE] Allowed Nssai-- Sst: [01 01] Sd: [010203 112233]"
time="2026-08-11T19:18:24+08:00" level=info msg="[GNB][NGAP][AMF] Send Initial Context Setup Response."
time="2026-08-11T19:18:24+08:00" level=info msg="[GNB] Initiating Initial Context Setup Response"
time="2026-08-11T19:18:24+08:00" level=info msg="[UE][NAS] Message with security header"
time="2026-08-11T19:18:24+08:00" level=info msg="[UE][NAS] Message with integrity and ciphered"
time="2026-08-11T19:18:24+08:00" level=info msg="[UE][NAS] successful NAS CIPHERING"
time="2026-08-11T19:18:24+08:00" level=info msg="[GNB][NGAP] No PDU Session to set up in InitialContextSetupResponse."
time="2026-08-11T19:18:24+08:00" level=info msg="[UE][NAS] successful NAS MAC verification"
time="2026-08-11T19:18:24+08:00" level=info msg="[UE][NAS] Receive Registration Accept"
time="2026-08-11T19:18:24+08:00" level=info msg="[UE][NAS] UE 5G GUTI: &{119 11 [242 2 248 57 202 254 0 0 0 1 30]}"
time="2026-08-11T19:18:24+08:00" level=info msg="[UE][NAS] Message with security header"
time="2026-08-11T19:18:24+08:00" level=info msg="[UE][NAS] Message with integrity and ciphered"
time="2026-08-11T19:18:24+08:00" level=info msg="[UE][NAS] successful NAS CIPHERING"
time="2026-08-11T19:18:24+08:00" level=info msg="[UE][NAS] successful NAS MAC verification"
time="2026-08-11T19:18:24+08:00" level=info msg="[UE][NAS] Receive Registration Accept"
time="2026-08-11T19:18:24+08:00" level=info msg="[UE][NAS] UE 5G GUTI: &{119 11 [242 2 248 57 202 254 0 0 0 1 1]}"
time="2026-08-11T19:18:24+08:00" level=info msg="[UE] Switched from state 2 to state 3"
time="2026-08-11T19:18:24+08:00" level=info msg="[UE] Switched from state 2 to state 3"
time="2026-08-11T19:18:24+08:00" level=info msg="[GNB][SCTP] Receive message in 0 stream\n"
time="2026-08-11T19:18:24+08:00" level=info msg="[GNB][SCTP] Receive message in 0 stream\n"
time="2026-08-11T19:18:24+08:00" level=info msg="[GNB][NGAP] Receive Initial Context Setup Request"
time="2026-08-11T19:18:24+08:00" level=info msg="[GNB][UE] UE Context was created with successful"
time="2026-08-11T19:18:24+08:00" level=info msg="[GNB][UE] UE RAN ID 48"
time="2026-08-11T19:18:24+08:00" level=info msg="[GNB][UE] UE AMF ID 276"
time="2026-08-11T19:18:24+08:00" level=info msg="[GNB][UE] UE Mobility Restrict --Plmn-- Mcc: 208 Mnc: 93"
time="2026-08-11T19:18:24+08:00" level=info msg="[GNB][UE] UE Masked Imeisv: 1110000000ffff00"
time="2026-08-11T19:18:24+08:00" level=info msg="[GNB][UE] Allowed Nssai-- Sst: [01 01] Sd: [010203 112233]"
time="2026-08-11T19:18:24+08:00" level=info msg="[GNB][NGAP][AMF] Send Initial Context Setup Response."
time="2026-08-11T19:18:24+08:00" level=info msg="[GNB] Initiating Initial Context Setup Response"
time="2026-08-11T19:18:24+08:00" level=info msg="[GNB][NGAP] No PDU Session to set up in InitialContextSetupResponse."
time="2026-08-11T19:18:24+08:00" level=info msg="[GNB][NGAP] Receive Downlink NAS Transport"
time="2026-08-11T19:18:24+08:00" level=info msg="[UE][NAS] Message with security header"
time="2026-08-11T19:18:24+08:00" level=info msg="[UE][NAS] Message with integrity and ciphered"
time="2026-08-11T19:18:24+08:00" level=info msg="[UE][NAS] successful NAS CIPHERING"
time="2026-08-11T19:18:24+08:00" level=info msg="[UE][NAS] successful NAS MAC verification"
time="2026-08-11T19:18:24+08:00" level=info msg="[UE][NAS] Receive Configuration Update Command"
time="2026-08-11T19:18:24+08:00" level=info msg="[UE] Initiating Configuration Update Complete"
time="2026-08-11T19:18:24+08:00" level=info msg="[UE][NAS] Message with security header"
time="2026-08-11T19:18:24+08:00" level=info msg="[UE][NAS] Message with integrity and ciphered"
time="2026-08-11T19:18:24+08:00" level=info msg="[UE][NAS] successful NAS CIPHERING"
time="2026-08-11T19:18:24+08:00" level=info msg="[UE][NAS] successful NAS MAC verification"
time="2026-08-11T19:18:24+08:00" level=info msg="[UE][NAS] Receive Registration Accept"
time="2026-08-11T19:18:24+08:00" level=info msg="[UE][NAS] UE 5G GUTI: &{119 11 [242 2 248 57 202 254 0 0 0 1 16]}"
time="2026-08-11T19:18:24+08:00" level=info msg="[UE] Switched from state 2 to state 3"
time="2026-08-11T19:18:24+08:00" level=info msg="[GNB][SCTP] Receive message in 0 stream\n"
time="2026-08-11T19:18:24+08:00" level=info msg="[GNB][NGAP] Receive Downlink NAS Transport"
time="2026-08-11T19:18:24+08:00" level=info msg="[UE][NAS] Message without security header"
time="2026-08-11T19:18:24+08:00" level=info msg="[UE][NAS] Receive Authentication Request"
time="2026-08-11T19:18:24+08:00" level=info msg="[UE][NAS][MAC] Authenticity of the authentication request message: OK"
time="2026-08-11T19:18:24+08:00" level=info msg="[UE][NAS][SQN] SQN of the authentication request message: VALID"
time="2026-08-11T19:18:24+08:00" level=info msg="[UE][NAS] Send authentication response"
time="2026-08-11T19:18:24+08:00" level=info msg="[UE] Switched from state 1 to state 2"
time="2026-08-11T19:18:24+08:00" level=info msg="[GNB][SCTP] Receive message in 0 stream\n"
time="2026-08-11T19:18:24+08:00" level=info msg="[GNB][NGAP] Receive Downlink NAS Transport"
time="2026-08-11T19:18:24+08:00" level=info msg="[UE][NAS] Message with security header"
time="2026-08-11T19:18:24+08:00" level=info msg="[UE][NAS] Message with integrity and with NEW 5G NAS SECURITY CONTEXT"
time="2026-08-11T19:18:24+08:00" level=info msg="[UE][NAS] successful NAS MAC verification"
time="2026-08-11T19:18:24+08:00" level=info msg="[UE][NAS] Receive Security Mode Command"
time="2026-08-11T19:18:24+08:00" level=info msg="[UE][NAS] Type of ciphering algorithm is 5G-EA0"
time="2026-08-11T19:18:24+08:00" level=info msg="[UE][NAS] Type of integrity protection algorithm is 128-5G-IA2"
time="2026-08-11T19:18:24+08:00" level=info msg="[GNB][SCTP] Receive message in 0 stream\n"
time="2026-08-11T19:18:24+08:00" level=info msg="[GNB][NGAP] Receive Initial Context Setup Request"
time="2026-08-11T19:18:24+08:00" level=info msg="[GNB][UE] UE Context was created with successful"
time="2026-08-11T19:18:24+08:00" level=info msg="[GNB][UE] UE RAN ID 63"
time="2026-08-11T19:18:24+08:00" level=info msg="[GNB][UE] UE AMF ID 283"
time="2026-08-11T19:18:24+08:00" level=info msg="[GNB][UE] UE Mobility Restrict --Plmn-- Mcc: 208 Mnc: 93"
time="2026-08-11T19:18:24+08:00" level=info msg="[GNB][UE] UE Masked Imeisv: 1110000000ffff00"
time="2026-08-11T19:18:24+08:00" level=info msg="[GNB][UE] Allowed Nssai-- Sst: [01 01] Sd: [010203 112233]"
time="2026-08-11T19:18:24+08:00" level=info msg="[GNB][NGAP][AMF] Send Initial Context Setup Response."
time="2026-08-11T19:18:24+08:00" level=info msg="[GNB] Initiating Initial Context Setup Response"
time="2026-08-11T19:18:24+08:00" level=info msg="[GNB][NGAP] No PDU Session to set up in InitialContextSetupResponse."
time="2026-08-11T19:18:24+08:00" level=info msg="[UE][NAS] Message with security header"
time="2026-08-11T19:18:24+08:00" level=info msg="[UE][NAS] Message with integrity and ciphered"
time="2026-08-11T19:18:24+08:00" level=info msg="[UE][NAS] successful NAS CIPHERING"
time="2026-08-11T19:18:24+08:00" level=info msg="[UE][NAS] successful NAS MAC verification"
time="2026-08-11T19:18:24+08:00" level=info msg="[UE][NAS] Receive Registration Accept"
time="2026-08-11T19:18:24+08:00" level=info msg="[UE][NAS] UE 5G GUTI: &{119 11 [242 2 248 57 202 254 0 0 0 1 23]}"
time="2026-08-11T19:18:24+08:00" level=info msg="[UE] Switched from state 2 to state 3"
time="2026-08-11T19:18:24+08:00" level=info msg="[GNB][SCTP] Receive message in 0 stream\n"
time="2026-08-11T19:18:24+08:00" level=info msg="[GNB][NGAP] Receive Downlink NAS Transport"
time="2026-08-11T19:18:24+08:00" level=info msg="[UE][NAS] Message with security header"
time="2026-08-11T19:18:24+08:00" level=info msg="[UE][NAS] Message with integrity and ciphered"
time="2026-08-11T19:18:24+08:00" level=info msg="[UE][NAS] successful NAS CIPHERING"
time="2026-08-11T19:18:24+08:00" level=info msg="[UE][NAS] successful NAS MAC verification"
time="2026-08-11T19:18:24+08:00" level=info msg="[UE][NAS] Receive Configuration Update Command"
time="2026-08-11T19:18:24+08:00" level=info msg="[UE] Initiating Configuration Update Complete"
time="2026-08-11T19:18:25+08:00" level=info msg="[GNB][SCTP] Receive message in 0 stream\n"
time="2026-08-11T19:18:25+08:00" level=info msg="[GNB][NGAP] Receive Downlink NAS Transport"
time="2026-08-11T19:18:25+08:00" level=info msg="[UE][NAS] Message without security header"
time="2026-08-11T19:18:25+08:00" level=info msg="[UE][NAS] Receive Authentication Request"
time="2026-08-11T19:18:25+08:00" level=info msg="[UE][NAS][MAC] Authenticity of the authentication request message: OK"
time="2026-08-11T19:18:25+08:00" level=info msg="[UE][NAS][SQN] SQN of the authentication request message: VALID"
time="2026-08-11T19:18:25+08:00" level=info msg="[UE][NAS] Send authentication response"
time="2026-08-11T19:18:25+08:00" level=info msg="[UE] Switched from state 1 to state 2"
time="2026-08-11T19:18:25+08:00" level=info msg="[GNB][SCTP] Receive message in 0 stream\n"
time="2026-08-11T19:18:25+08:00" level=info msg="[GNB][NGAP] Receive Downlink NAS Transport"
time="2026-08-11T19:18:25+08:00" level=info msg="[UE][NAS] Message without security header"
time="2026-08-11T19:18:25+08:00" level=info msg="[UE][NAS] Receive Authentication Request"
time="2026-08-11T19:18:25+08:00" level=info msg="[UE][NAS][MAC] Authenticity of the authentication request message: OK"
time="2026-08-11T19:18:25+08:00" level=info msg="[UE][NAS][SQN] SQN of the authentication request message: VALID"
time="2026-08-11T19:18:25+08:00" level=info msg="[UE][NAS] Send authentication response"
time="2026-08-11T19:18:25+08:00" level=info msg="[UE] Switched from state 2 to state 2"
time="2026-08-11T19:18:25+08:00" level=info msg="[GNB][SCTP] Receive message in 0 stream\n"
time="2026-08-11T19:18:25+08:00" level=info msg="[GNB][NGAP] Receive Initial Context Setup Request"
time="2026-08-11T19:18:25+08:00" level=info msg="[GNB][UE] UE Context was created with successful"
time="2026-08-11T19:18:25+08:00" level=info msg="[GNB][UE] UE RAN ID 55"
time="2026-08-11T19:18:25+08:00" level=info msg="[GNB][UE] UE AMF ID 282"
time="2026-08-11T19:18:25+08:00" level=info msg="[GNB][UE] UE Mobility Restrict --Plmn-- Mcc: 208 Mnc: 93"
time="2026-08-11T19:18:25+08:00" level=info msg="[GNB][UE] UE Masked Imeisv: 1110000000ffff00"
time="2026-08-11T19:18:25+08:00" level=info msg="[GNB][UE] Allowed Nssai-- Sst: [01 01] Sd: [010203 112233]"
time="2026-08-11T19:18:25+08:00" level=info msg="[GNB][NGAP][AMF] Send Initial Context Setup Response."
time="2026-08-11T19:18:25+08:00" level=info msg="[GNB] Initiating Initial Context Setup Response"
time="2026-08-11T19:18:25+08:00" level=info msg="[GNB][NGAP] No PDU Session to set up in InitialContextSetupResponse."
time="2026-08-11T19:18:25+08:00" level=info msg="[UE][NAS] Message with security header"
time="2026-08-11T19:18:25+08:00" level=info msg="[UE][NAS] Message with integrity and ciphered"
time="2026-08-11T19:18:25+08:00" level=info msg="[UE][NAS] successful NAS CIPHERING"
time="2026-08-11T19:18:25+08:00" level=info msg="[UE][NAS] successful NAS MAC verification"
time="2026-08-11T19:18:25+08:00" level=info msg="[UE][NAS] Receive Registration Accept"
time="2026-08-11T19:18:25+08:00" level=info msg="[UE][NAS] UE 5G GUTI: &{119 11 [242 2 248 57 202 254 0 0 0 1 22]}"
time="2026-08-11T19:18:25+08:00" level=info msg="[UE] Switched from state 2 to state 3"
time="2026-08-11T19:18:25+08:00" level=info msg="[GNB][SCTP] Receive message in 0 stream\n"
time="2026-08-11T19:18:25+08:00" level=info msg="[GNB][NGAP] Receive Initial Context Setup Request"
time="2026-08-11T19:18:25+08:00" level=info msg="[GNB][UE] UE Context was created with successful"
time="2026-08-11T19:18:25+08:00" level=info msg="[GNB][UE] UE RAN ID 72"
time="2026-08-11T19:18:25+08:00" level=info msg="[GNB][UE] UE AMF ID 296"
time="2026-08-11T19:18:25+08:00" level=info msg="[GNB][UE] UE Mobility Restrict --Plmn-- Mcc: 208 Mnc: 93"
time="2026-08-11T19:18:25+08:00" level=info msg="[GNB][UE] UE Masked Imeisv: 1110000000ffff00"
time="2026-08-11T19:18:25+08:00" level=info msg="[GNB][UE] Allowed Nssai-- Sst: [01 01] Sd: [010203 112233]"
time="2026-08-11T19:18:25+08:00" level=info msg="[GNB][NGAP][AMF] Send Initial Context Setup Response."
time="2026-08-11T19:18:25+08:00" level=info msg="[GNB] Initiating Initial Context Setup Response"
time="2026-08-11T19:18:25+08:00" level=info msg="[GNB][NGAP] No PDU Session to set up in InitialContextSetupResponse."
time="2026-08-11T19:18:25+08:00" level=info msg="[UE][NAS] Message with security header"
time="2026-08-11T19:18:25+08:00" level=info msg="[UE][NAS] Message with integrity and ciphered"
time="2026-08-11T19:18:25+08:00" level=info msg="[UE][NAS] successful NAS CIPHERING"
time="2026-08-11T19:18:25+08:00" level=info msg="[UE][NAS] successful NAS MAC verification"
time="2026-08-11T19:18:25+08:00" level=info msg="[UE][NAS] Receive Registration Accept"
time="2026-08-11T19:18:25+08:00" level=info msg="[UE][NAS] UE 5G GUTI: &{119 11 [242 2 248 57 202 254 0 0 0 1 36]}"
time="2026-08-11T19:18:25+08:00" level=info msg="[UE] Switched from state 2 to state 3"
time="2026-08-11T19:18:25+08:00" level=info msg="[GNB][SCTP] Receive message in 0 stream\n"
time="2026-08-11T19:18:25+08:00" level=info msg="[GNB][NGAP] Receive Downlink NAS Transport"
time="2026-08-11T19:18:25+08:00" level=info msg="[UE][NAS] Message with security header"
time="2026-08-11T19:18:25+08:00" level=info msg="[UE][NAS] Message with integrity and with NEW 5G NAS SECURITY CONTEXT"
time="2026-08-11T19:18:25+08:00" level=info msg="[UE][NAS] successful NAS MAC verification"
time="2026-08-11T19:18:25+08:00" level=info msg="[UE][NAS] Receive Security Mode Command"
time="2026-08-11T19:18:25+08:00" level=info msg="[UE][NAS] Type of ciphering algorithm is 5G-EA0"
time="2026-08-11T19:18:25+08:00" level=info msg="[UE][NAS] Type of integrity protection algorithm is 128-5G-IA2"
time="2026-08-11T19:18:25+08:00" level=info msg="[GNB][SCTP] Receive message in 0 stream\n"
time="2026-08-11T19:18:25+08:00" level=info msg="[GNB][NGAP] Receive Downlink NAS Transport"
time="2026-08-11T19:18:25+08:00" level=info msg="[UE][NAS] Message with security header"
time="2026-08-11T19:18:25+08:00" level=info msg="[UE][NAS] Message with integrity and with NEW 5G NAS SECURITY CONTEXT"
time="2026-08-11T19:18:25+08:00" level=info msg="[UE][NAS] successful NAS MAC verification"
time="2026-08-11T19:18:25+08:00" level=info msg="[UE][NAS] Receive Security Mode Command"
time="2026-08-11T19:18:25+08:00" level=info msg="[UE][NAS] Type of ciphering algorithm is 5G-EA0"
time="2026-08-11T19:18:25+08:00" level=info msg="[UE][NAS] Type of integrity protection algorithm is 128-5G-IA2"
time="2026-08-11T19:18:25+08:00" level=info msg="[GNB][SCTP] Receive message in 0 stream\n"
time="2026-08-11T19:18:25+08:00" level=info msg="[GNB][NGAP] Receive Downlink NAS Transport"
time="2026-08-11T19:18:25+08:00" level=info msg="[UE][NAS] Message with security header"
time="2026-08-11T19:18:25+08:00" level=info msg="[UE][NAS] Message with integrity and ciphered"
time="2026-08-11T19:18:25+08:00" level=info msg="[UE][NAS] successful NAS CIPHERING"
time="2026-08-11T19:18:25+08:00" level=info msg="[UE][NAS] successful NAS MAC verification"
time="2026-08-11T19:18:25+08:00" level=info msg="[UE][NAS] Receive Configuration Update Command"
time="2026-08-11T19:18:25+08:00" level=info msg="[UE] Initiating Configuration Update Complete"
time="2026-08-11T19:18:25+08:00" level=info msg="[GNB][SCTP] Receive message in 0 stream\n"
time="2026-08-11T19:18:25+08:00" level=info msg="[GNB][NGAP] Receive Initial Context Setup Request"
time="2026-08-11T19:18:25+08:00" level=info msg="[GNB][UE] UE Context was created with successful"
time="2026-08-11T19:18:25+08:00" level=info msg="[GNB][UE] UE RAN ID 50"
time="2026-08-11T19:18:25+08:00" level=info msg="[GNB][UE] UE AMF ID 273"
time="2026-08-11T19:18:25+08:00" level=info msg="[GNB][UE] UE Mobility Restrict --Plmn-- Mcc: 208 Mnc: 93"
time="2026-08-11T19:18:25+08:00" level=info msg="[GNB][UE] UE Masked Imeisv: 1110000000ffff00"
time="2026-08-11T19:18:25+08:00" level=info msg="[GNB][UE] Allowed Nssai-- Sst: [01 01] Sd: [010203 112233]"
time="2026-08-11T19:18:25+08:00" level=info msg="[GNB][NGAP][AMF] Send Initial Context Setup Response."
time="2026-08-11T19:18:25+08:00" level=info msg="[GNB] Initiating Initial Context Setup Response"
time="2026-08-11T19:18:25+08:00" level=info msg="[GNB][NGAP] No PDU Session to set up in InitialContextSetupResponse."
time="2026-08-11T19:18:25+08:00" level=info msg="[UE][NAS] Message with security header"
time="2026-08-11T19:18:25+08:00" level=info msg="[UE][NAS] Message with integrity and ciphered"
time="2026-08-11T19:18:25+08:00" level=info msg="[UE][NAS] successful NAS CIPHERING"
time="2026-08-11T19:18:25+08:00" level=info msg="[UE][NAS] successful NAS MAC verification"
time="2026-08-11T19:18:25+08:00" level=info msg="[UE][NAS] Receive Registration Accept"
time="2026-08-11T19:18:25+08:00" level=info msg="[UE][NAS] UE 5G GUTI: &{119 11 [242 2 248 57 202 254 0 0 0 1 13]}"
time="2026-08-11T19:18:25+08:00" level=info msg="[UE] Switched from state 2 to state 3"
time="2026-08-11T19:18:25+08:00" level=info msg="[GNB][SCTP] Receive message in 0 stream\n"
time="2026-08-11T19:18:25+08:00" level=info msg="[GNB][NGAP] Receive Downlink NAS Transport"
time="2026-08-11T19:18:25+08:00" level=info msg="[UE][NAS] Message without security header"
time="2026-08-11T19:18:25+08:00" level=info msg="[UE][NAS] Receive Authentication Request"
time="2026-08-11T19:18:25+08:00" level=info msg="[UE][NAS][MAC] Authenticity of the authentication request message: OK"
time="2026-08-11T19:18:25+08:00" level=info msg="[UE][NAS][SQN] SQN of the authentication request message: VALID"
time="2026-08-11T19:18:25+08:00" level=info msg="[UE][NAS] Send authentication response"
time="2026-08-11T19:18:25+08:00" level=info msg="[UE] Switched from state 1 to state 2"
time="2026-08-11T19:18:25+08:00" level=info msg="[GNB][SCTP] Receive message in 0 stream\n"
time="2026-08-11T19:18:25+08:00" level=info msg="[GNB][NGAP] Receive Initial Context Setup Request"
time="2026-08-11T19:18:25+08:00" level=info msg="[GNB][UE] UE Context was created with successful"
time="2026-08-11T19:18:25+08:00" level=info msg="[GNB][UE] UE RAN ID 67"
time="2026-08-11T19:18:25+08:00" level=info msg="[GNB][UE] UE AMF ID 289"
time="2026-08-11T19:18:25+08:00" level=info msg="[GNB][UE] UE Mobility Restrict --Plmn-- Mcc: 208 Mnc: 93"
time="2026-08-11T19:18:25+08:00" level=info msg="[GNB][UE] UE Masked Imeisv: 1110000000ffff00"
time="2026-08-11T19:18:25+08:00" level=info msg="[GNB][UE] Allowed Nssai-- Sst: [01 01] Sd: [010203 112233]"
time="2026-08-11T19:18:25+08:00" level=info msg="[GNB][NGAP][AMF] Send Initial Context Setup Response."
time="2026-08-11T19:18:25+08:00" level=info msg="[GNB] Initiating Initial Context Setup Response"
time="2026-08-11T19:18:25+08:00" level=info msg="[GNB][NGAP] No PDU Session to set up in InitialContextSetupResponse."
time="2026-08-11T19:18:25+08:00" level=info msg="[UE][NAS] Message with security header"
time="2026-08-11T19:18:25+08:00" level=info msg="[UE][NAS] Message with integrity and ciphered"
time="2026-08-11T19:18:25+08:00" level=info msg="[UE][NAS] successful NAS CIPHERING"
time="2026-08-11T19:18:25+08:00" level=info msg="[UE][NAS] successful NAS MAC verification"
time="2026-08-11T19:18:25+08:00" level=info msg="[UE][NAS] Receive Registration Accept"
time="2026-08-11T19:18:25+08:00" level=info msg="[UE][NAS] UE 5G GUTI: &{119 11 [242 2 248 57 202 254 0 0 0 1 29]}"
time="2026-08-11T19:18:25+08:00" level=info msg="[UE] Switched from state 2 to state 3"
time="2026-08-11T19:18:25+08:00" level=info msg="[GNB][SCTP] Receive message in 0 stream\n"
time="2026-08-11T19:18:25+08:00" level=info msg="[GNB][SCTP] Receive message in 0 stream\n"
time="2026-08-11T19:18:25+08:00" level=info msg="[GNB][NGAP] Receive Downlink NAS Transport"
time="2026-08-11T19:18:25+08:00" level=info msg="[UE][NAS] Message with security header"
time="2026-08-11T19:18:25+08:00" level=info msg="[UE][NAS] Message with integrity and ciphered"
time="2026-08-11T19:18:25+08:00" level=info msg="[UE][NAS] successful NAS CIPHERING"
time="2026-08-11T19:18:25+08:00" level=info msg="[UE][NAS] successful NAS MAC verification"
time="2026-08-11T19:18:25+08:00" level=info msg="[UE][NAS] Receive Configuration Update Command"
time="2026-08-11T19:18:25+08:00" level=info msg="[UE] Initiating Configuration Update Complete"
time="2026-08-11T19:18:25+08:00" level=info msg="[GNB][NGAP] Receive Initial Context Setup Request"
time="2026-08-11T19:18:25+08:00" level=info msg="[GNB][UE] UE Context was created with successful"
time="2026-08-11T19:18:25+08:00" level=info msg="[GNB][UE] UE RAN ID 59"
time="2026-08-11T19:18:25+08:00" level=info msg="[GNB][UE] UE AMF ID 288"
time="2026-08-11T19:18:25+08:00" level=info msg="[GNB][UE] UE Mobility Restrict --Plmn-- Mcc: 208 Mnc: 93"
time="2026-08-11T19:18:25+08:00" level=info msg="[GNB][UE] UE Masked Imeisv: 1110000000ffff00"
time="2026-08-11T19:18:25+08:00" level=info msg="[GNB][UE] Allowed Nssai-- Sst: [01 01] Sd: [010203 112233]"
time="2026-08-11T19:18:25+08:00" level=info msg="[GNB][NGAP][AMF] Send Initial Context Setup Response."
time="2026-08-11T19:18:25+08:00" level=info msg="[GNB] Initiating Initial Context Setup Response"
time="2026-08-11T19:18:25+08:00" level=info msg="[GNB][NGAP] No PDU Session to set up in InitialContextSetupResponse."
time="2026-08-11T19:18:25+08:00" level=info msg="[UE][NAS] Message with security header"
time="2026-08-11T19:18:25+08:00" level=info msg="[UE][NAS] Message with integrity and ciphered"
time="2026-08-11T19:18:25+08:00" level=info msg="[UE][NAS] successful NAS CIPHERING"
time="2026-08-11T19:18:25+08:00" level=info msg="[UE][NAS] successful NAS MAC verification"
time="2026-08-11T19:18:25+08:00" level=info msg="[UE][NAS] Receive Registration Accept"
time="2026-08-11T19:18:25+08:00" level=info msg="[UE][NAS] UE 5G GUTI: &{119 11 [242 2 248 57 202 254 0 0 0 1 28]}"
time="2026-08-11T19:18:25+08:00" level=info msg="[UE] Switched from state 2 to state 3"
time="2026-08-11T19:18:25+08:00" level=info msg="[GNB][SCTP] Receive message in 0 stream\n"
time="2026-08-11T19:18:25+08:00" level=info msg="[GNB][NGAP] Receive Downlink NAS Transport"
time="2026-08-11T19:18:25+08:00" level=info msg="[UE][NAS] Message with security header"
time="2026-08-11T19:18:25+08:00" level=info msg="[UE][NAS] Message with integrity and with NEW 5G NAS SECURITY CONTEXT"
time="2026-08-11T19:18:25+08:00" level=info msg="[UE][NAS] successful NAS MAC verification"
time="2026-08-11T19:18:25+08:00" level=info msg="[UE][NAS] Receive Security Mode Command"
time="2026-08-11T19:18:25+08:00" level=info msg="[UE][NAS] Type of ciphering algorithm is 5G-EA0"
time="2026-08-11T19:18:25+08:00" level=info msg="[UE][NAS] Type of integrity protection algorithm is 128-5G-IA2"
time="2026-08-11T19:18:25+08:00" level=info msg="[GNB][SCTP] Receive message in 0 stream\n"
time="2026-08-11T19:18:25+08:00" level=info msg="[GNB][NGAP] Receive Downlink NAS Transport"
time="2026-08-11T19:18:25+08:00" level=info msg="[UE][NAS] Message with security header"
time="2026-08-11T19:18:25+08:00" level=info msg="[UE][NAS] Message with integrity and ciphered"
time="2026-08-11T19:18:25+08:00" level=info msg="[UE][NAS] successful NAS CIPHERING"
time="2026-08-11T19:18:25+08:00" level=info msg="[UE][NAS] successful NAS MAC verification"
time="2026-08-11T19:18:25+08:00" level=info msg="[UE][NAS] Receive Configuration Update Command"
time="2026-08-11T19:18:25+08:00" level=info msg="[UE] Initiating Configuration Update Complete"
time="2026-08-11T19:18:25+08:00" level=info msg="[GNB][SCTP] Receive message in 0 stream\n"
time="2026-08-11T19:18:25+08:00" level=info msg="[GNB][SCTP] Receive message in 0 stream\n"
time="2026-08-11T19:18:25+08:00" level=info msg="[GNB][NGAP] Receive Initial Context Setup Request"
time="2026-08-11T19:18:25+08:00" level=info msg="[GNB][UE] UE Context was created with successful"
time="2026-08-11T19:18:25+08:00" level=info msg="[GNB][UE] UE RAN ID 57"
time="2026-08-11T19:18:25+08:00" level=info msg="[GNB][UE] UE AMF ID 279"
time="2026-08-11T19:18:25+08:00" level=info msg="[GNB][UE] UE Mobility Restrict --Plmn-- Mcc: 208 Mnc: 93"
time="2026-08-11T19:18:25+08:00" level=info msg="[GNB][UE] UE Masked Imeisv: 1110000000ffff00"
time="2026-08-11T19:18:25+08:00" level=info msg="[GNB][UE] Allowed Nssai-- Sst: [01 01] Sd: [010203 112233]"
time="2026-08-11T19:18:25+08:00" level=info msg="[GNB][NGAP][AMF] Send Initial Context Setup Response."
time="2026-08-11T19:18:25+08:00" level=info msg="[GNB] Initiating Initial Context Setup Response"
time="2026-08-11T19:18:25+08:00" level=info msg="[GNB][NGAP] No PDU Session to set up in InitialContextSetupResponse."
time="2026-08-11T19:18:25+08:00" level=info msg="[UE][NAS] Message with security header"
time="2026-08-11T19:18:25+08:00" level=info msg="[UE][NAS] Message with integrity and ciphered"
time="2026-08-11T19:18:25+08:00" level=info msg="[UE][NAS] successful NAS CIPHERING"
time="2026-08-11T19:18:25+08:00" level=info msg="[UE][NAS] successful NAS MAC verification"
time="2026-08-11T19:18:25+08:00" level=info msg="[UE][NAS] Receive Registration Accept"
time="2026-08-11T19:18:25+08:00" level=info msg="[UE][NAS] UE 5G GUTI: &{119 11 [242 2 248 57 202 254 0 0 0 1 19]}"
time="2026-08-11T19:18:25+08:00" level=info msg="[GNB][NGAP] Receive Initial Context Setup Request"
time="2026-08-11T19:18:25+08:00" level=info msg="[GNB][UE] UE Context was created with successful"
time="2026-08-11T19:18:25+08:00" level=info msg="[GNB][UE] UE RAN ID 87"
time="2026-08-11T19:18:25+08:00" level=info msg="[GNB][UE] UE AMF ID 302"
time="2026-08-11T19:18:25+08:00" level=info msg="[GNB][UE] UE Mobility Restrict --Plmn-- Mcc: 208 Mnc: 93"
time="2026-08-11T19:18:25+08:00" level=info msg="[GNB][UE] UE Masked Imeisv: 1110000000ffff00"
time="2026-08-11T19:18:25+08:00" level=info msg="[GNB][UE] Allowed Nssai-- Sst: [01 01] Sd: [010203 112233]"
time="2026-08-11T19:18:25+08:00" level=info msg="[GNB][NGAP][AMF] Send Initial Context Setup Response."
time="2026-08-11T19:18:25+08:00" level=info msg="[GNB] Initiating Initial Context Setup Response"
time="2026-08-11T19:18:25+08:00" level=info msg="[GNB][NGAP] No PDU Session to set up in InitialContextSetupResponse."
time="2026-08-11T19:18:25+08:00" level=info msg="[UE][NAS] Message with security header"
time="2026-08-11T19:18:25+08:00" level=info msg="[UE][NAS] Message with integrity and ciphered"
time="2026-08-11T19:18:25+08:00" level=info msg="[UE][NAS] successful NAS CIPHERING"
time="2026-08-11T19:18:25+08:00" level=info msg="[UE][NAS] successful NAS MAC verification"
time="2026-08-11T19:18:25+08:00" level=info msg="[UE][NAS] Receive Registration Accept"
time="2026-08-11T19:18:25+08:00" level=info msg="[UE][NAS] UE 5G GUTI: &{119 11 [242 2 248 57 202 254 0 0 0 1 42]}"
time="2026-08-11T19:18:25+08:00" level=info msg="[UE] Switched from state 2 to state 3"
time="2026-08-11T19:18:25+08:00" level=info msg="[GNB][SCTP] Receive message in 0 stream\n"
time="2026-08-11T19:18:25+08:00" level=info msg="[UE] Switched from state 2 to state 3"
time="2026-08-11T19:18:25+08:00" level=info msg="[GNB][NGAP] Receive Downlink NAS Transport"
time="2026-08-11T19:18:25+08:00" level=info msg="[UE][NAS] Message with security header"
time="2026-08-11T19:18:25+08:00" level=info msg="[UE][NAS] Message with integrity and ciphered"
time="2026-08-11T19:18:25+08:00" level=info msg="[UE][NAS] successful NAS CIPHERING"
time="2026-08-11T19:18:25+08:00" level=info msg="[UE][NAS] successful NAS MAC verification"
time="2026-08-11T19:18:25+08:00" level=info msg="[UE][NAS] Receive Configuration Update Command"
time="2026-08-11T19:18:25+08:00" level=info msg="[UE] Initiating Configuration Update Complete"
time="2026-08-11T19:18:25+08:00" level=info msg="[GNB][SCTP] Receive message in 0 stream\n"
time="2026-08-11T19:18:25+08:00" level=info msg="[GNB][NGAP] Receive Downlink NAS Transport"
time="2026-08-11T19:18:25+08:00" level=info msg="[UE][NAS] Message without security header"
time="2026-08-11T19:18:25+08:00" level=info msg="[UE][NAS] Receive Authentication Request"
time="2026-08-11T19:18:25+08:00" level=info msg="[UE][NAS][MAC] Authenticity of the authentication request message: OK"
time="2026-08-11T19:18:25+08:00" level=info msg="[UE][NAS][SQN] SQN of the authentication request message: VALID"
time="2026-08-11T19:18:25+08:00" level=info msg="[UE][NAS] Send authentication response"
time="2026-08-11T19:18:25+08:00" level=info msg="[UE] Switched from state 1 to state 2"
time="2026-08-11T19:18:25+08:00" level=info msg="[GNB][SCTP] Receive message in 0 stream\n"
time="2026-08-11T19:18:25+08:00" level=info msg="[GNB][NGAP] Receive Downlink NAS Transport"
time="2026-08-11T19:18:25+08:00" level=info msg="[UE][NAS] Message without security header"
time="2026-08-11T19:18:25+08:00" level=info msg="[UE][NAS] Receive Authentication Request"
time="2026-08-11T19:18:25+08:00" level=info msg="[UE][NAS][MAC] Authenticity of the authentication request message: OK"
time="2026-08-11T19:18:25+08:00" level=info msg="[UE][NAS][SQN] SQN of the authentication request message: VALID"
time="2026-08-11T19:18:25+08:00" level=info msg="[UE][NAS] Send authentication response"
time="2026-08-11T19:18:25+08:00" level=info msg="[UE] Switched from state 2 to state 2"
time="2026-08-11T19:18:25+08:00" level=info msg="[GNB][SCTP] Receive message in 0 stream\n"
time="2026-08-11T19:18:25+08:00" level=info msg="[GNB][NGAP] Receive Downlink NAS Transport"
time="2026-08-11T19:18:25+08:00" level=info msg="[UE][NAS] Message with security header"
time="2026-08-11T19:18:25+08:00" level=info msg="[UE][NAS] Message with integrity and with NEW 5G NAS SECURITY CONTEXT"
time="2026-08-11T19:18:25+08:00" level=info msg="[UE][NAS] successful NAS MAC verification"
time="2026-08-11T19:18:25+08:00" level=info msg="[UE][NAS] Receive Security Mode Command"
time="2026-08-11T19:18:25+08:00" level=info msg="[UE][NAS] Type of ciphering algorithm is 5G-EA0"
time="2026-08-11T19:18:25+08:00" level=info msg="[UE][NAS] Type of integrity protection algorithm is 128-5G-IA2"
time="2026-08-11T19:18:25+08:00" level=info msg="[GNB][SCTP] Receive message in 0 stream\n"
time="2026-08-11T19:18:25+08:00" level=info msg="[GNB][NGAP] Receive Downlink NAS Transport"
time="2026-08-11T19:18:25+08:00" level=info msg="[UE][NAS] Message without security header"
time="2026-08-11T19:18:25+08:00" level=info msg="[UE][NAS] Receive Authentication Request"
time="2026-08-11T19:18:25+08:00" level=info msg="[UE][NAS][MAC] Authenticity of the authentication request message: OK"
time="2026-08-11T19:18:25+08:00" level=info msg="[UE][NAS][SQN] SQN of the authentication request message: VALID"
time="2026-08-11T19:18:25+08:00" level=info msg="[UE][NAS] Send authentication response"
time="2026-08-11T19:18:25+08:00" level=info msg="[UE] Switched from state 1 to state 2"
time="2026-08-11T19:18:25+08:00" level=info msg="[GNB][SCTP] Receive message in 0 stream\n"
time="2026-08-11T19:18:25+08:00" level=info msg="[GNB][NGAP] Receive Initial Context Setup Request"
time="2026-08-11T19:18:25+08:00" level=info msg="[GNB][UE] UE Context was created with successful"
time="2026-08-11T19:18:25+08:00" level=info msg="[GNB][UE] UE RAN ID 80"
time="2026-08-11T19:18:25+08:00" level=info msg="[GNB][UE] UE AMF ID 294"
time="2026-08-11T19:18:25+08:00" level=info msg="[GNB][UE] UE Mobility Restrict --Plmn-- Mcc: 208 Mnc: 93"
time="2026-08-11T19:18:25+08:00" level=info msg="[GNB][UE] UE Masked Imeisv: 1110000000ffff00"
time="2026-08-11T19:18:25+08:00" level=info msg="[GNB][UE] Allowed Nssai-- Sst: [01 01] Sd: [010203 112233]"
time="2026-08-11T19:18:25+08:00" level=info msg="[GNB][NGAP][AMF] Send Initial Context Setup Response."
time="2026-08-11T19:18:25+08:00" level=info msg="[GNB] Initiating Initial Context Setup Response"
time="2026-08-11T19:18:25+08:00" level=info msg="[GNB][NGAP] No PDU Session to set up in InitialContextSetupResponse."
time="2026-08-11T19:18:25+08:00" level=info msg="[GNB][SCTP] Receive message in 0 stream\n"
time="2026-08-11T19:18:25+08:00" level=info msg="[UE][NAS] Message with security header"
time="2026-08-11T19:18:25+08:00" level=info msg="[UE][NAS] Message with integrity and ciphered"
time="2026-08-11T19:18:25+08:00" level=info msg="[UE][NAS] successful NAS CIPHERING"
time="2026-08-11T19:18:25+08:00" level=info msg="[UE][NAS] successful NAS MAC verification"
time="2026-08-11T19:18:25+08:00" level=info msg="[UE][NAS] Receive Registration Accept"
time="2026-08-11T19:18:25+08:00" level=info msg="[UE][NAS] UE 5G GUTI: &{119 11 [242 2 248 57 202 254 0 0 0 1 34]}"
time="2026-08-11T19:18:25+08:00" level=info msg="[UE] Switched from state 2 to state 3"
time="2026-08-11T19:18:25+08:00" level=info msg="[GNB][NGAP] Receive Downlink NAS Transport"
time="2026-08-11T19:18:25+08:00" level=info msg="[UE][NAS] Message with security header"
time="2026-08-11T19:18:25+08:00" level=info msg="[UE][NAS] Message with integrity and ciphered"
time="2026-08-11T19:18:25+08:00" level=info msg="[UE][NAS] successful NAS CIPHERING"
time="2026-08-11T19:18:25+08:00" level=info msg="[UE][NAS] successful NAS MAC verification"
time="2026-08-11T19:18:25+08:00" level=info msg="[UE][NAS] Receive Configuration Update Command"
time="2026-08-11T19:18:25+08:00" level=info msg="[UE] Initiating Configuration Update Complete"
time="2026-08-11T19:18:26+08:00" level=info msg="[GNB][SCTP] Receive message in 0 stream\n"
time="2026-08-11T19:18:26+08:00" level=info msg="[GNB][NGAP] Receive Downlink NAS Transport"
time="2026-08-11T19:18:26+08:00" level=info msg="[UE][NAS] Message without security header"
time="2026-08-11T19:18:26+08:00" level=info msg="[UE][NAS] Receive Authentication Request"
time="2026-08-11T19:18:26+08:00" level=info msg="[UE][NAS][MAC] Authenticity of the authentication request message: OK"
time="2026-08-11T19:18:26+08:00" level=info msg="[UE][NAS][SQN] SQN of the authentication request message: VALID"
time="2026-08-11T19:18:26+08:00" level=info msg="[UE][NAS] Send authentication response"
time="2026-08-11T19:18:26+08:00" level=info msg="[UE] Switched from state 2 to state 2"
time="2026-08-11T19:18:26+08:00" level=info msg="[GNB][SCTP] Receive message in 0 stream\n"
time="2026-08-11T19:18:26+08:00" level=info msg="[GNB][SCTP] Receive message in 0 stream\n"
time="2026-08-11T19:18:26+08:00" level=info msg="[GNB][NGAP] Receive Downlink NAS Transport"
time="2026-08-11T19:18:26+08:00" level=info msg="[UE][NAS] Message with security header"
time="2026-08-11T19:18:26+08:00" level=info msg="[UE][NAS] Message with integrity and ciphered"
time="2026-08-11T19:18:26+08:00" level=info msg="[UE][NAS] successful NAS CIPHERING"
time="2026-08-11T19:18:26+08:00" level=info msg="[UE][NAS] successful NAS MAC verification"
time="2026-08-11T19:18:26+08:00" level=info msg="[UE][NAS] Receive Configuration Update Command"
time="2026-08-11T19:18:26+08:00" level=info msg="[UE] Initiating Configuration Update Complete"
time="2026-08-11T19:18:26+08:00" level=info msg="[GNB][NGAP] Receive Initial Context Setup Request"
time="2026-08-11T19:18:26+08:00" level=info msg="[GNB][UE] UE Context was created with successful"
time="2026-08-11T19:18:26+08:00" level=info msg="[GNB][UE] UE RAN ID 74"
time="2026-08-11T19:18:26+08:00" level=info msg="[GNB][UE] UE AMF ID 285"
time="2026-08-11T19:18:26+08:00" level=info msg="[GNB][UE] UE Mobility Restrict --Plmn-- Mcc: 208 Mnc: 93"
time="2026-08-11T19:18:26+08:00" level=info msg="[GNB][UE] UE Masked Imeisv: 1110000000ffff00"
time="2026-08-11T19:18:26+08:00" level=info msg="[GNB][UE] Allowed Nssai-- Sst: [01 01] Sd: [010203 112233]"
time="2026-08-11T19:18:26+08:00" level=info msg="[GNB][NGAP][AMF] Send Initial Context Setup Response."
time="2026-08-11T19:18:26+08:00" level=info msg="[GNB] Initiating Initial Context Setup Response"
time="2026-08-11T19:18:26+08:00" level=info msg="[GNB][NGAP] No PDU Session to set up in InitialContextSetupResponse."
time="2026-08-11T19:18:26+08:00" level=info msg="[UE][NAS] Message with security header"
time="2026-08-11T19:18:26+08:00" level=info msg="[UE][NAS] Message with integrity and ciphered"
time="2026-08-11T19:18:26+08:00" level=info msg="[UE][NAS] successful NAS CIPHERING"
time="2026-08-11T19:18:26+08:00" level=info msg="[UE][NAS] successful NAS MAC verification"
time="2026-08-11T19:18:26+08:00" level=info msg="[UE][NAS] Receive Registration Accept"
time="2026-08-11T19:18:26+08:00" level=info msg="[UE][NAS] UE 5G GUTI: &{119 11 [242 2 248 57 202 254 0 0 0 1 25]}"
time="2026-08-11T19:18:26+08:00" level=info msg="[UE] Switched from state 2 to state 3"
time="2026-08-11T19:18:26+08:00" level=info msg="[GNB][SCTP] Receive message in 0 stream\n"
time="2026-08-11T19:18:26+08:00" level=info msg="[GNB][NGAP] Receive Initial Context Setup Request"
time="2026-08-11T19:18:26+08:00" level=info msg="[GNB][UE] UE Context was created with successful"
time="2026-08-11T19:18:26+08:00" level=info msg="[GNB][UE] UE RAN ID 81"
time="2026-08-11T19:18:26+08:00" level=info msg="[GNB][UE] UE AMF ID 295"
time="2026-08-11T19:18:26+08:00" level=info msg="[GNB][UE] UE Mobility Restrict --Plmn-- Mcc: 208 Mnc: 93"
time="2026-08-11T19:18:26+08:00" level=info msg="[GNB][UE] UE Masked Imeisv: 1110000000ffff00"
time="2026-08-11T19:18:26+08:00" level=info msg="[GNB][UE] Allowed Nssai-- Sst: [01 01] Sd: [010203 112233]"
time="2026-08-11T19:18:26+08:00" level=info msg="[GNB][NGAP][AMF] Send Initial Context Setup Response."
time="2026-08-11T19:18:26+08:00" level=info msg="[GNB] Initiating Initial Context Setup Response"
time="2026-08-11T19:18:26+08:00" level=info msg="[GNB][NGAP] No PDU Session to set up in InitialContextSetupResponse."
time="2026-08-11T19:18:26+08:00" level=info msg="[UE][NAS] Message with security header"
time="2026-08-11T19:18:26+08:00" level=info msg="[UE][NAS] Message with integrity and ciphered"
time="2026-08-11T19:18:26+08:00" level=info msg="[UE][NAS] successful NAS CIPHERING"
time="2026-08-11T19:18:26+08:00" level=info msg="[UE][NAS] successful NAS MAC verification"
time="2026-08-11T19:18:26+08:00" level=info msg="[UE][NAS] Receive Registration Accept"
time="2026-08-11T19:18:26+08:00" level=info msg="[UE][NAS] UE 5G GUTI: &{119 11 [242 2 248 57 202 254 0 0 0 1 35]}"
time="2026-08-11T19:18:26+08:00" level=info msg="[UE] Switched from state 2 to state 3"
time="2026-08-11T19:18:26+08:00" level=info msg="[GNB][SCTP] Receive message in 0 stream\n"
time="2026-08-11T19:18:26+08:00" level=info msg="[GNB][NGAP] Receive Downlink NAS Transport"
time="2026-08-11T19:18:26+08:00" level=info msg="[UE][NAS] Message without security header"
time="2026-08-11T19:18:26+08:00" level=info msg="[UE][NAS] Receive Authentication Request"
time="2026-08-11T19:18:26+08:00" level=info msg="[UE][NAS][MAC] Authenticity of the authentication request message: OK"
time="2026-08-11T19:18:26+08:00" level=info msg="[UE][NAS][SQN] SQN of the authentication request message: VALID"
time="2026-08-11T19:18:26+08:00" level=info msg="[UE][NAS] Send authentication response"
time="2026-08-11T19:18:26+08:00" level=info msg="[UE] Switched from state 1 to state 2"
time="2026-08-11T19:18:26+08:00" level=info msg="[GNB][SCTP] Receive message in 0 stream\n"
time="2026-08-11T19:18:26+08:00" level=info msg="[GNB][NGAP] Receive Downlink NAS Transport"
time="2026-08-11T19:18:26+08:00" level=info msg="[UE][NAS] Message without security header"
time="2026-08-11T19:18:26+08:00" level=info msg="[UE][NAS] Receive Authentication Request"
time="2026-08-11T19:18:26+08:00" level=info msg="[UE][NAS][MAC] Authenticity of the authentication request message: OK"
time="2026-08-11T19:18:26+08:00" level=info msg="[UE][NAS][SQN] SQN of the authentication request message: VALID"
time="2026-08-11T19:18:26+08:00" level=info msg="[UE][NAS] Send authentication response"
time="2026-08-11T19:18:26+08:00" level=info msg="[UE] Switched from state 1 to state 2"
time="2026-08-11T19:18:26+08:00" level=info msg="[GNB][SCTP] Receive message in 0 stream\n"
time="2026-08-11T19:18:26+08:00" level=info msg="[GNB][NGAP] Receive Initial Context Setup Request"
time="2026-08-11T19:18:26+08:00" level=info msg="[GNB][UE] UE Context was created with successful"
time="2026-08-11T19:18:26+08:00" level=info msg="[GNB][UE] UE RAN ID 78"
time="2026-08-11T19:18:26+08:00" level=info msg="[GNB][UE] UE AMF ID 300"
time="2026-08-11T19:18:26+08:00" level=info msg="[GNB][UE] UE Mobility Restrict --Plmn-- Mcc: 208 Mnc: 93"
time="2026-08-11T19:18:26+08:00" level=info msg="[GNB][UE] UE Masked Imeisv: 1110000000ffff00"
time="2026-08-11T19:18:26+08:00" level=info msg="[GNB][UE] Allowed Nssai-- Sst: [01 01] Sd: [010203 112233]"
time="2026-08-11T19:18:26+08:00" level=info msg="[GNB][NGAP][AMF] Send Initial Context Setup Response."
time="2026-08-11T19:18:26+08:00" level=info msg="[GNB] Initiating Initial Context Setup Response"
time="2026-08-11T19:18:26+08:00" level=info msg="[GNB][NGAP] No PDU Session to set up in InitialContextSetupResponse."
time="2026-08-11T19:18:26+08:00" level=info msg="[UE][NAS] Message with security header"
time="2026-08-11T19:18:26+08:00" level=info msg="[UE][NAS] Message with integrity and ciphered"
time="2026-08-11T19:18:26+08:00" level=info msg="[UE][NAS] successful NAS CIPHERING"
time="2026-08-11T19:18:26+08:00" level=info msg="[UE][NAS] successful NAS MAC verification"
time="2026-08-11T19:18:26+08:00" level=info msg="[UE][NAS] Receive Registration Accept"
time="2026-08-11T19:18:26+08:00" level=info msg="[UE][NAS] UE 5G GUTI: &{119 11 [242 2 248 57 202 254 0 0 0 1 40]}"
time="2026-08-11T19:18:26+08:00" level=info msg="[UE] Switched from state 2 to state 3"
time="2026-08-11T19:18:26+08:00" level=info msg="[GNB][SCTP] Receive message in 0 stream\n"
time="2026-08-11T19:18:26+08:00" level=info msg="[GNB][NGAP] Receive Initial Context Setup Request"
time="2026-08-11T19:18:26+08:00" level=info msg="[GNB][UE] UE Context was created with successful"
time="2026-08-11T19:18:26+08:00" level=info msg="[GNB][UE] UE RAN ID 66"
time="2026-08-11T19:18:26+08:00" level=info msg="[GNB][UE] UE AMF ID 291"
time="2026-08-11T19:18:26+08:00" level=info msg="[GNB][UE] UE Mobility Restrict --Plmn-- Mcc: 208 Mnc: 93"
time="2026-08-11T19:18:26+08:00" level=info msg="[GNB][UE] UE Masked Imeisv: 1110000000ffff00"
time="2026-08-11T19:18:26+08:00" level=info msg="[GNB][UE] Allowed Nssai-- Sst: [01 01] Sd: [010203 112233]"
time="2026-08-11T19:18:26+08:00" level=info msg="[GNB][NGAP][AMF] Send Initial Context Setup Response."
time="2026-08-11T19:18:26+08:00" level=info msg="[GNB] Initiating Initial Context Setup Response"
time="2026-08-11T19:18:26+08:00" level=info msg="[GNB][NGAP] No PDU Session to set up in InitialContextSetupResponse."
time="2026-08-11T19:18:26+08:00" level=info msg="[UE][NAS] Message with security header"
time="2026-08-11T19:18:26+08:00" level=info msg="[UE][NAS] Message with integrity and ciphered"
time="2026-08-11T19:18:26+08:00" level=info msg="[UE][NAS] successful NAS CIPHERING"
time="2026-08-11T19:18:26+08:00" level=info msg="[UE][NAS] successful NAS MAC verification"
time="2026-08-11T19:18:26+08:00" level=info msg="[UE][NAS] Receive Registration Accept"
time="2026-08-11T19:18:26+08:00" level=info msg="[UE][NAS] UE 5G GUTI: &{119 11 [242 2 248 57 202 254 0 0 0 1 31]}"
time="2026-08-11T19:18:26+08:00" level=info msg="[UE] Switched from state 2 to state 3"
time="2026-08-11T19:18:26+08:00" level=info msg="[GNB][SCTP] Receive message in 0 stream\n"
time="2026-08-11T19:18:26+08:00" level=info msg="[GNB][NGAP] Receive Initial Context Setup Request"
time="2026-08-11T19:18:26+08:00" level=info msg="[GNB][UE] UE Context was created with successful"
time="2026-08-11T19:18:26+08:00" level=info msg="[GNB][UE] UE RAN ID 79"
time="2026-08-11T19:18:26+08:00" level=info msg="[GNB][UE] UE AMF ID 301"
time="2026-08-11T19:18:26+08:00" level=info msg="[GNB][UE] UE Mobility Restrict --Plmn-- Mcc: 208 Mnc: 93"
time="2026-08-11T19:18:26+08:00" level=info msg="[GNB][UE] UE Masked Imeisv: 1110000000ffff00"
time="2026-08-11T19:18:26+08:00" level=info msg="[GNB][UE] Allowed Nssai-- Sst: [01 01] Sd: [010203 112233]"
time="2026-08-11T19:18:26+08:00" level=info msg="[GNB][NGAP][AMF] Send Initial Context Setup Response."
time="2026-08-11T19:18:26+08:00" level=info msg="[GNB] Initiating Initial Context Setup Response"
time="2026-08-11T19:18:26+08:00" level=info msg="[GNB][NGAP] No PDU Session to set up in InitialContextSetupResponse."
time="2026-08-11T19:18:26+08:00" level=info msg="[UE][NAS] Message with security header"
time="2026-08-11T19:18:26+08:00" level=info msg="[UE][NAS] Message with integrity and ciphered"
time="2026-08-11T19:18:26+08:00" level=info msg="[UE][NAS] successful NAS CIPHERING"
time="2026-08-11T19:18:26+08:00" level=info msg="[UE][NAS] successful NAS MAC verification"
time="2026-08-11T19:18:26+08:00" level=info msg="[UE][NAS] Receive Registration Accept"
time="2026-08-11T19:18:26+08:00" level=info msg="[UE][NAS] UE 5G GUTI: &{119 11 [242 2 248 57 202 254 0 0 0 1 41]}"
time="2026-08-11T19:18:26+08:00" level=info msg="[UE] Switched from state 2 to state 3"
time="2026-08-11T19:18:26+08:00" level=info msg="[GNB][SCTP] Receive message in 0 stream\n"
time="2026-08-11T19:18:26+08:00" level=info msg="[GNB][NGAP] Receive Downlink NAS Transport"
time="2026-08-11T19:18:26+08:00" level=info msg="[UE][NAS] Message with security header"
time="2026-08-11T19:18:26+08:00" level=info msg="[UE][NAS] Message with integrity and with NEW 5G NAS SECURITY CONTEXT"
time="2026-08-11T19:18:26+08:00" level=info msg="[UE][NAS] successful NAS MAC verification"
time="2026-08-11T19:18:26+08:00" level=info msg="[UE][NAS] Receive Security Mode Command"
time="2026-08-11T19:18:26+08:00" level=info msg="[UE][NAS] Type of ciphering algorithm is 5G-EA0"
time="2026-08-11T19:18:26+08:00" level=info msg="[UE][NAS] Type of integrity protection algorithm is 128-5G-IA2"
time="2026-08-11T19:18:26+08:00" level=info msg="[GNB][SCTP] Receive message in 0 stream\n"
time="2026-08-11T19:18:26+08:00" level=info msg="[GNB][NGAP] Receive Downlink NAS Transport"
time="2026-08-11T19:18:26+08:00" level=info msg="[UE][NAS] Message with security header"
time="2026-08-11T19:18:26+08:00" level=info msg="[UE][NAS] Message with integrity and with NEW 5G NAS SECURITY CONTEXT"
time="2026-08-11T19:18:26+08:00" level=info msg="[UE][NAS] successful NAS MAC verification"
time="2026-08-11T19:18:26+08:00" level=info msg="[UE][NAS] Receive Security Mode Command"
time="2026-08-11T19:18:26+08:00" level=info msg="[UE][NAS] Type of ciphering algorithm is 5G-EA0"
time="2026-08-11T19:18:26+08:00" level=info msg="[UE][NAS] Type of integrity protection algorithm is 128-5G-IA2"
time="2026-08-11T19:18:26+08:00" level=info msg="[GNB][SCTP] Receive message in 0 stream\n"
time="2026-08-11T19:18:26+08:00" level=info msg="[GNB][NGAP] Receive Downlink NAS Transport"
time="2026-08-11T19:18:26+08:00" level=info msg="[UE][NAS] Message with security header"
time="2026-08-11T19:18:26+08:00" level=info msg="[UE][NAS] Message with integrity and ciphered"
time="2026-08-11T19:18:26+08:00" level=info msg="[UE][NAS] successful NAS CIPHERING"
time="2026-08-11T19:18:26+08:00" level=info msg="[UE][NAS] successful NAS MAC verification"
time="2026-08-11T19:18:26+08:00" level=info msg="[UE][NAS] Receive Configuration Update Command"
time="2026-08-11T19:18:26+08:00" level=info msg="[UE] Initiating Configuration Update Complete"
time="2026-08-11T19:18:26+08:00" level=info msg="[GNB][SCTP] Receive message in 0 stream\n"
time="2026-08-11T19:18:26+08:00" level=info msg="[GNB][NGAP] Receive Downlink NAS Transport"
time="2026-08-11T19:18:26+08:00" level=info msg="[UE][NAS] Message without security header"
time="2026-08-11T19:18:26+08:00" level=info msg="[UE][NAS] Receive Authentication Request"
time="2026-08-11T19:18:26+08:00" level=info msg="[UE][NAS][MAC] Authenticity of the authentication request message: OK"
time="2026-08-11T19:18:26+08:00" level=info msg="[UE][NAS][SQN] SQN of the authentication request message: VALID"
time="2026-08-11T19:18:26+08:00" level=info msg="[UE][NAS] Send authentication response"
time="2026-08-11T19:18:26+08:00" level=info msg="[UE] Switched from state 2 to state 2"
time="2026-08-11T19:18:26+08:00" level=info msg="[GNB][SCTP] Receive message in 0 stream\n"
time="2026-08-11T19:18:26+08:00" level=info msg="[GNB][NGAP] Receive Initial Context Setup Request"
time="2026-08-11T19:18:26+08:00" level=info msg="[GNB][UE] UE Context was created with successful"
time="2026-08-11T19:18:26+08:00" level=info msg="[GNB][UE] UE RAN ID 71"
time="2026-08-11T19:18:26+08:00" level=info msg="[GNB][UE] UE AMF ID 297"
time="2026-08-11T19:18:26+08:00" level=info msg="[GNB][UE] UE Mobility Restrict --Plmn-- Mcc: 208 Mnc: 93"
time="2026-08-11T19:18:26+08:00" level=info msg="[GNB][UE] UE Masked Imeisv: 1110000000ffff00"
time="2026-08-11T19:18:26+08:00" level=info msg="[GNB][UE] Allowed Nssai-- Sst: [01 01] Sd: [010203 112233]"
time="2026-08-11T19:18:26+08:00" level=info msg="[UE][NAS] Message with security header"
time="2026-08-11T19:18:26+08:00" level=info msg="[UE][NAS] Message with integrity and ciphered"
time="2026-08-11T19:18:26+08:00" level=info msg="[UE][NAS] successful NAS CIPHERING"
time="2026-08-11T19:18:26+08:00" level=info msg="[UE][NAS] successful NAS MAC verification"
time="2026-08-11T19:18:26+08:00" level=info msg="[UE][NAS] Receive Registration Accept"
time="2026-08-11T19:18:26+08:00" level=info msg="[UE][NAS] UE 5G GUTI: &{119 11 [242 2 248 57 202 254 0 0 0 1 37]}"
time="2026-08-11T19:18:26+08:00" level=info msg="[UE] Switched from state 2 to state 3"
time="2026-08-11T19:18:26+08:00" level=info msg="[GNB][NGAP][AMF] Send Initial Context Setup Response."
time="2026-08-11T19:18:26+08:00" level=info msg="[GNB] Initiating Initial Context Setup Response"
time="2026-08-11T19:18:26+08:00" level=info msg="[GNB][NGAP] No PDU Session to set up in InitialContextSetupResponse."
time="2026-08-11T19:18:26+08:00" level=info msg="[GNB][SCTP] Receive message in 0 stream\n"
time="2026-08-11T19:18:26+08:00" level=info msg="[GNB][NGAP] Receive Downlink NAS Transport"
time="2026-08-11T19:18:26+08:00" level=info msg="[UE][NAS] Message with security header"
time="2026-08-11T19:18:26+08:00" level=info msg="[UE][NAS] Message with integrity and with NEW 5G NAS SECURITY CONTEXT"
time="2026-08-11T19:18:26+08:00" level=info msg="[UE][NAS] successful NAS MAC verification"
time="2026-08-11T19:18:26+08:00" level=info msg="[UE][NAS] Receive Security Mode Command"
time="2026-08-11T19:18:26+08:00" level=info msg="[UE][NAS] Type of ciphering algorithm is 5G-EA0"
time="2026-08-11T19:18:26+08:00" level=info msg="[UE][NAS] Type of integrity protection algorithm is 128-5G-IA2"
time="2026-08-11T19:18:26+08:00" level=info msg="[GNB][SCTP] Receive message in 0 stream\n"
time="2026-08-11T19:18:26+08:00" level=info msg="[GNB][NGAP] Receive Downlink NAS Transport"
time="2026-08-11T19:18:26+08:00" level=info msg="[UE][NAS] Message with security header"
time="2026-08-11T19:18:26+08:00" level=info msg="[UE][NAS] Message with integrity and with NEW 5G NAS SECURITY CONTEXT"
time="2026-08-11T19:18:26+08:00" level=info msg="[UE][NAS] successful NAS MAC verification"
time="2026-08-11T19:18:26+08:00" level=info msg="[UE][NAS] Receive Security Mode Command"
time="2026-08-11T19:18:26+08:00" level=info msg="[UE][NAS] Type of ciphering algorithm is 5G-EA0"
time="2026-08-11T19:18:26+08:00" level=info msg="[UE][NAS] Type of integrity protection algorithm is 128-5G-IA2"
time="2026-08-11T19:18:26+08:00" level=info msg="[GNB][SCTP] Receive message in 0 stream\n"
time="2026-08-11T19:18:26+08:00" level=info msg="[GNB][NGAP] Receive Downlink NAS Transport"
time="2026-08-11T19:18:26+08:00" level=info msg="[UE][NAS] Message with security header"
time="2026-08-11T19:18:26+08:00" level=info msg="[UE][NAS] Message with integrity and with NEW 5G NAS SECURITY CONTEXT"
time="2026-08-11T19:18:26+08:00" level=info msg="[UE][NAS] successful NAS MAC verification"
time="2026-08-11T19:18:26+08:00" level=info msg="[UE][NAS] Receive Security Mode Command"
time="2026-08-11T19:18:26+08:00" level=info msg="[UE][NAS] Type of ciphering algorithm is 5G-EA0"
time="2026-08-11T19:18:26+08:00" level=info msg="[UE][NAS] Type of integrity protection algorithm is 128-5G-IA2"
time="2026-08-11T19:18:26+08:00" level=info msg="[GNB][SCTP] Receive message in 0 stream\n"
time="2026-08-11T19:18:26+08:00" level=info msg="[GNB][SCTP] Receive message in 0 stream\n"
time="2026-08-11T19:18:26+08:00" level=info msg="[GNB][NGAP] Receive Initial Context Setup Request"
time="2026-08-11T19:18:26+08:00" level=info msg="[GNB][UE] UE Context was created with successful"
time="2026-08-11T19:18:26+08:00" level=info msg="[GNB][UE] UE RAN ID 98"
time="2026-08-11T19:18:26+08:00" level=info msg="[GNB][UE] UE AMF ID 306"
time="2026-08-11T19:18:26+08:00" level=info msg="[GNB][UE] UE Mobility Restrict --Plmn-- Mcc: 208 Mnc: 93"
time="2026-08-11T19:18:26+08:00" level=info msg="[GNB][UE] UE Masked Imeisv: 1110000000ffff00"
time="2026-08-11T19:18:26+08:00" level=info msg="[GNB][UE] Allowed Nssai-- Sst: [01 01] Sd: [010203 112233]"
time="2026-08-11T19:18:26+08:00" level=info msg="[GNB][NGAP][AMF] Send Initial Context Setup Response."
time="2026-08-11T19:18:26+08:00" level=info msg="[GNB] Initiating Initial Context Setup Response"
time="2026-08-11T19:18:26+08:00" level=info msg="[GNB][NGAP] No PDU Session to set up in InitialContextSetupResponse."
time="2026-08-11T19:18:26+08:00" level=info msg="[GNB][NGAP] Receive Initial Context Setup Request"
time="2026-08-11T19:18:26+08:00" level=info msg="[GNB][UE] UE Context was created with successful"
time="2026-08-11T19:18:26+08:00" level=info msg="[GNB][UE] UE RAN ID 92"
time="2026-08-11T19:18:26+08:00" level=info msg="[GNB][UE] UE AMF ID 303"
time="2026-08-11T19:18:26+08:00" level=info msg="[GNB][UE] UE Mobility Restrict --Plmn-- Mcc: 208 Mnc: 93"
time="2026-08-11T19:18:26+08:00" level=info msg="[GNB][UE] UE Masked Imeisv: 1110000000ffff00"
time="2026-08-11T19:18:26+08:00" level=info msg="[GNB][UE] Allowed Nssai-- Sst: [01 01] Sd: [010203 112233]"
time="2026-08-11T19:18:26+08:00" level=info msg="[GNB][NGAP][AMF] Send Initial Context Setup Response."
time="2026-08-11T19:18:26+08:00" level=info msg="[GNB] Initiating Initial Context Setup Response"
time="2026-08-11T19:18:26+08:00" level=info msg="[GNB][NGAP] No PDU Session to set up in InitialContextSetupResponse."
time="2026-08-11T19:18:26+08:00" level=info msg="[UE][NAS] Message with security header"
time="2026-08-11T19:18:26+08:00" level=info msg="[UE][NAS] Message with integrity and ciphered"
time="2026-08-11T19:18:26+08:00" level=info msg="[UE][NAS] successful NAS CIPHERING"
time="2026-08-11T19:18:26+08:00" level=info msg="[UE][NAS] successful NAS MAC verification"
time="2026-08-11T19:18:26+08:00" level=info msg="[UE][NAS] Receive Registration Accept"
time="2026-08-11T19:18:26+08:00" level=info msg="[UE][NAS] UE 5G GUTI: &{119 11 [242 2 248 57 202 254 0 0 0 1 46]}"
time="2026-08-11T19:18:26+08:00" level=info msg="[UE] Switched from state 2 to state 3"
time="2026-08-11T19:18:26+08:00" level=info msg="[UE][NAS] Message with security header"
time="2026-08-11T19:18:26+08:00" level=info msg="[UE][NAS] Message with integrity and ciphered"
time="2026-08-11T19:18:26+08:00" level=info msg="[UE][NAS] successful NAS CIPHERING"
time="2026-08-11T19:18:26+08:00" level=info msg="[UE][NAS] successful NAS MAC verification"
time="2026-08-11T19:18:26+08:00" level=info msg="[UE][NAS] Receive Registration Accept"
time="2026-08-11T19:18:26+08:00" level=info msg="[UE][NAS] UE 5G GUTI: &{119 11 [242 2 248 57 202 254 0 0 0 1 43]}"
time="2026-08-11T19:18:26+08:00" level=info msg="[UE] Switched from state 2 to state 3"
time="2026-08-11T19:18:26+08:00" level=info msg="[GNB][SCTP] Receive message in 0 stream\n"
time="2026-08-11T19:18:26+08:00" level=info msg="[GNB][NGAP] Receive Downlink NAS Transport"
time="2026-08-11T19:18:26+08:00" level=info msg="[UE][NAS] Message without security header"
time="2026-08-11T19:18:26+08:00" level=info msg="[UE][NAS] Receive Authentication Request"
time="2026-08-11T19:18:26+08:00" level=info msg="[UE][NAS][MAC] Authenticity of the authentication request message: OK"
time="2026-08-11T19:18:26+08:00" level=info msg="[UE][NAS][SQN] SQN of the authentication request message: VALID"
time="2026-08-11T19:18:26+08:00" level=info msg="[UE][NAS] Send authentication response"
time="2026-08-11T19:18:26+08:00" level=info msg="[UE] Switched from state 2 to state 2"
time="2026-08-11T19:18:26+08:00" level=info msg="[GNB][SCTP] Receive message in 0 stream\n"
time="2026-08-11T19:18:26+08:00" level=info msg="[GNB][NGAP] Receive Downlink NAS Transport"
time="2026-08-11T19:18:26+08:00" level=info msg="[UE][NAS] Message without security header"
time="2026-08-11T19:18:26+08:00" level=info msg="[UE][NAS] Receive Authentication Request"
time="2026-08-11T19:18:26+08:00" level=info msg="[UE][NAS][MAC] Authenticity of the authentication request message: OK"
time="2026-08-11T19:18:26+08:00" level=info msg="[UE][NAS][SQN] SQN of the authentication request message: VALID"
time="2026-08-11T19:18:26+08:00" level=info msg="[UE][NAS] Send authentication response"
time="2026-08-11T19:18:26+08:00" level=info msg="[UE] Switched from state 2 to state 2"
time="2026-08-11T19:18:26+08:00" level=info msg="[GNB][SCTP] Receive message in 0 stream\n"
time="2026-08-11T19:18:26+08:00" level=info msg="[GNB][NGAP] Receive Initial Context Setup Request"
time="2026-08-11T19:18:26+08:00" level=info msg="[GNB][UE] UE Context was created with successful"
time="2026-08-11T19:18:26+08:00" level=info msg="[GNB][UE] UE RAN ID 38"
time="2026-08-11T19:18:26+08:00" level=info msg="[GNB][UE] UE AMF ID 263"
time="2026-08-11T19:18:26+08:00" level=info msg="[GNB][UE] UE Mobility Restrict --Plmn-- Mcc: 208 Mnc: 93"
time="2026-08-11T19:18:26+08:00" level=info msg="[GNB][UE] UE Masked Imeisv: 1110000000ffff00"
time="2026-08-11T19:18:26+08:00" level=info msg="[GNB][UE] Allowed Nssai-- Sst: [01 01] Sd: [010203 112233]"
time="2026-08-11T19:18:26+08:00" level=info msg="[GNB][NGAP][AMF] Send Initial Context Setup Response."
time="2026-08-11T19:18:26+08:00" level=info msg="[GNB] Initiating Initial Context Setup Response"
time="2026-08-11T19:18:26+08:00" level=info msg="[GNB][NGAP] No PDU Session to set up in InitialContextSetupResponse."
time="2026-08-11T19:18:26+08:00" level=info msg="[UE][NAS] Message with security header"
time="2026-08-11T19:18:26+08:00" level=info msg="[UE][NAS] Message with integrity and ciphered"
time="2026-08-11T19:18:26+08:00" level=info msg="[UE][NAS] successful NAS CIPHERING"
time="2026-08-11T19:18:26+08:00" level=info msg="[UE][NAS] successful NAS MAC verification"
time="2026-08-11T19:18:26+08:00" level=info msg="[UE][NAS] Receive Registration Accept"
time="2026-08-11T19:18:26+08:00" level=info msg="[UE][NAS] UE 5G GUTI: &{119 11 [242 2 248 57 202 254 0 0 0 1 3]}"
time="2026-08-11T19:18:26+08:00" level=info msg="[UE] Switched from state 2 to state 3"
time="2026-08-11T19:18:27+08:00" level=info msg="[GNB][SCTP] Receive message in 0 stream\n"
time="2026-08-11T19:18:27+08:00" level=info msg="[GNB][NGAP] Receive Downlink NAS Transport"
time="2026-08-11T19:18:27+08:00" level=info msg="[UE][NAS] Message with security header"
time="2026-08-11T19:18:27+08:00" level=info msg="[UE][NAS] Message with integrity and with NEW 5G NAS SECURITY CONTEXT"
time="2026-08-11T19:18:27+08:00" level=info msg="[UE][NAS] successful NAS MAC verification"
time="2026-08-11T19:18:27+08:00" level=info msg="[UE][NAS] Receive Security Mode Command"
time="2026-08-11T19:18:27+08:00" level=info msg="[UE][NAS] Type of ciphering algorithm is 5G-EA0"
time="2026-08-11T19:18:27+08:00" level=info msg="[UE][NAS] Type of integrity protection algorithm is 128-5G-IA2"
time="2026-08-11T19:18:27+08:00" level=info msg="[GNB][SCTP] Receive message in 0 stream\n"
time="2026-08-11T19:18:27+08:00" level=info msg="[GNB][NGAP] Receive Downlink NAS Transport"
time="2026-08-11T19:18:27+08:00" level=info msg="[UE][NAS] Message with security header"
time="2026-08-11T19:18:27+08:00" level=info msg="[UE][NAS] Message with integrity and with NEW 5G NAS SECURITY CONTEXT"
time="2026-08-11T19:18:27+08:00" level=info msg="[UE][NAS] successful NAS MAC verification"
time="2026-08-11T19:18:27+08:00" level=info msg="[UE][NAS] Receive Security Mode Command"
time="2026-08-11T19:18:27+08:00" level=info msg="[UE][NAS] Type of ciphering algorithm is 5G-EA0"
time="2026-08-11T19:18:27+08:00" level=info msg="[UE][NAS] Type of integrity protection algorithm is 128-5G-IA2"
time="2026-08-11T19:18:27+08:00" level=info msg="[GNB][SCTP] Receive message in 0 stream\n"
time="2026-08-11T19:18:27+08:00" level=info msg="[GNB][NGAP] Receive Downlink NAS Transport"
time="2026-08-11T19:18:27+08:00" level=info msg="[UE][NAS] Message with security header"
time="2026-08-11T19:18:27+08:00" level=info msg="[UE][NAS] Message with integrity and with NEW 5G NAS SECURITY CONTEXT"
time="2026-08-11T19:18:27+08:00" level=info msg="[UE][NAS] successful NAS MAC verification"
time="2026-08-11T19:18:27+08:00" level=info msg="[UE][NAS] Receive Security Mode Command"
time="2026-08-11T19:18:27+08:00" level=info msg="[UE][NAS] Type of ciphering algorithm is 5G-EA0"
time="2026-08-11T19:18:27+08:00" level=info msg="[UE][NAS] Type of integrity protection algorithm is 128-5G-IA2"
time="2026-08-11T19:18:27+08:00" level=info msg="[GNB][SCTP] Receive message in 0 stream\n"
time="2026-08-11T19:18:27+08:00" level=info msg="[GNB][SCTP] Receive message in 0 stream\n"
time="2026-08-11T19:18:27+08:00" level=info msg="[GNB][NGAP] Receive Downlink NAS Transport"
time="2026-08-11T19:18:27+08:00" level=info msg="[UE][NAS] Message with security header"
time="2026-08-11T19:18:27+08:00" level=info msg="[UE][NAS] Message with integrity and ciphered"
time="2026-08-11T19:18:27+08:00" level=info msg="[UE][NAS] successful NAS CIPHERING"
time="2026-08-11T19:18:27+08:00" level=info msg="[UE][NAS] successful NAS MAC verification"
time="2026-08-11T19:18:27+08:00" level=info msg="[UE][NAS] Receive Configuration Update Command"
time="2026-08-11T19:18:27+08:00" level=info msg="[UE] Initiating Configuration Update Complete"
time="2026-08-11T19:18:27+08:00" level=info msg="[GNB][NGAP] Receive Downlink NAS Transport"
time="2026-08-11T19:18:27+08:00" level=info msg="[UE][NAS] Message with security header"
time="2026-08-11T19:18:27+08:00" level=info msg="[UE][NAS] Message with integrity and with NEW 5G NAS SECURITY CONTEXT"
time="2026-08-11T19:18:27+08:00" level=info msg="[UE][NAS] successful NAS MAC verification"
time="2026-08-11T19:18:27+08:00" level=info msg="[UE][NAS] Receive Security Mode Command"
time="2026-08-11T19:18:27+08:00" level=info msg="[UE][NAS] Type of ciphering algorithm is 5G-EA0"
time="2026-08-11T19:18:27+08:00" level=info msg="[UE][NAS] Type of integrity protection algorithm is 128-5G-IA2"
time="2026-08-11T19:18:27+08:00" level=info msg="[GNB][SCTP] Receive message in 0 stream\n"
time="2026-08-11T19:18:27+08:00" level=info msg="[GNB][SCTP] Receive message in 0 stream\n"
time="2026-08-11T19:18:27+08:00" level=info msg="[GNB][NGAP] Receive Downlink NAS Transport"
time="2026-08-11T19:18:27+08:00" level=info msg="[UE][NAS] Message with security header"
time="2026-08-11T19:18:27+08:00" level=info msg="[UE][NAS] Message with integrity and ciphered"
time="2026-08-11T19:18:27+08:00" level=info msg="[UE][NAS] successful NAS CIPHERING"
time="2026-08-11T19:18:27+08:00" level=info msg="[UE][NAS] successful NAS MAC verification"
time="2026-08-11T19:18:27+08:00" level=info msg="[UE][NAS] Receive Configuration Update Command"
time="2026-08-11T19:18:27+08:00" level=info msg="[UE] Initiating Configuration Update Complete"
time="2026-08-11T19:18:27+08:00" level=info msg="[GNB][NGAP] Receive Initial Context Setup Request"
time="2026-08-11T19:18:27+08:00" level=info msg="[GNB][UE] UE Context was created with successful"
time="2026-08-11T19:18:27+08:00" level=info msg="[GNB][UE] UE RAN ID 93"
time="2026-08-11T19:18:27+08:00" level=info msg="[GNB][UE] UE AMF ID 307"
time="2026-08-11T19:18:27+08:00" level=info msg="[GNB][UE] UE Mobility Restrict --Plmn-- Mcc: 208 Mnc: 93"
time="2026-08-11T19:18:27+08:00" level=info msg="[GNB][UE] UE Masked Imeisv: 1110000000ffff00"
time="2026-08-11T19:18:27+08:00" level=info msg="[GNB][UE] Allowed Nssai-- Sst: [01 01] Sd: [010203 112233]"
time="2026-08-11T19:18:27+08:00" level=info msg="[GNB][NGAP][AMF] Send Initial Context Setup Response."
time="2026-08-11T19:18:27+08:00" level=info msg="[GNB] Initiating Initial Context Setup Response"
time="2026-08-11T19:18:27+08:00" level=info msg="[GNB][NGAP] No PDU Session to set up in InitialContextSetupResponse."
time="2026-08-11T19:18:27+08:00" level=info msg="[UE][NAS] Message with security header"
time="2026-08-11T19:18:27+08:00" level=info msg="[UE][NAS] Message with integrity and ciphered"
time="2026-08-11T19:18:27+08:00" level=info msg="[UE][NAS] successful NAS CIPHERING"
time="2026-08-11T19:18:27+08:00" level=info msg="[UE][NAS] successful NAS MAC verification"
time="2026-08-11T19:18:27+08:00" level=info msg="[UE][NAS] Receive Registration Accept"
time="2026-08-11T19:18:27+08:00" level=info msg="[UE][NAS] UE 5G GUTI: &{119 11 [242 2 248 57 202 254 0 0 0 1 47]}"
time="2026-08-11T19:18:27+08:00" level=info msg="[UE] Switched from state 2 to state 3"
time="2026-08-11T19:18:27+08:00" level=info msg="[GNB][SCTP] Receive message in 0 stream\n"
time="2026-08-11T19:18:27+08:00" level=info msg="[GNB][NGAP] Receive Downlink NAS Transport"
time="2026-08-11T19:18:27+08:00" level=info msg="[UE][NAS] Message with security header"
time="2026-08-11T19:18:27+08:00" level=info msg="[UE][NAS] Message with integrity and ciphered"
time="2026-08-11T19:18:27+08:00" level=info msg="[UE][NAS] successful NAS CIPHERING"
time="2026-08-11T19:18:27+08:00" level=info msg="[UE][NAS] successful NAS MAC verification"
time="2026-08-11T19:18:27+08:00" level=info msg="[UE][NAS] Receive Configuration Update Command"
time="2026-08-11T19:18:27+08:00" level=info msg="[UE] Initiating Configuration Update Complete"
time="2026-08-11T19:18:27+08:00" level=info msg="[GNB][SCTP] Receive message in 0 stream\n"
time="2026-08-11T19:18:27+08:00" level=info msg="[GNB][SCTP] Receive message in 0 stream\n"
time="2026-08-11T19:18:27+08:00" level=info msg="[GNB][NGAP] Receive Downlink NAS Transport"
time="2026-08-11T19:18:27+08:00" level=info msg="[UE][NAS] Message with security header"
time="2026-08-11T19:18:27+08:00" level=info msg="[UE][NAS] Message with integrity and ciphered"
time="2026-08-11T19:18:27+08:00" level=info msg="[UE][NAS] successful NAS CIPHERING"
time="2026-08-11T19:18:27+08:00" level=info msg="[UE][NAS] successful NAS MAC verification"
time="2026-08-11T19:18:27+08:00" level=info msg="[UE][NAS] Receive Configuration Update Command"
time="2026-08-11T19:18:27+08:00" level=info msg="[UE] Initiating Configuration Update Complete"
time="2026-08-11T19:18:27+08:00" level=info msg="[GNB][NGAP] Receive Downlink NAS Transport"
time="2026-08-11T19:18:27+08:00" level=info msg="[UE][NAS] Message with security header"
time="2026-08-11T19:18:27+08:00" level=info msg="[UE][NAS] Message with integrity and ciphered"
time="2026-08-11T19:18:27+08:00" level=info msg="[UE][NAS] successful NAS CIPHERING"
time="2026-08-11T19:18:27+08:00" level=info msg="[UE][NAS] successful NAS MAC verification"
time="2026-08-11T19:18:27+08:00" level=info msg="[UE][NAS] Receive Configuration Update Command"
time="2026-08-11T19:18:27+08:00" level=info msg="[UE] Initiating Configuration Update Complete"
time="2026-08-11T19:18:27+08:00" level=info msg="[GNB][SCTP] Receive message in 0 stream\n"
time="2026-08-11T19:18:27+08:00" level=info msg="[GNB][NGAP] Receive Downlink NAS Transport"
time="2026-08-11T19:18:27+08:00" level=info msg="[UE][NAS] Message with security header"
time="2026-08-11T19:18:27+08:00" level=info msg="[UE][NAS] Message with integrity and with NEW 5G NAS SECURITY CONTEXT"
time="2026-08-11T19:18:27+08:00" level=info msg="[UE][NAS] successful NAS MAC verification"
time="2026-08-11T19:18:27+08:00" level=info msg="[UE][NAS] Receive Security Mode Command"
time="2026-08-11T19:18:27+08:00" level=info msg="[UE][NAS] Type of ciphering algorithm is 5G-EA0"
time="2026-08-11T19:18:27+08:00" level=info msg="[UE][NAS] Type of integrity protection algorithm is 128-5G-IA2"
time="2026-08-11T19:18:27+08:00" level=info msg="[GNB][SCTP] Receive message in 0 stream\n"
time="2026-08-11T19:18:27+08:00" level=info msg="[GNB][NGAP] Receive Downlink NAS Transport"
time="2026-08-11T19:18:27+08:00" level=info msg="[UE][NAS] Message with security header"
time="2026-08-11T19:18:27+08:00" level=info msg="[UE][NAS] Message with integrity and with NEW 5G NAS SECURITY CONTEXT"
time="2026-08-11T19:18:27+08:00" level=info msg="[UE][NAS] successful NAS MAC verification"
time="2026-08-11T19:18:27+08:00" level=info msg="[UE][NAS] Receive Security Mode Command"
time="2026-08-11T19:18:27+08:00" level=info msg="[UE][NAS] Type of ciphering algorithm is 5G-EA0"
time="2026-08-11T19:18:27+08:00" level=info msg="[UE][NAS] Type of integrity protection algorithm is 128-5G-IA2"
time="2026-08-11T19:18:27+08:00" level=info msg="[GNB][SCTP] Receive message in 0 stream\n"
time="2026-08-11T19:18:27+08:00" level=info msg="[GNB][NGAP] Receive Initial Context Setup Request"
time="2026-08-11T19:18:27+08:00" level=info msg="[GNB][UE] UE Context was created with successful"
time="2026-08-11T19:18:27+08:00" level=info msg="[GNB][UE] UE RAN ID 91"
time="2026-08-11T19:18:27+08:00" level=info msg="[GNB][UE] UE AMF ID 308"
time="2026-08-11T19:18:27+08:00" level=info msg="[GNB][UE] UE Mobility Restrict --Plmn-- Mcc: 208 Mnc: 93"
time="2026-08-11T19:18:27+08:00" level=info msg="[GNB][UE] UE Masked Imeisv: 1110000000ffff00"
time="2026-08-11T19:18:27+08:00" level=info msg="[GNB][UE] Allowed Nssai-- Sst: [01 01] Sd: [010203 112233]"
time="2026-08-11T19:18:27+08:00" level=info msg="[GNB][NGAP][AMF] Send Initial Context Setup Response."
time="2026-08-11T19:18:27+08:00" level=info msg="[GNB] Initiating Initial Context Setup Response"
time="2026-08-11T19:18:27+08:00" level=info msg="[GNB][NGAP] No PDU Session to set up in InitialContextSetupResponse."
time="2026-08-11T19:18:27+08:00" level=info msg="[UE][NAS] Message with security header"
time="2026-08-11T19:18:27+08:00" level=info msg="[UE][NAS] Message with integrity and ciphered"
time="2026-08-11T19:18:27+08:00" level=info msg="[UE][NAS] successful NAS CIPHERING"
time="2026-08-11T19:18:27+08:00" level=info msg="[UE][NAS] successful NAS MAC verification"
time="2026-08-11T19:18:27+08:00" level=info msg="[UE][NAS] Receive Registration Accept"
time="2026-08-11T19:18:27+08:00" level=info msg="[UE][NAS] UE 5G GUTI: &{119 11 [242 2 248 57 202 254 0 0 0 1 48]}"
time="2026-08-11T19:18:27+08:00" level=info msg="[UE] Switched from state 2 to state 3"
time="2026-08-11T19:18:27+08:00" level=info msg="[GNB][SCTP] Receive message in 0 stream\n"
time="2026-08-11T19:18:27+08:00" level=info msg="[GNB][SCTP] Receive message in 0 stream\n"
time="2026-08-11T19:18:27+08:00" level=info msg="[GNB][SCTP] Receive message in 0 stream\n"
time="2026-08-11T19:18:27+08:00" level=info msg="[GNB][NGAP] Receive Downlink NAS Transport"
time="2026-08-11T19:18:27+08:00" level=info msg="[UE][NAS] Message with security header"
time="2026-08-11T19:18:27+08:00" level=info msg="[UE][NAS] Message with integrity and ciphered"
time="2026-08-11T19:18:27+08:00" level=info msg="[UE][NAS] successful NAS CIPHERING"
time="2026-08-11T19:18:27+08:00" level=info msg="[UE][NAS] successful NAS MAC verification"
time="2026-08-11T19:18:27+08:00" level=info msg="[UE][NAS] Receive Configuration Update Command"
time="2026-08-11T19:18:27+08:00" level=info msg="[UE] Initiating Configuration Update Complete"
time="2026-08-11T19:18:27+08:00" level=info msg="[GNB][NGAP] Receive Downlink NAS Transport"
time="2026-08-11T19:18:27+08:00" level=info msg="[UE][NAS] Message with security header"
time="2026-08-11T19:18:27+08:00" level=info msg="[UE][NAS] Message with integrity and ciphered"
time="2026-08-11T19:18:27+08:00" level=info msg="[UE][NAS] successful NAS CIPHERING"
time="2026-08-11T19:18:27+08:00" level=info msg="[UE][NAS] successful NAS MAC verification"
time="2026-08-11T19:18:27+08:00" level=info msg="[UE][NAS] Receive Configuration Update Command"
time="2026-08-11T19:18:27+08:00" level=info msg="[UE] Initiating Configuration Update Complete"
time="2026-08-11T19:18:27+08:00" level=info msg="[GNB][NGAP] Receive Downlink NAS Transport"
time="2026-08-11T19:18:27+08:00" level=info msg="[UE][NAS] Message with security header"
time="2026-08-11T19:18:27+08:00" level=info msg="[UE][NAS] Message with integrity and ciphered"
time="2026-08-11T19:18:27+08:00" level=info msg="[UE][NAS] successful NAS CIPHERING"
time="2026-08-11T19:18:27+08:00" level=info msg="[UE][NAS] successful NAS MAC verification"
time="2026-08-11T19:18:27+08:00" level=info msg="[UE][NAS] Receive Configuration Update Command"
time="2026-08-11T19:18:27+08:00" level=info msg="[UE] Initiating Configuration Update Complete"
time="2026-08-11T19:18:27+08:00" level=info msg="[GNB][SCTP] Receive message in 0 stream\n"
time="2026-08-11T19:18:27+08:00" level=info msg="[GNB][NGAP] Receive Downlink NAS Transport"
time="2026-08-11T19:18:27+08:00" level=info msg="[UE][NAS] Message with security header"
time="2026-08-11T19:18:27+08:00" level=info msg="[UE][NAS] Message with integrity and with NEW 5G NAS SECURITY CONTEXT"
time="2026-08-11T19:18:27+08:00" level=info msg="[UE][NAS] successful NAS MAC verification"
time="2026-08-11T19:18:27+08:00" level=info msg="[UE][NAS] Receive Security Mode Command"
time="2026-08-11T19:18:27+08:00" level=info msg="[UE][NAS] Type of ciphering algorithm is 5G-EA0"
time="2026-08-11T19:18:27+08:00" level=info msg="[UE][NAS] Type of integrity protection algorithm is 128-5G-IA2"
time="2026-08-11T19:18:27+08:00" level=info msg="[GNB][SCTP] Receive message in 0 stream\n"
time="2026-08-11T19:18:27+08:00" level=info msg="[GNB][NGAP] Receive Downlink NAS Transport"
time="2026-08-11T19:18:27+08:00" level=info msg="[UE][NAS] Message with security header"
time="2026-08-11T19:18:27+08:00" level=info msg="[UE][NAS] Message with integrity and ciphered"
time="2026-08-11T19:18:27+08:00" level=info msg="[UE][NAS] successful NAS CIPHERING"
time="2026-08-11T19:18:27+08:00" level=info msg="[UE][NAS] successful NAS MAC verification"
time="2026-08-11T19:18:27+08:00" level=info msg="[UE][NAS] Receive Configuration Update Command"
time="2026-08-11T19:18:27+08:00" level=info msg="[UE] Initiating Configuration Update Complete"
time="2026-08-11T19:18:27+08:00" level=info msg="[GNB][SCTP] Receive message in 0 stream\n"
time="2026-08-11T19:18:27+08:00" level=info msg="[GNB][NGAP] Receive Downlink NAS Transport"
time="2026-08-11T19:18:27+08:00" level=info msg="[UE][NAS] Message with security header"
time="2026-08-11T19:18:27+08:00" level=info msg="[UE][NAS] Message with integrity and with NEW 5G NAS SECURITY CONTEXT"
time="2026-08-11T19:18:27+08:00" level=info msg="[UE][NAS] successful NAS MAC verification"
time="2026-08-11T19:18:27+08:00" level=info msg="[UE][NAS] Receive Security Mode Command"
time="2026-08-11T19:18:27+08:00" level=info msg="[UE][NAS] Type of ciphering algorithm is 5G-EA0"
time="2026-08-11T19:18:27+08:00" level=info msg="[UE][NAS] Type of integrity protection algorithm is 128-5G-IA2"
time="2026-08-11T19:18:27+08:00" level=info msg="[GNB][SCTP] Receive message in 0 stream\n"
time="2026-08-11T19:18:27+08:00" level=info msg="[GNB][NGAP] Receive Downlink NAS Transport"
time="2026-08-11T19:18:27+08:00" level=info msg="[UE][NAS] Message with security header"
time="2026-08-11T19:18:27+08:00" level=info msg="[UE][NAS] Message with integrity and ciphered"
time="2026-08-11T19:18:27+08:00" level=info msg="[UE][NAS] successful NAS CIPHERING"
time="2026-08-11T19:18:27+08:00" level=info msg="[UE][NAS] successful NAS MAC verification"
time="2026-08-11T19:18:27+08:00" level=info msg="[UE][NAS] Receive Configuration Update Command"
time="2026-08-11T19:18:27+08:00" level=info msg="[UE] Initiating Configuration Update Complete"
time="2026-08-11T19:18:27+08:00" level=info msg="[GNB][SCTP] Receive message in 0 stream\n"
time="2026-08-11T19:18:27+08:00" level=info msg="[GNB][NGAP] Receive Downlink NAS Transport"
time="2026-08-11T19:18:27+08:00" level=info msg="[UE][NAS] Message with security header"
time="2026-08-11T19:18:27+08:00" level=info msg="[UE][NAS] Message with integrity and ciphered"
time="2026-08-11T19:18:27+08:00" level=info msg="[UE][NAS] successful NAS CIPHERING"
time="2026-08-11T19:18:27+08:00" level=info msg="[UE][NAS] successful NAS MAC verification"
time="2026-08-11T19:18:27+08:00" level=info msg="[UE][NAS] Receive Configuration Update Command"
time="2026-08-11T19:18:27+08:00" level=info msg="[UE] Initiating Configuration Update Complete"
time="2026-08-11T19:18:27+08:00" level=info msg="[GNB][SCTP] Receive message in 0 stream\n"
time="2026-08-11T19:18:27+08:00" level=info msg="[GNB][SCTP] Receive message in 0 stream\n"
time="2026-08-11T19:18:27+08:00" level=info msg="[GNB][NGAP] Receive Initial Context Setup Request"
time="2026-08-11T19:18:27+08:00" level=info msg="[GNB][UE] UE Context was created with successful"
time="2026-08-11T19:18:27+08:00" level=info msg="[GNB][UE] UE RAN ID 96"
time="2026-08-11T19:18:27+08:00" level=info msg="[GNB][UE] UE AMF ID 312"
time="2026-08-11T19:18:27+08:00" level=info msg="[GNB][UE] UE Mobility Restrict --Plmn-- Mcc: 208 Mnc: 93"
time="2026-08-11T19:18:27+08:00" level=info msg="[GNB][UE] UE Masked Imeisv: 1110000000ffff00"
time="2026-08-11T19:18:27+08:00" level=info msg="[GNB][UE] Allowed Nssai-- Sst: [01 01] Sd: [010203 112233]"
time="2026-08-11T19:18:27+08:00" level=info msg="[GNB][NGAP][AMF] Send Initial Context Setup Response."
time="2026-08-11T19:18:27+08:00" level=info msg="[GNB] Initiating Initial Context Setup Response"
time="2026-08-11T19:18:27+08:00" level=info msg="[GNB][NGAP] No PDU Session to set up in InitialContextSetupResponse."
time="2026-08-11T19:18:27+08:00" level=info msg="[UE][NAS] Message with security header"
time="2026-08-11T19:18:27+08:00" level=info msg="[UE][NAS] Message with integrity and ciphered"
time="2026-08-11T19:18:27+08:00" level=info msg="[UE][NAS] successful NAS CIPHERING"
time="2026-08-11T19:18:27+08:00" level=info msg="[UE][NAS] successful NAS MAC verification"
time="2026-08-11T19:18:27+08:00" level=info msg="[UE][NAS] Receive Registration Accept"
time="2026-08-11T19:18:27+08:00" level=info msg="[UE][NAS] UE 5G GUTI: &{119 11 [242 2 248 57 202 254 0 0 0 1 52]}"
time="2026-08-11T19:18:27+08:00" level=info msg="[UE] Switched from state 2 to state 3"
time="2026-08-11T19:18:27+08:00" level=info msg="[GNB][NGAP] Receive Downlink NAS Transport"
time="2026-08-11T19:18:27+08:00" level=info msg="[UE][NAS] Message with security header"
time="2026-08-11T19:18:27+08:00" level=info msg="[UE][NAS] Message with integrity and ciphered"
time="2026-08-11T19:18:27+08:00" level=info msg="[UE][NAS] successful NAS CIPHERING"
time="2026-08-11T19:18:27+08:00" level=info msg="[UE][NAS] successful NAS MAC verification"
time="2026-08-11T19:18:27+08:00" level=info msg="[UE][NAS] Receive Configuration Update Command"
time="2026-08-11T19:18:27+08:00" level=info msg="[UE] Initiating Configuration Update Complete"
time="2026-08-11T19:18:27+08:00" level=info msg="[GNB][SCTP] Receive message in 0 stream\n"
time="2026-08-11T19:18:27+08:00" level=info msg="[GNB][NGAP] Receive Initial Context Setup Request"
time="2026-08-11T19:18:27+08:00" level=info msg="[GNB][UE] UE Context was created with successful"
time="2026-08-11T19:18:27+08:00" level=info msg="[GNB][UE] UE RAN ID 90"
time="2026-08-11T19:18:27+08:00" level=info msg="[GNB][UE] UE AMF ID 309"
time="2026-08-11T19:18:27+08:00" level=info msg="[GNB][UE] UE Mobility Restrict --Plmn-- Mcc: 208 Mnc: 93"
time="2026-08-11T19:18:27+08:00" level=info msg="[GNB][UE] UE Masked Imeisv: 1110000000ffff00"
time="2026-08-11T19:18:27+08:00" level=info msg="[GNB][UE] Allowed Nssai-- Sst: [01 01] Sd: [010203 112233]"
time="2026-08-11T19:18:27+08:00" level=info msg="[GNB][NGAP][AMF] Send Initial Context Setup Response."
time="2026-08-11T19:18:27+08:00" level=info msg="[GNB] Initiating Initial Context Setup Response"
time="2026-08-11T19:18:27+08:00" level=info msg="[GNB][NGAP] No PDU Session to set up in InitialContextSetupResponse."
time="2026-08-11T19:18:27+08:00" level=info msg="[UE][NAS] Message with security header"
time="2026-08-11T19:18:27+08:00" level=info msg="[UE][NAS] Message with integrity and ciphered"
time="2026-08-11T19:18:27+08:00" level=info msg="[UE][NAS] successful NAS CIPHERING"
time="2026-08-11T19:18:27+08:00" level=info msg="[UE][NAS] successful NAS MAC verification"
time="2026-08-11T19:18:27+08:00" level=info msg="[UE][NAS] Receive Registration Accept"
time="2026-08-11T19:18:27+08:00" level=info msg="[UE][NAS] UE 5G GUTI: &{119 11 [242 2 248 57 202 254 0 0 0 1 49]}"
time="2026-08-11T19:18:27+08:00" level=info msg="[UE] Switched from state 2 to state 3"
time="2026-08-11T19:18:27+08:00" level=info msg="[GNB][SCTP] Receive message in 0 stream\n"
time="2026-08-11T19:18:27+08:00" level=info msg="[GNB][NGAP] Receive Downlink NAS Transport"
time="2026-08-11T19:18:27+08:00" level=info msg="[UE][NAS] Message with security header"
time="2026-08-11T19:18:27+08:00" level=info msg="[UE][NAS] Message with integrity and ciphered"
time="2026-08-11T19:18:27+08:00" level=info msg="[UE][NAS] successful NAS CIPHERING"
time="2026-08-11T19:18:27+08:00" level=info msg="[UE][NAS] successful NAS MAC verification"
time="2026-08-11T19:18:27+08:00" level=info msg="[UE][NAS] Receive Configuration Update Command"
time="2026-08-11T19:18:27+08:00" level=info msg="[UE] Initiating Configuration Update Complete"
time="2026-08-11T19:18:27+08:00" level=info msg="[GNB][SCTP] Receive message in 0 stream\n"
time="2026-08-11T19:18:27+08:00" level=info msg="[GNB][NGAP] Receive Downlink NAS Transport"
time="2026-08-11T19:18:27+08:00" level=info msg="[UE][NAS] Message with security header"
time="2026-08-11T19:18:27+08:00" level=info msg="[UE][NAS] Message with integrity and with NEW 5G NAS SECURITY CONTEXT"
time="2026-08-11T19:18:27+08:00" level=info msg="[UE][NAS] successful NAS MAC verification"
time="2026-08-11T19:18:27+08:00" level=info msg="[UE][NAS] Receive Security Mode Command"
time="2026-08-11T19:18:27+08:00" level=info msg="[UE][NAS] Type of ciphering algorithm is 5G-EA0"
time="2026-08-11T19:18:27+08:00" level=info msg="[UE][NAS] Type of integrity protection algorithm is 128-5G-IA2"
time="2026-08-11T19:18:27+08:00" level=info msg="[GNB][SCTP] Receive message in 0 stream\n"
time="2026-08-11T19:18:27+08:00" level=info msg="[GNB][SCTP] Receive message in 0 stream\n"
time="2026-08-11T19:18:27+08:00" level=info msg="[GNB][NGAP] Receive Downlink NAS Transport"
time="2026-08-11T19:18:27+08:00" level=info msg="[UE][NAS] Message with security header"
time="2026-08-11T19:18:27+08:00" level=info msg="[UE][NAS] Message with integrity and with NEW 5G NAS SECURITY CONTEXT"
time="2026-08-11T19:18:27+08:00" level=info msg="[UE][NAS] successful NAS MAC verification"
time="2026-08-11T19:18:27+08:00" level=info msg="[UE][NAS] Receive Security Mode Command"
time="2026-08-11T19:18:27+08:00" level=info msg="[UE][NAS] Type of ciphering algorithm is 5G-EA0"
time="2026-08-11T19:18:27+08:00" level=info msg="[UE][NAS] Type of integrity protection algorithm is 128-5G-IA2"
time="2026-08-11T19:18:27+08:00" level=info msg="[GNB][NGAP] Receive Downlink NAS Transport"
time="2026-08-11T19:18:27+08:00" level=info msg="[UE][NAS] Message with security header"
time="2026-08-11T19:18:27+08:00" level=info msg="[UE][NAS] Message with integrity and with NEW 5G NAS SECURITY CONTEXT"
time="2026-08-11T19:18:27+08:00" level=info msg="[UE][NAS] successful NAS MAC verification"
time="2026-08-11T19:18:27+08:00" level=info msg="[UE][NAS] Receive Security Mode Command"
time="2026-08-11T19:18:27+08:00" level=info msg="[UE][NAS] Type of ciphering algorithm is 5G-EA0"
time="2026-08-11T19:18:27+08:00" level=info msg="[UE][NAS] Type of integrity protection algorithm is 128-5G-IA2"
time="2026-08-11T19:18:27+08:00" level=info msg="[GNB][SCTP] Receive message in 0 stream\n"
time="2026-08-11T19:18:27+08:00" level=info msg="[GNB][SCTP] Receive message in 0 stream\n"
time="2026-08-11T19:18:27+08:00" level=info msg="[GNB][NGAP] Receive Downlink NAS Transport"
time="2026-08-11T19:18:27+08:00" level=info msg="[UE][NAS] Message with security header"
time="2026-08-11T19:18:27+08:00" level=info msg="[UE][NAS] Message with integrity and ciphered"
time="2026-08-11T19:18:27+08:00" level=info msg="[UE][NAS] successful NAS CIPHERING"
time="2026-08-11T19:18:27+08:00" level=info msg="[UE][NAS] successful NAS MAC verification"
time="2026-08-11T19:18:27+08:00" level=info msg="[UE][NAS] Receive Configuration Update Command"
time="2026-08-11T19:18:27+08:00" level=info msg="[UE] Initiating Configuration Update Complete"
time="2026-08-11T19:18:27+08:00" level=info msg="[GNB][NGAP] Receive Downlink NAS Transport"
time="2026-08-11T19:18:27+08:00" level=info msg="[UE][NAS] Message with security header"
time="2026-08-11T19:18:27+08:00" level=info msg="[UE][NAS] Message with integrity and ciphered"
time="2026-08-11T19:18:27+08:00" level=info msg="[UE][NAS] successful NAS CIPHERING"
time="2026-08-11T19:18:27+08:00" level=info msg="[UE][NAS] successful NAS MAC verification"
time="2026-08-11T19:18:27+08:00" level=info msg="[UE][NAS] Receive Configuration Update Command"
time="2026-08-11T19:18:27+08:00" level=info msg="[UE] Initiating Configuration Update Complete"
time="2026-08-11T19:18:27+08:00" level=info msg="[GNB][SCTP] Receive message in 0 stream\n"
time="2026-08-11T19:18:27+08:00" level=info msg="[GNB][SCTP] Receive message in 0 stream\n"
time="2026-08-11T19:18:27+08:00" level=info msg="[GNB][NGAP] Receive Downlink NAS Transport"
time="2026-08-11T19:18:27+08:00" level=info msg="[UE][NAS] Message with security header"
time="2026-08-11T19:18:27+08:00" level=info msg="[UE][NAS] Message with integrity and ciphered"
time="2026-08-11T19:18:27+08:00" level=info msg="[UE][NAS] successful NAS CIPHERING"
time="2026-08-11T19:18:27+08:00" level=info msg="[UE][NAS] successful NAS MAC verification"
time="2026-08-11T19:18:27+08:00" level=info msg="[UE][NAS] Receive Configuration Update Command"
time="2026-08-11T19:18:27+08:00" level=info msg="[UE] Initiating Configuration Update Complete"
time="2026-08-11T19:18:27+08:00" level=info msg="[GNB][NGAP] Receive Downlink NAS Transport"
time="2026-08-11T19:18:27+08:00" level=info msg="[UE][NAS] Message with security header"
time="2026-08-11T19:18:27+08:00" level=info msg="[UE][NAS] Message with integrity and ciphered"
time="2026-08-11T19:18:27+08:00" level=info msg="[UE][NAS] successful NAS CIPHERING"
time="2026-08-11T19:18:27+08:00" level=info msg="[UE][NAS] successful NAS MAC verification"
time="2026-08-11T19:18:27+08:00" level=info msg="[UE][NAS] Receive Configuration Update Command"
time="2026-08-11T19:18:27+08:00" level=info msg="[UE] Initiating Configuration Update Complete"
time="2026-08-11T19:18:27+08:00" level=info msg="[GNB][SCTP] Receive message in 0 stream\n"
time="2026-08-11T19:18:27+08:00" level=info msg="[GNB][NGAP] Receive Initial Context Setup Request"
time="2026-08-11T19:18:27+08:00" level=info msg="[GNB][UE] UE Context was created with successful"
time="2026-08-11T19:18:27+08:00" level=info msg="[GNB][UE] UE RAN ID 47"
time="2026-08-11T19:18:27+08:00" level=info msg="[GNB][UE] UE AMF ID 269"
time="2026-08-11T19:18:27+08:00" level=info msg="[GNB][UE] UE Mobility Restrict --Plmn-- Mcc: 208 Mnc: 93"
time="2026-08-11T19:18:27+08:00" level=info msg="[GNB][UE] UE Masked Imeisv: 1110000000ffff00"
time="2026-08-11T19:18:27+08:00" level=info msg="[GNB][UE] Allowed Nssai-- Sst: [01 01] Sd: [010203 112233]"
time="2026-08-11T19:18:27+08:00" level=info msg="[GNB][NGAP][AMF] Send Initial Context Setup Response."
time="2026-08-11T19:18:27+08:00" level=info msg="[GNB] Initiating Initial Context Setup Response"
time="2026-08-11T19:18:27+08:00" level=info msg="[GNB][NGAP] No PDU Session to set up in InitialContextSetupResponse."
time="2026-08-11T19:18:27+08:00" level=info msg="[UE][NAS] Message with security header"
time="2026-08-11T19:18:27+08:00" level=info msg="[UE][NAS] Message with integrity and ciphered"
time="2026-08-11T19:18:27+08:00" level=info msg="[UE][NAS] successful NAS CIPHERING"
time="2026-08-11T19:18:27+08:00" level=info msg="[UE][NAS] successful NAS MAC verification"
time="2026-08-11T19:18:27+08:00" level=info msg="[UE][NAS] Receive Registration Accept"
time="2026-08-11T19:18:27+08:00" level=info msg="[UE][NAS] UE 5G GUTI: &{119 11 [242 2 248 57 202 254 0 0 0 1 9]}"
time="2026-08-11T19:18:27+08:00" level=info msg="[UE] Switched from state 2 to state 3"
time="2026-08-11T19:18:27+08:00" level=info msg="[GNB][SCTP] Receive message in 0 stream\n"
time="2026-08-11T19:18:27+08:00" level=info msg="[GNB][NGAP] Receive Downlink NAS Transport"
time="2026-08-11T19:18:27+08:00" level=info msg="[UE][NAS] Message with security header"
time="2026-08-11T19:18:27+08:00" level=info msg="[UE][NAS] Message with integrity and with NEW 5G NAS SECURITY CONTEXT"
time="2026-08-11T19:18:27+08:00" level=info msg="[UE][NAS] successful NAS MAC verification"
time="2026-08-11T19:18:27+08:00" level=info msg="[UE][NAS] Receive Security Mode Command"
time="2026-08-11T19:18:27+08:00" level=info msg="[UE][NAS] Type of ciphering algorithm is 5G-EA0"
time="2026-08-11T19:18:27+08:00" level=info msg="[UE][NAS] Type of integrity protection algorithm is 128-5G-IA2"
time="2026-08-11T19:18:27+08:00" level=info msg="[GNB][SCTP] Receive message in 0 stream\n"
time="2026-08-11T19:18:27+08:00" level=info msg="[GNB][NGAP] Receive Downlink NAS Transport"
time="2026-08-11T19:18:27+08:00" level=info msg="[UE][NAS] Message with security header"
time="2026-08-11T19:18:27+08:00" level=info msg="[UE][NAS] Message with integrity and ciphered"
time="2026-08-11T19:18:27+08:00" level=info msg="[UE][NAS] successful NAS CIPHERING"
time="2026-08-11T19:18:27+08:00" level=info msg="[UE][NAS] successful NAS MAC verification"
time="2026-08-11T19:18:27+08:00" level=info msg="[UE][NAS] Receive Configuration Update Command"
time="2026-08-11T19:18:27+08:00" level=info msg="[UE] Initiating Configuration Update Complete"
time="2026-08-11T19:18:27+08:00" level=info msg="[GNB][SCTP] Receive message in 0 stream\n"
time="2026-08-11T19:18:27+08:00" level=info msg="[GNB][NGAP] Receive Initial Context Setup Request"
time="2026-08-11T19:18:27+08:00" level=info msg="[GNB][UE] UE Context was created with successful"
time="2026-08-11T19:18:27+08:00" level=info msg="[GNB][UE] UE RAN ID 99"
time="2026-08-11T19:18:27+08:00" level=info msg="[GNB][UE] UE AMF ID 313"
time="2026-08-11T19:18:27+08:00" level=info msg="[GNB][UE] UE Mobility Restrict --Plmn-- Mcc: 208 Mnc: 93"
time="2026-08-11T19:18:27+08:00" level=info msg="[GNB][UE] UE Masked Imeisv: 1110000000ffff00"
time="2026-08-11T19:18:27+08:00" level=info msg="[GNB][UE] Allowed Nssai-- Sst: [01 01] Sd: [010203 112233]"
time="2026-08-11T19:18:27+08:00" level=info msg="[GNB][NGAP][AMF] Send Initial Context Setup Response."
time="2026-08-11T19:18:27+08:00" level=info msg="[GNB] Initiating Initial Context Setup Response"
time="2026-08-11T19:18:27+08:00" level=info msg="[GNB][NGAP] No PDU Session to set up in InitialContextSetupResponse."
time="2026-08-11T19:18:27+08:00" level=info msg="[UE][NAS] Message with security header"
time="2026-08-11T19:18:27+08:00" level=info msg="[UE][NAS] Message with integrity and ciphered"
time="2026-08-11T19:18:27+08:00" level=info msg="[UE][NAS] successful NAS CIPHERING"
time="2026-08-11T19:18:27+08:00" level=info msg="[UE][NAS] successful NAS MAC verification"
time="2026-08-11T19:18:27+08:00" level=info msg="[UE][NAS] Receive Registration Accept"
time="2026-08-11T19:18:27+08:00" level=info msg="[UE][NAS] UE 5G GUTI: &{119 11 [242 2 248 57 202 254 0 0 0 1 53]}"
time="2026-08-11T19:18:27+08:00" level=info msg="[UE] Switched from state 2 to state 3"
time="2026-08-11T19:18:27+08:00" level=info msg="[GNB][SCTP] Receive message in 0 stream\n"
time="2026-08-11T19:18:27+08:00" level=info msg="[GNB][NGAP] Receive Downlink NAS Transport"
time="2026-08-11T19:18:27+08:00" level=info msg="[UE][NAS] Message with security header"
time="2026-08-11T19:18:27+08:00" level=info msg="[UE][NAS] Message with integrity and with NEW 5G NAS SECURITY CONTEXT"
time="2026-08-11T19:18:27+08:00" level=info msg="[UE][NAS] successful NAS MAC verification"
time="2026-08-11T19:18:27+08:00" level=info msg="[UE][NAS] Receive Security Mode Command"
time="2026-08-11T19:18:27+08:00" level=info msg="[UE][NAS] Type of ciphering algorithm is 5G-EA0"
time="2026-08-11T19:18:27+08:00" level=info msg="[UE][NAS] Type of integrity protection algorithm is 128-5G-IA2"
time="2026-08-11T19:18:27+08:00" level=info msg="[GNB][SCTP] Receive message in 0 stream\n"
time="2026-08-11T19:18:27+08:00" level=info msg="[GNB][SCTP] Receive message in 0 stream\n"
time="2026-08-11T19:18:27+08:00" level=info msg="[GNB][NGAP] Receive Downlink NAS Transport"
time="2026-08-11T19:18:27+08:00" level=info msg="[GNB][NGAP] Receive Downlink NAS Transport"
time="2026-08-11T19:18:27+08:00" level=info msg="[UE][NAS] Message with security header"
time="2026-08-11T19:18:27+08:00" level=info msg="[UE][NAS] Message with integrity and ciphered"
time="2026-08-11T19:18:27+08:00" level=info msg="[UE][NAS] successful NAS CIPHERING"
time="2026-08-11T19:18:27+08:00" level=info msg="[UE][NAS] successful NAS MAC verification"
time="2026-08-11T19:18:27+08:00" level=info msg="[UE][NAS] Receive Configuration Update Command"
time="2026-08-11T19:18:27+08:00" level=info msg="[UE] Initiating Configuration Update Complete"
time="2026-08-11T19:18:27+08:00" level=info msg="[UE][NAS] Message with security header"
time="2026-08-11T19:18:27+08:00" level=info msg="[UE][NAS] Message with integrity and ciphered"
time="2026-08-11T19:18:27+08:00" level=info msg="[UE][NAS] successful NAS CIPHERING"
time="2026-08-11T19:18:27+08:00" level=info msg="[UE][NAS] successful NAS MAC verification"
time="2026-08-11T19:18:27+08:00" level=info msg="[UE][NAS] Receive Configuration Update Command"
time="2026-08-11T19:18:27+08:00" level=info msg="[UE] Initiating Configuration Update Complete"
time="2026-08-11T19:18:27+08:00" level=info msg="[GNB][SCTP] Receive message in 0 stream\n"
time="2026-08-11T19:18:27+08:00" level=info msg="[GNB][NGAP] Receive Initial Context Setup Request"
time="2026-08-11T19:18:27+08:00" level=info msg="[GNB][UE] UE Context was created with successful"
time="2026-08-11T19:18:27+08:00" level=info msg="[GNB][UE] UE RAN ID 15"
time="2026-08-11T19:18:27+08:00" level=info msg="[GNB][UE] UE AMF ID 244"
time="2026-08-11T19:18:27+08:00" level=info msg="[GNB][UE] UE Mobility Restrict --Plmn-- Mcc: 208 Mnc: 93"
time="2026-08-11T19:18:27+08:00" level=info msg="[GNB][UE] UE Masked Imeisv: 1110000000ffff00"
time="2026-08-11T19:18:27+08:00" level=info msg="[GNB][UE] Allowed Nssai-- Sst: [01 01] Sd: [010203 112233]"
time="2026-08-11T19:18:27+08:00" level=info msg="[GNB][NGAP][AMF] Send Initial Context Setup Response."
time="2026-08-11T19:18:27+08:00" level=info msg="[GNB] Initiating Initial Context Setup Response"
time="2026-08-11T19:18:27+08:00" level=info msg="[GNB][NGAP] No PDU Session to set up in InitialContextSetupResponse."
time="2026-08-11T19:18:27+08:00" level=info msg="[UE][NAS] Message with security header"
time="2026-08-11T19:18:27+08:00" level=info msg="[UE][NAS] Message with integrity and ciphered"
time="2026-08-11T19:18:27+08:00" level=info msg="[UE][NAS] successful NAS CIPHERING"
time="2026-08-11T19:18:27+08:00" level=info msg="[UE][NAS] successful NAS MAC verification"
time="2026-08-11T19:18:27+08:00" level=info msg="[UE][NAS] Receive Registration Accept"
time="2026-08-11T19:18:27+08:00" level=info msg="[UE][NAS] UE 5G GUTI: &{119 11 [242 2 248 57 202 254 0 0 0 0 240]}"
time="2026-08-11T19:18:27+08:00" level=info msg="[UE] Switched from state 2 to state 3"
time="2026-08-11T19:18:27+08:00" level=info msg="[GNB][SCTP] Receive message in 0 stream\n"
time="2026-08-11T19:18:27+08:00" level=info msg="[GNB][NGAP] Receive Initial Context Setup Request"
time="2026-08-11T19:18:27+08:00" level=info msg="[GNB][UE] UE Context was created with successful"
time="2026-08-11T19:18:27+08:00" level=info msg="[GNB][UE] UE RAN ID 89"
time="2026-08-11T19:18:27+08:00" level=info msg="[GNB][UE] UE AMF ID 314"
time="2026-08-11T19:18:27+08:00" level=info msg="[GNB][UE] UE Mobility Restrict --Plmn-- Mcc: 208 Mnc: 93"
time="2026-08-11T19:18:27+08:00" level=info msg="[GNB][UE] UE Masked Imeisv: 1110000000ffff00"
time="2026-08-11T19:18:27+08:00" level=info msg="[GNB][UE] Allowed Nssai-- Sst: [01 01] Sd: [010203 112233]"
time="2026-08-11T19:18:27+08:00" level=info msg="[GNB][NGAP][AMF] Send Initial Context Setup Response."
time="2026-08-11T19:18:27+08:00" level=info msg="[GNB] Initiating Initial Context Setup Response"
time="2026-08-11T19:18:27+08:00" level=info msg="[GNB][NGAP] No PDU Session to set up in InitialContextSetupResponse."
time="2026-08-11T19:18:27+08:00" level=info msg="[UE][NAS] Message with security header"
time="2026-08-11T19:18:27+08:00" level=info msg="[UE][NAS] Message with integrity and ciphered"
time="2026-08-11T19:18:27+08:00" level=info msg="[UE][NAS] successful NAS CIPHERING"
time="2026-08-11T19:18:27+08:00" level=info msg="[UE][NAS] successful NAS MAC verification"
time="2026-08-11T19:18:27+08:00" level=info msg="[UE][NAS] Receive Registration Accept"
time="2026-08-11T19:18:27+08:00" level=info msg="[UE][NAS] UE 5G GUTI: &{119 11 [242 2 248 57 202 254 0 0 0 1 54]}"
time="2026-08-11T19:18:27+08:00" level=info msg="[UE] Switched from state 2 to state 3"
time="2026-08-11T19:18:27+08:00" level=info msg="[GNB][SCTP] Receive message in 0 stream\n"
time="2026-08-11T19:18:27+08:00" level=info msg="[GNB][NGAP] Receive Downlink NAS Transport"
time="2026-08-11T19:18:27+08:00" level=info msg="[UE][NAS] Message with security header"
time="2026-08-11T19:18:27+08:00" level=info msg="[UE][NAS] Message with integrity and ciphered"
time="2026-08-11T19:18:27+08:00" level=info msg="[UE][NAS] successful NAS CIPHERING"
time="2026-08-11T19:18:27+08:00" level=info msg="[UE][NAS] successful NAS MAC verification"
time="2026-08-11T19:18:27+08:00" level=info msg="[UE][NAS] Receive Configuration Update Command"
time="2026-08-11T19:18:27+08:00" level=info msg="[UE] Initiating Configuration Update Complete"
time="2026-08-11T19:18:28+08:00" level=info msg="[GNB][SCTP] Receive message in 0 stream\n"
time="2026-08-11T19:18:28+08:00" level=info msg="[GNB][SCTP] Receive message in 0 stream\n"
time="2026-08-11T19:18:28+08:00" level=info msg="[GNB][NGAP] Receive Downlink NAS Transport"
time="2026-08-11T19:18:28+08:00" level=info msg="[UE][NAS] Message with security header"
time="2026-08-11T19:18:28+08:00" level=info msg="[UE][NAS] Message with integrity and with NEW 5G NAS SECURITY CONTEXT"
time="2026-08-11T19:18:28+08:00" level=info msg="[UE][NAS] successful NAS MAC verification"
time="2026-08-11T19:18:28+08:00" level=info msg="[UE][NAS] Receive Security Mode Command"
time="2026-08-11T19:18:28+08:00" level=info msg="[UE][NAS] Type of ciphering algorithm is 5G-EA0"
time="2026-08-11T19:18:28+08:00" level=info msg="[UE][NAS] Type of integrity protection algorithm is 128-5G-IA2"
time="2026-08-11T19:18:28+08:00" level=info msg="[GNB][NGAP] Receive Initial Context Setup Request"
time="2026-08-11T19:18:28+08:00" level=info msg="[GNB][UE] UE Context was created with successful"
time="2026-08-11T19:18:28+08:00" level=info msg="[GNB][UE] UE RAN ID 28"
time="2026-08-11T19:18:28+08:00" level=info msg="[GNB][UE] UE AMF ID 315"
time="2026-08-11T19:18:28+08:00" level=info msg="[GNB][UE] UE Mobility Restrict --Plmn-- Mcc: 208 Mnc: 93"
time="2026-08-11T19:18:28+08:00" level=info msg="[GNB][UE] UE Masked Imeisv: 1110000000ffff00"
time="2026-08-11T19:18:28+08:00" level=info msg="[GNB][UE] Allowed Nssai-- Sst: [01 01] Sd: [010203 112233]"
time="2026-08-11T19:18:28+08:00" level=info msg="[GNB][NGAP][AMF] Send Initial Context Setup Response."
time="2026-08-11T19:18:28+08:00" level=info msg="[GNB] Initiating Initial Context Setup Response"
time="2026-08-11T19:18:28+08:00" level=info msg="[GNB][NGAP] No PDU Session to set up in InitialContextSetupResponse."
time="2026-08-11T19:18:28+08:00" level=info msg="[UE][NAS] Message with security header"
time="2026-08-11T19:18:28+08:00" level=info msg="[UE][NAS] Message with integrity and ciphered"
time="2026-08-11T19:18:28+08:00" level=info msg="[UE][NAS] successful NAS CIPHERING"
time="2026-08-11T19:18:28+08:00" level=info msg="[UE][NAS] successful NAS MAC verification"
time="2026-08-11T19:18:28+08:00" level=info msg="[UE][NAS] Receive Registration Accept"
time="2026-08-11T19:18:28+08:00" level=info msg="[UE][NAS] UE 5G GUTI: &{119 11 [242 2 248 57 202 254 0 0 0 1 55]}"
time="2026-08-11T19:18:28+08:00" level=info msg="[UE] Switched from state 2 to state 3"
time="2026-08-11T19:18:28+08:00" level=info msg="[GNB][SCTP] Receive message in 0 stream\n"
time="2026-08-11T19:18:28+08:00" level=info msg="[GNB][NGAP] Receive Downlink NAS Transport"
time="2026-08-11T19:18:28+08:00" level=info msg="[UE][NAS] Message with security header"
time="2026-08-11T19:18:28+08:00" level=info msg="[UE][NAS] Message with integrity and ciphered"
time="2026-08-11T19:18:28+08:00" level=info msg="[UE][NAS] successful NAS CIPHERING"
time="2026-08-11T19:18:28+08:00" level=info msg="[UE][NAS] successful NAS MAC verification"
time="2026-08-11T19:18:28+08:00" level=info msg="[UE][NAS] Receive Configuration Update Command"
time="2026-08-11T19:18:28+08:00" level=info msg="[UE] Initiating Configuration Update Complete"
time="2026-08-11T19:18:28+08:00" level=info msg="[GNB][SCTP] Receive message in 0 stream\n"
time="2026-08-11T19:18:28+08:00" level=info msg="[GNB][NGAP] Receive Downlink NAS Transport"
time="2026-08-11T19:18:28+08:00" level=info msg="[UE][NAS] Message with security header"
time="2026-08-11T19:18:28+08:00" level=info msg="[UE][NAS] Message with integrity and ciphered"
time="2026-08-11T19:18:28+08:00" level=info msg="[UE][NAS] successful NAS CIPHERING"
time="2026-08-11T19:18:28+08:00" level=info msg="[UE][NAS] successful NAS MAC verification"
time="2026-08-11T19:18:28+08:00" level=info msg="[UE][NAS] Receive Configuration Update Command"
time="2026-08-11T19:18:28+08:00" level=info msg="[UE] Initiating Configuration Update Complete"
time="2026-08-11T19:18:28+08:00" level=info msg="[GNB][SCTP] Receive message in 0 stream\n"
time="2026-08-11T19:18:28+08:00" level=info msg="[GNB][NGAP] Receive Downlink NAS Transport"
time="2026-08-11T19:18:28+08:00" level=info msg="[UE][NAS] Message with security header"
time="2026-08-11T19:18:28+08:00" level=info msg="[UE][NAS] Message with integrity and ciphered"
time="2026-08-11T19:18:28+08:00" level=info msg="[UE][NAS] successful NAS CIPHERING"
time="2026-08-11T19:18:28+08:00" level=info msg="[UE][NAS] successful NAS MAC verification"
time="2026-08-11T19:18:28+08:00" level=info msg="[UE][NAS] Receive Configuration Update Command"
time="2026-08-11T19:18:28+08:00" level=info msg="[UE] Initiating Configuration Update Complete"
time="2026-08-11T19:18:28+08:00" level=info msg="[GNB][SCTP] Receive message in 0 stream\n"
time="2026-08-11T19:18:28+08:00" level=info msg="[GNB][NGAP] Receive Initial Context Setup Request"
time="2026-08-11T19:18:28+08:00" level=info msg="[GNB][UE] UE Context was created with successful"
time="2026-08-11T19:18:28+08:00" level=info msg="[GNB][UE] UE RAN ID 46"
time="2026-08-11T19:18:28+08:00" level=info msg="[GNB][UE] UE AMF ID 318"
time="2026-08-11T19:18:28+08:00" level=info msg="[GNB][UE] UE Mobility Restrict --Plmn-- Mcc: 208 Mnc: 93"
time="2026-08-11T19:18:28+08:00" level=info msg="[GNB][UE] UE Masked Imeisv: 1110000000ffff00"
time="2026-08-11T19:18:28+08:00" level=info msg="[GNB][UE] Allowed Nssai-- Sst: [01 01] Sd: [010203 112233]"
time="2026-08-11T19:18:28+08:00" level=info msg="[GNB][NGAP][AMF] Send Initial Context Setup Response."
time="2026-08-11T19:18:28+08:00" level=info msg="[GNB] Initiating Initial Context Setup Response"
time="2026-08-11T19:18:28+08:00" level=info msg="[GNB][NGAP] No PDU Session to set up in InitialContextSetupResponse."
time="2026-08-11T19:18:28+08:00" level=info msg="[UE][NAS] Message with security header"
time="2026-08-11T19:18:28+08:00" level=info msg="[UE][NAS] Message with integrity and ciphered"
time="2026-08-11T19:18:28+08:00" level=info msg="[UE][NAS] successful NAS CIPHERING"
time="2026-08-11T19:18:28+08:00" level=info msg="[UE][NAS] successful NAS MAC verification"
time="2026-08-11T19:18:28+08:00" level=info msg="[UE][NAS] Receive Registration Accept"
time="2026-08-11T19:18:28+08:00" level=info msg="[UE][NAS] UE 5G GUTI: &{119 11 [242 2 248 57 202 254 0 0 0 1 58]}"
time="2026-08-11T19:18:28+08:00" level=info msg="[GNB][SCTP] Receive message in 0 stream\n"
time="2026-08-11T19:18:28+08:00" level=info msg="[UE] Switched from state 2 to state 3"
time="2026-08-11T19:18:28+08:00" level=info msg="[GNB][NGAP] Receive Downlink NAS Transport"
time="2026-08-11T19:18:28+08:00" level=info msg="[UE][NAS] Message with security header"
time="2026-08-11T19:18:28+08:00" level=info msg="[UE][NAS] Message with integrity and ciphered"
time="2026-08-11T19:18:28+08:00" level=info msg="[UE][NAS] successful NAS CIPHERING"
time="2026-08-11T19:18:28+08:00" level=info msg="[UE][NAS] successful NAS MAC verification"
time="2026-08-11T19:18:28+08:00" level=info msg="[UE][NAS] Receive Configuration Update Command"
time="2026-08-11T19:18:28+08:00" level=info msg="[UE] Initiating Configuration Update Complete"
time="2026-08-11T19:18:28+08:00" level=info msg="[GNB][SCTP] Receive message in 0 stream\n"
time="2026-08-11T19:18:28+08:00" level=info msg="[GNB][NGAP] Receive Downlink NAS Transport"
time="2026-08-11T19:18:28+08:00" level=info msg="[UE][NAS] Message with security header"
time="2026-08-11T19:18:28+08:00" level=info msg="[UE][NAS] Message with integrity and ciphered"
time="2026-08-11T19:18:28+08:00" level=info msg="[UE][NAS] successful NAS CIPHERING"
time="2026-08-11T19:18:28+08:00" level=info msg="[UE][NAS] successful NAS MAC verification"
time="2026-08-11T19:18:28+08:00" level=info msg="[UE][NAS] Receive Configuration Update Command"
time="2026-08-11T19:18:28+08:00" level=info msg="[UE] Initiating Configuration Update Complete"
time="2026-08-11T19:18:28+08:00" level=info msg="[GNB][SCTP] Receive message in 0 stream\n"
time="2026-08-11T19:18:28+08:00" level=info msg="[GNB][NGAP] Receive Downlink NAS Transport"
time="2026-08-11T19:18:28+08:00" level=info msg="[UE][NAS] Message with security header"
time="2026-08-11T19:18:28+08:00" level=info msg="[UE][NAS] Message with integrity and ciphered"
time="2026-08-11T19:18:28+08:00" level=info msg="[UE][NAS] successful NAS CIPHERING"
time="2026-08-11T19:18:28+08:00" level=info msg="[UE][NAS] successful NAS MAC verification"
time="2026-08-11T19:18:28+08:00" level=info msg="[UE][NAS] Receive Configuration Update Command"
time="2026-08-11T19:18:28+08:00" level=info msg="[UE] Initiating Configuration Update Complete"
time="2026-08-11T19:18:28+08:00" level=info msg="[GNB][SCTP] Receive message in 0 stream\n"
time="2026-08-11T19:18:28+08:00" level=info msg="[GNB][NGAP] Receive Initial Context Setup Request"
time="2026-08-11T19:18:28+08:00" level=info msg="[GNB][UE] UE Context was created with successful"
time="2026-08-11T19:18:28+08:00" level=info msg="[GNB][UE] UE RAN ID 56"
time="2026-08-11T19:18:28+08:00" level=info msg="[GNB][UE] UE AMF ID 275"
time="2026-08-11T19:18:28+08:00" level=info msg="[GNB][UE] UE Mobility Restrict --Plmn-- Mcc: 208 Mnc: 93"
time="2026-08-11T19:18:28+08:00" level=info msg="[GNB][UE] UE Masked Imeisv: 1110000000ffff00"
time="2026-08-11T19:18:28+08:00" level=info msg="[GNB][UE] Allowed Nssai-- Sst: [01 01] Sd: [010203 112233]"
time="2026-08-11T19:18:28+08:00" level=info msg="[GNB][NGAP][AMF] Send Initial Context Setup Response."
time="2026-08-11T19:18:28+08:00" level=info msg="[GNB] Initiating Initial Context Setup Response"
time="2026-08-11T19:18:28+08:00" level=info msg="[GNB][NGAP] No PDU Session to set up in InitialContextSetupResponse."
time="2026-08-11T19:18:28+08:00" level=info msg="[UE][NAS] Message with security header"
time="2026-08-11T19:18:28+08:00" level=info msg="[UE][NAS] Message with integrity and ciphered"
time="2026-08-11T19:18:28+08:00" level=info msg="[UE][NAS] successful NAS CIPHERING"
time="2026-08-11T19:18:28+08:00" level=info msg="[UE][NAS] successful NAS MAC verification"
time="2026-08-11T19:18:28+08:00" level=info msg="[UE][NAS] Receive Registration Accept"
time="2026-08-11T19:18:28+08:00" level=info msg="[UE][NAS] UE 5G GUTI: &{119 11 [242 2 248 57 202 254 0 0 0 1 15]}"
time="2026-08-11T19:18:28+08:00" level=info msg="[UE] Switched from state 2 to state 3"
time="2026-08-11T19:18:28+08:00" level=info msg="[GNB][SCTP] Receive message in 0 stream\n"
time="2026-08-11T19:18:28+08:00" level=info msg="[GNB][NGAP] Receive Initial Context Setup Request"
time="2026-08-11T19:18:28+08:00" level=info msg="[GNB][UE] UE Context was created with successful"
time="2026-08-11T19:18:28+08:00" level=info msg="[GNB][UE] UE RAN ID 95"
time="2026-08-11T19:18:28+08:00" level=info msg="[GNB][UE] UE AMF ID 319"
time="2026-08-11T19:18:28+08:00" level=info msg="[GNB][UE] UE Mobility Restrict --Plmn-- Mcc: 208 Mnc: 93"
time="2026-08-11T19:18:28+08:00" level=info msg="[GNB][UE] UE Masked Imeisv: 1110000000ffff00"
time="2026-08-11T19:18:28+08:00" level=info msg="[GNB][UE] Allowed Nssai-- Sst: [01 01] Sd: [010203 112233]"
time="2026-08-11T19:18:28+08:00" level=info msg="[GNB][NGAP][AMF] Send Initial Context Setup Response."
time="2026-08-11T19:18:28+08:00" level=info msg="[GNB] Initiating Initial Context Setup Response"
time="2026-08-11T19:18:28+08:00" level=info msg="[GNB][NGAP] No PDU Session to set up in InitialContextSetupResponse."
time="2026-08-11T19:18:28+08:00" level=info msg="[UE][NAS] Message with security header"
time="2026-08-11T19:18:28+08:00" level=info msg="[UE][NAS] Message with integrity and ciphered"
time="2026-08-11T19:18:28+08:00" level=info msg="[UE][NAS] successful NAS CIPHERING"
time="2026-08-11T19:18:28+08:00" level=info msg="[UE][NAS] successful NAS MAC verification"
time="2026-08-11T19:18:28+08:00" level=info msg="[UE][NAS] Receive Registration Accept"
time="2026-08-11T19:18:28+08:00" level=info msg="[UE][NAS] UE 5G GUTI: &{119 11 [242 2 248 57 202 254 0 0 0 1 59]}"
time="2026-08-11T19:18:28+08:00" level=info msg="[GNB][SCTP] Receive message in 0 stream\n"
time="2026-08-11T19:18:28+08:00" level=info msg="[UE] Switched from state 2 to state 3"
time="2026-08-11T19:18:28+08:00" level=info msg="[GNB][SCTP] Receive message in 0 stream\n"
time="2026-08-11T19:18:28+08:00" level=info msg="[GNB][NGAP] Receive Downlink NAS Transport"
time="2026-08-11T19:18:28+08:00" level=info msg="[UE][NAS] Message with security header"
time="2026-08-11T19:18:28+08:00" level=info msg="[UE][NAS] Message with integrity and ciphered"
time="2026-08-11T19:18:28+08:00" level=info msg="[UE][NAS] successful NAS CIPHERING"
time="2026-08-11T19:18:28+08:00" level=info msg="[UE][NAS] successful NAS MAC verification"
time="2026-08-11T19:18:28+08:00" level=info msg="[UE][NAS] Receive Configuration Update Command"
time="2026-08-11T19:18:28+08:00" level=info msg="[UE] Initiating Configuration Update Complete"
time="2026-08-11T19:18:28+08:00" level=info msg="[GNB][NGAP] Receive Downlink NAS Transport"
time="2026-08-11T19:18:28+08:00" level=info msg="[UE][NAS] Message with security header"
time="2026-08-11T19:18:28+08:00" level=info msg="[UE][NAS] Message with integrity and ciphered"
time="2026-08-11T19:18:28+08:00" level=info msg="[UE][NAS] successful NAS CIPHERING"
time="2026-08-11T19:18:28+08:00" level=info msg="[UE][NAS] successful NAS MAC verification"
time="2026-08-11T19:18:28+08:00" level=info msg="[UE][NAS] Receive Configuration Update Command"
time="2026-08-11T19:18:28+08:00" level=info msg="[UE] Initiating Configuration Update Complete"
time="2026-08-11T19:18:28+08:00" level=info msg="[GNB][SCTP] Receive message in 0 stream\n"
time="2026-08-11T19:18:28+08:00" level=info msg="[GNB][NGAP] Receive Initial Context Setup Request"
time="2026-08-11T19:18:28+08:00" level=info msg="[GNB][UE] UE Context was created with successful"
time="2026-08-11T19:18:28+08:00" level=info msg="[GNB][UE] UE RAN ID 27"
time="2026-08-11T19:18:28+08:00" level=info msg="[GNB][UE] UE AMF ID 250"
time="2026-08-11T19:18:28+08:00" level=info msg="[GNB][UE] UE Mobility Restrict --Plmn-- Mcc: 208 Mnc: 93"
time="2026-08-11T19:18:28+08:00" level=info msg="[GNB][UE] UE Masked Imeisv: 1110000000ffff00"
time="2026-08-11T19:18:28+08:00" level=info msg="[GNB][UE] Allowed Nssai-- Sst: [01 01] Sd: [010203 112233]"
time="2026-08-11T19:18:28+08:00" level=info msg="[GNB][NGAP][AMF] Send Initial Context Setup Response."
time="2026-08-11T19:18:28+08:00" level=info msg="[GNB] Initiating Initial Context Setup Response"
time="2026-08-11T19:18:28+08:00" level=info msg="[UE][NAS] Message with security header"
time="2026-08-11T19:18:28+08:00" level=info msg="[UE][NAS] Message with integrity and ciphered"
time="2026-08-11T19:18:28+08:00" level=info msg="[UE][NAS] successful NAS CIPHERING"
time="2026-08-11T19:18:28+08:00" level=info msg="[UE][NAS] successful NAS MAC verification"
time="2026-08-11T19:18:28+08:00" level=info msg="[UE][NAS] Receive Registration Accept"
time="2026-08-11T19:18:28+08:00" level=info msg="[UE][NAS] UE 5G GUTI: &{119 11 [242 2 248 57 202 254 0 0 0 0 246]}"
time="2026-08-11T19:18:28+08:00" level=info msg="[UE] Switched from state 2 to state 3"
time="2026-08-11T19:18:28+08:00" level=info msg="[GNB][NGAP] No PDU Session to set up in InitialContextSetupResponse."
time="2026-08-11T19:18:28+08:00" level=info msg="[GNB][SCTP] Receive message in 0 stream\n"
time="2026-08-11T19:18:28+08:00" level=info msg="[GNB][SCTP] Receive message in 0 stream\n"
time="2026-08-11T19:18:28+08:00" level=info msg="[GNB][NGAP] Receive Downlink NAS Transport"
time="2026-08-11T19:18:28+08:00" level=info msg="[UE][NAS] Message with security header"
time="2026-08-11T19:18:28+08:00" level=info msg="[UE][NAS] Message with integrity and ciphered"
time="2026-08-11T19:18:28+08:00" level=info msg="[UE][NAS] successful NAS CIPHERING"
time="2026-08-11T19:18:28+08:00" level=info msg="[GNB][NGAP] Receive Initial Context Setup Request"
time="2026-08-11T19:18:28+08:00" level=info msg="[GNB][UE] UE Context was created with successful"
time="2026-08-11T19:18:28+08:00" level=info msg="[GNB][UE] UE RAN ID 52"
time="2026-08-11T19:18:28+08:00" level=info msg="[GNB][UE] UE AMF ID 320"
time="2026-08-11T19:18:28+08:00" level=info msg="[GNB][UE] UE Mobility Restrict --Plmn-- Mcc: 208 Mnc: 93"
time="2026-08-11T19:18:28+08:00" level=info msg="[GNB][UE] UE Masked Imeisv: 1110000000ffff00"
time="2026-08-11T19:18:28+08:00" level=info msg="[GNB][UE] Allowed Nssai-- Sst: [01 01] Sd: [010203 112233]"
time="2026-08-11T19:18:28+08:00" level=info msg="[GNB][NGAP][AMF] Send Initial Context Setup Response."
time="2026-08-11T19:18:28+08:00" level=info msg="[GNB] Initiating Initial Context Setup Response"
time="2026-08-11T19:18:28+08:00" level=info msg="[GNB][NGAP] No PDU Session to set up in InitialContextSetupResponse."
time="2026-08-11T19:18:28+08:00" level=info msg="[UE][NAS] successful NAS MAC verification"
time="2026-08-11T19:18:28+08:00" level=info msg="[UE][NAS] Receive Configuration Update Command"
time="2026-08-11T19:18:28+08:00" level=info msg="[UE] Initiating Configuration Update Complete"
time="2026-08-11T19:18:28+08:00" level=info msg="[UE][NAS] Message with security header"
time="2026-08-11T19:18:28+08:00" level=info msg="[UE][NAS] Message with integrity and ciphered"
time="2026-08-11T19:18:28+08:00" level=info msg="[UE][NAS] successful NAS CIPHERING"
time="2026-08-11T19:18:28+08:00" level=info msg="[UE][NAS] successful NAS MAC verification"
time="2026-08-11T19:18:28+08:00" level=info msg="[UE][NAS] Receive Registration Accept"
time="2026-08-11T19:18:28+08:00" level=info msg="[UE][NAS] UE 5G GUTI: &{119 11 [242 2 248 57 202 254 0 0 0 1 60]}"
time="2026-08-11T19:18:28+08:00" level=info msg="[UE] Switched from state 2 to state 3"
time="2026-08-11T19:18:28+08:00" level=info msg="[GNB][SCTP] Receive message in 0 stream\n"
time="2026-08-11T19:18:28+08:00" level=info msg="[GNB][NGAP] Receive Initial Context Setup Request"
time="2026-08-11T19:18:28+08:00" level=info msg="[GNB][UE] UE Context was created with successful"
time="2026-08-11T19:18:28+08:00" level=info msg="[GNB][UE] UE RAN ID 76"
time="2026-08-11T19:18:28+08:00" level=info msg="[GNB][UE] UE AMF ID 324"
time="2026-08-11T19:18:28+08:00" level=info msg="[GNB][UE] UE Mobility Restrict --Plmn-- Mcc: 208 Mnc: 93"
time="2026-08-11T19:18:28+08:00" level=info msg="[GNB][UE] UE Masked Imeisv: 1110000000ffff00"
time="2026-08-11T19:18:28+08:00" level=info msg="[GNB][UE] Allowed Nssai-- Sst: [01 01] Sd: [010203 112233]"
time="2026-08-11T19:18:28+08:00" level=info msg="[GNB][SCTP] Receive message in 0 stream\n"
time="2026-08-11T19:18:28+08:00" level=info msg="[GNB][NGAP][AMF] Send Initial Context Setup Response."
time="2026-08-11T19:18:28+08:00" level=info msg="[GNB] Initiating Initial Context Setup Response"
time="2026-08-11T19:18:28+08:00" level=info msg="[GNB][NGAP] No PDU Session to set up in InitialContextSetupResponse."
time="2026-08-11T19:18:28+08:00" level=info msg="[GNB][NGAP] Receive Downlink NAS Transport"
time="2026-08-11T19:18:28+08:00" level=info msg="[UE][NAS] Message with security header"
time="2026-08-11T19:18:28+08:00" level=info msg="[UE][NAS] Message with integrity and ciphered"
time="2026-08-11T19:18:28+08:00" level=info msg="[UE][NAS] successful NAS CIPHERING"
time="2026-08-11T19:18:28+08:00" level=info msg="[UE][NAS] successful NAS MAC verification"
time="2026-08-11T19:18:28+08:00" level=info msg="[UE][NAS] Receive Configuration Update Command"
time="2026-08-11T19:18:28+08:00" level=info msg="[UE] Initiating Configuration Update Complete"
time="2026-08-11T19:18:28+08:00" level=info msg="[UE][NAS] Message with security header"
time="2026-08-11T19:18:28+08:00" level=info msg="[UE][NAS] Message with integrity and ciphered"
time="2026-08-11T19:18:28+08:00" level=info msg="[UE][NAS] successful NAS CIPHERING"
time="2026-08-11T19:18:28+08:00" level=info msg="[UE][NAS] successful NAS MAC verification"
time="2026-08-11T19:18:28+08:00" level=info msg="[UE][NAS] Receive Registration Accept"
time="2026-08-11T19:18:28+08:00" level=info msg="[UE][NAS] UE 5G GUTI: &{119 11 [242 2 248 57 202 254 0 0 0 1 64]}"
time="2026-08-11T19:18:28+08:00" level=info msg="[UE] Switched from state 2 to state 3"
time="2026-08-11T19:18:28+08:00" level=info msg="[GNB][SCTP] Receive message in 0 stream\n"
time="2026-08-11T19:18:28+08:00" level=info msg="[GNB][NGAP] Receive Initial Context Setup Request"
time="2026-08-11T19:18:28+08:00" level=info msg="[GNB][UE] UE Context was created with successful"
time="2026-08-11T19:18:28+08:00" level=info msg="[GNB][UE] UE RAN ID 54"
time="2026-08-11T19:18:28+08:00" level=info msg="[GNB][UE] UE AMF ID 281"
time="2026-08-11T19:18:28+08:00" level=info msg="[GNB][UE] UE Mobility Restrict --Plmn-- Mcc: 208 Mnc: 93"
time="2026-08-11T19:18:28+08:00" level=info msg="[GNB][UE] UE Masked Imeisv: 1110000000ffff00"
time="2026-08-11T19:18:28+08:00" level=info msg="[GNB][UE] Allowed Nssai-- Sst: [01 01] Sd: [010203 112233]"
time="2026-08-11T19:18:28+08:00" level=info msg="[GNB][NGAP][AMF] Send Initial Context Setup Response."
time="2026-08-11T19:18:28+08:00" level=info msg="[GNB] Initiating Initial Context Setup Response"
time="2026-08-11T19:18:28+08:00" level=info msg="[GNB][NGAP] No PDU Session to set up in InitialContextSetupResponse."
time="2026-08-11T19:18:28+08:00" level=info msg="[UE][NAS] Message with security header"
time="2026-08-11T19:18:28+08:00" level=info msg="[UE][NAS] Message with integrity and ciphered"
time="2026-08-11T19:18:28+08:00" level=info msg="[UE][NAS] successful NAS CIPHERING"
time="2026-08-11T19:18:28+08:00" level=info msg="[UE][NAS] successful NAS MAC verification"
time="2026-08-11T19:18:28+08:00" level=info msg="[UE][NAS] Receive Registration Accept"
time="2026-08-11T19:18:28+08:00" level=info msg="[UE][NAS] UE 5G GUTI: &{119 11 [242 2 248 57 202 254 0 0 0 1 21]}"
time="2026-08-11T19:18:28+08:00" level=info msg="[GNB][SCTP] Receive message in 0 stream\n"
time="2026-08-11T19:18:28+08:00" level=info msg="[UE] Switched from state 2 to state 3"
time="2026-08-11T19:18:28+08:00" level=info msg="[GNB][NGAP] Receive Downlink NAS Transport"
time="2026-08-11T19:18:28+08:00" level=info msg="[UE][NAS] Message with security header"
time="2026-08-11T19:18:28+08:00" level=info msg="[UE][NAS] Message with integrity and ciphered"
time="2026-08-11T19:18:28+08:00" level=info msg="[UE][NAS] successful NAS CIPHERING"
time="2026-08-11T19:18:28+08:00" level=info msg="[UE][NAS] successful NAS MAC verification"
time="2026-08-11T19:18:28+08:00" level=info msg="[UE][NAS] Receive Configuration Update Command"
time="2026-08-11T19:18:28+08:00" level=info msg="[UE] Initiating Configuration Update Complete"
time="2026-08-11T19:18:28+08:00" level=info msg="[GNB][SCTP] Receive message in 0 stream\n"
time="2026-08-11T19:18:28+08:00" level=info msg="[GNB][SCTP] Receive message in 0 stream\n"
time="2026-08-11T19:18:28+08:00" level=info msg="[GNB][NGAP] Receive Downlink NAS Transport"
time="2026-08-11T19:18:28+08:00" level=info msg="[UE][NAS] Message with security header"
time="2026-08-11T19:18:28+08:00" level=info msg="[UE][NAS] Message with integrity and ciphered"
time="2026-08-11T19:18:28+08:00" level=info msg="[UE][NAS] successful NAS CIPHERING"
time="2026-08-11T19:18:28+08:00" level=info msg="[UE][NAS] successful NAS MAC verification"
time="2026-08-11T19:18:28+08:00" level=info msg="[UE][NAS] Receive Configuration Update Command"
time="2026-08-11T19:18:28+08:00" level=info msg="[UE] Initiating Configuration Update Complete"
time="2026-08-11T19:18:28+08:00" level=info msg="[GNB][NGAP] Receive Initial Context Setup Request"
time="2026-08-11T19:18:28+08:00" level=info msg="[GNB][UE] UE Context was created with successful"
time="2026-08-11T19:18:28+08:00" level=info msg="[GNB][UE] UE RAN ID 82"
time="2026-08-11T19:18:28+08:00" level=info msg="[GNB][UE] UE AMF ID 325"
time="2026-08-11T19:18:28+08:00" level=info msg="[GNB][UE] UE Mobility Restrict --Plmn-- Mcc: 208 Mnc: 93"
time="2026-08-11T19:18:28+08:00" level=info msg="[GNB][UE] UE Masked Imeisv: 1110000000ffff00"
time="2026-08-11T19:18:28+08:00" level=info msg="[GNB][UE] Allowed Nssai-- Sst: [01 01] Sd: [010203 112233]"
time="2026-08-11T19:18:28+08:00" level=info msg="[GNB][NGAP][AMF] Send Initial Context Setup Response."
time="2026-08-11T19:18:28+08:00" level=info msg="[GNB] Initiating Initial Context Setup Response"
time="2026-08-11T19:18:28+08:00" level=info msg="[GNB][NGAP] No PDU Session to set up in InitialContextSetupResponse."
time="2026-08-11T19:18:28+08:00" level=info msg="[UE][NAS] Message with security header"
time="2026-08-11T19:18:28+08:00" level=info msg="[UE][NAS] Message with integrity and ciphered"
time="2026-08-11T19:18:28+08:00" level=info msg="[UE][NAS] successful NAS CIPHERING"
time="2026-08-11T19:18:28+08:00" level=info msg="[UE][NAS] successful NAS MAC verification"
time="2026-08-11T19:18:28+08:00" level=info msg="[UE][NAS] Receive Registration Accept"
time="2026-08-11T19:18:28+08:00" level=info msg="[UE][NAS] UE 5G GUTI: &{119 11 [242 2 248 57 202 254 0 0 0 1 65]}"
time="2026-08-11T19:18:28+08:00" level=info msg="[UE] Switched from state 2 to state 3"
time="2026-08-11T19:18:28+08:00" level=info msg="[GNB][SCTP] Receive message in 0 stream\n"
time="2026-08-11T19:18:28+08:00" level=info msg="[GNB][SCTP] Receive message in 0 stream\n"
time="2026-08-11T19:18:28+08:00" level=info msg="[GNB][NGAP] Receive Initial Context Setup Request"
time="2026-08-11T19:18:28+08:00" level=info msg="[GNB][UE] UE Context was created with successful"
time="2026-08-11T19:18:28+08:00" level=info msg="[GNB][UE] UE RAN ID 33"
time="2026-08-11T19:18:28+08:00" level=info msg="[GNB][UE] UE AMF ID 256"
time="2026-08-11T19:18:28+08:00" level=info msg="[GNB][UE] UE Mobility Restrict --Plmn-- Mcc: 208 Mnc: 93"
time="2026-08-11T19:18:28+08:00" level=info msg="[GNB][UE] UE Masked Imeisv: 1110000000ffff00"
time="2026-08-11T19:18:28+08:00" level=info msg="[GNB][UE] Allowed Nssai-- Sst: [01 01] Sd: [010203 112233]"
time="2026-08-11T19:18:28+08:00" level=info msg="[GNB][NGAP][AMF] Send Initial Context Setup Response."
time="2026-08-11T19:18:28+08:00" level=info msg="[GNB] Initiating Initial Context Setup Response"
time="2026-08-11T19:18:28+08:00" level=info msg="[GNB][NGAP] No PDU Session to set up in InitialContextSetupResponse."
time="2026-08-11T19:18:28+08:00" level=info msg="[GNB][NGAP] Receive Downlink NAS Transport"
time="2026-08-11T19:18:28+08:00" level=info msg="[UE][NAS] Message with security header"
time="2026-08-11T19:18:28+08:00" level=info msg="[UE][NAS] Message with integrity and ciphered"
time="2026-08-11T19:18:28+08:00" level=info msg="[UE][NAS] successful NAS CIPHERING"
time="2026-08-11T19:18:28+08:00" level=info msg="[UE][NAS] successful NAS MAC verification"
time="2026-08-11T19:18:28+08:00" level=info msg="[UE][NAS] Receive Configuration Update Command"
time="2026-08-11T19:18:28+08:00" level=info msg="[UE] Initiating Configuration Update Complete"
time="2026-08-11T19:18:28+08:00" level=info msg="[UE][NAS] Message with security header"
time="2026-08-11T19:18:28+08:00" level=info msg="[UE][NAS] Message with integrity and ciphered"
time="2026-08-11T19:18:28+08:00" level=info msg="[UE][NAS] successful NAS CIPHERING"
time="2026-08-11T19:18:28+08:00" level=info msg="[UE][NAS] successful NAS MAC verification"
time="2026-08-11T19:18:28+08:00" level=info msg="[UE][NAS] Receive Registration Accept"
time="2026-08-11T19:18:28+08:00" level=info msg="[UE][NAS] UE 5G GUTI: &{119 11 [242 2 248 57 202 254 0 0 0 0 252]}"
time="2026-08-11T19:18:28+08:00" level=info msg="[UE] Switched from state 2 to state 3"
time="2026-08-11T19:18:28+08:00" level=info msg="[GNB][SCTP] Receive message in 0 stream\n"
time="2026-08-11T19:18:28+08:00" level=info msg="[GNB][NGAP] Receive Downlink NAS Transport"
time="2026-08-11T19:18:28+08:00" level=info msg="[UE][NAS] Message with security header"
time="2026-08-11T19:18:28+08:00" level=info msg="[UE][NAS] Message with integrity and with NEW 5G NAS SECURITY CONTEXT"
time="2026-08-11T19:18:28+08:00" level=info msg="[UE][NAS] successful NAS MAC verification"
time="2026-08-11T19:18:28+08:00" level=info msg="[UE][NAS] Receive Security Mode Command"
time="2026-08-11T19:18:28+08:00" level=info msg="[UE][NAS] Type of ciphering algorithm is 5G-EA0"
time="2026-08-11T19:18:28+08:00" level=info msg="[UE][NAS] Type of integrity protection algorithm is 128-5G-IA2"
time="2026-08-11T19:18:28+08:00" level=info msg="[GNB][SCTP] Receive message in 0 stream\n"
time="2026-08-11T19:18:28+08:00" level=info msg="[GNB][NGAP] Receive Initial Context Setup Request"
time="2026-08-11T19:18:28+08:00" level=info msg="[GNB][UE] UE Context was created with successful"
time="2026-08-11T19:18:28+08:00" level=info msg="[GNB][UE] UE RAN ID 69"
time="2026-08-11T19:18:28+08:00" level=info msg="[GNB][UE] UE AMF ID 287"
time="2026-08-11T19:18:28+08:00" level=info msg="[GNB][UE] UE Mobility Restrict --Plmn-- Mcc: 208 Mnc: 93"
time="2026-08-11T19:18:28+08:00" level=info msg="[GNB][UE] UE Masked Imeisv: 1110000000ffff00"
time="2026-08-11T19:18:28+08:00" level=info msg="[GNB][UE] Allowed Nssai-- Sst: [01 01] Sd: [010203 112233]"
time="2026-08-11T19:18:28+08:00" level=info msg="[GNB][NGAP][AMF] Send Initial Context Setup Response."
time="2026-08-11T19:18:28+08:00" level=info msg="[GNB] Initiating Initial Context Setup Response"
time="2026-08-11T19:18:28+08:00" level=info msg="[GNB][NGAP] No PDU Session to set up in InitialContextSetupResponse."
time="2026-08-11T19:18:28+08:00" level=info msg="[UE][NAS] Message with security header"
time="2026-08-11T19:18:28+08:00" level=info msg="[UE][NAS] Message with integrity and ciphered"
time="2026-08-11T19:18:28+08:00" level=info msg="[UE][NAS] successful NAS CIPHERING"
time="2026-08-11T19:18:28+08:00" level=info msg="[UE][NAS] successful NAS MAC verification"
time="2026-08-11T19:18:28+08:00" level=info msg="[UE][NAS] Receive Registration Accept"
time="2026-08-11T19:18:28+08:00" level=info msg="[UE][NAS] UE 5G GUTI: &{119 11 [242 2 248 57 202 254 0 0 0 1 27]}"
time="2026-08-11T19:18:28+08:00" level=info msg="[UE] Switched from state 2 to state 3"
time="2026-08-11T19:18:28+08:00" level=info msg="[GNB][SCTP] Receive message in 0 stream\n"
time="2026-08-11T19:18:28+08:00" level=info msg="[GNB][NGAP] Receive Downlink NAS Transport"
time="2026-08-11T19:18:28+08:00" level=info msg="[UE][NAS] Message with security header"
time="2026-08-11T19:18:28+08:00" level=info msg="[UE][NAS] Message with integrity and ciphered"
time="2026-08-11T19:18:28+08:00" level=info msg="[UE][NAS] successful NAS CIPHERING"
time="2026-08-11T19:18:28+08:00" level=info msg="[UE][NAS] successful NAS MAC verification"
time="2026-08-11T19:18:28+08:00" level=info msg="[UE][NAS] Receive Configuration Update Command"
time="2026-08-11T19:18:28+08:00" level=info msg="[UE] Initiating Configuration Update Complete"
time="2026-08-11T19:18:28+08:00" level=info msg="[GNB][SCTP] Receive message in 0 stream\n"
time="2026-08-11T19:18:28+08:00" level=info msg="[GNB][NGAP] Receive Initial Context Setup Request"
time="2026-08-11T19:18:28+08:00" level=info msg="[GNB][UE] UE Context was created with successful"
time="2026-08-11T19:18:28+08:00" level=info msg="[GNB][UE] UE RAN ID 37"
time="2026-08-11T19:18:28+08:00" level=info msg="[GNB][UE] UE AMF ID 262"
time="2026-08-11T19:18:28+08:00" level=info msg="[GNB][UE] UE Mobility Restrict --Plmn-- Mcc: 208 Mnc: 93"
time="2026-08-11T19:18:28+08:00" level=info msg="[GNB][UE] UE Masked Imeisv: 1110000000ffff00"
time="2026-08-11T19:18:28+08:00" level=info msg="[GNB][UE] Allowed Nssai-- Sst: [01 01] Sd: [010203 112233]"
time="2026-08-11T19:18:28+08:00" level=info msg="[GNB][NGAP][AMF] Send Initial Context Setup Response."
time="2026-08-11T19:18:28+08:00" level=info msg="[GNB] Initiating Initial Context Setup Response"
time="2026-08-11T19:18:28+08:00" level=info msg="[GNB][NGAP] No PDU Session to set up in InitialContextSetupResponse."
time="2026-08-11T19:18:28+08:00" level=info msg="[UE][NAS] Message with security header"
time="2026-08-11T19:18:28+08:00" level=info msg="[UE][NAS] Message with integrity and ciphered"
time="2026-08-11T19:18:28+08:00" level=info msg="[UE][NAS] successful NAS CIPHERING"
time="2026-08-11T19:18:28+08:00" level=info msg="[UE][NAS] successful NAS MAC verification"
time="2026-08-11T19:18:28+08:00" level=info msg="[UE][NAS] Receive Registration Accept"
time="2026-08-11T19:18:28+08:00" level=info msg="[UE][NAS] UE 5G GUTI: &{119 11 [242 2 248 57 202 254 0 0 0 1 2]}"
time="2026-08-11T19:18:28+08:00" level=info msg="[UE] Switched from state 2 to state 3"
time="2026-08-11T19:18:29+08:00" level=info msg="[GNB][SCTP] Receive message in 0 stream\n"
time="2026-08-11T19:18:29+08:00" level=info msg="[GNB][NGAP] Receive Downlink NAS Transport"
time="2026-08-11T19:18:29+08:00" level=info msg="[UE][NAS] Message with security header"
time="2026-08-11T19:18:29+08:00" level=info msg="[UE][NAS] Message with integrity and with NEW 5G NAS SECURITY CONTEXT"
time="2026-08-11T19:18:29+08:00" level=info msg="[UE][NAS] successful NAS MAC verification"
time="2026-08-11T19:18:29+08:00" level=info msg="[UE][NAS] Receive Security Mode Command"
time="2026-08-11T19:18:29+08:00" level=info msg="[UE][NAS] Type of ciphering algorithm is 5G-EA0"
time="2026-08-11T19:18:29+08:00" level=info msg="[UE][NAS] Type of integrity protection algorithm is 128-5G-IA2"
time="2026-08-11T19:18:29+08:00" level=info msg="[GNB][SCTP] Receive message in 0 stream\n"
time="2026-08-11T19:18:29+08:00" level=info msg="[GNB][NGAP] Receive Downlink NAS Transport"
time="2026-08-11T19:18:29+08:00" level=info msg="[UE][NAS] Message with security header"
time="2026-08-11T19:18:29+08:00" level=info msg="[UE][NAS] Message with integrity and ciphered"
time="2026-08-11T19:18:29+08:00" level=info msg="[UE][NAS] successful NAS CIPHERING"
time="2026-08-11T19:18:29+08:00" level=info msg="[UE][NAS] successful NAS MAC verification"
time="2026-08-11T19:18:29+08:00" level=info msg="[UE][NAS] Receive Configuration Update Command"
time="2026-08-11T19:18:29+08:00" level=info msg="[UE] Initiating Configuration Update Complete"
time="2026-08-11T19:18:29+08:00" level=info msg="[GNB][SCTP] Receive message in 0 stream\n"
time="2026-08-11T19:18:29+08:00" level=info msg="[GNB][SCTP] Receive message in 0 stream\n"
time="2026-08-11T19:18:29+08:00" level=info msg="[GNB][NGAP] Receive Downlink NAS Transport"
time="2026-08-11T19:18:29+08:00" level=info msg="[UE][NAS] Message with security header"
time="2026-08-11T19:18:29+08:00" level=info msg="[UE][NAS] Message with integrity and ciphered"
time="2026-08-11T19:18:29+08:00" level=info msg="[UE][NAS] successful NAS CIPHERING"
time="2026-08-11T19:18:29+08:00" level=info msg="[UE][NAS] successful NAS MAC verification"
time="2026-08-11T19:18:29+08:00" level=info msg="[UE][NAS] Receive Configuration Update Command"
time="2026-08-11T19:18:29+08:00" level=info msg="[UE] Initiating Configuration Update Complete"
time="2026-08-11T19:18:29+08:00" level=info msg="[GNB][NGAP] Receive Downlink NAS Transport"
time="2026-08-11T19:18:29+08:00" level=info msg="[UE][NAS] Message with security header"
time="2026-08-11T19:18:29+08:00" level=info msg="[UE][NAS] Message with integrity and ciphered"
time="2026-08-11T19:18:29+08:00" level=info msg="[UE][NAS] successful NAS CIPHERING"
time="2026-08-11T19:18:29+08:00" level=info msg="[UE][NAS] successful NAS MAC verification"
time="2026-08-11T19:18:29+08:00" level=info msg="[UE][NAS] Receive Configuration Update Command"
time="2026-08-11T19:18:29+08:00" level=info msg="[UE] Initiating Configuration Update Complete"
time="2026-08-11T19:18:29+08:00" level=info msg="[GNB][SCTP] Receive message in 0 stream\n"
time="2026-08-11T19:18:29+08:00" level=info msg="[GNB][SCTP] Receive message in 0 stream\n"
time="2026-08-11T19:18:29+08:00" level=info msg="[GNB][NGAP] Receive Downlink NAS Transport"
time="2026-08-11T19:18:29+08:00" level=info msg="[UE][NAS] Message with security header"
time="2026-08-11T19:18:29+08:00" level=info msg="[UE][NAS] Message with integrity and ciphered"
time="2026-08-11T19:18:29+08:00" level=info msg="[UE][NAS] successful NAS CIPHERING"
time="2026-08-11T19:18:29+08:00" level=info msg="[UE][NAS] successful NAS MAC verification"
time="2026-08-11T19:18:29+08:00" level=info msg="[UE][NAS] Receive Configuration Update Command"
time="2026-08-11T19:18:29+08:00" level=info msg="[UE] Initiating Configuration Update Complete"
time="2026-08-11T19:18:29+08:00" level=info msg="[GNB][NGAP] Receive Initial Context Setup Request"
time="2026-08-11T19:18:29+08:00" level=info msg="[GNB][UE] UE Context was created with successful"
time="2026-08-11T19:18:29+08:00" level=info msg="[GNB][UE] UE RAN ID 73"
time="2026-08-11T19:18:29+08:00" level=info msg="[GNB][UE] UE AMF ID 293"
time="2026-08-11T19:18:29+08:00" level=info msg="[GNB][UE] UE Mobility Restrict --Plmn-- Mcc: 208 Mnc: 93"
time="2026-08-11T19:18:29+08:00" level=info msg="[GNB][UE] UE Masked Imeisv: 1110000000ffff00"
time="2026-08-11T19:18:29+08:00" level=info msg="[GNB][UE] Allowed Nssai-- Sst: [01 01] Sd: [010203 112233]"
time="2026-08-11T19:18:29+08:00" level=info msg="[GNB][NGAP][AMF] Send Initial Context Setup Response."
time="2026-08-11T19:18:29+08:00" level=info msg="[GNB] Initiating Initial Context Setup Response"
time="2026-08-11T19:18:29+08:00" level=info msg="[GNB][NGAP] No PDU Session to set up in InitialContextSetupResponse."
time="2026-08-11T19:18:29+08:00" level=info msg="[UE][NAS] Message with security header"
time="2026-08-11T19:18:29+08:00" level=info msg="[UE][NAS] Message with integrity and ciphered"
time="2026-08-11T19:18:29+08:00" level=info msg="[UE][NAS] successful NAS CIPHERING"
time="2026-08-11T19:18:29+08:00" level=info msg="[UE][NAS] successful NAS MAC verification"
time="2026-08-11T19:18:29+08:00" level=info msg="[UE][NAS] Receive Registration Accept"
time="2026-08-11T19:18:29+08:00" level=info msg="[UE][NAS] UE 5G GUTI: &{119 11 [242 2 248 57 202 254 0 0 0 1 32]}"
time="2026-08-11T19:18:29+08:00" level=info msg="[UE] Switched from state 2 to state 3"
time="2026-08-11T19:18:29+08:00" level=info msg="[GNB][SCTP] Receive message in 0 stream\n"
time="2026-08-11T19:18:29+08:00" level=info msg="[GNB][SCTP] Receive message in 0 stream\n"
time="2026-08-11T19:18:29+08:00" level=info msg="[GNB][NGAP] Receive Downlink NAS Transport"
time="2026-08-11T19:18:29+08:00" level=info msg="[UE][NAS] Message with security header"
time="2026-08-11T19:18:29+08:00" level=info msg="[UE][NAS] Message with integrity and with NEW 5G NAS SECURITY CONTEXT"
time="2026-08-11T19:18:29+08:00" level=info msg="[UE][NAS] successful NAS MAC verification"
time="2026-08-11T19:18:29+08:00" level=info msg="[UE][NAS] Receive Security Mode Command"
time="2026-08-11T19:18:29+08:00" level=info msg="[UE][NAS] Type of ciphering algorithm is 5G-EA0"
time="2026-08-11T19:18:29+08:00" level=info msg="[UE][NAS] Type of integrity protection algorithm is 128-5G-IA2"
time="2026-08-11T19:18:29+08:00" level=info msg="[GNB][NGAP] Receive Downlink NAS Transport"
time="2026-08-11T19:18:29+08:00" level=info msg="[UE][NAS] Message with security header"
time="2026-08-11T19:18:29+08:00" level=info msg="[UE][NAS] Message with integrity and ciphered"
time="2026-08-11T19:18:29+08:00" level=info msg="[UE][NAS] successful NAS CIPHERING"
time="2026-08-11T19:18:29+08:00" level=info msg="[UE][NAS] successful NAS MAC verification"
time="2026-08-11T19:18:29+08:00" level=info msg="[UE][NAS] Receive Configuration Update Command"
time="2026-08-11T19:18:29+08:00" level=info msg="[UE] Initiating Configuration Update Complete"
time="2026-08-11T19:18:29+08:00" level=info msg="[GNB][SCTP] Receive message in 0 stream\n"
time="2026-08-11T19:18:29+08:00" level=info msg="[GNB][NGAP] Receive Initial Context Setup Request"
time="2026-08-11T19:18:29+08:00" level=info msg="[GNB][UE] UE Context was created with successful"
time="2026-08-11T19:18:29+08:00" level=info msg="[GNB][UE] UE RAN ID 41"
time="2026-08-11T19:18:29+08:00" level=info msg="[GNB][UE] UE AMF ID 268"
time="2026-08-11T19:18:29+08:00" level=info msg="[GNB][UE] UE Mobility Restrict --Plmn-- Mcc: 208 Mnc: 93"
time="2026-08-11T19:18:29+08:00" level=info msg="[GNB][UE] UE Masked Imeisv: 1110000000ffff00"
time="2026-08-11T19:18:29+08:00" level=info msg="[GNB][UE] Allowed Nssai-- Sst: [01 01] Sd: [010203 112233]"
time="2026-08-11T19:18:29+08:00" level=info msg="[GNB][NGAP][AMF] Send Initial Context Setup Response."
time="2026-08-11T19:18:29+08:00" level=info msg="[GNB] Initiating Initial Context Setup Response"
time="2026-08-11T19:18:29+08:00" level=info msg="[GNB][NGAP] No PDU Session to set up in InitialContextSetupResponse."
time="2026-08-11T19:18:29+08:00" level=info msg="[UE][NAS] Message with security header"
time="2026-08-11T19:18:29+08:00" level=info msg="[UE][NAS] Message with integrity and ciphered"
time="2026-08-11T19:18:29+08:00" level=info msg="[UE][NAS] successful NAS CIPHERING"
time="2026-08-11T19:18:29+08:00" level=info msg="[UE][NAS] successful NAS MAC verification"
time="2026-08-11T19:18:29+08:00" level=info msg="[UE][NAS] Receive Registration Accept"
time="2026-08-11T19:18:29+08:00" level=info msg="[UE][NAS] UE 5G GUTI: &{119 11 [242 2 248 57 202 254 0 0 0 1 8]}"
time="2026-08-11T19:18:29+08:00" level=info msg="[UE] Switched from state 2 to state 3"
time="2026-08-11T19:18:29+08:00" level=info msg="[GNB][SCTP] Receive message in 0 stream\n"
time="2026-08-11T19:18:29+08:00" level=info msg="[GNB][NGAP] Receive Downlink NAS Transport"
time="2026-08-11T19:18:29+08:00" level=info msg="[UE][NAS] Message with security header"
time="2026-08-11T19:18:29+08:00" level=info msg="[UE][NAS] Message with integrity and with NEW 5G NAS SECURITY CONTEXT"
time="2026-08-11T19:18:29+08:00" level=info msg="[UE][NAS] successful NAS MAC verification"
time="2026-08-11T19:18:29+08:00" level=info msg="[UE][NAS] Receive Security Mode Command"
time="2026-08-11T19:18:29+08:00" level=info msg="[UE][NAS] Type of ciphering algorithm is 5G-EA0"
time="2026-08-11T19:18:29+08:00" level=info msg="[UE][NAS] Type of integrity protection algorithm is 128-5G-IA2"
time="2026-08-11T19:18:29+08:00" level=info msg="[GNB][SCTP] Receive message in 0 stream\n"
time="2026-08-11T19:18:29+08:00" level=info msg="[GNB][NGAP] Receive Downlink NAS Transport"
time="2026-08-11T19:18:29+08:00" level=info msg="[UE][NAS] Message with security header"
time="2026-08-11T19:18:29+08:00" level=info msg="[UE][NAS] Message with integrity and ciphered"
time="2026-08-11T19:18:29+08:00" level=info msg="[UE][NAS] successful NAS CIPHERING"
time="2026-08-11T19:18:29+08:00" level=info msg="[UE][NAS] successful NAS MAC verification"
time="2026-08-11T19:18:29+08:00" level=error msg="[UE][NAS] Receive Registration Reject"
time="2026-08-11T19:18:29+08:00" level=error msg="[UE][NAS] UE received a 5GMM Failure, cause: PLMN not allowed"
time="2026-08-11T19:18:29+08:00" level=info msg="[GNB][SCTP] Receive message in 0 stream\n"
time="2026-08-11T19:18:29+08:00" level=info msg="[GNB][NGAP] Receive Downlink NAS Transport"
time="2026-08-11T19:18:29+08:00" level=info msg="[UE][NAS] Message with security header"
time="2026-08-11T19:18:29+08:00" level=info msg="[UE][NAS] Message with integrity and ciphered"
time="2026-08-11T19:18:29+08:00" level=info msg="[UE][NAS] successful NAS CIPHERING"
time="2026-08-11T19:18:29+08:00" level=info msg="[UE][NAS] successful NAS MAC verification"
time="2026-08-11T19:18:29+08:00" level=info msg="[UE][NAS] Receive Configuration Update Command"
time="2026-08-11T19:18:29+08:00" level=info msg="[UE] Initiating Configuration Update Complete"
time="2026-08-11T19:18:29+08:00" level=info msg="[GNB][SCTP] Receive message in 0 stream\n"
time="2026-08-11T19:18:29+08:00" level=info msg="[GNB][NGAP] Receive Initial Context Setup Request"
time="2026-08-11T19:18:29+08:00" level=info msg="[GNB][UE] UE Context was created with successful"
time="2026-08-11T19:18:29+08:00" level=info msg="[GNB][UE] UE RAN ID 42"
time="2026-08-11T19:18:29+08:00" level=info msg="[GNB][UE] UE AMF ID 274"
time="2026-08-11T19:18:29+08:00" level=info msg="[GNB][UE] UE Mobility Restrict --Plmn-- Mcc: 208 Mnc: 93"
time="2026-08-11T19:18:29+08:00" level=info msg="[GNB][UE] UE Masked Imeisv: 1110000000ffff00"
time="2026-08-11T19:18:29+08:00" level=info msg="[GNB][UE] Allowed Nssai-- Sst: [01 01] Sd: [010203 112233]"
time="2026-08-11T19:18:29+08:00" level=info msg="[GNB][NGAP][AMF] Send Initial Context Setup Response."
time="2026-08-11T19:18:29+08:00" level=info msg="[GNB] Initiating Initial Context Setup Response"
time="2026-08-11T19:18:29+08:00" level=info msg="[GNB][NGAP] No PDU Session to set up in InitialContextSetupResponse."
time="2026-08-11T19:18:29+08:00" level=info msg="[UE][NAS] Message with security header"
time="2026-08-11T19:18:29+08:00" level=info msg="[UE][NAS] Message with integrity and ciphered"
time="2026-08-11T19:18:29+08:00" level=info msg="[UE][NAS] successful NAS CIPHERING"
time="2026-08-11T19:18:29+08:00" level=info msg="[UE][NAS] successful NAS MAC verification"
time="2026-08-11T19:18:29+08:00" level=info msg="[UE][NAS] Receive Registration Accept"
time="2026-08-11T19:18:29+08:00" level=info msg="[UE][NAS] UE 5G GUTI: &{119 11 [242 2 248 57 202 254 0 0 0 1 14]}"
time="2026-08-11T19:18:29+08:00" level=info msg="[UE] Switched from state 2 to state 3"
time="2026-08-11T19:18:29+08:00" level=info msg="[GNB][SCTP] Receive message in 0 stream\n"
time="2026-08-11T19:18:29+08:00" level=info msg="[GNB][NGAP] Receive Initial Context Setup Request"
time="2026-08-11T19:18:29+08:00" level=info msg="[GNB][UE] UE Context was created with successful"
time="2026-08-11T19:18:29+08:00" level=info msg="[GNB][UE] UE RAN ID 86"
time="2026-08-11T19:18:29+08:00" level=info msg="[GNB][UE] UE AMF ID 299"
time="2026-08-11T19:18:29+08:00" level=info msg="[GNB][UE] UE Mobility Restrict --Plmn-- Mcc: 208 Mnc: 93"
time="2026-08-11T19:18:29+08:00" level=info msg="[GNB][UE] UE Masked Imeisv: 1110000000ffff00"
time="2026-08-11T19:18:29+08:00" level=info msg="[GNB][UE] Allowed Nssai-- Sst: [01 01] Sd: [010203 112233]"
time="2026-08-11T19:18:29+08:00" level=info msg="[UE][NAS] Message with security header"
time="2026-08-11T19:18:29+08:00" level=info msg="[UE][NAS] Message with integrity and ciphered"
time="2026-08-11T19:18:29+08:00" level=info msg="[UE][NAS] successful NAS CIPHERING"
time="2026-08-11T19:18:29+08:00" level=info msg="[UE][NAS] successful NAS MAC verification"
time="2026-08-11T19:18:29+08:00" level=info msg="[UE][NAS] Receive Registration Accept"
time="2026-08-11T19:18:29+08:00" level=info msg="[UE][NAS] UE 5G GUTI: &{119 11 [242 2 248 57 202 254 0 0 0 1 39]}"
time="2026-08-11T19:18:29+08:00" level=info msg="[UE] Switched from state 2 to state 3"
time="2026-08-11T19:18:29+08:00" level=info msg="[GNB][NGAP][AMF] Send Initial Context Setup Response."
time="2026-08-11T19:18:29+08:00" level=info msg="[GNB] Initiating Initial Context Setup Response"
time="2026-08-11T19:18:29+08:00" level=info msg="[GNB][NGAP] No PDU Session to set up in InitialContextSetupResponse."
time="2026-08-11T19:18:29+08:00" level=info msg="[GNB][SCTP] Receive message in 0 stream\n"
time="2026-08-11T19:18:29+08:00" level=info msg="[GNB][NGAP] Receive Initial Context Setup Request"
time="2026-08-11T19:18:29+08:00" level=info msg="[GNB][UE] UE Context was created with successful"
time="2026-08-11T19:18:29+08:00" level=info msg="[GNB][UE] UE RAN ID 58"
time="2026-08-11T19:18:29+08:00" level=info msg="[GNB][UE] UE AMF ID 321"
time="2026-08-11T19:18:29+08:00" level=info msg="[GNB][UE] UE Mobility Restrict --Plmn-- Mcc: 208 Mnc: 93"
time="2026-08-11T19:18:29+08:00" level=info msg="[GNB][UE] UE Masked Imeisv: 1110000000ffff00"
time="2026-08-11T19:18:29+08:00" level=info msg="[GNB][UE] Allowed Nssai-- Sst: [01 01] Sd: [010203 112233]"
time="2026-08-11T19:18:29+08:00" level=info msg="[GNB][NGAP][AMF] Send Initial Context Setup Response."
time="2026-08-11T19:18:29+08:00" level=info msg="[GNB] Initiating Initial Context Setup Response"
time="2026-08-11T19:18:29+08:00" level=info msg="[GNB][NGAP] No PDU Session to set up in InitialContextSetupResponse."
time="2026-08-11T19:18:29+08:00" level=info msg="[UE][NAS] Message with security header"
time="2026-08-11T19:18:29+08:00" level=info msg="[UE][NAS] Message with integrity and ciphered"
time="2026-08-11T19:18:29+08:00" level=info msg="[UE][NAS] successful NAS CIPHERING"
time="2026-08-11T19:18:29+08:00" level=info msg="[UE][NAS] successful NAS MAC verification"
time="2026-08-11T19:18:29+08:00" level=info msg="[UE][NAS] Receive Registration Accept"
time="2026-08-11T19:18:29+08:00" level=info msg="[UE][NAS] UE 5G GUTI: &{119 11 [242 2 248 57 202 254 0 0 0 1 61]}"
time="2026-08-11T19:18:29+08:00" level=info msg="[GNB][SCTP] Receive message in 0 stream\n"
time="2026-08-11T19:18:29+08:00" level=info msg="[UE] Switched from state 2 to state 3"
time="2026-08-11T19:18:29+08:00" level=info msg="[GNB][NGAP] Receive Downlink NAS Transport"
time="2026-08-11T19:18:29+08:00" level=info msg="[UE][NAS] Message with security header"
time="2026-08-11T19:18:29+08:00" level=info msg="[UE][NAS] Message with integrity and ciphered"
time="2026-08-11T19:18:29+08:00" level=info msg="[UE][NAS] successful NAS CIPHERING"
time="2026-08-11T19:18:29+08:00" level=info msg="[UE][NAS] successful NAS MAC verification"
time="2026-08-11T19:18:29+08:00" level=info msg="[UE][NAS] Receive Configuration Update Command"
time="2026-08-11T19:18:29+08:00" level=info msg="[UE] Initiating Configuration Update Complete"
time="2026-08-11T19:18:30+08:00" level=info msg="[GNB][SCTP] Receive message in 0 stream\n"
time="2026-08-11T19:18:30+08:00" level=info msg="[GNB][NGAP] Receive Initial Context Setup Request"
time="2026-08-11T19:18:30+08:00" level=info msg="[GNB][UE] UE Context was created with successful"
time="2026-08-11T19:18:30+08:00" level=info msg="[GNB][UE] UE RAN ID 68"
time="2026-08-11T19:18:30+08:00" level=info msg="[GNB][UE] UE AMF ID 280"
time="2026-08-11T19:18:30+08:00" level=info msg="[GNB][UE] UE Mobility Restrict --Plmn-- Mcc: 208 Mnc: 93"
time="2026-08-11T19:18:30+08:00" level=info msg="[GNB][UE] UE Masked Imeisv: 1110000000ffff00"
time="2026-08-11T19:18:30+08:00" level=info msg="[GNB][UE] Allowed Nssai-- Sst: [01 01] Sd: [010203 112233]"
time="2026-08-11T19:18:30+08:00" level=info msg="[GNB][NGAP][AMF] Send Initial Context Setup Response."
time="2026-08-11T19:18:30+08:00" level=info msg="[GNB] Initiating Initial Context Setup Response"
time="2026-08-11T19:18:30+08:00" level=info msg="[GNB][NGAP] No PDU Session to set up in InitialContextSetupResponse."
time="2026-08-11T19:18:30+08:00" level=info msg="[UE][NAS] Message with security header"
time="2026-08-11T19:18:30+08:00" level=info msg="[UE][NAS] Message with integrity and ciphered"
time="2026-08-11T19:18:30+08:00" level=info msg="[UE][NAS] successful NAS CIPHERING"
time="2026-08-11T19:18:30+08:00" level=info msg="[UE][NAS] successful NAS MAC verification"
time="2026-08-11T19:18:30+08:00" level=info msg="[UE][NAS] Receive Registration Accept"
time="2026-08-11T19:18:30+08:00" level=info msg="[UE][NAS] UE 5G GUTI: &{119 11 [242 2 248 57 202 254 0 0 0 1 20]}"
time="2026-08-11T19:18:30+08:00" level=info msg="[UE] Switched from state 2 to state 3"
time="2026-08-11T19:18:30+08:00" level=info msg="[GNB][SCTP] Receive message in 0 stream\n"
time="2026-08-11T19:18:30+08:00" level=info msg="[GNB][NGAP] Receive Initial Context Setup Request"
time="2026-08-11T19:18:30+08:00" level=info msg="[GNB][UE] UE Context was created with successful"
time="2026-08-11T19:18:30+08:00" level=info msg="[GNB][UE] UE RAN ID 84"
time="2026-08-11T19:18:30+08:00" level=info msg="[GNB][UE] UE AMF ID 305"
time="2026-08-11T19:18:30+08:00" level=info msg="[GNB][UE] UE Mobility Restrict --Plmn-- Mcc: 208 Mnc: 93"
time="2026-08-11T19:18:30+08:00" level=info msg="[GNB][UE] UE Masked Imeisv: 1110000000ffff00"
time="2026-08-11T19:18:30+08:00" level=info msg="[GNB][UE] Allowed Nssai-- Sst: [01 01] Sd: [010203 112233]"
time="2026-08-11T19:18:30+08:00" level=info msg="[GNB][NGAP][AMF] Send Initial Context Setup Response."
time="2026-08-11T19:18:30+08:00" level=info msg="[GNB] Initiating Initial Context Setup Response"
time="2026-08-11T19:18:30+08:00" level=info msg="[GNB][NGAP] No PDU Session to set up in InitialContextSetupResponse."
time="2026-08-11T19:18:30+08:00" level=info msg="[UE][NAS] Message with security header"
time="2026-08-11T19:18:30+08:00" level=info msg="[UE][NAS] Message with integrity and ciphered"
time="2026-08-11T19:18:30+08:00" level=info msg="[UE][NAS] successful NAS CIPHERING"
time="2026-08-11T19:18:30+08:00" level=info msg="[UE][NAS] successful NAS MAC verification"
time="2026-08-11T19:18:30+08:00" level=info msg="[UE][NAS] Receive Registration Accept"
time="2026-08-11T19:18:30+08:00" level=info msg="[UE][NAS] UE 5G GUTI: &{119 11 [242 2 248 57 202 254 0 0 0 1 45]}"
time="2026-08-11T19:18:30+08:00" level=info msg="[UE] Switched from state 2 to state 3"
time="2026-08-11T19:18:30+08:00" level=info msg="[GNB][SCTP] Receive message in 0 stream\n"
time="2026-08-11T19:18:30+08:00" level=info msg="[GNB][SCTP] Receive message in 0 stream\n"
time="2026-08-11T19:18:30+08:00" level=info msg="[GNB][NGAP] Receive Initial Context Setup Request"
time="2026-08-11T19:18:30+08:00" level=info msg="[GNB][UE] UE Context was created with successful"
time="2026-08-11T19:18:30+08:00" level=info msg="[GNB][UE] UE RAN ID 94"
time="2026-08-11T19:18:30+08:00" level=info msg="[GNB][UE] UE AMF ID 327"
time="2026-08-11T19:18:30+08:00" level=info msg="[GNB][UE] UE Mobility Restrict --Plmn-- Mcc: 208 Mnc: 93"
time="2026-08-11T19:18:30+08:00" level=info msg="[GNB][UE] UE Masked Imeisv: 1110000000ffff00"
time="2026-08-11T19:18:30+08:00" level=info msg="[GNB][UE] Allowed Nssai-- Sst: [01 01] Sd: [010203 112233]"
time="2026-08-11T19:18:30+08:00" level=info msg="[GNB][NGAP][AMF] Send Initial Context Setup Response."
time="2026-08-11T19:18:30+08:00" level=info msg="[GNB] Initiating Initial Context Setup Response"
time="2026-08-11T19:18:30+08:00" level=info msg="[GNB][NGAP] No PDU Session to set up in InitialContextSetupResponse."
time="2026-08-11T19:18:30+08:00" level=info msg="[UE][NAS] Message with security header"
time="2026-08-11T19:18:30+08:00" level=info msg="[UE][NAS] Message with integrity and ciphered"
time="2026-08-11T19:18:30+08:00" level=info msg="[UE][NAS] successful NAS CIPHERING"
time="2026-08-11T19:18:30+08:00" level=info msg="[UE][NAS] successful NAS MAC verification"
time="2026-08-11T19:18:30+08:00" level=info msg="[UE][NAS] Receive Registration Accept"
time="2026-08-11T19:18:30+08:00" level=info msg="[UE][NAS] UE 5G GUTI: &{119 11 [242 2 248 57 202 254 0 0 0 1 67]}"
time="2026-08-11T19:18:30+08:00" level=info msg="[GNB][NGAP] Receive Downlink NAS Transport"
time="2026-08-11T19:18:30+08:00" level=info msg="[UE][NAS] Message with security header"
time="2026-08-11T19:18:30+08:00" level=info msg="[UE][NAS] Message with integrity and ciphered"
time="2026-08-11T19:18:30+08:00" level=info msg="[UE][NAS] successful NAS CIPHERING"
time="2026-08-11T19:18:30+08:00" level=info msg="[UE][NAS] successful NAS MAC verification"
time="2026-08-11T19:18:30+08:00" level=info msg="[UE][NAS] Receive Configuration Update Command"
time="2026-08-11T19:18:30+08:00" level=info msg="[UE] Initiating Configuration Update Complete"
time="2026-08-11T19:18:30+08:00" level=info msg="[UE] Switched from state 2 to state 3"
time="2026-08-11T19:18:30+08:00" level=info msg="[GNB][SCTP] Receive message in 0 stream\n"
time="2026-08-11T19:18:30+08:00" level=info msg="[GNB][SCTP] Receive message in 0 stream\n"
time="2026-08-11T19:18:30+08:00" level=info msg="[GNB][NGAP] Receive Initial Context Setup Request"
time="2026-08-11T19:18:30+08:00" level=info msg="[GNB][UE] UE Context was created with successful"
time="2026-08-11T19:18:30+08:00" level=info msg="[GNB][UE] UE RAN ID 97"
time="2026-08-11T19:18:30+08:00" level=info msg="[GNB][UE] UE AMF ID 311"
time="2026-08-11T19:18:30+08:00" level=info msg="[GNB][UE] UE Mobility Restrict --Plmn-- Mcc: 208 Mnc: 93"
time="2026-08-11T19:18:30+08:00" level=info msg="[GNB][UE] UE Masked Imeisv: 1110000000ffff00"
time="2026-08-11T19:18:30+08:00" level=info msg="[GNB][UE] Allowed Nssai-- Sst: [01 01] Sd: [010203 112233]"
time="2026-08-11T19:18:30+08:00" level=info msg="[GNB][NGAP][AMF] Send Initial Context Setup Response."
time="2026-08-11T19:18:30+08:00" level=info msg="[GNB][NGAP] Receive Initial Context Setup Request"
time="2026-08-11T19:18:30+08:00" level=info msg="[GNB][UE] UE Context was created with successful"
time="2026-08-11T19:18:30+08:00" level=info msg="[GNB][UE] UE RAN ID 60"
time="2026-08-11T19:18:30+08:00" level=info msg="[GNB][UE] UE AMF ID 286"
time="2026-08-11T19:18:30+08:00" level=info msg="[GNB][UE] UE Mobility Restrict --Plmn-- Mcc: 208 Mnc: 93"
time="2026-08-11T19:18:30+08:00" level=info msg="[GNB][UE] UE Masked Imeisv: 1110000000ffff00"
time="2026-08-11T19:18:30+08:00" level=info msg="[GNB][UE] Allowed Nssai-- Sst: [01 01] Sd: [010203 112233]"
time="2026-08-11T19:18:30+08:00" level=info msg="[GNB][NGAP][AMF] Send Initial Context Setup Response."
time="2026-08-11T19:18:30+08:00" level=info msg="[GNB] Initiating Initial Context Setup Response"
time="2026-08-11T19:18:30+08:00" level=info msg="[GNB][NGAP] No PDU Session to set up in InitialContextSetupResponse."
time="2026-08-11T19:18:30+08:00" level=info msg="[GNB] Initiating Initial Context Setup Response"
time="2026-08-11T19:18:30+08:00" level=info msg="[GNB][NGAP] No PDU Session to set up in InitialContextSetupResponse."
time="2026-08-11T19:18:30+08:00" level=info msg="[UE][NAS] Message with security header"
time="2026-08-11T19:18:30+08:00" level=info msg="[UE][NAS] Message with integrity and ciphered"
time="2026-08-11T19:18:30+08:00" level=info msg="[UE][NAS] successful NAS CIPHERING"
time="2026-08-11T19:18:30+08:00" level=info msg="[UE][NAS] successful NAS MAC verification"
time="2026-08-11T19:18:30+08:00" level=info msg="[UE][NAS] Receive Registration Accept"
time="2026-08-11T19:18:30+08:00" level=info msg="[UE][NAS] UE 5G GUTI: &{119 11 [242 2 248 57 202 254 0 0 0 1 51]}"
time="2026-08-11T19:18:30+08:00" level=info msg="[UE] Switched from state 2 to state 3"
time="2026-08-11T19:18:30+08:00" level=info msg="[UE][NAS] Message with security header"
time="2026-08-11T19:18:30+08:00" level=info msg="[UE][NAS] Message with integrity and ciphered"
time="2026-08-11T19:18:30+08:00" level=info msg="[UE][NAS] successful NAS CIPHERING"
time="2026-08-11T19:18:30+08:00" level=info msg="[UE][NAS] successful NAS MAC verification"
time="2026-08-11T19:18:30+08:00" level=info msg="[UE][NAS] Receive Registration Accept"
time="2026-08-11T19:18:30+08:00" level=info msg="[UE][NAS] UE 5G GUTI: &{119 11 [242 2 248 57 202 254 0 0 0 1 26]}"
time="2026-08-11T19:18:30+08:00" level=info msg="[GNB][SCTP] Receive message in 0 stream\n"
time="2026-08-11T19:18:30+08:00" level=info msg="[GNB][SCTP] Receive message in 0 stream\n"
time="2026-08-11T19:18:30+08:00" level=info msg="[UE] Switched from state 2 to state 3"
time="2026-08-11T19:18:30+08:00" level=info msg="[GNB][NGAP] Receive Downlink NAS Transport"
time="2026-08-11T19:18:30+08:00" level=info msg="[UE][NAS] Message with security header"
time="2026-08-11T19:18:30+08:00" level=info msg="[UE][NAS] Message with integrity and ciphered"
time="2026-08-11T19:18:30+08:00" level=info msg="[UE][NAS] successful NAS CIPHERING"
time="2026-08-11T19:18:30+08:00" level=info msg="[UE][NAS] successful NAS MAC verification"
time="2026-08-11T19:18:30+08:00" level=info msg="[UE][NAS] Receive Configuration Update Command"
time="2026-08-11T19:18:30+08:00" level=info msg="[UE] Initiating Configuration Update Complete"
time="2026-08-11T19:18:30+08:00" level=info msg="[GNB][NGAP] Receive Downlink NAS Transport"
time="2026-08-11T19:18:30+08:00" level=info msg="[UE][NAS] Message with security header"
time="2026-08-11T19:18:30+08:00" level=info msg="[UE][NAS] Message with integrity and ciphered"
time="2026-08-11T19:18:30+08:00" level=info msg="[UE][NAS] successful NAS CIPHERING"
time="2026-08-11T19:18:30+08:00" level=info msg="[UE][NAS] successful NAS MAC verification"
time="2026-08-11T19:18:30+08:00" level=info msg="[UE][NAS] Receive Configuration Update Command"
time="2026-08-11T19:18:30+08:00" level=info msg="[UE] Initiating Configuration Update Complete"
time="2026-08-11T19:18:30+08:00" level=info msg="[GNB][SCTP] Receive message in 0 stream\n"
time="2026-08-11T19:18:30+08:00" level=info msg="[GNB][NGAP] Receive Initial Context Setup Request"
time="2026-08-11T19:18:30+08:00" level=info msg="[GNB][UE] UE Context was created with successful"
time="2026-08-11T19:18:30+08:00" level=info msg="[GNB][UE] UE RAN ID 65"
time="2026-08-11T19:18:30+08:00" level=info msg="[GNB][UE] UE AMF ID 292"
time="2026-08-11T19:18:30+08:00" level=info msg="[GNB][UE] UE Mobility Restrict --Plmn-- Mcc: 208 Mnc: 93"
time="2026-08-11T19:18:30+08:00" level=info msg="[GNB][UE] UE Masked Imeisv: 1110000000ffff00"
time="2026-08-11T19:18:30+08:00" level=info msg="[GNB][UE] Allowed Nssai-- Sst: [01 01] Sd: [010203 112233]"
time="2026-08-11T19:18:30+08:00" level=info msg="[GNB][NGAP][AMF] Send Initial Context Setup Response."
time="2026-08-11T19:18:30+08:00" level=info msg="[GNB] Initiating Initial Context Setup Response"
time="2026-08-11T19:18:30+08:00" level=info msg="[GNB][NGAP] No PDU Session to set up in InitialContextSetupResponse."
time="2026-08-11T19:18:30+08:00" level=info msg="[UE][NAS] Message with security header"
time="2026-08-11T19:18:30+08:00" level=info msg="[UE][NAS] Message with integrity and ciphered"
time="2026-08-11T19:18:30+08:00" level=info msg="[UE][NAS] successful NAS CIPHERING"
time="2026-08-11T19:18:30+08:00" level=info msg="[UE][NAS] successful NAS MAC verification"
time="2026-08-11T19:18:30+08:00" level=info msg="[UE][NAS] Receive Registration Accept"
time="2026-08-11T19:18:30+08:00" level=info msg="[UE][NAS] UE 5G GUTI: &{119 11 [242 2 248 57 202 254 0 0 0 1 33]}"
time="2026-08-11T19:18:30+08:00" level=info msg="[GNB][SCTP] Receive message in 0 stream\n"
time="2026-08-11T19:18:30+08:00" level=info msg="[GNB][SCTP] Receive message in 0 stream\n"
time="2026-08-11T19:18:30+08:00" level=info msg="[GNB][SCTP] Receive message in 0 stream\n"
time="2026-08-11T19:18:30+08:00" level=info msg="[GNB][SCTP] Receive message in 0 stream\n"
time="2026-08-11T19:18:30+08:00" level=info msg="[GNB][SCTP] Receive message in 0 stream\n"
time="2026-08-11T19:18:30+08:00" level=info msg="[UE] Switched from state 2 to state 3"
time="2026-08-11T19:18:30+08:00" level=info msg="[GNB][NGAP] Receive Downlink NAS Transport"
time="2026-08-11T19:18:30+08:00" level=info msg="[UE][NAS] Message with security header"
time="2026-08-11T19:18:30+08:00" level=info msg="[UE][NAS] Message with integrity and ciphered"
time="2026-08-11T19:18:30+08:00" level=info msg="[UE][NAS] successful NAS CIPHERING"
time="2026-08-11T19:18:30+08:00" level=info msg="[UE][NAS] successful NAS MAC verification"
time="2026-08-11T19:18:30+08:00" level=info msg="[UE][NAS] Receive Configuration Update Command"
time="2026-08-11T19:18:30+08:00" level=info msg="[UE] Initiating Configuration Update Complete"
time="2026-08-11T19:18:30+08:00" level=info msg="[GNB][NGAP] Receive Downlink NAS Transport"
time="2026-08-11T19:18:30+08:00" level=info msg="[UE][NAS] Message with security header"
time="2026-08-11T19:18:30+08:00" level=info msg="[UE][NAS] Message with integrity and ciphered"
time="2026-08-11T19:18:30+08:00" level=info msg="[UE][NAS] successful NAS CIPHERING"
time="2026-08-11T19:18:30+08:00" level=info msg="[UE][NAS] successful NAS MAC verification"
time="2026-08-11T19:18:30+08:00" level=info msg="[UE][NAS] Receive Configuration Update Command"
time="2026-08-11T19:18:30+08:00" level=info msg="[UE] Initiating Configuration Update Complete"
time="2026-08-11T19:18:30+08:00" level=info msg="[GNB][NGAP] Receive Downlink NAS Transport"
time="2026-08-11T19:18:30+08:00" level=info msg="[UE][NAS] Message with security header"
time="2026-08-11T19:18:30+08:00" level=info msg="[UE][NAS] Message with integrity and ciphered"
time="2026-08-11T19:18:30+08:00" level=info msg="[UE][NAS] successful NAS CIPHERING"
time="2026-08-11T19:18:30+08:00" level=info msg="[UE][NAS] successful NAS MAC verification"
time="2026-08-11T19:18:30+08:00" level=info msg="[UE][NAS] Receive Configuration Update Command"
time="2026-08-11T19:18:30+08:00" level=info msg="[UE] Initiating Configuration Update Complete"
time="2026-08-11T19:18:30+08:00" level=info msg="[GNB][NGAP] Receive Downlink NAS Transport"
time="2026-08-11T19:18:30+08:00" level=info msg="[UE][NAS] Message with security header"
time="2026-08-11T19:18:30+08:00" level=info msg="[UE][NAS] Message with integrity and ciphered"
time="2026-08-11T19:18:30+08:00" level=info msg="[UE][NAS] successful NAS CIPHERING"
time="2026-08-11T19:18:30+08:00" level=info msg="[UE][NAS] successful NAS MAC verification"
time="2026-08-11T19:18:30+08:00" level=info msg="[UE][NAS] Receive Configuration Update Command"
time="2026-08-11T19:18:30+08:00" level=info msg="[UE] Initiating Configuration Update Complete"
time="2026-08-11T19:18:30+08:00" level=info msg="[GNB][NGAP] Receive Initial Context Setup Request"
time="2026-08-11T19:18:30+08:00" level=info msg="[GNB][UE] UE Context was created with successful"
time="2026-08-11T19:18:30+08:00" level=info msg="[GNB][UE] UE RAN ID 40"
time="2026-08-11T19:18:30+08:00" level=info msg="[GNB][UE] UE AMF ID 317"
time="2026-08-11T19:18:30+08:00" level=info msg="[GNB][UE] UE Mobility Restrict --Plmn-- Mcc: 208 Mnc: 93"
time="2026-08-11T19:18:30+08:00" level=info msg="[GNB][UE] UE Masked Imeisv: 1110000000ffff00"
time="2026-08-11T19:18:30+08:00" level=info msg="[GNB][UE] Allowed Nssai-- Sst: [01 01] Sd: [010203 112233]"
time="2026-08-11T19:18:30+08:00" level=info msg="[GNB][NGAP][AMF] Send Initial Context Setup Response."
time="2026-08-11T19:18:30+08:00" level=info msg="[GNB] Initiating Initial Context Setup Response"
time="2026-08-11T19:18:30+08:00" level=info msg="[GNB][NGAP] No PDU Session to set up in InitialContextSetupResponse."
time="2026-08-11T19:18:30+08:00" level=info msg="[UE][NAS] Message with security header"
time="2026-08-11T19:18:30+08:00" level=info msg="[UE][NAS] Message with integrity and ciphered"
time="2026-08-11T19:18:30+08:00" level=info msg="[UE][NAS] successful NAS CIPHERING"
time="2026-08-11T19:18:30+08:00" level=info msg="[UE][NAS] successful NAS MAC verification"
time="2026-08-11T19:18:30+08:00" level=info msg="[UE][NAS] Receive Registration Accept"
time="2026-08-11T19:18:30+08:00" level=info msg="[UE][NAS] UE 5G GUTI: &{119 11 [242 2 248 57 202 254 0 0 0 1 57]}"
time="2026-08-11T19:18:30+08:00" level=info msg="[UE] Switched from state 2 to state 3"
time="2026-08-11T19:18:30+08:00" level=info msg="[GNB][SCTP] Receive message in 0 stream\n"
time="2026-08-11T19:18:30+08:00" level=info msg="[GNB][NGAP] Receive Initial Context Setup Request"
time="2026-08-11T19:18:30+08:00" level=info msg="[GNB][UE] UE Context was created with successful"
time="2026-08-11T19:18:30+08:00" level=info msg="[GNB][UE] UE RAN ID 70"
time="2026-08-11T19:18:30+08:00" level=info msg="[GNB][UE] UE AMF ID 323"
time="2026-08-11T19:18:30+08:00" level=info msg="[GNB][UE] UE Mobility Restrict --Plmn-- Mcc: 208 Mnc: 93"
time="2026-08-11T19:18:30+08:00" level=info msg="[GNB][UE] UE Masked Imeisv: 1110000000ffff00"
time="2026-08-11T19:18:30+08:00" level=info msg="[GNB][UE] Allowed Nssai-- Sst: [01 01] Sd: [010203 112233]"
time="2026-08-11T19:18:30+08:00" level=info msg="[GNB][NGAP][AMF] Send Initial Context Setup Response."
time="2026-08-11T19:18:30+08:00" level=info msg="[GNB] Initiating Initial Context Setup Response"
time="2026-08-11T19:18:30+08:00" level=info msg="[GNB][NGAP] No PDU Session to set up in InitialContextSetupResponse."
time="2026-08-11T19:18:30+08:00" level=info msg="[UE][NAS] Message with security header"
time="2026-08-11T19:18:30+08:00" level=info msg="[UE][NAS] Message with integrity and ciphered"
time="2026-08-11T19:18:30+08:00" level=info msg="[UE][NAS] successful NAS CIPHERING"
time="2026-08-11T19:18:30+08:00" level=info msg="[UE][NAS] successful NAS MAC verification"
time="2026-08-11T19:18:30+08:00" level=info msg="[UE][NAS] Receive Registration Accept"
time="2026-08-11T19:18:30+08:00" level=info msg="[UE][NAS] UE 5G GUTI: &{119 11 [242 2 248 57 202 254 0 0 0 1 63]}"
time="2026-08-11T19:18:30+08:00" level=info msg="[GNB][SCTP] Receive message in 0 stream\n"
time="2026-08-11T19:18:30+08:00" level=info msg="[GNB][SCTP] Receive message in 0 stream\n"
time="2026-08-11T19:18:30+08:00" level=info msg="[GNB][SCTP] Receive message in 0 stream\n"
time="2026-08-11T19:18:30+08:00" level=info msg="[UE] Switched from state 2 to state 3"
time="2026-08-11T19:18:30+08:00" level=info msg="[GNB][NGAP] Receive Downlink NAS Transport"
time="2026-08-11T19:18:30+08:00" level=info msg="[UE][NAS] Message with security header"
time="2026-08-11T19:18:30+08:00" level=info msg="[UE][NAS] Message with integrity and ciphered"
time="2026-08-11T19:18:30+08:00" level=info msg="[UE][NAS] successful NAS CIPHERING"
time="2026-08-11T19:18:30+08:00" level=info msg="[UE][NAS] successful NAS MAC verification"
time="2026-08-11T19:18:30+08:00" level=info msg="[UE][NAS] Receive Configuration Update Command"
time="2026-08-11T19:18:30+08:00" level=info msg="[UE] Initiating Configuration Update Complete"
time="2026-08-11T19:18:30+08:00" level=info msg="[GNB][NGAP] Receive Downlink NAS Transport"
time="2026-08-11T19:18:30+08:00" level=info msg="[UE][NAS] Message with security header"
time="2026-08-11T19:18:30+08:00" level=info msg="[UE][NAS] Message with integrity and ciphered"
time="2026-08-11T19:18:30+08:00" level=info msg="[UE][NAS] successful NAS CIPHERING"
time="2026-08-11T19:18:30+08:00" level=info msg="[UE][NAS] successful NAS MAC verification"
time="2026-08-11T19:18:30+08:00" level=info msg="[UE][NAS] Receive Configuration Update Command"
time="2026-08-11T19:18:30+08:00" level=info msg="[UE] Initiating Configuration Update Complete"
time="2026-08-11T19:18:30+08:00" level=info msg="[GNB][NGAP] Receive Downlink NAS Transport"
time="2026-08-11T19:18:30+08:00" level=info msg="[UE][NAS] Message with security header"
time="2026-08-11T19:18:30+08:00" level=info msg="[UE][NAS] Message with integrity and ciphered"
time="2026-08-11T19:18:30+08:00" level=info msg="[UE][NAS] successful NAS CIPHERING"
time="2026-08-11T19:18:30+08:00" level=info msg="[UE][NAS] successful NAS MAC verification"
time="2026-08-11T19:18:30+08:00" level=info msg="[UE][NAS] Receive Configuration Update Command"
time="2026-08-11T19:18:30+08:00" level=info msg="[UE] Initiating Configuration Update Complete"
time="2026-08-11T19:18:30+08:00" level=info msg="[GNB][SCTP] Receive message in 0 stream\n"
time="2026-08-11T19:18:30+08:00" level=info msg="[GNB][SCTP] Receive message in 0 stream\n"
time="2026-08-11T19:18:30+08:00" level=info msg="[GNB][NGAP] Receive Downlink NAS Transport"
time="2026-08-11T19:18:30+08:00" level=info msg="[UE][NAS] Message with security header"
time="2026-08-11T19:18:30+08:00" level=info msg="[UE][NAS] Message with integrity and ciphered"
time="2026-08-11T19:18:30+08:00" level=info msg="[UE][NAS] successful NAS CIPHERING"
time="2026-08-11T19:18:30+08:00" level=info msg="[UE][NAS] successful NAS MAC verification"
time="2026-08-11T19:18:30+08:00" level=info msg="[UE][NAS] Receive Configuration Update Command"
time="2026-08-11T19:18:30+08:00" level=info msg="[UE] Initiating Configuration Update Complete"
time="2026-08-11T19:18:30+08:00" level=info msg="[GNB][NGAP] Receive Initial Context Setup Request"
time="2026-08-11T19:18:30+08:00" level=info msg="[GNB][UE] UE Context was created with successful"
time="2026-08-11T19:18:30+08:00" level=info msg="[GNB][UE] UE RAN ID 77"
time="2026-08-11T19:18:30+08:00" level=info msg="[GNB][UE] UE AMF ID 298"
time="2026-08-11T19:18:30+08:00" level=info msg="[GNB][UE] UE Mobility Restrict --Plmn-- Mcc: 208 Mnc: 93"
time="2026-08-11T19:18:30+08:00" level=info msg="[GNB][UE] UE Masked Imeisv: 1110000000ffff00"
time="2026-08-11T19:18:30+08:00" level=info msg="[GNB][UE] Allowed Nssai-- Sst: [01 01] Sd: [010203 112233]"
time="2026-08-11T19:18:30+08:00" level=info msg="[GNB][NGAP][AMF] Send Initial Context Setup Response."
time="2026-08-11T19:18:30+08:00" level=info msg="[GNB] Initiating Initial Context Setup Response"
time="2026-08-11T19:18:30+08:00" level=info msg="[GNB][NGAP] No PDU Session to set up in InitialContextSetupResponse."
time="2026-08-11T19:18:30+08:00" level=info msg="[UE][NAS] Message with security header"
time="2026-08-11T19:18:30+08:00" level=info msg="[UE][NAS] Message with integrity and ciphered"
time="2026-08-11T19:18:30+08:00" level=info msg="[UE][NAS] successful NAS CIPHERING"
time="2026-08-11T19:18:30+08:00" level=info msg="[UE][NAS] successful NAS MAC verification"
time="2026-08-11T19:18:30+08:00" level=info msg="[UE][NAS] Receive Registration Accept"
time="2026-08-11T19:18:30+08:00" level=info msg="[UE][NAS] UE 5G GUTI: &{119 11 [242 2 248 57 202 254 0 0 0 1 38]}"
time="2026-08-11T19:18:30+08:00" level=info msg="[UE] Switched from state 2 to state 3"
time="2026-08-11T19:18:30+08:00" level=info msg="[GNB][SCTP] Receive message in 0 stream\n"
time="2026-08-11T19:18:30+08:00" level=info msg="[GNB][NGAP] Receive Downlink NAS Transport"
time="2026-08-11T19:18:30+08:00" level=info msg="[UE][NAS] Message with security header"
time="2026-08-11T19:18:30+08:00" level=info msg="[UE][NAS] Message with integrity and ciphered"
time="2026-08-11T19:18:30+08:00" level=info msg="[UE][NAS] successful NAS CIPHERING"
time="2026-08-11T19:18:30+08:00" level=info msg="[UE][NAS] successful NAS MAC verification"
time="2026-08-11T19:18:30+08:00" level=info msg="[UE][NAS] Receive Configuration Update Command"
time="2026-08-11T19:18:30+08:00" level=info msg="[UE] Initiating Configuration Update Complete"
time="2026-08-11T19:18:31+08:00" level=info msg="[GNB][SCTP] Receive message in 0 stream\n"
time="2026-08-11T19:18:31+08:00" level=info msg="[GNB][NGAP] Receive Initial Context Setup Request"
time="2026-08-11T19:18:31+08:00" level=info msg="[GNB][UE] UE Context was created with successful"
time="2026-08-11T19:18:31+08:00" level=info msg="[GNB][UE] UE RAN ID 85"
time="2026-08-11T19:18:31+08:00" level=info msg="[GNB][UE] UE AMF ID 304"
time="2026-08-11T19:18:31+08:00" level=info msg="[GNB][UE] UE Mobility Restrict --Plmn-- Mcc: 208 Mnc: 93"
time="2026-08-11T19:18:31+08:00" level=info msg="[GNB][UE] UE Masked Imeisv: 1110000000ffff00"
time="2026-08-11T19:18:31+08:00" level=info msg="[GNB][UE] Allowed Nssai-- Sst: [01 01] Sd: [010203 112233]"
time="2026-08-11T19:18:31+08:00" level=info msg="[GNB][NGAP][AMF] Send Initial Context Setup Response."
time="2026-08-11T19:18:31+08:00" level=info msg="[GNB] Initiating Initial Context Setup Response"
time="2026-08-11T19:18:31+08:00" level=info msg="[GNB][NGAP] No PDU Session to set up in InitialContextSetupResponse."
time="2026-08-11T19:18:31+08:00" level=info msg="[UE][NAS] Message with security header"
time="2026-08-11T19:18:31+08:00" level=info msg="[UE][NAS] Message with integrity and ciphered"
time="2026-08-11T19:18:31+08:00" level=info msg="[UE][NAS] successful NAS CIPHERING"
time="2026-08-11T19:18:31+08:00" level=info msg="[UE][NAS] successful NAS MAC verification"
time="2026-08-11T19:18:31+08:00" level=info msg="[UE][NAS] Receive Registration Accept"
time="2026-08-11T19:18:31+08:00" level=info msg="[UE][NAS] UE 5G GUTI: &{119 11 [242 2 248 57 202 254 0 0 0 1 44]}"
time="2026-08-11T19:18:31+08:00" level=info msg="[UE] Switched from state 2 to state 3"
time="2026-08-11T19:18:31+08:00" level=info msg="[GNB][SCTP] Receive message in 0 stream\n"
time="2026-08-11T19:18:31+08:00" level=info msg="[GNB][NGAP] Receive Initial Context Setup Request"
time="2026-08-11T19:18:31+08:00" level=info msg="[GNB][UE] UE Context was created with successful"
time="2026-08-11T19:18:31+08:00" level=info msg="[GNB][UE] UE RAN ID 83"
time="2026-08-11T19:18:31+08:00" level=info msg="[GNB][UE] UE AMF ID 310"
time="2026-08-11T19:18:31+08:00" level=info msg="[GNB][UE] UE Mobility Restrict --Plmn-- Mcc: 208 Mnc: 93"
time="2026-08-11T19:18:31+08:00" level=info msg="[GNB][UE] UE Masked Imeisv: 1110000000ffff00"
time="2026-08-11T19:18:31+08:00" level=info msg="[GNB][UE] Allowed Nssai-- Sst: [01 01] Sd: [010203 112233]"
time="2026-08-11T19:18:31+08:00" level=info msg="[GNB][NGAP][AMF] Send Initial Context Setup Response."
time="2026-08-11T19:18:31+08:00" level=info msg="[GNB] Initiating Initial Context Setup Response"
time="2026-08-11T19:18:31+08:00" level=info msg="[GNB][NGAP] No PDU Session to set up in InitialContextSetupResponse."
time="2026-08-11T19:18:31+08:00" level=info msg="[UE][NAS] Message with security header"
time="2026-08-11T19:18:31+08:00" level=info msg="[UE][NAS] Message with integrity and ciphered"
time="2026-08-11T19:18:31+08:00" level=info msg="[UE][NAS] successful NAS CIPHERING"
time="2026-08-11T19:18:31+08:00" level=info msg="[UE][NAS] successful NAS MAC verification"
time="2026-08-11T19:18:31+08:00" level=info msg="[UE][NAS] Receive Registration Accept"
time="2026-08-11T19:18:31+08:00" level=info msg="[UE][NAS] UE 5G GUTI: &{119 11 [242 2 248 57 202 254 0 0 0 1 50]}"
time="2026-08-11T19:18:31+08:00" level=info msg="[UE] Switched from state 2 to state 3"
time="2026-08-11T19:18:31+08:00" level=info msg="[GNB][SCTP] Receive message in 0 stream\n"
time="2026-08-11T19:18:31+08:00" level=info msg="[GNB][NGAP] Receive Initial Context Setup Request"
time="2026-08-11T19:18:31+08:00" level=info msg="[GNB][UE] UE Context was created with successful"
time="2026-08-11T19:18:31+08:00" level=info msg="[GNB][UE] UE RAN ID 34"
time="2026-08-11T19:18:31+08:00" level=info msg="[GNB][UE] UE AMF ID 316"
time="2026-08-11T19:18:31+08:00" level=info msg="[GNB][UE] UE Mobility Restrict --Plmn-- Mcc: 208 Mnc: 93"
time="2026-08-11T19:18:31+08:00" level=info msg="[GNB][UE] UE Masked Imeisv: 1110000000ffff00"
time="2026-08-11T19:18:31+08:00" level=info msg="[GNB][UE] Allowed Nssai-- Sst: [01 01] Sd: [010203 112233]"
time="2026-08-11T19:18:31+08:00" level=info msg="[GNB][NGAP][AMF] Send Initial Context Setup Response."
time="2026-08-11T19:18:31+08:00" level=info msg="[GNB] Initiating Initial Context Setup Response"
time="2026-08-11T19:18:31+08:00" level=info msg="[GNB][NGAP] No PDU Session to set up in InitialContextSetupResponse."
time="2026-08-11T19:18:31+08:00" level=info msg="[UE][NAS] Message with security header"
time="2026-08-11T19:18:31+08:00" level=info msg="[UE][NAS] Message with integrity and ciphered"
time="2026-08-11T19:18:31+08:00" level=info msg="[UE][NAS] successful NAS CIPHERING"
time="2026-08-11T19:18:31+08:00" level=info msg="[UE][NAS] successful NAS MAC verification"
time="2026-08-11T19:18:31+08:00" level=info msg="[UE][NAS] Receive Registration Accept"
time="2026-08-11T19:18:31+08:00" level=info msg="[UE][NAS] UE 5G GUTI: &{119 11 [242 2 248 57 202 254 0 0 0 1 56]}"
time="2026-08-11T19:18:31+08:00" level=info msg="[UE] Switched from state 2 to state 3"
time="2026-08-11T19:18:31+08:00" level=info msg="[GNB][SCTP] Receive message in 0 stream\n"
time="2026-08-11T19:18:31+08:00" level=info msg="[GNB][NGAP] Receive Downlink NAS Transport"
time="2026-08-11T19:18:31+08:00" level=info msg="[UE][NAS] Message with security header"
time="2026-08-11T19:18:31+08:00" level=info msg="[UE][NAS] Message with integrity and ciphered"
time="2026-08-11T19:18:31+08:00" level=info msg="[UE][NAS] successful NAS CIPHERING"
time="2026-08-11T19:18:31+08:00" level=info msg="[UE][NAS] successful NAS MAC verification"
time="2026-08-11T19:18:31+08:00" level=info msg="[UE][NAS] Receive Configuration Update Command"
time="2026-08-11T19:18:31+08:00" level=info msg="[UE] Initiating Configuration Update Complete"
time="2026-08-11T19:18:31+08:00" level=info msg="[GNB][SCTP] Receive message in 0 stream\n"
time="2026-08-11T19:18:31+08:00" level=info msg="[GNB][SCTP] Receive message in 0 stream\n"
time="2026-08-11T19:18:31+08:00" level=info msg="[GNB][NGAP] Receive Downlink NAS Transport"
time="2026-08-11T19:18:31+08:00" level=info msg="[UE][NAS] Message with security header"
time="2026-08-11T19:18:31+08:00" level=info msg="[UE][NAS] Message with integrity and ciphered"
time="2026-08-11T19:18:31+08:00" level=info msg="[UE][NAS] successful NAS CIPHERING"
time="2026-08-11T19:18:31+08:00" level=info msg="[UE][NAS] successful NAS MAC verification"
time="2026-08-11T19:18:31+08:00" level=info msg="[UE][NAS] Receive Configuration Update Command"
time="2026-08-11T19:18:31+08:00" level=info msg="[UE] Initiating Configuration Update Complete"
time="2026-08-11T19:18:31+08:00" level=info msg="[GNB][NGAP] Receive Downlink NAS Transport"
time="2026-08-11T19:18:31+08:00" level=info msg="[UE][NAS] Message with security header"
time="2026-08-11T19:18:31+08:00" level=info msg="[UE][NAS] Message with integrity and ciphered"
time="2026-08-11T19:18:31+08:00" level=info msg="[UE][NAS] successful NAS CIPHERING"
time="2026-08-11T19:18:31+08:00" level=info msg="[UE][NAS] successful NAS MAC verification"
time="2026-08-11T19:18:31+08:00" level=info msg="[UE][NAS] Receive Configuration Update Command"
time="2026-08-11T19:18:31+08:00" level=info msg="[UE] Initiating Configuration Update Complete"
time="2026-08-11T19:18:31+08:00" level=info msg="[GNB][SCTP] Receive message in 0 stream\n"
time="2026-08-11T19:18:31+08:00" level=info msg="[GNB][SCTP] Receive message in 0 stream\n"
time="2026-08-11T19:18:31+08:00" level=info msg="[GNB][NGAP] Receive Downlink NAS Transport"
time="2026-08-11T19:18:31+08:00" level=info msg="[UE][NAS] Message with security header"
time="2026-08-11T19:18:31+08:00" level=info msg="[UE][NAS] Message with integrity and ciphered"
time="2026-08-11T19:18:31+08:00" level=info msg="[UE][NAS] successful NAS CIPHERING"
time="2026-08-11T19:18:31+08:00" level=info msg="[UE][NAS] successful NAS MAC verification"
time="2026-08-11T19:18:31+08:00" level=info msg="[UE][NAS] Receive Configuration Update Command"
time="2026-08-11T19:18:31+08:00" level=info msg="[UE] Initiating Configuration Update Complete"
time="2026-08-11T19:18:31+08:00" level=info msg="[GNB][NGAP] Receive Initial Context Setup Request"
time="2026-08-11T19:18:31+08:00" level=info msg="[GNB][UE] UE Context was created with successful"
time="2026-08-11T19:18:31+08:00" level=info msg="[GNB][UE] UE RAN ID 64"
time="2026-08-11T19:18:31+08:00" level=info msg="[GNB][UE] UE AMF ID 322"
time="2026-08-11T19:18:31+08:00" level=info msg="[GNB][UE] UE Mobility Restrict --Plmn-- Mcc: 208 Mnc: 93"
time="2026-08-11T19:18:31+08:00" level=info msg="[GNB][UE] UE Masked Imeisv: 1110000000ffff00"
time="2026-08-11T19:18:31+08:00" level=info msg="[GNB][UE] Allowed Nssai-- Sst: [01 01] Sd: [010203 112233]"
time="2026-08-11T19:18:31+08:00" level=info msg="[GNB][NGAP][AMF] Send Initial Context Setup Response."
time="2026-08-11T19:18:31+08:00" level=info msg="[GNB] Initiating Initial Context Setup Response"
time="2026-08-11T19:18:31+08:00" level=info msg="[GNB][NGAP] No PDU Session to set up in InitialContextSetupResponse."
time="2026-08-11T19:18:31+08:00" level=info msg="[GNB][SCTP] Receive message in 0 stream\n"
time="2026-08-11T19:18:31+08:00" level=info msg="[UE][NAS] Message with security header"
time="2026-08-11T19:18:31+08:00" level=info msg="[UE][NAS] Message with integrity and ciphered"
time="2026-08-11T19:18:31+08:00" level=info msg="[UE][NAS] successful NAS CIPHERING"
time="2026-08-11T19:18:31+08:00" level=info msg="[UE][NAS] successful NAS MAC verification"
time="2026-08-11T19:18:31+08:00" level=info msg="[UE][NAS] Receive Registration Accept"
time="2026-08-11T19:18:31+08:00" level=info msg="[UE][NAS] UE 5G GUTI: &{119 11 [242 2 248 57 202 254 0 0 0 1 62]}"
time="2026-08-11T19:18:31+08:00" level=info msg="[UE] Switched from state 2 to state 3"
time="2026-08-11T19:18:31+08:00" level=info msg="[GNB][NGAP] Receive Downlink NAS Transport"
time="2026-08-11T19:18:31+08:00" level=info msg="[UE][NAS] Message with security header"
time="2026-08-11T19:18:31+08:00" level=info msg="[UE][NAS] Message with integrity and ciphered"
time="2026-08-11T19:18:31+08:00" level=info msg="[UE][NAS] successful NAS CIPHERING"
time="2026-08-11T19:18:31+08:00" level=info msg="[UE][NAS] successful NAS MAC verification"
time="2026-08-11T19:18:31+08:00" level=info msg="[UE][NAS] Receive Configuration Update Command"
time="2026-08-11T19:18:31+08:00" level=info msg="[UE] Initiating Configuration Update Complete"
time="2026-08-11T19:18:31+08:00" level=info msg="[GNB][SCTP] Receive message in 0 stream\n"
time="2026-08-11T19:18:31+08:00" level=info msg="[GNB][NGAP] Receive Initial Context Setup Request"
time="2026-08-11T19:18:31+08:00" level=info msg="[GNB][UE] UE Context was created with successful"
time="2026-08-11T19:18:31+08:00" level=info msg="[GNB][UE] UE RAN ID 100"
time="2026-08-11T19:18:31+08:00" level=info msg="[GNB][UE] UE AMF ID 328"
time="2026-08-11T19:18:31+08:00" level=info msg="[GNB][UE] UE Mobility Restrict --Plmn-- Mcc: 208 Mnc: 93"
time="2026-08-11T19:18:31+08:00" level=info msg="[GNB][UE] UE Masked Imeisv: 1110000000ffff00"
time="2026-08-11T19:18:31+08:00" level=info msg="[GNB][UE] Allowed Nssai-- Sst: [01 01] Sd: [010203 112233]"
time="2026-08-11T19:18:31+08:00" level=info msg="[GNB][NGAP][AMF] Send Initial Context Setup Response."
time="2026-08-11T19:18:31+08:00" level=info msg="[GNB] Initiating Initial Context Setup Response"
time="2026-08-11T19:18:31+08:00" level=info msg="[GNB][NGAP] No PDU Session to set up in InitialContextSetupResponse."
time="2026-08-11T19:18:31+08:00" level=info msg="[GNB][SCTP] Receive message in 0 stream\n"
time="2026-08-11T19:18:31+08:00" level=info msg="[GNB][SCTP] Receive message in 0 stream\n"
time="2026-08-11T19:18:31+08:00" level=info msg="[UE][NAS] Message with security header"
time="2026-08-11T19:18:31+08:00" level=info msg="[UE][NAS] Message with integrity and ciphered"
time="2026-08-11T19:18:31+08:00" level=info msg="[UE][NAS] successful NAS CIPHERING"
time="2026-08-11T19:18:31+08:00" level=info msg="[UE][NAS] successful NAS MAC verification"
time="2026-08-11T19:18:31+08:00" level=info msg="[UE][NAS] Receive Registration Accept"
time="2026-08-11T19:18:31+08:00" level=info msg="[UE][NAS] UE 5G GUTI: &{119 11 [242 2 248 57 202 254 0 0 0 1 68]}"
time="2026-08-11T19:18:31+08:00" level=info msg="[UE] Switched from state 2 to state 3"
time="2026-08-11T19:18:31+08:00" level=info msg="[GNB][SCTP] Receive message in 0 stream\n"
time="2026-08-11T19:18:31+08:00" level=info msg="[GNB][SCTP] Receive message in 0 stream\n"
time="2026-08-11T19:18:31+08:00" level=info msg="[GNB][NGAP] Receive Downlink NAS Transport"
time="2026-08-11T19:18:31+08:00" level=info msg="[UE][NAS] Message with security header"
time="2026-08-11T19:18:31+08:00" level=info msg="[UE][NAS] Message with integrity and ciphered"
time="2026-08-11T19:18:31+08:00" level=info msg="[UE][NAS] successful NAS CIPHERING"
time="2026-08-11T19:18:31+08:00" level=info msg="[UE][NAS] successful NAS MAC verification"
time="2026-08-11T19:18:31+08:00" level=info msg="[UE][NAS] Receive Configuration Update Command"
time="2026-08-11T19:18:31+08:00" level=info msg="[UE] Initiating Configuration Update Complete"
time="2026-08-11T19:18:31+08:00" level=info msg="[GNB][SCTP] Receive message in 0 stream\n"
time="2026-08-11T19:18:31+08:00" level=info msg="[GNB][SCTP] Receive message in 0 stream\n"
time="2026-08-11T19:18:31+08:00" level=info msg="[GNB][NGAP] Receive Downlink NAS Transport"
time="2026-08-11T19:18:31+08:00" level=info msg="[UE][NAS] Message with security header"
time="2026-08-11T19:18:31+08:00" level=info msg="[UE][NAS] Message with integrity and ciphered"
time="2026-08-11T19:18:31+08:00" level=info msg="[GNB][NGAP] Receive Downlink NAS Transport"
time="2026-08-11T19:18:31+08:00" level=info msg="[UE][NAS] Message with security header"
time="2026-08-11T19:18:31+08:00" level=info msg="[UE][NAS] Message with integrity and ciphered"
time="2026-08-11T19:18:31+08:00" level=info msg="[UE][NAS] successful NAS CIPHERING"
time="2026-08-11T19:18:31+08:00" level=info msg="[UE][NAS] successful NAS MAC verification"
time="2026-08-11T19:18:31+08:00" level=info msg="[UE][NAS] Receive Configuration Update Command"
time="2026-08-11T19:18:31+08:00" level=info msg="[UE] Initiating Configuration Update Complete"
time="2026-08-11T19:18:31+08:00" level=info msg="[GNB][NGAP] Receive Downlink NAS Transport"
time="2026-08-11T19:18:31+08:00" level=info msg="[UE][NAS] Message with security header"
time="2026-08-11T19:18:31+08:00" level=info msg="[UE][NAS] Message with integrity and ciphered"
time="2026-08-11T19:18:31+08:00" level=info msg="[UE][NAS] successful NAS CIPHERING"
time="2026-08-11T19:18:31+08:00" level=info msg="[UE][NAS] successful NAS MAC verification"
time="2026-08-11T19:18:31+08:00" level=info msg="[UE][NAS] successful NAS CIPHERING"
time="2026-08-11T19:18:31+08:00" level=info msg="[UE][NAS] successful NAS MAC verification"
time="2026-08-11T19:18:31+08:00" level=info msg="[UE][NAS] Receive Configuration Update Command"
time="2026-08-11T19:18:31+08:00" level=info msg="[UE] Initiating Configuration Update Complete"
time="2026-08-11T19:18:31+08:00" level=info msg="[UE][NAS] Receive Configuration Update Command"
time="2026-08-11T19:18:31+08:00" level=info msg="[UE] Initiating Configuration Update Complete"
time="2026-08-11T19:18:31+08:00" level=info msg="[GNB][NGAP] Receive Downlink NAS Transport"
time="2026-08-11T19:18:31+08:00" level=info msg="[GNB][SCTP] Receive message in 0 stream\n"
time="2026-08-11T19:18:31+08:00" level=info msg="[GNB][SCTP] Receive message in 0 stream\n"
time="2026-08-11T19:18:31+08:00" level=info msg="[GNB][SCTP] Receive message in 0 stream\n"
time="2026-08-11T19:18:31+08:00" level=info msg="[UE][NAS] Message with security header"
time="2026-08-11T19:18:31+08:00" level=info msg="[UE][NAS] Message with integrity and ciphered"
time="2026-08-11T19:18:31+08:00" level=info msg="[UE][NAS] successful NAS CIPHERING"
time="2026-08-11T19:18:31+08:00" level=info msg="[UE][NAS] successful NAS MAC verification"
time="2026-08-11T19:18:31+08:00" level=info msg="[UE][NAS] Receive Configuration Update Command"
time="2026-08-11T19:18:31+08:00" level=info msg="[UE] Initiating Configuration Update Complete"
time="2026-08-11T19:18:31+08:00" level=info msg="[GNB][SCTP] Receive message in 0 stream\n"
time="2026-08-11T19:18:31+08:00" level=info msg="[GNB][NGAP] Receive Downlink NAS Transport"
time="2026-08-11T19:18:31+08:00" level=info msg="[UE][NAS] Message with security header"
time="2026-08-11T19:18:31+08:00" level=info msg="[UE][NAS] Message with integrity and ciphered"
time="2026-08-11T19:18:31+08:00" level=info msg="[UE][NAS] successful NAS CIPHERING"
time="2026-08-11T19:18:31+08:00" level=info msg="[UE][NAS] successful NAS MAC verification"
time="2026-08-11T19:18:31+08:00" level=info msg="[UE][NAS] Receive Configuration Update Command"
time="2026-08-11T19:18:31+08:00" level=info msg="[UE] Initiating Configuration Update Complete"
time="2026-08-11T19:18:31+08:00" level=info msg="[GNB][NGAP] Receive Downlink NAS Transport"
time="2026-08-11T19:18:31+08:00" level=info msg="[UE][NAS] Message with security header"
time="2026-08-11T19:18:31+08:00" level=info msg="[UE][NAS] Message with integrity and ciphered"
time="2026-08-11T19:18:31+08:00" level=info msg="[UE][NAS] successful NAS CIPHERING"
time="2026-08-11T19:18:31+08:00" level=info msg="[UE][NAS] successful NAS MAC verification"
time="2026-08-11T19:18:31+08:00" level=info msg="[UE][NAS] Receive Configuration Update Command"
time="2026-08-11T19:18:31+08:00" level=info msg="[UE] Initiating Configuration Update Complete"
time="2026-08-11T19:18:31+08:00" level=info msg="[GNB][NGAP] Receive Downlink NAS Transport"
time="2026-08-11T19:18:31+08:00" level=info msg="[UE][NAS] Message with security header"
time="2026-08-11T19:18:31+08:00" level=info msg="[UE][NAS] Message with integrity and ciphered"
time="2026-08-11T19:18:31+08:00" level=info msg="[UE][NAS] successful NAS CIPHERING"
time="2026-08-11T19:18:31+08:00" level=info msg="[GNB][NGAP] Receive Downlink NAS Transport"
time="2026-08-11T19:18:31+08:00" level=info msg="[UE][NAS] Message with security header"
time="2026-08-11T19:18:31+08:00" level=info msg="[UE][NAS] Message with integrity and ciphered"
time="2026-08-11T19:18:31+08:00" level=info msg="[UE][NAS] successful NAS CIPHERING"
time="2026-08-11T19:18:31+08:00" level=info msg="[UE][NAS] successful NAS MAC verification"
time="2026-08-11T19:18:31+08:00" level=info msg="[UE][NAS] Receive Configuration Update Command"
time="2026-08-11T19:18:31+08:00" level=info msg="[UE] Initiating Configuration Update Complete"
time="2026-08-11T19:18:31+08:00" level=info msg="[GNB][NGAP] Receive Downlink NAS Transport"
time="2026-08-11T19:18:31+08:00" level=info msg="[UE][NAS] Message with security header"
time="2026-08-11T19:18:31+08:00" level=info msg="[UE][NAS] Message with integrity and ciphered"
time="2026-08-11T19:18:31+08:00" level=info msg="[UE][NAS] successful NAS CIPHERING"
time="2026-08-11T19:18:31+08:00" level=info msg="[UE][NAS] successful NAS MAC verification"
time="2026-08-11T19:18:31+08:00" level=info msg="[UE][NAS] Receive Configuration Update Command"
time="2026-08-11T19:18:31+08:00" level=info msg="[UE] Initiating Configuration Update Complete"
time="2026-08-11T19:18:31+08:00" level=info msg="[UE][NAS] successful NAS MAC verification"
time="2026-08-11T19:18:31+08:00" level=info msg="[UE][NAS] Receive Configuration Update Command"
time="2026-08-11T19:18:31+08:00" level=info msg="[UE] Initiating Configuration Update Complete"
